{
"type": "FeatureCollection",
"name": "geo_12_居宅介護支援",
"crs": { "type": "name", "properties": { "name": "urn:ogc:def:crs:OGC:1.3:CRS84" } },
"features": [
{ "type": "Feature", "properties": { "内容": "居宅介護支援サービス　みやび【居宅介護支援】千葉市中央区二戸名町361-53", "url2": "https://www.kaigokensaku.mhlw.go.jp/12/index.php?action_kouhyou_detail_004_kani=true&JigyosyoCd=1270102658-00&ServiceCd=430&Type=search" }, "geometry": { "type": "Point", "coordinates": [ 140.124636499999951, 35.6089318 ] } },
{ "type": "Feature", "properties": { "内容": "株式会社アルマ　アルマケアサービス【居宅介護支援】千葉県千葉市中央区寒川町１－２３２", "url2": "https://www.kaigokensaku.mhlw.go.jp/12/index.php?action_kouhyou_detail_004_kani=true&JigyosyoCd=1270101148-00&ServiceCd=430&Type=search" }, "geometry": { "type": "Point", "coordinates": [ 140.12238990000003, 35.5977414 ] } },
{ "type": "Feature", "properties": { "内容": "いちごケアサービス【居宅介護支援】千葉県千葉市中央区道場北2-18-34", "url2": "https://www.kaigokensaku.mhlw.go.jp/12/index.php?action_kouhyou_detail_004_kani=true&JigyosyoCd=1270102955-00&ServiceCd=430&Type=search" }, "geometry": { "type": "Point", "coordinates": [ 140.132288199999948, 35.6147727 ] } },
{ "type": "Feature", "properties": { "内容": "ケアプランセンターはつらつ浜野【居宅介護支援】千葉県千葉市中央区浜野町３３８番地１", "url2": "https://www.kaigokensaku.mhlw.go.jp/12/index.php?action_kouhyou_detail_004_kani=true&JigyosyoCd=1270101007-00&ServiceCd=430&Type=search" }, "geometry": { "type": "Point", "coordinates": [ 140.140787891401743, 35.553594708577926 ] } },
{ "type": "Feature", "properties": { "内容": "千葉市医師会立訪問看護ステーション【居宅介護支援】千葉市中央区椿森5-4-3", "url2": "https://www.kaigokensaku.mhlw.go.jp/12/index.php?action_kouhyou_detail_004_kani=true&JigyosyoCd=1260190074-00&ServiceCd=430&Type=search" }, "geometry": { "type": "Point", "coordinates": [ 140.121888359402078, 35.618146792092894 ] } },
{ "type": "Feature", "properties": { "内容": "かしわど訪問看護ステーション【居宅介護支援】千葉県千葉市中央区長洲2-20-27", "url2": "https://www.kaigokensaku.mhlw.go.jp/12/index.php?action_kouhyou_detail_004_kani=true&JigyosyoCd=1260190165-00&ServiceCd=430&Type=search" }, "geometry": { "type": "Point", "coordinates": [ 140.123900899999967, 35.6004552 ] } },
{ "type": "Feature", "properties": { "内容": "NPO法人介護サービス千葉中央【居宅介護支援】千葉県千葉市中央区院内２丁目１５番１３号", "url2": "https://www.kaigokensaku.mhlw.go.jp/12/index.php?action_kouhyou_detail_004_kani=true&JigyosyoCd=1270102823-00&ServiceCd=430&Type=search" }, "geometry": { "type": "Point", "coordinates": [ 140.124550699999986, 35.6116465 ] } },
{ "type": "Feature", "properties": { "内容": "ケアプランこはる【居宅介護支援】千葉県千葉市中央区本町2-6-10アトレ2-105", "url2": "https://www.kaigokensaku.mhlw.go.jp/12/index.php?action_kouhyou_detail_004_kani=true&JigyosyoCd=1270105404-00&ServiceCd=430&Type=search" }, "geometry": { "type": "Point", "coordinates": [ 140.128867500000013, 35.6095635 ] } },
{ "type": "Feature", "properties": { "内容": "医療法人社団福生会　居宅介護支援事業所【居宅介護支援】千葉市中央区道場南1－15－31", "url2": "https://www.kaigokensaku.mhlw.go.jp/12/index.php?action_kouhyou_detail_004_kani=true&JigyosyoCd=1270102641-00&ServiceCd=430&Type=search" }, "geometry": { "type": "Point", "coordinates": [ 140.130948, 35.6132026 ] } },
{ "type": "Feature", "properties": { "内容": "居宅介護支援センターりあん【居宅介護支援】千葉県千葉市中央区花輪町1-17", "url2": "https://www.kaigokensaku.mhlw.go.jp/12/index.php?action_kouhyou_detail_004_kani=true&JigyosyoCd=1270103805-00&ServiceCd=430&Type=search" }, "geometry": { "type": "Point", "coordinates": [ 140.156762233312946, 35.574775951637712 ] } },
{ "type": "Feature", "properties": { "内容": "みやこ訪問看護ステーション【居宅介護支援】中央区都町2-11-6両総ビル1階", "url2": "https://www.kaigokensaku.mhlw.go.jp/12/index.php?action_kouhyou_detail_004_kani=true&JigyosyoCd=1260190876-00&ServiceCd=430&Type=search" }, "geometry": { "type": "Point", "coordinates": [ 140.138722800000011, 35.6102259 ] } },
{ "type": "Feature", "properties": { "内容": "千葉診ケアプランセンターひたき【居宅介護支援】千葉県千葉市中央区院内1丁目-8-12Laputaビル１2階", "url2": "https://www.kaigokensaku.mhlw.go.jp/12/index.php?action_kouhyou_detail_004_kani=true&JigyosyoCd=1270103888-00&ServiceCd=430&Type=search" }, "geometry": { "type": "Point", "coordinates": [ 140.123680152209403, 35.613166419035203 ] } },
{ "type": "Feature", "properties": { "内容": "いきいきケアプラン都町【居宅介護支援】千葉県千葉市中央区都町2-15-1レジデンス都町１階", "url2": "https://www.kaigokensaku.mhlw.go.jp/12/index.php?action_kouhyou_detail_004_kani=true&JigyosyoCd=1270103557-00&ServiceCd=430&Type=search" }, "geometry": { "type": "Point", "coordinates": [ 140.138674, 35.6121232 ] } },
{ "type": "Feature", "properties": { "内容": "陽だまり介護相談室【居宅介護支援】千葉県千葉市中央区富士見2丁目17-2光栄ビル202光栄ビルディング202", "url2": "https://www.kaigokensaku.mhlw.go.jp/12/index.php?action_kouhyou_detail_004_kani=true&JigyosyoCd=1270102781-00&ServiceCd=430&Type=search" }, "geometry": { "type": "Point", "coordinates": [ 140.117984125159637, 35.608940875834797 ] } },
{ "type": "Feature", "properties": { "内容": "なな星介護支援センター【居宅介護支援】千葉県千葉市中央区蘇我3-41-16", "url2": "https://www.kaigokensaku.mhlw.go.jp/12/index.php?action_kouhyou_detail_004_kani=true&JigyosyoCd=1270105396-00&ServiceCd=430&Type=search" }, "geometry": { "type": "Point", "coordinates": [ 140.132314136426032, 35.566511482042245 ] } },
{ "type": "Feature", "properties": { "内容": "やまねこ在宅支援センター【居宅介護支援】千葉県千葉市中央区末広2-4-5", "url2": "https://www.kaigokensaku.mhlw.go.jp/12/index.php?action_kouhyou_detail_004_kani=true&JigyosyoCd=1270105206-00&ServiceCd=430&Type=search" }, "geometry": { "type": "Point", "coordinates": [ 140.126237299999957, 35.5972465 ] } },
{ "type": "Feature", "properties": { "内容": "ケアプラン三橋【居宅介護支援】千葉県千葉市中央区宮崎町521番地52", "url2": "https://www.kaigokensaku.mhlw.go.jp/12/index.php?action_kouhyou_detail_004_kani=true&JigyosyoCd=1270105925-00&ServiceCd=430&Type=search" }, "geometry": { "type": "Point", "coordinates": [ 140.1428323, 35.5829817 ] } },
{ "type": "Feature", "properties": { "内容": "ダリアケアセンター【居宅介護支援】千葉県千葉市中央区都町7-10-1", "url2": "https://www.kaigokensaku.mhlw.go.jp/12/index.php?action_kouhyou_detail_004_kani=true&JigyosyoCd=1270102518-00&ServiceCd=430&Type=search" }, "geometry": { "type": "Point", "coordinates": [ 140.146414899999968, 35.6175006 ] } },
{ "type": "Feature", "properties": { "内容": "ドットセンター千葉中央（居宅介護支援事業所）【居宅介護支援】千葉県千葉市中央区本町1-4-2サガビル3階", "url2": "https://www.kaigokensaku.mhlw.go.jp/12/index.php?action_kouhyou_detail_004_kani=true&JigyosyoCd=1270104456-00&ServiceCd=430&Type=search" }, "geometry": { "type": "Point", "coordinates": [ 140.125741799999986, 35.6107232 ] } },
{ "type": "Feature", "properties": { "内容": "居宅介護支援アシスト【居宅介護支援】千葉県千葉市中央区千葉港8-2-317", "url2": "https://www.kaigokensaku.mhlw.go.jp/12/index.php?action_kouhyou_detail_004_kani=true&JigyosyoCd=1270105487-00&ServiceCd=430&Type=search" }, "geometry": { "type": "Point", "coordinates": [ 140.1046158, 35.6094887 ] } },
{ "type": "Feature", "properties": { "内容": "居宅介護支援ふれあいセンター【居宅介護支援】川戸町378-1", "url2": "https://www.kaigokensaku.mhlw.go.jp/12/index.php?action_kouhyou_detail_004_kani=true&JigyosyoCd=1270105438-00&ServiceCd=430&Type=search" }, "geometry": { "type": "Point", "coordinates": [ 140.1665256, 35.5841017 ] } },
{ "type": "Feature", "properties": { "内容": "ローゼンヴィラはま野居宅介護支援事業所【居宅介護支援】千葉県千葉市中央区南生実町461-2", "url2": "https://www.kaigokensaku.mhlw.go.jp/12/index.php?action_kouhyou_detail_004_kani=true&JigyosyoCd=1270100900-00&ServiceCd=430&Type=search" }, "geometry": { "type": "Point", "coordinates": [ 140.142801800000029, 35.5543259 ] } },
{ "type": "Feature", "properties": { "内容": "居宅介護支援センター　ピアポート千寿苑【居宅介護支援】千葉県千葉市中央区問屋町６－４", "url2": "https://www.kaigokensaku.mhlw.go.jp/12/index.php?action_kouhyou_detail_004_kani=true&JigyosyoCd=1270101866-00&ServiceCd=430&Type=search" }, "geometry": { "type": "Point", "coordinates": [ 140.111254499999973, 35.6006459 ] } },
{ "type": "Feature", "properties": { "内容": "淑徳共生苑居宅介護支援事業所【居宅介護支援】千葉市中央区生実町２４０７－１", "url2": "https://www.kaigokensaku.mhlw.go.jp/12/index.php?action_kouhyou_detail_004_kani=true&JigyosyoCd=1270102179-00&ServiceCd=430&Type=search" }, "geometry": { "type": "Point", "coordinates": [ 140.15382390000002, 35.567108 ] } },
{ "type": "Feature", "properties": { "内容": "ケアプランセンターこもれ陽の輪【居宅介護支援】千葉県千葉市中央区松波2丁目19番10号兼岡ビル3階", "url2": "https://www.kaigokensaku.mhlw.go.jp/12/index.php?action_kouhyou_detail_004_kani=true&JigyosyoCd=1270103250-00&ServiceCd=430&Type=search" }, "geometry": { "type": "Point", "coordinates": [ 140.107331064418076, 35.623203889891002 ] } },
{ "type": "Feature", "properties": { "内容": "介護サービスえいと千葉中央事業所【居宅介護支援】千葉県千葉市中央区弁天3丁目3-2パークヒルズ201", "url2": "https://www.kaigokensaku.mhlw.go.jp/12/index.php?action_kouhyou_detail_004_kani=true&JigyosyoCd=1270105339-00&ServiceCd=430&Type=search" }, "geometry": { "type": "Point", "coordinates": [ 140.116062730041506, 35.617196282033085 ] } },
{ "type": "Feature", "properties": { "内容": "ケアプラン大河【居宅介護支援】千葉県千葉市中央区新宿2丁目2番2号第３プレシードビル5階F号室", "url2": "https://www.kaigokensaku.mhlw.go.jp/12/index.php?action_kouhyou_detail_004_kani=true&JigyosyoCd=1270105719-00&ServiceCd=430&Type=search" }, "geometry": { "type": "Point", "coordinates": [ 140.117038, 35.6079096 ] } },
{ "type": "Feature", "properties": { "内容": "ツクイ千葉（居宅）【居宅介護支援】千葉県千葉市中央区神明町20－2朝日ビル1階", "url2": "https://www.kaigokensaku.mhlw.go.jp/12/index.php?action_kouhyou_detail_004_kani=true&JigyosyoCd=1270105826-00&ServiceCd=430&Type=search" }, "geometry": { "type": "Point", "coordinates": [ 140.115256393551846, 35.601081364317018 ] } },
{ "type": "Feature", "properties": { "内容": "居宅介護支援事業所ソラスト千葉【居宅介護支援】千葉県千葉市中央区登戸４丁目３番９号", "url2": "https://www.kaigokensaku.mhlw.go.jp/12/index.php?action_kouhyou_detail_004_kani=true&JigyosyoCd=1270105636-00&ServiceCd=430&Type=search" }, "geometry": { "type": "Point", "coordinates": [ 140.1022294, 35.6167386 ] } },
{ "type": "Feature", "properties": { "内容": "やさしい手浜野居宅介護支援事業所【居宅介護支援】千葉県千葉市中央区浜野町952-5", "url2": "https://www.kaigokensaku.mhlw.go.jp/12/index.php?action_kouhyou_detail_004_kani=true&JigyosyoCd=1270103300-00&ServiceCd=430&Type=search" }, "geometry": { "type": "Point", "coordinates": [ 140.12911399701261, 35.552389466473755 ] } },
{ "type": "Feature", "properties": { "内容": "ケアプランななつぼし【居宅介護支援】千葉県千葉市中央区矢作町206-3グリーンハイム202", "url2": "https://www.kaigokensaku.mhlw.go.jp/12/index.php?action_kouhyou_detail_004_kani=true&JigyosyoCd=1270105800-00&ServiceCd=430&Type=search" }, "geometry": { "type": "Point", "coordinates": [ 140.142550300000011, 35.6075136 ] } },
{ "type": "Feature", "properties": { "内容": "独立行政法人地域医療機能推進機構千葉病院附属居宅介護支援センター【居宅介護支援】千葉県千葉市中央区仁戸名町682番地", "url2": "https://www.kaigokensaku.mhlw.go.jp/12/index.php?action_kouhyou_detail_004_kani=true&JigyosyoCd=1270100249-00&ServiceCd=430&Type=search" }, "geometry": { "type": "Point", "coordinates": [ 140.162776, 35.582857 ] } },
{ "type": "Feature", "properties": { "内容": "ケアプランセンターあおば【居宅介護支援】千葉県千葉市中央区浜野町１０００タウニー浜野Ａ－２０６", "url2": "https://www.kaigokensaku.mhlw.go.jp/12/index.php?action_kouhyou_detail_004_kani=true&JigyosyoCd=1270102625-00&ServiceCd=430&Type=search" }, "geometry": { "type": "Point", "coordinates": [ 140.127575900000011, 35.5539312 ] } },
{ "type": "Feature", "properties": { "内容": "ケアパートナーまりも【居宅介護支援】千葉県千葉市中央区生実町1798番地NO.3パークハウス1F1号室", "url2": "https://www.kaigokensaku.mhlw.go.jp/12/index.php?action_kouhyou_detail_004_kani=true&JigyosyoCd=1270105859-00&ServiceCd=430&Type=search" }, "geometry": { "type": "Point", "coordinates": [ 140.144630407969316, 35.56094907013275 ] } },
{ "type": "Feature", "properties": { "内容": "さわやかケア千葉・居宅介護支援【居宅介護支援】千葉市中央区登戸1-10-20糸居ビル４F", "url2": "https://www.kaigokensaku.mhlw.go.jp/12/index.php?action_kouhyou_detail_004_kani=true&JigyosyoCd=1270101858-00&ServiceCd=430&Type=search" }, "geometry": { "type": "Point", "coordinates": [ 140.107971971174834, 35.610089114948195 ] } },
{ "type": "Feature", "properties": { "内容": "やさしい手青葉町居宅介護支援事業所【居宅介護支援】千葉県千葉市中央区千葉寺577-6センチュリーテラス青葉の森1階", "url2": "https://www.kaigokensaku.mhlw.go.jp/12/index.php?action_kouhyou_detail_004_kani=true&JigyosyoCd=1270103870-00&ServiceCd=430&Type=search" }, "geometry": { "type": "Point", "coordinates": [ 140.139563242104799, 35.591941030255995 ] } },
{ "type": "Feature", "properties": { "内容": "ケアプランはるかぜ【居宅介護支援】千葉県千葉市中央区葛城3丁目7番28号パークサンライト101号室", "url2": "https://www.kaigokensaku.mhlw.go.jp/12/index.php?action_kouhyou_detail_004_kani=true&JigyosyoCd=1270104738-00&ServiceCd=430&Type=search" }, "geometry": { "type": "Point", "coordinates": [ 140.134030400000029, 35.5987609 ] } },
{ "type": "Feature", "properties": { "内容": "フジ薬局【居宅介護支援】千葉市中央区東千葉１－１３－２", "url2": "https://www.kaigokensaku.mhlw.go.jp/12/index.php?action_kouhyou_detail_004_kani=true&JigyosyoCd=1240140830-00&ServiceCd=430&Type=search" }, "geometry": { "type": "Point", "coordinates": [ 140.124162899999988, 35.6254789 ] } },
{ "type": "Feature", "properties": { "内容": "GTLケアプランセンター　千葉みなと【居宅介護支援】千葉県千葉市中央区中央港１－１８－２８", "url2": "https://www.kaigokensaku.mhlw.go.jp/12/index.php?action_kouhyou_detail_004_kani=true&JigyosyoCd=1270102237-00&ServiceCd=430&Type=search" }, "geometry": { "type": "Point", "coordinates": [ 140.098835799999961, 35.6017392 ] } },
{ "type": "Feature", "properties": { "内容": "浜野・あおいホームケアサービス【居宅介護支援】千葉県千葉市中央区浜野町４２３番地１", "url2": "https://www.kaigokensaku.mhlw.go.jp/12/index.php?action_kouhyou_detail_004_kani=true&JigyosyoCd=1270101767-00&ServiceCd=430&Type=search" }, "geometry": { "type": "Point", "coordinates": [ 140.135127600000033, 35.55642 ] } },
{ "type": "Feature", "properties": { "内容": "癒しのケアプランセンター千葉中央【居宅介護支援】千葉県千葉市中央区都町1-19-11", "url2": "https://www.kaigokensaku.mhlw.go.jp/12/index.php?action_kouhyou_detail_004_kani=true&JigyosyoCd=1270102997-00&ServiceCd=430&Type=search" }, "geometry": { "type": "Point", "coordinates": [ 140.14229320000004, 35.613126 ] } },
{ "type": "Feature", "properties": { "内容": "GTLケアプランセンター千葉みなと／駅前通【居宅介護支援】千葉県千葉市中央区中央港1-15-8", "url2": "https://www.kaigokensaku.mhlw.go.jp/12/index.php?action_kouhyou_detail_004_kani=true&JigyosyoCd=1270102963-00&ServiceCd=430&Type=search" }, "geometry": { "type": "Point", "coordinates": [ 140.103563200000053, 35.6051697 ] } },
{ "type": "Feature", "properties": { "内容": "ケアプラン笑顔【居宅介護支援】千葉県千葉市中央区星久喜町947-8", "url2": "https://www.kaigokensaku.mhlw.go.jp/12/index.php?action_kouhyou_detail_004_kani=true&JigyosyoCd=1270101502-00&ServiceCd=430&Type=search" }, "geometry": { "type": "Point", "coordinates": [ 140.143646200000035, 35.6000775 ] } },
{ "type": "Feature", "properties": { "内容": "医療法人社団青光会まちかど相談室【居宅介護支援】千葉県千葉市中央区白旗２－１４－５", "url2": "https://www.kaigokensaku.mhlw.go.jp/12/index.php?action_kouhyou_detail_004_kani=true&JigyosyoCd=1270102732-00&ServiceCd=430&Type=search" }, "geometry": { "type": "Point", "coordinates": [ 140.140058899999985, 35.578785 ] } },
{ "type": "Feature", "properties": { "内容": "ＪＡ千葉みらい居宅介護支援事業所【居宅介護支援】千葉県千葉市中央区千葉港5-25", "url2": "https://www.kaigokensaku.mhlw.go.jp/12/index.php?action_kouhyou_detail_004_kani=true&JigyosyoCd=1270103185-00&ServiceCd=430&Type=search" }, "geometry": { "type": "Point", "coordinates": [ 140.107498699999951, 35.6041889 ] } },
{ "type": "Feature", "properties": { "内容": "ケアプラン千葉松波【居宅介護支援】松波2-1-15エニシエビル1階", "url2": "https://www.kaigokensaku.mhlw.go.jp/12/index.php?action_kouhyou_detail_004_kani=true&JigyosyoCd=1270105651-00&ServiceCd=430&Type=search" }, "geometry": { "type": "Point", "coordinates": [ 140.106787200000014, 35.6190588 ] } },
{ "type": "Feature", "properties": { "内容": "ケアプランさち【居宅介護支援】千葉県千葉市中央区東千葉1-13-1祥和ビル202", "url2": "https://www.kaigokensaku.mhlw.go.jp/12/index.php?action_kouhyou_detail_004_kani=true&JigyosyoCd=1270105743-00&ServiceCd=430&Type=search" }, "geometry": { "type": "Point", "coordinates": [ 140.1240192, 35.6254815 ] } },
{ "type": "Feature", "properties": { "内容": "ケアプランくるみ【居宅介護支援】千葉県千葉市中央区生実町2149-3", "url2": "https://www.kaigokensaku.mhlw.go.jp/12/index.php?action_kouhyou_detail_004_kani=true&JigyosyoCd=1270105867-00&ServiceCd=430&Type=search" }, "geometry": { "type": "Point", "coordinates": [ 140.152154, 35.5610845 ] } },
{ "type": "Feature", "properties": { "内容": "かたくり千葉中央【居宅介護支援】千葉県千葉市中央区新田町14-11", "url2": "https://www.kaigokensaku.mhlw.go.jp/12/index.php?action_kouhyou_detail_004_kani=true&JigyosyoCd=1270103409-00&ServiceCd=430&Type=search" }, "geometry": { "type": "Point", "coordinates": [ 140.1127142, 35.6084181 ] } },
{ "type": "Feature", "properties": { "内容": "セントケアちば【居宅介護支援】千葉県千葉市中央区蘇我2-5-3", "url2": "https://www.kaigokensaku.mhlw.go.jp/12/index.php?action_kouhyou_detail_004_kani=true&JigyosyoCd=1270102203-00&ServiceCd=430&Type=search" }, "geometry": { "type": "Point", "coordinates": [ 140.132119, 35.573171 ] } },
{ "type": "Feature", "properties": { "内容": "ケアサポート新千葉一倫荘【居宅介護支援】千葉県千葉市中央区新千葉3-10-20", "url2": "https://www.kaigokensaku.mhlw.go.jp/12/index.php?action_kouhyou_detail_004_kani=true&JigyosyoCd=1270103078-00&ServiceCd=430&Type=search" }, "geometry": { "type": "Point", "coordinates": [ 140.105811899999907, 35.6145415 ] } },
{ "type": "Feature", "properties": { "内容": "有限会社銀座薬局【居宅介護支援】千葉市中央区中央３－５－８", "url2": "https://www.kaigokensaku.mhlw.go.jp/12/index.php?action_kouhyou_detail_004_kani=true&JigyosyoCd=1240110361-00&ServiceCd=430&Type=search" }, "geometry": { "type": "Point", "coordinates": [ 140.12253110000006, 35.6085235 ] } },
{ "type": "Feature", "properties": { "内容": "やさしい手千葉居宅介護支援事業所【居宅介護支援】千葉市中央区新田町4-22サンライト202号室", "url2": "https://www.kaigokensaku.mhlw.go.jp/12/index.php?action_kouhyou_detail_004_kani=true&JigyosyoCd=1270100561-00&ServiceCd=430&Type=search" }, "geometry": { "type": "Point", "coordinates": [ 140.113844699999959, 35.6092207 ] } },
{ "type": "Feature", "properties": { "内容": "ケアプラン　楓【居宅介護支援】千葉県千葉市中央区生実町944-1　ITOビル103号", "url2": "https://www.kaigokensaku.mhlw.go.jp/12/index.php?action_kouhyou_detail_004_kani=true&JigyosyoCd=1270105933-00&ServiceCd=430&Type=search" }, "geometry": { "type": "Point", "coordinates": [ 140.1410635, 35.5667843 ] } },
{ "type": "Feature", "properties": { "内容": "ケアデザイン居宅介護支援センター【居宅介護支援】千葉県千葉市中央区川戸町352-35", "url2": "https://www.kaigokensaku.mhlw.go.jp/12/index.php?action_kouhyou_detail_004_kani=true&JigyosyoCd=1270103987-00&ServiceCd=430&Type=search" }, "geometry": { "type": "Point", "coordinates": [ 140.169804800000065, 35.5811318 ] } },
{ "type": "Feature", "properties": { "内容": "ケアプランセンターフォレスト千葉中央【居宅介護支援】千葉県千葉市中央区旭町24-19", "url2": "https://www.kaigokensaku.mhlw.go.jp/12/index.php?action_kouhyou_detail_004_kani=true&JigyosyoCd=1270104902-00&ServiceCd=430&Type=search" }, "geometry": { "type": "Point", "coordinates": [ 140.1354781, 35.6090412 ] } },
{ "type": "Feature", "properties": { "内容": "ケアプラン　アオハダ【居宅介護支援】千葉県千葉市中央区千葉寺町３５２番地７", "url2": "https://www.kaigokensaku.mhlw.go.jp/12/index.php?action_kouhyou_detail_004_kani=true&JigyosyoCd=1270104886-00&ServiceCd=430&Type=search" }, "geometry": { "type": "Point", "coordinates": [ 140.130925265230587, 35.593519960884983 ] } },
{ "type": "Feature", "properties": { "内容": "うらら在宅介護支援センター【居宅介護支援】千葉県千葉市中央区千葉寺町１８８", "url2": "https://www.kaigokensaku.mhlw.go.jp/12/index.php?action_kouhyou_detail_004_kani=true&JigyosyoCd=1270100751-00&ServiceCd=430&Type=search" }, "geometry": { "type": "Point", "coordinates": [ 140.12947250000002, 35.5954166 ] } },
{ "type": "Feature", "properties": { "内容": "ケアプランセンターエブリー千葉中央【居宅介護支援】千葉県千葉市中央区仁戸名町367コーポまつき101", "url2": "https://www.kaigokensaku.mhlw.go.jp/12/index.php?action_kouhyou_detail_004_kani=true&JigyosyoCd=1270105982-00&ServiceCd=430&Type=search" }, "geometry": { "type": "Point", "coordinates": [ 140.1562652, 35.5891953 ] } },
{ "type": "Feature", "properties": { "内容": "ＪＡ千葉厚生連介護サービス居宅介護支援事業所【居宅介護支援】千葉県千葉市中央区新千葉3-2-6農業会館6階", "url2": "https://www.kaigokensaku.mhlw.go.jp/12/index.php?action_kouhyou_detail_004_kani=true&JigyosyoCd=1270100207-00&ServiceCd=430&Type=search" }, "geometry": { "type": "Point", "coordinates": [ 140.108351099999936, 35.6146297 ] } },
{ "type": "Feature", "properties": { "内容": "ケアプランセンターあいか【居宅介護支援】千葉県千葉市中央区港町13-6港町ビル", "url2": "https://www.kaigokensaku.mhlw.go.jp/12/index.php?action_kouhyou_detail_004_kani=true&JigyosyoCd=1270104878-00&ServiceCd=430&Type=search" }, "geometry": { "type": "Point", "coordinates": [ 140.119225875463087, 35.599796794595285 ] } },
{ "type": "Feature", "properties": { "内容": "ケアプランあいか本千葉【居宅介護支援】千葉県千葉市中央区末広３丁目１８番地4", "url2": "https://www.kaigokensaku.mhlw.go.jp/12/index.php?action_kouhyou_detail_004_kani=true&JigyosyoCd=1270105388-00&ServiceCd=430&Type=search" }, "geometry": { "type": "Point", "coordinates": [ 140.128363141423989, 35.59360975457092 ] } },
{ "type": "Feature", "properties": { "内容": "居宅介護支援事業所くまのて【居宅介護支援】村田町687-3きららホーム202号室", "url2": "https://www.kaigokensaku.mhlw.go.jp/12/index.php?action_kouhyou_detail_004_kani=true&JigyosyoCd=1270106048-00&ServiceCd=430&Type=search" }, "geometry": { "type": "Point", "coordinates": [ 140.1269997, 35.5494975 ] } },
{ "type": "Feature", "properties": { "内容": "ケアプランあいか蘇我【居宅介護支援】宮崎1丁目18番地57", "url2": "https://www.kaigokensaku.mhlw.go.jp/12/index.php?action_kouhyou_detail_004_kani=true&JigyosyoCd=1270106030-00&ServiceCd=430&Type=search" }, "geometry": { "type": "Point", "coordinates": [ 131.4202196, 31.9077285 ] } },
{ "type": "Feature", "properties": { "内容": "ワムケアすずの音ケアプランセンター【居宅介護支援】千葉県千葉市花見川区天戸町１４７２－１０", "url2": "https://www.kaigokensaku.mhlw.go.jp/12/index.php?action_kouhyou_detail_004_kani=true&JigyosyoCd=1270201641-00&ServiceCd=430&Type=search" }, "geometry": { "type": "Point", "coordinates": [ 140.087789599999951, 35.6839584 ] } },
{ "type": "Feature", "properties": { "内容": "ひなぎく介護支援事業所【居宅介護支援】千葉県千葉市花見川区幕張町1-5026-2", "url2": "https://www.kaigokensaku.mhlw.go.jp/12/index.php?action_kouhyou_detail_004_kani=true&JigyosyoCd=1270203282-00&ServiceCd=430&Type=search" }, "geometry": { "type": "Point", "coordinates": [ 140.044233, 35.6631657 ] } },
{ "type": "Feature", "properties": { "内容": "千葉れんげサービス【居宅介護支援】千葉市花見川区花園町1574-18", "url2": "https://www.kaigokensaku.mhlw.go.jp/12/index.php?action_kouhyou_detail_004_kani=true&JigyosyoCd=1270200676-00&ServiceCd=430&Type=search" }, "geometry": { "type": "Point", "coordinates": [ 140.078906, 35.6526113 ] } },
{ "type": "Feature", "properties": { "内容": "ケアサポートよすが【居宅介護支援】千葉県千葉市花見川区天戸町1342-4グリーンハイツ天戸205", "url2": "https://www.kaigokensaku.mhlw.go.jp/12/index.php?action_kouhyou_detail_004_kani=true&JigyosyoCd=1270202656-00&ServiceCd=430&Type=search" }, "geometry": { "type": "Point", "coordinates": [ 140.093630699999949, 35.682903 ] } },
{ "type": "Feature", "properties": { "内容": "ヘルスケアプランニング【居宅介護支援】千葉県千葉市花見川区作新台6-6-21", "url2": "https://www.kaigokensaku.mhlw.go.jp/12/index.php?action_kouhyou_detail_004_kani=true&JigyosyoCd=1270203183-00&ServiceCd=430&Type=search" }, "geometry": { "type": "Point", "coordinates": [ 140.086565446696426, 35.687917652713665 ] } },
{ "type": "Feature", "properties": { "内容": "パーク検見川【居宅介護支援】千葉県千葉市花見川区検見川町2-464-7", "url2": "https://www.kaigokensaku.mhlw.go.jp/12/index.php?action_kouhyou_detail_004_kani=true&JigyosyoCd=1270202581-00&ServiceCd=430&Type=search" }, "geometry": { "type": "Point", "coordinates": [ 140.063949804910862, 35.649141794785763 ] } },
{ "type": "Feature", "properties": { "内容": "アイケア花見川ステーション【居宅介護支援】千葉県千葉市花見川区幕張町5-417-73", "url2": "https://www.kaigokensaku.mhlw.go.jp/12/index.php?action_kouhyou_detail_004_kani=true&JigyosyoCd=1270201997-00&ServiceCd=430&Type=search" }, "geometry": { "type": "Point", "coordinates": [ 140.057216499999981, 35.6549853 ] } },
{ "type": "Feature", "properties": { "内容": "さいが居宅介護支援事業所【居宅介護支援】畑町８５７－１花見川ガーデンハイツ３０７", "url2": "https://www.kaigokensaku.mhlw.go.jp/12/index.php?action_kouhyou_detail_004_kani=true&JigyosyoCd=1270203712-00&ServiceCd=430&Type=search" }, "geometry": { "type": "Point", "coordinates": [ 140.0793918, 35.6636155 ] } },
{ "type": "Feature", "properties": { "内容": "ケアプランサービス　リブケア花見川【居宅介護支援】千葉市花見川区花見川3-29-101", "url2": "https://www.kaigokensaku.mhlw.go.jp/12/index.php?action_kouhyou_detail_004_kani=true&JigyosyoCd=1270200908-00&ServiceCd=430&Type=search" }, "geometry": { "type": "Point", "coordinates": [ 140.0957133, 35.688794 ] } },
{ "type": "Feature", "properties": { "内容": "畑町ケアセンタ－そよ風【居宅介護支援】千葉市花見川区畑町1334-1", "url2": "https://www.kaigokensaku.mhlw.go.jp/12/index.php?action_kouhyou_detail_004_kani=true&JigyosyoCd=1270202227-00&ServiceCd=430&Type=search" }, "geometry": { "type": "Point", "coordinates": [ 140.0798701, 35.6668276 ] } },
{ "type": "Feature", "properties": { "内容": "ハートフル幕張【居宅介護支援】千葉県千葉市花見川区花園３－５－７", "url2": "https://www.kaigokensaku.mhlw.go.jp/12/index.php?action_kouhyou_detail_004_kani=true&JigyosyoCd=1270202128-00&ServiceCd=430&Type=search" }, "geometry": { "type": "Point", "coordinates": [ 140.069811499999986, 35.655811299999989 ] } },
{ "type": "Feature", "properties": { "内容": "あしたば【居宅介護支援】千葉県千葉市花見川区こてはし台4-7-2", "url2": "https://www.kaigokensaku.mhlw.go.jp/12/index.php?action_kouhyou_detail_004_kani=true&JigyosyoCd=1270203662-00&ServiceCd=430&Type=search" }, "geometry": { "type": "Point", "coordinates": [ 140.117041404121437, 35.68509854583224 ] } },
{ "type": "Feature", "properties": { "内容": "グッドタイムケアセンター・新検見川【居宅介護支援】千葉県千葉市花見川区畑町472-7", "url2": "https://www.kaigokensaku.mhlw.go.jp/12/index.php?action_kouhyou_detail_004_kani=true&JigyosyoCd=1270203548-00&ServiceCd=430&Type=search" }, "geometry": { "type": "Point", "coordinates": [ 140.088994768122831, 35.660506406593846 ] } },
{ "type": "Feature", "properties": { "内容": "ケアプランセンターエブリー花見川【居宅介護支援】千葉市花見川区長作台2-34-40STヴィラ104", "url2": "https://www.kaigokensaku.mhlw.go.jp/12/index.php?action_kouhyou_detail_004_kani=true&JigyosyoCd=1270204074-00&ServiceCd=430&Type=search" }, "geometry": { "type": "Point", "coordinates": [ 140.0843898, 35.6852946 ] } },
{ "type": "Feature", "properties": { "内容": "みやのぎ訪問看護ステーション【居宅介護支援】千葉県千葉市花見川区宮野木台1-5-12", "url2": "https://www.kaigokensaku.mhlw.go.jp/12/index.php?action_kouhyou_detail_004_kani=true&JigyosyoCd=1260190223-00&ServiceCd=430&Type=search" }, "geometry": { "type": "Point", "coordinates": [ 140.091696100000036, 35.6556758 ] } },
{ "type": "Feature", "properties": { "内容": "居宅介護支援センター花見の里【居宅介護支援】千葉県千葉市花見川区柏井町２７７番５", "url2": "https://www.kaigokensaku.mhlw.go.jp/12/index.php?action_kouhyou_detail_004_kani=true&JigyosyoCd=1270200544-00&ServiceCd=430&Type=search" }, "geometry": { "type": "Point", "coordinates": [ 140.114114400000062, 35.6887361 ] } },
{ "type": "Feature", "properties": { "内容": "福祉の相談室花見川【居宅介護支援】千葉県千葉市花見川区さつきが丘2丁目34番地さつきが丘西団地1号棟403", "url2": "https://www.kaigokensaku.mhlw.go.jp/12/index.php?action_kouhyou_detail_004_kani=true&JigyosyoCd=1270203597-00&ServiceCd=430&Type=search" }, "geometry": { "type": "Point", "coordinates": [ 140.0949167, 35.6682876 ] } },
{ "type": "Feature", "properties": { "内容": "ケアプランＨａｎａ【居宅介護支援】千葉県千葉市花見川区幕張本郷２丁目４１－５", "url2": "https://www.kaigokensaku.mhlw.go.jp/12/index.php?action_kouhyou_detail_004_kani=true&JigyosyoCd=1270201922-00&ServiceCd=430&Type=search" }, "geometry": { "type": "Point", "coordinates": [ 140.0452355, 35.6694233 ] } },
{ "type": "Feature", "properties": { "内容": "ふれあっぷ千葉朝日ケ丘【居宅介護支援】千葉県千葉市花見川区朝日ケ丘１－１－１ふきのとうビル1F", "url2": "https://www.kaigokensaku.mhlw.go.jp/12/index.php?action_kouhyou_detail_004_kani=true&JigyosyoCd=1270202920-00&ServiceCd=430&Type=search" }, "geometry": { "type": "Point", "coordinates": [ 140.0893681, 35.6549643 ] } },
{ "type": "Feature", "properties": { "内容": "careplankukka【居宅介護支援】千葉県千葉市花見川区さつきが丘２丁目２３番13", "url2": "https://www.kaigokensaku.mhlw.go.jp/12/index.php?action_kouhyou_detail_004_kani=true&JigyosyoCd=1270203944-00&ServiceCd=430&Type=search" }, "geometry": { "type": "Point", "coordinates": [ 140.091707, 35.670088 ] } },
{ "type": "Feature", "properties": { "内容": "幕張やわらぎ【居宅介護支援】千葉県千葉市花見川区幕張本郷３－３－１２サニーライフ幕張内", "url2": "https://www.kaigokensaku.mhlw.go.jp/12/index.php?action_kouhyou_detail_004_kani=true&JigyosyoCd=1270202086-00&ServiceCd=430&Type=search" }, "geometry": { "type": "Point", "coordinates": [ 140.045657081640002, 35.668647498023837 ] } },
{ "type": "Feature", "properties": { "内容": "介護老人保健施設　ほうゆう苑【居宅介護支援】千葉県千葉市花見川区犢橋町671-3", "url2": "https://www.kaigokensaku.mhlw.go.jp/12/index.php?action_kouhyou_detail_004_kani=true&JigyosyoCd=1250180133-00&ServiceCd=430&Type=search" }, "geometry": { "type": "Point", "coordinates": [ 140.112371, 35.672724 ] } },
{ "type": "Feature", "properties": { "内容": "幕張ケアマネージャー事務所【居宅介護支援】幕張本郷5丁目5-33G-LUX　Makuhurihongo　103", "url2": "https://www.kaigokensaku.mhlw.go.jp/12/index.php?action_kouhyou_detail_004_kani=true&JigyosyoCd=1270203860-00&ServiceCd=430&Type=search" }, "geometry": { "type": "Point", "coordinates": [ 140.045560200000011, 35.6743361 ] } },
{ "type": "Feature", "properties": { "内容": "SOMPOケア幕張居宅介護支援【居宅介護支援】千葉県千葉市花見川区幕張町6-112-1マイホーム幕張2階202", "url2": "https://www.kaigokensaku.mhlw.go.jp/12/index.php?action_kouhyou_detail_004_kani=true&JigyosyoCd=1270203969-00&ServiceCd=430&Type=search" }, "geometry": { "type": "Point", "coordinates": [ 140.058663700000011, 35.659609 ] } },
{ "type": "Feature", "properties": { "内容": "いなせなケアマネ事務所さつきが丘【居宅介護支援】千葉県千葉市花見川区さつきが丘2-9-3", "url2": "https://www.kaigokensaku.mhlw.go.jp/12/index.php?action_kouhyou_detail_004_kani=true&JigyosyoCd=1270202912-00&ServiceCd=430&Type=search" }, "geometry": { "type": "Point", "coordinates": [ 140.089554, 35.6634438 ] } },
{ "type": "Feature", "properties": { "内容": "ケアプラン鈴の庵【居宅介護支援】千葉県千葉市花見川区幕張本郷7-31-3", "url2": "https://www.kaigokensaku.mhlw.go.jp/12/index.php?action_kouhyou_detail_004_kani=true&JigyosyoCd=1270202607-00&ServiceCd=430&Type=search" }, "geometry": { "type": "Point", "coordinates": [ 140.049572049676499, 35.67358903808293 ] } },
{ "type": "Feature", "properties": { "内容": "モアザンプランニング【居宅介護支援】千葉県千葉市花見川区検見川町3-309-6エレガンス検見川２０１", "url2": "https://www.kaigokensaku.mhlw.go.jp/12/index.php?action_kouhyou_detail_004_kani=true&JigyosyoCd=1270203837-00&ServiceCd=430&Type=search" }, "geometry": { "type": "Point", "coordinates": [ 140.069612813332753, 35.650945326499631 ] } },
{ "type": "Feature", "properties": { "内容": "あいケアマネージャー事務所【居宅介護支援】千葉市花見川区幕張町5-417-222幕張グリーンハイツ118", "url2": "https://www.kaigokensaku.mhlw.go.jp/12/index.php?action_kouhyou_detail_004_kani=true&JigyosyoCd=1270201294-00&ServiceCd=430&Type=search" }, "geometry": { "type": "Point", "coordinates": [ 140.05362314973749, 35.657169608732644 ] } },
{ "type": "Feature", "properties": { "内容": "特定非営利活動法人まごころサービス千葉【居宅介護支援】千葉市花見川区幕張本郷１丁目２３番１５号グランドゥール第２－１０７号", "url2": "https://www.kaigokensaku.mhlw.go.jp/12/index.php?action_kouhyou_detail_004_kani=true&JigyosyoCd=1270200239-00&ServiceCd=430&Type=search" }, "geometry": { "type": "Point", "coordinates": [ 140.037127220237721, 35.67128366285165 ] } },
{ "type": "Feature", "properties": { "内容": "マウントバード居宅介護【居宅介護支援】千葉県千葉市花見川区千種町231", "url2": "https://www.kaigokensaku.mhlw.go.jp/12/index.php?action_kouhyou_detail_004_kani=true&JigyosyoCd=1270201591-00&ServiceCd=430&Type=search" }, "geometry": { "type": "Point", "coordinates": [ 140.11485720674591, 35.677385015182914 ] } },
{ "type": "Feature", "properties": { "内容": "居宅介護支援事業所キュー企画ケアサービス【居宅介護支援】千葉県千葉市花見川区西小中台2-24-504", "url2": "https://www.kaigokensaku.mhlw.go.jp/12/index.php?action_kouhyou_detail_004_kani=true&JigyosyoCd=1270200965-00&ServiceCd=430&Type=search" }, "geometry": { "type": "Point", "coordinates": [ 140.0847752, 35.6525811 ] } },
{ "type": "Feature", "properties": { "内容": "ゆかり花見川　居宅介護支援事業所【居宅介護支援】千葉県花見川区千種町365-3", "url2": "https://www.kaigokensaku.mhlw.go.jp/12/index.php?action_kouhyou_detail_004_kani=true&JigyosyoCd=1270203498-00&ServiceCd=430&Type=search" }, "geometry": { "type": "Point", "coordinates": [ 140.1203873, 35.6811493 ] } },
{ "type": "Feature", "properties": { "内容": "晴山苑ケアプランセンター【居宅介護支援】千葉市花見川区花島町１４９－１", "url2": "https://www.kaigokensaku.mhlw.go.jp/12/index.php?action_kouhyou_detail_004_kani=true&JigyosyoCd=1270200064-00&ServiceCd=430&Type=search" }, "geometry": { "type": "Point", "coordinates": [ 140.098552700000027, 35.6801007 ] } },
{ "type": "Feature", "properties": { "内容": "特定非営利活動法人はなまる企画【居宅介護支援】千葉市花見川区花園１－６－５花園陸橋ビル201号", "url2": "https://www.kaigokensaku.mhlw.go.jp/12/index.php?action_kouhyou_detail_004_kani=true&JigyosyoCd=1270200072-00&ServiceCd=430&Type=search" }, "geometry": { "type": "Point", "coordinates": [ 140.074273977102706, 35.651898448586216 ] } },
{ "type": "Feature", "properties": { "内容": "はなみがわ居宅介護支援事業所【居宅介護支援】千葉県千葉市花見川区花園1-7-15SS小川ビル3階301号室", "url2": "https://www.kaigokensaku.mhlw.go.jp/12/index.php?action_kouhyou_detail_004_kani=true&JigyosyoCd=1270203639-00&ServiceCd=430&Type=search" }, "geometry": { "type": "Point", "coordinates": [ 140.0739321, 35.6521378 ] } },
{ "type": "Feature", "properties": { "内容": "コスモスケアプランセンター【居宅介護支援】千葉県千葉市花見川区検見川町3-305-13ツインマンション新検見川パートⅡ101号室", "url2": "https://www.kaigokensaku.mhlw.go.jp/12/index.php?action_kouhyou_detail_004_kani=true&JigyosyoCd=1270203951-00&ServiceCd=430&Type=search" }, "geometry": { "type": "Point", "coordinates": [ 140.070788099999987, 35.650776 ] } },
{ "type": "Feature", "properties": { "内容": "パーク朝日ヶ丘【居宅介護支援】千葉県千葉市花見川区朝日ヶ丘５－２７－３１", "url2": "https://www.kaigokensaku.mhlw.go.jp/12/index.php?action_kouhyou_detail_004_kani=true&JigyosyoCd=1270204066-00&ServiceCd=430&Type=search" }, "geometry": { "type": "Point", "coordinates": [ 140.0830748, 35.6626654 ] } },
{ "type": "Feature", "properties": { "内容": "最成病院居宅介護支援室【居宅介護支援】千葉県千葉市花見川区柏井町１１３２－１", "url2": "https://www.kaigokensaku.mhlw.go.jp/12/index.php?action_kouhyou_detail_004_kani=true&JigyosyoCd=1270200023-00&ServiceCd=430&Type=search" }, "geometry": { "type": "Point", "coordinates": [ 140.104348399999907, 35.698446 ] } },
{ "type": "Feature", "properties": { "内容": "ケイワ介護サービス【居宅介護支援】千葉県千葉市花見川区千種町166-90", "url2": "https://www.kaigokensaku.mhlw.go.jp/12/index.php?action_kouhyou_detail_004_kani=true&JigyosyoCd=1270200825-00&ServiceCd=430&Type=search" }, "geometry": { "type": "Point", "coordinates": [ 140.113168099999939, 35.6746404 ] } },
{ "type": "Feature", "properties": { "内容": "ケアプラン幕張【居宅介護支援】千葉市花見川区幕張町5-392-3", "url2": "https://www.kaigokensaku.mhlw.go.jp/12/index.php?action_kouhyou_detail_004_kani=true&JigyosyoCd=1270200031-00&ServiceCd=430&Type=search" }, "geometry": { "type": "Point", "coordinates": [ 140.059445899999986, 35.6527812 ] } },
{ "type": "Feature", "properties": { "内容": "ケア・パーク【居宅介護支援】千葉市花見川区幕張本郷６－２０－２５", "url2": "https://www.kaigokensaku.mhlw.go.jp/12/index.php?action_kouhyou_detail_004_kani=true&JigyosyoCd=1270201831-00&ServiceCd=430&Type=search" }, "geometry": { "type": "Point", "coordinates": [ 140.043674399999986, 35.6752226 ] } },
{ "type": "Feature", "properties": { "内容": "つばさ居宅介護支援ふくふく【居宅介護支援】さつきが丘1-44-24", "url2": "https://www.kaigokensaku.mhlw.go.jp/12/index.php?action_kouhyou_detail_004_kani=true&JigyosyoCd=1270203852-00&ServiceCd=430&Type=search" }, "geometry": { "type": "Point", "coordinates": [ 140.0989247, 35.6674866 ] } },
{ "type": "Feature", "properties": { "内容": "ヤックスケアプラン花見川【居宅介護支援】千葉県千葉市花見川区柏井1-4-1", "url2": "https://www.kaigokensaku.mhlw.go.jp/12/index.php?action_kouhyou_detail_004_kani=true&JigyosyoCd=1270203100-00&ServiceCd=430&Type=search" }, "geometry": { "type": "Point", "coordinates": [ 140.094066500000054, 35.6921494 ] } },
{ "type": "Feature", "properties": { "内容": "いきいきケアプラン千種町【居宅介護支援】千葉県千葉市花見川区千種町231-5", "url2": "https://www.kaigokensaku.mhlw.go.jp/12/index.php?action_kouhyou_detail_004_kani=true&JigyosyoCd=1270202805-00&ServiceCd=430&Type=search" }, "geometry": { "type": "Point", "coordinates": [ 140.11473650734024, 35.677156241339922 ] } },
{ "type": "Feature", "properties": { "内容": "ケアプラン一心【居宅介護支援】千葉県千葉市花見川区畑町426-1フォルトゥーナ新検見川206", "url2": "https://www.kaigokensaku.mhlw.go.jp/12/index.php?action_kouhyou_detail_004_kani=true&JigyosyoCd=1270203464-00&ServiceCd=430&Type=search" }, "geometry": { "type": "Point", "coordinates": [ 140.083280440226076, 35.662977035118757 ] } },
{ "type": "Feature", "properties": { "内容": "あおぞらの里　花見川ケアプランセンター【居宅介護支援】千葉県千葉市花見川区畑町467-5", "url2": "https://www.kaigokensaku.mhlw.go.jp/12/index.php?action_kouhyou_detail_004_kani=true&JigyosyoCd=1270203621-00&ServiceCd=430&Type=search" }, "geometry": { "type": "Point", "coordinates": [ 140.088309099999975, 35.6600447 ] } },
{ "type": "Feature", "properties": { "内容": "大内薬局【居宅介護支援】千葉県千葉市稲毛区轟町5-4-18", "url2": "https://www.kaigokensaku.mhlw.go.jp/12/index.php?action_kouhyou_detail_004_kani=true&JigyosyoCd=1240100958-00&ServiceCd=430&Type=search" }, "geometry": { "type": "Point", "coordinates": [ 140.112227299999972, 35.6323825 ] } },
{ "type": "Feature", "properties": { "内容": "ケアプランつむぎ【居宅介護支援】千葉県千葉市稲毛区柏台1-5105", "url2": "https://www.kaigokensaku.mhlw.go.jp/12/index.php?action_kouhyou_detail_004_kani=true&JigyosyoCd=1270302407-00&ServiceCd=430&Type=search" }, "geometry": { "type": "Point", "coordinates": [ 140.110546500000027, 35.6526711 ] } },
{ "type": "Feature", "properties": { "内容": "合同会社　ビックバン【居宅介護支援】千草台2-2-1-1062-2-1-06", "url2": "https://www.kaigokensaku.mhlw.go.jp/12/index.php?action_kouhyou_detail_004_kani=true&JigyosyoCd=1270301177-00&ServiceCd=430&Type=search" }, "geometry": { "type": "Point", "coordinates": [ 140.1203597, 35.6325469 ] } },
{ "type": "Feature", "properties": { "内容": "リハビリ道場天台【居宅介護支援】千葉県千葉市稲毛区天台4-2-26", "url2": "https://www.kaigokensaku.mhlw.go.jp/12/index.php?action_kouhyou_detail_004_kani=true&JigyosyoCd=1270301912-00&ServiceCd=430&Type=search" }, "geometry": { "type": "Point", "coordinates": [ 140.113590700000032, 35.63789 ] } },
{ "type": "Feature", "properties": { "内容": "スマートケア居宅介護支援事業所【居宅介護支援】千葉県千葉市稲毛区長沼町93-1", "url2": "https://www.kaigokensaku.mhlw.go.jp/12/index.php?action_kouhyou_detail_004_kani=true&JigyosyoCd=1270302217-00&ServiceCd=430&Type=search" }, "geometry": { "type": "Point", "coordinates": [ 140.119273300000032, 35.664553 ] } },
{ "type": "Feature", "properties": { "内容": "西千葉整形外科　居宅介護支援事業所【居宅介護支援】千葉県千葉市稲毛区作草部1-12-5", "url2": "https://www.kaigokensaku.mhlw.go.jp/12/index.php?action_kouhyou_detail_004_kani=true&JigyosyoCd=1270301474-00&ServiceCd=430&Type=search" }, "geometry": { "type": "Point", "coordinates": [ 140.114482899999985, 35.628341700000014 ] } },
{ "type": "Feature", "properties": { "内容": "ニチイライフケア稲毛【居宅介護支援】千葉県千葉市稲毛区宮野木町2153-2ニチイメゾン稲毛", "url2": "https://www.kaigokensaku.mhlw.go.jp/12/index.php?action_kouhyou_detail_004_kani=true&JigyosyoCd=1270302951-00&ServiceCd=430&Type=search" }, "geometry": { "type": "Point", "coordinates": [ 140.108841174205054, 35.663225460111583 ] } },
{ "type": "Feature", "properties": { "内容": "スカイハート【居宅介護支援】千葉県千葉市稲毛区稲毛台町12-12稲毛台店舗Ａ号室", "url2": "https://www.kaigokensaku.mhlw.go.jp/12/index.php?action_kouhyou_detail_004_kani=true&JigyosyoCd=1270301060-00&ServiceCd=430&Type=search" }, "geometry": { "type": "Point", "coordinates": [ 140.093963897553323, 35.63255075949715 ] } },
{ "type": "Feature", "properties": { "内容": "虹色介護ステーション【居宅介護支援】千葉県千葉市稲毛区六方町25-2", "url2": "https://www.kaigokensaku.mhlw.go.jp/12/index.php?action_kouhyou_detail_004_kani=true&JigyosyoCd=1270302001-00&ServiceCd=430&Type=search" }, "geometry": { "type": "Point", "coordinates": [ 140.099300734918188, 35.65381431871495 ] } },
{ "type": "Feature", "properties": { "内容": "エスケアステーション千葉稲毛居宅介護支援【居宅介護支援】千葉県千葉市稲毛区園生町451番13", "url2": "https://www.kaigokensaku.mhlw.go.jp/12/index.php?action_kouhyou_detail_004_kani=true&JigyosyoCd=1270302225-00&ServiceCd=430&Type=search" }, "geometry": { "type": "Point", "coordinates": [ 140.113694234779331, 35.643400580994445 ] } },
{ "type": "Feature", "properties": { "内容": "居宅介護支援センター　みはま【居宅介護支援】千葉県千葉市美浜区高洲４－１－９郁栄ビル２階", "url2": "https://www.kaigokensaku.mhlw.go.jp/12/index.php?action_kouhyou_detail_004_kani=true&JigyosyoCd=1270601360-00&ServiceCd=430&Type=search" }, "geometry": { "type": "Point", "coordinates": [ 140.075254199999989, 35.635023 ] } },
{ "type": "Feature", "properties": { "内容": "カタオカ企画【居宅介護支援】千葉県千葉市稲毛区長沼町５９－１５", "url2": "https://www.kaigokensaku.mhlw.go.jp/12/index.php?action_kouhyou_detail_004_kani=true&JigyosyoCd=1270301847-00&ServiceCd=430&Type=search" }, "geometry": { "type": "Point", "coordinates": [ 140.1246338, 35.6616703 ] } },
{ "type": "Feature", "properties": { "内容": "ゴールデンフラワー【居宅介護支援】作草部町559-4-416", "url2": "https://www.kaigokensaku.mhlw.go.jp/12/index.php?action_kouhyou_detail_004_kani=true&JigyosyoCd=1270302795-00&ServiceCd=430&Type=search" }, "geometry": { "type": "Point", "coordinates": [ 140.120431199999985, 35.626686 ] } },
{ "type": "Feature", "properties": { "内容": "居宅相談ひかり【居宅介護支援】千葉県千葉市稲毛区山王町２７７-３", "url2": "https://www.kaigokensaku.mhlw.go.jp/12/index.php?action_kouhyou_detail_004_kani=true&JigyosyoCd=1270303231-00&ServiceCd=430&Type=search" }, "geometry": { "type": "Point", "coordinates": [ 140.133795757672118, 35.66194499467705 ] } },
{ "type": "Feature", "properties": { "内容": "生活クラブ風の村ケアプランセンター稲毛【居宅介護支援】千葉県千葉市稲毛区園生町１１０７－７", "url2": "https://www.kaigokensaku.mhlw.go.jp/12/index.php?action_kouhyou_detail_004_kani=true&JigyosyoCd=1270301896-00&ServiceCd=430&Type=search" }, "geometry": { "type": "Point", "coordinates": [ 140.103555799999981, 35.6411862 ] } },
{ "type": "Feature", "properties": { "内容": "ニチイケアセンター西千葉【居宅介護支援】千葉県千葉市稲毛区緑町1丁目18-3新日本オフィスビル102", "url2": "https://www.kaigokensaku.mhlw.go.jp/12/index.php?action_kouhyou_detail_004_kani=true&JigyosyoCd=1270300096-00&ServiceCd=430&Type=search" }, "geometry": { "type": "Point", "coordinates": [ 140.0996275, 35.6241201 ] } },
{ "type": "Feature", "properties": { "内容": "SOMPOケア　千葉作草部　居宅介護支援【居宅介護支援】千葉県千葉市稲毛区作草部町578-1-101　1階", "url2": "https://www.kaigokensaku.mhlw.go.jp/12/index.php?action_kouhyou_detail_004_kani=true&JigyosyoCd=1270302662-00&ServiceCd=430&Type=search" }, "geometry": { "type": "Point", "coordinates": [ 140.119785399999955, 35.6251811 ] } },
{ "type": "Feature", "properties": { "内容": "居宅介護支援事業所　稲毛ケアハーモニー【居宅介護支援】千葉県千葉市稲毛区稲毛東2-12-14あさひデイサービスセンター稲毛2階", "url2": "https://www.kaigokensaku.mhlw.go.jp/12/index.php?action_kouhyou_detail_004_kani=true&JigyosyoCd=1270303207-00&ServiceCd=430&Type=search" }, "geometry": { "type": "Point", "coordinates": [ 140.0886837, 35.6361321 ] } },
{ "type": "Feature", "properties": { "内容": "Ｈａｎａ居宅支援センター四街道【居宅介護支援】小深町32-4", "url2": "https://www.kaigokensaku.mhlw.go.jp/12/index.php?action_kouhyou_detail_004_kani=true&JigyosyoCd=1270303272-00&ServiceCd=430&Type=search" }, "geometry": { "type": "Point", "coordinates": [ 140.153919800000011, 35.6566054 ] } },
{ "type": "Feature", "properties": { "内容": "さわやかケア稲毛・居宅介護支援【居宅介護支援】千葉市稲毛区稲毛東３－４－１５吉田ビル２階", "url2": "https://www.kaigokensaku.mhlw.go.jp/12/index.php?action_kouhyou_detail_004_kani=true&JigyosyoCd=1270300823-00&ServiceCd=430&Type=search" }, "geometry": { "type": "Point", "coordinates": [ 140.090074100000038, 35.6361083 ] } },
{ "type": "Feature", "properties": { "内容": "ソレイユ千葉北【居宅介護支援】千葉県千葉市稲毛区長沼原町250番地", "url2": "https://www.kaigokensaku.mhlw.go.jp/12/index.php?action_kouhyou_detail_004_kani=true&JigyosyoCd=1270300104-00&ServiceCd=430&Type=search" }, "geometry": { "type": "Point", "coordinates": [ 140.127532300000013, 35.6703258 ] } },
{ "type": "Feature", "properties": { "内容": "みどりの家居宅介護支援センター【居宅介護支援】千葉県千葉市稲毛区天台4-1-16", "url2": "https://www.kaigokensaku.mhlw.go.jp/12/index.php?action_kouhyou_detail_004_kani=true&JigyosyoCd=1270300260-00&ServiceCd=430&Type=search" }, "geometry": { "type": "Point", "coordinates": [ 140.112399699999969, 35.6379142 ] } },
{ "type": "Feature", "properties": { "内容": "ｻﾆｰﾗｲﾌ稲毛　居宅介護支援事業所【居宅介護支援】千葉県千葉市稲毛区山王町１４２番地-1", "url2": "https://www.kaigokensaku.mhlw.go.jp/12/index.php?action_kouhyou_detail_004_kani=true&JigyosyoCd=1270301789-00&ServiceCd=430&Type=search" }, "geometry": { "type": "Point", "coordinates": [ 140.1417609, 35.6638101 ] } },
{ "type": "Feature", "properties": { "内容": "ケアプラン恵の花【居宅介護支援】千葉県千葉市稲毛区長沼原町３１７番地１ラ・ポルテ・ヴィス２G（ヴィルフォーレ稲毛敷地内）", "url2": "https://www.kaigokensaku.mhlw.go.jp/12/index.php?action_kouhyou_detail_004_kani=true&JigyosyoCd=1270302084-00&ServiceCd=430&Type=search" }, "geometry": { "type": "Point", "coordinates": [ 140.127778171302765, 35.655214342667442 ] } },
{ "type": "Feature", "properties": { "内容": "ゆいはーと居宅介護支援事業所【居宅介護支援】千葉県千葉市稲毛区山王町140-15207", "url2": "https://www.kaigokensaku.mhlw.go.jp/12/index.php?action_kouhyou_detail_004_kani=true&JigyosyoCd=1270302720-00&ServiceCd=430&Type=search" }, "geometry": { "type": "Point", "coordinates": [ 140.141927500000065, 35.664946 ] } },
{ "type": "Feature", "properties": { "内容": "咲くらまごころケアプラン【居宅介護支援】千葉県千葉市稲毛区小仲台5-5-1パークシティ稲毛の杜632号", "url2": "https://www.kaigokensaku.mhlw.go.jp/12/index.php?action_kouhyou_detail_004_kani=true&JigyosyoCd=1270303082-00&ServiceCd=430&Type=search" }, "geometry": { "type": "Point", "coordinates": [ 140.097541600000028, 35.6412202 ] } },
{ "type": "Feature", "properties": { "内容": "双樹苑在宅介護支援センタ－【居宅介護支援】千葉市稲毛区山王町１６２－１", "url2": "https://www.kaigokensaku.mhlw.go.jp/12/index.php?action_kouhyou_detail_004_kani=true&JigyosyoCd=1270300047-00&ServiceCd=430&Type=search" }, "geometry": { "type": "Point", "coordinates": [ 140.140229299999987, 35.6678662 ] } },
{ "type": "Feature", "properties": { "内容": "ひばりサービス稲毛センター【居宅介護支援】千葉県千葉市稲毛区稲毛東3-16-13二葉ビル3FC号室", "url2": "https://www.kaigokensaku.mhlw.go.jp/12/index.php?action_kouhyou_detail_004_kani=true&JigyosyoCd=1270302753-00&ServiceCd=430&Type=search" }, "geometry": { "type": "Point", "coordinates": [ 140.090229699999981, 35.637452 ] } },
{ "type": "Feature", "properties": { "内容": "生活クラブ風の村ケアプランセンター作草部【居宅介護支援】千葉県千葉市稲毛区作草部1丁目15-17", "url2": "https://www.kaigokensaku.mhlw.go.jp/12/index.php?action_kouhyou_detail_004_kani=true&JigyosyoCd=1270302779-00&ServiceCd=430&Type=search" }, "geometry": { "type": "Point", "coordinates": [ 140.115229462565594, 35.627733335224981 ] } },
{ "type": "Feature", "properties": { "内容": "ツクイ千葉稲毛【居宅介護支援】千葉市稲毛区小中台町1498-5", "url2": "https://www.kaigokensaku.mhlw.go.jp/12/index.php?action_kouhyou_detail_004_kani=true&JigyosyoCd=1270300393-00&ServiceCd=430&Type=search" }, "geometry": { "type": "Point", "coordinates": [ 140.085254049335333, 35.648222119730043 ] } },
{ "type": "Feature", "properties": { "内容": "タカサケアサポート千葉【居宅介護支援】千葉県千葉市稲毛区園生町987-19", "url2": "https://www.kaigokensaku.mhlw.go.jp/12/index.php?action_kouhyou_detail_004_kani=true&JigyosyoCd=1270301680-00&ServiceCd=430&Type=search" }, "geometry": { "type": "Point", "coordinates": [ 140.1087033, 35.6414634 ] } },
{ "type": "Feature", "properties": { "内容": "ケアサポートにわすずめ【居宅介護支援】千葉市稲毛区長沼町225番地の10", "url2": "https://www.kaigokensaku.mhlw.go.jp/12/index.php?action_kouhyou_detail_004_kani=true&JigyosyoCd=1270302803-00&ServiceCd=430&Type=search" }, "geometry": { "type": "Point", "coordinates": [ 140.115790470749118, 35.660132521377726 ] } },
{ "type": "Feature", "properties": { "内容": "北部診療所【居宅介護支援】千葉県千葉市稲毛区天台3-4-5", "url2": "https://www.kaigokensaku.mhlw.go.jp/12/index.php?action_kouhyou_detail_004_kani=true&JigyosyoCd=1210111039-00&ServiceCd=430&Type=search" }, "geometry": { "type": "Point", "coordinates": [ 140.116601800000012, 35.6320578 ] } },
{ "type": "Feature", "properties": { "内容": "医心館居宅介護支援事業所稲毛【居宅介護支援】千葉県千葉市稲毛区稲毛東3丁目4番17号", "url2": "https://www.kaigokensaku.mhlw.go.jp/12/index.php?action_kouhyou_detail_004_kani=true&JigyosyoCd=1270303033-00&ServiceCd=430&Type=search" }, "geometry": { "type": "Point", "coordinates": [ 140.0897692, 35.6359884 ] } },
{ "type": "Feature", "properties": { "内容": "東京海上日動みずたま介護ＳＴ千葉ケアプランセンター【居宅介護支援】千葉県千葉市稲毛区小仲台3－8－5KAビル4階", "url2": "https://www.kaigokensaku.mhlw.go.jp/12/index.php?action_kouhyou_detail_004_kani=true&JigyosyoCd=1270302373-00&ServiceCd=430&Type=search" }, "geometry": { "type": "Point", "coordinates": [ 140.097223685338463, 35.638777301659168 ] } },
{ "type": "Feature", "properties": { "内容": "医療法人社団ふけ会　富家居宅介護支援センター【居宅介護支援】千葉県千葉市稲毛区長沼原町277番地1", "url2": "https://www.kaigokensaku.mhlw.go.jp/12/index.php?action_kouhyou_detail_004_kani=true&JigyosyoCd=1270301243-00&ServiceCd=430&Type=search" }, "geometry": { "type": "Point", "coordinates": [ 140.128959453987193, 35.66983539357571 ] } },
{ "type": "Feature", "properties": { "内容": "ゆたかケアプランセンター【居宅介護支援】千葉県千葉市稲毛区園生町1340-1-1306", "url2": "https://www.kaigokensaku.mhlw.go.jp/12/index.php?action_kouhyou_detail_004_kani=true&JigyosyoCd=1270303165-00&ServiceCd=430&Type=search" }, "geometry": { "type": "Point", "coordinates": [ 140.1249023, 35.6533793 ] } },
{ "type": "Feature", "properties": { "内容": "ゆいけあ【居宅介護支援】千葉県千葉市稲毛区宮野木町835-19", "url2": "https://www.kaigokensaku.mhlw.go.jp/12/index.php?action_kouhyou_detail_004_kani=true&JigyosyoCd=1270301698-00&ServiceCd=430&Type=search" }, "geometry": { "type": "Point", "coordinates": [ 140.0963147, 35.6510179 ] } },
{ "type": "Feature", "properties": { "内容": "稲毛グループホーム【居宅介護支援】稲毛区園生町153-1", "url2": "https://www.kaigokensaku.mhlw.go.jp/12/index.php?action_kouhyou_detail_004_kani=true&JigyosyoCd=1270300740-00&ServiceCd=430&Type=search" }, "geometry": { "type": "Point", "coordinates": [ 140.101722500000051, 35.6478352 ] } },
{ "type": "Feature", "properties": { "内容": "ケアサポート・アイテム【居宅介護支援】千葉県千葉市稲毛区園生町781-1-B910ダイアパレス稲毛緑園B棟910", "url2": "https://www.kaigokensaku.mhlw.go.jp/12/index.php?action_kouhyou_detail_004_kani=true&JigyosyoCd=1270301649-00&ServiceCd=430&Type=search" }, "geometry": { "type": "Point", "coordinates": [ 140.1075386, 35.646074599999984 ] } },
{ "type": "Feature", "properties": { "内容": "ケアプラン　Mahalo【居宅介護支援】長沼町134-5", "url2": "https://www.kaigokensaku.mhlw.go.jp/12/index.php?action_kouhyou_detail_004_kani=true&JigyosyoCd=1270303306-00&ServiceCd=430&Type=search" }, "geometry": { "type": "Point", "coordinates": [ 140.118559008586885, 35.662971745069349 ] } },
{ "type": "Feature", "properties": { "内容": "ケアプランさち穴川【居宅介護支援】千葉県千葉市稲毛区天台5-28-15", "url2": "https://www.kaigokensaku.mhlw.go.jp/12/index.php?action_kouhyou_detail_004_kani=true&JigyosyoCd=1270303124-00&ServiceCd=430&Type=search" }, "geometry": { "type": "Point", "coordinates": [ 140.113864800000016, 35.6410787 ] } },
{ "type": "Feature", "properties": { "内容": "癒しのケアプランセンター稲毛園生【居宅介護支援】千葉県千葉市稲毛区園生町268-3シニア町内会稲毛園生　1階", "url2": "https://www.kaigokensaku.mhlw.go.jp/12/index.php?action_kouhyou_detail_004_kani=true&JigyosyoCd=1270302423-00&ServiceCd=430&Type=search" }, "geometry": { "type": "Point", "coordinates": [ 140.106933, 35.6502323 ] } },
{ "type": "Feature", "properties": { "内容": "合同会社居宅介護支援室ゆうき【居宅介護支援】千葉県千葉市稲毛区山王町７２－１９", "url2": "https://www.kaigokensaku.mhlw.go.jp/12/index.php?action_kouhyou_detail_004_kani=true&JigyosyoCd=1270302696-00&ServiceCd=430&Type=search" }, "geometry": { "type": "Point", "coordinates": [ 140.1451926, 35.6649836 ] } },
{ "type": "Feature", "properties": { "内容": "ケアプランのぞみ【居宅介護支援】千葉県千葉市若葉区加曽利町866-7都町ハイリビング三番館１０３号室", "url2": "https://www.kaigokensaku.mhlw.go.jp/12/index.php?action_kouhyou_detail_004_kani=true&JigyosyoCd=1270402751-00&ServiceCd=430&Type=search" }, "geometry": { "type": "Point", "coordinates": [ 140.152420300000017, 35.6096544 ] } },
{ "type": "Feature", "properties": { "内容": "よつばケアプランセンター【居宅介護支援】千葉県千葉市若葉区千城台東1-21-5-101", "url2": "https://www.kaigokensaku.mhlw.go.jp/12/index.php?action_kouhyou_detail_004_kani=true&JigyosyoCd=1270403510-00&ServiceCd=430&Type=search" }, "geometry": { "type": "Point", "coordinates": [ 140.1932854, 35.6239088 ] } },
{ "type": "Feature", "properties": { "内容": "ケアステーションきずな【居宅介護支援】千葉県千葉市若葉区桜木3-22-22", "url2": "https://www.kaigokensaku.mhlw.go.jp/12/index.php?action_kouhyou_detail_004_kani=true&JigyosyoCd=1270401738-00&ServiceCd=430&Type=search" }, "geometry": { "type": "Point", "coordinates": [ 140.159186378800285, 35.62311451619761 ] } },
{ "type": "Feature", "properties": { "内容": "やさしい手都賀居宅介護支援事業所【居宅介護支援】千葉県千葉市若葉区都賀5-19-1グランドマストやさしえ都賀", "url2": "https://www.kaigokensaku.mhlw.go.jp/12/index.php?action_kouhyou_detail_004_kani=true&JigyosyoCd=1270403148-00&ServiceCd=430&Type=search" }, "geometry": { "type": "Point", "coordinates": [ 140.154616499999946, 35.6379267 ] } },
{ "type": "Feature", "properties": { "内容": "介護医療院秀眉園　居宅介護支援事業所【居宅介護支援】千葉県千葉市若葉区加曽利町1803-1", "url2": "https://www.kaigokensaku.mhlw.go.jp/12/index.php?action_kouhyou_detail_004_kani=true&JigyosyoCd=1270404211-00&ServiceCd=430&Type=search" }, "geometry": { "type": "Point", "coordinates": [ 140.1705861, 35.6179315 ] } },
{ "type": "Feature", "properties": { "内容": "居宅介護支援事業所ひだまりの家【居宅介護支援】千葉県千葉市若葉区源町175-3", "url2": "https://www.kaigokensaku.mhlw.go.jp/12/index.php?action_kouhyou_detail_004_kani=true&JigyosyoCd=1270402207-00&ServiceCd=430&Type=search" }, "geometry": { "type": "Point", "coordinates": [ 140.131336599999941, 35.643196 ] } },
{ "type": "Feature", "properties": { "内容": "都賀まごころケアセンター【居宅介護支援】千葉県千葉市若葉区小倉町1763番地12", "url2": "https://www.kaigokensaku.mhlw.go.jp/12/index.php?action_kouhyou_detail_004_kani=true&JigyosyoCd=1270402785-00&ServiceCd=430&Type=search" }, "geometry": { "type": "Point", "coordinates": [ 140.164272353136852, 35.632427351640565 ] } },
{ "type": "Feature", "properties": { "内容": "居宅介護支援事業所そらいろ【居宅介護支援】千葉県千葉市若葉区高品町541-1-317", "url2": "https://www.kaigokensaku.mhlw.go.jp/12/index.php?action_kouhyou_detail_004_kani=true&JigyosyoCd=1270403908-00&ServiceCd=430&Type=search" }, "geometry": { "type": "Point", "coordinates": [ 140.132542101852408, 35.621667999242419 ] } },
{ "type": "Feature", "properties": { "内容": "ケアプランセンター楽笑みつわ台【居宅介護支援】千葉県千葉市若葉区みつわ台4-16-10", "url2": "https://www.kaigokensaku.mhlw.go.jp/12/index.php?action_kouhyou_detail_004_kani=true&JigyosyoCd=1270403304-00&ServiceCd=430&Type=search" }, "geometry": { "type": "Point", "coordinates": [ 140.134598528836023, 35.642507137979699 ] } },
{ "type": "Feature", "properties": { "内容": "居宅介護支援センターサンライズビラ【居宅介護支援】千葉県千葉市若葉区大宮町２１０７", "url2": "https://www.kaigokensaku.mhlw.go.jp/12/index.php?action_kouhyou_detail_004_kani=true&JigyosyoCd=1270400318-00&ServiceCd=430&Type=search" }, "geometry": { "type": "Point", "coordinates": [ 140.182857799999965, 35.5871386 ] } },
{ "type": "Feature", "properties": { "内容": "わおん居宅介護支援【居宅介護支援】千葉市若葉区小倉町1210-7", "url2": "https://www.kaigokensaku.mhlw.go.jp/12/index.php?action_kouhyou_detail_004_kani=true&JigyosyoCd=1270403833-00&ServiceCd=430&Type=search" }, "geometry": { "type": "Point", "coordinates": [ 140.181201821463787, 35.630718505721283 ] } },
{ "type": "Feature", "properties": { "内容": "ヤックスケアプラン千城台【居宅介護支援】千葉県千葉市若葉区千城台西２丁目１番３号ヤックスケアタウン千城台内", "url2": "https://www.kaigokensaku.mhlw.go.jp/12/index.php?action_kouhyou_detail_004_kani=true&JigyosyoCd=1270402900-00&ServiceCd=430&Type=search" }, "geometry": { "type": "Point", "coordinates": [ 140.187715799999978, 35.6223917 ] } },
{ "type": "Feature", "properties": { "内容": "ケアサポート　たちばな【居宅介護支援】千葉県千葉市若葉区大宮台１丁目１７番２１号", "url2": "https://www.kaigokensaku.mhlw.go.jp/12/index.php?action_kouhyou_detail_004_kani=true&JigyosyoCd=1270402223-00&ServiceCd=430&Type=search" }, "geometry": { "type": "Point", "coordinates": [ 140.185120800000078, 35.5938657 ] } },
{ "type": "Feature", "properties": { "内容": "セイワ若松ケアプランセンター【居宅介護支援】千葉市若葉区若松町792-1", "url2": "https://www.kaigokensaku.mhlw.go.jp/12/index.php?action_kouhyou_detail_004_kani=true&JigyosyoCd=1270400011-00&ServiceCd=430&Type=search" }, "geometry": { "type": "Point", "coordinates": [ 140.143916499999932, 35.6537255 ] } },
{ "type": "Feature", "properties": { "内容": "訪問看護ステーションれんげの花【居宅介護支援】みつわ台4−16−２斎木事務所1階102号", "url2": "https://www.kaigokensaku.mhlw.go.jp/12/index.php?action_kouhyou_detail_004_kani=true&JigyosyoCd=1270404286-00&ServiceCd=430&Type=search" }, "geometry": { "type": "Point", "coordinates": [ 140.133996405504547, 35.641859741520335 ] } },
{ "type": "Feature", "properties": { "内容": "もんじゅのちえ【居宅介護支援】千葉県千葉市若葉区中田町２３７８－９", "url2": "https://www.kaigokensaku.mhlw.go.jp/12/index.php?action_kouhyou_detail_004_kani=true&JigyosyoCd=1270403379-00&ServiceCd=430&Type=search" }, "geometry": { "type": "Point", "coordinates": [ 140.219952655819725, 35.599378961846384 ] } },
{ "type": "Feature", "properties": { "内容": "ケアプランセンターはつらつ【居宅介護支援】千葉県千葉市若葉区小間子町3－132", "url2": "https://www.kaigokensaku.mhlw.go.jp/12/index.php?action_kouhyou_detail_004_kani=true&JigyosyoCd=1270400490-00&ServiceCd=430&Type=search" }, "geometry": { "type": "Point", "coordinates": [ 140.254502600000023, 35.6194844 ] } },
{ "type": "Feature", "properties": { "内容": "ニチイケアセンター千城台【居宅介護支援】千葉県千葉市若葉区千城台北1-26-11", "url2": "https://www.kaigokensaku.mhlw.go.jp/12/index.php?action_kouhyou_detail_004_kani=true&JigyosyoCd=1270400771-00&ServiceCd=430&Type=search" }, "geometry": { "type": "Point", "coordinates": [ 140.183777299999946, 35.6266415 ] } },
{ "type": "Feature", "properties": { "内容": "こころケアサービス【居宅介護支援】千葉県千葉市若葉区大宮台3-16-3", "url2": "https://www.kaigokensaku.mhlw.go.jp/12/index.php?action_kouhyou_detail_004_kani=true&JigyosyoCd=1270403353-00&ServiceCd=430&Type=search" }, "geometry": { "type": "Point", "coordinates": [ 140.180140299999948, 35.5892752 ] } },
{ "type": "Feature", "properties": { "内容": "ＳＯＭＰＯケア　千葉都賀　居宅介護支援【居宅介護支援】千葉県千葉市若葉区桜木北2-11-11アイチマンション11　1階", "url2": "https://www.kaigokensaku.mhlw.go.jp/12/index.php?action_kouhyou_detail_004_kani=true&JigyosyoCd=1270403585-00&ServiceCd=430&Type=search" }, "geometry": { "type": "Point", "coordinates": [ 140.1564117, 35.6372067 ] } },
{ "type": "Feature", "properties": { "内容": "ケアプラン　若桜【居宅介護支援】千葉市若葉区桜木7-12-11", "url2": "https://www.kaigokensaku.mhlw.go.jp/12/index.php?action_kouhyou_detail_004_kani=true&JigyosyoCd=1270404005-00&ServiceCd=430&Type=search" }, "geometry": { "type": "Point", "coordinates": [ 140.1610786, 35.6300728 ] } },
{ "type": "Feature", "properties": { "内容": "Ｈａｎａ居宅支援センター高品【居宅介護支援】千葉県千葉市若葉区高品町1591-5三恭ビル0001号室", "url2": "https://www.kaigokensaku.mhlw.go.jp/12/index.php?action_kouhyou_detail_004_kani=true&JigyosyoCd=1270404229-00&ServiceCd=430&Type=search" }, "geometry": { "type": "Point", "coordinates": [ 140.13423130000001, 35.6202597 ] } },
{ "type": "Feature", "properties": { "内容": "居宅介護支援センターいずみ苑【居宅介護支援】千葉県千葉市若葉区中田町１０４４－３２特別養護老人ホーム第２いずみ苑内１階", "url2": "https://www.kaigokensaku.mhlw.go.jp/12/index.php?action_kouhyou_detail_004_kani=true&JigyosyoCd=1270400110-00&ServiceCd=430&Type=search" }, "geometry": { "type": "Point", "coordinates": [ 140.223539699999947, 35.593230699999985 ] } },
{ "type": "Feature", "properties": { "内容": "さんわケアサービス居宅支援事業所みつわ【居宅介護支援】千葉県千葉市若葉区殿台町399番4", "url2": "https://www.kaigokensaku.mhlw.go.jp/12/index.php?action_kouhyou_detail_004_kani=true&JigyosyoCd=1270402819-00&ServiceCd=430&Type=search" }, "geometry": { "type": "Point", "coordinates": [ 140.126822287696768, 35.634106875307985 ] } },
{ "type": "Feature", "properties": { "内容": "コープみらい桜木介護センター【居宅介護支援】千葉県千葉市若葉区桜木北2-26-30", "url2": "https://www.kaigokensaku.mhlw.go.jp/12/index.php?action_kouhyou_detail_004_kani=true&JigyosyoCd=1270402330-00&ServiceCd=430&Type=search" }, "geometry": { "type": "Point", "coordinates": [ 140.159257799999978, 35.6328106 ] } },
{ "type": "Feature", "properties": { "内容": "コープみらい千葉介護センター【居宅介護支援】千葉県千葉市若葉区桜木北2-26-30", "url2": "https://www.kaigokensaku.mhlw.go.jp/12/index.php?action_kouhyou_detail_004_kani=true&JigyosyoCd=1270402348-00&ServiceCd=430&Type=search" }, "geometry": { "type": "Point", "coordinates": [ 140.159257799999978, 35.6328106 ] } },
{ "type": "Feature", "properties": { "内容": "ケアウェルサポート若葉【居宅介護支援】千葉市若葉区千城台東1-25-16メゾンドリーム101", "url2": "https://www.kaigokensaku.mhlw.go.jp/12/index.php?action_kouhyou_detail_004_kani=true&JigyosyoCd=1270403288-00&ServiceCd=430&Type=search" }, "geometry": { "type": "Point", "coordinates": [ 140.193661347889133, 35.624141393647697 ] } },
{ "type": "Feature", "properties": { "内容": "高品居宅介護支援事業所【居宅介護支援】千葉県千葉市若葉区高品町1589-15高品内科医院2階", "url2": "https://www.kaigokensaku.mhlw.go.jp/12/index.php?action_kouhyou_detail_004_kani=true&JigyosyoCd=1270404237-00&ServiceCd=430&Type=search" }, "geometry": { "type": "Point", "coordinates": [ 140.132269764418055, 35.619867171699454 ] } },
{ "type": "Feature", "properties": { "内容": "総泉病院【居宅介護支援】千葉県千葉市若葉区更科町2592", "url2": "https://www.kaigokensaku.mhlw.go.jp/12/index.php?action_kouhyou_detail_004_kani=true&JigyosyoCd=1210113654-00&ServiceCd=430&Type=search" }, "geometry": { "type": "Point", "coordinates": [ 140.218284499999982, 35.6209983 ] } },
{ "type": "Feature", "properties": { "内容": "居宅介護支援事業所かがやき【居宅介護支援】千葉県千葉市若葉区小倉台2-12-3", "url2": "https://www.kaigokensaku.mhlw.go.jp/12/index.php?action_kouhyou_detail_004_kani=true&JigyosyoCd=1270400128-00&ServiceCd=430&Type=search" }, "geometry": { "type": "Point", "coordinates": [ 140.172920299999987, 35.6248084 ] } },
{ "type": "Feature", "properties": { "内容": "在宅介護支援センターちば美香苑【居宅介護支援】千葉県千葉市若葉区佐和町３２２－８８", "url2": "https://www.kaigokensaku.mhlw.go.jp/12/index.php?action_kouhyou_detail_004_kani=true&JigyosyoCd=1270400029-00&ServiceCd=430&Type=search" }, "geometry": { "type": "Point", "coordinates": [ 140.205886299999946, 35.5820231 ] } },
{ "type": "Feature", "properties": { "内容": "居宅介護支援事業所　和陽園【居宅介護支援】千葉市若葉区千城台南４－１３－１", "url2": "https://www.kaigokensaku.mhlw.go.jp/12/index.php?action_kouhyou_detail_004_kani=true&JigyosyoCd=1270401423-00&ServiceCd=430&Type=search" }, "geometry": { "type": "Point", "coordinates": [ 140.1909713, 35.6142062 ] } },
{ "type": "Feature", "properties": { "内容": "シャローム若葉第2居宅介護支援事業所【居宅介護支援】千葉県千葉市若葉区桜木5-15-1", "url2": "https://www.kaigokensaku.mhlw.go.jp/12/index.php?action_kouhyou_detail_004_kani=true&JigyosyoCd=1270403429-00&ServiceCd=430&Type=search" }, "geometry": { "type": "Point", "coordinates": [ 140.154647399999931, 35.6285221 ] } },
{ "type": "Feature", "properties": { "内容": "つどい支援事業所千葉【居宅介護支援】千葉県千葉市若葉区源町563-5", "url2": "https://www.kaigokensaku.mhlw.go.jp/12/index.php?action_kouhyou_detail_004_kani=true&JigyosyoCd=1270401167-00&ServiceCd=430&Type=search" }, "geometry": { "type": "Point", "coordinates": [ 140.134514200000012, 35.6497036 ] } },
{ "type": "Feature", "properties": { "内容": "居宅介護支援事業所　恵光園【居宅介護支援】千葉県千葉市若葉区大広町252番地4", "url2": "https://www.kaigokensaku.mhlw.go.jp/12/index.php?action_kouhyou_detail_004_kani=true&JigyosyoCd=1270400078-00&ServiceCd=430&Type=search" }, "geometry": { "type": "Point", "coordinates": [ 140.209095100000013, 35.5716989 ] } },
{ "type": "Feature", "properties": { "内容": "メディケアプラン【居宅介護支援】千葉市若葉区みつわ台4丁目31番地5－3号", "url2": "https://www.kaigokensaku.mhlw.go.jp/12/index.php?action_kouhyou_detail_004_kani=true&JigyosyoCd=1270403452-00&ServiceCd=430&Type=search" }, "geometry": { "type": "Point", "coordinates": [ 140.13331936994058, 35.645939390570277 ] } },
{ "type": "Feature", "properties": { "内容": "ケアプランみっつの輪【居宅介護支援】千葉県千葉市若葉区若松町531-130", "url2": "https://www.kaigokensaku.mhlw.go.jp/12/index.php?action_kouhyou_detail_004_kani=true&JigyosyoCd=1270402447-00&ServiceCd=430&Type=search" }, "geometry": { "type": "Point", "coordinates": [ 140.14392458128566, 35.647653719443866 ] } },
{ "type": "Feature", "properties": { "内容": "なな居宅介護支援事業所【居宅介護支援】千葉県千葉市若葉区都賀3-17-5戸村第二ハイツ101号", "url2": "https://www.kaigokensaku.mhlw.go.jp/12/index.php?action_kouhyou_detail_004_kani=true&JigyosyoCd=1270403809-00&ServiceCd=430&Type=search" }, "geometry": { "type": "Point", "coordinates": [ 140.1496816, 35.6342467 ] } },
{ "type": "Feature", "properties": { "内容": "居宅介護支援センター　昌晴園【居宅介護支援】千葉市若葉区野呂町736-1", "url2": "https://www.kaigokensaku.mhlw.go.jp/12/index.php?action_kouhyou_detail_004_kani=true&JigyosyoCd=1270400169-00&ServiceCd=430&Type=search" }, "geometry": { "type": "Point", "coordinates": [ 140.2365158, 35.5849601 ] } },
{ "type": "Feature", "properties": { "内容": "ケアセンターあいこ【居宅介護支援】千葉県千葉市若葉区大宮台3-7-4うるまテラスハウスA", "url2": "https://www.kaigokensaku.mhlw.go.jp/12/index.php?action_kouhyou_detail_004_kani=true&JigyosyoCd=1270403882-00&ServiceCd=430&Type=search" }, "geometry": { "type": "Point", "coordinates": [ 140.181401171163941, 35.58840907511243 ] } },
{ "type": "Feature", "properties": { "内容": "エルケア若葉ケアプランセンター【居宅介護支援】千葉県千葉市若葉区西都賀2丁目20番地2号第5フェニックスビル１F", "url2": "https://www.kaigokensaku.mhlw.go.jp/12/index.php?action_kouhyou_detail_004_kani=true&JigyosyoCd=1270402579-00&ServiceCd=430&Type=search" }, "geometry": { "type": "Point", "coordinates": [ 140.144830700000057, 35.638656300000022 ] } },
{ "type": "Feature", "properties": { "内容": "居宅介護支援センター中野園【居宅介護支援】千葉県千葉市若葉区中野町２１４８番地６", "url2": "https://www.kaigokensaku.mhlw.go.jp/12/index.php?action_kouhyou_detail_004_kani=true&JigyosyoCd=1270400060-00&ServiceCd=430&Type=search" }, "geometry": { "type": "Point", "coordinates": [ 140.250664300000039, 35.5914597 ] } },
{ "type": "Feature", "properties": { "内容": "あみ訪問看護ステーション・リンク【居宅介護支援】千葉市若葉区若松町531-578", "url2": "https://www.kaigokensaku.mhlw.go.jp/12/index.php?action_kouhyou_detail_004_kani=true&JigyosyoCd=1270403817-00&ServiceCd=430&Type=search" }, "geometry": { "type": "Point", "coordinates": [ 140.146042361376942, 35.645959840694033 ] } },
{ "type": "Feature", "properties": { "内容": "クラーチ居宅介護支援事業所若葉【居宅介護支援】千葉県千葉市若葉区東寺山町790-1クラーチ・メディーナ千葉", "url2": "https://www.kaigokensaku.mhlw.go.jp/12/index.php?action_kouhyou_detail_004_kani=true&JigyosyoCd=1270403296-00&ServiceCd=430&Type=search" }, "geometry": { "type": "Point", "coordinates": [ 140.129865399999971, 35.62483490000001 ] } },
{ "type": "Feature", "properties": { "内容": "居宅介護支援事業所ここあ【居宅介護支援】千葉県千葉市若葉区御成台3-9-9", "url2": "https://www.kaigokensaku.mhlw.go.jp/12/index.php?action_kouhyou_detail_004_kani=true&JigyosyoCd=1270403866-00&ServiceCd=430&Type=search" }, "geometry": { "type": "Point", "coordinates": [ 140.20261690000001, 35.6334641 ] } },
{ "type": "Feature", "properties": { "内容": "ケアステーションコスモス【居宅介護支援】千葉県千葉市若葉区千城台東3-35-8", "url2": "https://www.kaigokensaku.mhlw.go.jp/12/index.php?action_kouhyou_detail_004_kani=true&JigyosyoCd=1270401001-00&ServiceCd=430&Type=search" }, "geometry": { "type": "Point", "coordinates": [ 140.198451604743923, 35.620815260229101 ] } },
{ "type": "Feature", "properties": { "内容": "ケアプラン白樺【居宅介護支援】千葉県千葉市若葉区若松町414-10-103", "url2": "https://www.kaigokensaku.mhlw.go.jp/12/index.php?action_kouhyou_detail_004_kani=true&JigyosyoCd=1270403007-00&ServiceCd=430&Type=search" }, "geometry": { "type": "Point", "coordinates": [ 140.164689290322144, 35.637505454092278 ] } },
{ "type": "Feature", "properties": { "内容": "居宅介護支援事業所ハピリー【居宅介護支援】千葉県千葉市若葉区桜木4-9-4", "url2": "https://www.kaigokensaku.mhlw.go.jp/12/index.php?action_kouhyou_detail_004_kani=true&JigyosyoCd=1270402082-00&ServiceCd=430&Type=search" }, "geometry": { "type": "Point", "coordinates": [ 140.155241899999965, 35.6229393 ] } },
{ "type": "Feature", "properties": { "内容": "こもれび介護相談所【居宅介護支援】大宮台4-5-11", "url2": "https://www.kaigokensaku.mhlw.go.jp/12/index.php?action_kouhyou_detail_004_kani=true&JigyosyoCd=1270404567-00&ServiceCd=430&Type=search" }, "geometry": { "type": "Point", "coordinates": [ 140.1825169, 35.5910224 ] } },
{ "type": "Feature", "properties": { "内容": "シャローム若葉居宅介護支援事業所【居宅介護支援】千葉県千葉市若葉区若松町2170-8", "url2": "https://www.kaigokensaku.mhlw.go.jp/12/index.php?action_kouhyou_detail_004_kani=true&JigyosyoCd=1270400573-00&ServiceCd=430&Type=search" }, "geometry": { "type": "Point", "coordinates": [ 140.174669820307145, 35.63474877995894 ] } },
{ "type": "Feature", "properties": { "内容": "ケアプランＳＨＩＮＥ【居宅介護支援】源町86-1海作ビル101", "url2": "https://www.kaigokensaku.mhlw.go.jp/12/index.php?action_kouhyou_detail_004_kani=true&JigyosyoCd=1270404542-00&ServiceCd=430&Type=search" }, "geometry": { "type": "Point", "coordinates": [ 140.130616400000036, 35.6414414 ] } },
{ "type": "Feature", "properties": { "内容": "OHANAケアサポート【居宅介護支援】千葉県千葉市緑区あすみが丘５丁目71-3ラフォーレビューC　101", "url2": "https://www.kaigokensaku.mhlw.go.jp/12/index.php?action_kouhyou_detail_004_kani=true&JigyosyoCd=1270502402-00&ServiceCd=430&Type=search" }, "geometry": { "type": "Point", "coordinates": [ 140.2546903, 35.5226919 ] } },
{ "type": "Feature", "properties": { "内容": "在宅介護支援センターけやき園【居宅介護支援】千葉県千葉市緑区鎌取町75-1", "url2": "https://www.kaigokensaku.mhlw.go.jp/12/index.php?action_kouhyou_detail_004_kani=true&JigyosyoCd=1270500554-00&ServiceCd=430&Type=search" }, "geometry": { "type": "Point", "coordinates": [ 140.179388600000038, 35.5649252 ] } },
{ "type": "Feature", "properties": { "内容": "有限会社　トータル介護サービスアイ　千葉営業所【居宅介護支援】千葉市緑区あすみが丘2-41-11", "url2": "https://www.kaigokensaku.mhlw.go.jp/12/index.php?action_kouhyou_detail_004_kani=true&JigyosyoCd=1270500281-00&ServiceCd=430&Type=search" }, "geometry": { "type": "Point", "coordinates": [ 140.269241800000032, 35.5219036 ] } },
{ "type": "Feature", "properties": { "内容": "ハートフレンド誉田居宅介護支援事業所【居宅介護支援】千葉県千葉市緑区誉田町２丁目２１番５０号", "url2": "https://www.kaigokensaku.mhlw.go.jp/12/index.php?action_kouhyou_detail_004_kani=true&JigyosyoCd=1270501586-00&ServiceCd=430&Type=search" }, "geometry": { "type": "Point", "coordinates": [ 140.2124533, 35.550806799999989 ] } },
{ "type": "Feature", "properties": { "内容": "学研ココファンあすみが丘【居宅介護支援】千葉県千葉市緑区あすみが丘3-52-6", "url2": "https://www.kaigokensaku.mhlw.go.jp/12/index.php?action_kouhyou_detail_004_kani=true&JigyosyoCd=1270501263-00&ServiceCd=430&Type=search" }, "geometry": { "type": "Point", "coordinates": [ 140.2631252, 35.5289142 ] } },
{ "type": "Feature", "properties": { "内容": "ぽかぽか介護おてんとさん【居宅介護支援】千葉市緑区あすみが丘１-３８-１", "url2": "https://www.kaigokensaku.mhlw.go.jp/12/index.php?action_kouhyou_detail_004_kani=true&JigyosyoCd=1270501206-00&ServiceCd=430&Type=search" }, "geometry": { "type": "Point", "coordinates": [ 140.265350918493567, 35.530276214382418 ] } },
{ "type": "Feature", "properties": { "内容": "訪問看護ステーション　坂の上外科【居宅介護支援】千葉市緑区土気町311", "url2": "https://www.kaigokensaku.mhlw.go.jp/12/index.php?action_kouhyou_detail_004_kani=true&JigyosyoCd=1260190157-00&ServiceCd=430&Type=search" }, "geometry": { "type": "Point", "coordinates": [ 140.280542584672475, 35.529274266226352 ] } },
{ "type": "Feature", "properties": { "内容": "あったかケアセンター【居宅介護支援】千葉県千葉市緑区おゆみ野中央５丁目３１－１１", "url2": "https://www.kaigokensaku.mhlw.go.jp/12/index.php?action_kouhyou_detail_004_kani=true&JigyosyoCd=1270500604-00&ServiceCd=430&Type=search" }, "geometry": { "type": "Point", "coordinates": [ 140.1741333, 35.5563678 ] } },
{ "type": "Feature", "properties": { "内容": "ケアプランあすみ【居宅介護支援】千葉県千葉市緑区あすみが丘9-40-9", "url2": "https://www.kaigokensaku.mhlw.go.jp/12/index.php?action_kouhyou_detail_004_kani=true&JigyosyoCd=1270502279-00&ServiceCd=430&Type=search" }, "geometry": { "type": "Point", "coordinates": [ 140.261252899999988, 35.5095678 ] } },
{ "type": "Feature", "properties": { "内容": "ケアプランセンターかわぐち【居宅介護支援】おゆみ野6-15-9", "url2": "https://www.kaigokensaku.mhlw.go.jp/12/index.php?action_kouhyou_detail_004_kani=true&JigyosyoCd=1270502493-00&ServiceCd=430&Type=search" }, "geometry": { "type": "Point", "coordinates": [ 140.1925564, 35.5525103 ] } },
{ "type": "Feature", "properties": { "内容": "Ｈａｎａ居宅支援センターおゆみ野【居宅介護支援】千葉県千葉市緑区おゆみ野1-21-6", "url2": "https://www.kaigokensaku.mhlw.go.jp/12/index.php?action_kouhyou_detail_004_kani=true&JigyosyoCd=1270501172-00&ServiceCd=430&Type=search" }, "geometry": { "type": "Point", "coordinates": [ 140.161780200000067, 35.5614505 ] } },
{ "type": "Feature", "properties": { "内容": "ときわ園ケアプランセンターはるいろ【居宅介護支援】千葉県千葉市緑区平川町１７３１", "url2": "https://www.kaigokensaku.mhlw.go.jp/12/index.php?action_kouhyou_detail_004_kani=true&JigyosyoCd=1270501495-00&ServiceCd=430&Type=search" }, "geometry": { "type": "Point", "coordinates": [ 140.2388115, 35.55609 ] } },
{ "type": "Feature", "properties": { "内容": "ケアプラン　武田【居宅介護支援】千葉県千葉市緑区おゆみ野南5-4-6戸建て", "url2": "https://www.kaigokensaku.mhlw.go.jp/12/index.php?action_kouhyou_detail_004_kani=true&JigyosyoCd=1270502147-00&ServiceCd=430&Type=search" }, "geometry": { "type": "Point", "coordinates": [ 140.173018500000012, 35.5488638 ] } },
{ "type": "Feature", "properties": { "内容": "ケアプランアイＣａｒｅ【居宅介護支援】千葉県千葉市緑区誉田町1-98-33", "url2": "https://www.kaigokensaku.mhlw.go.jp/12/index.php?action_kouhyou_detail_004_kani=true&JigyosyoCd=1270502261-00&ServiceCd=430&Type=search" }, "geometry": { "type": "Point", "coordinates": [ 140.196865, 35.5586644 ] } },
{ "type": "Feature", "properties": { "内容": "ケアパートナーあゆみ【居宅介護支援】千葉県千葉市緑区誉田町2-90-18", "url2": "https://www.kaigokensaku.mhlw.go.jp/12/index.php?action_kouhyou_detail_004_kani=true&JigyosyoCd=1270502352-00&ServiceCd=430&Type=search" }, "geometry": { "type": "Point", "coordinates": [ 140.199777533503465, 35.561938420447554 ] } },
{ "type": "Feature", "properties": { "内容": "はなみずき【居宅介護支援】千葉県千葉市緑区高田町1791ケアハウス誉田園", "url2": "https://www.kaigokensaku.mhlw.go.jp/12/index.php?action_kouhyou_detail_004_kani=true&JigyosyoCd=1270500679-00&ServiceCd=430&Type=search" }, "geometry": { "type": "Point", "coordinates": [ 140.224716, 35.5659438 ] } },
{ "type": "Feature", "properties": { "内容": "社会福祉法人友和会　居宅介護支援センター千寿苑【居宅介護支援】千葉県千葉市緑区大木戸町1200-73", "url2": "https://www.kaigokensaku.mhlw.go.jp/12/index.php?action_kouhyou_detail_004_kani=true&JigyosyoCd=1270500125-00&ServiceCd=430&Type=search" }, "geometry": { "type": "Point", "coordinates": [ 140.23384139999996, 35.5092474 ] } },
{ "type": "Feature", "properties": { "内容": "「めだかの学校」指定居宅介護支援事業所【居宅介護支援】千葉県千葉市緑区あすみが丘1-7-7", "url2": "https://www.kaigokensaku.mhlw.go.jp/12/index.php?action_kouhyou_detail_004_kani=true&JigyosyoCd=1270500018-00&ServiceCd=430&Type=search" }, "geometry": { "type": "Point", "coordinates": [ 140.2727883, 35.5291139 ] } },
{ "type": "Feature", "properties": { "内容": "ケアプランかけはし【居宅介護支援】千葉県千葉市緑区辺田町100-10", "url2": "https://www.kaigokensaku.mhlw.go.jp/12/index.php?action_kouhyou_detail_004_kani=true&JigyosyoCd=1270501602-00&ServiceCd=430&Type=search" }, "geometry": { "type": "Point", "coordinates": [ 140.177083, 35.5669861 ] } },
{ "type": "Feature", "properties": { "内容": "医療法人社団淳英会おゆみの居宅介護支援事業所【居宅介護支援】千葉県千葉市緑区大金沢町364-1", "url2": "https://www.kaigokensaku.mhlw.go.jp/12/index.php?action_kouhyou_detail_004_kani=true&JigyosyoCd=1270501370-00&ServiceCd=430&Type=search" }, "geometry": { "type": "Point", "coordinates": [ 140.182962577105968, 35.540332905088199 ] } },
{ "type": "Feature", "properties": { "内容": "楽隠居【居宅介護支援】千葉県千葉市緑区おゆみ野南2-11-1オフィスおゆみ野202", "url2": "https://www.kaigokensaku.mhlw.go.jp/12/index.php?action_kouhyou_detail_004_kani=true&JigyosyoCd=1270502188-00&ServiceCd=430&Type=search" }, "geometry": { "type": "Point", "coordinates": [ 140.167131899999987, 35.5518327 ] } },
{ "type": "Feature", "properties": { "内容": "篠崎医院【居宅介護支援】千葉県千葉市緑区土気町1632-6", "url2": "https://www.kaigokensaku.mhlw.go.jp/12/index.php?action_kouhyou_detail_004_kani=true&JigyosyoCd=1210116293-00&ServiceCd=430&Type=search" }, "geometry": { "type": "Point", "coordinates": [ 140.27264660000003, 35.5311081 ] } },
{ "type": "Feature", "properties": { "内容": "居宅介護支援事業所みどり【居宅介護支援】千葉県千葉市緑区平山町2008-1", "url2": "https://www.kaigokensaku.mhlw.go.jp/12/index.php?action_kouhyou_detail_004_kani=true&JigyosyoCd=1270501958-00&ServiceCd=430&Type=search" }, "geometry": { "type": "Point", "coordinates": [ 140.181698800000049, 35.5732847 ] } },
{ "type": "Feature", "properties": { "内容": "ファミリーケアセンター【居宅介護支援】千葉市緑区誉田町1-222", "url2": "https://www.kaigokensaku.mhlw.go.jp/12/index.php?action_kouhyou_detail_004_kani=true&JigyosyoCd=1270500489-00&ServiceCd=430&Type=search" }, "geometry": { "type": "Point", "coordinates": [ 140.195227, 35.5521627 ] } },
{ "type": "Feature", "properties": { "内容": "居宅介護支援事業所　春の日【居宅介護支援】千葉県千葉市緑区誉田町１－７９４－１２２", "url2": "https://www.kaigokensaku.mhlw.go.jp/12/index.php?action_kouhyou_detail_004_kani=true&JigyosyoCd=1270502154-00&ServiceCd=430&Type=search" }, "geometry": { "type": "Point", "coordinates": [ 140.199741100000011, 35.5470579 ] } },
{ "type": "Feature", "properties": { "内容": "ウイング介護相談室【居宅介護支援】千葉県千葉市緑区おゆみ野中央3-3-13レジデンスおゆみ野102", "url2": "https://www.kaigokensaku.mhlw.go.jp/12/index.php?action_kouhyou_detail_004_kani=true&JigyosyoCd=1270501214-00&ServiceCd=430&Type=search" }, "geometry": { "type": "Point", "coordinates": [ 140.16606610468699, 35.553526901759675 ] } },
{ "type": "Feature", "properties": { "内容": "癒しのケアプランセンターおゆみ野【居宅介護支援】千葉県千葉市緑区おゆみ野中央4-26-6", "url2": "https://www.kaigokensaku.mhlw.go.jp/12/index.php?action_kouhyou_detail_004_kani=true&JigyosyoCd=1270501339-00&ServiceCd=430&Type=search" }, "geometry": { "type": "Point", "coordinates": [ 140.175948583467061, 35.551590581280593 ] } },
{ "type": "Feature", "properties": { "内容": "裕和園居宅介護支援センター【居宅介護支援】千葉県千葉市緑区高田町1084番地", "url2": "https://www.kaigokensaku.mhlw.go.jp/12/index.php?action_kouhyou_detail_004_kani=true&JigyosyoCd=1270500026-00&ServiceCd=430&Type=search" }, "geometry": { "type": "Point", "coordinates": [ 140.224216, 35.5512566 ] } },
{ "type": "Feature", "properties": { "内容": "居宅介護支援センター日東【居宅介護支援】千葉市緑区土気町1731番地96", "url2": "https://www.kaigokensaku.mhlw.go.jp/12/index.php?action_kouhyou_detail_004_kani=true&JigyosyoCd=1270500851-00&ServiceCd=430&Type=search" }, "geometry": { "type": "Point", "coordinates": [ 140.263291048449872, 35.532286825978559 ] } },
{ "type": "Feature", "properties": { "内容": "医療法人社団賢仁会あすみが丘訪問看護ステーション【居宅介護支援】千葉県千葉市緑区あすみが丘2-17-5", "url2": "https://www.kaigokensaku.mhlw.go.jp/12/index.php?action_kouhyou_detail_004_kani=true&JigyosyoCd=1260190918-00&ServiceCd=430&Type=search" }, "geometry": { "type": "Point", "coordinates": [ 140.269793288360546, 35.525097209380448 ] } },
{ "type": "Feature", "properties": { "内容": "総和会居宅介護支援事業所【居宅介護支援】千葉県千葉市緑区高田町1084番地", "url2": "https://www.kaigokensaku.mhlw.go.jp/12/index.php?action_kouhyou_detail_004_kani=true&JigyosyoCd=1270500042-00&ServiceCd=430&Type=search" }, "geometry": { "type": "Point", "coordinates": [ 140.224216, 35.5512566 ] } },
{ "type": "Feature", "properties": { "内容": "介護相談室リコリス【居宅介護支援】千葉県千葉市緑区あすみが丘5-71-1シープル井澤B201", "url2": "https://www.kaigokensaku.mhlw.go.jp/12/index.php?action_kouhyou_detail_004_kani=true&JigyosyoCd=1270502394-00&ServiceCd=430&Type=search" }, "geometry": { "type": "Point", "coordinates": [ 140.2545941, 35.5232203 ] } },
{ "type": "Feature", "properties": { "内容": "ケアプランサービスさんぽ道【居宅介護支援】千葉県千葉市緑区あすみが丘５－４４－１", "url2": "https://www.kaigokensaku.mhlw.go.jp/12/index.php?action_kouhyou_detail_004_kani=true&JigyosyoCd=1270501354-00&ServiceCd=430&Type=search" }, "geometry": { "type": "Point", "coordinates": [ 140.254054399999973, 35.5253275 ] } },
{ "type": "Feature", "properties": { "内容": "ケアセンターけやき園居宅介護支援事業所【居宅介護支援】千葉県千葉市緑区鎌取町83-5", "url2": "https://www.kaigokensaku.mhlw.go.jp/12/index.php?action_kouhyou_detail_004_kani=true&JigyosyoCd=1270501610-00&ServiceCd=430&Type=search" }, "geometry": { "type": "Point", "coordinates": [ 140.178402499999947, 35.5639948 ] } },
{ "type": "Feature", "properties": { "内容": "しょうじゅ美浜居宅介護支援事業所【居宅介護支援】千葉県千葉市美浜区幸町2-12-2", "url2": "https://www.kaigokensaku.mhlw.go.jp/12/index.php?action_kouhyou_detail_004_kani=true&JigyosyoCd=1270600891-00&ServiceCd=430&Type=search" }, "geometry": { "type": "Point", "coordinates": [ 139.587628399999971, 35.7925112 ] } },
{ "type": "Feature", "properties": { "内容": "居宅介護支援センター花の輪【居宅介護支援】千葉県千葉市美浜区高洲1-1-11マイショップ高洲A-6", "url2": "https://www.kaigokensaku.mhlw.go.jp/12/index.php?action_kouhyou_detail_004_kani=true&JigyosyoCd=1270600560-00&ServiceCd=430&Type=search" }, "geometry": { "type": "Point", "coordinates": [ 140.084147199999961, 35.6273733 ] } },
{ "type": "Feature", "properties": { "内容": "看護協会　ちば訪問看護ステーション【居宅介護支援】千葉市美浜区新港249-4", "url2": "https://www.kaigokensaku.mhlw.go.jp/12/index.php?action_kouhyou_detail_004_kani=true&JigyosyoCd=1260190017-00&ServiceCd=430&Type=search" }, "geometry": { "type": "Point", "coordinates": [ 140.094841299999985, 35.6135111 ] } },
{ "type": "Feature", "properties": { "内容": "美浜ケアステーションささえ愛【居宅介護支援】千葉県千葉市美浜区磯辺６－３－１０", "url2": "https://www.kaigokensaku.mhlw.go.jp/12/index.php?action_kouhyou_detail_004_kani=true&JigyosyoCd=1270601063-00&ServiceCd=430&Type=search" }, "geometry": { "type": "Point", "coordinates": [ 140.053321899999986, 35.6364886 ] } },
{ "type": "Feature", "properties": { "内容": "亀田ホームケアサービス幕張【居宅介護支援】若葉3-1-23パークウェルステイト幕張ベイパーク内１F", "url2": "https://www.kaigokensaku.mhlw.go.jp/12/index.php?action_kouhyou_detail_004_kani=true&JigyosyoCd=1270601428-00&ServiceCd=430&Type=search" }, "geometry": { "type": "Point", "coordinates": [ 140.0535063, 35.6449328 ] } },
{ "type": "Feature", "properties": { "内容": "みはま苑ケアプランセンター【居宅介護支援】千葉県千葉市美浜区高洲3-3-12", "url2": "https://www.kaigokensaku.mhlw.go.jp/12/index.php?action_kouhyou_detail_004_kani=true&JigyosyoCd=1270600107-00&ServiceCd=430&Type=search" }, "geometry": { "type": "Point", "coordinates": [ 140.073298099999988, 35.6262066 ] } },
{ "type": "Feature", "properties": { "内容": "居宅介護支援事業所コスタリゾン千壽苑【居宅介護支援】千葉県千葉市美浜区真砂2-3-3", "url2": "https://www.kaigokensaku.mhlw.go.jp/12/index.php?action_kouhyou_detail_004_kani=true&JigyosyoCd=1270601170-00&ServiceCd=430&Type=search" }, "geometry": { "type": "Point", "coordinates": [ 140.069550899999967, 35.6402854 ] } },
{ "type": "Feature", "properties": { "内容": "ケアプラン花あかり【居宅介護支援】千葉県千葉市美浜区幕張西1丁目3-11ファーストハイツ１０２", "url2": "https://www.kaigokensaku.mhlw.go.jp/12/index.php?action_kouhyou_detail_004_kani=true&JigyosyoCd=1270601311-00&ServiceCd=430&Type=search" }, "geometry": { "type": "Point", "coordinates": [ 140.034226499999988, 35.66850179999998 ] } },
{ "type": "Feature", "properties": { "内容": "ケアプランセンターじゅじゅ新港【居宅介護支援】新港142-1", "url2": "https://www.kaigokensaku.mhlw.go.jp/12/index.php?action_kouhyou_detail_004_kani=true&JigyosyoCd=1270601451-00&ServiceCd=430&Type=search" }, "geometry": { "type": "Point", "coordinates": [ 140.0836383, 35.6204683 ] } },
{ "type": "Feature", "properties": { "内容": "ウエルシアイオンタウン幕張西店介護の相談窓口【居宅介護支援】千葉県千葉市美浜区幕張西4-2-12イオンタウン幕張西1F", "url2": "https://www.kaigokensaku.mhlw.go.jp/12/index.php?action_kouhyou_detail_004_kani=true&JigyosyoCd=1270601493-00&ServiceCd=430&Type=search" }, "geometry": { "type": "Point", "coordinates": [ 140.042489599999982, 35.662526800000016 ] } },
{ "type": "Feature", "properties": { "内容": "セイワ美浜ケアプランセンター【居宅介護支援】千葉市美浜区磯辺２－２１－２", "url2": "https://www.kaigokensaku.mhlw.go.jp/12/index.php?action_kouhyou_detail_004_kani=true&JigyosyoCd=1270600305-00&ServiceCd=430&Type=search" }, "geometry": { "type": "Point", "coordinates": [ 140.061389, 35.6263893 ] } },
{ "type": "Feature", "properties": { "内容": "介護相談センター美浜【居宅介護支援】千葉県千葉市美浜区真砂5-10-4真砂ハイツ102号", "url2": "https://www.kaigokensaku.mhlw.go.jp/12/index.php?action_kouhyou_detail_004_kani=true&JigyosyoCd=1270600776-00&ServiceCd=430&Type=search" }, "geometry": { "type": "Point", "coordinates": [ 140.065378256378352, 35.644014332370915 ] } },
{ "type": "Feature", "properties": { "内容": "東京海上日動みずたま介護ST稲毛海岸ケアプランセンター【居宅介護支援】千葉県千葉市美浜区高洲4-5-15ウェルキャビン稲毛海岸", "url2": "https://www.kaigokensaku.mhlw.go.jp/12/index.php?action_kouhyou_detail_004_kani=true&JigyosyoCd=1270601253-00&ServiceCd=430&Type=search" }, "geometry": { "type": "Point", "coordinates": [ 140.071751400000039, 35.630243299999982 ] } },
{ "type": "Feature", "properties": { "内容": "ケアプランＣｏｃｏ【居宅介護支援】千葉県千葉市美浜区磯辺1-9-19", "url2": "https://www.kaigokensaku.mhlw.go.jp/12/index.php?action_kouhyou_detail_004_kani=true&JigyosyoCd=1270601469-00&ServiceCd=430&Type=search" }, "geometry": { "type": "Point", "coordinates": [ 140.0652028, 35.6302924 ] } },
{ "type": "Feature", "properties": { "内容": "ケアプランいち【居宅介護支援】幕張西１－１５－４", "url2": "https://www.kaigokensaku.mhlw.go.jp/12/index.php?action_kouhyou_detail_004_kani=true&JigyosyoCd=1270601527-00&ServiceCd=430&Type=search" }, "geometry": { "type": "Point", "coordinates": [ 140.0345618, 35.6658227 ] } },
{ "type": "Feature", "properties": { "内容": "ソワン居宅介護支援事業所【居宅介護支援】千葉県千葉市美浜区中瀬２丁目６番地1ワールドビジネスガーデンマリブウェスト20階A2003号室", "url2": "https://www.kaigokensaku.mhlw.go.jp/12/index.php?action_kouhyou_detail_004_kani=true&JigyosyoCd=1270601386-00&ServiceCd=430&Type=search" }, "geometry": { "type": "Point", "coordinates": [ 140.0391852, 35.6485098 ] } },
{ "type": "Feature", "properties": { "内容": "医療法人社団汐風　美波居宅介護支援センター【居宅介護支援】千葉県千葉市美浜区真砂4-2-5セザール検見川浜1階", "url2": "https://www.kaigokensaku.mhlw.go.jp/12/index.php?action_kouhyou_detail_004_kani=true&JigyosyoCd=1270601410-00&ServiceCd=430&Type=search" }, "geometry": { "type": "Point", "coordinates": [ 140.0595504, 35.6384416 ] } },
{ "type": "Feature", "properties": { "内容": "ケアプロダクト居宅介護支援事業所【居宅介護支援】千葉県千葉市美浜区幸町2-15-7-202", "url2": "https://www.kaigokensaku.mhlw.go.jp/12/index.php?action_kouhyou_detail_004_kani=true&JigyosyoCd=1270601444-00&ServiceCd=430&Type=search" }, "geometry": { "type": "Point", "coordinates": [ 140.089920400000011, 35.6241341 ] } },
{ "type": "Feature", "properties": { "内容": "居宅介護支援事業所ウエスト【居宅介護支援】千葉県銚子市春日町29-5", "url2": "https://www.kaigokensaku.mhlw.go.jp/12/index.php?action_kouhyou_detail_004_kani=true&JigyosyoCd=1270700659-00&ServiceCd=430&Type=search" }, "geometry": { "type": "Point", "coordinates": [ 140.825013099999978, 35.7277458 ] } },
{ "type": "Feature", "properties": { "内容": "かすが苑居宅介護支援センター【居宅介護支援】千葉県銚子市春日町１２１０", "url2": "https://www.kaigokensaku.mhlw.go.jp/12/index.php?action_kouhyou_detail_004_kani=true&JigyosyoCd=1270700097-00&ServiceCd=430&Type=search" }, "geometry": { "type": "Point", "coordinates": [ 140.817061400000057, 35.7185186 ] } },
{ "type": "Feature", "properties": { "内容": "にこプラン【居宅介護支援】千葉県銚子市芦崎町　87-2", "url2": "https://www.kaigokensaku.mhlw.go.jp/12/index.php?action_kouhyou_detail_004_kani=true&JigyosyoCd=1270701293-00&ServiceCd=430&Type=search" }, "geometry": { "type": "Point", "coordinates": [ 140.769435599999952, 35.7586448 ] } },
{ "type": "Feature", "properties": { "内容": "有限会社ウエルネスサービス【居宅介護支援】千葉県銚子市春日町１７１", "url2": "https://www.kaigokensaku.mhlw.go.jp/12/index.php?action_kouhyou_detail_004_kani=true&JigyosyoCd=1270700022-00&ServiceCd=430&Type=search" }, "geometry": { "type": "Point", "coordinates": [ 140.825541, 35.7229629 ] } },
{ "type": "Feature", "properties": { "内容": "指定居宅介護支援事業所銀河【居宅介護支援】千葉県銚子市黒生町７２４９－３", "url2": "https://www.kaigokensaku.mhlw.go.jp/12/index.php?action_kouhyou_detail_004_kani=true&JigyosyoCd=1270700923-00&ServiceCd=430&Type=search" }, "geometry": { "type": "Point", "coordinates": [ 140.862837500000069, 35.7332659 ] } },
{ "type": "Feature", "properties": { "内容": "小畑在宅介護支援センターさざんか園【居宅介護支援】千葉県銚子市小畑新町８１２１", "url2": "https://www.kaigokensaku.mhlw.go.jp/12/index.php?action_kouhyou_detail_004_kani=true&JigyosyoCd=1270700444-00&ServiceCd=430&Type=search" }, "geometry": { "type": "Point", "coordinates": [ 140.857390600000031, 35.719598 ] } },
{ "type": "Feature", "properties": { "内容": "居宅介護支援事業所さんきゅう【居宅介護支援】千葉県銚子市上野町215", "url2": "https://www.kaigokensaku.mhlw.go.jp/12/index.php?action_kouhyou_detail_004_kani=true&JigyosyoCd=1270700618-00&ServiceCd=430&Type=search" }, "geometry": { "type": "Point", "coordinates": [ 140.806128899999976, 35.7240067 ] } },
{ "type": "Feature", "properties": { "内容": "みつばレジデンス居宅介護支援事業所【居宅介護支援】千葉県銚子市豊里台1-1044-20", "url2": "https://www.kaigokensaku.mhlw.go.jp/12/index.php?action_kouhyou_detail_004_kani=true&JigyosyoCd=1270701202-00&ServiceCd=430&Type=search" }, "geometry": { "type": "Point", "coordinates": [ 140.708507105557288, 35.788094530794254 ] } },
{ "type": "Feature", "properties": { "内容": "訪問看護ステーション双葉【居宅介護支援】千葉県銚子市双葉町3番地の6A棟", "url2": "https://www.kaigokensaku.mhlw.go.jp/12/index.php?action_kouhyou_detail_004_kani=true&JigyosyoCd=1261390020-00&ServiceCd=430&Type=search" }, "geometry": { "type": "Point", "coordinates": [ 140.828740399999987, 35.7327621 ] } },
{ "type": "Feature", "properties": { "内容": "有限会社弘誠会看護婦家政婦紹介所【居宅介護支援】千葉県銚子市末広町６番地の１５", "url2": "https://www.kaigokensaku.mhlw.go.jp/12/index.php?action_kouhyou_detail_004_kani=true&JigyosyoCd=1270700261-00&ServiceCd=430&Type=search" }, "geometry": { "type": "Point", "coordinates": [ 140.831540200000063, 35.7313874 ] } },
{ "type": "Feature", "properties": { "内容": "在宅介護支援センタ－さざんか園【居宅介護支援】千葉県銚子市新町959番地4", "url2": "https://www.kaigokensaku.mhlw.go.jp/12/index.php?action_kouhyou_detail_004_kani=true&JigyosyoCd=1270700071-00&ServiceCd=430&Type=search" }, "geometry": { "type": "Point", "coordinates": [ 140.75551280000002, 35.731432400000024 ] } },
{ "type": "Feature", "properties": { "内容": "介護老人保健施設慈風苑【居宅介護支援】千葉県銚子市長塚町３丁目６０９番地の２", "url2": "https://www.kaigokensaku.mhlw.go.jp/12/index.php?action_kouhyou_detail_004_kani=true&JigyosyoCd=1251380013-00&ServiceCd=430&Type=search" }, "geometry": { "type": "Point", "coordinates": [ 140.801578799999987, 35.7392579 ] } },
{ "type": "Feature", "properties": { "内容": "ミナト介護ケアプランナー銚子【居宅介護支援】千葉県銚子市川口町2-6385-44", "url2": "https://www.kaigokensaku.mhlw.go.jp/12/index.php?action_kouhyou_detail_004_kani=true&JigyosyoCd=1270700865-00&ServiceCd=430&Type=search" }, "geometry": { "type": "Point", "coordinates": [ 140.857421199999976, 35.7414346 ] } },
{ "type": "Feature", "properties": { "内容": "ケアマネージャー事業所ごーおん【居宅介護支援】千葉県銚子市港町1642番地", "url2": "https://www.kaigokensaku.mhlw.go.jp/12/index.php?action_kouhyou_detail_004_kani=true&JigyosyoCd=1270701103-00&ServiceCd=430&Type=search" }, "geometry": { "type": "Point", "coordinates": [ 140.846208199999978, 35.7373567 ] } },
{ "type": "Feature", "properties": { "内容": "介護サービスみき【居宅介護支援】千葉県銚子市春日町１９４６番地の２", "url2": "https://www.kaigokensaku.mhlw.go.jp/12/index.php?action_kouhyou_detail_004_kani=true&JigyosyoCd=1270701129-00&ServiceCd=430&Type=search" }, "geometry": { "type": "Point", "coordinates": [ 140.815442, 35.7198462 ] } },
{ "type": "Feature", "properties": { "内容": "居宅支援センターマリンピア銚子【居宅介護支援】千葉県銚子市外川町４－１１２２９", "url2": "https://www.kaigokensaku.mhlw.go.jp/12/index.php?action_kouhyou_detail_004_kani=true&JigyosyoCd=1270700857-00&ServiceCd=430&Type=search" }, "geometry": { "type": "Point", "coordinates": [ 140.851777800000036, 35.6997304 ] } },
{ "type": "Feature", "properties": { "内容": "アステルサポート株式会社【居宅介護支援】千葉県銚子市春日町105", "url2": "https://www.kaigokensaku.mhlw.go.jp/12/index.php?action_kouhyou_detail_004_kani=true&JigyosyoCd=1270701251-00&ServiceCd=430&Type=search" }, "geometry": { "type": "Point", "coordinates": [ 140.824998599999986, 35.724502500000021 ] } },
{ "type": "Feature", "properties": { "内容": "居宅介護きずな【居宅介護支援】千葉県銚子市小畑新町8430-2", "url2": "https://www.kaigokensaku.mhlw.go.jp/12/index.php?action_kouhyou_detail_004_kani=true&JigyosyoCd=1270700832-00&ServiceCd=430&Type=search" }, "geometry": { "type": "Point", "coordinates": [ 140.861424199999988, 35.7212195 ] } },
{ "type": "Feature", "properties": { "内容": "ケアマネージャーほのか【居宅介護支援】千葉県銚子市本城町2丁目37番地17", "url2": "https://www.kaigokensaku.mhlw.go.jp/12/index.php?action_kouhyou_detail_004_kani=true&JigyosyoCd=1270701442-00&ServiceCd=430&Type=search" }, "geometry": { "type": "Point", "coordinates": [ 140.8137907, 35.7364805 ] } },
{ "type": "Feature", "properties": { "内容": "フタバ薬局介護事業部【居宅介護支援】千葉県銚子市西芝町13番地6", "url2": "https://www.kaigokensaku.mhlw.go.jp/12/index.php?action_kouhyou_detail_004_kani=true&JigyosyoCd=1270700931-00&ServiceCd=430&Type=search" }, "geometry": { "type": "Point", "coordinates": [ 140.842597500000011, 35.7260328 ] } },
{ "type": "Feature", "properties": { "内容": "ケアマネージメントハウス松籟の丘【居宅介護支援】千葉県銚子市野尻町273-1", "url2": "https://www.kaigokensaku.mhlw.go.jp/12/index.php?action_kouhyou_detail_004_kani=true&JigyosyoCd=1270700964-00&ServiceCd=430&Type=search" }, "geometry": { "type": "Point", "coordinates": [ 140.754563522569356, 35.768423877808914 ] } },
{ "type": "Feature", "properties": { "内容": "いるかくらぶ【居宅介護支援】千葉県銚子市松岸町３－５９２－１", "url2": "https://www.kaigokensaku.mhlw.go.jp/12/index.php?action_kouhyou_detail_004_kani=true&JigyosyoCd=1270700402-00&ServiceCd=430&Type=search" }, "geometry": { "type": "Point", "coordinates": [ 140.790821199999982, 35.7415907 ] } },
{ "type": "Feature", "properties": { "内容": "指定居宅介護支援事業所なごやか【居宅介護支援】千葉県銚子市茶畑町57番地1", "url2": "https://www.kaigokensaku.mhlw.go.jp/12/index.php?action_kouhyou_detail_004_kani=true&JigyosyoCd=1270700519-00&ServiceCd=430&Type=search" }, "geometry": { "type": "Point", "coordinates": [ 140.738130400000045, 35.734226 ] } },
{ "type": "Feature", "properties": { "内容": "指定居宅介護支援事業所なごやか野尻【居宅介護支援】千葉県銚子市野尻町323番地の1", "url2": "https://www.kaigokensaku.mhlw.go.jp/12/index.php?action_kouhyou_detail_004_kani=true&JigyosyoCd=1270701434-00&ServiceCd=430&Type=search" }, "geometry": { "type": "Point", "coordinates": [ 140.7570709, 35.766249299999984 ] } },
{ "type": "Feature", "properties": { "内容": "居宅介護支援事業所ハートケア京葉【居宅介護支援】千葉県市川市中国分2-14-9ボンドストリートⅠ202", "url2": "https://www.kaigokensaku.mhlw.go.jp/12/index.php?action_kouhyou_detail_004_kani=true&JigyosyoCd=1270805144-00&ServiceCd=430&Type=search" }, "geometry": { "type": "Point", "coordinates": [ 139.912196599999987, 35.750032 ] } },
{ "type": "Feature", "properties": { "内容": "ケアプランおんぷ【居宅介護支援】千葉県市川市稲越1-19-6ウッドサイド市川207", "url2": "https://www.kaigokensaku.mhlw.go.jp/12/index.php?action_kouhyou_detail_004_kani=true&JigyosyoCd=1270806225-00&ServiceCd=430&Type=search" }, "geometry": { "type": "Point", "coordinates": [ 139.929835200000042, 35.759344 ] } },
{ "type": "Feature", "properties": { "内容": "アフェクション南行徳　居宅介護支援事業所【居宅介護支援】市川市南行徳3－14－24", "url2": "https://www.kaigokensaku.mhlw.go.jp/12/index.php?action_kouhyou_detail_004_kani=true&JigyosyoCd=1270802554-00&ServiceCd=430&Type=search" }, "geometry": { "type": "Point", "coordinates": [ 139.901765499999982, 35.66962860000001 ] } },
{ "type": "Feature", "properties": { "内容": "有限会社　市川家政婦紹介所【居宅介護支援】千葉県市川市市川1-13-32-401アパートメントウイステリア", "url2": "https://www.kaigokensaku.mhlw.go.jp/12/index.php?action_kouhyou_detail_004_kani=true&JigyosyoCd=1270800491-00&ServiceCd=430&Type=search" }, "geometry": { "type": "Point", "coordinates": [ 139.908138862565579, 35.731667691557895 ] } },
{ "type": "Feature", "properties": { "内容": "市川あさひ荘ケアセンター【居宅介護支援】千葉県市川市大町537", "url2": "https://www.kaigokensaku.mhlw.go.jp/12/index.php?action_kouhyou_detail_004_kani=true&JigyosyoCd=1270800046-00&ServiceCd=430&Type=search" }, "geometry": { "type": "Point", "coordinates": [ 139.953540100000026, 35.7606561 ] } },
{ "type": "Feature", "properties": { "内容": "ケアプラン　ゆうこう【居宅介護支援】千葉県市川市日之出17-9アルテ1F101", "url2": "https://www.kaigokensaku.mhlw.go.jp/12/index.php?action_kouhyou_detail_004_kani=true&JigyosyoCd=1270800103-00&ServiceCd=430&Type=search" }, "geometry": { "type": "Point", "coordinates": [ 139.9217466, 35.676161300000025 ] } },
{ "type": "Feature", "properties": { "内容": "癒しのケアプランセンター市川おにだか【居宅介護支援】千葉県市川市鬼高1-6-2", "url2": "https://www.kaigokensaku.mhlw.go.jp/12/index.php?action_kouhyou_detail_004_kani=true&JigyosyoCd=1270800434-00&ServiceCd=430&Type=search" }, "geometry": { "type": "Point", "coordinates": [ 139.9337471, 35.7127399 ] } },
{ "type": "Feature", "properties": { "内容": "特定非営利活動法人コミュニティやすらぎ【居宅介護支援】千葉県市川市南大野2丁目20番4号　山室ハイツ103山室ハイツ103", "url2": "https://www.kaigokensaku.mhlw.go.jp/12/index.php?action_kouhyou_detail_004_kani=true&JigyosyoCd=1270800988-00&ServiceCd=430&Type=search" }, "geometry": { "type": "Point", "coordinates": [ 139.949366599999962, 35.7452321 ] } },
{ "type": "Feature", "properties": { "内容": "照沼整骨院介護サービス【居宅介護支援】千葉県市川市塩焼2-2-47", "url2": "https://www.kaigokensaku.mhlw.go.jp/12/index.php?action_kouhyou_detail_004_kani=true&JigyosyoCd=1270801978-00&ServiceCd=430&Type=search" }, "geometry": { "type": "Point", "coordinates": [ 139.925428199999942, 35.6865636 ] } },
{ "type": "Feature", "properties": { "内容": "おれんじ【居宅介護支援】千葉県市川市南八幡3-7-15スクウェアーハイム506", "url2": "https://www.kaigokensaku.mhlw.go.jp/12/index.php?action_kouhyou_detail_004_kani=true&JigyosyoCd=1270805953-00&ServiceCd=430&Type=search" }, "geometry": { "type": "Point", "coordinates": [ 139.9275037990935, 35.719039407247998 ] } },
{ "type": "Feature", "properties": { "内容": "栗の木ケアプラン【居宅介護支援】千葉県市川市若宮3-30-5", "url2": "https://www.kaigokensaku.mhlw.go.jp/12/index.php?action_kouhyou_detail_004_kani=true&JigyosyoCd=1270801861-00&ServiceCd=430&Type=search" }, "geometry": { "type": "Point", "coordinates": [ 139.95405489999996, 35.7264133 ] } },
{ "type": "Feature", "properties": { "内容": "眞栄接骨院居宅介護支援事務所【居宅介護支援】千葉県市川市南行徳３－４－１３美添店舗C号室", "url2": "https://www.kaigokensaku.mhlw.go.jp/12/index.php?action_kouhyou_detail_004_kani=true&JigyosyoCd=1270804493-00&ServiceCd=430&Type=search" }, "geometry": { "type": "Point", "coordinates": [ 139.9055194, 35.6676155 ] } },
{ "type": "Feature", "properties": { "内容": "セントケア市川【居宅介護支援】千葉県市川市行徳駅前2－20‐9ﾗｸﾞﾅﾊﾟｰｸ102", "url2": "https://www.kaigokensaku.mhlw.go.jp/12/index.php?action_kouhyou_detail_004_kani=true&JigyosyoCd=1270802075-00&ServiceCd=430&Type=search" }, "geometry": { "type": "Point", "coordinates": [ 139.9123912, 35.683424100000018 ] } },
{ "type": "Feature", "properties": { "内容": "ケアプランのんびり【居宅介護支援】千葉県市川市関ヶ島13-3第二牧野ﾋﾞﾙ101号", "url2": "https://www.kaigokensaku.mhlw.go.jp/12/index.php?action_kouhyou_detail_004_kani=true&JigyosyoCd=1270804592-00&ServiceCd=430&Type=search" }, "geometry": { "type": "Point", "coordinates": [ 139.9173343, 35.6884801 ] } },
{ "type": "Feature", "properties": { "内容": "株式会社朝日ケアコンサルタント「テレサ会」【居宅介護支援】千葉県市川市南八幡4-14-15アール・ワイ・エムビル２F", "url2": "https://www.kaigokensaku.mhlw.go.jp/12/index.php?action_kouhyou_detail_004_kani=true&JigyosyoCd=1270805599-00&ServiceCd=430&Type=search" }, "geometry": { "type": "Point", "coordinates": [ 139.9252071, 35.718913 ] } },
{ "type": "Feature", "properties": { "内容": "八幡ケアマネジメント【居宅介護支援】千葉県市川市平田1-11-2石井第一ビル3階", "url2": "https://www.kaigokensaku.mhlw.go.jp/12/index.php?action_kouhyou_detail_004_kani=true&JigyosyoCd=1270802448-00&ServiceCd=430&Type=search" }, "geometry": { "type": "Point", "coordinates": [ 139.923046699999986, 35.7236974 ] } },
{ "type": "Feature", "properties": { "内容": "ケアサポート　紡ぐ【居宅介護支援】千葉県市川市宮久保２－６－５", "url2": "https://www.kaigokensaku.mhlw.go.jp/12/index.php?action_kouhyou_detail_004_kani=true&JigyosyoCd=1270802737-00&ServiceCd=430&Type=search" }, "geometry": { "type": "Point", "coordinates": [ 139.929295869311517, 35.738870789746152 ] } },
{ "type": "Feature", "properties": { "内容": "ＳＳＵ介護サービス【居宅介護支援】千葉県市川市塩焼2丁目11番14号", "url2": "https://www.kaigokensaku.mhlw.go.jp/12/index.php?action_kouhyou_detail_004_kani=true&JigyosyoCd=1270801788-00&ServiceCd=430&Type=search" }, "geometry": { "type": "Point", "coordinates": [ 139.9275169, 35.6864358 ] } },
{ "type": "Feature", "properties": { "内容": "レンティケアサービス菅野【居宅介護支援】千葉県市川市菅野４－１７－１４ゴールドパレス201", "url2": "https://www.kaigokensaku.mhlw.go.jp/12/index.php?action_kouhyou_detail_004_kani=true&JigyosyoCd=1270802455-00&ServiceCd=430&Type=search" }, "geometry": { "type": "Point", "coordinates": [ 139.923229699999979, 35.7327069 ] } },
{ "type": "Feature", "properties": { "内容": "ホワイト市川ケアプランセンター【居宅介護支援】千葉県市川市高谷1854", "url2": "https://www.kaigokensaku.mhlw.go.jp/12/index.php?action_kouhyou_detail_004_kani=true&JigyosyoCd=1270800079-00&ServiceCd=430&Type=search" }, "geometry": { "type": "Point", "coordinates": [ 139.945109499999944, 35.692082 ] } },
{ "type": "Feature", "properties": { "内容": "心ほっと市川【居宅介護支援】千葉県市川市八幡３－２２－１６ヴィラ市川1階", "url2": "https://www.kaigokensaku.mhlw.go.jp/12/index.php?action_kouhyou_detail_004_kani=true&JigyosyoCd=1270803701-00&ServiceCd=430&Type=search" }, "geometry": { "type": "Point", "coordinates": [ 139.927355613998088, 35.726211343397743 ] } },
{ "type": "Feature", "properties": { "内容": "国府台ケアセンター【居宅介護支援】千葉県市川市国府台5-25-4", "url2": "https://www.kaigokensaku.mhlw.go.jp/12/index.php?action_kouhyou_detail_004_kani=true&JigyosyoCd=1270800798-00&ServiceCd=430&Type=search" }, "geometry": { "type": "Point", "coordinates": [ 139.902816499999972, 35.7535009 ] } },
{ "type": "Feature", "properties": { "内容": "ケアプランぞうさん市川大野【居宅介護支援】千葉県市川市南大野1-1-26", "url2": "https://www.kaigokensaku.mhlw.go.jp/12/index.php?action_kouhyou_detail_004_kani=true&JigyosyoCd=1270805870-00&ServiceCd=430&Type=search" }, "geometry": { "type": "Point", "coordinates": [ 139.9521306, 35.7395114 ] } },
{ "type": "Feature", "properties": { "内容": "SOMPOケア地域サービスセンター市川八幡居宅介護支援【居宅介護支援】千葉県市川市八幡2丁目3番18号ヴェルス本八幡　1階", "url2": "https://www.kaigokensaku.mhlw.go.jp/12/index.php?action_kouhyou_detail_004_kani=true&JigyosyoCd=1270805276-00&ServiceCd=430&Type=search" }, "geometry": { "type": "Point", "coordinates": [ 139.928910099999939, 35.723178 ] } },
{ "type": "Feature", "properties": { "内容": "大野中央居宅介護支援事業所【居宅介護支援】千葉県市川市下貝塚3-31-2", "url2": "https://www.kaigokensaku.mhlw.go.jp/12/index.php?action_kouhyou_detail_004_kani=true&JigyosyoCd=1270801101-00&ServiceCd=430&Type=search" }, "geometry": { "type": "Point", "coordinates": [ 139.951286994477442, 35.738792454816647 ] } },
{ "type": "Feature", "properties": { "内容": "清山荘居宅介護支援事業所【居宅介護支援】千葉県市川市柏井町４丁目３１４番地", "url2": "https://www.kaigokensaku.mhlw.go.jp/12/index.php?action_kouhyou_detail_004_kani=true&JigyosyoCd=1270800020-00&ServiceCd=430&Type=search" }, "geometry": { "type": "Point", "coordinates": [ 139.9733999, 35.7527323 ] } },
{ "type": "Feature", "properties": { "内容": "介護のパムコ菅野【居宅介護支援】千葉県市川市東菅野1-5-5", "url2": "https://www.kaigokensaku.mhlw.go.jp/12/index.php?action_kouhyou_detail_004_kani=true&JigyosyoCd=1270801028-00&ServiceCd=430&Type=search" }, "geometry": { "type": "Point", "coordinates": [ 139.929507100000023, 35.7279438 ] } },
{ "type": "Feature", "properties": { "内容": "ケアアドバイス【居宅介護支援】千葉県市川市大野町一丁目482番地17", "url2": "https://www.kaigokensaku.mhlw.go.jp/12/index.php?action_kouhyou_detail_004_kani=true&JigyosyoCd=1270805862-00&ServiceCd=430&Type=search" }, "geometry": { "type": "Point", "coordinates": [ 139.945921800000036, 35.7492086 ] } },
{ "type": "Feature", "properties": { "内容": "わかるかいご相談センター市川【居宅介護支援】千葉県市川市南行徳1-18-21高橋ビル2階", "url2": "https://www.kaigokensaku.mhlw.go.jp/12/index.php?action_kouhyou_detail_004_kani=true&JigyosyoCd=1270805904-00&ServiceCd=430&Type=search" }, "geometry": { "type": "Point", "coordinates": [ 139.9024047, 35.6717828 ] } },
{ "type": "Feature", "properties": { "内容": "介護のパムコ【居宅介護支援】千葉県市川市南八幡４-２-５いちかわ情報プラザ３０１", "url2": "https://www.kaigokensaku.mhlw.go.jp/12/index.php?action_kouhyou_detail_004_kani=true&JigyosyoCd=1270800145-00&ServiceCd=430&Type=search" }, "geometry": { "type": "Point", "coordinates": [ 139.926498400000014, 35.7206039 ] } },
{ "type": "Feature", "properties": { "内容": "居宅介護支援事業所ソラスト本八幡【居宅介護支援】千葉県市川市八幡３－２９－２０秋葉ビル201号室", "url2": "https://www.kaigokensaku.mhlw.go.jp/12/index.php?action_kouhyou_detail_004_kani=true&JigyosyoCd=1270801226-00&ServiceCd=430&Type=search" }, "geometry": { "type": "Point", "coordinates": [ 139.929121200000054, 35.7260842 ] } },
{ "type": "Feature", "properties": { "内容": "ウイング市川【居宅介護支援】千葉県市川市北方1-7-7", "url2": "https://www.kaigokensaku.mhlw.go.jp/12/index.php?action_kouhyou_detail_004_kani=true&JigyosyoCd=1270800608-00&ServiceCd=430&Type=search" }, "geometry": { "type": "Point", "coordinates": [ 139.93699, 35.7214809 ] } },
{ "type": "Feature", "properties": { "内容": "ダイバーシティ行徳【居宅介護支援】千葉県市川市行徳駅前2-16-5第一", "url2": "https://www.kaigokensaku.mhlw.go.jp/12/index.php?action_kouhyou_detail_004_kani=true&JigyosyoCd=1270805102-00&ServiceCd=430&Type=search" }, "geometry": { "type": "Point", "coordinates": [ 139.913285903077707, 35.682316855896595 ] } },
{ "type": "Feature", "properties": { "内容": "ベネッセ介護センター本八幡【居宅介護支援】千葉県市川市南八幡4-8-9ニューグリーンビル402号室", "url2": "https://www.kaigokensaku.mhlw.go.jp/12/index.php?action_kouhyou_detail_004_kani=true&JigyosyoCd=1270804881-00&ServiceCd=430&Type=search" }, "geometry": { "type": "Point", "coordinates": [ 139.926032699999951, 35.7188843 ] } },
{ "type": "Feature", "properties": { "内容": "生活協同組合パルシステム千葉居宅介護支援にじいろぱる市川【居宅介護支援】千葉県市川市国府台３丁目２番１６号", "url2": "https://www.kaigokensaku.mhlw.go.jp/12/index.php?action_kouhyou_detail_004_kani=true&JigyosyoCd=1270805201-00&ServiceCd=430&Type=search" }, "geometry": { "type": "Point", "coordinates": [ 139.903011099999958, 35.7492654 ] } },
{ "type": "Feature", "properties": { "内容": "ケアプラン　すみれ【居宅介護支援】千葉県市川市中国分２－１１－６", "url2": "https://www.kaigokensaku.mhlw.go.jp/12/index.php?action_kouhyou_detail_004_kani=true&JigyosyoCd=1270802059-00&ServiceCd=430&Type=search" }, "geometry": { "type": "Point", "coordinates": [ 139.910868899999969, 35.7504902 ] } },
{ "type": "Feature", "properties": { "内容": "ケアプランカイト【居宅介護支援】千葉県市川市市川1-22-6青山ビル201", "url2": "https://www.kaigokensaku.mhlw.go.jp/12/index.php?action_kouhyou_detail_004_kani=true&JigyosyoCd=1270805920-00&ServiceCd=430&Type=search" }, "geometry": { "type": "Point", "coordinates": [ 139.908407996433453, 35.731174260691901 ] } },
{ "type": "Feature", "properties": { "内容": "サンシルバー市川居宅介護支援事業所【居宅介護支援】千葉県市川市北方町4丁目1460", "url2": "https://www.kaigokensaku.mhlw.go.jp/12/index.php?action_kouhyou_detail_004_kani=true&JigyosyoCd=1270801747-00&ServiceCd=430&Type=search" }, "geometry": { "type": "Point", "coordinates": [ 139.954076799999939, 35.7380866 ] } },
{ "type": "Feature", "properties": { "内容": "生活クラブ風の村ケアプランセンター市川【居宅介護支援】千葉県市川市須和田1-23-4", "url2": "https://www.kaigokensaku.mhlw.go.jp/12/index.php?action_kouhyou_detail_004_kani=true&JigyosyoCd=1270801093-00&ServiceCd=430&Type=search" }, "geometry": { "type": "Point", "coordinates": [ 139.9175689, 35.7368478 ] } },
{ "type": "Feature", "properties": { "内容": "い・ろ・は介護相談ルーム【居宅介護支援】千葉県市川市南行徳1-5-17アルビオーレ南行徳103", "url2": "https://www.kaigokensaku.mhlw.go.jp/12/index.php?action_kouhyou_detail_004_kani=true&JigyosyoCd=1270805946-00&ServiceCd=430&Type=search" }, "geometry": { "type": "Point", "coordinates": [ 139.9060706, 35.6736255 ] } },
{ "type": "Feature", "properties": { "内容": "ゆうケアサービス【居宅介護支援】千葉県市川市大野町1丁目70-1", "url2": "https://www.kaigokensaku.mhlw.go.jp/12/index.php?action_kouhyou_detail_004_kani=true&JigyosyoCd=1270802620-00&ServiceCd=430&Type=search" }, "geometry": { "type": "Point", "coordinates": [ 139.953840500000069, 35.7465106 ] } },
{ "type": "Feature", "properties": { "内容": "やわらぎの郷【居宅介護支援】千葉県市川市大町438-2", "url2": "https://www.kaigokensaku.mhlw.go.jp/12/index.php?action_kouhyou_detail_004_kani=true&JigyosyoCd=1270803297-00&ServiceCd=430&Type=search" }, "geometry": { "type": "Point", "coordinates": [ 139.957984, 35.7658361 ] } },
{ "type": "Feature", "properties": { "内容": "株式会社　中山総合福祉マネジメント【居宅介護支援】千葉県市川市北方２丁目１０番１９号", "url2": "https://www.kaigokensaku.mhlw.go.jp/12/index.php?action_kouhyou_detail_004_kani=true&JigyosyoCd=1270800012-00&ServiceCd=430&Type=search" }, "geometry": { "type": "Point", "coordinates": [ 139.938117599999941, 35.7231112 ] } },
{ "type": "Feature", "properties": { "内容": "ニチイケアセンター北国分【居宅介護支援】千葉県市川市堀之内4-10-25", "url2": "https://www.kaigokensaku.mhlw.go.jp/12/index.php?action_kouhyou_detail_004_kani=true&JigyosyoCd=1270800533-00&ServiceCd=430&Type=search" }, "geometry": { "type": "Point", "coordinates": [ 139.915854399999944, 35.7599916 ] } },
{ "type": "Feature", "properties": { "内容": "太陽と緑の家　居宅介護支援事業所【居宅介護支援】千葉県市川市大野町３－１７２３メゾンルミエール１F", "url2": "https://www.kaigokensaku.mhlw.go.jp/12/index.php?action_kouhyou_detail_004_kani=true&JigyosyoCd=1270803149-00&ServiceCd=430&Type=search" }, "geometry": { "type": "Point", "coordinates": [ 139.955097393683559, 35.756437120486126 ] } },
{ "type": "Feature", "properties": { "内容": "東京海上日動みずたま介護ＳＴ本八幡ケアプランセンター【居宅介護支援】千葉県市川市南八幡3-3-16アグレ本八幡１０１号室", "url2": "https://www.kaigokensaku.mhlw.go.jp/12/index.php?action_kouhyou_detail_004_kani=true&JigyosyoCd=1270804840-00&ServiceCd=430&Type=search" }, "geometry": { "type": "Point", "coordinates": [ 139.928857879512378, 35.719988552481354 ] } },
{ "type": "Feature", "properties": { "内容": "ケアプランセンター市友【居宅介護支援】千葉県市川市新田2-28-3サンコーポ101", "url2": "https://www.kaigokensaku.mhlw.go.jp/12/index.php?action_kouhyou_detail_004_kani=true&JigyosyoCd=1270806084-00&ServiceCd=430&Type=search" }, "geometry": { "type": "Point", "coordinates": [ 139.912854900000013, 35.726423 ] } },
{ "type": "Feature", "properties": { "内容": "タカサケアサポート市川【居宅介護支援】千葉県市川市若宮３－３１－５タカサ薬局市川若宮店内", "url2": "https://www.kaigokensaku.mhlw.go.jp/12/index.php?action_kouhyou_detail_004_kani=true&JigyosyoCd=1270802141-00&ServiceCd=430&Type=search" }, "geometry": { "type": "Point", "coordinates": [ 139.954643799999985, 35.7267299 ] } },
{ "type": "Feature", "properties": { "内容": "ケアプランゆうあい【居宅介護支援】千葉県市川市中山1-22-2", "url2": "https://www.kaigokensaku.mhlw.go.jp/12/index.php?action_kouhyou_detail_004_kani=true&JigyosyoCd=1270806035-00&ServiceCd=430&Type=search" }, "geometry": { "type": "Point", "coordinates": [ 139.91138620000001, 35.729348 ] } },
{ "type": "Feature", "properties": { "内容": "有限会社京成ケアサービス【居宅介護支援】千葉県市川市市川3-32-8", "url2": "https://www.kaigokensaku.mhlw.go.jp/12/index.php?action_kouhyou_detail_004_kani=true&JigyosyoCd=1270800095-00&ServiceCd=430&Type=search" }, "geometry": { "type": "Point", "coordinates": [ 139.903730799999948, 35.737572700000015 ] } },
{ "type": "Feature", "properties": { "内容": "京成ケアサービス曽谷【居宅介護支援】千葉県市川市曽谷4丁目3番5号103", "url2": "https://www.kaigokensaku.mhlw.go.jp/12/index.php?action_kouhyou_detail_004_kani=true&JigyosyoCd=1270801960-00&ServiceCd=430&Type=search" }, "geometry": { "type": "Point", "coordinates": [ 139.929826, 35.7446273 ] } },
{ "type": "Feature", "properties": { "内容": "いやさかケア【居宅介護支援】千葉県市川市大野町1丁目460番5メゾンドサンシャイン203号室", "url2": "https://www.kaigokensaku.mhlw.go.jp/12/index.php?action_kouhyou_detail_004_kani=true&JigyosyoCd=1270806217-00&ServiceCd=430&Type=search" }, "geometry": { "type": "Point", "coordinates": [ 139.946692899999988, 35.748017 ] } },
{ "type": "Feature", "properties": { "内容": "さわやかケア市川・居宅介護支援【居宅介護支援】千葉県市川市真間１－１２－４市川センタービル4階", "url2": "https://www.kaigokensaku.mhlw.go.jp/12/index.php?action_kouhyou_detail_004_kani=true&JigyosyoCd=1270801820-00&ServiceCd=430&Type=search" }, "geometry": { "type": "Point", "coordinates": [ 139.911093265884318, 35.732108329590631 ] } },
{ "type": "Feature", "properties": { "内容": "くるみ介護サービス　市川店【居宅介護支援】千葉県市川市市川南１－３－２１", "url2": "https://www.kaigokensaku.mhlw.go.jp/12/index.php?action_kouhyou_detail_004_kani=true&JigyosyoCd=1270803214-00&ServiceCd=430&Type=search" }, "geometry": { "type": "Point", "coordinates": [ 139.907887130640347, 35.726630383440565 ] } },
{ "type": "Feature", "properties": { "内容": "しらぎく園居宅介護支援事業所【居宅介護支援】千葉県市川市東国分1-21-22", "url2": "https://www.kaigokensaku.mhlw.go.jp/12/index.php?action_kouhyou_detail_004_kani=true&JigyosyoCd=1270800384-00&ServiceCd=430&Type=search" }, "geometry": { "type": "Point", "coordinates": [ 139.9235794, 35.7424803 ] } },
{ "type": "Feature", "properties": { "内容": "ナチュラルライフサポート【居宅介護支援】千葉県市川市福栄4-9-1-104ﾄｰｺｰﾏﾝｼｮﾝﾝ", "url2": "https://www.kaigokensaku.mhlw.go.jp/12/index.php?action_kouhyou_detail_004_kani=true&JigyosyoCd=1270801762-00&ServiceCd=430&Type=search" }, "geometry": { "type": "Point", "coordinates": [ 139.910357699999963, 35.671204 ] } },
{ "type": "Feature", "properties": { "内容": "三愛指定居宅介護支援事業所【居宅介護支援】千葉県市川市柏井町3-650", "url2": "https://www.kaigokensaku.mhlw.go.jp/12/index.php?action_kouhyou_detail_004_kani=true&JigyosyoCd=1270801945-00&ServiceCd=430&Type=search" }, "geometry": { "type": "Point", "coordinates": [ 139.964287, 35.7457441 ] } },
{ "type": "Feature", "properties": { "内容": "ケアサポート　みそら【居宅介護支援】千葉県市川市中国分5-20-16デイサービス真３　施設内", "url2": "https://www.kaigokensaku.mhlw.go.jp/12/index.php?action_kouhyou_detail_004_kani=true&JigyosyoCd=1270806076-00&ServiceCd=430&Type=search" }, "geometry": { "type": "Point", "coordinates": [ 139.909404200000012, 35.7550327 ] } },
{ "type": "Feature", "properties": { "内容": "ナーシングホーム市川【居宅介護支援】千葉県市川市柏井町４丁目３１０番地特別養護老人ホーム「ナーシングホーム市川」内", "url2": "https://www.kaigokensaku.mhlw.go.jp/12/index.php?action_kouhyou_detail_004_kani=true&JigyosyoCd=1270800038-00&ServiceCd=430&Type=search" }, "geometry": { "type": "Point", "coordinates": [ 139.973332343408202, 35.753764700108135 ] } },
{ "type": "Feature", "properties": { "内容": "一般財団法人　市川市福祉公社【居宅介護支援】千葉県市川市市川南1-1-1ザタワーズイースト２０９", "url2": "https://www.kaigokensaku.mhlw.go.jp/12/index.php?action_kouhyou_detail_004_kani=true&JigyosyoCd=1270800178-00&ServiceCd=430&Type=search" }, "geometry": { "type": "Point", "coordinates": [ 139.908229876182531, 35.728437640423842 ] } },
{ "type": "Feature", "properties": { "内容": "株式会社　愛ネット【居宅介護支援】千葉県市川市福栄３－２０－８", "url2": "https://www.kaigokensaku.mhlw.go.jp/12/index.php?action_kouhyou_detail_004_kani=true&JigyosyoCd=1270800871-00&ServiceCd=430&Type=search" }, "geometry": { "type": "Point", "coordinates": [ 139.910379899999953, 35.67164 ] } },
{ "type": "Feature", "properties": { "内容": "トモカンパニー介護のとも【居宅介護支援】千葉県市川市南八幡３－７－７シティハイツ１０３", "url2": "https://www.kaigokensaku.mhlw.go.jp/12/index.php?action_kouhyou_detail_004_kani=true&JigyosyoCd=1270800913-00&ServiceCd=430&Type=search" }, "geometry": { "type": "Point", "coordinates": [ 139.928100099999938, 35.7193754 ] } },
{ "type": "Feature", "properties": { "内容": "グレースケア市川居宅介護支援事業所【居宅介護支援】千葉県市川市大町43－3", "url2": "https://www.kaigokensaku.mhlw.go.jp/12/index.php?action_kouhyou_detail_004_kani=true&JigyosyoCd=1270802588-00&ServiceCd=430&Type=search" }, "geometry": { "type": "Point", "coordinates": [ 139.953584200000023, 35.7698161 ] } },
{ "type": "Feature", "properties": { "内容": "ケアプランセンターフォレスト行徳【居宅介護支援】千葉県市川市行徳駅前2-25-15もみじ店舗２Ｆ", "url2": "https://www.kaigokensaku.mhlw.go.jp/12/index.php?action_kouhyou_detail_004_kani=true&JigyosyoCd=1270803909-00&ServiceCd=430&Type=search" }, "geometry": { "type": "Point", "coordinates": [ 139.913293407922964, 35.68090388764093 ] } },
{ "type": "Feature", "properties": { "内容": "ケアリッツプラン行徳【居宅介護支援】千葉県市川市行徳駅前1-17-8フラッグK･K-2A", "url2": "https://www.kaigokensaku.mhlw.go.jp/12/index.php?action_kouhyou_detail_004_kani=true&JigyosyoCd=1270804634-00&ServiceCd=430&Type=search" }, "geometry": { "type": "Point", "coordinates": [ 139.915623466008356, 35.683168514505965 ] } },
{ "type": "Feature", "properties": { "内容": "居宅介護支援事業所ホームケア本八幡【居宅介護支援】千葉県市川市南八幡3-5-15並木ビル４０１", "url2": "https://www.kaigokensaku.mhlw.go.jp/12/index.php?action_kouhyou_detail_004_kani=true&JigyosyoCd=1270804832-00&ServiceCd=430&Type=search" }, "geometry": { "type": "Point", "coordinates": [ 139.927824099999953, 35.7204062 ] } },
{ "type": "Feature", "properties": { "内容": "シルバン介護センター【居宅介護支援】千葉県市川市真間2-9-5", "url2": "https://www.kaigokensaku.mhlw.go.jp/12/index.php?action_kouhyou_detail_004_kani=true&JigyosyoCd=1270800665-00&ServiceCd=430&Type=search" }, "geometry": { "type": "Point", "coordinates": [ 139.909182489549238, 35.735802901630265 ] } },
{ "type": "Feature", "properties": { "内容": "リンク居宅介護支援センター【居宅介護支援】千葉県市川市塩浜4-2-3-109", "url2": "https://www.kaigokensaku.mhlw.go.jp/12/index.php?action_kouhyou_detail_004_kani=true&JigyosyoCd=1270801077-00&ServiceCd=430&Type=search" }, "geometry": { "type": "Point", "coordinates": [ 139.913466100000051, 35.6621105 ] } },
{ "type": "Feature", "properties": { "内容": "シルバン介護センター・東の森【居宅介護支援】千葉県市川市宮久保3-15-15", "url2": "https://www.kaigokensaku.mhlw.go.jp/12/index.php?action_kouhyou_detail_004_kani=true&JigyosyoCd=1270803016-00&ServiceCd=430&Type=search" }, "geometry": { "type": "Point", "coordinates": [ 139.938008327647339, 35.734998110629952 ] } },
{ "type": "Feature", "properties": { "内容": "あくあ居宅介護支援事業所【居宅介護支援】千葉県市川市南大野3-14-3", "url2": "https://www.kaigokensaku.mhlw.go.jp/12/index.php?action_kouhyou_detail_004_kani=true&JigyosyoCd=1270804915-00&ServiceCd=430&Type=search" }, "geometry": { "type": "Point", "coordinates": [ 139.95363210000005, 35.7471105 ] } },
{ "type": "Feature", "properties": { "内容": "ケア・スポットかんどり【居宅介護支援】千葉県市川市香取2-9-11", "url2": "https://www.kaigokensaku.mhlw.go.jp/12/index.php?action_kouhyou_detail_004_kani=true&JigyosyoCd=1270805821-00&ServiceCd=430&Type=search" }, "geometry": { "type": "Point", "coordinates": [ 139.9085124, 35.6781913 ] } },
{ "type": "Feature", "properties": { "内容": "ケアプラン　ありのみ【居宅介護支援】千葉県市川市宮久保4-29-15", "url2": "https://www.kaigokensaku.mhlw.go.jp/12/index.php?action_kouhyou_detail_004_kani=true&JigyosyoCd=1270806241-00&ServiceCd=430&Type=search" }, "geometry": { "type": "Point", "coordinates": [ 139.9393543, 35.7407274 ] } },
{ "type": "Feature", "properties": { "内容": "りぼんケア【居宅介護支援】千葉県市川市大和田3-25-8", "url2": "https://www.kaigokensaku.mhlw.go.jp/12/index.php?action_kouhyou_detail_004_kani=true&JigyosyoCd=1270803073-00&ServiceCd=430&Type=search" }, "geometry": { "type": "Point", "coordinates": [ 139.91560579999998, 35.7156876 ] } },
{ "type": "Feature", "properties": { "内容": "ケアみなみ支援センター【居宅介護支援】千葉県市川市市川１－２１-7クレール市川310", "url2": "https://www.kaigokensaku.mhlw.go.jp/12/index.php?action_kouhyou_detail_004_kani=true&JigyosyoCd=1270804022-00&ServiceCd=430&Type=search" }, "geometry": { "type": "Point", "coordinates": [ 139.90968620000001, 35.7318209 ] } },
{ "type": "Feature", "properties": { "内容": "ケアプランいちかわ【居宅介護支援】千葉県市川市大洲４－１０－２１", "url2": "https://www.kaigokensaku.mhlw.go.jp/12/index.php?action_kouhyou_detail_004_kani=true&JigyosyoCd=1270803412-00&ServiceCd=430&Type=search" }, "geometry": { "type": "Point", "coordinates": [ 139.90896920000003, 35.7217732 ] } },
{ "type": "Feature", "properties": { "内容": "ポピンズ京葉ケアステーションいちかわ【居宅介護支援】千葉県市川市真間1-5-2リバーフォレスト真間1階", "url2": "https://www.kaigokensaku.mhlw.go.jp/12/index.php?action_kouhyou_detail_004_kani=true&JigyosyoCd=1270806258-00&ServiceCd=430&Type=search" }, "geometry": { "type": "Point", "coordinates": [ 139.914265699999987, 35.7326207 ] } },
{ "type": "Feature", "properties": { "内容": "ライフアドバンスセノバいちかわ【居宅介護支援】千葉県市川市南大野3-3-13", "url2": "https://www.kaigokensaku.mhlw.go.jp/12/index.php?action_kouhyou_detail_004_kani=true&JigyosyoCd=1270800731-00&ServiceCd=430&Type=search" }, "geometry": { "type": "Point", "coordinates": [ 139.957141219218414, 35.746578479917964 ] } },
{ "type": "Feature", "properties": { "内容": "えんどう接骨院ケアサービス【居宅介護支援】千葉県市川市菅野１－２３－１８", "url2": "https://www.kaigokensaku.mhlw.go.jp/12/index.php?action_kouhyou_detail_004_kani=true&JigyosyoCd=1270801986-00&ServiceCd=430&Type=search" }, "geometry": { "type": "Point", "coordinates": [ 139.925410199999988, 35.7300546 ] } },
{ "type": "Feature", "properties": { "内容": "ひまわり【居宅介護支援】千葉県市川市八幡2-8-19第三山本ビル1階", "url2": "https://www.kaigokensaku.mhlw.go.jp/12/index.php?action_kouhyou_detail_004_kani=true&JigyosyoCd=1270804956-00&ServiceCd=430&Type=search" }, "geometry": { "type": "Point", "coordinates": [ 139.930289610176601, 35.721500532894197 ] } },
{ "type": "Feature", "properties": { "内容": "幸志会ケアプランセンター【居宅介護支援】千葉県市川市南八幡３丁目２番１エクセル貴多川第２", "url2": "https://www.kaigokensaku.mhlw.go.jp/12/index.php?action_kouhyou_detail_004_kani=true&JigyosyoCd=1270806233-00&ServiceCd=430&Type=search" }, "geometry": { "type": "Point", "coordinates": [ 139.929481600000031, 35.7195851 ] } },
{ "type": "Feature", "properties": { "内容": "エスポワール市川居宅介護支援事業所【居宅介護支援】千葉県市川市高谷3-1-20", "url2": "https://www.kaigokensaku.mhlw.go.jp/12/index.php?action_kouhyou_detail_004_kani=true&JigyosyoCd=1270804360-00&ServiceCd=430&Type=search" }, "geometry": { "type": "Point", "coordinates": [ 139.941776299999987, 35.6973694 ] } },
{ "type": "Feature", "properties": { "内容": "ケアライズ【居宅介護支援】千葉県市川市新田4丁目12番17号翠松苑104", "url2": "https://www.kaigokensaku.mhlw.go.jp/12/index.php?action_kouhyou_detail_004_kani=true&JigyosyoCd=1270805326-00&ServiceCd=430&Type=search" }, "geometry": { "type": "Point", "coordinates": [ 139.908855045368909, 35.726186298535026 ] } },
{ "type": "Feature", "properties": { "内容": "じゅねす【居宅介護支援】千葉県市川市市川1-23-8みどりやビル501", "url2": "https://www.kaigokensaku.mhlw.go.jp/12/index.php?action_kouhyou_detail_004_kani=true&JigyosyoCd=1270806134-00&ServiceCd=430&Type=search" }, "geometry": { "type": "Point", "coordinates": [ 139.908242199999989, 35.7305542 ] } },
{ "type": "Feature", "properties": { "内容": "居宅介護支援事業所ルミエラシーヌ【居宅介護支援】千葉県市川市新田４－１８－３０ルミエ市川", "url2": "https://www.kaigokensaku.mhlw.go.jp/12/index.php?action_kouhyou_detail_004_kani=true&JigyosyoCd=1270804758-00&ServiceCd=430&Type=search" }, "geometry": { "type": "Point", "coordinates": [ 139.908250400000043, 35.724311 ] } },
{ "type": "Feature", "properties": { "内容": "ケアパートナー　マザーシップ【居宅介護支援】千葉県市川市市川1-22-11", "url2": "https://www.kaigokensaku.mhlw.go.jp/12/index.php?action_kouhyou_detail_004_kani=true&JigyosyoCd=1270806050-00&ServiceCd=430&Type=search" }, "geometry": { "type": "Point", "coordinates": [ 139.908842600000014, 35.7316194 ] } },
{ "type": "Feature", "properties": { "内容": "ケアステーション・ポピー【居宅介護支援】千葉県市川市宮久保1-11-6", "url2": "https://www.kaigokensaku.mhlw.go.jp/12/index.php?action_kouhyou_detail_004_kani=true&JigyosyoCd=1270801739-00&ServiceCd=430&Type=search" }, "geometry": { "type": "Point", "coordinates": [ 139.93251209999994, 35.7361396 ] } },
{ "type": "Feature", "properties": { "内容": "がんちゃんケアステーション【居宅介護支援】千葉県市川市本北方１－３０－１０グランデュール市川七番館２０２号室", "url2": "https://www.kaigokensaku.mhlw.go.jp/12/index.php?action_kouhyou_detail_004_kani=true&JigyosyoCd=1270804519-00&ServiceCd=430&Type=search" }, "geometry": { "type": "Point", "coordinates": [ 139.9424143, 35.727005 ] } },
{ "type": "Feature", "properties": { "内容": "ケアプラン銀木犀＜市川＞【居宅介護支援】千葉県市川市北方町4-1876銀木犀＜市川＞", "url2": "https://www.kaigokensaku.mhlw.go.jp/12/index.php?action_kouhyou_detail_004_kani=true&JigyosyoCd=1270803453-00&ServiceCd=430&Type=search" }, "geometry": { "type": "Point", "coordinates": [ 139.959800722090108, 35.729567447407035 ] } },
{ "type": "Feature", "properties": { "内容": "さらんケアセンター行徳【居宅介護支援】千葉県市川市宝1-15-6", "url2": "https://www.kaigokensaku.mhlw.go.jp/12/index.php?action_kouhyou_detail_004_kani=true&JigyosyoCd=1270806159-00&ServiceCd=430&Type=search" }, "geometry": { "type": "Point", "coordinates": [ 139.92712130000001, 35.6819859 ] } },
{ "type": "Feature", "properties": { "内容": "介護のえん【居宅介護支援】千葉県市川市香取1-1-16", "url2": "https://www.kaigokensaku.mhlw.go.jp/12/index.php?action_kouhyou_detail_004_kani=true&JigyosyoCd=1270806167-00&ServiceCd=430&Type=search" }, "geometry": { "type": "Point", "coordinates": [ 139.9062408, 35.6812811 ] } },
{ "type": "Feature", "properties": { "内容": "株式会社　ケアプランいちご【居宅介護支援】千葉県市川市南大野２－３C-801　市川パークハイツ", "url2": "https://www.kaigokensaku.mhlw.go.jp/12/index.php?action_kouhyou_detail_004_kani=true&JigyosyoCd=1270805961-00&ServiceCd=430&Type=search" }, "geometry": { "type": "Point", "coordinates": [ 139.9543801, 35.7451907 ] } },
{ "type": "Feature", "properties": { "内容": "介護老人保健施設　ハートケア市川【居宅介護支援】千葉県市川市奉免町５９－２", "url2": "https://www.kaigokensaku.mhlw.go.jp/12/index.php?action_kouhyou_detail_004_kani=true&JigyosyoCd=1252780039-00&ServiceCd=430&Type=search" }, "geometry": { "type": "Point", "coordinates": [ 139.957029199999965, 35.7433054 ] } },
{ "type": "Feature", "properties": { "内容": "あかつきケアプラン【居宅介護支援】千葉県船橋市田喜野井３－１３－１７", "url2": "https://www.kaigokensaku.mhlw.go.jp/12/index.php?action_kouhyou_detail_004_kani=true&JigyosyoCd=1270908237-00&ServiceCd=430&Type=search" }, "geometry": { "type": "Point", "coordinates": [ 140.045827044180328, 35.701607808250074 ] } },
{ "type": "Feature", "properties": { "内容": "ケアプランステーション舞盛【居宅介護支援】千葉県船橋市金杉9-17-27リーブル金杉201", "url2": "https://www.kaigokensaku.mhlw.go.jp/12/index.php?action_kouhyou_detail_004_kani=true&JigyosyoCd=1270905829-00&ServiceCd=430&Type=search" }, "geometry": { "type": "Point", "coordinates": [ 140.010572911929046, 35.730435475089152 ] } },
{ "type": "Feature", "properties": { "内容": "ケアプランマザーリーフ【居宅介護支援】千葉県船橋市習志野台８丁目１２番１０号", "url2": "https://www.kaigokensaku.mhlw.go.jp/12/index.php?action_kouhyou_detail_004_kani=true&JigyosyoCd=1270910365-00&ServiceCd=430&Type=search" }, "geometry": { "type": "Point", "coordinates": [ 140.060266399999989, 35.7152155 ] } },
{ "type": "Feature", "properties": { "内容": "あかりケアプランセンター【居宅介護支援】千葉県船橋市三山8-1-5", "url2": "https://www.kaigokensaku.mhlw.go.jp/12/index.php?action_kouhyou_detail_004_kani=true&JigyosyoCd=1270908716-00&ServiceCd=430&Type=search" }, "geometry": { "type": "Point", "coordinates": [ 140.0549393, 35.6964084 ] } },
{ "type": "Feature", "properties": { "内容": "居宅介護支援事業所ケアチームだん【居宅介護支援】千葉県船橋市本中山6-9-10-101", "url2": "https://www.kaigokensaku.mhlw.go.jp/12/index.php?action_kouhyou_detail_004_kani=true&JigyosyoCd=1270902487-00&ServiceCd=430&Type=search" }, "geometry": { "type": "Point", "coordinates": [ 139.940814380495453, 35.704923809805123 ] } },
{ "type": "Feature", "properties": { "内容": "ケアプラン　maomao【居宅介護支援】千葉県船橋市行田1-46-10フォアピース101", "url2": "https://www.kaigokensaku.mhlw.go.jp/12/index.php?action_kouhyou_detail_004_kani=true&JigyosyoCd=1270910514-00&ServiceCd=430&Type=search" }, "geometry": { "type": "Point", "coordinates": [ 139.9804632, 35.7216797 ] } },
{ "type": "Feature", "properties": { "内容": "ケアプランソアレ【居宅介護支援】千葉県船橋市本中山4丁目25番3号", "url2": "https://www.kaigokensaku.mhlw.go.jp/12/index.php?action_kouhyou_detail_004_kani=true&JigyosyoCd=1270904053-00&ServiceCd=430&Type=search" }, "geometry": { "type": "Point", "coordinates": [ 139.94117319999998, 35.7120768 ] } },
{ "type": "Feature", "properties": { "内容": "介護ぷらんハミング【居宅介護支援】千葉県船橋市三山9-18-4", "url2": "https://www.kaigokensaku.mhlw.go.jp/12/index.php?action_kouhyou_detail_004_kani=true&JigyosyoCd=1270909656-00&ServiceCd=430&Type=search" }, "geometry": { "type": "Point", "coordinates": [ 140.059425, 35.6939122 ] } },
{ "type": "Feature", "properties": { "内容": "ケアプランセンター藤原【居宅介護支援】千葉県船橋市藤原３－２－１５西部福祉会館１階", "url2": "https://www.kaigokensaku.mhlw.go.jp/12/index.php?action_kouhyou_detail_004_kani=true&JigyosyoCd=1270909714-00&ServiceCd=430&Type=search" }, "geometry": { "type": "Point", "coordinates": [ 139.975525775872001, 35.734782538947023 ] } },
{ "type": "Feature", "properties": { "内容": "ケアサービス　豊南郷【居宅介護支援】千葉県船橋市金堀町５８２番地１", "url2": "https://www.kaigokensaku.mhlw.go.jp/12/index.php?action_kouhyou_detail_004_kani=true&JigyosyoCd=1270901307-00&ServiceCd=430&Type=search" }, "geometry": { "type": "Point", "coordinates": [ 140.064367599999969, 35.7581312 ] } },
{ "type": "Feature", "properties": { "内容": "ケアサービス船橋介護支援センター【居宅介護支援】千葉県船橋市滝台1-12-37", "url2": "https://www.kaigokensaku.mhlw.go.jp/12/index.php?action_kouhyou_detail_004_kani=true&JigyosyoCd=1270902024-00&ServiceCd=430&Type=search" }, "geometry": { "type": "Point", "coordinates": [ 140.037348899999984, 35.7078658 ] } },
{ "type": "Feature", "properties": { "内容": "ケアプランセンターえがお【居宅介護支援】千葉県船橋市薬円台4-15-1502号", "url2": "https://www.kaigokensaku.mhlw.go.jp/12/index.php?action_kouhyou_detail_004_kani=true&JigyosyoCd=1270909011-00&ServiceCd=430&Type=search" }, "geometry": { "type": "Point", "coordinates": [ 140.046496547250541, 35.715688675071782 ] } },
{ "type": "Feature", "properties": { "内容": "まいむケアサポート【居宅介護支援】千葉県船橋市本中山1-7-10　キョウエイビル３階", "url2": "https://www.kaigokensaku.mhlw.go.jp/12/index.php?action_kouhyou_detail_004_kani=true&JigyosyoCd=1270902313-00&ServiceCd=430&Type=search" }, "geometry": { "type": "Point", "coordinates": [ 139.945851700000048, 35.7157046 ] } },
{ "type": "Feature", "properties": { "内容": "居宅介護支援センターさわやか苑【居宅介護支援】千葉県船橋市米ヶ崎町691-1", "url2": "https://www.kaigokensaku.mhlw.go.jp/12/index.php?action_kouhyou_detail_004_kani=true&JigyosyoCd=1270900564-00&ServiceCd=430&Type=search" }, "geometry": { "type": "Point", "coordinates": [ 140.008062500000051, 35.7104317 ] } },
{ "type": "Feature", "properties": { "内容": "居宅介護支援センターわだつみ【居宅介護支援】千葉県船橋市松が丘5-44-10", "url2": "https://www.kaigokensaku.mhlw.go.jp/12/index.php?action_kouhyou_detail_004_kani=true&JigyosyoCd=1270910712-00&ServiceCd=430&Type=search" }, "geometry": { "type": "Point", "coordinates": [ 140.053494699999987, 35.7355796 ] } },
{ "type": "Feature", "properties": { "内容": "ささえ愛【居宅介護支援】千葉県船橋市前原東6-25-6", "url2": "https://www.kaigokensaku.mhlw.go.jp/12/index.php?action_kouhyou_detail_004_kani=true&JigyosyoCd=1270904848-00&ServiceCd=430&Type=search" }, "geometry": { "type": "Point", "coordinates": [ 140.022844414150427, 35.702119608355915 ] } },
{ "type": "Feature", "properties": { "内容": "居宅介護支援事業所ノテ南船橋【居宅介護支援】千葉県船橋市若松2-3-51", "url2": "https://www.kaigokensaku.mhlw.go.jp/12/index.php?action_kouhyou_detail_004_kani=true&JigyosyoCd=1270910654-00&ServiceCd=430&Type=search" }, "geometry": { "type": "Point", "coordinates": [ 139.994387499999988, 35.6794651 ] } },
{ "type": "Feature", "properties": { "内容": "ケアプラン一陽【居宅介護支援】千葉県船橋市山手2-7-7", "url2": "https://www.kaigokensaku.mhlw.go.jp/12/index.php?action_kouhyou_detail_004_kani=true&JigyosyoCd=1270910704-00&ServiceCd=430&Type=search" }, "geometry": { "type": "Point", "coordinates": [ 139.9752981, 35.7163899 ] } },
{ "type": "Feature", "properties": { "内容": "居宅介護支援事業所ポラリス船橋【居宅介護支援】千葉県船橋市前原西6-1-72", "url2": "https://www.kaigokensaku.mhlw.go.jp/12/index.php?action_kouhyou_detail_004_kani=true&JigyosyoCd=1270910662-00&ServiceCd=430&Type=search" }, "geometry": { "type": "Point", "coordinates": [ 140.020038, 35.6994743 ] } },
{ "type": "Feature", "properties": { "内容": "ケアプランはまかぜ【居宅介護支援】千葉県船橋市宮本3-8-28昭和コーポ107", "url2": "https://www.kaigokensaku.mhlw.go.jp/12/index.php?action_kouhyou_detail_004_kani=true&JigyosyoCd=1270910274-00&ServiceCd=430&Type=search" }, "geometry": { "type": "Point", "coordinates": [ 139.9939192, 35.6900962 ] } },
{ "type": "Feature", "properties": { "内容": "けあのま【居宅介護支援】千葉県船橋市習志野台5－40－21AIビル302", "url2": "https://www.kaigokensaku.mhlw.go.jp/12/index.php?action_kouhyou_detail_004_kani=true&JigyosyoCd=1270909730-00&ServiceCd=430&Type=search" }, "geometry": { "type": "Point", "coordinates": [ 140.0534044, 35.7182443 ] } },
{ "type": "Feature", "properties": { "内容": "セントケア船橋【居宅介護支援】千葉県船橋市習志野台3-14-4　ニューメトロビル１Ｆ", "url2": "https://www.kaigokensaku.mhlw.go.jp/12/index.php?action_kouhyou_detail_004_kani=true&JigyosyoCd=1270903915-00&ServiceCd=430&Type=search" }, "geometry": { "type": "Point", "coordinates": [ 140.044497, 35.7192733 ] } },
{ "type": "Feature", "properties": { "内容": "ケアプランふくろう【居宅介護支援】千葉県船橋市葛飾町２－３８４－３矢島第一ビル５０３号室", "url2": "https://www.kaigokensaku.mhlw.go.jp/12/index.php?action_kouhyou_detail_004_kani=true&JigyosyoCd=1270901125-00&ServiceCd=430&Type=search" }, "geometry": { "type": "Point", "coordinates": [ 139.955108200000041, 35.707210599999989 ] } },
{ "type": "Feature", "properties": { "内容": "さざんか居宅介護支援事業所【居宅介護支援】千葉県船橋市習志野台１－３８－９", "url2": "https://www.kaigokensaku.mhlw.go.jp/12/index.php?action_kouhyou_detail_004_kani=true&JigyosyoCd=1270901232-00&ServiceCd=430&Type=search" }, "geometry": { "type": "Point", "coordinates": [ 140.041383600000017, 35.7242474 ] } },
{ "type": "Feature", "properties": { "内容": "ケアプランひまわり【居宅介護支援】千葉県船橋市南本町33番18号", "url2": "https://www.kaigokensaku.mhlw.go.jp/12/index.php?action_kouhyou_detail_004_kani=true&JigyosyoCd=1270906488-00&ServiceCd=430&Type=search" }, "geometry": { "type": "Point", "coordinates": [ 139.9781266, 35.6944309 ] } },
{ "type": "Feature", "properties": { "内容": "エココロケアマネ事務所ふなばし【居宅介護支援】千葉県船橋市前原西6-5-31", "url2": "https://www.kaigokensaku.mhlw.go.jp/12/index.php?action_kouhyou_detail_004_kani=true&JigyosyoCd=1270908286-00&ServiceCd=430&Type=search" }, "geometry": { "type": "Point", "coordinates": [ 140.021279574058468, 35.700085293195464 ] } },
{ "type": "Feature", "properties": { "内容": "わかるかいご相談センター船橋【居宅介護支援】千葉県船橋市東船橋1-36-7グランピリエ107", "url2": "https://www.kaigokensaku.mhlw.go.jp/12/index.php?action_kouhyou_detail_004_kani=true&JigyosyoCd=1270909938-00&ServiceCd=430&Type=search" }, "geometry": { "type": "Point", "coordinates": [ 140.003423199999986, 35.6994602 ] } },
{ "type": "Feature", "properties": { "内容": "フェルマータ船橋【居宅介護支援】千葉県船橋市飯山満町1-822", "url2": "https://www.kaigokensaku.mhlw.go.jp/12/index.php?action_kouhyou_detail_004_kani=true&JigyosyoCd=1270900028-00&ServiceCd=430&Type=search" }, "geometry": { "type": "Point", "coordinates": [ 140.01049009999997, 35.7093902 ] } },
{ "type": "Feature", "properties": { "内容": "居宅介護支援事業所習志野台みゆき苑【居宅介護支援】千葉県船橋市習志野台４－４６－７", "url2": "https://www.kaigokensaku.mhlw.go.jp/12/index.php?action_kouhyou_detail_004_kani=true&JigyosyoCd=1270907429-00&ServiceCd=430&Type=search" }, "geometry": { "type": "Point", "coordinates": [ 140.0461219, 35.7166292 ] } },
{ "type": "Feature", "properties": { "内容": "やさしい手新高根居宅介護支援事業所【居宅介護支援】千葉県船橋市高根台1-7-8　飯田ビル2階", "url2": "https://www.kaigokensaku.mhlw.go.jp/12/index.php?action_kouhyou_detail_004_kani=true&JigyosyoCd=1270905134-00&ServiceCd=430&Type=search" }, "geometry": { "type": "Point", "coordinates": [ 140.029513768606932, 35.730698461334931 ] } },
{ "type": "Feature", "properties": { "内容": "ケアプランＨａｎａ船橋【居宅介護支援】千葉県船橋市金杉7-6-12ステップビル2階203号", "url2": "https://www.kaigokensaku.mhlw.go.jp/12/index.php?action_kouhyou_detail_004_kani=true&JigyosyoCd=1270907411-00&ServiceCd=430&Type=search" }, "geometry": { "type": "Point", "coordinates": [ 140.019210046310491, 35.737306873336806 ] } },
{ "type": "Feature", "properties": { "内容": "ふれあいケアふなばし【居宅介護支援】千葉県船橋市栄町1-21-282階", "url2": "https://www.kaigokensaku.mhlw.go.jp/12/index.php?action_kouhyou_detail_004_kani=true&JigyosyoCd=1270908369-00&ServiceCd=430&Type=search" }, "geometry": { "type": "Point", "coordinates": [ 139.9751742, 35.690762 ] } },
{ "type": "Feature", "properties": { "内容": "つばさ在宅居宅介護支援センター【居宅介護支援】千葉県船橋市習志野台6-24-10森ビル", "url2": "https://www.kaigokensaku.mhlw.go.jp/12/index.php?action_kouhyou_detail_004_kani=true&JigyosyoCd=1270908906-00&ServiceCd=430&Type=search" }, "geometry": { "type": "Point", "coordinates": [ 140.052993030901916, 35.720925083843149 ] } },
{ "type": "Feature", "properties": { "内容": "ケアプランすみれ【居宅介護支援】千葉県船橋市高野台4-5-34", "url2": "https://www.kaigokensaku.mhlw.go.jp/12/index.php?action_kouhyou_detail_004_kani=true&JigyosyoCd=1270908815-00&ServiceCd=430&Type=search" }, "geometry": { "type": "Point", "coordinates": [ 140.029344898364002, 35.766588688380487 ] } },
{ "type": "Feature", "properties": { "内容": "ケアプランらぼ【居宅介護支援】千葉県船橋市高根台１－１１ー７新田ハイツ３０１", "url2": "https://www.kaigokensaku.mhlw.go.jp/12/index.php?action_kouhyou_detail_004_kani=true&JigyosyoCd=1270908872-00&ServiceCd=430&Type=search" }, "geometry": { "type": "Point", "coordinates": [ 140.029560606358871, 35.731739196155793 ] } },
{ "type": "Feature", "properties": { "内容": "さわやかケア船橋・居宅介護支援【居宅介護支援】千葉県船橋市本中山２－１０－１ミレニティ中山４階", "url2": "https://www.kaigokensaku.mhlw.go.jp/12/index.php?action_kouhyou_detail_004_kani=true&JigyosyoCd=1270903543-00&ServiceCd=430&Type=search" }, "geometry": { "type": "Point", "coordinates": [ 139.94413940000004, 35.7142949 ] } },
{ "type": "Feature", "properties": { "内容": "セコム船橋訪問看護ステーション居宅介護支援事業所【居宅介護支援】千葉県船橋市西船４-１１-１０第５田中ビル２０２", "url2": "https://www.kaigokensaku.mhlw.go.jp/12/index.php?action_kouhyou_detail_004_kani=true&JigyosyoCd=1270903709-00&ServiceCd=430&Type=search" }, "geometry": { "type": "Point", "coordinates": [ 139.960603700000036, 35.7086769 ] } },
{ "type": "Feature", "properties": { "内容": "あずみ苑グランデ三咲【居宅介護支援】千葉県船橋市三咲７－１２－１８", "url2": "https://www.kaigokensaku.mhlw.go.jp/12/index.php?action_kouhyou_detail_004_kani=true&JigyosyoCd=1270904228-00&ServiceCd=430&Type=search" }, "geometry": { "type": "Point", "coordinates": [ 140.037732300000016, 35.7493313 ] } },
{ "type": "Feature", "properties": { "内容": "ひばりサービス船橋センター【居宅介護支援】千葉県船橋市湊町2-4-5第５白川ビル202", "url2": "https://www.kaigokensaku.mhlw.go.jp/12/index.php?action_kouhyou_detail_004_kani=true&JigyosyoCd=1270908922-00&ServiceCd=430&Type=search" }, "geometry": { "type": "Point", "coordinates": [ 139.983224299999961, 35.694883 ] } },
{ "type": "Feature", "properties": { "内容": "指定居宅介護支援事業所ひかりの郷【居宅介護支援】千葉県船橋市三咲4丁目1番地11-104", "url2": "https://www.kaigokensaku.mhlw.go.jp/12/index.php?action_kouhyou_detail_004_kani=true&JigyosyoCd=1270903741-00&ServiceCd=430&Type=search" }, "geometry": { "type": "Point", "coordinates": [ 140.009399300000041, 35.7483113 ] } },
{ "type": "Feature", "properties": { "内容": "ピースサポート指定居宅支援事業所【居宅介護支援】千葉県船橋市芝山3丁目10番3号103号室", "url2": "https://www.kaigokensaku.mhlw.go.jp/12/index.php?action_kouhyou_detail_004_kani=true&JigyosyoCd=1270903626-00&ServiceCd=430&Type=search" }, "geometry": { "type": "Point", "coordinates": [ 140.019636, 35.7171589 ] } },
{ "type": "Feature", "properties": { "内容": "居宅介護支援センター海神朋松苑【居宅介護支援】千葉県船橋市海神６－７－５植草マンション１０２号", "url2": "https://www.kaigokensaku.mhlw.go.jp/12/index.php?action_kouhyou_detail_004_kani=true&JigyosyoCd=1270902669-00&ServiceCd=430&Type=search" }, "geometry": { "type": "Point", "coordinates": [ 139.972083200000043, 35.7045352 ] } },
{ "type": "Feature", "properties": { "内容": "あおいケアプランセンター【居宅介護支援】千葉県船橋市丸山5丁目23-5　徳田ハイツ202", "url2": "https://www.kaigokensaku.mhlw.go.jp/12/index.php?action_kouhyou_detail_004_kani=true&JigyosyoCd=1270910373-00&ServiceCd=430&Type=search" }, "geometry": { "type": "Point", "coordinates": [ 139.995570100000037, 35.7458913 ] } },
{ "type": "Feature", "properties": { "内容": "介護屋みらい船橋店【居宅介護支援】千葉県船橋市滝台町107-42-301", "url2": "https://www.kaigokensaku.mhlw.go.jp/12/index.php?action_kouhyou_detail_004_kani=true&JigyosyoCd=1270906991-00&ServiceCd=430&Type=search" }, "geometry": { "type": "Point", "coordinates": [ 140.036927868569393, 35.710581980761617 ] } },
{ "type": "Feature", "properties": { "内容": "ＣａｒｅＭａｎａｇｅｍｅｎｔＯｆｆｉｃｅノーブル【居宅介護支援】千葉県船橋市二和東５－４８－２０ロイヤルステージ船橋三咲２０８号室", "url2": "https://www.kaigokensaku.mhlw.go.jp/12/index.php?action_kouhyou_detail_004_kani=true&JigyosyoCd=1270906249-00&ServiceCd=430&Type=search" }, "geometry": { "type": "Point", "coordinates": [ 140.026802699999962, 35.7507866 ] } },
{ "type": "Feature", "properties": { "内容": "アスモ介護サービス千葉【居宅介護支援】千葉県船橋市西船4-19-11パストラル西船　503号室", "url2": "https://www.kaigokensaku.mhlw.go.jp/12/index.php?action_kouhyou_detail_004_kani=true&JigyosyoCd=1270907387-00&ServiceCd=430&Type=search" }, "geometry": { "type": "Point", "coordinates": [ 139.957008, 35.7089825 ] } },
{ "type": "Feature", "properties": { "内容": "ヴェルフ藤原居宅介護支援事業所【居宅介護支援】千葉県船橋市藤原8-17-2", "url2": "https://www.kaigokensaku.mhlw.go.jp/12/index.php?action_kouhyou_detail_004_kani=true&JigyosyoCd=1270900234-00&ServiceCd=430&Type=search" }, "geometry": { "type": "Point", "coordinates": [ 139.982660500000065, 35.7503938 ] } },
{ "type": "Feature", "properties": { "内容": "ケアプランぞうさん二和【居宅介護支援】千葉県船橋市二和東6-16-16201", "url2": "https://www.kaigokensaku.mhlw.go.jp/12/index.php?action_kouhyou_detail_004_kani=true&JigyosyoCd=1270909250-00&ServiceCd=430&Type=search" }, "geometry": { "type": "Point", "coordinates": [ 140.022846200000032, 35.7549368 ] } },
{ "type": "Feature", "properties": { "内容": "支援センターふなばし【居宅介護支援】千葉県船橋市薬円台4-13-12-302", "url2": "https://www.kaigokensaku.mhlw.go.jp/12/index.php?action_kouhyou_detail_004_kani=true&JigyosyoCd=1270909466-00&ServiceCd=430&Type=search" }, "geometry": { "type": "Point", "coordinates": [ 140.0446174, 35.7151151 ] } },
{ "type": "Feature", "properties": { "内容": "居宅介護支援事業所星の子船橋【居宅介護支援】千葉県船橋市三山８－２９－１１ローズハウス２０１", "url2": "https://www.kaigokensaku.mhlw.go.jp/12/index.php?action_kouhyou_detail_004_kani=true&JigyosyoCd=1270907882-00&ServiceCd=430&Type=search" }, "geometry": { "type": "Point", "coordinates": [ 140.058622087756476, 35.69728343881328 ] } },
{ "type": "Feature", "properties": { "内容": "サニーライフ船橋居宅介護支援事業所【居宅介護支援】千葉県船橋市前原西4-21-17サニーライフ船橋", "url2": "https://www.kaigokensaku.mhlw.go.jp/12/index.php?action_kouhyou_detail_004_kani=true&JigyosyoCd=1270906298-00&ServiceCd=430&Type=search" }, "geometry": { "type": "Point", "coordinates": [ 140.016857715353353, 35.697801674368506 ] } },
{ "type": "Feature", "properties": { "内容": "東京海上日動みずたま介護ＳＴ北習志野ケアプランセンター【居宅介護支援】千葉県船橋市習志野台3-17-15東海北習志野5番館2-B", "url2": "https://www.kaigokensaku.mhlw.go.jp/12/index.php?action_kouhyou_detail_004_kani=true&JigyosyoCd=1270908005-00&ServiceCd=430&Type=search" }, "geometry": { "type": "Point", "coordinates": [ 140.044072599999936, 35.7193591 ] } },
{ "type": "Feature", "properties": { "内容": "のぞみケア、サービス【居宅介護支援】千葉県船橋市三咲6丁目8番7号", "url2": "https://www.kaigokensaku.mhlw.go.jp/12/index.php?action_kouhyou_detail_004_kani=true&JigyosyoCd=1270901786-00&ServiceCd=430&Type=search" }, "geometry": { "type": "Point", "coordinates": [ 140.033860799999957, 35.7443844 ] } },
{ "type": "Feature", "properties": { "内容": "有限会社　ケア・サービス虹【居宅介護支援】千葉県船橋市高根台6-47-4", "url2": "https://www.kaigokensaku.mhlw.go.jp/12/index.php?action_kouhyou_detail_004_kani=true&JigyosyoCd=1270900069-00&ServiceCd=430&Type=search" }, "geometry": { "type": "Point", "coordinates": [ 140.034842300000037, 35.7279775 ] } },
{ "type": "Feature", "properties": { "内容": "ケアプラン飯山満【居宅介護支援】千葉県船橋市飯山満町２丁目５１９番地３", "url2": "https://www.kaigokensaku.mhlw.go.jp/12/index.php?action_kouhyou_detail_004_kani=true&JigyosyoCd=1270900051-00&ServiceCd=430&Type=search" }, "geometry": { "type": "Point", "coordinates": [ 140.0226781, 35.7058378 ] } },
{ "type": "Feature", "properties": { "内容": "船橋総合病院【居宅介護支援】千葉県船橋市北本町１－１３－１", "url2": "https://www.kaigokensaku.mhlw.go.jp/12/index.php?action_kouhyou_detail_004_kani=true&JigyosyoCd=1212811669-00&ServiceCd=430&Type=search" }, "geometry": { "type": "Point", "coordinates": [ 139.983237841664106, 35.712976273610423 ] } },
{ "type": "Feature", "properties": { "内容": "あおぞらの里　薬円台ケアプランセンター【居宅介護支援】千葉県船橋市薬円台４－１４－１６", "url2": "https://www.kaigokensaku.mhlw.go.jp/12/index.php?action_kouhyou_detail_004_kani=true&JigyosyoCd=1270901901-00&ServiceCd=430&Type=search" }, "geometry": { "type": "Point", "coordinates": [ 140.04533379999998, 35.7151957 ] } },
{ "type": "Feature", "properties": { "内容": "京葉ガスケアプラン船橋【居宅介護支援】千葉県船橋市市場5-16-18京葉ガス船橋ビル1F", "url2": "https://www.kaigokensaku.mhlw.go.jp/12/index.php?action_kouhyou_detail_004_kani=true&JigyosyoCd=1270910480-00&ServiceCd=430&Type=search" }, "geometry": { "type": "Point", "coordinates": [ 140.0030186, 35.7038589 ] } },
{ "type": "Feature", "properties": { "内容": "居宅介護支援事業所しんば【居宅介護支援】千葉県船橋市西船2丁目20番8号棟303号西船グリーンハイツ", "url2": "https://www.kaigokensaku.mhlw.go.jp/12/index.php?action_kouhyou_detail_004_kani=true&JigyosyoCd=1270906967-00&ServiceCd=430&Type=search" }, "geometry": { "type": "Point", "coordinates": [ 139.9690263, 35.7136081 ] } },
{ "type": "Feature", "properties": { "内容": "ケアプランいと【居宅介護支援】千葉県船橋市本町6-9-6-402アールフィールズ船橋Ⅱ", "url2": "https://www.kaigokensaku.mhlw.go.jp/12/index.php?action_kouhyou_detail_004_kani=true&JigyosyoCd=1270910522-00&ServiceCd=430&Type=search" }, "geometry": { "type": "Point", "coordinates": [ 139.985572600000012, 35.7058957 ] } },
{ "type": "Feature", "properties": { "内容": "居宅介護支援事業所　ソラスト西船橋【居宅介護支援】千葉県船橋市西船1-24-1エクセル青山1F", "url2": "https://www.kaigokensaku.mhlw.go.jp/12/index.php?action_kouhyou_detail_004_kani=true&JigyosyoCd=1270902198-00&ServiceCd=430&Type=search" }, "geometry": { "type": "Point", "coordinates": [ 139.96549170000003, 35.7063841 ] } },
{ "type": "Feature", "properties": { "内容": "ケアパートナー飯山満【居宅介護支援】千葉県船橋市芝山３－２－１", "url2": "https://www.kaigokensaku.mhlw.go.jp/12/index.php?action_kouhyou_detail_004_kani=true&JigyosyoCd=1270904574-00&ServiceCd=430&Type=search" }, "geometry": { "type": "Point", "coordinates": [ 140.019302700000026, 35.7181422 ] } },
{ "type": "Feature", "properties": { "内容": "エルケア船橋ケアプランセンター【居宅介護支援】千葉県船橋市湊町2-5-4藤代ビル3階", "url2": "https://www.kaigokensaku.mhlw.go.jp/12/index.php?action_kouhyou_detail_004_kani=true&JigyosyoCd=1270906611-00&ServiceCd=430&Type=search" }, "geometry": { "type": "Point", "coordinates": [ 139.982426300000043, 35.6959612 ] } },
{ "type": "Feature", "properties": { "内容": "公益財団法人　船橋市福祉サービス公社【居宅介護支援】千葉県船橋市本町2丁目7番8号船橋市福祉ビル4階", "url2": "https://www.kaigokensaku.mhlw.go.jp/12/index.php?action_kouhyou_detail_004_kani=true&JigyosyoCd=1270900036-00&ServiceCd=430&Type=search" }, "geometry": { "type": "Point", "coordinates": [ 139.98352490000002, 35.696314300000019 ] } },
{ "type": "Feature", "properties": { "内容": "医療法人成春会ケアプラン花輪【居宅介護支援】千葉県船橋市習志野台２－７１－１５ACE201", "url2": "https://www.kaigokensaku.mhlw.go.jp/12/index.php?action_kouhyou_detail_004_kani=true&JigyosyoCd=1270900184-00&ServiceCd=430&Type=search" }, "geometry": { "type": "Point", "coordinates": [ 140.047617952778637, 35.723559101954223 ] } },
{ "type": "Feature", "properties": { "内容": "ケアプラン　ちくご【居宅介護支援】千葉県船橋市前原東2-10-3ウェルズ21　津田沼パート８D", "url2": "https://www.kaigokensaku.mhlw.go.jp/12/index.php?action_kouhyou_detail_004_kani=true&JigyosyoCd=1270901851-00&ServiceCd=430&Type=search" }, "geometry": { "type": "Point", "coordinates": [ 140.028932400000031, 35.6951169 ] } },
{ "type": "Feature", "properties": { "内容": "ダイバーシティ西船橋【居宅介護支援】千葉県船橋市本郷町452番地アミカル高橋801号室", "url2": "https://www.kaigokensaku.mhlw.go.jp/12/index.php?action_kouhyou_detail_004_kani=true&JigyosyoCd=1270910456-00&ServiceCd=430&Type=search" }, "geometry": { "type": "Point", "coordinates": [ 139.95424570000003, 35.708034100000035 ] } },
{ "type": "Feature", "properties": { "内容": "居宅介護支援事業所　オレンジガーデンケアセンター【居宅介護支援】千葉県船橋市芝山７丁目４１番１号", "url2": "https://www.kaigokensaku.mhlw.go.jp/12/index.php?action_kouhyou_detail_004_kani=true&JigyosyoCd=1270901117-00&ServiceCd=430&Type=search" }, "geometry": { "type": "Point", "coordinates": [ 140.026702, 35.7169063 ] } },
{ "type": "Feature", "properties": { "内容": "やすらぎケアセンター【居宅介護支援】千葉県船橋市三山8-47-6　三山ビル1号", "url2": "https://www.kaigokensaku.mhlw.go.jp/12/index.php?action_kouhyou_detail_004_kani=true&JigyosyoCd=1270902255-00&ServiceCd=430&Type=search" }, "geometry": { "type": "Point", "coordinates": [ 140.058781599999946, 35.6947775 ] } },
{ "type": "Feature", "properties": { "内容": "指定居宅介護支援事業所リハビリケア船橋【居宅介護支援】千葉県船橋市本町4-8-30", "url2": "https://www.kaigokensaku.mhlw.go.jp/12/index.php?action_kouhyou_detail_004_kani=true&JigyosyoCd=1270907536-00&ServiceCd=430&Type=search" }, "geometry": { "type": "Point", "coordinates": [ 139.99116567909843, 35.700892745623342 ] } },
{ "type": "Feature", "properties": { "内容": "ムーンライトケアマネジャー事務所【居宅介護支援】千葉県船橋市習志野台4丁目58-17カーサ習志野台101", "url2": "https://www.kaigokensaku.mhlw.go.jp/12/index.php?action_kouhyou_detail_004_kani=true&JigyosyoCd=1270908591-00&ServiceCd=430&Type=search" }, "geometry": { "type": "Point", "coordinates": [ 140.0513221, 35.7152541 ] } },
{ "type": "Feature", "properties": { "内容": "居宅介護支援センター船橋梨香園【居宅介護支援】千葉県船橋市車方町５４３", "url2": "https://www.kaigokensaku.mhlw.go.jp/12/index.php?action_kouhyou_detail_004_kani=true&JigyosyoCd=1270900341-00&ServiceCd=430&Type=search" }, "geometry": { "type": "Point", "coordinates": [ 140.077214700000013, 35.7742415 ] } },
{ "type": "Feature", "properties": { "内容": "タカサケアサポート船橋【居宅介護支援】千葉県船橋市三咲2-9-37", "url2": "https://www.kaigokensaku.mhlw.go.jp/12/index.php?action_kouhyou_detail_004_kani=true&JigyosyoCd=1270901802-00&ServiceCd=430&Type=search" }, "geometry": { "type": "Point", "coordinates": [ 140.029080180950928, 35.751840350305542 ] } },
{ "type": "Feature", "properties": { "内容": "三咲在宅介護センター【居宅介護支援】千葉県船橋市三咲5-32-10", "url2": "https://www.kaigokensaku.mhlw.go.jp/12/index.php?action_kouhyou_detail_004_kani=true&JigyosyoCd=1270902651-00&ServiceCd=430&Type=search" }, "geometry": { "type": "Point", "coordinates": [ 140.03058020000006, 35.7491367 ] } },
{ "type": "Feature", "properties": { "内容": "在宅ケアサービスソラスト薬園台【居宅介護支援】千葉県船橋市薬円台６－１６－８", "url2": "https://www.kaigokensaku.mhlw.go.jp/12/index.php?action_kouhyou_detail_004_kani=true&JigyosyoCd=1270903386-00&ServiceCd=430&Type=search" }, "geometry": { "type": "Point", "coordinates": [ 140.0405677, 35.7129847 ] } },
{ "type": "Feature", "properties": { "内容": "テルウェル東日本　船橋介護センタ【居宅介護支援】千葉県船橋市前原西６－６－８０ウエリスオリーブ津田沼　1階", "url2": "https://www.kaigokensaku.mhlw.go.jp/12/index.php?action_kouhyou_detail_004_kani=true&JigyosyoCd=1270902289-00&ServiceCd=430&Type=search" }, "geometry": { "type": "Point", "coordinates": [ 140.043734800000038, 35.7169935 ] } },
{ "type": "Feature", "properties": { "内容": "セコム船橋本町訪問看護ステーション居宅介護支援事業所【居宅介護支援】千葉県船橋市本町1丁目17番3号市川ビル201号室", "url2": "https://www.kaigokensaku.mhlw.go.jp/12/index.php?action_kouhyou_detail_004_kani=true&JigyosyoCd=1270907262-00&ServiceCd=430&Type=search" }, "geometry": { "type": "Point", "coordinates": [ 139.983348400000068, 35.6996885 ] } },
{ "type": "Feature", "properties": { "内容": "ＳＯＭＰＯケア船橋　居宅介護支援【居宅介護支援】千葉県船橋市本町7丁目11-5KDX船橋ビル5階　502", "url2": "https://www.kaigokensaku.mhlw.go.jp/12/index.php?action_kouhyou_detail_004_kani=true&JigyosyoCd=1270908252-00&ServiceCd=430&Type=search" }, "geometry": { "type": "Point", "coordinates": [ 139.9845263, 35.703887 ] } },
{ "type": "Feature", "properties": { "内容": "ケアプランセンターいこいの森【居宅介護支援】千葉県船橋市大神保町700番5", "url2": "https://www.kaigokensaku.mhlw.go.jp/12/index.php?action_kouhyou_detail_004_kani=true&JigyosyoCd=1270908476-00&ServiceCd=430&Type=search" }, "geometry": { "type": "Point", "coordinates": [ 140.055444200000011, 35.7698816 ] } },
{ "type": "Feature", "properties": { "内容": "船橋グリーンてらす居宅介護支援事業所【居宅介護支援】千葉県船橋市古和釜町871—2", "url2": "https://www.kaigokensaku.mhlw.go.jp/12/index.php?action_kouhyou_detail_004_kani=true&JigyosyoCd=1270910050-00&ServiceCd=430&Type=search" }, "geometry": { "type": "Point", "coordinates": [ 140.0525155, 35.744077 ] } },
{ "type": "Feature", "properties": { "内容": "居宅介護支援事業所ノテ船橋【居宅介護支援】千葉県船橋市高根町1665-2", "url2": "https://www.kaigokensaku.mhlw.go.jp/12/index.php?action_kouhyou_detail_004_kani=true&JigyosyoCd=1270910217-00&ServiceCd=430&Type=search" }, "geometry": { "type": "Point", "coordinates": [ 140.004509755259363, 35.721916710925861 ] } },
{ "type": "Feature", "properties": { "内容": "ケアサービス　陽だまり【居宅介護支援】千葉県船橋市東船橋　2-21-61F", "url2": "https://www.kaigokensaku.mhlw.go.jp/12/index.php?action_kouhyou_detail_004_kani=true&JigyosyoCd=1270902610-00&ServiceCd=430&Type=search" }, "geometry": { "type": "Point", "coordinates": [ 140.003927675463046, 35.70324043146568 ] } },
{ "type": "Feature", "properties": { "内容": "坪井ケアプランセンター【居宅介護支援】千葉県船橋市坪井西2-1-9", "url2": "https://www.kaigokensaku.mhlw.go.jp/12/index.php?action_kouhyou_detail_004_kani=true&JigyosyoCd=1270900150-00&ServiceCd=430&Type=search" }, "geometry": { "type": "Point", "coordinates": [ 140.053225535720827, 35.729417129446567 ] } },
{ "type": "Feature", "properties": { "内容": "ケアプラン　アシスト【居宅介護支援】千葉県船橋市習志野台2-49-18", "url2": "https://www.kaigokensaku.mhlw.go.jp/12/index.php?action_kouhyou_detail_004_kani=true&JigyosyoCd=1270903311-00&ServiceCd=430&Type=search" }, "geometry": { "type": "Point", "coordinates": [ 140.045479134471179, 35.722819789233874 ] } },
{ "type": "Feature", "properties": { "内容": "あいケアマネ事務所【居宅介護支援】千葉県船橋市高根台7-2-4", "url2": "https://www.kaigokensaku.mhlw.go.jp/12/index.php?action_kouhyou_detail_004_kani=true&JigyosyoCd=1270903428-00&ServiceCd=430&Type=search" }, "geometry": { "type": "Point", "coordinates": [ 140.028979, 35.727147 ] } },
{ "type": "Feature", "properties": { "内容": "ＮＰＯ法人居宅介護支援あおぞら【居宅介護支援】千葉県船橋市前原西2-11-5松田第三ビル203号", "url2": "https://www.kaigokensaku.mhlw.go.jp/12/index.php?action_kouhyou_detail_004_kani=true&JigyosyoCd=1270905209-00&ServiceCd=430&Type=search" }, "geometry": { "type": "Point", "coordinates": [ 140.020764800000052, 35.693503 ] } },
{ "type": "Feature", "properties": { "内容": "指定居宅介護支援事業所南三咲【居宅介護支援】千葉県船橋市南三咲３丁目２７－１", "url2": "https://www.kaigokensaku.mhlw.go.jp/12/index.php?action_kouhyou_detail_004_kani=true&JigyosyoCd=1270905555-00&ServiceCd=430&Type=search" }, "geometry": { "type": "Point", "coordinates": [ 140.028475599999979, 35.7388876 ] } },
{ "type": "Feature", "properties": { "内容": "ケアマネジメントそららん【居宅介護支援】千葉県船橋市飯山満町3－1323－14", "url2": "https://www.kaigokensaku.mhlw.go.jp/12/index.php?action_kouhyou_detail_004_kani=true&JigyosyoCd=1270905704-00&ServiceCd=430&Type=search" }, "geometry": { "type": "Point", "coordinates": [ 140.0271467, 35.7131872 ] } },
{ "type": "Feature", "properties": { "内容": "ひびきケアプランニング【居宅介護支援】千葉県船橋市海神2-18-9", "url2": "https://www.kaigokensaku.mhlw.go.jp/12/index.php?action_kouhyou_detail_004_kani=true&JigyosyoCd=1270908708-00&ServiceCd=430&Type=search" }, "geometry": { "type": "Point", "coordinates": [ 139.981448611710704, 35.707389246100355 ] } },
{ "type": "Feature", "properties": { "内容": "ケアプラン高根台【居宅介護支援】千葉県船橋市高根台2丁目１１－１千葉徳洲会病院内", "url2": "https://www.kaigokensaku.mhlw.go.jp/12/index.php?action_kouhyou_detail_004_kani=true&JigyosyoCd=1270909797-00&ServiceCd=430&Type=search" }, "geometry": { "type": "Point", "coordinates": [ 140.0326559, 35.7317031 ] } },
{ "type": "Feature", "properties": { "内容": "ケアプラン　八木が谷【居宅介護支援】千葉県船橋市咲が丘3-11-4なし", "url2": "https://www.kaigokensaku.mhlw.go.jp/12/index.php?action_kouhyou_detail_004_kani=true&JigyosyoCd=1270902073-00&ServiceCd=430&Type=search" }, "geometry": { "type": "Point", "coordinates": [ 140.026064309123285, 35.760803413975886 ] } },
{ "type": "Feature", "properties": { "内容": "健恒会ケアプランサービス【居宅介護支援】千葉県船橋市金杉町141-2", "url2": "https://www.kaigokensaku.mhlw.go.jp/12/index.php?action_kouhyou_detail_004_kani=true&JigyosyoCd=1270902156-00&ServiceCd=430&Type=search" }, "geometry": { "type": "Point", "coordinates": [ 139.999493600000051, 35.719189 ] } },
{ "type": "Feature", "properties": { "内容": "アイハート・スマイルケアサービス有限会社【居宅介護支援】千葉県船橋市滝台２－１－２２横川ビル２Ｆ", "url2": "https://www.kaigokensaku.mhlw.go.jp/12/index.php?action_kouhyou_detail_004_kani=true&JigyosyoCd=1270903287-00&ServiceCd=430&Type=search" }, "geometry": { "type": "Point", "coordinates": [ 140.037165499999986, 35.708724 ] } },
{ "type": "Feature", "properties": { "内容": "ケアプラン二和かけはし【居宅介護支援】千葉県船橋市二和東5-1-1船橋二和病院内", "url2": "https://www.kaigokensaku.mhlw.go.jp/12/index.php?action_kouhyou_detail_004_kani=true&JigyosyoCd=1270907965-00&ServiceCd=430&Type=search" }, "geometry": { "type": "Point", "coordinates": [ 140.020322661901901, 35.751339895701442 ] } },
{ "type": "Feature", "properties": { "内容": "居宅介護支援事業所　悠【居宅介護支援】千葉県船橋市湊町３－１９－５", "url2": "https://www.kaigokensaku.mhlw.go.jp/12/index.php?action_kouhyou_detail_004_kani=true&JigyosyoCd=1270903238-00&ServiceCd=430&Type=search" }, "geometry": { "type": "Point", "coordinates": [ 139.982029300000022, 35.690548 ] } },
{ "type": "Feature", "properties": { "内容": "板倉訪問クリニック居宅介護支援事業所【居宅介護支援】千葉県船橋市本町2-10-1", "url2": "https://www.kaigokensaku.mhlw.go.jp/12/index.php?action_kouhyou_detail_004_kani=true&JigyosyoCd=1270905415-00&ServiceCd=430&Type=search" }, "geometry": { "type": "Point", "coordinates": [ 139.982602918385282, 35.697544405130806 ] } },
{ "type": "Feature", "properties": { "内容": "あったかホームケアプランセンター【居宅介護支援】千葉県船橋市二和東5-42-27宮嵜ビル１階", "url2": "https://www.kaigokensaku.mhlw.go.jp/12/index.php?action_kouhyou_detail_004_kani=true&JigyosyoCd=1270905944-00&ServiceCd=430&Type=search" }, "geometry": { "type": "Point", "coordinates": [ 140.028611499999982, 35.7519187 ] } },
{ "type": "Feature", "properties": { "内容": "前原ハート居宅介護支援事業所【居宅介護支援】千葉県船橋市前原東４－２１－６", "url2": "https://www.kaigokensaku.mhlw.go.jp/12/index.php?action_kouhyou_detail_004_kani=true&JigyosyoCd=1270907817-00&ServiceCd=430&Type=search" }, "geometry": { "type": "Point", "coordinates": [ 140.026271522090155, 35.698867159838606 ] } },
{ "type": "Feature", "properties": { "内容": "ツクイ新船橋【居宅介護支援】千葉県船橋市北本町1-16-56オウカス船橋内", "url2": "https://www.kaigokensaku.mhlw.go.jp/12/index.php?action_kouhyou_detail_004_kani=true&JigyosyoCd=1270908385-00&ServiceCd=430&Type=search" }, "geometry": { "type": "Point", "coordinates": [ 139.983391, 35.710995900000015 ] } },
{ "type": "Feature", "properties": { "内容": "リルセーヌ高根台居宅介護支援事業所【居宅介護支援】千葉県船橋市高根台1-3-21デュオセーヌ船橋高根台1階", "url2": "https://www.kaigokensaku.mhlw.go.jp/12/index.php?action_kouhyou_detail_004_kani=true&JigyosyoCd=1270909763-00&ServiceCd=430&Type=search" }, "geometry": { "type": "Point", "coordinates": [ 140.0333647, 35.7307562 ] } },
{ "type": "Feature", "properties": { "内容": "ニチイケアセンター津田沼【居宅介護支援】千葉県船橋市前原西2-12-7津田沼第一生命ビル２階", "url2": "https://www.kaigokensaku.mhlw.go.jp/12/index.php?action_kouhyou_detail_004_kani=true&JigyosyoCd=1270900374-00&ServiceCd=430&Type=search" }, "geometry": { "type": "Point", "coordinates": [ 140.022334600000022, 35.6931971 ] } },
{ "type": "Feature", "properties": { "内容": "ロータス居宅介護支援事業所【居宅介護支援】千葉県船橋市藤原５－２３－２", "url2": "https://www.kaigokensaku.mhlw.go.jp/12/index.php?action_kouhyou_detail_004_kani=true&JigyosyoCd=1270903154-00&ServiceCd=430&Type=search" }, "geometry": { "type": "Point", "coordinates": [ 139.981984682803386, 35.74034861642869 ] } },
{ "type": "Feature", "properties": { "内容": "丸美ライフサービス【居宅介護支援】千葉県船橋市本町2-26-21-3F本町ビル", "url2": "https://www.kaigokensaku.mhlw.go.jp/12/index.php?action_kouhyou_detail_004_kani=true&JigyosyoCd=1270903170-00&ServiceCd=430&Type=search" }, "geometry": { "type": "Point", "coordinates": [ 139.982954, 35.698672 ] } },
{ "type": "Feature", "properties": { "内容": "ケアプランゆうゆう【居宅介護支援】千葉県船橋市習志野台3-13-25ＮＫマンション45号", "url2": "https://www.kaigokensaku.mhlw.go.jp/12/index.php?action_kouhyou_detail_004_kani=true&JigyosyoCd=1270907189-00&ServiceCd=430&Type=search" }, "geometry": { "type": "Point", "coordinates": [ 140.046264, 35.7195258 ] } },
{ "type": "Feature", "properties": { "内容": "プレーゲ船橋居宅介護支援事業所【居宅介護支援】千葉県船橋市三山6丁目41番24号田屋ビル201", "url2": "https://www.kaigokensaku.mhlw.go.jp/12/index.php?action_kouhyou_detail_004_kani=true&JigyosyoCd=1270907858-00&ServiceCd=430&Type=search" }, "geometry": { "type": "Point", "coordinates": [ 140.057533599999942, 35.6987451 ] } },
{ "type": "Feature", "properties": { "内容": "ケアプラン大穴【居宅介護支援】千葉県船橋市大穴北7-22-1千葉徳洲苑内", "url2": "https://www.kaigokensaku.mhlw.go.jp/12/index.php?action_kouhyou_detail_004_kani=true&JigyosyoCd=1270909805-00&ServiceCd=430&Type=search" }, "geometry": { "type": "Point", "coordinates": [ 140.0534949, 35.7478203 ] } },
{ "type": "Feature", "properties": { "内容": "ももたろうケアプラン【居宅介護支援】千葉県船橋市二和東１丁目１８番７号", "url2": "https://www.kaigokensaku.mhlw.go.jp/12/index.php?action_kouhyou_detail_004_kani=true&JigyosyoCd=1270906025-00&ServiceCd=430&Type=search" }, "geometry": { "type": "Point", "coordinates": [ 140.0234759, 35.7413485 ] } },
{ "type": "Feature", "properties": { "内容": "株式会社　ケイヨウ　ケア　インテリジェント【居宅介護支援】千葉県船橋市本町６丁目１７番１３号", "url2": "https://www.kaigokensaku.mhlw.go.jp/12/index.php?action_kouhyou_detail_004_kani=true&JigyosyoCd=1270900077-00&ServiceCd=430&Type=search" }, "geometry": { "type": "Point", "coordinates": [ 139.988945100000024, 35.7045517 ] } },
{ "type": "Feature", "properties": { "内容": "ペアレントホームケア親おもい【居宅介護支援】千葉県船橋市薬円台６ー１１ー１１", "url2": "https://www.kaigokensaku.mhlw.go.jp/12/index.php?action_kouhyou_detail_004_kani=true&JigyosyoCd=1270902438-00&ServiceCd=430&Type=search" }, "geometry": { "type": "Point", "coordinates": [ 140.038890199999969, 35.7114821 ] } },
{ "type": "Feature", "properties": { "内容": "礎居宅介護支援センター船橋【居宅介護支援】千葉県船橋市行田3-2-13-110", "url2": "https://www.kaigokensaku.mhlw.go.jp/12/index.php?action_kouhyou_detail_004_kani=true&JigyosyoCd=1270908245-00&ServiceCd=430&Type=search" }, "geometry": { "type": "Point", "coordinates": [ 139.970598599999988, 35.718853100000011 ] } },
{ "type": "Feature", "properties": { "内容": "船橋あさひ苑ケアプランセンター【居宅介護支援】千葉県船橋市旭町４－９－１", "url2": "https://www.kaigokensaku.mhlw.go.jp/12/index.php?action_kouhyou_detail_004_kani=true&JigyosyoCd=1270900291-00&ServiceCd=430&Type=search" }, "geometry": { "type": "Point", "coordinates": [ 139.992049400000042, 35.7332428 ] } },
{ "type": "Feature", "properties": { "内容": "いけだ居宅介護支援事業所【居宅介護支援】千葉県船橋市前原東1丁目6番4号", "url2": "https://www.kaigokensaku.mhlw.go.jp/12/index.php?action_kouhyou_detail_004_kani=true&JigyosyoCd=1270909409-00&ServiceCd=430&Type=search" }, "geometry": { "type": "Point", "coordinates": [ 140.025859869975278, 35.692829624141346 ] } },
{ "type": "Feature", "properties": { "内容": "ケアプラン　ゆい【居宅介護支援】千葉県船橋市薬円台5-6-1ますがたビル102号室", "url2": "https://www.kaigokensaku.mhlw.go.jp/12/index.php?action_kouhyou_detail_004_kani=true&JigyosyoCd=1270910175-00&ServiceCd=430&Type=search" }, "geometry": { "type": "Point", "coordinates": [ 140.038316900000012, 35.710169 ] } },
{ "type": "Feature", "properties": { "内容": "すゞかぜ居宅介護支援事業所【居宅介護支援】千葉県船橋市丸山４－４５－５", "url2": "https://www.kaigokensaku.mhlw.go.jp/12/index.php?action_kouhyou_detail_004_kani=true&JigyosyoCd=1270905027-00&ServiceCd=430&Type=search" }, "geometry": { "type": "Point", "coordinates": [ 139.9982728, 35.7497414 ] } },
{ "type": "Feature", "properties": { "内容": "東京海上日動ベターライフサービス株式会社みずたま介護ＳＴ船橋ケアプランセンター【居宅介護支援】千葉県船橋市本町3-32-20東信船橋ビル3F", "url2": "https://www.kaigokensaku.mhlw.go.jp/12/index.php?action_kouhyou_detail_004_kani=true&JigyosyoCd=1270907981-00&ServiceCd=430&Type=search" }, "geometry": { "type": "Point", "coordinates": [ 139.985315674868843, 35.695575934039859 ] } },
{ "type": "Feature", "properties": { "内容": "ニチイケアセンター船橋行田【居宅介護支援】千葉県船橋市行田3-14-1", "url2": "https://www.kaigokensaku.mhlw.go.jp/12/index.php?action_kouhyou_detail_004_kani=true&JigyosyoCd=1270903493-00&ServiceCd=430&Type=search" }, "geometry": { "type": "Point", "coordinates": [ 139.966673799999967, 35.7205168 ] } },
{ "type": "Feature", "properties": { "内容": "居宅介護支援センターさわやか苑　南部【居宅介護支援】千葉県船橋市湊町2-11-3AS湊町ビル・402号室", "url2": "https://www.kaigokensaku.mhlw.go.jp/12/index.php?action_kouhyou_detail_004_kani=true&JigyosyoCd=1270908948-00&ServiceCd=430&Type=search" }, "geometry": { "type": "Point", "coordinates": [ 139.9831453, 35.6944884 ] } },
{ "type": "Feature", "properties": { "内容": "ケアプラン南浜【居宅介護支援】千葉県船橋市南本町6-2", "url2": "https://www.kaigokensaku.mhlw.go.jp/12/index.php?action_kouhyou_detail_004_kani=true&JigyosyoCd=1270901109-00&ServiceCd=430&Type=search" }, "geometry": { "type": "Point", "coordinates": [ 139.97909820000001, 35.6967255 ] } },
{ "type": "Feature", "properties": { "内容": "コープみらい船橋介護センター【居宅介護支援】千葉県船橋市緑台2-6-1-105", "url2": "https://www.kaigokensaku.mhlw.go.jp/12/index.php?action_kouhyou_detail_004_kani=true&JigyosyoCd=1270906140-00&ServiceCd=430&Type=search" }, "geometry": { "type": "Point", "coordinates": [ 140.015869827756205, 35.728457004262729 ] } },
{ "type": "Feature", "properties": { "内容": "コープみらい習志野介護センター【居宅介護支援】千葉県船橋市習志野4-5-1", "url2": "https://www.kaigokensaku.mhlw.go.jp/12/index.php?action_kouhyou_detail_004_kani=true&JigyosyoCd=1270906157-00&ServiceCd=430&Type=search" }, "geometry": { "type": "Point", "coordinates": [ 140.057924296198934, 35.70335633526922 ] } },
{ "type": "Feature", "properties": { "内容": "ケアマネ事務所フリーダム【居宅介護支援】千葉県船橋市習志野台３－１３－２５ＮＫマンション１１号室", "url2": "https://www.kaigokensaku.mhlw.go.jp/12/index.php?action_kouhyou_detail_004_kani=true&JigyosyoCd=1270909516-00&ServiceCd=430&Type=search" }, "geometry": { "type": "Point", "coordinates": [ 140.046154300000012, 35.7195192 ] } },
{ "type": "Feature", "properties": { "内容": "ハートパートナーズこもれび【居宅介護支援】千葉県船橋市浜町2丁目3番31-520", "url2": "https://www.kaigokensaku.mhlw.go.jp/12/index.php?action_kouhyou_detail_004_kani=true&JigyosyoCd=1270908179-00&ServiceCd=430&Type=search" }, "geometry": { "type": "Point", "coordinates": [ 139.991645299999959, 35.6893452 ] } },
{ "type": "Feature", "properties": { "内容": "朝陽ケアプラン【居宅介護支援】千葉県船橋市本町７丁目27番９号高橋マンション101", "url2": "https://www.kaigokensaku.mhlw.go.jp/12/index.php?action_kouhyou_detail_004_kani=true&JigyosyoCd=1270909920-00&ServiceCd=430&Type=search" }, "geometry": { "type": "Point", "coordinates": [ 139.9803016, 35.7096611 ] } },
{ "type": "Feature", "properties": { "内容": "セントケア船橋【居宅介護支援】千葉県船橋市習志野台1‐2‐2ウイング２１　4階", "url2": "https://www.kaigokensaku.mhlw.go.jp/12/index.php?action_kouhyou_detail_004_kani=true&JigyosyoCd=1270910803-00&ServiceCd=430&Type=search" }, "geometry": { "type": "Point", "coordinates": [ 140.035131400000012, 35.7275762 ] } },
{ "type": "Feature", "properties": { "内容": "東船橋病院居宅介護支援事業所【居宅介護支援】千葉県船橋市高根台4-29-1", "url2": "https://www.kaigokensaku.mhlw.go.jp/12/index.php?action_kouhyou_detail_004_kani=true&JigyosyoCd=1270907239-00&ServiceCd=430&Type=search" }, "geometry": { "type": "Point", "coordinates": [ 140.040122500000052, 35.7267471 ] } },
{ "type": "Feature", "properties": { "内容": "ケアプラン初恋【居宅介護支援】千葉県船橋市咲が丘２－１８ー２０ダイヤコーポ１０５", "url2": "https://www.kaigokensaku.mhlw.go.jp/12/index.php?action_kouhyou_detail_004_kani=true&JigyosyoCd=1270909425-00&ServiceCd=430&Type=search" }, "geometry": { "type": "Point", "coordinates": [ 140.020379500000018, 35.7597021 ] } },
{ "type": "Feature", "properties": { "内容": "居宅介護支援センター朋松苑【居宅介護支援】千葉県船橋市西船２－２１－１２", "url2": "https://www.kaigokensaku.mhlw.go.jp/12/index.php?action_kouhyou_detail_004_kani=true&JigyosyoCd=1270901539-00&ServiceCd=430&Type=search" }, "geometry": { "type": "Point", "coordinates": [ 139.969285, 35.7129706 ] } },
{ "type": "Feature", "properties": { "内容": "あおい鳥居宅介護支援事業所【居宅介護支援】千葉県船橋市三山5-25-1ファミリーハイツK203号", "url2": "https://www.kaigokensaku.mhlw.go.jp/12/index.php?action_kouhyou_detail_004_kani=true&JigyosyoCd=1270906983-00&ServiceCd=430&Type=search" }, "geometry": { "type": "Point", "coordinates": [ 140.052433799999989, 35.7040277 ] } },
{ "type": "Feature", "properties": { "内容": "ケアプランかすみ草【居宅介護支援】千葉県船橋市本郷町421‐2大塚ビル205", "url2": "https://www.kaigokensaku.mhlw.go.jp/12/index.php?action_kouhyou_detail_004_kani=true&JigyosyoCd=1270910225-00&ServiceCd=430&Type=search" }, "geometry": { "type": "Point", "coordinates": [ 139.9549142, 35.7075468 ] } },
{ "type": "Feature", "properties": { "内容": "株式会社朝日ケアコンサルタント「テレサ会」船橋事業所【居宅介護支援】千葉県船橋市高根台３－１５－５３階", "url2": "https://www.kaigokensaku.mhlw.go.jp/12/index.php?action_kouhyou_detail_004_kani=true&JigyosyoCd=1270909417-00&ServiceCd=430&Type=search" }, "geometry": { "type": "Point", "coordinates": [ 140.036708107084621, 35.732534705937582 ] } },
{ "type": "Feature", "properties": { "内容": "ポピンズ京葉ケアステーション【居宅介護支援】千葉県船橋市本中山4-8-6", "url2": "https://www.kaigokensaku.mhlw.go.jp/12/index.php?action_kouhyou_detail_004_kani=true&JigyosyoCd=1270904897-00&ServiceCd=430&Type=search" }, "geometry": { "type": "Point", "coordinates": [ 139.941970399999946, 35.7093689 ] } },
{ "type": "Feature", "properties": { "内容": "レビー・ケア株式会社「レビー船橋」【居宅介護支援】千葉県船橋市上山町1-157-1レビー船橋", "url2": "https://www.kaigokensaku.mhlw.go.jp/12/index.php?action_kouhyou_detail_004_kani=true&JigyosyoCd=1270900721-00&ServiceCd=430&Type=search" }, "geometry": { "type": "Point", "coordinates": [ 139.971601, 35.7278657 ] } },
{ "type": "Feature", "properties": { "内容": "南生苑在宅支援センター松が丘【居宅介護支援】千葉県船橋市松が丘１－３３－４", "url2": "https://www.kaigokensaku.mhlw.go.jp/12/index.php?action_kouhyou_detail_004_kani=true&JigyosyoCd=1270900135-00&ServiceCd=430&Type=search" }, "geometry": { "type": "Point", "coordinates": [ 140.0400247, 35.7353407 ] } },
{ "type": "Feature", "properties": { "内容": "有限会社　かりん【居宅介護支援】千葉県船橋市本中山１丁目９番２号", "url2": "https://www.kaigokensaku.mhlw.go.jp/12/index.php?action_kouhyou_detail_004_kani=true&JigyosyoCd=1270904608-00&ServiceCd=430&Type=search" }, "geometry": { "type": "Point", "coordinates": [ 139.944897699999956, 35.7166094 ] } },
{ "type": "Feature", "properties": { "内容": "アミカ船橋介護センター【居宅介護支援】千葉県船橋市山手3-6-10", "url2": "https://www.kaigokensaku.mhlw.go.jp/12/index.php?action_kouhyou_detail_004_kani=true&JigyosyoCd=1270909441-00&ServiceCd=430&Type=search" }, "geometry": { "type": "Point", "coordinates": [ 139.9779799, 35.7177592 ] } },
{ "type": "Feature", "properties": { "内容": "癒しのケアプランセンター船橋東【居宅介護支援】千葉県船橋市坪井東1-2-1-1F", "url2": "https://www.kaigokensaku.mhlw.go.jp/12/index.php?action_kouhyou_detail_004_kani=true&JigyosyoCd=1270905092-00&ServiceCd=430&Type=search" }, "geometry": { "type": "Point", "coordinates": [ 140.05972460000001, 35.727170100000023 ] } },
{ "type": "Feature", "properties": { "内容": "みさきケアプランわかば【居宅介護支援】千葉県船橋市二和東2-8-5", "url2": "https://www.kaigokensaku.mhlw.go.jp/12/index.php?action_kouhyou_detail_004_kani=true&JigyosyoCd=1270908971-00&ServiceCd=430&Type=search" }, "geometry": { "type": "Point", "coordinates": [ 140.026411, 35.746914 ] } },
{ "type": "Feature", "properties": { "内容": "ケアプランすももの樹【居宅介護支援】千葉県船橋市金杉台１－１－２－１０１", "url2": "https://www.kaigokensaku.mhlw.go.jp/12/index.php?action_kouhyou_detail_004_kani=true&JigyosyoCd=1270907478-00&ServiceCd=430&Type=search" }, "geometry": { "type": "Point", "coordinates": [ 140.01174156309051, 35.734843580143611 ] } },
{ "type": "Feature", "properties": { "内容": "アークアンシエルケアプランセンター【居宅介護支援】千葉県船橋市小室町3319-4小室米井店舗2階", "url2": "https://www.kaigokensaku.mhlw.go.jp/12/index.php?action_kouhyou_detail_004_kani=true&JigyosyoCd=1270910860-00&ServiceCd=430&Type=search" }, "geometry": { "type": "Point", "coordinates": [ 140.074771, 35.7875286 ] } },
{ "type": "Feature", "properties": { "内容": "ケアプランさくら【居宅介護支援】千葉県船橋市大穴北8-41-1", "url2": "https://www.kaigokensaku.mhlw.go.jp/12/index.php?action_kouhyou_detail_004_kani=true&JigyosyoCd=1270910761-00&ServiceCd=430&Type=search" }, "geometry": { "type": "Point", "coordinates": [ 140.0415179, 35.743239600000017 ] } },
{ "type": "Feature", "properties": { "内容": "ファミリアケアプランセンター【居宅介護支援】千葉県船橋市前貝塚町1007-8Gステージ21M-2番館101", "url2": "https://www.kaigokensaku.mhlw.go.jp/12/index.php?action_kouhyou_detail_004_kani=true&JigyosyoCd=1270906512-00&ServiceCd=430&Type=search" }, "geometry": { "type": "Point", "coordinates": [ 139.982026477909812, 35.724269397578951 ] } },
{ "type": "Feature", "properties": { "内容": "ケアプラン鶴亀【居宅介護支援】千葉県船橋市丸山5-37-7", "url2": "https://www.kaigokensaku.mhlw.go.jp/12/index.php?action_kouhyou_detail_004_kani=true&JigyosyoCd=1270910415-00&ServiceCd=430&Type=search" }, "geometry": { "type": "Point", "coordinates": [ 139.995517900000038, 35.743574500000015 ] } },
{ "type": "Feature", "properties": { "内容": "ブライトケア塚田【居宅介護支援】千葉県船橋市行田１－４６－８－５０１ゼファー船橋塚田501号室", "url2": "https://www.kaigokensaku.mhlw.go.jp/12/index.php?action_kouhyou_detail_004_kani=true&JigyosyoCd=1270907056-00&ServiceCd=430&Type=search" }, "geometry": { "type": "Point", "coordinates": [ 139.980318600000032, 35.7213397 ] } },
{ "type": "Feature", "properties": { "内容": "ケアプランやはぎ【居宅介護支援】千葉県船橋市習志野台８－１４－２３", "url2": "https://www.kaigokensaku.mhlw.go.jp/12/index.php?action_kouhyou_detail_004_kani=true&JigyosyoCd=1270909581-00&ServiceCd=430&Type=search" }, "geometry": { "type": "Point", "coordinates": [ 140.060467100000011, 35.71623 ] } },
{ "type": "Feature", "properties": { "内容": "ココの実けあぷらんセンター【居宅介護支援】千葉県船橋市藤原7-7-10", "url2": "https://www.kaigokensaku.mhlw.go.jp/12/index.php?action_kouhyou_detail_004_kani=true&JigyosyoCd=1270910845-00&ServiceCd=430&Type=search" }, "geometry": { "type": "Point", "coordinates": [ 139.9904175, 35.7403383 ] } },
{ "type": "Feature", "properties": { "内容": "ソフィアケアステーション【居宅介護支援】千葉県船橋市海神1-20-10船橋エイコーハイツ402", "url2": "https://www.kaigokensaku.mhlw.go.jp/12/index.php?action_kouhyou_detail_004_kani=true&JigyosyoCd=1270909615-00&ServiceCd=430&Type=search" }, "geometry": { "type": "Point", "coordinates": [ 139.976459799999986, 35.7004014 ] } },
{ "type": "Feature", "properties": { "内容": "ケアプランすずらん【居宅介護支援】千葉県船橋市丸山3-14-1", "url2": "https://www.kaigokensaku.mhlw.go.jp/12/index.php?action_kouhyou_detail_004_kani=true&JigyosyoCd=1270903733-00&ServiceCd=430&Type=search" }, "geometry": { "type": "Point", "coordinates": [ 139.991742899999963, 35.7510078 ] } },
{ "type": "Feature", "properties": { "内容": "ケアプラン・オレンジガーデン【居宅介護支援】千葉県船橋市芝山7-41-2", "url2": "https://www.kaigokensaku.mhlw.go.jp/12/index.php?action_kouhyou_detail_004_kani=true&JigyosyoCd=1270901026-00&ServiceCd=430&Type=search" }, "geometry": { "type": "Point", "coordinates": [ 140.0273575, 35.7169757 ] } },
{ "type": "Feature", "properties": { "内容": "ケアプランかりん【居宅介護支援】千葉県船橋市二和東5-22-16", "url2": "https://www.kaigokensaku.mhlw.go.jp/12/index.php?action_kouhyou_detail_004_kani=true&JigyosyoCd=1270902628-00&ServiceCd=430&Type=search" }, "geometry": { "type": "Point", "coordinates": [ 140.021733074693884, 35.754221073644104 ] } },
{ "type": "Feature", "properties": { "内容": "ケアプランベルダ【居宅介護支援】千葉県船橋市本町6-3-16レックスマンション702号室", "url2": "https://www.kaigokensaku.mhlw.go.jp/12/index.php?action_kouhyou_detail_004_kani=true&JigyosyoCd=1270910852-00&ServiceCd=430&Type=search" }, "geometry": { "type": "Point", "coordinates": [ 139.987032, 35.703728800000043 ] } },
{ "type": "Feature", "properties": { "内容": "みさき在宅支援センター南生苑【居宅介護支援】千葉県船橋市三咲4-1-11-101", "url2": "https://www.kaigokensaku.mhlw.go.jp/12/index.php?action_kouhyou_detail_004_kani=true&JigyosyoCd=1270906231-00&ServiceCd=430&Type=search" }, "geometry": { "type": "Point", "coordinates": [ 140.0321467, 35.7499895 ] } },
{ "type": "Feature", "properties": { "内容": "小室在宅支援センター南生苑【居宅介護支援】千葉県船橋市小室町3319-2", "url2": "https://www.kaigokensaku.mhlw.go.jp/12/index.php?action_kouhyou_detail_004_kani=true&JigyosyoCd=1270910449-00&ServiceCd=430&Type=search" }, "geometry": { "type": "Point", "coordinates": [ 140.074912325794969, 35.787591330903616 ] } },
{ "type": "Feature", "properties": { "内容": "東武塚田クリニック在宅ケアセンター【居宅介護支援】千葉県船橋市前貝塚町565-12", "url2": "https://www.kaigokensaku.mhlw.go.jp/12/index.php?action_kouhyou_detail_004_kani=true&JigyosyoCd=1270900697-00&ServiceCd=430&Type=search" }, "geometry": { "type": "Point", "coordinates": [ 139.983164399999964, 35.7227329 ] } },
{ "type": "Feature", "properties": { "内容": "和花ケアマネジメント【居宅介護支援】千葉県船橋市行田町67-14", "url2": "https://www.kaigokensaku.mhlw.go.jp/12/index.php?action_kouhyou_detail_004_kani=true&JigyosyoCd=1270905852-00&ServiceCd=430&Type=search" }, "geometry": { "type": "Point", "coordinates": [ 139.976806173016371, 35.723460204349074 ] } },
{ "type": "Feature", "properties": { "内容": "ケアプランひかり【居宅介護支援】千葉県船橋市馬込西1-1-5", "url2": "https://www.kaigokensaku.mhlw.go.jp/12/index.php?action_kouhyou_detail_004_kani=true&JigyosyoCd=1270910613-00&ServiceCd=430&Type=search" }, "geometry": { "type": "Point", "coordinates": [ 139.992315499999989, 35.7407755 ] } },
{ "type": "Feature", "properties": { "内容": "ありす藤原ケアプランセンター【居宅介護支援】千葉県船橋市藤原6-28-7", "url2": "https://www.kaigokensaku.mhlw.go.jp/12/index.php?action_kouhyou_detail_004_kani=true&JigyosyoCd=1270910944-00&ServiceCd=430&Type=search" }, "geometry": { "type": "Point", "coordinates": [ 139.9765094, 35.7458654 ] } },
{ "type": "Feature", "properties": { "内容": "イリーゼ・ケアプランセンター船橋塚田【居宅介護支援】千葉県船橋市行田1－40－21", "url2": "https://www.kaigokensaku.mhlw.go.jp/12/index.php?action_kouhyou_detail_004_kani=true&JigyosyoCd=1270911009-00&ServiceCd=430&Type=search" }, "geometry": { "type": "Point", "coordinates": [ 139.9784855, 35.7226822 ] } },
{ "type": "Feature", "properties": { "内容": "双葉ハート居宅介護支援【居宅介護支援】千葉県船橋市本町4-7-17-3階高橋ビル", "url2": "https://www.kaigokensaku.mhlw.go.jp/12/index.php?action_kouhyou_detail_004_kani=true&JigyosyoCd=1270908880-00&ServiceCd=430&Type=search" }, "geometry": { "type": "Point", "coordinates": [ 139.9904889, 35.701037 ] } },
{ "type": "Feature", "properties": { "内容": "おうえん介護サービス居宅介護支援事業所【居宅介護支援】千葉県船橋市丸山3-7-6", "url2": "https://www.kaigokensaku.mhlw.go.jp/12/index.php?action_kouhyou_detail_004_kani=true&JigyosyoCd=1270907288-00&ServiceCd=430&Type=search" }, "geometry": { "type": "Point", "coordinates": [ 139.9921295, 35.7492314 ] } },
{ "type": "Feature", "properties": { "内容": "リンドレ居宅介護支援事業所【居宅介護支援】千葉県船橋市芝山3丁目30番7号棟204号室", "url2": "https://www.kaigokensaku.mhlw.go.jp/12/index.php?action_kouhyou_detail_004_kani=true&JigyosyoCd=1270909052-00&ServiceCd=430&Type=search" }, "geometry": { "type": "Point", "coordinates": [ 140.0248828, 35.7185255 ] } },
{ "type": "Feature", "properties": { "内容": "居宅介護支援センター　中山朋松苑【居宅介護支援】千葉県船橋市二子町４９２－２６リコーパレス１０２号", "url2": "https://www.kaigokensaku.mhlw.go.jp/12/index.php?action_kouhyou_detail_004_kani=true&JigyosyoCd=1270905258-00&ServiceCd=430&Type=search" }, "geometry": { "type": "Point", "coordinates": [ 139.949172500000032, 35.7103325 ] } },
{ "type": "Feature", "properties": { "内容": "生活クラブ風の村ケアプランセンター船橋【居宅介護支援】千葉県船橋市高根台6-2-22ロイヤルＳＸビル202", "url2": "https://www.kaigokensaku.mhlw.go.jp/12/index.php?action_kouhyou_detail_004_kani=true&JigyosyoCd=1270906108-00&ServiceCd=430&Type=search" }, "geometry": { "type": "Point", "coordinates": [ 140.033456300000012, 35.7279331 ] } },
{ "type": "Feature", "properties": { "内容": "居宅スリーズケア【居宅介護支援】千葉県船橋市海神５－３－２１神吉ビル", "url2": "https://www.kaigokensaku.mhlw.go.jp/12/index.php?action_kouhyou_detail_004_kani=true&JigyosyoCd=1270910530-00&ServiceCd=430&Type=search" }, "geometry": { "type": "Point", "coordinates": [ 139.9727368, 35.7073357 ] } },
{ "type": "Feature", "properties": { "内容": "ケアプランセンターソレイユ三山【居宅介護支援】千葉県船橋市三山5丁目42-25", "url2": "https://www.kaigokensaku.mhlw.go.jp/12/index.php?action_kouhyou_detail_004_kani=true&JigyosyoCd=1270911025-00&ServiceCd=430&Type=search" }, "geometry": { "type": "Point", "coordinates": [ 140.0552926, 35.7033249 ] } },
{ "type": "Feature", "properties": { "内容": "カネマタケア【居宅介護支援】千葉県船橋市海神６丁目９番地２号やまと海神駅前１０２号", "url2": "https://www.kaigokensaku.mhlw.go.jp/12/index.php?action_kouhyou_detail_004_kani=true&JigyosyoCd=1270904186-00&ServiceCd=430&Type=search" }, "geometry": { "type": "Point", "coordinates": [ 139.972026177662627, 35.705433078950094 ] } },
{ "type": "Feature", "properties": { "内容": "こひつじ船橋居宅介護支援センター【居宅介護支援】千葉県船橋市夏見台4-8-10", "url2": "https://www.kaigokensaku.mhlw.go.jp/12/index.php?action_kouhyou_detail_004_kani=true&JigyosyoCd=1270910282-00&ServiceCd=430&Type=search" }, "geometry": { "type": "Point", "coordinates": [ 139.995116200000012, 35.7255796 ] } },
{ "type": "Feature", "properties": { "内容": "医療法人南陽会アイビーケアステーション【居宅介護支援】千葉県館山市宮城1088介護老人保健施設みやぎの郷内", "url2": "https://www.kaigokensaku.mhlw.go.jp/12/index.php?action_kouhyou_detail_004_kani=true&JigyosyoCd=1271001321-00&ServiceCd=430&Type=search" }, "geometry": { "type": "Point", "coordinates": [ 139.836992689688117, 34.98217029571601 ] } },
{ "type": "Feature", "properties": { "内容": "医療法人社団志高会たてやま整形外科クリニック【居宅介護支援】千葉県館山市安布里229", "url2": "https://www.kaigokensaku.mhlw.go.jp/12/index.php?action_kouhyou_detail_004_kani=true&JigyosyoCd=1213611027-00&ServiceCd=430&Type=search" }, "geometry": { "type": "Point", "coordinates": [ 139.883087615344266, 34.988939828939735 ] } },
{ "type": "Feature", "properties": { "内容": "医療法人博正会　ケアプランナー北条【居宅介護支援】千葉県館山市北条1089", "url2": "https://www.kaigokensaku.mhlw.go.jp/12/index.php?action_kouhyou_detail_004_kani=true&JigyosyoCd=1271000265-00&ServiceCd=430&Type=search" }, "geometry": { "type": "Point", "coordinates": [ 139.870354200000094, 34.9934228 ] } },
{ "type": "Feature", "properties": { "内容": "介護相談所こまくさ【居宅介護支援】千葉県館山市佐野358", "url2": "https://www.kaigokensaku.mhlw.go.jp/12/index.php?action_kouhyou_detail_004_kani=true&JigyosyoCd=1271001164-00&ServiceCd=430&Type=search" }, "geometry": { "type": "Point", "coordinates": [ 139.8366638, 34.9356516 ] } },
{ "type": "Feature", "properties": { "内容": "居宅介護支援事業所　らいく【居宅介護支援】千葉県館山市那古1075-1", "url2": "https://www.kaigokensaku.mhlw.go.jp/12/index.php?action_kouhyou_detail_004_kani=true&JigyosyoCd=1271001362-00&ServiceCd=430&Type=search" }, "geometry": { "type": "Point", "coordinates": [ 139.86012980000001, 35.0224005 ] } },
{ "type": "Feature", "properties": { "内容": "居宅介護支援事業所やすらぎ【居宅介護支援】千葉県館山市犬石１６７８－１１３", "url2": "https://www.kaigokensaku.mhlw.go.jp/12/index.php?action_kouhyou_detail_004_kani=true&JigyosyoCd=1271000844-00&ServiceCd=430&Type=search" }, "geometry": { "type": "Point", "coordinates": [ 139.834783693566578, 34.934122874942382 ] } },
{ "type": "Feature", "properties": { "内容": "ケアプランセンターたてやま【居宅介護支援】千葉県館山市北条520-1", "url2": "https://www.kaigokensaku.mhlw.go.jp/12/index.php?action_kouhyou_detail_004_kani=true&JigyosyoCd=1271001297-00&ServiceCd=430&Type=search" }, "geometry": { "type": "Point", "coordinates": [ 139.875509599298454, 34.993369607786313 ] } },
{ "type": "Feature", "properties": { "内容": "ホームケアサポートまきの実【居宅介護支援】千葉県館山市北条1221-12", "url2": "https://www.kaigokensaku.mhlw.go.jp/12/index.php?action_kouhyou_detail_004_kani=true&JigyosyoCd=1271001263-00&ServiceCd=430&Type=search" }, "geometry": { "type": "Point", "coordinates": [ 139.871220798412594, 35.001381684331939 ] } },
{ "type": "Feature", "properties": { "内容": "ケアプランセンター古茂口の家【居宅介護支援】千葉県館山市古茂口68", "url2": "https://www.kaigokensaku.mhlw.go.jp/12/index.php?action_kouhyou_detail_004_kani=true&JigyosyoCd=1271000836-00&ServiceCd=430&Type=search" }, "geometry": { "type": "Point", "coordinates": [ 139.885220393995723, 34.977569398862485 ] } },
{ "type": "Feature", "properties": { "内容": "ファミリアぜんべや【居宅介護支援】千葉県館山市北条2151-1ファミリア北条", "url2": "https://www.kaigokensaku.mhlw.go.jp/12/index.php?action_kouhyou_detail_004_kani=true&JigyosyoCd=1271001255-00&ServiceCd=430&Type=search" }, "geometry": { "type": "Point", "coordinates": [ 139.865350525053884, 35.00162184813265 ] } },
{ "type": "Feature", "properties": { "内容": "居宅介護支援事業所雲母【居宅介護支援】千葉県館山市正木４６１４－１３", "url2": "https://www.kaigokensaku.mhlw.go.jp/12/index.php?action_kouhyou_detail_004_kani=true&JigyosyoCd=1271000547-00&ServiceCd=430&Type=search" }, "geometry": { "type": "Point", "coordinates": [ 139.873775300000034, 35.0279681 ] } },
{ "type": "Feature", "properties": { "内容": "居宅介護支援事業所　センターキュア【居宅介護支援】千葉県館山市亀ヶ原751-1", "url2": "https://www.kaigokensaku.mhlw.go.jp/12/index.php?action_kouhyou_detail_004_kani=true&JigyosyoCd=1271000521-00&ServiceCd=430&Type=search" }, "geometry": { "type": "Point", "coordinates": [ 139.879571198844928, 35.022415937010358 ] } },
{ "type": "Feature", "properties": { "内容": "ケアプランサービスリブあじさい館山【居宅介護支援】千葉県館山市安布里231-12", "url2": "https://www.kaigokensaku.mhlw.go.jp/12/index.php?action_kouhyou_detail_004_kani=true&JigyosyoCd=1271000646-00&ServiceCd=430&Type=search" }, "geometry": { "type": "Point", "coordinates": [ 139.883444700000041, 34.9886045 ] } },
{ "type": "Feature", "properties": { "内容": "館山ケアセンター夢くらぶ【居宅介護支援】千葉県館山市山本392-1", "url2": "https://www.kaigokensaku.mhlw.go.jp/12/index.php?action_kouhyou_detail_004_kani=true&JigyosyoCd=1253680022-00&ServiceCd=430&Type=search" }, "geometry": { "type": "Point", "coordinates": [ 139.8922966, 34.9859356 ] } },
{ "type": "Feature", "properties": { "内容": "ケアプランセンター　みなづき【居宅介護支援】千葉県館山市大賀103-2", "url2": "https://www.kaigokensaku.mhlw.go.jp/12/index.php?action_kouhyou_detail_004_kani=true&JigyosyoCd=1271000661-00&ServiceCd=430&Type=search" }, "geometry": { "type": "Point", "coordinates": [ 139.826806278773461, 34.981456231764007 ] } },
{ "type": "Feature", "properties": { "内容": "居宅介護支援事業所ほほえみ【居宅介護支援】千葉県館山市船形９０９番地", "url2": "https://www.kaigokensaku.mhlw.go.jp/12/index.php?action_kouhyou_detail_004_kani=true&JigyosyoCd=1271000034-00&ServiceCd=430&Type=search" }, "geometry": { "type": "Point", "coordinates": [ 139.844061099999976, 35.0282927 ] } },
{ "type": "Feature", "properties": { "内容": "介護相談東雲神戸【居宅介護支援】千葉県館山市竜岡36番地1", "url2": "https://www.kaigokensaku.mhlw.go.jp/12/index.php?action_kouhyou_detail_004_kani=true&JigyosyoCd=1271001172-00&ServiceCd=430&Type=search" }, "geometry": { "type": "Point", "coordinates": [ 139.8466285, 34.927496 ] } },
{ "type": "Feature", "properties": { "内容": "みのりの家居宅介護支援事業所【居宅介護支援】千葉県館山市北条2321", "url2": "https://www.kaigokensaku.mhlw.go.jp/12/index.php?action_kouhyou_detail_004_kani=true&JigyosyoCd=1271001032-00&ServiceCd=430&Type=search" }, "geometry": { "type": "Point", "coordinates": [ 139.860543900000039, 34.998960600000011 ] } },
{ "type": "Feature", "properties": { "内容": "ケアプランサービスほっこり【居宅介護支援】千葉県館山市館山61番地1", "url2": "https://www.kaigokensaku.mhlw.go.jp/12/index.php?action_kouhyou_detail_004_kani=true&JigyosyoCd=1271001115-00&ServiceCd=430&Type=search" }, "geometry": { "type": "Point", "coordinates": [ 139.853983400000061, 34.985343 ] } },
{ "type": "Feature", "properties": { "内容": "館山老人ホーム居宅介護支援センター【居宅介護支援】千葉県館山市湊373番地館山特別養護老人ホーム内", "url2": "https://www.kaigokensaku.mhlw.go.jp/12/index.php?action_kouhyou_detail_004_kani=true&JigyosyoCd=1271000141-00&ServiceCd=430&Type=search" }, "geometry": { "type": "Point", "coordinates": [ 139.866712600000028, 35.011528500000011 ] } },
{ "type": "Feature", "properties": { "内容": "ケアプランセンター空【居宅介護支援】千葉県館山市坂田７２－１", "url2": "https://www.kaigokensaku.mhlw.go.jp/12/index.php?action_kouhyou_detail_004_kani=true&JigyosyoCd=1271000752-00&ServiceCd=430&Type=search" }, "geometry": { "type": "Point", "coordinates": [ 139.777896700000042, 34.974387700000015 ] } },
{ "type": "Feature", "properties": { "内容": "居宅介護支援事業所燦燦【居宅介護支援】千葉県館山市大戸74-7", "url2": "https://www.kaigokensaku.mhlw.go.jp/12/index.php?action_kouhyou_detail_004_kani=true&JigyosyoCd=1271001339-00&ServiceCd=430&Type=search" }, "geometry": { "type": "Point", "coordinates": [ 139.8731866, 34.973374 ] } },
{ "type": "Feature", "properties": { "内容": "太陽会ケアプランセンターＯＨＡＮＡ【居宅介護支援】千葉県館山市山本２４２３－３", "url2": "https://www.kaigokensaku.mhlw.go.jp/12/index.php?action_kouhyou_detail_004_kani=true&JigyosyoCd=1271001222-00&ServiceCd=430&Type=search" }, "geometry": { "type": "Point", "coordinates": [ 139.8927075, 35.0001217 ] } },
{ "type": "Feature", "properties": { "内容": "赤門ケアプランセンター【居宅介護支援】千葉県館山市沼1637－2　1階", "url2": "https://www.kaigokensaku.mhlw.go.jp/12/index.php?action_kouhyou_detail_004_kani=true&JigyosyoCd=1271000653-00&ServiceCd=430&Type=search" }, "geometry": { "type": "Point", "coordinates": [ 139.845120299999962, 34.982068399999989 ] } },
{ "type": "Feature", "properties": { "内容": "セントケア南房総【居宅介護支援】千葉県館山市正木640-1", "url2": "https://www.kaigokensaku.mhlw.go.jp/12/index.php?action_kouhyou_detail_004_kani=true&JigyosyoCd=1271000604-00&ServiceCd=430&Type=search" }, "geometry": { "type": "Point", "coordinates": [ 139.872324299999946, 35.0131543 ] } },
{ "type": "Feature", "properties": { "内容": "介護相談　青空【居宅介護支援】木更津市大久保３丁目１５番１号", "url2": "https://www.kaigokensaku.mhlw.go.jp/12/index.php?action_kouhyou_detail_004_kani=true&JigyosyoCd=1271100818-00&ServiceCd=430&Type=search" }, "geometry": { "type": "Point", "coordinates": [ 139.93140470000003, 35.3403521 ] } },
{ "type": "Feature", "properties": { "内容": "ケア　ポプラ【居宅介護支援】千葉県木更津市大久保2-17-18", "url2": "https://www.kaigokensaku.mhlw.go.jp/12/index.php?action_kouhyou_detail_004_kani=true&JigyosyoCd=1271102996-00&ServiceCd=430&Type=search" }, "geometry": { "type": "Point", "coordinates": [ 139.9306631, 35.3432299 ] } },
{ "type": "Feature", "properties": { "内容": "やまみ居宅介護支援事業所【居宅介護支援】千葉県木更津市大久保２丁目２０番６号", "url2": "https://www.kaigokensaku.mhlw.go.jp/12/index.php?action_kouhyou_detail_004_kani=true&JigyosyoCd=1271101238-00&ServiceCd=430&Type=search" }, "geometry": { "type": "Point", "coordinates": [ 139.9331684, 35.3429934 ] } },
{ "type": "Feature", "properties": { "内容": "有限会社ウエルネス上総【居宅介護支援】千葉県木更津市大和１－４－１０102", "url2": "https://www.kaigokensaku.mhlw.go.jp/12/index.php?action_kouhyou_detail_004_kani=true&JigyosyoCd=1271100552-00&ServiceCd=430&Type=search" }, "geometry": { "type": "Point", "coordinates": [ 139.9280374, 35.379499 ] } },
{ "type": "Feature", "properties": { "内容": "ケアプランセンターとう花【居宅介護支援】千葉県木更津市八幡台4-965-73", "url2": "https://www.kaigokensaku.mhlw.go.jp/12/index.php?action_kouhyou_detail_004_kani=true&JigyosyoCd=1271102525-00&ServiceCd=430&Type=search" }, "geometry": { "type": "Point", "coordinates": [ 139.949150700000018, 35.3425656 ] } },
{ "type": "Feature", "properties": { "内容": "かもめ指定居宅介護支援事業所【居宅介護支援】千葉県木更津市菅生689かもめメディカルケアセンター内1階", "url2": "https://www.kaigokensaku.mhlw.go.jp/12/index.php?action_kouhyou_detail_004_kani=true&JigyosyoCd=1271102293-00&ServiceCd=430&Type=search" }, "geometry": { "type": "Point", "coordinates": [ 139.968189700000039, 35.392280400000011 ] } },
{ "type": "Feature", "properties": { "内容": "指定居宅介護支援事業所ゆきあい【居宅介護支援】千葉県木更津市高柳3369－5", "url2": "https://www.kaigokensaku.mhlw.go.jp/12/index.php?action_kouhyou_detail_004_kani=true&JigyosyoCd=1271100735-00&ServiceCd=430&Type=search" }, "geometry": { "type": "Point", "coordinates": [ 139.9289268, 35.4048813 ] } },
{ "type": "Feature", "properties": { "内容": "居宅介護支援事業所絆【居宅介護支援】千葉県木更津市江川523-2", "url2": "https://www.kaigokensaku.mhlw.go.jp/12/index.php?action_kouhyou_detail_004_kani=true&JigyosyoCd=1271102640-00&ServiceCd=430&Type=search" }, "geometry": { "type": "Point", "coordinates": [ 139.920880500000067, 35.4059644 ] } },
{ "type": "Feature", "properties": { "内容": "医心館居宅介護支援事業所木更津【居宅介護支援】千葉県木更津市太田４丁目３番11号", "url2": "https://www.kaigokensaku.mhlw.go.jp/12/index.php?action_kouhyou_detail_004_kani=true&JigyosyoCd=1271103119-00&ServiceCd=430&Type=search" }, "geometry": { "type": "Point", "coordinates": [ 139.943561874205017, 35.37864998368795 ] } },
{ "type": "Feature", "properties": { "内容": "さとの介護支援事業所【居宅介護支援】千葉県木更津市下烏田893", "url2": "https://www.kaigokensaku.mhlw.go.jp/12/index.php?action_kouhyou_detail_004_kani=true&JigyosyoCd=1271102236-00&ServiceCd=430&Type=search" }, "geometry": { "type": "Point", "coordinates": [ 139.921923183992021, 35.356718626118742 ] } },
{ "type": "Feature", "properties": { "内容": "いわい介護支援事業所【居宅介護支援】千葉県木更津市清見台１－６－１", "url2": "https://www.kaigokensaku.mhlw.go.jp/12/index.php?action_kouhyou_detail_004_kani=true&JigyosyoCd=1271101147-00&ServiceCd=430&Type=search" }, "geometry": { "type": "Point", "coordinates": [ 139.9437689, 35.3872345 ] } },
{ "type": "Feature", "properties": { "内容": "まり介護支援事業所【居宅介護支援】千葉県木更津市大久保2-19-14", "url2": "https://www.kaigokensaku.mhlw.go.jp/12/index.php?action_kouhyou_detail_004_kani=true&JigyosyoCd=1271102574-00&ServiceCd=430&Type=search" }, "geometry": { "type": "Point", "coordinates": [ 139.931634945530959, 35.342056704549449 ] } },
{ "type": "Feature", "properties": { "内容": "木更津ムツミ居宅支援センター【居宅介護支援】千葉県木更津市太田4-12-21", "url2": "https://www.kaigokensaku.mhlw.go.jp/12/index.php?action_kouhyou_detail_004_kani=true&JigyosyoCd=1271101287-00&ServiceCd=430&Type=search" }, "geometry": { "type": "Point", "coordinates": [ 139.946721700000012, 35.3787463 ] } },
{ "type": "Feature", "properties": { "内容": "介護支援センターたんぽぽ【居宅介護支援】千葉県木更津市祇園２－３０－２１", "url2": "https://www.kaigokensaku.mhlw.go.jp/12/index.php?action_kouhyou_detail_004_kani=true&JigyosyoCd=1271100594-00&ServiceCd=430&Type=search" }, "geometry": { "type": "Point", "coordinates": [ 139.952857200000039, 35.392647 ] } },
{ "type": "Feature", "properties": { "内容": "フューチャーケア居宅介護支援事業所【居宅介護支援】千葉県木更津市東太田2-13-20メゾン樹C101", "url2": "https://www.kaigokensaku.mhlw.go.jp/12/index.php?action_kouhyou_detail_004_kani=true&JigyosyoCd=1271103093-00&ServiceCd=430&Type=search" }, "geometry": { "type": "Point", "coordinates": [ 139.952072500000014, 35.3766374 ] } },
{ "type": "Feature", "properties": { "内容": "中郷記念館介護相談センター【居宅介護支援】千葉県木更津市井尻９５１", "url2": "https://www.kaigokensaku.mhlw.go.jp/12/index.php?action_kouhyou_detail_004_kani=true&JigyosyoCd=1271100065-00&ServiceCd=430&Type=search" }, "geometry": { "type": "Point", "coordinates": [ 139.975055800000064, 35.4053757 ] } },
{ "type": "Feature", "properties": { "内容": "居宅介護支援事業所しおかぜ【居宅介護支援】千葉県木更津市岩根2-2-20", "url2": "https://www.kaigokensaku.mhlw.go.jp/12/index.php?action_kouhyou_detail_004_kani=true&JigyosyoCd=1271102590-00&ServiceCd=430&Type=search" }, "geometry": { "type": "Point", "coordinates": [ 139.929571200000026, 35.409427800000017 ] } },
{ "type": "Feature", "properties": { "内容": "金田在宅介護支援センター【居宅介護支援】千葉県木更津市中島2366-1", "url2": "https://www.kaigokensaku.mhlw.go.jp/12/index.php?action_kouhyou_detail_004_kani=true&JigyosyoCd=1271100446-00&ServiceCd=430&Type=search" }, "geometry": { "type": "Point", "coordinates": [ 139.91935280000007, 35.437357 ] } },
{ "type": "Feature", "properties": { "内容": "サニーライフ木更津居宅介護支援事業所【居宅介護支援】千葉県木更津市請西東5-22-4", "url2": "https://www.kaigokensaku.mhlw.go.jp/12/index.php?action_kouhyou_detail_004_kani=true&JigyosyoCd=1271102798-00&ServiceCd=430&Type=search" }, "geometry": { "type": "Point", "coordinates": [ 139.94907280000001, 35.3661013 ] } },
{ "type": "Feature", "properties": { "内容": "エルケア木更津ケアプランセンター【居宅介護支援】千葉県木更津市大和2-4-1VIOS木更津B号室", "url2": "https://www.kaigokensaku.mhlw.go.jp/12/index.php?action_kouhyou_detail_004_kani=true&JigyosyoCd=1271102004-00&ServiceCd=430&Type=search" }, "geometry": { "type": "Point", "coordinates": [ 139.93202450000004, 35.3795708 ] } },
{ "type": "Feature", "properties": { "内容": "フォレスト【居宅介護支援】千葉県木更津市大和2-6-8101", "url2": "https://www.kaigokensaku.mhlw.go.jp/12/index.php?action_kouhyou_detail_004_kani=true&JigyosyoCd=1271102806-00&ServiceCd=430&Type=search" }, "geometry": { "type": "Point", "coordinates": [ 139.929641800000013, 35.3790032 ] } },
{ "type": "Feature", "properties": { "内容": "あうるの木ケアマネジャー事業所【居宅介護支援】千葉県木更津市矢那2502-2", "url2": "https://www.kaigokensaku.mhlw.go.jp/12/index.php?action_kouhyou_detail_004_kani=true&JigyosyoCd=1271102970-00&ServiceCd=430&Type=search" }, "geometry": { "type": "Point", "coordinates": [ 139.9865711, 35.3263058 ] } },
{ "type": "Feature", "properties": { "内容": "グリーンパレス　介護支援事業所【居宅介護支援】千葉県木更津市長須賀１３２９", "url2": "https://www.kaigokensaku.mhlw.go.jp/12/index.php?action_kouhyou_detail_004_kani=true&JigyosyoCd=1271100024-00&ServiceCd=430&Type=search" }, "geometry": { "type": "Point", "coordinates": [ 139.934092700000065, 35.3957938 ] } },
{ "type": "Feature", "properties": { "内容": "ケアプランセンターしほな【居宅介護支援】千葉県木更津市清見台2-9-9", "url2": "https://www.kaigokensaku.mhlw.go.jp/12/index.php?action_kouhyou_detail_004_kani=true&JigyosyoCd=1271102111-00&ServiceCd=430&Type=search" }, "geometry": { "type": "Point", "coordinates": [ 139.94623009999998, 35.382240199999984 ] } },
{ "type": "Feature", "properties": { "内容": "ケアプランセンターみすず【居宅介護支援】千葉県木更津市高柳3247番地6", "url2": "https://www.kaigokensaku.mhlw.go.jp/12/index.php?action_kouhyou_detail_004_kani=true&JigyosyoCd=1271102152-00&ServiceCd=430&Type=search" }, "geometry": { "type": "Point", "coordinates": [ 139.930783060762082, 35.408039313767539 ] } },
{ "type": "Feature", "properties": { "内容": "介護相談センター馬来田の太陽【居宅介護支援】千葉県木更津市真里谷883-1", "url2": "https://www.kaigokensaku.mhlw.go.jp/12/index.php?action_kouhyou_detail_004_kani=true&JigyosyoCd=1271100925-00&ServiceCd=430&Type=search" }, "geometry": { "type": "Point", "coordinates": [ 140.072873, 35.3685299 ] } },
{ "type": "Feature", "properties": { "内容": "居宅介護相談センター波岡の家【居宅介護支援】千葉県木更津市畑沢南3-16-76特別養護老人ホーム波岡の家", "url2": "https://www.kaigokensaku.mhlw.go.jp/12/index.php?action_kouhyou_detail_004_kani=true&JigyosyoCd=1271100040-00&ServiceCd=430&Type=search" }, "geometry": { "type": "Point", "coordinates": [ 139.933424, 35.345332 ] } },
{ "type": "Feature", "properties": { "内容": "セントケア木更津【居宅介護支援】千葉県木更津市畑沢南3-13-19", "url2": "https://www.kaigokensaku.mhlw.go.jp/12/index.php?action_kouhyou_detail_004_kani=true&JigyosyoCd=1271101212-00&ServiceCd=430&Type=search" }, "geometry": { "type": "Point", "coordinates": [ 139.907203900000013, 35.3414793 ] } },
{ "type": "Feature", "properties": { "内容": "ウィズユー介護相談【居宅介護支援】千葉県木更津市若葉町２－１９", "url2": "https://www.kaigokensaku.mhlw.go.jp/12/index.php?action_kouhyou_detail_004_kani=true&JigyosyoCd=1271101923-00&ServiceCd=430&Type=search" }, "geometry": { "type": "Point", "coordinates": [ 139.946252500000014, 35.4058006 ] } },
{ "type": "Feature", "properties": { "内容": "ケアプランセンターパープル【居宅介護支援】千葉県木更津市畑沢南2-30-15", "url2": "https://www.kaigokensaku.mhlw.go.jp/12/index.php?action_kouhyou_detail_004_kani=true&JigyosyoCd=1271102186-00&ServiceCd=430&Type=search" }, "geometry": { "type": "Point", "coordinates": [ 139.900950836368963, 35.341367925631005 ] } },
{ "type": "Feature", "properties": { "内容": "ココケア【居宅介護支援】真舟五丁目23番10号", "url2": "https://www.kaigokensaku.mhlw.go.jp/12/index.php?action_kouhyou_detail_004_kani=true&JigyosyoCd=1271103143-00&ServiceCd=430&Type=search" }, "geometry": { "type": "Point", "coordinates": [ 139.928842, 35.3654749 ] } },
{ "type": "Feature", "properties": { "内容": "ケアプランセンターなないろ【居宅介護支援】千葉県木更津市清見台2-21-2", "url2": "https://www.kaigokensaku.mhlw.go.jp/12/index.php?action_kouhyou_detail_004_kani=true&JigyosyoCd=1271101584-00&ServiceCd=430&Type=search" }, "geometry": { "type": "Point", "coordinates": [ 139.942963942761253, 35.38270102475655 ] } },
{ "type": "Feature", "properties": { "内容": "居宅介護支援事業所いわね潮の香園【居宅介護支援】千葉県木更津市万石146-1", "url2": "https://www.kaigokensaku.mhlw.go.jp/12/index.php?action_kouhyou_detail_004_kani=true&JigyosyoCd=1271102350-00&ServiceCd=430&Type=search" }, "geometry": { "type": "Point", "coordinates": [ 139.9304962, 35.4168295 ] } },
{ "type": "Feature", "properties": { "内容": "ケアマネジャー事業所シンフォニー【居宅介護支援】千葉県木更津市祇園3-26-6", "url2": "https://www.kaigokensaku.mhlw.go.jp/12/index.php?action_kouhyou_detail_004_kani=true&JigyosyoCd=1271102459-00&ServiceCd=430&Type=search" }, "geometry": { "type": "Point", "coordinates": [ 139.956431899999984, 35.3918277 ] } },
{ "type": "Feature", "properties": { "内容": "デイサービスいすけ【居宅介護支援】千葉県木更津市中島2337-1", "url2": "https://www.kaigokensaku.mhlw.go.jp/12/index.php?action_kouhyou_detail_004_kani=true&JigyosyoCd=1271102244-00&ServiceCd=430&Type=search" }, "geometry": { "type": "Point", "coordinates": [ 139.922041499999978, 35.436621524128704 ] } },
{ "type": "Feature", "properties": { "内容": "居宅介護支援事業所つなぐ【居宅介護支援】千葉県木更津市高柳4-3-17", "url2": "https://www.kaigokensaku.mhlw.go.jp/12/index.php?action_kouhyou_detail_004_kani=true&JigyosyoCd=1271102541-00&ServiceCd=430&Type=search" }, "geometry": { "type": "Point", "coordinates": [ 139.946122100000025, 35.4080929 ] } },
{ "type": "Feature", "properties": { "内容": "カミングホーム相談支援センター【居宅介護支援】千葉県木更津市清見台南４－３－１７", "url2": "https://www.kaigokensaku.mhlw.go.jp/12/index.php?action_kouhyou_detail_004_kani=true&JigyosyoCd=1271102327-00&ServiceCd=430&Type=search" }, "geometry": { "type": "Point", "coordinates": [ 139.956752828818736, 35.381457563234889 ] } },
{ "type": "Feature", "properties": { "内容": "すまいるリハケアマネージャー事業所【居宅介護支援】千葉県木更津市真舟5-24-7", "url2": "https://www.kaigokensaku.mhlw.go.jp/12/index.php?action_kouhyou_detail_004_kani=true&JigyosyoCd=1271101899-00&ServiceCd=430&Type=search" }, "geometry": { "type": "Point", "coordinates": [ 139.929505888812002, 35.366616268721167 ] } },
{ "type": "Feature", "properties": { "内容": "ハートケア居宅介護支援センタ―【居宅介護支援】千葉県木更津市東太田２丁目１５番１９タマビルⅤ１０６号室", "url2": "https://www.kaigokensaku.mhlw.go.jp/12/index.php?action_kouhyou_detail_004_kani=true&JigyosyoCd=1271102905-00&ServiceCd=430&Type=search" }, "geometry": { "type": "Point", "coordinates": [ 139.953674469444763, 35.375956372424234 ] } },
{ "type": "Feature", "properties": { "内容": "松戸ナーシングヴィラそよ風【居宅介護支援】千葉県松戸市常盤平５－２４－2", "url2": "https://www.kaigokensaku.mhlw.go.jp/12/index.php?action_kouhyou_detail_004_kani=true&JigyosyoCd=1271205518-00&ServiceCd=430&Type=search" }, "geometry": { "type": "Point", "coordinates": [ 139.9617465, 35.7949391 ] } },
{ "type": "Feature", "properties": { "内容": "たくみケア【居宅介護支援】千葉県松戸市竹ヶ花７４－１６松戸商事ビル２Ｆ", "url2": "https://www.kaigokensaku.mhlw.go.jp/12/index.php?action_kouhyou_detail_004_kani=true&JigyosyoCd=1271204479-00&ServiceCd=430&Type=search" }, "geometry": { "type": "Point", "coordinates": [ 139.904209400000013, 35.7905661 ] } },
{ "type": "Feature", "properties": { "内容": "ケアプランきづな【居宅介護支援】千葉県松戸市五香1-5-30B棟", "url2": "https://www.kaigokensaku.mhlw.go.jp/12/index.php?action_kouhyou_detail_004_kani=true&JigyosyoCd=1271207589-00&ServiceCd=430&Type=search" }, "geometry": { "type": "Point", "coordinates": [ 139.968322318385276, 35.795872014032525 ] } },
{ "type": "Feature", "properties": { "内容": "アミカ松戸介護センター【居宅介護支援】千葉県松戸市大谷口43", "url2": "https://www.kaigokensaku.mhlw.go.jp/12/index.php?action_kouhyou_detail_004_kani=true&JigyosyoCd=1271208728-00&ServiceCd=430&Type=search" }, "geometry": { "type": "Point", "coordinates": [ 139.920672700000011, 35.8321906 ] } },
{ "type": "Feature", "properties": { "内容": "ケアマネサボテン【居宅介護支援】千葉県松戸市五香7丁目3-5", "url2": "https://www.kaigokensaku.mhlw.go.jp/12/index.php?action_kouhyou_detail_004_kani=true&JigyosyoCd=1271204883-00&ServiceCd=430&Type=search" }, "geometry": { "type": "Point", "coordinates": [ 139.970750694789871, 35.797344927358317 ] } },
{ "type": "Feature", "properties": { "内容": "トータルケアあやめ【居宅介護支援】松戸市高塚新田１１５－７７", "url2": "https://www.kaigokensaku.mhlw.go.jp/12/index.php?action_kouhyou_detail_004_kani=true&JigyosyoCd=1271203547-00&ServiceCd=430&Type=search" }, "geometry": { "type": "Point", "coordinates": [ 139.9414759, 35.7581341 ] } },
{ "type": "Feature", "properties": { "内容": "ユーミ居宅介護支援事業所【居宅介護支援】千葉県松戸市松飛台16-8", "url2": "https://www.kaigokensaku.mhlw.go.jp/12/index.php?action_kouhyou_detail_004_kani=true&JigyosyoCd=1271208454-00&ServiceCd=430&Type=search" }, "geometry": { "type": "Point", "coordinates": [ 139.9688275, 35.7914979 ] } },
{ "type": "Feature", "properties": { "内容": "しろくま介護サービス【居宅介護支援】千葉県松戸市西馬橋蔵元町28ウィステリア102", "url2": "https://www.kaigokensaku.mhlw.go.jp/12/index.php?action_kouhyou_detail_004_kani=true&JigyosyoCd=1271208348-00&ServiceCd=430&Type=search" }, "geometry": { "type": "Point", "coordinates": [ 139.915263399999986, 35.813061300000022 ] } },
{ "type": "Feature", "properties": { "内容": "ケアプラン一休【居宅介護支援】千葉県松戸市南花島3-59-10", "url2": "https://www.kaigokensaku.mhlw.go.jp/12/index.php?action_kouhyou_detail_004_kani=true&JigyosyoCd=1271205997-00&ServiceCd=430&Type=search" }, "geometry": { "type": "Point", "coordinates": [ 139.912245, 35.7894266 ] } },
{ "type": "Feature", "properties": { "内容": "めいとケア居宅介護支援事業所【居宅介護支援】千葉県松戸市小金上総町10-11", "url2": "https://www.kaigokensaku.mhlw.go.jp/12/index.php?action_kouhyou_detail_004_kani=true&JigyosyoCd=1271201103-00&ServiceCd=430&Type=search" }, "geometry": { "type": "Point", "coordinates": [ 139.928089399999976, 35.8269114 ] } },
{ "type": "Feature", "properties": { "内容": "ありあけ介護サービス居宅介護支援事業所【居宅介護支援】千葉県松戸市中和倉144-1第二サニーハイツ202", "url2": "https://www.kaigokensaku.mhlw.go.jp/12/index.php?action_kouhyou_detail_004_kani=true&JigyosyoCd=1271206599-00&ServiceCd=430&Type=search" }, "geometry": { "type": "Point", "coordinates": [ 139.916952900000069, 35.789732200000017 ] } },
{ "type": "Feature", "properties": { "内容": "めいと介護支援センター【居宅介護支援】千葉県松戸市常盤平1-29-3常盤平駅ビル2階", "url2": "https://www.kaigokensaku.mhlw.go.jp/12/index.php?action_kouhyou_detail_004_kani=true&JigyosyoCd=1271208025-00&ServiceCd=430&Type=search" }, "geometry": { "type": "Point", "coordinates": [ 139.950089540987278, 35.803193352784518 ] } },
{ "type": "Feature", "properties": { "内容": "つかよし居宅支援事業所【居宅介護支援】千葉県松戸市常盤平5-12-5", "url2": "https://www.kaigokensaku.mhlw.go.jp/12/index.php?action_kouhyou_detail_004_kani=true&JigyosyoCd=1271201962-00&ServiceCd=430&Type=search" }, "geometry": { "type": "Point", "coordinates": [ 139.964810829242538, 35.797394053085611 ] } },
{ "type": "Feature", "properties": { "内容": "こまどりケアセンター・八柱【居宅介護支援】千葉県松戸市日暮２－６－１清水ビル２０２", "url2": "https://www.kaigokensaku.mhlw.go.jp/12/index.php?action_kouhyou_detail_004_kani=true&JigyosyoCd=1271207605-00&ServiceCd=430&Type=search" }, "geometry": { "type": "Point", "coordinates": [ 139.937327899999985, 35.79150520000001 ] } },
{ "type": "Feature", "properties": { "内容": "グットスマイルOK！ケアプランナーオフィス【居宅介護支援】千葉県松戸市八ヶ崎5-28-11", "url2": "https://www.kaigokensaku.mhlw.go.jp/12/index.php?action_kouhyou_detail_004_kani=true&JigyosyoCd=1271208777-00&ServiceCd=430&Type=search" }, "geometry": { "type": "Point", "coordinates": [ 139.935788800000012, 35.8076486 ] } },
{ "type": "Feature", "properties": { "内容": "ひかり居宅介護支援事業所松戸【居宅介護支援】千葉県松戸市本町11-2本町P・Ｕビル３階", "url2": "https://www.kaigokensaku.mhlw.go.jp/12/index.php?action_kouhyou_detail_004_kani=true&JigyosyoCd=1271209916-00&ServiceCd=430&Type=search" }, "geometry": { "type": "Point", "coordinates": [ 139.896995, 35.7853079 ] } },
{ "type": "Feature", "properties": { "内容": "らくしぃケアサービス【居宅介護支援】千葉県松戸市八ヶ崎4-30-3", "url2": "https://www.kaigokensaku.mhlw.go.jp/12/index.php?action_kouhyou_detail_004_kani=true&JigyosyoCd=1271209890-00&ServiceCd=430&Type=search" }, "geometry": { "type": "Point", "coordinates": [ 139.9354025, 35.8101238 ] } },
{ "type": "Feature", "properties": { "内容": "あおぞらの里　六高台ケアプランセンター【居宅介護支援】千葉県松戸市六高台７－２－１１", "url2": "https://www.kaigokensaku.mhlw.go.jp/12/index.php?action_kouhyou_detail_004_kani=true&JigyosyoCd=1271201939-00&ServiceCd=430&Type=search" }, "geometry": { "type": "Point", "coordinates": [ 139.983313400000043, 35.7970812 ] } },
{ "type": "Feature", "properties": { "内容": "元気介護サービス【居宅介護支援】千葉県松戸市中根517", "url2": "https://www.kaigokensaku.mhlw.go.jp/12/index.php?action_kouhyou_detail_004_kani=true&JigyosyoCd=1271200097-00&ServiceCd=430&Type=search" }, "geometry": { "type": "Point", "coordinates": [ 139.917282600000021, 35.8060385 ] } },
{ "type": "Feature", "properties": { "内容": "常盤平地区在宅介護支援センター【居宅介護支援】千葉県松戸市常盤平7-5-2", "url2": "https://www.kaigokensaku.mhlw.go.jp/12/index.php?action_kouhyou_detail_004_kani=true&JigyosyoCd=1271201020-00&ServiceCd=430&Type=search" }, "geometry": { "type": "Point", "coordinates": [ 139.955696, 35.7979722 ] } },
{ "type": "Feature", "properties": { "内容": "ケア２１　松戸みのり台【居宅介護支援】千葉県松戸市稔台2-1-1稔台ハイツ103", "url2": "https://www.kaigokensaku.mhlw.go.jp/12/index.php?action_kouhyou_detail_004_kani=true&JigyosyoCd=1271208793-00&ServiceCd=430&Type=search" }, "geometry": { "type": "Point", "coordinates": [ 139.930857240761696, 35.786105106819086 ] } },
{ "type": "Feature", "properties": { "内容": "トモニーケア【居宅介護支援】千葉県松戸市東平賀220-3イーストコートⅤ202", "url2": "https://www.kaigokensaku.mhlw.go.jp/12/index.php?action_kouhyou_detail_004_kani=true&JigyosyoCd=1271207753-00&ServiceCd=430&Type=search" }, "geometry": { "type": "Point", "coordinates": [ 139.933960300000024, 35.8351187 ] } },
{ "type": "Feature", "properties": { "内容": "秋桜ヴィレッジ居宅介護支援事業所【居宅介護支援】千葉県松戸市栄町西3-1045", "url2": "https://www.kaigokensaku.mhlw.go.jp/12/index.php?action_kouhyou_detail_004_kani=true&JigyosyoCd=1271204750-00&ServiceCd=430&Type=search" }, "geometry": { "type": "Point", "coordinates": [ 139.895887099999982, 35.8128127 ] } },
{ "type": "Feature", "properties": { "内容": "松峰苑居宅介護支援事業所【居宅介護支援】千葉県松戸市高塚新田字背上488番9", "url2": "https://www.kaigokensaku.mhlw.go.jp/12/index.php?action_kouhyou_detail_004_kani=true&JigyosyoCd=1271208132-00&ServiceCd=430&Type=search" }, "geometry": { "type": "Point", "coordinates": [ 139.931964, 35.760883 ] } },
{ "type": "Feature", "properties": { "内容": "みつばち相談センター【居宅介護支援】千葉県松戸市中和倉45", "url2": "https://www.kaigokensaku.mhlw.go.jp/12/index.php?action_kouhyou_detail_004_kani=true&JigyosyoCd=1271208652-00&ServiceCd=430&Type=search" }, "geometry": { "type": "Point", "coordinates": [ 139.9286406, 35.8053409 ] } },
{ "type": "Feature", "properties": { "内容": "介護支援センターぴーちゃん【居宅介護支援】千葉県松戸市金ヶ作404-91ヒルトップ五香・201号", "url2": "https://www.kaigokensaku.mhlw.go.jp/12/index.php?action_kouhyou_detail_004_kani=true&JigyosyoCd=1271209163-00&ServiceCd=430&Type=search" }, "geometry": { "type": "Point", "coordinates": [ 139.961264699999958, 35.8025967 ] } },
{ "type": "Feature", "properties": { "内容": "ファーストステージ松戸【居宅介護支援】千葉県松戸市常盤平5-17-28藤田ビル202号室", "url2": "https://www.kaigokensaku.mhlw.go.jp/12/index.php?action_kouhyou_detail_004_kani=true&JigyosyoCd=1271204669-00&ServiceCd=430&Type=search" }, "geometry": { "type": "Point", "coordinates": [ 139.962947500000041, 35.7968797 ] } },
{ "type": "Feature", "properties": { "内容": "居宅介護支援センター　よしとも【居宅介護支援】千葉県松戸市六高台８－１２６－１", "url2": "https://www.kaigokensaku.mhlw.go.jp/12/index.php?action_kouhyou_detail_004_kani=true&JigyosyoCd=1271203638-00&ServiceCd=430&Type=search" }, "geometry": { "type": "Point", "coordinates": [ 139.9842936, 35.8005726 ] } },
{ "type": "Feature", "properties": { "内容": "いちご【居宅介護支援】千葉県松戸市松戸新田617番地の69", "url2": "https://www.kaigokensaku.mhlw.go.jp/12/index.php?action_kouhyou_detail_004_kani=true&JigyosyoCd=1271209312-00&ServiceCd=430&Type=search" }, "geometry": { "type": "Point", "coordinates": [ 139.9316998, 35.795338 ] } },
{ "type": "Feature", "properties": { "内容": "ケアプランVida新松戸【居宅介護支援】千葉県松戸市新松戸4-129-202", "url2": "https://www.kaigokensaku.mhlw.go.jp/12/index.php?action_kouhyou_detail_004_kani=true&JigyosyoCd=1271209650-00&ServiceCd=430&Type=search" }, "geometry": { "type": "Point", "coordinates": [ 139.9134062, 35.826903600000016 ] } },
{ "type": "Feature", "properties": { "内容": "ケアセンターじゅえん【居宅介護支援】千葉県松戸市三矢小台3-9-10", "url2": "https://www.kaigokensaku.mhlw.go.jp/12/index.php?action_kouhyou_detail_004_kani=true&JigyosyoCd=1271209510-00&ServiceCd=430&Type=search" }, "geometry": { "type": "Point", "coordinates": [ 139.8997286, 35.7665565 ] } },
{ "type": "Feature", "properties": { "内容": "けやきトータルクリニック　支援相談室【居宅介護支援】千葉県松戸市新松戸6-51-102", "url2": "https://www.kaigokensaku.mhlw.go.jp/12/index.php?action_kouhyou_detail_004_kani=true&JigyosyoCd=1271208512-00&ServiceCd=430&Type=search" }, "geometry": { "type": "Point", "coordinates": [ 139.911915018948889, 35.825112355708143 ] } },
{ "type": "Feature", "properties": { "内容": "東松戸ヒルズ居宅介護支援センター【居宅介護支援】千葉県松戸市紙敷1065-4", "url2": "https://www.kaigokensaku.mhlw.go.jp/12/index.php?action_kouhyou_detail_004_kani=true&JigyosyoCd=1271207563-00&ServiceCd=430&Type=search" }, "geometry": { "type": "Point", "coordinates": [ 139.938901800338726, 35.771639839862161 ] } },
{ "type": "Feature", "properties": { "内容": "介護のパムコ東松戸【居宅介護支援】千葉県松戸市高塚新田494-13", "url2": "https://www.kaigokensaku.mhlw.go.jp/12/index.php?action_kouhyou_detail_004_kani=true&JigyosyoCd=1271206631-00&ServiceCd=430&Type=search" }, "geometry": { "type": "Point", "coordinates": [ 139.934943391340681, 35.757325860402609 ] } },
{ "type": "Feature", "properties": { "内容": "ケアプランセンターつばめ【居宅介護支援】千葉県松戸市松戸2266-7メゾンドアイ102", "url2": "https://www.kaigokensaku.mhlw.go.jp/12/index.php?action_kouhyou_detail_004_kani=true&JigyosyoCd=1271209189-00&ServiceCd=430&Type=search" }, "geometry": { "type": "Point", "coordinates": [ 139.9064009, 35.7747463 ] } },
{ "type": "Feature", "properties": { "内容": "らくだ【居宅介護支援】千葉県松戸市秋山3-16-2", "url2": "https://www.kaigokensaku.mhlw.go.jp/12/index.php?action_kouhyou_detail_004_kani=true&JigyosyoCd=1271204735-00&ServiceCd=430&Type=search" }, "geometry": { "type": "Point", "coordinates": [ 139.93700519999993, 35.7672881 ] } },
{ "type": "Feature", "properties": { "内容": "南花園ケアプランセンター【居宅介護支援】千葉県松戸市河原塚102-8", "url2": "https://www.kaigokensaku.mhlw.go.jp/12/index.php?action_kouhyou_detail_004_kani=true&JigyosyoCd=1271200295-00&ServiceCd=430&Type=search" }, "geometry": { "type": "Point", "coordinates": [ 139.938368535898576, 35.780747951391447 ] } },
{ "type": "Feature", "properties": { "内容": "サニーライフ松戸居宅介護支援事業所【居宅介護支援】千葉県松戸市八ヶ崎２丁目４５－１０", "url2": "https://www.kaigokensaku.mhlw.go.jp/12/index.php?action_kouhyou_detail_004_kani=true&JigyosyoCd=1271206532-00&ServiceCd=430&Type=search" }, "geometry": { "type": "Point", "coordinates": [ 139.931580964418004, 35.817601599995299 ] } },
{ "type": "Feature", "properties": { "内容": "プレミア東松戸居宅介護支援事業所【居宅介護支援】千葉県松戸市紙敷297番地の2", "url2": "https://www.kaigokensaku.mhlw.go.jp/12/index.php?action_kouhyou_detail_004_kani=true&JigyosyoCd=1271207654-00&ServiceCd=430&Type=search" }, "geometry": { "type": "Point", "coordinates": [ 139.94281849999993, 35.7707823 ] } },
{ "type": "Feature", "properties": { "内容": "エルダーホーム【居宅介護支援】千葉県松戸市常盤平４－２０－１４", "url2": "https://www.kaigokensaku.mhlw.go.jp/12/index.php?action_kouhyou_detail_004_kani=true&JigyosyoCd=1271201038-00&ServiceCd=430&Type=search" }, "geometry": { "type": "Point", "coordinates": [ 139.957446900000036, 35.7982497 ] } },
{ "type": "Feature", "properties": { "内容": "居宅介護支援事業所グリーンヒル小金原【居宅介護支援】千葉県松戸市小金原6-1-2グリーンヒル小金原", "url2": "https://www.kaigokensaku.mhlw.go.jp/12/index.php?action_kouhyou_detail_004_kani=true&JigyosyoCd=1271207266-00&ServiceCd=430&Type=search" }, "geometry": { "type": "Point", "coordinates": [ 139.9440052, 35.8193633 ] } },
{ "type": "Feature", "properties": { "内容": "陽光苑居宅介護支援センター【居宅介護支援】千葉県松戸市旭町2丁目238番地", "url2": "https://www.kaigokensaku.mhlw.go.jp/12/index.php?action_kouhyou_detail_004_kani=true&JigyosyoCd=1271200469-00&ServiceCd=430&Type=search" }, "geometry": { "type": "Point", "coordinates": [ 139.899848200000037, 35.8176952 ] } },
{ "type": "Feature", "properties": { "内容": "ルポゼ東松戸居宅介護支援事業所【居宅介護支援】千葉県松戸市東松戸3-15-16", "url2": "https://www.kaigokensaku.mhlw.go.jp/12/index.php?action_kouhyou_detail_004_kani=true&JigyosyoCd=1271206862-00&ServiceCd=430&Type=search" }, "geometry": { "type": "Point", "coordinates": [ 139.940029900000013, 35.770024 ] } },
{ "type": "Feature", "properties": { "内容": "まんさくの里　居宅介護支援事業所【居宅介護支援】千葉県松戸市八ヶ崎二丁目15番地の1", "url2": "https://www.kaigokensaku.mhlw.go.jp/12/index.php?action_kouhyou_detail_004_kani=true&JigyosyoCd=1271202408-00&ServiceCd=430&Type=search" }, "geometry": { "type": "Point", "coordinates": [ 139.933342300000049, 35.8147826 ] } },
{ "type": "Feature", "properties": { "内容": "六実居宅介護支援センター【居宅介護支援】千葉県松戸市六実3-23-34", "url2": "https://www.kaigokensaku.mhlw.go.jp/12/index.php?action_kouhyou_detail_004_kani=true&JigyosyoCd=1271201558-00&ServiceCd=430&Type=search" }, "geometry": { "type": "Point", "coordinates": [ 139.997592700000041, 35.7926596 ] } },
{ "type": "Feature", "properties": { "内容": "ケアプラン三矢小台【居宅介護支援】千葉県松戸市三矢小台2-10-20", "url2": "https://www.kaigokensaku.mhlw.go.jp/12/index.php?action_kouhyou_detail_004_kani=true&JigyosyoCd=1271204081-00&ServiceCd=430&Type=search" }, "geometry": { "type": "Point", "coordinates": [ 139.8995969, 35.7644076 ] } },
{ "type": "Feature", "properties": { "内容": "のぞみ会居宅介護支援事業所【居宅介護支援】千葉県松戸市高塚新田269", "url2": "https://www.kaigokensaku.mhlw.go.jp/12/index.php?action_kouhyou_detail_004_kani=true&JigyosyoCd=1271207241-00&ServiceCd=430&Type=search" }, "geometry": { "type": "Point", "coordinates": [ 139.939866580797059, 35.755923781494246 ] } },
{ "type": "Feature", "properties": { "内容": "ミカタ【居宅介護支援】千葉県松戸市小金原6－2－4", "url2": "https://www.kaigokensaku.mhlw.go.jp/12/index.php?action_kouhyou_detail_004_kani=true&JigyosyoCd=1271208801-00&ServiceCd=430&Type=search" }, "geometry": { "type": "Point", "coordinates": [ 139.9455577, 35.819757099999968 ] } },
{ "type": "Feature", "properties": { "内容": "居宅介護支援センターさくら【居宅介護支援】千葉県松戸市日暮2丁目3-15グリーンプラザ八柱第1-302", "url2": "https://www.kaigokensaku.mhlw.go.jp/12/index.php?action_kouhyou_detail_004_kani=true&JigyosyoCd=1271209973-00&ServiceCd=430&Type=search" }, "geometry": { "type": "Point", "coordinates": [ 139.9376809, 35.7922599 ] } },
{ "type": "Feature", "properties": { "内容": "エスケアステーション松戸居宅介護支援【居宅介護支援】千葉県松戸市新松戸4丁目281番ルイメゾン1　104号室", "url2": "https://www.kaigokensaku.mhlw.go.jp/12/index.php?action_kouhyou_detail_004_kani=true&JigyosyoCd=1271206185-00&ServiceCd=430&Type=search" }, "geometry": { "type": "Point", "coordinates": [ 139.916958137325992, 35.828221860781198 ] } },
{ "type": "Feature", "properties": { "内容": "居宅介護支援事業所松戸陽だまり館【居宅介護支援】千葉県松戸市幸田１１１番地", "url2": "https://www.kaigokensaku.mhlw.go.jp/12/index.php?action_kouhyou_detail_004_kani=true&JigyosyoCd=1271205781-00&ServiceCd=430&Type=search" }, "geometry": { "type": "Point", "coordinates": [ 139.920206199999939, 35.8451558 ] } },
{ "type": "Feature", "properties": { "内容": "ニチイケアセンター稔台【居宅介護支援】千葉県松戸市稔台2-1-17", "url2": "https://www.kaigokensaku.mhlw.go.jp/12/index.php?action_kouhyou_detail_004_kani=true&JigyosyoCd=1271200048-00&ServiceCd=430&Type=search" }, "geometry": { "type": "Point", "coordinates": [ 139.9312549, 35.7859081 ] } },
{ "type": "Feature", "properties": { "内容": "居宅介護支援事業所　マーシイヒル【居宅介護支援】千葉県松戸市根木内６７７番地２", "url2": "https://www.kaigokensaku.mhlw.go.jp/12/index.php?action_kouhyou_detail_004_kani=true&JigyosyoCd=1271200063-00&ServiceCd=430&Type=search" }, "geometry": { "type": "Point", "coordinates": [ 139.947076599999946, 35.829715 ] } },
{ "type": "Feature", "properties": { "内容": "アイ・ハート居宅介護支援事業所【居宅介護支援】千葉県松戸市小金原３丁目１５番地１８第７コーポラス１階", "url2": "https://www.kaigokensaku.mhlw.go.jp/12/index.php?action_kouhyou_detail_004_kani=true&JigyosyoCd=1271207910-00&ServiceCd=430&Type=search" }, "geometry": { "type": "Point", "coordinates": [ 139.948593599999981, 35.8217077 ] } },
{ "type": "Feature", "properties": { "内容": "明尽苑居宅介護支援事業所【居宅介護支援】千葉県松戸市金ヶ作296-1", "url2": "https://www.kaigokensaku.mhlw.go.jp/12/index.php?action_kouhyou_detail_004_kani=true&JigyosyoCd=1271202671-00&ServiceCd=430&Type=search" }, "geometry": { "type": "Point", "coordinates": [ 139.96592508650815, 35.802391043219842 ] } },
{ "type": "Feature", "properties": { "内容": "ナチュラルケアマネジメント【居宅介護支援】千葉県松戸市二ツ木1260", "url2": "https://www.kaigokensaku.mhlw.go.jp/12/index.php?action_kouhyou_detail_004_kani=true&JigyosyoCd=1271204586-00&ServiceCd=430&Type=search" }, "geometry": { "type": "Point", "coordinates": [ 139.933383700000036, 35.82159020000001 ] } },
{ "type": "Feature", "properties": { "内容": "さわやか介護支援センター【居宅介護支援】千葉県松戸市金ケ作28番地ユニバース八柱１B", "url2": "https://www.kaigokensaku.mhlw.go.jp/12/index.php?action_kouhyou_detail_004_kani=true&JigyosyoCd=1271206771-00&ServiceCd=430&Type=search" }, "geometry": { "type": "Point", "coordinates": [ 139.937358040965762, 35.793168744608892 ] } },
{ "type": "Feature", "properties": { "内容": "Face【居宅介護支援】千葉県松戸市六高台6-2-3", "url2": "https://www.kaigokensaku.mhlw.go.jp/12/index.php?action_kouhyou_detail_004_kani=true&JigyosyoCd=1271205468-00&ServiceCd=430&Type=search" }, "geometry": { "type": "Point", "coordinates": [ 139.986839293853791, 35.802899642459934 ] } },
{ "type": "Feature", "properties": { "内容": "居宅介護支援事業所松寿園【居宅介護支援】千葉県松戸市六高台2丁目19番地の2特別養護老人ホーム松寿園", "url2": "https://www.kaigokensaku.mhlw.go.jp/12/index.php?action_kouhyou_detail_004_kani=true&JigyosyoCd=1271200212-00&ServiceCd=430&Type=search" }, "geometry": { "type": "Point", "coordinates": [ 139.986926899999958, 35.7956342 ] } },
{ "type": "Feature", "properties": { "内容": "ひまわりの丘介護サポートセンター【居宅介護支援】千葉県松戸市五香西5丁目19番8", "url2": "https://www.kaigokensaku.mhlw.go.jp/12/index.php?action_kouhyou_detail_004_kani=true&JigyosyoCd=1271204099-00&ServiceCd=430&Type=search" }, "geometry": { "type": "Point", "coordinates": [ 139.951972699999942, 35.7866895 ] } },
{ "type": "Feature", "properties": { "内容": "一般社団法人幸樹会あんず居宅介護支援事業所【居宅介護支援】千葉県松戸市河原塚411-1", "url2": "https://www.kaigokensaku.mhlw.go.jp/12/index.php?action_kouhyou_detail_004_kani=true&JigyosyoCd=1271207456-00&ServiceCd=430&Type=search" }, "geometry": { "type": "Point", "coordinates": [ 139.945720613105749, 35.786606148811622 ] } },
{ "type": "Feature", "properties": { "内容": "居宅介護支援事業所アイカーサ東松戸【居宅介護支援】千葉県松戸市東松戸2-19-1アイカーサ東松戸１Ｆ", "url2": "https://www.kaigokensaku.mhlw.go.jp/12/index.php?action_kouhyou_detail_004_kani=true&JigyosyoCd=1271206433-00&ServiceCd=430&Type=search" }, "geometry": { "type": "Point", "coordinates": [ 139.944829499999969, 35.7690631 ] } },
{ "type": "Feature", "properties": { "内容": "楓【居宅介護支援】千葉県松戸市小金原6-5-13", "url2": "https://www.kaigokensaku.mhlw.go.jp/12/index.php?action_kouhyou_detail_004_kani=true&JigyosyoCd=1271206979-00&ServiceCd=430&Type=search" }, "geometry": { "type": "Point", "coordinates": [ 139.945461077799962, 35.818653207557226 ] } },
{ "type": "Feature", "properties": { "内容": "しん居宅介護支援事業所【居宅介護支援】千葉県松戸市上本郷904-2藤井ビル305", "url2": "https://www.kaigokensaku.mhlw.go.jp/12/index.php?action_kouhyou_detail_004_kani=true&JigyosyoCd=1271208645-00&ServiceCd=430&Type=search" }, "geometry": { "type": "Point", "coordinates": [ 139.912767800000012, 35.8007878 ] } },
{ "type": "Feature", "properties": { "内容": "ひまわり介護【居宅介護支援】千葉県松戸市日暮2-5-11グリーンプラザ第Ⅱ203号", "url2": "https://www.kaigokensaku.mhlw.go.jp/12/index.php?action_kouhyou_detail_004_kani=true&JigyosyoCd=1271204073-00&ServiceCd=430&Type=search" }, "geometry": { "type": "Point", "coordinates": [ 139.936403549598737, 35.792008946032134 ] } },
{ "type": "Feature", "properties": { "内容": "介護のタイヨー常盤平店【居宅介護支援】千葉県松戸市常盤平６－３－９五香館１０１", "url2": "https://www.kaigokensaku.mhlw.go.jp/12/index.php?action_kouhyou_detail_004_kani=true&JigyosyoCd=1271207365-00&ServiceCd=430&Type=search" }, "geometry": { "type": "Point", "coordinates": [ 139.960511, 35.796832 ] } },
{ "type": "Feature", "properties": { "内容": "居宅介護支援センターみらい【居宅介護支援】千葉県松戸市松戸新田３０番地", "url2": "https://www.kaigokensaku.mhlw.go.jp/12/index.php?action_kouhyou_detail_004_kani=true&JigyosyoCd=1271201533-00&ServiceCd=430&Type=search" }, "geometry": { "type": "Point", "coordinates": [ 139.916442400000051, 35.7793612 ] } },
{ "type": "Feature", "properties": { "内容": "聖隷ケアプランセンター松戸【居宅介護支援】千葉県松戸市高塚新田１２８－８", "url2": "https://www.kaigokensaku.mhlw.go.jp/12/index.php?action_kouhyou_detail_004_kani=true&JigyosyoCd=1271202051-00&ServiceCd=430&Type=search" }, "geometry": { "type": "Point", "coordinates": [ 139.943457800000033, 35.7544955 ] } },
{ "type": "Feature", "properties": { "内容": "ハートケア【居宅介護支援】千葉県松戸市小金原9-17-7-205", "url2": "https://www.kaigokensaku.mhlw.go.jp/12/index.php?action_kouhyou_detail_004_kani=true&JigyosyoCd=1271203299-00&ServiceCd=430&Type=search" }, "geometry": { "type": "Point", "coordinates": [ 139.946997099999976, 35.8102896 ] } },
{ "type": "Feature", "properties": { "内容": "介護の相談室【居宅介護支援】千葉県松戸市新松戸5-200", "url2": "https://www.kaigokensaku.mhlw.go.jp/12/index.php?action_kouhyou_detail_004_kani=true&JigyosyoCd=1271203992-00&ServiceCd=430&Type=search" }, "geometry": { "type": "Point", "coordinates": [ 139.908961446835292, 35.830370520450927 ] } },
{ "type": "Feature", "properties": { "内容": "居宅介護支援事業所　ソラスト二十世紀が丘【居宅介護支援】千葉県松戸市三矢小台5-4-1", "url2": "https://www.kaigokensaku.mhlw.go.jp/12/index.php?action_kouhyou_detail_004_kani=true&JigyosyoCd=1271205575-00&ServiceCd=430&Type=search" }, "geometry": { "type": "Point", "coordinates": [ 139.903171599999951, 35.7694152 ] } },
{ "type": "Feature", "properties": { "内容": "ケアンド松戸居宅介護支援センター【居宅介護支援】千葉県松戸市日暮6-32ｼｰﾊﾞｰﾄﾞⅠ.101号室", "url2": "https://www.kaigokensaku.mhlw.go.jp/12/index.php?action_kouhyou_detail_004_kani=true&JigyosyoCd=1271208074-00&ServiceCd=430&Type=search" }, "geometry": { "type": "Point", "coordinates": [ 139.943178599999982, 35.792159 ] } },
{ "type": "Feature", "properties": { "内容": "ケアプランみのり台【居宅介護支援】千葉県松戸市河原塚35-9", "url2": "https://www.kaigokensaku.mhlw.go.jp/12/index.php?action_kouhyou_detail_004_kani=true&JigyosyoCd=1271208272-00&ServiceCd=430&Type=search" }, "geometry": { "type": "Point", "coordinates": [ 139.9392631, 35.7843763 ] } },
{ "type": "Feature", "properties": { "内容": "千葉西訪問看護ステーション居宅介護支援事業所【居宅介護支援】千葉県松戸市金ヶ作105－1", "url2": "https://www.kaigokensaku.mhlw.go.jp/12/index.php?action_kouhyou_detail_004_kani=true&JigyosyoCd=1271208934-00&ServiceCd=430&Type=search" }, "geometry": { "type": "Point", "coordinates": [ 139.945921800000036, 35.8054129 ] } },
{ "type": "Feature", "properties": { "内容": "ゆりの花介護支援サービス【居宅介護支援】千葉県松戸市小金原４－１２－３", "url2": "https://www.kaigokensaku.mhlw.go.jp/12/index.php?action_kouhyou_detail_004_kani=true&JigyosyoCd=1271209221-00&ServiceCd=430&Type=search" }, "geometry": { "type": "Point", "coordinates": [ 139.9374003, 35.8210462 ] } },
{ "type": "Feature", "properties": { "内容": "親愛の丘ケアプランセンター【居宅介護支援】千葉県松戸市和名ケ谷1258番地1", "url2": "https://www.kaigokensaku.mhlw.go.jp/12/index.php?action_kouhyou_detail_004_kani=true&JigyosyoCd=1271207043-00&ServiceCd=430&Type=search" }, "geometry": { "type": "Point", "coordinates": [ 139.92265610000004, 35.7751701 ] } },
{ "type": "Feature", "properties": { "内容": "ケアプランセンター松友【居宅介護支援】千葉県松戸市日暮３－７－１グレースピア弐番館１０２", "url2": "https://www.kaigokensaku.mhlw.go.jp/12/index.php?action_kouhyou_detail_004_kani=true&JigyosyoCd=1271207282-00&ServiceCd=430&Type=search" }, "geometry": { "type": "Point", "coordinates": [ 139.937033822090143, 35.789572645632752 ] } },
{ "type": "Feature", "properties": { "内容": "おんだケアプランセンター【居宅介護支援】千葉県松戸市馬橋1828-3ミネット101", "url2": "https://www.kaigokensaku.mhlw.go.jp/12/index.php?action_kouhyou_detail_004_kani=true&JigyosyoCd=1271209551-00&ServiceCd=430&Type=search" }, "geometry": { "type": "Point", "coordinates": [ 139.9189386, 35.8095574 ] } },
{ "type": "Feature", "properties": { "内容": "グリーンレモン【居宅介護支援】千葉県松戸市常盤平4-9-5メゾン松本202", "url2": "https://www.kaigokensaku.mhlw.go.jp/12/index.php?action_kouhyou_detail_004_kani=true&JigyosyoCd=1271209569-00&ServiceCd=430&Type=search" }, "geometry": { "type": "Point", "coordinates": [ 139.957851386508196, 35.801042606633843 ] } },
{ "type": "Feature", "properties": { "内容": "新松戸中央総合病院付属ケアプランセンター【居宅介護支援】千葉県松戸市新松戸１－412", "url2": "https://www.kaigokensaku.mhlw.go.jp/12/index.php?action_kouhyou_detail_004_kani=true&JigyosyoCd=1271200618-00&ServiceCd=430&Type=search" }, "geometry": { "type": "Point", "coordinates": [ 139.920644655819729, 35.827928021207825 ] } },
{ "type": "Feature", "properties": { "内容": "居宅介護支援事業所　ソラスト新松戸【居宅介護支援】千葉県松戸市新松戸1-259-2赤坂ビル1Ｆ", "url2": "https://www.kaigokensaku.mhlw.go.jp/12/index.php?action_kouhyou_detail_004_kani=true&JigyosyoCd=1271202333-00&ServiceCd=430&Type=search" }, "geometry": { "type": "Point", "coordinates": [ 139.920452399999931, 35.8306144 ] } },
{ "type": "Feature", "properties": { "内容": "あい訪問看護ステーション居宅介護支援事業所【居宅介護支援】千葉県松戸市常盤平１－２０－４", "url2": "https://www.kaigokensaku.mhlw.go.jp/12/index.php?action_kouhyou_detail_004_kani=true&JigyosyoCd=1271203059-00&ServiceCd=430&Type=search" }, "geometry": { "type": "Point", "coordinates": [ 139.950302800000031, 35.8041905 ] } },
{ "type": "Feature", "properties": { "内容": "エムズケアプラン【居宅介護支援】千葉県松戸市小金原3‐17‐15山本店舗1号室", "url2": "https://www.kaigokensaku.mhlw.go.jp/12/index.php?action_kouhyou_detail_004_kani=true&JigyosyoCd=1271207001-00&ServiceCd=430&Type=search" }, "geometry": { "type": "Point", "coordinates": [ 139.948035216772581, 35.820518032961026 ] } },
{ "type": "Feature", "properties": { "内容": "リバーサイド・ヴィラ　居宅介護支援事業所【居宅介護支援】千葉県松戸市根木内161", "url2": "https://www.kaigokensaku.mhlw.go.jp/12/index.php?action_kouhyou_detail_004_kani=true&JigyosyoCd=1271202036-00&ServiceCd=430&Type=search" }, "geometry": { "type": "Point", "coordinates": [ 139.944012899999962, 35.830575800000034 ] } },
{ "type": "Feature", "properties": { "内容": "ケアプランここの【居宅介護支援】千葉県松戸市六高台7-54-4", "url2": "https://www.kaigokensaku.mhlw.go.jp/12/index.php?action_kouhyou_detail_004_kani=true&JigyosyoCd=1271209726-00&ServiceCd=430&Type=search" }, "geometry": { "type": "Point", "coordinates": [ 139.985620100000034, 35.79823480000001 ] } },
{ "type": "Feature", "properties": { "内容": "偕楽園居宅介護支援事業所【居宅介護支援】千葉県松戸市西馬橋幸町25", "url2": "https://www.kaigokensaku.mhlw.go.jp/12/index.php?action_kouhyou_detail_004_kani=true&JigyosyoCd=1271200352-00&ServiceCd=430&Type=search" }, "geometry": { "type": "Point", "coordinates": [ 139.915188199999989, 35.812135 ] } },
{ "type": "Feature", "properties": { "内容": "ケアフォーライフ居宅介護支援事業所【居宅介護支援】千葉県松戸市松戸新田575-26トキワ店舗２階", "url2": "https://www.kaigokensaku.mhlw.go.jp/12/index.php?action_kouhyou_detail_004_kani=true&JigyosyoCd=1271209635-00&ServiceCd=430&Type=search" }, "geometry": { "type": "Point", "coordinates": [ 139.9293865, 35.7890791 ] } },
{ "type": "Feature", "properties": { "内容": "大倉記念介護支援センター【居宅介護支援】千葉県松戸市大谷口１３３－１", "url2": "https://www.kaigokensaku.mhlw.go.jp/12/index.php?action_kouhyou_detail_004_kani=true&JigyosyoCd=1271200642-00&ServiceCd=430&Type=search" }, "geometry": { "type": "Point", "coordinates": [ 139.9247589, 35.8345742 ] } },
{ "type": "Feature", "properties": { "内容": "有限会社　ヘルスケアサービスゆいまーる松戸【居宅介護支援】千葉県松戸市松戸1129番地1ニューパウリスタビル2Ｆ", "url2": "https://www.kaigokensaku.mhlw.go.jp/12/index.php?action_kouhyou_detail_004_kani=true&JigyosyoCd=1271200121-00&ServiceCd=430&Type=search" }, "geometry": { "type": "Point", "coordinates": [ 139.9014376, 35.7809483 ] } },
{ "type": "Feature", "properties": { "内容": "Cocodeケア【居宅介護支援】千葉県松戸市小金原7-23-2", "url2": "https://www.kaigokensaku.mhlw.go.jp/12/index.php?action_kouhyou_detail_004_kani=true&JigyosyoCd=1271209080-00&ServiceCd=430&Type=search" }, "geometry": { "type": "Point", "coordinates": [ 139.9524911, 35.816213300000015 ] } },
{ "type": "Feature", "properties": { "内容": "あおばケアプランサービス【居宅介護支援】千葉県松戸市新松戸4-50新松戸Uビル501号", "url2": "https://www.kaigokensaku.mhlw.go.jp/12/index.php?action_kouhyou_detail_004_kani=true&JigyosyoCd=1271202929-00&ServiceCd=430&Type=search" }, "geometry": { "type": "Point", "coordinates": [ 139.916303378930365, 35.826302284538066 ] } },
{ "type": "Feature", "properties": { "内容": "ケアセンター明日葉松戸【居宅介護支援】千葉県松戸市西馬橋幸町117ローザール松戸108", "url2": "https://www.kaigokensaku.mhlw.go.jp/12/index.php?action_kouhyou_detail_004_kani=true&JigyosyoCd=1271209585-00&ServiceCd=430&Type=search" }, "geometry": { "type": "Point", "coordinates": [ 139.91388760000001, 35.8113212 ] } },
{ "type": "Feature", "properties": { "内容": "ふたばケアプランサービス【居宅介護支援】千葉県松戸市馬橋1896-1ヴィレッジKI馬橋　304", "url2": "https://www.kaigokensaku.mhlw.go.jp/12/index.php?action_kouhyou_detail_004_kani=true&JigyosyoCd=1271208975-00&ServiceCd=430&Type=search" }, "geometry": { "type": "Point", "coordinates": [ 139.919384900000011, 35.8107713 ] } },
{ "type": "Feature", "properties": { "内容": "ケアステーション明星【居宅介護支援】千葉県松戸市稔台１－１３－１３", "url2": "https://www.kaigokensaku.mhlw.go.jp/12/index.php?action_kouhyou_detail_004_kani=true&JigyosyoCd=1271206763-00&ServiceCd=430&Type=search" }, "geometry": { "type": "Point", "coordinates": [ 139.930146499999978, 35.7877633 ] } },
{ "type": "Feature", "properties": { "内容": "コープみらい松戸介護センター【居宅介護支援】千葉県松戸市上本郷493-7", "url2": "https://www.kaigokensaku.mhlw.go.jp/12/index.php?action_kouhyou_detail_004_kani=true&JigyosyoCd=1271205963-00&ServiceCd=430&Type=search" }, "geometry": { "type": "Point", "coordinates": [ 139.9078002, 35.8035925 ] } },
{ "type": "Feature", "properties": { "内容": "居宅介護支援事業所ぽかぽか【居宅介護支援】千葉県松戸市松戸1074-2ヒルサイドコート松戸405", "url2": "https://www.kaigokensaku.mhlw.go.jp/12/index.php?action_kouhyou_detail_004_kani=true&JigyosyoCd=1271209577-00&ServiceCd=430&Type=search" }, "geometry": { "type": "Point", "coordinates": [ 139.902442, 35.7786229 ] } },
{ "type": "Feature", "properties": { "内容": "あおぞらの里　馬橋ケアプランセンター【居宅介護支援】千葉県松戸市新作1128-1　FSビル201", "url2": "https://www.kaigokensaku.mhlw.go.jp/12/index.php?action_kouhyou_detail_004_kani=true&JigyosyoCd=1271208298-00&ServiceCd=430&Type=search" }, "geometry": { "type": "Point", "coordinates": [ 139.918696606833066, 35.805344420996384 ] } },
{ "type": "Feature", "properties": { "内容": "有限会社ハートアイランド【居宅介護支援】千葉県松戸市常盤平３－６－４メルヴェ－ル常盤平１０７", "url2": "https://www.kaigokensaku.mhlw.go.jp/12/index.php?action_kouhyou_detail_004_kani=true&JigyosyoCd=1271200451-00&ServiceCd=430&Type=search" }, "geometry": { "type": "Point", "coordinates": [ 139.957418599999983, 35.8022475 ] } },
{ "type": "Feature", "properties": { "内容": "マムズケアマネジメント【居宅介護支援】千葉県松戸市根木内716-14-5", "url2": "https://www.kaigokensaku.mhlw.go.jp/12/index.php?action_kouhyou_detail_004_kani=true&JigyosyoCd=1271209155-00&ServiceCd=430&Type=search" }, "geometry": { "type": "Point", "coordinates": [ 139.946648750575406, 35.83095593889238 ] } },
{ "type": "Feature", "properties": { "内容": "やわら木苑居宅介護支援事業所【居宅介護支援】千葉県松戸市金ケ作277", "url2": "https://www.kaigokensaku.mhlw.go.jp/12/index.php?action_kouhyou_detail_004_kani=true&JigyosyoCd=1271200170-00&ServiceCd=430&Type=search" }, "geometry": { "type": "Point", "coordinates": [ 139.9645233, 35.8080711 ] } },
{ "type": "Feature", "properties": { "内容": "松寿園ケアプランセンター六実【居宅介護支援】千葉県松戸市六実１丁目３の１番地", "url2": "https://www.kaigokensaku.mhlw.go.jp/12/index.php?action_kouhyou_detail_004_kani=true&JigyosyoCd=1271204495-00&ServiceCd=430&Type=search" }, "geometry": { "type": "Point", "coordinates": [ 139.983330199999955, 35.793348200000018 ] } },
{ "type": "Feature", "properties": { "内容": "セントケア松戸【居宅介護支援】千葉県松戸市馬橋2436-42F", "url2": "https://www.kaigokensaku.mhlw.go.jp/12/index.php?action_kouhyou_detail_004_kani=true&JigyosyoCd=1271203497-00&ServiceCd=430&Type=search" }, "geometry": { "type": "Point", "coordinates": [ 139.923524134811771, 35.813556597448574 ] } },
{ "type": "Feature", "properties": { "内容": "妙樹介護支援センター【居宅介護支援】千葉県松戸市小山407-5", "url2": "https://www.kaigokensaku.mhlw.go.jp/12/index.php?action_kouhyou_detail_004_kani=true&JigyosyoCd=1271204404-00&ServiceCd=430&Type=search" }, "geometry": { "type": "Point", "coordinates": [ 139.889341699999932, 35.7741701 ] } },
{ "type": "Feature", "properties": { "内容": "居宅介護支援事業所なでしこ【居宅介護支援】千葉県松戸市中矢切259-1", "url2": "https://www.kaigokensaku.mhlw.go.jp/12/index.php?action_kouhyou_detail_004_kani=true&JigyosyoCd=1271207829-00&ServiceCd=430&Type=search" }, "geometry": { "type": "Point", "coordinates": [ 139.893733200000042, 35.7640048 ] } },
{ "type": "Feature", "properties": { "内容": "アウル在宅介護支援サービス【居宅介護支援】千葉県松戸市小金きよしヶ丘3-12-2小金ビル", "url2": "https://www.kaigokensaku.mhlw.go.jp/12/index.php?action_kouhyou_detail_004_kani=true&JigyosyoCd=1271201244-00&ServiceCd=430&Type=search" }, "geometry": { "type": "Point", "coordinates": [ 139.934757400000024, 35.8280154 ] } },
{ "type": "Feature", "properties": { "内容": "介護支援きらら【居宅介護支援】千葉県松戸市小山819-2", "url2": "https://www.kaigokensaku.mhlw.go.jp/12/index.php?action_kouhyou_detail_004_kani=true&JigyosyoCd=1271206540-00&ServiceCd=430&Type=search" }, "geometry": { "type": "Point", "coordinates": [ 139.899389647556688, 35.767492066571599 ] } },
{ "type": "Feature", "properties": { "内容": "ケアプランたんぽぽ松戸【居宅介護支援】千葉県松戸市五香南2-18-5", "url2": "https://www.kaigokensaku.mhlw.go.jp/12/index.php?action_kouhyou_detail_004_kani=true&JigyosyoCd=1271209411-00&ServiceCd=430&Type=search" }, "geometry": { "type": "Point", "coordinates": [ 139.9756898, 35.7908672 ] } },
{ "type": "Feature", "properties": { "内容": "アンリガット居宅介護支援事業所【居宅介護支援】千葉県松戸市新松戸南1丁目316番地新松戸8044コーポラス107号", "url2": "https://www.kaigokensaku.mhlw.go.jp/12/index.php?action_kouhyou_detail_004_kani=true&JigyosyoCd=1271207837-00&ServiceCd=430&Type=search" }, "geometry": { "type": "Point", "coordinates": [ 139.915441843933223, 35.820421136365717 ] } },
{ "type": "Feature", "properties": { "内容": "SOMPOケア　地域サービスセンター　五香南　居宅介護支援【居宅介護支援】千葉県松戸市五香南2-14-1", "url2": "https://www.kaigokensaku.mhlw.go.jp/12/index.php?action_kouhyou_detail_004_kani=true&JigyosyoCd=1271205849-00&ServiceCd=430&Type=search" }, "geometry": { "type": "Point", "coordinates": [ 139.977110350262478, 35.791733213153009 ] } },
{ "type": "Feature", "properties": { "内容": "マネージャー思いやり【居宅介護支援】千葉県松戸市五香7-3-5", "url2": "https://www.kaigokensaku.mhlw.go.jp/12/index.php?action_kouhyou_detail_004_kani=true&JigyosyoCd=1271208124-00&ServiceCd=430&Type=search" }, "geometry": { "type": "Point", "coordinates": [ 139.970948945853593, 35.797319478586843 ] } },
{ "type": "Feature", "properties": { "内容": "秋桜ケアサービス【居宅介護支援】千葉県松戸市栄町西3-991-15", "url2": "https://www.kaigokensaku.mhlw.go.jp/12/index.php?action_kouhyou_detail_004_kani=true&JigyosyoCd=1271204354-00&ServiceCd=430&Type=search" }, "geometry": { "type": "Point", "coordinates": [ 139.896259331877104, 35.812309551053474 ] } },
{ "type": "Feature", "properties": { "内容": "指定居宅介護支援事業所　あいあい松戸【居宅介護支援】千葉県松戸市松戸896-3", "url2": "https://www.kaigokensaku.mhlw.go.jp/12/index.php?action_kouhyou_detail_004_kani=true&JigyosyoCd=1271202721-00&ServiceCd=430&Type=search" }, "geometry": { "type": "Point", "coordinates": [ 139.911479099999951, 35.7747645 ] } },
{ "type": "Feature", "properties": { "内容": "川名薬局【居宅介護支援】千葉県松戸市栄町５－２７５－１３", "url2": "https://www.kaigokensaku.mhlw.go.jp/12/index.php?action_kouhyou_detail_004_kani=true&JigyosyoCd=1242441962-00&ServiceCd=430&Type=search" }, "geometry": { "type": "Point", "coordinates": [ 139.904914299999973, 35.8052775 ] } },
{ "type": "Feature", "properties": { "内容": "ケアプラン佑【居宅介護支援】千葉県松戸市松飛台１４４－１與作ビル　103", "url2": "https://www.kaigokensaku.mhlw.go.jp/12/index.php?action_kouhyou_detail_004_kani=true&JigyosyoCd=1271208264-00&ServiceCd=430&Type=search" }, "geometry": { "type": "Point", "coordinates": [ 139.966593399999965, 35.7877787 ] } },
{ "type": "Feature", "properties": { "内容": "そらケアプランセンター【居宅介護支援】千葉県松戸市馬橋3240-2はなみずき通り貸家3階", "url2": "https://www.kaigokensaku.mhlw.go.jp/12/index.php?action_kouhyou_detail_004_kani=true&JigyosyoCd=1271209494-00&ServiceCd=430&Type=search" }, "geometry": { "type": "Point", "coordinates": [ 139.9219263, 35.8153418 ] } },
{ "type": "Feature", "properties": { "内容": "ウェルズ・ケアマネジメント【居宅介護支援】千葉県松戸市上本郷2551-1", "url2": "https://www.kaigokensaku.mhlw.go.jp/12/index.php?action_kouhyou_detail_004_kani=true&JigyosyoCd=1271204503-00&ServiceCd=430&Type=search" }, "geometry": { "type": "Point", "coordinates": [ 139.920140122090146, 35.792012181504056 ] } },
{ "type": "Feature", "properties": { "内容": "ケアプラン風鈴草【居宅介護支援】千葉県松戸市河原塚241-20", "url2": "https://www.kaigokensaku.mhlw.go.jp/12/index.php?action_kouhyou_detail_004_kani=true&JigyosyoCd=1271207621-00&ServiceCd=430&Type=search" }, "geometry": { "type": "Point", "coordinates": [ 139.942968961129736, 35.780007898445035 ] } },
{ "type": "Feature", "properties": { "内容": "あきら第2居宅介護支援事業所【居宅介護支援】千葉県松戸市樋野口822番地", "url2": "https://www.kaigokensaku.mhlw.go.jp/12/index.php?action_kouhyou_detail_004_kani=true&JigyosyoCd=1271200907-00&ServiceCd=430&Type=search" }, "geometry": { "type": "Point", "coordinates": [ 139.8932436, 35.791057 ] } },
{ "type": "Feature", "properties": { "内容": "居宅介護支援センターあすなろ【居宅介護支援】千葉県松戸市金ヶ作139-10", "url2": "https://www.kaigokensaku.mhlw.go.jp/12/index.php?action_kouhyou_detail_004_kani=true&JigyosyoCd=1271204362-00&ServiceCd=430&Type=search" }, "geometry": { "type": "Point", "coordinates": [ 139.942280899999986, 35.8065092 ] } },
{ "type": "Feature", "properties": { "内容": "ミント支援センター【居宅介護支援】千葉県松戸市千駄堀１４８４－２３", "url2": "https://www.kaigokensaku.mhlw.go.jp/12/index.php?action_kouhyou_detail_004_kani=true&JigyosyoCd=1271203018-00&ServiceCd=430&Type=search" }, "geometry": { "type": "Point", "coordinates": [ 139.93527359999996, 35.7942379 ] } },
{ "type": "Feature", "properties": { "内容": "ふれあいネットまつどケアステーション【居宅介護支援】千葉県松戸市松戸新田433-35", "url2": "https://www.kaigokensaku.mhlw.go.jp/12/index.php?action_kouhyou_detail_004_kani=true&JigyosyoCd=1271201160-00&ServiceCd=430&Type=search" }, "geometry": { "type": "Point", "coordinates": [ 139.926805367074564, 35.789884440155674 ] } },
{ "type": "Feature", "properties": { "内容": "エスポワール松戸居宅介護支援事業所【居宅介護支援】千葉県松戸市五香西4-26-10", "url2": "https://www.kaigokensaku.mhlw.go.jp/12/index.php?action_kouhyou_detail_004_kani=true&JigyosyoCd=1271206797-00&ServiceCd=430&Type=search" }, "geometry": { "type": "Point", "coordinates": [ 139.960221899999965, 35.7874286 ] } },
{ "type": "Feature", "properties": { "内容": "Runケア居宅介護支援事業所【居宅介護支援】千葉県松戸市東松戸四丁目8-6102号　YASUIビル第9", "url2": "https://www.kaigokensaku.mhlw.go.jp/12/index.php?action_kouhyou_detail_004_kani=true&JigyosyoCd=1271209544-00&ServiceCd=430&Type=search" }, "geometry": { "type": "Point", "coordinates": [ 139.941244279367652, 35.773768508602018 ] } },
{ "type": "Feature", "properties": { "内容": "ケアプランよつば【居宅介護支援】千葉県松戸市小金原4-9-23　２F", "url2": "https://www.kaigokensaku.mhlw.go.jp/12/index.php?action_kouhyou_detail_004_kani=true&JigyosyoCd=1271208785-00&ServiceCd=430&Type=search" }, "geometry": { "type": "Point", "coordinates": [ 139.936699750588559, 35.821487177317891 ] } },
{ "type": "Feature", "properties": { "内容": "ケアプランさくら松戸【居宅介護支援】千葉県松戸市和名ヶ谷660島村洗心苑内", "url2": "https://www.kaigokensaku.mhlw.go.jp/12/index.php?action_kouhyou_detail_004_kani=true&JigyosyoCd=1271209619-00&ServiceCd=430&Type=search" }, "geometry": { "type": "Point", "coordinates": [ 139.932193458080292, 35.775794970323822 ] } },
{ "type": "Feature", "properties": { "内容": "介護ステーションそしじ【居宅介護支援】千葉県松戸市栄町1-11-4", "url2": "https://www.kaigokensaku.mhlw.go.jp/12/index.php?action_kouhyou_detail_004_kani=true&JigyosyoCd=1271210070-00&ServiceCd=430&Type=search" }, "geometry": { "type": "Point", "coordinates": [ 139.9014814, 35.7955393 ] } },
{ "type": "Feature", "properties": { "内容": "居宅介護支援センターウェルフェア【居宅介護支援】千葉県野田市木間ヶ瀬6129", "url2": "https://www.kaigokensaku.mhlw.go.jp/12/index.php?action_kouhyou_detail_004_kani=true&JigyosyoCd=1271301796-00&ServiceCd=430&Type=search" }, "geometry": { "type": "Point", "coordinates": [ 139.853819199999947, 36.0064837 ] } },
{ "type": "Feature", "properties": { "内容": "在宅支援のだ【居宅介護支援】千葉県野田市野田532-1シテイパレス野田104号室", "url2": "https://www.kaigokensaku.mhlw.go.jp/12/index.php?action_kouhyou_detail_004_kani=true&JigyosyoCd=1271301937-00&ServiceCd=430&Type=search" }, "geometry": { "type": "Point", "coordinates": [ 139.8645259, 35.947837900000032 ] } },
{ "type": "Feature", "properties": { "内容": "ケアプランセンター椿寿の里【居宅介護支援】千葉県野田市山崎2723-3", "url2": "https://www.kaigokensaku.mhlw.go.jp/12/index.php?action_kouhyou_detail_004_kani=true&JigyosyoCd=1271301598-00&ServiceCd=430&Type=search" }, "geometry": { "type": "Point", "coordinates": [ 139.901202, 35.9260457 ] } },
{ "type": "Feature", "properties": { "内容": "ケアプランセンターふれあいの里【居宅介護支援】千葉県野田市野田1307-1", "url2": "https://www.kaigokensaku.mhlw.go.jp/12/index.php?action_kouhyou_detail_004_kani=true&JigyosyoCd=1271302166-00&ServiceCd=430&Type=search" }, "geometry": { "type": "Point", "coordinates": [ 139.86449451601743, 35.952335274663589 ] } },
{ "type": "Feature", "properties": { "内容": "スターケア【居宅介護支援】千葉県野田市木間ケ瀬3293-6", "url2": "https://www.kaigokensaku.mhlw.go.jp/12/index.php?action_kouhyou_detail_004_kani=true&JigyosyoCd=1271302364-00&ServiceCd=430&Type=search" }, "geometry": { "type": "Point", "coordinates": [ 139.8434595, 36.0253776 ] } },
{ "type": "Feature", "properties": { "内容": "陽だまり【居宅介護支援】千葉県野田市尾崎1109-3", "url2": "https://www.kaigokensaku.mhlw.go.jp/12/index.php?action_kouhyou_detail_004_kani=true&JigyosyoCd=1271300202-00&ServiceCd=430&Type=search" }, "geometry": { "type": "Point", "coordinates": [ 139.83671019999997, 35.986985 ] } },
{ "type": "Feature", "properties": { "内容": "居宅介護支援事業所松葉園【居宅介護支援】千葉県野田市中里43番3特別養護老人ホーム松葉園内", "url2": "https://www.kaigokensaku.mhlw.go.jp/12/index.php?action_kouhyou_detail_004_kani=true&JigyosyoCd=1271302059-00&ServiceCd=430&Type=search" }, "geometry": { "type": "Point", "coordinates": [ 139.8427302, 35.990563400000035 ] } },
{ "type": "Feature", "properties": { "内容": "マミー介護サービス【居宅介護支援】千葉県野田市吉春519-5", "url2": "https://www.kaigokensaku.mhlw.go.jp/12/index.php?action_kouhyou_detail_004_kani=true&JigyosyoCd=1271302372-00&ServiceCd=430&Type=search" }, "geometry": { "type": "Point", "coordinates": [ 139.863265899999988, 35.9647798 ] } },
{ "type": "Feature", "properties": { "内容": "麗翠堂居宅介護支援事業所【居宅介護支援】千葉県野田市宮崎123-16", "url2": "https://www.kaigokensaku.mhlw.go.jp/12/index.php?action_kouhyou_detail_004_kani=true&JigyosyoCd=1271302083-00&ServiceCd=430&Type=search" }, "geometry": { "type": "Point", "coordinates": [ 139.870830599999977, 35.9548672 ] } },
{ "type": "Feature", "properties": { "内容": "福聚苑老人保健施設【居宅介護支援】千葉県野田市中戸20番地", "url2": "https://www.kaigokensaku.mhlw.go.jp/12/index.php?action_kouhyou_detail_004_kani=true&JigyosyoCd=1252280014-00&ServiceCd=430&Type=search" }, "geometry": { "type": "Point", "coordinates": [ 139.801927400000068, 36.0553465 ] } },
{ "type": "Feature", "properties": { "内容": "秋桜ヴィレッジ清水公園居宅介護支援事業所【居宅介護支援】千葉県野田市清水826-15", "url2": "https://www.kaigokensaku.mhlw.go.jp/12/index.php?action_kouhyou_detail_004_kani=true&JigyosyoCd=1271301754-00&ServiceCd=430&Type=search" }, "geometry": { "type": "Point", "coordinates": [ 139.852907, 35.9544949 ] } },
{ "type": "Feature", "properties": { "内容": "生活協同組合パルシステム千葉　居宅介護支援　にじいろぱる野田【居宅介護支援】千葉県野田市中野台177-7パルシステム千葉のだ福祉館2階", "url2": "https://www.kaigokensaku.mhlw.go.jp/12/index.php?action_kouhyou_detail_004_kani=true&JigyosyoCd=1271302174-00&ServiceCd=430&Type=search" }, "geometry": { "type": "Point", "coordinates": [ 139.859954, 35.9447908 ] } },
{ "type": "Feature", "properties": { "内容": "学研ココファン野田【居宅介護支援】千葉県野田市尾崎台１４", "url2": "https://www.kaigokensaku.mhlw.go.jp/12/index.php?action_kouhyou_detail_004_kani=true&JigyosyoCd=1271301192-00&ServiceCd=430&Type=search" }, "geometry": { "type": "Point", "coordinates": [ 139.835460399999988, 35.984263 ] } },
{ "type": "Feature", "properties": { "内容": "居宅介護支援事業所野田ライフケアセンター【居宅介護支援】千葉県野田市野田字堀尻840", "url2": "https://www.kaigokensaku.mhlw.go.jp/12/index.php?action_kouhyou_detail_004_kani=true&JigyosyoCd=1271300038-00&ServiceCd=430&Type=search" }, "geometry": { "type": "Point", "coordinates": [ 139.861553800000024, 35.9459184 ] } },
{ "type": "Feature", "properties": { "内容": "ケアプランゆめしずく【居宅介護支援】千葉県野田市木野崎７０１番地", "url2": "https://www.kaigokensaku.mhlw.go.jp/12/index.php?action_kouhyou_detail_004_kani=true&JigyosyoCd=1271301366-00&ServiceCd=430&Type=search" }, "geometry": { "type": "Point", "coordinates": [ 139.9198241, 35.956762400000017 ] } },
{ "type": "Feature", "properties": { "内容": "野田病院居宅介護支援センターこすもす【居宅介護支援】千葉県野田市中里1555-2", "url2": "https://www.kaigokensaku.mhlw.go.jp/12/index.php?action_kouhyou_detail_004_kani=true&JigyosyoCd=1271300848-00&ServiceCd=430&Type=search" }, "geometry": { "type": "Point", "coordinates": [ 139.847759033065785, 36.0006536 ] } },
{ "type": "Feature", "properties": { "内容": "居宅支援センター恵【居宅介護支援】千葉県野田市山崎１９７４－６", "url2": "https://www.kaigokensaku.mhlw.go.jp/12/index.php?action_kouhyou_detail_004_kani=true&JigyosyoCd=1271302703-00&ServiceCd=430&Type=search" }, "geometry": { "type": "Point", "coordinates": [ 139.8954041, 35.9315891 ] } },
{ "type": "Feature", "properties": { "内容": "ＳＯＭＰＯケア　野田川間　居宅介護支援【居宅介護支援】千葉県野田市岩名１－２７－１７間中ビル２階", "url2": "https://www.kaigokensaku.mhlw.go.jp/12/index.php?action_kouhyou_detail_004_kani=true&JigyosyoCd=1271302208-00&ServiceCd=430&Type=search" }, "geometry": { "type": "Point", "coordinates": [ 139.834569, 35.975789 ] } },
{ "type": "Feature", "properties": { "内容": "敬愛【居宅介護支援】千葉県野田市清水494-27", "url2": "https://www.kaigokensaku.mhlw.go.jp/12/index.php?action_kouhyou_detail_004_kani=true&JigyosyoCd=1271300889-00&ServiceCd=430&Type=search" }, "geometry": { "type": "Point", "coordinates": [ 139.856298900000013, 35.9599845 ] } },
{ "type": "Feature", "properties": { "内容": "株式会社ＮＩＹＡＫＯ【居宅介護支援】千葉県野田市尾崎台12－2コンフォート弐番館102", "url2": "https://www.kaigokensaku.mhlw.go.jp/12/index.php?action_kouhyou_detail_004_kani=true&JigyosyoCd=1271301952-00&ServiceCd=430&Type=search" }, "geometry": { "type": "Point", "coordinates": [ 139.836360300000024, 35.9841214 ] } },
{ "type": "Feature", "properties": { "内容": "花井クリニック【居宅介護支援】千葉県野田市花井249-5", "url2": "https://www.kaigokensaku.mhlw.go.jp/12/index.php?action_kouhyou_detail_004_kani=true&JigyosyoCd=1212011237-00&ServiceCd=430&Type=search" }, "geometry": { "type": "Point", "coordinates": [ 139.879636099999971, 35.9424852 ] } },
{ "type": "Feature", "properties": { "内容": "けやき居宅支援事業所【居宅介護支援】千葉県野田市山崎１４４８－１", "url2": "https://www.kaigokensaku.mhlw.go.jp/12/index.php?action_kouhyou_detail_004_kani=true&JigyosyoCd=1271301234-00&ServiceCd=430&Type=search" }, "geometry": { "type": "Point", "coordinates": [ 139.880617199999961, 35.9310505 ] } },
{ "type": "Feature", "properties": { "内容": "野田南部診療所ケアプランセンター【居宅介護支援】千葉県野田市山崎1737-2野田南部診療所　２F", "url2": "https://www.kaigokensaku.mhlw.go.jp/12/index.php?action_kouhyou_detail_004_kani=true&JigyosyoCd=1271302117-00&ServiceCd=430&Type=search" }, "geometry": { "type": "Point", "coordinates": [ 139.887549355819715, 35.929398374567995 ] } },
{ "type": "Feature", "properties": { "内容": "梅郷ナーシング居宅介護支援事業所【居宅介護支援】千葉県野田市山崎2783番地", "url2": "https://www.kaigokensaku.mhlw.go.jp/12/index.php?action_kouhyou_detail_004_kani=true&JigyosyoCd=1271300053-00&ServiceCd=430&Type=search" }, "geometry": { "type": "Point", "coordinates": [ 139.893105051975994, 35.93625824729186 ] } },
{ "type": "Feature", "properties": { "内容": "居宅介護支援事業所しらゆり【居宅介護支援】千葉県野田市桜台155-2", "url2": "https://www.kaigokensaku.mhlw.go.jp/12/index.php?action_kouhyou_detail_004_kani=true&JigyosyoCd=1271301374-00&ServiceCd=430&Type=search" }, "geometry": { "type": "Point", "coordinates": [ 139.873906788356237, 35.937228246553843 ] } },
{ "type": "Feature", "properties": { "内容": "居宅介護支援センターすばる【居宅介護支援】千葉県野田市上三ヶ尾382", "url2": "https://www.kaigokensaku.mhlw.go.jp/12/index.php?action_kouhyou_detail_004_kani=true&JigyosyoCd=1271300335-00&ServiceCd=430&Type=search" }, "geometry": { "type": "Point", "coordinates": [ 139.924522199999956, 35.9245076 ] } },
{ "type": "Feature", "properties": { "内容": "縁「ゆかり」【居宅介護支援】千葉県野田市木間ケ瀬2148番地3", "url2": "https://www.kaigokensaku.mhlw.go.jp/12/index.php?action_kouhyou_detail_004_kani=true&JigyosyoCd=1271301747-00&ServiceCd=430&Type=search" }, "geometry": { "type": "Point", "coordinates": [ 139.829848399999946, 36.0314161 ] } },
{ "type": "Feature", "properties": { "内容": "ほまれの家居宅介護支援センター【居宅介護支援】千葉県野田市目吹二ツ塚1511-3", "url2": "https://www.kaigokensaku.mhlw.go.jp/12/index.php?action_kouhyou_detail_004_kani=true&JigyosyoCd=1271301051-00&ServiceCd=430&Type=search" }, "geometry": { "type": "Point", "coordinates": [ 139.890139699999963, 35.9632165 ] } },
{ "type": "Feature", "properties": { "内容": "トータルサポート・ノダ指定居宅介護支援事業所【居宅介護支援】千葉県野田市吉春6－3サービス付き高齢者向け住宅　森田さんちの青楽（そら）1階", "url2": "https://www.kaigokensaku.mhlw.go.jp/12/index.php?action_kouhyou_detail_004_kani=true&JigyosyoCd=1271300046-00&ServiceCd=430&Type=search" }, "geometry": { "type": "Point", "coordinates": [ 139.86639053561953, 35.957397648724395 ] } },
{ "type": "Feature", "properties": { "内容": "有限会社あい【居宅介護支援】千葉県野田市堤台227番地", "url2": "https://www.kaigokensaku.mhlw.go.jp/12/index.php?action_kouhyou_detail_004_kani=true&JigyosyoCd=1271300400-00&ServiceCd=430&Type=search" }, "geometry": { "type": "Point", "coordinates": [ 139.848957499999983, 35.9489039 ] } },
{ "type": "Feature", "properties": { "内容": "ラウンド＆ケア居宅介護支援事業所野田【居宅介護支援】千葉県野田市山崎2699-85", "url2": "https://www.kaigokensaku.mhlw.go.jp/12/index.php?action_kouhyou_detail_004_kani=true&JigyosyoCd=1271302604-00&ServiceCd=430&Type=search" }, "geometry": { "type": "Point", "coordinates": [ 139.904240499999986, 35.9202637 ] } },
{ "type": "Feature", "properties": { "内容": "鶴寿園居宅介護支援事業所【居宅介護支援】千葉県野田市鶴奉280番地", "url2": "https://www.kaigokensaku.mhlw.go.jp/12/index.php?action_kouhyou_detail_004_kani=true&JigyosyoCd=1271300392-00&ServiceCd=430&Type=search" }, "geometry": { "type": "Point", "coordinates": [ 139.883923699999968, 35.9604806 ] } },
{ "type": "Feature", "properties": { "内容": "ブライト・ライフケアプラン野田【居宅介護支援】千葉県野田市清水367の12", "url2": "https://www.kaigokensaku.mhlw.go.jp/12/index.php?action_kouhyou_detail_004_kani=true&JigyosyoCd=1271302711-00&ServiceCd=430&Type=search" }, "geometry": { "type": "Point", "coordinates": [ 139.8597088, 35.9568422 ] } },
{ "type": "Feature", "properties": { "内容": "ケアプランセンター関宿ナーシングビレッジ【居宅介護支援】千葉県野田市桐ケ作666番地", "url2": "https://www.kaigokensaku.mhlw.go.jp/12/index.php?action_kouhyou_detail_004_kani=true&JigyosyoCd=1273700011-00&ServiceCd=430&Type=search" }, "geometry": { "type": "Point", "coordinates": [ 139.811833788360531, 36.055100271761042 ] } },
{ "type": "Feature", "properties": { "内容": "ケアプランつきあかり【居宅介護支援】千葉県野田市なみき２丁目２４番地１", "url2": "https://www.kaigokensaku.mhlw.go.jp/12/index.php?action_kouhyou_detail_004_kani=true&JigyosyoCd=1271302729-00&ServiceCd=430&Type=search" }, "geometry": { "type": "Point", "coordinates": [ 139.8185985, 36.0364996 ] } },
{ "type": "Feature", "properties": { "内容": "ケアプラン　一期一会【居宅介護支援】千葉県野田市春日町5-9-2フルールカメリア", "url2": "https://www.kaigokensaku.mhlw.go.jp/12/index.php?action_kouhyou_detail_004_kani=true&JigyosyoCd=1271302109-00&ServiceCd=430&Type=search" }, "geometry": { "type": "Point", "coordinates": [ 139.8385514, 35.9778029 ] } },
{ "type": "Feature", "properties": { "内容": "ケアプラン　ひまわり【居宅介護支援】千葉県野田市大殿井150-179", "url2": "https://www.kaigokensaku.mhlw.go.jp/12/index.php?action_kouhyou_detail_004_kani=true&JigyosyoCd=1271302091-00&ServiceCd=430&Type=search" }, "geometry": { "type": "Point", "coordinates": [ 139.902648099999965, 35.9445241 ] } },
{ "type": "Feature", "properties": { "内容": "ケアプランセンター　Ｒ＆Ｓ【居宅介護支援】千葉県野田市船形902-12", "url2": "https://www.kaigokensaku.mhlw.go.jp/12/index.php?action_kouhyou_detail_004_kani=true&JigyosyoCd=1271302570-00&ServiceCd=430&Type=search" }, "geometry": { "type": "Point", "coordinates": [ 139.8679704, 35.9849199 ] } },
{ "type": "Feature", "properties": { "内容": "きまがせ居宅介護支援事業所【居宅介護支援】千葉県野田市木間ヶ瀬2653-1.101", "url2": "https://www.kaigokensaku.mhlw.go.jp/12/index.php?action_kouhyou_detail_004_kani=true&JigyosyoCd=1271300988-00&ServiceCd=430&Type=search" }, "geometry": { "type": "Point", "coordinates": [ 139.837251015127549, 36.024484930517914 ] } },
{ "type": "Feature", "properties": { "内容": "ケアプランあすは【居宅介護支援】千葉県野田市清水241ー8", "url2": "https://www.kaigokensaku.mhlw.go.jp/12/index.php?action_kouhyou_detail_004_kani=true&JigyosyoCd=1271302547-00&ServiceCd=430&Type=search" }, "geometry": { "type": "Point", "coordinates": [ 139.860346, 35.9562377 ] } },
{ "type": "Feature", "properties": { "内容": "しょうじゅの里茂原在宅介護支援センター【居宅介護支援】千葉県茂原市高師193番地1", "url2": "https://www.kaigokensaku.mhlw.go.jp/12/index.php?action_kouhyou_detail_004_kani=true&JigyosyoCd=1271500330-00&ServiceCd=430&Type=search" }, "geometry": { "type": "Point", "coordinates": [ 140.2967056, 35.4395286 ] } },
{ "type": "Feature", "properties": { "内容": "居宅介護支援事業所　銀のカーネーション【居宅介護支援】千葉県茂原市法目2705-7", "url2": "https://www.kaigokensaku.mhlw.go.jp/12/index.php?action_kouhyou_detail_004_kani=true&JigyosyoCd=1271502484-00&ServiceCd=430&Type=search" }, "geometry": { "type": "Point", "coordinates": [ 140.325706084655764, 35.496367669815669 ] } },
{ "type": "Feature", "properties": { "内容": "ボーソーヒルズ居宅支援事業所【居宅介護支援】千葉県茂原市本納３２００－２２", "url2": "https://www.kaigokensaku.mhlw.go.jp/12/index.php?action_kouhyou_detail_004_kani=true&JigyosyoCd=1271501841-00&ServiceCd=430&Type=search" }, "geometry": { "type": "Point", "coordinates": [ 140.290512199999966, 35.4803309 ] } },
{ "type": "Feature", "properties": { "内容": "ケアプランつぼみ【居宅介護支援】千葉県茂原市町保38-7緑川オフィス1Ｆ", "url2": "https://www.kaigokensaku.mhlw.go.jp/12/index.php?action_kouhyou_detail_004_kani=true&JigyosyoCd=1271501916-00&ServiceCd=430&Type=search" }, "geometry": { "type": "Point", "coordinates": [ 140.304120194477491, 35.433077907852429 ] } },
{ "type": "Feature", "properties": { "内容": "居宅介護支援センター光風荘【居宅介護支援】千葉県茂原市御蔵芝39-1", "url2": "https://www.kaigokensaku.mhlw.go.jp/12/index.php?action_kouhyou_detail_004_kani=true&JigyosyoCd=1271500025-00&ServiceCd=430&Type=search" }, "geometry": { "type": "Point", "coordinates": [ 140.3666293, 35.4749817 ] } },
{ "type": "Feature", "properties": { "内容": "セントケア茂原【居宅介護支援】千葉県茂原市鷲巣706-2", "url2": "https://www.kaigokensaku.mhlw.go.jp/12/index.php?action_kouhyou_detail_004_kani=true&JigyosyoCd=1271501163-00&ServiceCd=430&Type=search" }, "geometry": { "type": "Point", "coordinates": [ 140.280246700000021, 35.4242109 ] } },
{ "type": "Feature", "properties": { "内容": "トータルケアゆかり【居宅介護支援】千葉県茂原市高師3007-11", "url2": "https://www.kaigokensaku.mhlw.go.jp/12/index.php?action_kouhyou_detail_004_kani=true&JigyosyoCd=1271501270-00&ServiceCd=430&Type=search" }, "geometry": { "type": "Point", "coordinates": [ 140.293820099999976, 35.4360707 ] } },
{ "type": "Feature", "properties": { "内容": "在宅介護支援センター　もばら和光苑【居宅介護支援】千葉県茂原市鷲巣４５６番地1", "url2": "https://www.kaigokensaku.mhlw.go.jp/12/index.php?action_kouhyou_detail_004_kani=true&JigyosyoCd=1271500967-00&ServiceCd=430&Type=search" }, "geometry": { "type": "Point", "coordinates": [ 140.2788941, 35.4201976 ] } },
{ "type": "Feature", "properties": { "内容": "介護老人保健施設つくも苑【居宅介護支援】千葉県茂原市六ツ野1841", "url2": "https://www.kaigokensaku.mhlw.go.jp/12/index.php?action_kouhyou_detail_004_kani=true&JigyosyoCd=1253180015-00&ServiceCd=430&Type=search" }, "geometry": { "type": "Point", "coordinates": [ 140.323873899999967, 35.4364993 ] } },
{ "type": "Feature", "properties": { "内容": "居宅介護支援センター真名実恵園【居宅介護支援】千葉県茂原市真名675-2", "url2": "https://www.kaigokensaku.mhlw.go.jp/12/index.php?action_kouhyou_detail_004_kani=true&JigyosyoCd=1271500611-00&ServiceCd=430&Type=search" }, "geometry": { "type": "Point", "coordinates": [ 140.254025400000046, 35.4590028 ] } },
{ "type": "Feature", "properties": { "内容": "居宅介護支援事業所ぷらんどーる【居宅介護支援】千葉県茂原市早野新田１８７番地９", "url2": "https://www.kaigokensaku.mhlw.go.jp/12/index.php?action_kouhyou_detail_004_kani=true&JigyosyoCd=1271502013-00&ServiceCd=430&Type=search" }, "geometry": { "type": "Point", "coordinates": [ 140.317364199999929, 35.4195516 ] } },
{ "type": "Feature", "properties": { "内容": "むぅみんケアセンター【居宅介護支援】千葉県茂原市粟生野2685-31", "url2": "https://www.kaigokensaku.mhlw.go.jp/12/index.php?action_kouhyou_detail_004_kani=true&JigyosyoCd=1271502351-00&ServiceCd=430&Type=search" }, "geometry": { "type": "Point", "coordinates": [ 140.3540807, 35.4794893 ] } },
{ "type": "Feature", "properties": { "内容": "オズノート茂原【居宅介護支援】千葉県茂原市本小轡404-1", "url2": "https://www.kaigokensaku.mhlw.go.jp/12/index.php?action_kouhyou_detail_004_kani=true&JigyosyoCd=1271502252-00&ServiceCd=430&Type=search" }, "geometry": { "type": "Point", "coordinates": [ 140.317366, 35.452876200000034 ] } },
{ "type": "Feature", "properties": { "内容": "居宅介護支援事業所　共生会【居宅介護支援】千葉県茂原市高師291番地11-2", "url2": "https://www.kaigokensaku.mhlw.go.jp/12/index.php?action_kouhyou_detail_004_kani=true&JigyosyoCd=1271500454-00&ServiceCd=430&Type=search" }, "geometry": { "type": "Point", "coordinates": [ 140.298175719825139, 35.431168058021633 ] } },
{ "type": "Feature", "properties": { "内容": "居宅介護支援センター長生共楽園【居宅介護支援】千葉県茂原市下永吉２８１２番地", "url2": "https://www.kaigokensaku.mhlw.go.jp/12/index.php?action_kouhyou_detail_004_kani=true&JigyosyoCd=1271500017-00&ServiceCd=430&Type=search" }, "geometry": { "type": "Point", "coordinates": [ 140.302230782783681, 35.400035623406296 ] } },
{ "type": "Feature", "properties": { "内容": "茂原市社会福祉協議会居宅介護支援事業所【居宅介護支援】千葉県茂原市町保13番地20", "url2": "https://www.kaigokensaku.mhlw.go.jp/12/index.php?action_kouhyou_detail_004_kani=true&JigyosyoCd=1271500090-00&ServiceCd=430&Type=search" }, "geometry": { "type": "Point", "coordinates": [ 140.303107599999947, 35.4311356 ] } },
{ "type": "Feature", "properties": { "内容": "恵ケアセンター茂原【居宅介護支援】千葉県茂原市茂原14-8ホワイトベース2階", "url2": "https://www.kaigokensaku.mhlw.go.jp/12/index.php?action_kouhyou_detail_004_kani=true&JigyosyoCd=1271502823-00&ServiceCd=430&Type=search" }, "geometry": { "type": "Point", "coordinates": [ 140.287238830688437, 35.427707940656248 ] } },
{ "type": "Feature", "properties": { "内容": "居宅介護支援センター　長生苑【居宅介護支援】千葉県茂原市南吉田4061-1", "url2": "https://www.kaigokensaku.mhlw.go.jp/12/index.php?action_kouhyou_detail_004_kani=true&JigyosyoCd=1271500793-00&ServiceCd=430&Type=search" }, "geometry": { "type": "Point", "coordinates": [ 140.331259100000011, 35.470317 ] } },
{ "type": "Feature", "properties": { "内容": "ケアプランセンター　夢眠もばら【居宅介護支援】千葉県茂原市上茂原388－10", "url2": "https://www.kaigokensaku.mhlw.go.jp/12/index.php?action_kouhyou_detail_004_kani=true&JigyosyoCd=1271502443-00&ServiceCd=430&Type=search" }, "geometry": { "type": "Point", "coordinates": [ 140.2721855, 35.424942 ] } },
{ "type": "Feature", "properties": { "内容": "ケアプランえにし【居宅介護支援】千葉県茂原市高師54-3", "url2": "https://www.kaigokensaku.mhlw.go.jp/12/index.php?action_kouhyou_detail_004_kani=true&JigyosyoCd=1271502286-00&ServiceCd=430&Type=search" }, "geometry": { "type": "Point", "coordinates": [ 140.294821403511605, 35.432458110678553 ] } },
{ "type": "Feature", "properties": { "内容": "みずほケア茂原ステーション【居宅介護支援】千葉県茂原市押日1557-1", "url2": "https://www.kaigokensaku.mhlw.go.jp/12/index.php?action_kouhyou_detail_004_kani=true&JigyosyoCd=1271501742-00&ServiceCd=430&Type=search" }, "geometry": { "type": "Point", "coordinates": [ 140.278007699999989, 35.4409084 ] } },
{ "type": "Feature", "properties": { "内容": "老人介護支援センターフローラもばら【居宅介護支援】千葉県茂原市谷本１１２７－１", "url2": "https://www.kaigokensaku.mhlw.go.jp/12/index.php?action_kouhyou_detail_004_kani=true&JigyosyoCd=1271500561-00&ServiceCd=430&Type=search" }, "geometry": { "type": "Point", "coordinates": [ 140.324762700000065, 35.4386796 ] } },
{ "type": "Feature", "properties": { "内容": "居宅介護支援センターあかね雲【居宅介護支援】千葉県茂原市国府関1683-6ファミリークラブあかね雲２F", "url2": "https://www.kaigokensaku.mhlw.go.jp/12/index.php?action_kouhyou_detail_004_kani=true&JigyosyoCd=1271501759-00&ServiceCd=430&Type=search" }, "geometry": { "type": "Point", "coordinates": [ 140.2607094, 35.4485863 ] } },
{ "type": "Feature", "properties": { "内容": "ヤックスケアセンター茂原【居宅介護支援】千葉県茂原市小林1633", "url2": "https://www.kaigokensaku.mhlw.go.jp/12/index.php?action_kouhyou_detail_004_kani=true&JigyosyoCd=1271500553-00&ServiceCd=430&Type=search" }, "geometry": { "type": "Point", "coordinates": [ 140.284419626897602, 35.437888815301129 ] } },
{ "type": "Feature", "properties": { "内容": "医療法人社団　徳志会　宮本内科医院【居宅介護支援】千葉県茂原市緑ヶ丘４丁目3番地３号", "url2": "https://www.kaigokensaku.mhlw.go.jp/12/index.php?action_kouhyou_detail_004_kani=true&JigyosyoCd=1271500868-00&ServiceCd=430&Type=search" }, "geometry": { "type": "Point", "coordinates": [ 140.26033850671115, 35.439203741642395 ] } },
{ "type": "Feature", "properties": { "内容": "つくし介護サービス【居宅介護支援】千葉県茂原市緑ヶ丘４－６－３", "url2": "https://www.kaigokensaku.mhlw.go.jp/12/index.php?action_kouhyou_detail_004_kani=true&JigyosyoCd=1271502773-00&ServiceCd=430&Type=search" }, "geometry": { "type": "Point", "coordinates": [ 140.257287100000013, 35.437956200000016 ] } },
{ "type": "Feature", "properties": { "内容": "くるみケアプランセンター【居宅介護支援】千葉県茂原市北塚113", "url2": "https://www.kaigokensaku.mhlw.go.jp/12/index.php?action_kouhyou_detail_004_kani=true&JigyosyoCd=1271502690-00&ServiceCd=430&Type=search" }, "geometry": { "type": "Point", "coordinates": [ 140.310777199999961, 35.4653103 ] } },
{ "type": "Feature", "properties": { "内容": "茂原訪問看護ステーション【居宅介護支援】千葉県茂原市下永吉川田796", "url2": "https://www.kaigokensaku.mhlw.go.jp/12/index.php?action_kouhyou_detail_004_kani=true&JigyosyoCd=1263190014-00&ServiceCd=430&Type=search" }, "geometry": { "type": "Point", "coordinates": [ 140.3030408, 35.406749900000015 ] } },
{ "type": "Feature", "properties": { "内容": "居宅介護支援センタースマイルコスモ【居宅介護支援】千葉県茂原市八千代2丁目５番地5", "url2": "https://www.kaigokensaku.mhlw.go.jp/12/index.php?action_kouhyou_detail_004_kani=true&JigyosyoCd=1271502096-00&ServiceCd=430&Type=search" }, "geometry": { "type": "Point", "coordinates": [ 140.2968158, 35.4228529 ] } },
{ "type": "Feature", "properties": { "内容": "居宅介護支援事業所ハイビスカス【居宅介護支援】千葉県茂原市東郷975-6", "url2": "https://www.kaigokensaku.mhlw.go.jp/12/index.php?action_kouhyou_detail_004_kani=true&JigyosyoCd=1271502708-00&ServiceCd=430&Type=search" }, "geometry": { "type": "Point", "coordinates": [ 140.3088447, 35.4476237 ] } },
{ "type": "Feature", "properties": { "内容": "リンクス居宅介護支援事業所【居宅介護支援】千葉県茂原市東茂原15-13", "url2": "https://www.kaigokensaku.mhlw.go.jp/12/index.php?action_kouhyou_detail_004_kani=true&JigyosyoCd=1271500934-00&ServiceCd=430&Type=search" }, "geometry": { "type": "Point", "coordinates": [ 140.3200158, 35.4135562 ] } },
{ "type": "Feature", "properties": { "内容": "ケアプランだいち【居宅介護支援】千葉県茂原市栗生野３４９８－３５", "url2": "https://www.kaigokensaku.mhlw.go.jp/12/index.php?action_kouhyou_detail_004_kani=true&JigyosyoCd=1271501528-00&ServiceCd=430&Type=search" }, "geometry": { "type": "Point", "coordinates": [ 140.353721785180596, 35.491527991402215 ] } },
{ "type": "Feature", "properties": { "内容": "ケアプラン　モルセラ【居宅介護支援】千葉県成田市加良部5-8-5モルセラ成田", "url2": "https://www.kaigokensaku.mhlw.go.jp/12/index.php?action_kouhyou_detail_004_kani=true&JigyosyoCd=1271601120-00&ServiceCd=430&Type=search" }, "geometry": { "type": "Point", "coordinates": [ 140.298883100000012, 35.7731024 ] } },
{ "type": "Feature", "properties": { "内容": "ゆかり成田下総ハートフルプラン萩【居宅介護支援】千葉県成田市名古屋1301-26", "url2": "https://www.kaigokensaku.mhlw.go.jp/12/index.php?action_kouhyou_detail_004_kani=true&JigyosyoCd=1271601898-00&ServiceCd=430&Type=search" }, "geometry": { "type": "Point", "coordinates": [ 140.370349800000014, 35.8515437 ] } },
{ "type": "Feature", "properties": { "内容": "ケアスタッフ成田【居宅介護支援】千葉県成田市公津の杜3-3-1三恵ビル２階", "url2": "https://www.kaigokensaku.mhlw.go.jp/12/index.php?action_kouhyou_detail_004_kani=true&JigyosyoCd=1271600767-00&ServiceCd=430&Type=search" }, "geometry": { "type": "Point", "coordinates": [ 140.2954866, 35.7576056 ] } },
{ "type": "Feature", "properties": { "内容": "かなでの杜成田【居宅介護支援】千葉県成田市東町156-6稲垣ビル101", "url2": "https://www.kaigokensaku.mhlw.go.jp/12/index.php?action_kouhyou_detail_004_kani=true&JigyosyoCd=1271601658-00&ServiceCd=430&Type=search" }, "geometry": { "type": "Point", "coordinates": [ 140.322857800000065, 35.7792573 ] } },
{ "type": "Feature", "properties": { "内容": "居宅介護支援事業所たんぽぽ【居宅介護支援】千葉県成田市加良部２丁目１番地１（５棟２０４）", "url2": "https://www.kaigokensaku.mhlw.go.jp/12/index.php?action_kouhyou_detail_004_kani=true&JigyosyoCd=1271601351-00&ServiceCd=430&Type=search" }, "geometry": { "type": "Point", "coordinates": [ 140.297817011778307, 35.775242490682565 ] } },
{ "type": "Feature", "properties": { "内容": "居宅介護支援事業所新町玲光苑【居宅介護支援】千葉県成田市新町1037番地63", "url2": "https://www.kaigokensaku.mhlw.go.jp/12/index.php?action_kouhyou_detail_004_kani=true&JigyosyoCd=1271600353-00&ServiceCd=430&Type=search" }, "geometry": { "type": "Point", "coordinates": [ 140.311745200000018, 35.7809653 ] } },
{ "type": "Feature", "properties": { "内容": "あい愛ケアプラン【居宅介護支援】千葉県成田市三里塚光が丘１－958", "url2": "https://www.kaigokensaku.mhlw.go.jp/12/index.php?action_kouhyou_detail_004_kani=true&JigyosyoCd=1271601302-00&ServiceCd=430&Type=search" }, "geometry": { "type": "Point", "coordinates": [ 140.3783704, 35.748606500000015 ] } },
{ "type": "Feature", "properties": { "内容": "セントアンナ在宅介護支援センター【居宅介護支援】千葉県成田市本三里塚226-1", "url2": "https://www.kaigokensaku.mhlw.go.jp/12/index.php?action_kouhyou_detail_004_kani=true&JigyosyoCd=1271600031-00&ServiceCd=430&Type=search" }, "geometry": { "type": "Point", "coordinates": [ 140.363585599999965, 35.7502004 ] } },
{ "type": "Feature", "properties": { "内容": "佐藤さくら【居宅介護支援】千葉県成田市並木町９０－１", "url2": "https://www.kaigokensaku.mhlw.go.jp/12/index.php?action_kouhyou_detail_004_kani=true&JigyosyoCd=1271601823-00&ServiceCd=430&Type=search" }, "geometry": { "type": "Point", "coordinates": [ 140.3049926, 35.7576865 ] } },
{ "type": "Feature", "properties": { "内容": "ニチイケアセンター公津の杜【居宅介護支援】千葉県成田市公津の杜5丁目21番地2", "url2": "https://www.kaigokensaku.mhlw.go.jp/12/index.php?action_kouhyou_detail_004_kani=true&JigyosyoCd=1271600163-00&ServiceCd=430&Type=search" }, "geometry": { "type": "Point", "coordinates": [ 140.290839749954216, 35.757970530013694 ] } },
{ "type": "Feature", "properties": { "内容": "楽天堂居宅介護支援事業所成田【居宅介護支援】千葉県成田市西三里塚1-101岩沢テナントＡ　２Ｆ２０２", "url2": "https://www.kaigokensaku.mhlw.go.jp/12/index.php?action_kouhyou_detail_004_kani=true&JigyosyoCd=1271601245-00&ServiceCd=430&Type=search" }, "geometry": { "type": "Point", "coordinates": [ 140.370293400000037, 35.7460926 ] } },
{ "type": "Feature", "properties": { "内容": "ウエルストン薬局公津の杜店【居宅介護支援】千葉県成田市公津の杜2-6-3", "url2": "https://www.kaigokensaku.mhlw.go.jp/12/index.php?action_kouhyou_detail_004_kani=true&JigyosyoCd=1244340436-00&ServiceCd=430&Type=search" }, "geometry": { "type": "Point", "coordinates": [ 140.300241699999987, 35.7631204 ] } },
{ "type": "Feature", "properties": { "内容": "居宅介護支援センター杜の家なりた【居宅介護支援】千葉県成田市下方686番1杜の家なりた", "url2": "https://www.kaigokensaku.mhlw.go.jp/12/index.php?action_kouhyou_detail_004_kani=true&JigyosyoCd=1271601591-00&ServiceCd=430&Type=search" }, "geometry": { "type": "Point", "coordinates": [ 140.271331044141334, 35.759377540035992 ] } },
{ "type": "Feature", "properties": { "内容": "ＪＡ成田市居宅介護支援事業所美郷【居宅介護支援】千葉県成田市美郷台１－１５－１０", "url2": "https://www.kaigokensaku.mhlw.go.jp/12/index.php?action_kouhyou_detail_004_kani=true&JigyosyoCd=1271600429-00&ServiceCd=430&Type=search" }, "geometry": { "type": "Point", "coordinates": [ 140.3109327, 35.7914119 ] } },
{ "type": "Feature", "properties": { "内容": "なな成田居宅介護支援事業所【居宅介護支援】千葉県成田市加良部4-26-12加良部テラスハウス", "url2": "https://www.kaigokensaku.mhlw.go.jp/12/index.php?action_kouhyou_detail_004_kani=true&JigyosyoCd=1271602193-00&ServiceCd=430&Type=search" }, "geometry": { "type": "Point", "coordinates": [ 140.30239610000001, 35.7754331 ] } },
{ "type": "Feature", "properties": { "内容": "ケアサポート成田【居宅介護支援】千葉県成田市飯田町105-1ウェルライフヴィラ成田", "url2": "https://www.kaigokensaku.mhlw.go.jp/12/index.php?action_kouhyou_detail_004_kani=true&JigyosyoCd=1271602128-00&ServiceCd=430&Type=search" }, "geometry": { "type": "Point", "coordinates": [ 140.3009054, 35.765303300000014 ] } },
{ "type": "Feature", "properties": { "内容": "介護相談室【居宅介護支援】千葉県成田市本城73-9第3コーポおおとり荘203", "url2": "https://www.kaigokensaku.mhlw.go.jp/12/index.php?action_kouhyou_detail_004_kani=true&JigyosyoCd=1271601773-00&ServiceCd=430&Type=search" }, "geometry": { "type": "Point", "coordinates": [ 140.369852, 35.7393876 ] } },
{ "type": "Feature", "properties": { "内容": "居宅介護支援事業所成田苑【居宅介護支援】千葉県成田市大室1783-22", "url2": "https://www.kaigokensaku.mhlw.go.jp/12/index.php?action_kouhyou_detail_004_kani=true&JigyosyoCd=1271600296-00&ServiceCd=430&Type=search" }, "geometry": { "type": "Point", "coordinates": [ 140.387013799999977, 35.8167127 ] } },
{ "type": "Feature", "properties": { "内容": "癒しのケアプランセンター公津の杜【居宅介護支援】千葉県成田市飯田町33-1", "url2": "https://www.kaigokensaku.mhlw.go.jp/12/index.php?action_kouhyou_detail_004_kani=true&JigyosyoCd=1271600841-00&ServiceCd=430&Type=search" }, "geometry": { "type": "Point", "coordinates": [ 140.3020583, 35.7610151 ] } },
{ "type": "Feature", "properties": { "内容": "ケアプラン喜美笑【居宅介護支援】千葉県成田市郷部1354郷部ウイングビル103", "url2": "https://www.kaigokensaku.mhlw.go.jp/12/index.php?action_kouhyou_detail_004_kani=true&JigyosyoCd=1271601732-00&ServiceCd=430&Type=search" }, "geometry": { "type": "Point", "coordinates": [ 140.2782094, 35.8020453 ] } },
{ "type": "Feature", "properties": { "内容": "エスポワール成田居宅介護支援事業所【居宅介護支援】千葉県成田市宝田360-1介護老人保健施設エスポワール成田", "url2": "https://www.kaigokensaku.mhlw.go.jp/12/index.php?action_kouhyou_detail_004_kani=true&JigyosyoCd=1271601526-00&ServiceCd=430&Type=search" }, "geometry": { "type": "Point", "coordinates": [ 140.312702299999955, 35.8099811 ] } },
{ "type": "Feature", "properties": { "内容": "在宅介護支援センター透光苑【居宅介護支援】千葉県成田市桜田1137", "url2": "https://www.kaigokensaku.mhlw.go.jp/12/index.php?action_kouhyou_detail_004_kani=true&JigyosyoCd=1274700010-00&ServiceCd=430&Type=search" }, "geometry": { "type": "Point", "coordinates": [ 140.459409300000061, 35.8432219 ] } },
{ "type": "Feature", "properties": { "内容": "ＳＯＭＰＯケア成田居宅介護支援【居宅介護支援】千葉県成田市飯仲28-18ラヴィーレ成田", "url2": "https://www.kaigokensaku.mhlw.go.jp/12/index.php?action_kouhyou_detail_004_kani=true&JigyosyoCd=1271601963-00&ServiceCd=430&Type=search" }, "geometry": { "type": "Point", "coordinates": [ 140.2999878, 35.7533172 ] } },
{ "type": "Feature", "properties": { "内容": "フォレストケアプランセンター【居宅介護支援】千葉県成田市橋賀台1-9-6", "url2": "https://www.kaigokensaku.mhlw.go.jp/12/index.php?action_kouhyou_detail_004_kani=true&JigyosyoCd=1271602169-00&ServiceCd=430&Type=search" }, "geometry": { "type": "Point", "coordinates": [ 140.291669009028539, 35.772289922390662 ] } },
{ "type": "Feature", "properties": { "内容": "生活クラブ風の村ケアプランセンターなりた【居宅介護支援】千葉県成田市大竹370", "url2": "https://www.kaigokensaku.mhlw.go.jp/12/index.php?action_kouhyou_detail_004_kani=true&JigyosyoCd=1271602136-00&ServiceCd=430&Type=search" }, "geometry": { "type": "Point", "coordinates": [ 140.277824980950953, 35.809109323843195 ] } },
{ "type": "Feature", "properties": { "内容": "きたはら【居宅介護支援】千葉県成田市南平台1169-21", "url2": "https://www.kaigokensaku.mhlw.go.jp/12/index.php?action_kouhyou_detail_004_kani=true&JigyosyoCd=1271600874-00&ServiceCd=430&Type=search" }, "geometry": { "type": "Point", "coordinates": [ 140.302096600000027, 35.771286 ] } },
{ "type": "Feature", "properties": { "内容": "ゆかり成田介護支援センター【居宅介護支援】千葉県成田市江弁須364-1", "url2": "https://www.kaigokensaku.mhlw.go.jp/12/index.php?action_kouhyou_detail_004_kani=true&JigyosyoCd=1271601328-00&ServiceCd=430&Type=search" }, "geometry": { "type": "Point", "coordinates": [ 140.290076, 35.768678 ] } },
{ "type": "Feature", "properties": { "内容": "ケアプランセンター　ウィズ・ワン成田【居宅介護支援】千葉県成田市美郷台3-8-1", "url2": "https://www.kaigokensaku.mhlw.go.jp/12/index.php?action_kouhyou_detail_004_kani=true&JigyosyoCd=1271602201-00&ServiceCd=430&Type=search" }, "geometry": { "type": "Point", "coordinates": [ 140.310247800000013, 35.793697 ] } },
{ "type": "Feature", "properties": { "内容": "介護あおぞら【居宅介護支援】千葉県成田市中台6丁目1番2号中台ショッピングセンター内", "url2": "https://www.kaigokensaku.mhlw.go.jp/12/index.php?action_kouhyou_detail_004_kani=true&JigyosyoCd=1271600965-00&ServiceCd=430&Type=search" }, "geometry": { "type": "Point", "coordinates": [ 140.299656999370995, 35.783584734528993 ] } },
{ "type": "Feature", "properties": { "内容": "居宅介護支援センター　ちとせ【居宅介護支援】千葉県佐倉市生谷75-10", "url2": "https://www.kaigokensaku.mhlw.go.jp/12/index.php?action_kouhyou_detail_004_kani=true&JigyosyoCd=1271700518-00&ServiceCd=430&Type=search" }, "geometry": { "type": "Point", "coordinates": [ 140.180188500000014, 35.7168133 ] } },
{ "type": "Feature", "properties": { "内容": "居宅介護支援事業所くつろぎの里【居宅介護支援】千葉県佐倉市下志津552番", "url2": "https://www.kaigokensaku.mhlw.go.jp/12/index.php?action_kouhyou_detail_004_kani=true&JigyosyoCd=1271700591-00&ServiceCd=430&Type=search" }, "geometry": { "type": "Point", "coordinates": [ 140.166820799999982, 35.7164015 ] } },
{ "type": "Feature", "properties": { "内容": "さくらリハビリ訪問看護ステーション【居宅介護支援】千葉県佐倉市新臼井田24-9", "url2": "https://www.kaigokensaku.mhlw.go.jp/12/index.php?action_kouhyou_detail_004_kani=true&JigyosyoCd=1264290110-00&ServiceCd=430&Type=search" }, "geometry": { "type": "Point", "coordinates": [ 140.189061439235303, 35.732965063202336 ] } },
{ "type": "Feature", "properties": { "内容": "ばいすケア【居宅介護支援】千葉県佐倉市王子台5-26-25", "url2": "https://www.kaigokensaku.mhlw.go.jp/12/index.php?action_kouhyou_detail_004_kani=true&JigyosyoCd=1271702464-00&ServiceCd=430&Type=search" }, "geometry": { "type": "Point", "coordinates": [ 140.175186, 35.7213208 ] } },
{ "type": "Feature", "properties": { "内容": "ケアプラン優の和【居宅介護支援】千葉県佐倉市鏑木町1-9-11丸嶋ビル101", "url2": "https://www.kaigokensaku.mhlw.go.jp/12/index.php?action_kouhyou_detail_004_kani=true&JigyosyoCd=1271702670-00&ServiceCd=430&Type=search" }, "geometry": { "type": "Point", "coordinates": [ 140.224342299999989, 35.713646800000014 ] } },
{ "type": "Feature", "properties": { "内容": "ケアスタッフ佐倉【居宅介護支援】千葉県佐倉市角来448-6", "url2": "https://www.kaigokensaku.mhlw.go.jp/12/index.php?action_kouhyou_detail_004_kani=true&JigyosyoCd=1271701631-00&ServiceCd=430&Type=search" }, "geometry": { "type": "Point", "coordinates": [ 140.20291385523376, 35.73151452781282 ] } },
{ "type": "Feature", "properties": { "内容": "家での介護の相談所　真善美【居宅介護支援】千葉県佐倉市生谷１６１１番地１７", "url2": "https://www.kaigokensaku.mhlw.go.jp/12/index.php?action_kouhyou_detail_004_kani=true&JigyosyoCd=1271701268-00&ServiceCd=430&Type=search" }, "geometry": { "type": "Point", "coordinates": [ 140.183490399999982, 35.7218322 ] } },
{ "type": "Feature", "properties": { "内容": "ソルシアス佐倉居宅介護支援事業所【居宅介護支援】千葉県佐倉市宮前3-15-1", "url2": "https://www.kaigokensaku.mhlw.go.jp/12/index.php?action_kouhyou_detail_004_kani=true&JigyosyoCd=1271703371-00&ServiceCd=430&Type=search" }, "geometry": { "type": "Point", "coordinates": [ 140.227429699999988, 35.7260238 ] } },
{ "type": "Feature", "properties": { "内容": "なないろ【居宅介護支援】千葉県佐倉市王子台2-14-21栗田コーポ２号室", "url2": "https://www.kaigokensaku.mhlw.go.jp/12/index.php?action_kouhyou_detail_004_kani=true&JigyosyoCd=1271702993-00&ServiceCd=430&Type=search" }, "geometry": { "type": "Point", "coordinates": [ 140.184999500000032, 35.7288944 ] } },
{ "type": "Feature", "properties": { "内容": "居宅介護支援事業所ゆたか苑【居宅介護支援】千葉県佐倉市上志津原９", "url2": "https://www.kaigokensaku.mhlw.go.jp/12/index.php?action_kouhyou_detail_004_kani=true&JigyosyoCd=1271700575-00&ServiceCd=430&Type=search" }, "geometry": { "type": "Point", "coordinates": [ 140.141916499999979, 35.7035767 ] } },
{ "type": "Feature", "properties": { "内容": "居宅介護支援事業所　エース【居宅介護支援】千葉県佐倉市井野1089-20", "url2": "https://www.kaigokensaku.mhlw.go.jp/12/index.php?action_kouhyou_detail_004_kani=true&JigyosyoCd=1271702928-00&ServiceCd=430&Type=search" }, "geometry": { "type": "Point", "coordinates": [ 140.1450331, 35.7260607 ] } },
{ "type": "Feature", "properties": { "内容": "まごの手ケアプラン株式会社【居宅介護支援】千葉県佐倉市弥勒町117", "url2": "https://www.kaigokensaku.mhlw.go.jp/12/index.php?action_kouhyou_detail_004_kani=true&JigyosyoCd=1271701227-00&ServiceCd=430&Type=search" }, "geometry": { "type": "Point", "coordinates": [ 140.2370353, 35.718126 ] } },
{ "type": "Feature", "properties": { "内容": "さくら苑居宅介護支援センター【居宅介護支援】千葉県佐倉市鏑木町346番地", "url2": "https://www.kaigokensaku.mhlw.go.jp/12/index.php?action_kouhyou_detail_004_kani=true&JigyosyoCd=1271700187-00&ServiceCd=430&Type=search" }, "geometry": { "type": "Point", "coordinates": [ 140.233971600000018, 35.7154623 ] } },
{ "type": "Feature", "properties": { "内容": "厚生園ケアマネジメントセンター【居宅介護支援】千葉県佐倉市鏑木町３３６", "url2": "https://www.kaigokensaku.mhlw.go.jp/12/index.php?action_kouhyou_detail_004_kani=true&JigyosyoCd=1271700104-00&ServiceCd=430&Type=search" }, "geometry": { "type": "Point", "coordinates": [ 140.235177099999987, 35.7149041 ] } },
{ "type": "Feature", "properties": { "内容": "せいれいケアプランセンター佐倉【居宅介護支援】千葉県佐倉市江原台2-36-2聖隷佐倉市民病院", "url2": "https://www.kaigokensaku.mhlw.go.jp/12/index.php?action_kouhyou_detail_004_kani=true&JigyosyoCd=1271702811-00&ServiceCd=430&Type=search" }, "geometry": { "type": "Point", "coordinates": [ 140.2003038, 35.7372134 ] } },
{ "type": "Feature", "properties": { "内容": "ニチイケアセンター佐倉【居宅介護支援】千葉県佐倉市栄町7-16月岡店舗2号室", "url2": "https://www.kaigokensaku.mhlw.go.jp/12/index.php?action_kouhyou_detail_004_kani=true&JigyosyoCd=1271700179-00&ServiceCd=430&Type=search" }, "geometry": { "type": "Point", "coordinates": [ 140.229505199999949, 35.7233029 ] } },
{ "type": "Feature", "properties": { "内容": "ときわの杜ケアプランセンター【居宅介護支援】千葉県佐倉市石川５５６特別養護老人ホーム　ときわの杜", "url2": "https://www.kaigokensaku.mhlw.go.jp/12/index.php?action_kouhyou_detail_004_kani=true&JigyosyoCd=1271702514-00&ServiceCd=430&Type=search" }, "geometry": { "type": "Point", "coordinates": [ 140.228386499999942, 35.6890054 ] } },
{ "type": "Feature", "properties": { "内容": "ケアプラン・はちす苑【居宅介護支援】千葉県佐倉市太田１１４５－１", "url2": "https://www.kaigokensaku.mhlw.go.jp/12/index.php?action_kouhyou_detail_004_kani=true&JigyosyoCd=1271700294-00&ServiceCd=430&Type=search" }, "geometry": { "type": "Point", "coordinates": [ 140.2092619, 35.684227 ] } },
{ "type": "Feature", "properties": { "内容": "プロローグ【居宅介護支援】千葉県佐倉市表町３－２－１４", "url2": "https://www.kaigokensaku.mhlw.go.jp/12/index.php?action_kouhyou_detail_004_kani=true&JigyosyoCd=1271700906-00&ServiceCd=430&Type=search" }, "geometry": { "type": "Point", "coordinates": [ 140.226469599999973, 35.7105599 ] } },
{ "type": "Feature", "properties": { "内容": "志津ユーカリ苑指定居宅介護支援事業所【居宅介護支援】千葉県佐倉市青菅1008番地7", "url2": "https://www.kaigokensaku.mhlw.go.jp/12/index.php?action_kouhyou_detail_004_kani=true&JigyosyoCd=1271700013-00&ServiceCd=430&Type=search" }, "geometry": { "type": "Point", "coordinates": [ 140.1422301, 35.7455922 ] } },
{ "type": "Feature", "properties": { "内容": "ママメイト佐倉ユーカリが丘【居宅介護支援】千葉県佐倉市ユーカリが丘２－１－１", "url2": "https://www.kaigokensaku.mhlw.go.jp/12/index.php?action_kouhyou_detail_004_kani=true&JigyosyoCd=1271700740-00&ServiceCd=430&Type=search" }, "geometry": { "type": "Point", "coordinates": [ 140.155004700000063, 35.7284137 ] } },
{ "type": "Feature", "properties": { "内容": "ブライトライフ介護支援【居宅介護支援】千葉県佐倉市先崎233ユーカリゴルフプラザ二階", "url2": "https://www.kaigokensaku.mhlw.go.jp/12/index.php?action_kouhyou_detail_004_kani=true&JigyosyoCd=1271703280-00&ServiceCd=430&Type=search" }, "geometry": { "type": "Point", "coordinates": [ 140.159651599999989, 35.7497229 ] } },
{ "type": "Feature", "properties": { "内容": "居宅介護支援事業所　スマイル【居宅介護支援】千葉県佐倉市宮ノ台5-3-12", "url2": "https://www.kaigokensaku.mhlw.go.jp/12/index.php?action_kouhyou_detail_004_kani=true&JigyosyoCd=1271702886-00&ServiceCd=430&Type=search" }, "geometry": { "type": "Point", "coordinates": [ 140.1470128, 35.7369127 ] } },
{ "type": "Feature", "properties": { "内容": "ケアプランセンターさくらの丘「王子台倶楽部」【居宅介護支援】千葉県佐倉市王子台4-22-3", "url2": "https://www.kaigokensaku.mhlw.go.jp/12/index.php?action_kouhyou_detail_004_kani=true&JigyosyoCd=1271702795-00&ServiceCd=430&Type=search" }, "geometry": { "type": "Point", "coordinates": [ 140.181909899999937, 35.7234153 ] } },
{ "type": "Feature", "properties": { "内容": "ケアプランセンターさくらの丘【居宅介護支援】千葉県佐倉市飯重622番地", "url2": "https://www.kaigokensaku.mhlw.go.jp/12/index.php?action_kouhyou_detail_004_kani=true&JigyosyoCd=1271702571-00&ServiceCd=430&Type=search" }, "geometry": { "type": "Point", "coordinates": [ 140.200635499999947, 35.7252935 ] } },
{ "type": "Feature", "properties": { "内容": "ファーストステージユーカリが丘【居宅介護支援】千葉県佐倉市中志津3-34-11", "url2": "https://www.kaigokensaku.mhlw.go.jp/12/index.php?action_kouhyou_detail_004_kani=true&JigyosyoCd=1271702290-00&ServiceCd=430&Type=search" }, "geometry": { "type": "Point", "coordinates": [ 140.1585139, 35.7134736 ] } },
{ "type": "Feature", "properties": { "内容": "セントケア　佐倉【居宅介護支援】千葉県佐倉市寺崎北4-7-6", "url2": "https://www.kaigokensaku.mhlw.go.jp/12/index.php?action_kouhyou_detail_004_kani=true&JigyosyoCd=1271701235-00&ServiceCd=430&Type=search" }, "geometry": { "type": "Point", "coordinates": [ 140.215423055985184, 35.711470337097502 ] } },
{ "type": "Feature", "properties": { "内容": "佐倉白翠園ケアサービスセンター【居宅介護支援】千葉県佐倉市岩名1011", "url2": "https://www.kaigokensaku.mhlw.go.jp/12/index.php?action_kouhyou_detail_004_kani=true&JigyosyoCd=1271700138-00&ServiceCd=430&Type=search" }, "geometry": { "type": "Point", "coordinates": [ 140.219815499999982, 35.7386647 ] } },
{ "type": "Feature", "properties": { "内容": "ういず・ユー支え愛　志津【居宅介護支援】千葉県佐倉市中志津1-6-2山口ハイツ101号室", "url2": "https://www.kaigokensaku.mhlw.go.jp/12/index.php?action_kouhyou_detail_004_kani=true&JigyosyoCd=1271702720-00&ServiceCd=430&Type=search" }, "geometry": { "type": "Point", "coordinates": [ 140.155609, 35.710707 ] } },
{ "type": "Feature", "properties": { "内容": "生活クラブ風の村ケアプランセンターさくら【居宅介護支援】千葉県佐倉市山崎529-1", "url2": "https://www.kaigokensaku.mhlw.go.jp/12/index.php?action_kouhyou_detail_004_kani=true&JigyosyoCd=1271702118-00&ServiceCd=430&Type=search" }, "geometry": { "type": "Point", "coordinates": [ 140.224994199999969, 35.7301409 ] } },
{ "type": "Feature", "properties": { "内容": "癒しのケアプランセンター志津【居宅介護支援】千葉県佐倉市西志津1-7-1", "url2": "https://www.kaigokensaku.mhlw.go.jp/12/index.php?action_kouhyou_detail_004_kani=true&JigyosyoCd=1271701516-00&ServiceCd=430&Type=search" }, "geometry": { "type": "Point", "coordinates": [ 140.138382399999955, 35.7152672 ] } },
{ "type": "Feature", "properties": { "内容": "宍戸内科医院ケアプラン事業部【居宅介護支援】千葉県佐倉市王子台1-18-7", "url2": "https://www.kaigokensaku.mhlw.go.jp/12/index.php?action_kouhyou_detail_004_kani=true&JigyosyoCd=1271702324-00&ServiceCd=430&Type=search" }, "geometry": { "type": "Point", "coordinates": [ 140.182827450926197, 35.730964809326807 ] } },
{ "type": "Feature", "properties": { "内容": "いろどりケアプランセンター【居宅介護支援】千葉県佐倉市臼井田2329-3レイクサイドうすいB棟102号室", "url2": "https://www.kaigokensaku.mhlw.go.jp/12/index.php?action_kouhyou_detail_004_kani=true&JigyosyoCd=1271703421-00&ServiceCd=430&Type=search" }, "geometry": { "type": "Point", "coordinates": [ 140.1855497, 35.73552260000001 ] } },
{ "type": "Feature", "properties": { "内容": "居宅介護支援事業所タムタム【居宅介護支援】千葉県佐倉市宮ノ台2-26-7", "url2": "https://www.kaigokensaku.mhlw.go.jp/12/index.php?action_kouhyou_detail_004_kani=true&JigyosyoCd=1271702977-00&ServiceCd=430&Type=search" }, "geometry": { "type": "Point", "coordinates": [ 140.1441878, 35.7422319 ] } },
{ "type": "Feature", "properties": { "内容": "さくらケアセンターそよ風【居宅介護支援】佐倉市六崎１５２５－１", "url2": "https://www.kaigokensaku.mhlw.go.jp/12/index.php?action_kouhyou_detail_004_kani=true&JigyosyoCd=1271700435-00&ServiceCd=430&Type=search" }, "geometry": { "type": "Point", "coordinates": [ 140.2206649, 35.7042482 ] } },
{ "type": "Feature", "properties": { "内容": "ａｎｄｚ【居宅介護支援】千葉県佐倉市王子台1-19-16王子台ビル", "url2": "https://www.kaigokensaku.mhlw.go.jp/12/index.php?action_kouhyou_detail_004_kani=true&JigyosyoCd=1271702662-00&ServiceCd=430&Type=search" }, "geometry": { "type": "Point", "coordinates": [ 140.1852321, 35.7313137 ] } },
{ "type": "Feature", "properties": { "内容": "ケアプランセンターえがお【居宅介護支援】千葉県佐倉市田町16番地18", "url2": "https://www.kaigokensaku.mhlw.go.jp/12/index.php?action_kouhyou_detail_004_kani=true&JigyosyoCd=1271703215-00&ServiceCd=430&Type=search" }, "geometry": { "type": "Point", "coordinates": [ 140.2220044, 35.7228489 ] } },
{ "type": "Feature", "properties": { "内容": "ユーカリが丘居宅介護支援事業所【居宅介護支援】千葉県佐倉市ユーカリが丘6-3-2", "url2": "https://www.kaigokensaku.mhlw.go.jp/12/index.php?action_kouhyou_detail_004_kani=true&JigyosyoCd=1271701029-00&ServiceCd=430&Type=search" }, "geometry": { "type": "Point", "coordinates": [ 140.15413695162087, 35.729045979936281 ] } },
{ "type": "Feature", "properties": { "内容": "指定居宅介護支援事業所ユーカリのまちケアプラン【居宅介護支援】千葉県佐倉市ユーカリが丘2-3-1", "url2": "https://www.kaigokensaku.mhlw.go.jp/12/index.php?action_kouhyou_detail_004_kani=true&JigyosyoCd=1271701078-00&ServiceCd=430&Type=search" }, "geometry": { "type": "Point", "coordinates": [ 140.154404500000027, 35.7312607 ] } },
{ "type": "Feature", "properties": { "内容": "ケアプラーナ【居宅介護支援】千葉県佐倉市上志津1778番地155", "url2": "https://www.kaigokensaku.mhlw.go.jp/12/index.php?action_kouhyou_detail_004_kani=true&JigyosyoCd=1271703439-00&ServiceCd=430&Type=search" }, "geometry": { "type": "Point", "coordinates": [ 140.1513189, 35.7199615 ] } },
{ "type": "Feature", "properties": { "内容": "ほっとケア和【居宅介護支援】千葉県佐倉市王子台１－７－１５レジデンスマキ201", "url2": "https://www.kaigokensaku.mhlw.go.jp/12/index.php?action_kouhyou_detail_004_kani=true&JigyosyoCd=1271702654-00&ServiceCd=430&Type=search" }, "geometry": { "type": "Point", "coordinates": [ 140.1847368, 35.7316117 ] } },
{ "type": "Feature", "properties": { "内容": "ケアポ－ト居宅介護支援事業所【居宅介護支援】千葉県佐倉市栄町10－17HB佐倉1F", "url2": "https://www.kaigokensaku.mhlw.go.jp/12/index.php?action_kouhyou_detail_004_kani=true&JigyosyoCd=1271703017-00&ServiceCd=430&Type=search" }, "geometry": { "type": "Point", "coordinates": [ 140.23152540000001, 35.7238864 ] } },
{ "type": "Feature", "properties": { "内容": "居宅介護支援事業所ケアプランモアナ【居宅介護支援】千葉県佐倉市羽鳥1117番地", "url2": "https://www.kaigokensaku.mhlw.go.jp/12/index.php?action_kouhyou_detail_004_kani=true&JigyosyoCd=1271702522-00&ServiceCd=430&Type=search" }, "geometry": { "type": "Point", "coordinates": [ 140.201427800000033, 35.7114618 ] } },
{ "type": "Feature", "properties": { "内容": "ケアステーションひまわり王子台【居宅介護支援】千葉県佐倉市生谷1613-93階", "url2": "https://www.kaigokensaku.mhlw.go.jp/12/index.php?action_kouhyou_detail_004_kani=true&JigyosyoCd=1271701219-00&ServiceCd=430&Type=search" }, "geometry": { "type": "Point", "coordinates": [ 140.18120110000001, 35.721964299999989 ] } },
{ "type": "Feature", "properties": { "内容": "居宅支援事業所　介護のアップル【居宅介護支援】千葉県東金市上谷3035", "url2": "https://www.kaigokensaku.mhlw.go.jp/12/index.php?action_kouhyou_detail_004_kani=true&JigyosyoCd=1271801464-00&ServiceCd=430&Type=search" }, "geometry": { "type": "Point", "coordinates": [ 140.361299199999962, 35.5244203 ] } },
{ "type": "Feature", "properties": { "内容": "居宅介護支援事業所れんげ草【居宅介護支援】千葉県東金市東岩崎11-5フォンテ東金102", "url2": "https://www.kaigokensaku.mhlw.go.jp/12/index.php?action_kouhyou_detail_004_kani=true&JigyosyoCd=1271801233-00&ServiceCd=430&Type=search" }, "geometry": { "type": "Point", "coordinates": [ 140.364251, 35.5574053 ] } },
{ "type": "Feature", "properties": { "内容": "介護老人保健施設あさいケアセンター【居宅介護支援】千葉県東金市家徳157-1", "url2": "https://www.kaigokensaku.mhlw.go.jp/12/index.php?action_kouhyou_detail_004_kani=true&JigyosyoCd=1250880013-00&ServiceCd=430&Type=search" }, "geometry": { "type": "Point", "coordinates": [ 140.395722500000034, 35.5463378 ] } },
{ "type": "Feature", "properties": { "内容": "ケアステーションコイノニア【居宅介護支援】千葉県東金市家之子１６７１－１５", "url2": "https://www.kaigokensaku.mhlw.go.jp/12/index.php?action_kouhyou_detail_004_kani=true&JigyosyoCd=1271800755-00&ServiceCd=430&Type=search" }, "geometry": { "type": "Point", "coordinates": [ 140.379828099999912, 35.5961342 ] } },
{ "type": "Feature", "properties": { "内容": "ケアプラン水仙【居宅介護支援】千葉県東金市田間2-23-14", "url2": "https://www.kaigokensaku.mhlw.go.jp/12/index.php?action_kouhyou_detail_004_kani=true&JigyosyoCd=1271801035-00&ServiceCd=430&Type=search" }, "geometry": { "type": "Point", "coordinates": [ 140.370771900000022, 35.5659681 ] } },
{ "type": "Feature", "properties": { "内容": "居宅介護支援センターゆりの木苑【居宅介護支援】千葉県東金市家徳７５６－２", "url2": "https://www.kaigokensaku.mhlw.go.jp/12/index.php?action_kouhyou_detail_004_kani=true&JigyosyoCd=1271800029-00&ServiceCd=430&Type=search" }, "geometry": { "type": "Point", "coordinates": [ 140.4014575, 35.5510455 ] } },
{ "type": "Feature", "properties": { "内容": "芙蓉荘　居宅介護支援事業所【居宅介護支援】千葉県東金市家之子2010-3", "url2": "https://www.kaigokensaku.mhlw.go.jp/12/index.php?action_kouhyou_detail_004_kani=true&JigyosyoCd=1271800037-00&ServiceCd=430&Type=search" }, "geometry": { "type": "Point", "coordinates": [ 140.376603400000022, 35.598881 ] } },
{ "type": "Feature", "properties": { "内容": "居宅介護支援事業所　咲顔【居宅介護支援】千葉県東金市東金1371-1", "url2": "https://www.kaigokensaku.mhlw.go.jp/12/index.php?action_kouhyou_detail_004_kani=true&JigyosyoCd=1271800490-00&ServiceCd=430&Type=search" }, "geometry": { "type": "Point", "coordinates": [ 140.357776599999966, 35.5595299 ] } },
{ "type": "Feature", "properties": { "内容": "ヘルパーステーション温【居宅介護支援】千葉県東金市田間７５８－１", "url2": "https://www.kaigokensaku.mhlw.go.jp/12/index.php?action_kouhyou_detail_004_kani=true&JigyosyoCd=1271800136-00&ServiceCd=430&Type=search" }, "geometry": { "type": "Point", "coordinates": [ 140.376223699999969, 35.5709813 ] } },
{ "type": "Feature", "properties": { "内容": "マーチン介護サービス東金【居宅介護支援】千葉県東金市南上宿４－９", "url2": "https://www.kaigokensaku.mhlw.go.jp/12/index.php?action_kouhyou_detail_004_kani=true&JigyosyoCd=1271800276-00&ServiceCd=430&Type=search" }, "geometry": { "type": "Point", "coordinates": [ 140.360607100000038, 35.5550666 ] } },
{ "type": "Feature", "properties": { "内容": "居宅介護支援事業所福福の里【居宅介護支援】千葉県東金市極楽寺字松山１６３番１", "url2": "https://www.kaigokensaku.mhlw.go.jp/12/index.php?action_kouhyou_detail_004_kani=true&JigyosyoCd=1271801183-00&ServiceCd=430&Type=search" }, "geometry": { "type": "Point", "coordinates": [ 140.326989430606091, 35.626769904134903 ] } },
{ "type": "Feature", "properties": { "内容": "居宅介護支援事業所くつろぎの家【居宅介護支援】千葉県東金市藤下飛地818番地9", "url2": "https://www.kaigokensaku.mhlw.go.jp/12/index.php?action_kouhyou_detail_004_kani=true&JigyosyoCd=1271801068-00&ServiceCd=430&Type=search" }, "geometry": { "type": "Point", "coordinates": [ 140.391031431613101, 35.531519573071456 ] } },
{ "type": "Feature", "properties": { "内容": "指定居宅介護支援事業所白樺【居宅介護支援】千葉県東金市南上宿6-3", "url2": "https://www.kaigokensaku.mhlw.go.jp/12/index.php?action_kouhyou_detail_004_kani=true&JigyosyoCd=1271800474-00&ServiceCd=430&Type=search" }, "geometry": { "type": "Point", "coordinates": [ 140.362034699999981, 35.5553916 ] } },
{ "type": "Feature", "properties": { "内容": "ヤックスケアプラン東金田間【居宅介護支援】千葉県東金市田間3-24-15", "url2": "https://www.kaigokensaku.mhlw.go.jp/12/index.php?action_kouhyou_detail_004_kani=true&JigyosyoCd=1271800615-00&ServiceCd=430&Type=search" }, "geometry": { "type": "Point", "coordinates": [ 140.376756998147556, 35.568779173576644 ] } },
{ "type": "Feature", "properties": { "内容": "セントケア東金【居宅介護支援】千葉県東金市東上宿１－３－１７", "url2": "https://www.kaigokensaku.mhlw.go.jp/12/index.php?action_kouhyou_detail_004_kani=true&JigyosyoCd=1271800763-00&ServiceCd=430&Type=search" }, "geometry": { "type": "Point", "coordinates": [ 140.362570600000026, 35.5580079 ] } },
{ "type": "Feature", "properties": { "内容": "居宅介護支援事業所メリア【居宅介護支援】千葉県東金市日吉台7丁目17番地1", "url2": "https://www.kaigokensaku.mhlw.go.jp/12/index.php?action_kouhyou_detail_004_kani=true&JigyosyoCd=1271801357-00&ServiceCd=430&Type=search" }, "geometry": { "type": "Point", "coordinates": [ 140.351726500000041, 35.5748445 ] } },
{ "type": "Feature", "properties": { "内容": "ヒバリ相談支援事業所【居宅介護支援】千葉県旭市西足洗3321-3", "url2": "https://www.kaigokensaku.mhlw.go.jp/12/index.php?action_kouhyou_detail_004_kani=true&JigyosyoCd=1272000397-00&ServiceCd=430&Type=search" }, "geometry": { "type": "Point", "coordinates": [ 140.664237599999979, 35.7112521 ] } },
{ "type": "Feature", "properties": { "内容": "介護老人保健施設シルバーケアセンター【居宅介護支援】千葉県旭市イ1307番地", "url2": "https://www.kaigokensaku.mhlw.go.jp/12/index.php?action_kouhyou_detail_004_kani=true&JigyosyoCd=1272000751-00&ServiceCd=430&Type=search" }, "geometry": { "type": "Point", "coordinates": [ 140.6646316, 35.716568 ] } },
{ "type": "Feature", "properties": { "内容": "Toyosin旭介護支援相談室【居宅介護支援】千葉県旭市　イ171-1", "url2": "https://www.kaigokensaku.mhlw.go.jp/12/index.php?action_kouhyou_detail_004_kani=true&JigyosyoCd=1272000801-00&ServiceCd=430&Type=search" }, "geometry": { "type": "Point", "coordinates": [ 140.6761636, 35.7214842 ] } },
{ "type": "Feature", "properties": { "内容": "居宅介護支援事業所太陽【居宅介護支援】千葉県旭市見広５番地１", "url2": "https://www.kaigokensaku.mhlw.go.jp/12/index.php?action_kouhyou_detail_004_kani=true&JigyosyoCd=1272000827-00&ServiceCd=430&Type=search" }, "geometry": { "type": "Point", "coordinates": [ 140.694681100000025, 35.7334776 ] } },
{ "type": "Feature", "properties": { "内容": "ＪＡちばみどり居宅介護支援事業所【居宅介護支援】千葉県旭市鎌数９４０８－４", "url2": "https://www.kaigokensaku.mhlw.go.jp/12/index.php?action_kouhyou_detail_004_kani=true&JigyosyoCd=1272000462-00&ServiceCd=430&Type=search" }, "geometry": { "type": "Point", "coordinates": [ 140.606500899999986, 35.7210832 ] } },
{ "type": "Feature", "properties": { "内容": "恵天堂指定居宅介護支援事業所【居宅介護支援】千葉県旭市蛇園2532", "url2": "https://www.kaigokensaku.mhlw.go.jp/12/index.php?action_kouhyou_detail_004_kani=true&JigyosyoCd=1275400016-00&ServiceCd=430&Type=search" }, "geometry": { "type": "Point", "coordinates": [ 140.7040584, 35.7191268 ] } },
{ "type": "Feature", "properties": { "内容": "ケアプランセンター輝【居宅介護支援】千葉県旭市ニ１８３４番地１", "url2": "https://www.kaigokensaku.mhlw.go.jp/12/index.php?action_kouhyou_detail_004_kani=true&JigyosyoCd=1272000876-00&ServiceCd=430&Type=search" }, "geometry": { "type": "Point", "coordinates": [ 140.6456182, 35.7226556 ] } },
{ "type": "Feature", "properties": { "内容": "楽天堂居宅介護支援事業所旭【居宅介護支援】千葉県旭市イ1662-4", "url2": "https://www.kaigokensaku.mhlw.go.jp/12/index.php?action_kouhyou_detail_004_kani=true&JigyosyoCd=1275500062-00&ServiceCd=430&Type=search" }, "geometry": { "type": "Point", "coordinates": [ 140.663803700000017, 35.7202897 ] } },
{ "type": "Feature", "properties": { "内容": "あいの樹支援センター【居宅介護支援】千葉県旭市ニ5970-45", "url2": "https://www.kaigokensaku.mhlw.go.jp/12/index.php?action_kouhyou_detail_004_kani=true&JigyosyoCd=1272000504-00&ServiceCd=430&Type=search" }, "geometry": { "type": "Point", "coordinates": [ 140.621469199999979, 35.718683699999985 ] } },
{ "type": "Feature", "properties": { "内容": "やすらぎ園在宅介護支援センター【居宅介護支援】千葉県旭市イ３９２５番２", "url2": "https://www.kaigokensaku.mhlw.go.jp/12/index.php?action_kouhyou_detail_004_kani=true&JigyosyoCd=1272000025-00&ServiceCd=430&Type=search" }, "geometry": { "type": "Point", "coordinates": [ 140.672208100000034, 35.7261307 ] } },
{ "type": "Feature", "properties": { "内容": "ケアプランふくろう【居宅介護支援】千葉県旭市江ケ崎973-1", "url2": "https://www.kaigokensaku.mhlw.go.jp/12/index.php?action_kouhyou_detail_004_kani=true&JigyosyoCd=1272000611-00&ServiceCd=430&Type=search" }, "geometry": { "type": "Point", "coordinates": [ 140.659787733574717, 35.73353985395444 ] } },
{ "type": "Feature", "properties": { "内容": "ロザリオ高齢者支援センター【居宅介護支援】千葉県旭市野中3820-12", "url2": "https://www.kaigokensaku.mhlw.go.jp/12/index.php?action_kouhyou_detail_004_kani=true&JigyosyoCd=1272000017-00&ServiceCd=430&Type=search" }, "geometry": { "type": "Point", "coordinates": [ 140.6826026, 35.7050946 ] } },
{ "type": "Feature", "properties": { "内容": "居宅介護支援事業所　真ごころ【居宅介護支援】千葉県旭市野中4230番地26", "url2": "https://www.kaigokensaku.mhlw.go.jp/12/index.php?action_kouhyou_detail_004_kani=true&JigyosyoCd=1272000900-00&ServiceCd=430&Type=search" }, "geometry": { "type": "Point", "coordinates": [ 140.6767261, 35.6970848 ] } },
{ "type": "Feature", "properties": { "内容": "おれんじサポートあさひ【居宅介護支援】千葉県旭市横根1306番地", "url2": "https://www.kaigokensaku.mhlw.go.jp/12/index.php?action_kouhyou_detail_004_kani=true&JigyosyoCd=1272000975-00&ServiceCd=430&Type=search" }, "geometry": { "type": "Point", "coordinates": [ 140.713793539286769, 35.703965852710958 ] } },
{ "type": "Feature", "properties": { "内容": "ヤックスケアセンター旭【居宅介護支援】千葉県旭市入野703-1", "url2": "https://www.kaigokensaku.mhlw.go.jp/12/index.php?action_kouhyou_detail_004_kani=true&JigyosyoCd=1272000249-00&ServiceCd=430&Type=search" }, "geometry": { "type": "Point", "coordinates": [ 140.626816599999984, 35.7663837 ] } },
{ "type": "Feature", "properties": { "内容": "ケアプランみぎわ【居宅介護支援】千葉県旭市鎌数１９３２番地１", "url2": "https://www.kaigokensaku.mhlw.go.jp/12/index.php?action_kouhyou_detail_004_kani=true&JigyosyoCd=1272000447-00&ServiceCd=430&Type=search" }, "geometry": { "type": "Point", "coordinates": [ 140.624986673832694, 35.737085255885006 ] } },
{ "type": "Feature", "properties": { "内容": "たなべ在宅支援センター【居宅介護支援】千葉県旭市ロ818-3介護老人保健施設すこやかリハビリ・ケアセンター内", "url2": "https://www.kaigokensaku.mhlw.go.jp/12/index.php?action_kouhyou_detail_004_kani=true&JigyosyoCd=1272000041-00&ServiceCd=430&Type=search" }, "geometry": { "type": "Point", "coordinates": [ 140.654024199999981, 35.7177288 ] } },
{ "type": "Feature", "properties": { "内容": "マーガレットケアプラン【居宅介護支援】千葉県習志野市実籾1－24－1", "url2": "https://www.kaigokensaku.mhlw.go.jp/12/index.php?action_kouhyou_detail_004_kani=true&JigyosyoCd=1272101930-00&ServiceCd=430&Type=search" }, "geometry": { "type": "Point", "coordinates": [ 140.0661414, 35.6887742 ] } },
{ "type": "Feature", "properties": { "内容": "レンティケアサービス習志野【居宅介護支援】千葉県習志野市芝園２－６－７", "url2": "https://www.kaigokensaku.mhlw.go.jp/12/index.php?action_kouhyou_detail_004_kani=true&JigyosyoCd=1272100866-00&ServiceCd=430&Type=search" }, "geometry": { "type": "Point", "coordinates": [ 140.021151599999939, 35.6586295 ] } },
{ "type": "Feature", "properties": { "内容": "居宅介護支援事業者習志野東部【居宅介護支援】千葉県習志野市屋敷４-６-６習志野市東部保険福祉センター", "url2": "https://www.kaigokensaku.mhlw.go.jp/12/index.php?action_kouhyou_detail_004_kani=true&JigyosyoCd=1272100361-00&ServiceCd=430&Type=search" }, "geometry": { "type": "Point", "coordinates": [ 140.061097600000068, 35.6816083 ] } },
{ "type": "Feature", "properties": { "内容": "居宅介護支援事業所あろんぐらいふ【居宅介護支援】千葉県習志野市大久保４－３－７", "url2": "https://www.kaigokensaku.mhlw.go.jp/12/index.php?action_kouhyou_detail_004_kani=true&JigyosyoCd=1272100544-00&ServiceCd=430&Type=search" }, "geometry": { "type": "Point", "coordinates": [ 140.05305640000006, 35.6910987 ] } },
{ "type": "Feature", "properties": { "内容": "居宅介護支援事業所ひだまり【居宅介護支援】千葉県習志野市谷津5-5-3ステージエイト北棟１階", "url2": "https://www.kaigokensaku.mhlw.go.jp/12/index.php?action_kouhyou_detail_004_kani=true&JigyosyoCd=1272101021-00&ServiceCd=430&Type=search" }, "geometry": { "type": "Point", "coordinates": [ 140.006971799999974, 35.685978899999974 ] } },
{ "type": "Feature", "properties": { "内容": "わかるかいご相談センター実籾【居宅介護支援】千葉県習志野市実籾4-3-35横川ビル205号室", "url2": "https://www.kaigokensaku.mhlw.go.jp/12/index.php?action_kouhyou_detail_004_kani=true&JigyosyoCd=1272102334-00&ServiceCd=430&Type=search" }, "geometry": { "type": "Point", "coordinates": [ 140.0695373, 35.6882906 ] } },
{ "type": "Feature", "properties": { "内容": "ケアステーション輝【居宅介護支援】千葉県習志野市谷津3-19-11", "url2": "https://www.kaigokensaku.mhlw.go.jp/12/index.php?action_kouhyou_detail_004_kani=true&JigyosyoCd=1272101187-00&ServiceCd=430&Type=search" }, "geometry": { "type": "Point", "coordinates": [ 140.003567174090676, 35.682697382563397 ] } },
{ "type": "Feature", "properties": { "内容": "ケアプランあかしや【居宅介護支援】千葉県習志野市東習志野3-12-1", "url2": "https://www.kaigokensaku.mhlw.go.jp/12/index.php?action_kouhyou_detail_004_kani=true&JigyosyoCd=1272101161-00&ServiceCd=430&Type=search" }, "geometry": { "type": "Point", "coordinates": [ 140.0718435, 35.695657 ] } },
{ "type": "Feature", "properties": { "内容": "居宅介護支援センターブレーメン習志野【居宅介護支援】千葉県習志野市東習志野２-１０-３", "url2": "https://www.kaigokensaku.mhlw.go.jp/12/index.php?action_kouhyou_detail_004_kani=true&JigyosyoCd=1272101245-00&ServiceCd=430&Type=search" }, "geometry": { "type": "Point", "coordinates": [ 140.06843, 35.6930794 ] } },
{ "type": "Feature", "properties": { "内容": "わかるかいご相談センター習志野【居宅介護支援】千葉県習志野市大久保3-11-22ルノールビル６階", "url2": "https://www.kaigokensaku.mhlw.go.jp/12/index.php?action_kouhyou_detail_004_kani=true&JigyosyoCd=1272102326-00&ServiceCd=430&Type=search" }, "geometry": { "type": "Point", "coordinates": [ 140.0499106, 35.6897326 ] } },
{ "type": "Feature", "properties": { "内容": "ライフサポートかたつむり【居宅介護支援】千葉県習志野市津田沼5-12-12サンロード津田沼3F", "url2": "https://www.kaigokensaku.mhlw.go.jp/12/index.php?action_kouhyou_detail_004_kani=true&JigyosyoCd=1272100809-00&ServiceCd=430&Type=search" }, "geometry": { "type": "Point", "coordinates": [ 140.024019100000032, 35.6835118 ] } },
{ "type": "Feature", "properties": { "内容": "医療法人社団愛友会介護老人保健施設ケアセンター習志野【居宅介護支援】千葉県習志野市秋津3-5-2", "url2": "https://www.kaigokensaku.mhlw.go.jp/12/index.php?action_kouhyou_detail_004_kani=true&JigyosyoCd=1250280016-00&ServiceCd=430&Type=search" }, "geometry": { "type": "Point", "coordinates": [ 140.017968500000052, 35.6690449 ] } },
{ "type": "Feature", "properties": { "内容": "指定居宅支援事業所　習志野偕生園【居宅介護支援】千葉県習志野市新栄1-10-2", "url2": "https://www.kaigokensaku.mhlw.go.jp/12/index.php?action_kouhyou_detail_004_kani=true&JigyosyoCd=1272100056-00&ServiceCd=430&Type=search" }, "geometry": { "type": "Point", "coordinates": [ 140.0623501, 35.6898463 ] } },
{ "type": "Feature", "properties": { "内容": "ケアプランぽっかぽか【居宅介護支援】千葉県習志野市谷津5-21-2", "url2": "https://www.kaigokensaku.mhlw.go.jp/12/index.php?action_kouhyou_detail_004_kani=true&JigyosyoCd=1272100692-00&ServiceCd=430&Type=search" }, "geometry": { "type": "Point", "coordinates": [ 140.0094798, 35.6901257 ] } },
{ "type": "Feature", "properties": { "内容": "ケアプラン　菜の花【居宅介護支援】千葉県習志野市津田沼5-4-30メゾンプティ", "url2": "https://www.kaigokensaku.mhlw.go.jp/12/index.php?action_kouhyou_detail_004_kani=true&JigyosyoCd=1272101120-00&ServiceCd=430&Type=search" }, "geometry": { "type": "Point", "coordinates": [ 140.024792621914287, 35.679913439070162 ] } },
{ "type": "Feature", "properties": { "内容": "SOMPOケア習志野大久保居宅介護支援【居宅介護支援】千葉県習志野市大久保2-7-28MST習志野3階", "url2": "https://www.kaigokensaku.mhlw.go.jp/12/index.php?action_kouhyou_detail_004_kani=true&JigyosyoCd=1272102094-00&ServiceCd=430&Type=search" }, "geometry": { "type": "Point", "coordinates": [ 140.050974343502133, 35.686482013849179 ] } },
{ "type": "Feature", "properties": { "内容": "いしいさん家の介護相談室【居宅介護支援】千葉県習志野市東習志野5-23-1", "url2": "https://www.kaigokensaku.mhlw.go.jp/12/index.php?action_kouhyou_detail_004_kani=true&JigyosyoCd=1272101294-00&ServiceCd=430&Type=search" }, "geometry": { "type": "Point", "coordinates": [ 140.077654100000018, 35.6931185 ] } },
{ "type": "Feature", "properties": { "内容": "居宅介護支援事業所りはびりくらぶ【居宅介護支援】千葉県習志野市実籾４－１３－７アイレットＥ・１階", "url2": "https://www.kaigokensaku.mhlw.go.jp/12/index.php?action_kouhyou_detail_004_kani=true&JigyosyoCd=1272101641-00&ServiceCd=430&Type=search" }, "geometry": { "type": "Point", "coordinates": [ 140.069882799999959, 35.6881299 ] } },
{ "type": "Feature", "properties": { "内容": "ファーストステージ習志野【居宅介護支援】千葉県習志野市大久保2-17-17", "url2": "https://www.kaigokensaku.mhlw.go.jp/12/index.php?action_kouhyou_detail_004_kani=true&JigyosyoCd=1272101138-00&ServiceCd=430&Type=search" }, "geometry": { "type": "Point", "coordinates": [ 140.057780644519056, 35.687746642288957 ] } },
{ "type": "Feature", "properties": { "内容": "かがやきの郷福楽園居宅介護支援事業所【居宅介護支援】千葉県習志野市東習志野1-1-20", "url2": "https://www.kaigokensaku.mhlw.go.jp/12/index.php?action_kouhyou_detail_004_kani=true&JigyosyoCd=1272100957-00&ServiceCd=430&Type=search" }, "geometry": { "type": "Point", "coordinates": [ 140.063769327341902, 35.694639505039866 ] } },
{ "type": "Feature", "properties": { "内容": "セイワ習志野ケアプランセンター【居宅介護支援】千葉県習志野市秋津3-5-3", "url2": "https://www.kaigokensaku.mhlw.go.jp/12/index.php?action_kouhyou_detail_004_kani=true&JigyosyoCd=1272100213-00&ServiceCd=430&Type=search" }, "geometry": { "type": "Point", "coordinates": [ 140.017221400000039, 35.668681 ] } },
{ "type": "Feature", "properties": { "内容": "ケアプラン秋津【居宅介護支援】千葉県習志野市秋津5-5-3-101", "url2": "https://www.kaigokensaku.mhlw.go.jp/12/index.php?action_kouhyou_detail_004_kani=true&JigyosyoCd=1272101799-00&ServiceCd=430&Type=search" }, "geometry": { "type": "Point", "coordinates": [ 140.00733880000007, 35.6745359 ] } },
{ "type": "Feature", "properties": { "内容": "マイプランならしの居宅介護支援事業所【居宅介護支援】千葉県習志野市谷津4-6-10", "url2": "https://www.kaigokensaku.mhlw.go.jp/12/index.php?action_kouhyou_detail_004_kani=true&JigyosyoCd=1272101609-00&ServiceCd=430&Type=search" }, "geometry": { "type": "Point", "coordinates": [ 140.006434323204644, 35.684188761904458 ] } },
{ "type": "Feature", "properties": { "内容": "ならしの地域福祉事業所　ケアプランぬくもり【居宅介護支援】千葉県習志野市大久保２－１－１７丸山ビル１０１", "url2": "https://www.kaigokensaku.mhlw.go.jp/12/index.php?action_kouhyou_detail_004_kani=true&JigyosyoCd=1272102151-00&ServiceCd=430&Type=search" }, "geometry": { "type": "Point", "coordinates": [ 140.052065, 35.686024 ] } },
{ "type": "Feature", "properties": { "内容": "ひばりサービス習志野センター【居宅介護支援】千葉県習志野市本大久保5-1-3YKマンション1F", "url2": "https://www.kaigokensaku.mhlw.go.jp/12/index.php?action_kouhyou_detail_004_kani=true&JigyosyoCd=1272102102-00&ServiceCd=430&Type=search" }, "geometry": { "type": "Point", "coordinates": [ 140.049554100000023, 35.6853734 ] } },
{ "type": "Feature", "properties": { "内容": "津田沼中央総合病院【居宅介護支援】千葉県習志野市谷津１丁目９番１７号", "url2": "https://www.kaigokensaku.mhlw.go.jp/12/index.php?action_kouhyou_detail_004_kani=true&JigyosyoCd=1210210518-00&ServiceCd=430&Type=search" }, "geometry": { "type": "Point", "coordinates": [ 140.018565200000012, 35.6868594 ] } },
{ "type": "Feature", "properties": { "内容": "ケアプラン津田沼【居宅介護支援】千葉県習志野市藤崎4-10-8", "url2": "https://www.kaigokensaku.mhlw.go.jp/12/index.php?action_kouhyou_detail_004_kani=true&JigyosyoCd=1272102441-00&ServiceCd=430&Type=search" }, "geometry": { "type": "Point", "coordinates": [ 140.0365327, 35.693559 ] } },
{ "type": "Feature", "properties": { "内容": "グランマサポート合同会社【居宅介護支援】千葉県習志野市袖ケ浦６丁目１１番１４号グランマサポート合同会社", "url2": "https://www.kaigokensaku.mhlw.go.jp/12/index.php?action_kouhyou_detail_004_kani=true&JigyosyoCd=1272102219-00&ServiceCd=430&Type=search" }, "geometry": { "type": "Point", "coordinates": [ 140.0302159, 35.6672199 ] } },
{ "type": "Feature", "properties": { "内容": "ケアプラン・ホームグランド【居宅介護支援】千葉県習志野市津田沼7-1-102階", "url2": "https://www.kaigokensaku.mhlw.go.jp/12/index.php?action_kouhyou_detail_004_kani=true&JigyosyoCd=1272102417-00&ServiceCd=430&Type=search" }, "geometry": { "type": "Point", "coordinates": [ 140.0193869, 35.678238 ] } },
{ "type": "Feature", "properties": { "内容": "オンリーケアプラン【居宅介護支援】千葉県習志野市香澄６－１５－１８", "url2": "https://www.kaigokensaku.mhlw.go.jp/12/index.php?action_kouhyou_detail_004_kani=true&JigyosyoCd=1272102169-00&ServiceCd=430&Type=search" }, "geometry": { "type": "Point", "coordinates": [ 140.0179833, 35.6670009 ] } },
{ "type": "Feature", "properties": { "内容": "ケアプランセンターフォレスト津田沼【居宅介護支援】千葉県習志野市鷺沼台2-19-25ツヴァイＣ号室", "url2": "https://www.kaigokensaku.mhlw.go.jp/12/index.php?action_kouhyou_detail_004_kani=true&JigyosyoCd=1272101765-00&ServiceCd=430&Type=search" }, "geometry": { "type": "Point", "coordinates": [ 140.0385499, 35.68395610000001 ] } },
{ "type": "Feature", "properties": { "内容": "さぎぬま介護相談室【居宅介護支援】千葉県習志野市鷺沼台3-16-43メゾン鷺沼台A棟101", "url2": "https://www.kaigokensaku.mhlw.go.jp/12/index.php?action_kouhyou_detail_004_kani=true&JigyosyoCd=1272101955-00&ServiceCd=430&Type=search" }, "geometry": { "type": "Point", "coordinates": [ 140.034019831265482, 35.679230906530094 ] } },
{ "type": "Feature", "properties": { "内容": "宝ケアプラン【居宅介護支援】千葉県習志野市津田沼７－５－１６", "url2": "https://www.kaigokensaku.mhlw.go.jp/12/index.php?action_kouhyou_detail_004_kani=true&JigyosyoCd=1272100908-00&ServiceCd=430&Type=search" }, "geometry": { "type": "Point", "coordinates": [ 140.02017920000003, 35.678702 ] } },
{ "type": "Feature", "properties": { "内容": "習一ケアプランセンター【居宅介護支援】千葉県習志野市津田沼5丁目４番１５号コールポニョポニョ　3F", "url2": "https://www.kaigokensaku.mhlw.go.jp/12/index.php?action_kouhyou_detail_004_kani=true&JigyosyoCd=1272101542-00&ServiceCd=430&Type=search" }, "geometry": { "type": "Point", "coordinates": [ 140.024423806746, 35.680873272201858 ] } },
{ "type": "Feature", "properties": { "内容": "ケアプラン善庵～よしあん～【居宅介護支援】千葉県習志野市東習志野5-5-5", "url2": "https://www.kaigokensaku.mhlw.go.jp/12/index.php?action_kouhyou_detail_004_kani=true&JigyosyoCd=1272102490-00&ServiceCd=430&Type=search" }, "geometry": { "type": "Point", "coordinates": [ 140.077550800000012, 35.6903203 ] } },
{ "type": "Feature", "properties": { "内容": "ケアプランセンター　実籾パークサイドテラス【居宅介護支援】千葉県習志野市実籾本郷23番8号", "url2": "https://www.kaigokensaku.mhlw.go.jp/12/index.php?action_kouhyou_detail_004_kani=true&JigyosyoCd=1272102649-00&ServiceCd=430&Type=search" }, "geometry": { "type": "Point", "coordinates": [ 140.0619318, 35.6828461 ] } },
{ "type": "Feature", "properties": { "内容": "望陽荘ひまわり相談室指定居宅介護支援事業所【居宅介護支援】千葉県柏市みどり台１－３－１", "url2": "https://www.kaigokensaku.mhlw.go.jp/12/index.php?action_kouhyou_detail_004_kani=true&JigyosyoCd=1272200625-00&ServiceCd=430&Type=search" }, "geometry": { "type": "Point", "coordinates": [ 139.920126799999906, 35.9009104 ] } },
{ "type": "Feature", "properties": { "内容": "ひびきの会居宅介護支援事業所【居宅介護支援】千葉県柏市逆井藤ノ台26", "url2": "https://www.kaigokensaku.mhlw.go.jp/12/index.php?action_kouhyou_detail_004_kani=true&JigyosyoCd=1272205590-00&ServiceCd=430&Type=search" }, "geometry": { "type": "Point", "coordinates": [ 139.986753200000066, 35.8219502 ] } },
{ "type": "Feature", "properties": { "内容": "ふるさとケアプランセンター柏【居宅介護支援】千葉県柏市松葉町2−1−21", "url2": "https://www.kaigokensaku.mhlw.go.jp/12/index.php?action_kouhyou_detail_004_kani=true&JigyosyoCd=1272207117-00&ServiceCd=430&Type=search" }, "geometry": { "type": "Point", "coordinates": [ 139.981483300000036, 35.8828514 ] } },
{ "type": "Feature", "properties": { "内容": "グッドケアしいの木台居宅介護支援事業所【居宅介護支援】千葉県柏市しいの木台2-7-7", "url2": "https://www.kaigokensaku.mhlw.go.jp/12/index.php?action_kouhyou_detail_004_kani=true&JigyosyoCd=1272206135-00&ServiceCd=430&Type=search" }, "geometry": { "type": "Point", "coordinates": [ 139.9842433, 35.8057886 ] } },
{ "type": "Feature", "properties": { "内容": "もも太郎居宅介護支援事業所【居宅介護支援】柏市根戸高野台471-3-101", "url2": "https://www.kaigokensaku.mhlw.go.jp/12/index.php?action_kouhyou_detail_004_kani=true&JigyosyoCd=1272201318-00&ServiceCd=430&Type=search" }, "geometry": { "type": "Point", "coordinates": [ 139.9862042, 35.8822399 ] } },
{ "type": "Feature", "properties": { "内容": "アプリシェイトケアプランセンター【居宅介護支援】千葉県柏市南柏1-2-7南柏プラザビル501", "url2": "https://www.kaigokensaku.mhlw.go.jp/12/index.php?action_kouhyou_detail_004_kani=true&JigyosyoCd=1272204262-00&ServiceCd=430&Type=search" }, "geometry": { "type": "Point", "coordinates": [ 139.95293659999993, 35.844399200000019 ] } },
{ "type": "Feature", "properties": { "内容": "ほほえみ居宅介護支援事業所【居宅介護支援】千葉県柏市高柳新田２番３６", "url2": "https://www.kaigokensaku.mhlw.go.jp/12/index.php?action_kouhyou_detail_004_kani=true&JigyosyoCd=1272203165-00&ServiceCd=430&Type=search" }, "geometry": { "type": "Point", "coordinates": [ 139.992420573016346, 35.809303455663695 ] } },
{ "type": "Feature", "properties": { "内容": "居宅介護支援事業所柏陽光園【居宅介護支援】千葉県柏市酒井根393-1", "url2": "https://www.kaigokensaku.mhlw.go.jp/12/index.php?action_kouhyou_detail_004_kani=true&JigyosyoCd=1272208057-00&ServiceCd=430&Type=search" }, "geometry": { "type": "Point", "coordinates": [ 139.949480373541263, 35.826375661410523 ] } },
{ "type": "Feature", "properties": { "内容": "ケアプランむすぶ【居宅介護支援】千葉県柏市豊上町9-19パレット豊上204", "url2": "https://www.kaigokensaku.mhlw.go.jp/12/index.php?action_kouhyou_detail_004_kani=true&JigyosyoCd=1272208032-00&ServiceCd=430&Type=search" }, "geometry": { "type": "Point", "coordinates": [ 139.9532231, 35.8589073 ] } },
{ "type": "Feature", "properties": { "内容": "居宅介護支援事業所とよしきだい【居宅介護支援】千葉県柏市豊四季台1-3-1", "url2": "https://www.kaigokensaku.mhlw.go.jp/12/index.php?action_kouhyou_detail_004_kani=true&JigyosyoCd=1272208081-00&ServiceCd=430&Type=search" }, "geometry": { "type": "Point", "coordinates": [ 139.956917800000014, 35.8656283 ] } },
{ "type": "Feature", "properties": { "内容": "柏こひつじ園居宅介護支援事業所【居宅介護支援】千葉県柏市豊四季台三丁目1番4号", "url2": "https://www.kaigokensaku.mhlw.go.jp/12/index.php?action_kouhyou_detail_004_kani=true&JigyosyoCd=1272203652-00&ServiceCd=430&Type=search" }, "geometry": { "type": "Point", "coordinates": [ 139.957438599999932, 35.8628599 ] } },
{ "type": "Feature", "properties": { "内容": "マザアス居宅介護支援事業所【居宅介護支援】千葉県柏市緑ヶ丘6-18パインハウス101", "url2": "https://www.kaigokensaku.mhlw.go.jp/12/index.php?action_kouhyou_detail_004_kani=true&JigyosyoCd=1272204783-00&ServiceCd=430&Type=search" }, "geometry": { "type": "Point", "coordinates": [ 139.9683862, 35.851451200000014 ] } },
{ "type": "Feature", "properties": { "内容": "北柏リハビリ総合病院【居宅介護支援】千葉県柏市柏下265", "url2": "https://www.kaigokensaku.mhlw.go.jp/12/index.php?action_kouhyou_detail_004_kani=true&JigyosyoCd=1272200096-00&ServiceCd=430&Type=search" }, "geometry": { "type": "Point", "coordinates": [ 139.9825664, 35.871967500000018 ] } },
{ "type": "Feature", "properties": { "内容": "はみんぐ居宅介護支援事業所【居宅介護支援】千葉県柏市布施１番地３", "url2": "https://www.kaigokensaku.mhlw.go.jp/12/index.php?action_kouhyou_detail_004_kani=true&JigyosyoCd=1272200575-00&ServiceCd=430&Type=search" }, "geometry": { "type": "Point", "coordinates": [ 139.9819324, 35.8928588 ] } },
{ "type": "Feature", "properties": { "内容": "ケアプランときわ【居宅介護支援】千葉県柏市今谷上町40-2AD南柏A-102", "url2": "https://www.kaigokensaku.mhlw.go.jp/12/index.php?action_kouhyou_detail_004_kani=true&JigyosyoCd=1272206937-00&ServiceCd=430&Type=search" }, "geometry": { "type": "Point", "coordinates": [ 139.958284600000013, 35.8409277 ] } },
{ "type": "Feature", "properties": { "内容": "大樹ケアプランセンター柏【居宅介護支援】千葉県柏市松葉町3-2-1出山ビル　１階", "url2": "https://www.kaigokensaku.mhlw.go.jp/12/index.php?action_kouhyou_detail_004_kani=true&JigyosyoCd=1272206382-00&ServiceCd=430&Type=search" }, "geometry": { "type": "Point", "coordinates": [ 139.972525, 35.8875843 ] } },
{ "type": "Feature", "properties": { "内容": "ニチイケアセンター柏【居宅介護支援】千葉県柏市新柏1-13-9ケアプラザ柏", "url2": "https://www.kaigokensaku.mhlw.go.jp/12/index.php?action_kouhyou_detail_004_kani=true&JigyosyoCd=1272200021-00&ServiceCd=430&Type=search" }, "geometry": { "type": "Point", "coordinates": [ 139.967804500000057, 35.8400752 ] } },
{ "type": "Feature", "properties": { "内容": "涼居宅介護支援事業所【居宅介護支援】千葉県柏市西原2-9-1", "url2": "https://www.kaigokensaku.mhlw.go.jp/12/index.php?action_kouhyou_detail_004_kani=true&JigyosyoCd=1272200880-00&ServiceCd=430&Type=search" }, "geometry": { "type": "Point", "coordinates": [ 139.920407809925791, 35.897259479142377 ] } },
{ "type": "Feature", "properties": { "内容": "居宅介護支援事業所ハートかしわ【居宅介護支援】千葉県柏市高田1032番地1", "url2": "https://www.kaigokensaku.mhlw.go.jp/12/index.php?action_kouhyou_detail_004_kani=true&JigyosyoCd=1272203058-00&ServiceCd=430&Type=search" }, "geometry": { "type": "Point", "coordinates": [ 139.9561546, 35.8766549 ] } },
{ "type": "Feature", "properties": { "内容": "ミアヘルサケアプラン柏あけぼの【居宅介護支援】千葉県柏市あけぼの4-3-24", "url2": "https://www.kaigokensaku.mhlw.go.jp/12/index.php?action_kouhyou_detail_004_kani=true&JigyosyoCd=1272205020-00&ServiceCd=430&Type=search" }, "geometry": { "type": "Point", "coordinates": [ 139.970526, 35.8668152 ] } },
{ "type": "Feature", "properties": { "内容": "やさしい手柏たなか居宅介護支援事業所【居宅介護支援】千葉県柏市大室3－17－1", "url2": "https://www.kaigokensaku.mhlw.go.jp/12/index.php?action_kouhyou_detail_004_kani=true&JigyosyoCd=1272207299-00&ServiceCd=430&Type=search" }, "geometry": { "type": "Point", "coordinates": [ 139.9621505, 35.9088299 ] } },
{ "type": "Feature", "properties": { "内容": "オレンジケアステーション【居宅介護支援】千葉県柏市柏1020-13", "url2": "https://www.kaigokensaku.mhlw.go.jp/12/index.php?action_kouhyou_detail_004_kani=true&JigyosyoCd=1272205004-00&ServiceCd=430&Type=search" }, "geometry": { "type": "Point", "coordinates": [ 139.983962941586242, 35.863710877252274 ] } },
{ "type": "Feature", "properties": { "内容": "ひばりサービス増尾センター【居宅介護支援】千葉県柏市増尾台１－１２－６Kビル２階", "url2": "https://www.kaigokensaku.mhlw.go.jp/12/index.php?action_kouhyou_detail_004_kani=true&JigyosyoCd=1272206598-00&ServiceCd=430&Type=search" }, "geometry": { "type": "Point", "coordinates": [ 139.97681190000003, 35.8287086 ] } },
{ "type": "Feature", "properties": { "内容": "プリオ居宅介護支援事業所かしわ【居宅介護支援】千葉県柏市あけぼの３－８－１９サービス付き高齢者向け住宅ユノトレメゾンかしわ併設", "url2": "https://www.kaigokensaku.mhlw.go.jp/12/index.php?action_kouhyou_detail_004_kani=true&JigyosyoCd=1272205384-00&ServiceCd=430&Type=search" }, "geometry": { "type": "Point", "coordinates": [ 139.970984199999947, 35.8703813 ] } },
{ "type": "Feature", "properties": { "内容": "テルウェル東日本柏ケアプランセンタ【居宅介護支援】千葉県柏市旭町3-3-22第5関口ビル101号", "url2": "https://www.kaigokensaku.mhlw.go.jp/12/index.php?action_kouhyou_detail_004_kani=true&JigyosyoCd=1272202662-00&ServiceCd=430&Type=search" }, "geometry": { "type": "Point", "coordinates": [ 139.965014700000012, 35.862643699999985 ] } },
{ "type": "Feature", "properties": { "内容": "やさしい手新柏居宅介護支援事業所【居宅介護支援】千葉県柏市豊住1丁目3-25センチュリ-テラス新柏１F", "url2": "https://www.kaigokensaku.mhlw.go.jp/12/index.php?action_kouhyou_detail_004_kani=true&JigyosyoCd=1272204460-00&ServiceCd=430&Type=search" }, "geometry": { "type": "Point", "coordinates": [ 139.963266100000027, 35.8408945 ] } },
{ "type": "Feature", "properties": { "内容": "東台居宅介護支援事業所【居宅介護支援】千葉県柏市柏1347-17-102", "url2": "https://www.kaigokensaku.mhlw.go.jp/12/index.php?action_kouhyou_detail_004_kani=true&JigyosyoCd=1272207901-00&ServiceCd=430&Type=search" }, "geometry": { "type": "Point", "coordinates": [ 139.989590600000014, 35.8577617 ] } },
{ "type": "Feature", "properties": { "内容": "東京海上日動みずたま介護ＳＴ柏南ケアプランセンター【居宅介護支援】千葉県柏市加賀３－２４－６伊藤ビル３階Ｂ棟", "url2": "https://www.kaigokensaku.mhlw.go.jp/12/index.php?action_kouhyou_detail_004_kani=true&JigyosyoCd=1272205749-00&ServiceCd=430&Type=search" }, "geometry": { "type": "Point", "coordinates": [ 139.976473400000032, 35.8289463 ] } },
{ "type": "Feature", "properties": { "内容": "東京海上日動みずたま介護ＳＴ柏ケアプランセンター【居宅介護支援】千葉県柏市あけぼの2-1-29オーキッドコート２階B", "url2": "https://www.kaigokensaku.mhlw.go.jp/12/index.php?action_kouhyou_detail_004_kani=true&JigyosyoCd=1272205756-00&ServiceCd=430&Type=search" }, "geometry": { "type": "Point", "coordinates": [ 139.968412299999954, 35.8637434 ] } },
{ "type": "Feature", "properties": { "内容": "ケアプランニングセンターマザーズガーデン【居宅介護支援】千葉県柏市布施１１１３－２", "url2": "https://www.kaigokensaku.mhlw.go.jp/12/index.php?action_kouhyou_detail_004_kani=true&JigyosyoCd=1272201557-00&ServiceCd=430&Type=search" }, "geometry": { "type": "Point", "coordinates": [ 140.0034498, 35.8870545 ] } },
{ "type": "Feature", "properties": { "内容": "木下の介護　南柏【居宅介護支援】千葉県柏市今谷上町51-2リアンレーヴ南柏", "url2": "https://www.kaigokensaku.mhlw.go.jp/12/index.php?action_kouhyou_detail_004_kani=true&JigyosyoCd=1272205947-00&ServiceCd=430&Type=search" }, "geometry": { "type": "Point", "coordinates": [ 139.958600499999989, 35.8395458 ] } },
{ "type": "Feature", "properties": { "内容": "癒しのケアプランセンター柏【居宅介護支援】千葉県柏市篠籠田１３８１－１９", "url2": "https://www.kaigokensaku.mhlw.go.jp/12/index.php?action_kouhyou_detail_004_kani=true&JigyosyoCd=1272202357-00&ServiceCd=430&Type=search" }, "geometry": { "type": "Point", "coordinates": [ 139.949683300000061, 35.8709028 ] } },
{ "type": "Feature", "properties": { "内容": "生活クラブ風の村ケアプランセンター柏【居宅介護支援】千葉県柏市東上町２－６久大マンション5階", "url2": "https://www.kaigokensaku.mhlw.go.jp/12/index.php?action_kouhyou_detail_004_kani=true&JigyosyoCd=1272201466-00&ServiceCd=430&Type=search" }, "geometry": { "type": "Point", "coordinates": [ 139.975772799999959, 35.858597199999977 ] } },
{ "type": "Feature", "properties": { "内容": "とねいろ居宅介護支援事業所【居宅介護支援】千葉県柏市西原７丁目６番３号", "url2": "https://www.kaigokensaku.mhlw.go.jp/12/index.php?action_kouhyou_detail_004_kani=true&JigyosyoCd=1272206309-00&ServiceCd=430&Type=search" }, "geometry": { "type": "Point", "coordinates": [ 139.928757000663751, 35.88847335243365 ] } },
{ "type": "Feature", "properties": { "内容": "ケアプランほがらか【居宅介護支援】千葉県柏市豊住１－４－１５", "url2": "https://www.kaigokensaku.mhlw.go.jp/12/index.php?action_kouhyou_detail_004_kani=true&JigyosyoCd=1272203942-00&ServiceCd=430&Type=search" }, "geometry": { "type": "Point", "coordinates": [ 139.9628133, 35.8432996 ] } },
{ "type": "Feature", "properties": { "内容": "ケアパートナー柏・ケアプランセンター【居宅介護支援】千葉県柏市松ヶ崎２３１－１", "url2": "https://www.kaigokensaku.mhlw.go.jp/12/index.php?action_kouhyou_detail_004_kani=true&JigyosyoCd=1272201268-00&ServiceCd=430&Type=search" }, "geometry": { "type": "Point", "coordinates": [ 139.97726199932535, 35.884708932282635 ] } },
{ "type": "Feature", "properties": { "内容": "回生の里居宅介護支援センター【居宅介護支援】千葉県柏市名戸ケ谷９２９－１", "url2": "https://www.kaigokensaku.mhlw.go.jp/12/index.php?action_kouhyou_detail_004_kani=true&JigyosyoCd=1272201102-00&ServiceCd=430&Type=search" }, "geometry": { "type": "Point", "coordinates": [ 139.981139, 35.8456743 ] } },
{ "type": "Feature", "properties": { "内容": "アリス居宅介護支援事業所【居宅介護支援】千葉県柏市西原1-3-8", "url2": "https://www.kaigokensaku.mhlw.go.jp/12/index.php?action_kouhyou_detail_004_kani=true&JigyosyoCd=1272207422-00&ServiceCd=430&Type=search" }, "geometry": { "type": "Point", "coordinates": [ 139.91505760000004, 35.8986696 ] } },
{ "type": "Feature", "properties": { "内容": "八幡苑居宅介護支援センター【居宅介護支援】千葉県柏市篠籠田1386-20", "url2": "https://www.kaigokensaku.mhlw.go.jp/12/index.php?action_kouhyou_detail_004_kani=true&JigyosyoCd=1272200062-00&ServiceCd=430&Type=search" }, "geometry": { "type": "Point", "coordinates": [ 139.947264099999984, 35.869723620276865 ] } },
{ "type": "Feature", "properties": { "内容": "やすらぎ【居宅介護支援】千葉県柏市大室1268番地6", "url2": "https://www.kaigokensaku.mhlw.go.jp/12/index.php?action_kouhyou_detail_004_kani=true&JigyosyoCd=1272200039-00&ServiceCd=430&Type=search" }, "geometry": { "type": "Point", "coordinates": [ 139.965597, 35.9019458 ] } },
{ "type": "Feature", "properties": { "内容": "居宅介護支援事業所ほたる【居宅介護支援】千葉県柏市根戸419-16ｸﾞﾘｰﾝｷｬﾋﾟﾀﾙ北柏604号", "url2": "https://www.kaigokensaku.mhlw.go.jp/12/index.php?action_kouhyou_detail_004_kani=true&JigyosyoCd=1272205780-00&ServiceCd=430&Type=search" }, "geometry": { "type": "Point", "coordinates": [ 139.986423462071201, 35.881056413228457 ] } },
{ "type": "Feature", "properties": { "内容": "沼風苑指定居宅介護支援事業所【居宅介護支援】千葉県柏市箕輪５８５番地", "url2": "https://www.kaigokensaku.mhlw.go.jp/12/index.php?action_kouhyou_detail_004_kani=true&JigyosyoCd=1273800019-00&ServiceCd=430&Type=search" }, "geometry": { "type": "Point", "coordinates": [ 140.0193822, 35.8538042 ] } },
{ "type": "Feature", "properties": { "内容": "みどり居宅介護支援事業所【居宅介護支援】千葉県柏市緑ヶ丘２４－１７", "url2": "https://www.kaigokensaku.mhlw.go.jp/12/index.php?action_kouhyou_detail_004_kani=true&JigyosyoCd=1272201862-00&ServiceCd=430&Type=search" }, "geometry": { "type": "Point", "coordinates": [ 139.9721677, 35.8505818 ] } },
{ "type": "Feature", "properties": { "内容": "居宅ケアサービス和気あいあい【居宅介護支援】千葉県柏市松葉町3丁目２４－７", "url2": "https://www.kaigokensaku.mhlw.go.jp/12/index.php?action_kouhyou_detail_004_kani=true&JigyosyoCd=1272203207-00&ServiceCd=430&Type=search" }, "geometry": { "type": "Point", "coordinates": [ 139.9661829, 35.8864365 ] } },
{ "type": "Feature", "properties": { "内容": "つぼみ・ぷらん【居宅介護支援】千葉県柏市北柏2-15-6第2遠藤ハイツＢ-1", "url2": "https://www.kaigokensaku.mhlw.go.jp/12/index.php?action_kouhyou_detail_004_kani=true&JigyosyoCd=1272206358-00&ServiceCd=430&Type=search" }, "geometry": { "type": "Point", "coordinates": [ 139.990379500000017, 35.8732064 ] } },
{ "type": "Feature", "properties": { "内容": "クオケアプラン柏【居宅介護支援】千葉県柏市鷲野谷1035-4ラプレ柏", "url2": "https://www.kaigokensaku.mhlw.go.jp/12/index.php?action_kouhyou_detail_004_kani=true&JigyosyoCd=1272207331-00&ServiceCd=430&Type=search" }, "geometry": { "type": "Point", "coordinates": [ 140.014494500000012, 35.8417808 ] } },
{ "type": "Feature", "properties": { "内容": "ケアプランまつのい【居宅介護支援】千葉県柏市南逆井4-1-23", "url2": "https://www.kaigokensaku.mhlw.go.jp/12/index.php?action_kouhyou_detail_004_kani=true&JigyosyoCd=1272206283-00&ServiceCd=430&Type=search" }, "geometry": { "type": "Point", "coordinates": [ 139.972125399999982, 35.8045107 ] } },
{ "type": "Feature", "properties": { "内容": "豊四季ケアセンターそよ風【居宅介護支援】千葉県柏市豊四季286-16", "url2": "https://www.kaigokensaku.mhlw.go.jp/12/index.php?action_kouhyou_detail_004_kani=true&JigyosyoCd=1272202308-00&ServiceCd=430&Type=search" }, "geometry": { "type": "Point", "coordinates": [ 139.9489059, 35.8610072 ] } },
{ "type": "Feature", "properties": { "内容": "有限会社柏介護サービスセンター【居宅介護支援】千葉県柏市あけぼの4丁目4番2号", "url2": "https://www.kaigokensaku.mhlw.go.jp/12/index.php?action_kouhyou_detail_004_kani=true&JigyosyoCd=1272200088-00&ServiceCd=430&Type=search" }, "geometry": { "type": "Point", "coordinates": [ 139.969498299999941, 35.8663625 ] } },
{ "type": "Feature", "properties": { "内容": "輝陽園居宅介護サービス【居宅介護支援】千葉県柏市酒井根４５－１", "url2": "https://www.kaigokensaku.mhlw.go.jp/12/index.php?action_kouhyou_detail_004_kani=true&JigyosyoCd=1272200245-00&ServiceCd=430&Type=search" }, "geometry": { "type": "Point", "coordinates": [ 139.962197800000013, 35.8213332 ] } },
{ "type": "Feature", "properties": { "内容": "エンゼル・サービス【居宅介護支援】千葉県柏市中央町１－１", "url2": "https://www.kaigokensaku.mhlw.go.jp/12/index.php?action_kouhyou_detail_004_kani=true&JigyosyoCd=1272200351-00&ServiceCd=430&Type=search" }, "geometry": { "type": "Point", "coordinates": [ 139.972464800000012, 35.859497 ] } },
{ "type": "Feature", "properties": { "内容": "居宅介護支援事業所マーガレットヒル【居宅介護支援】千葉県柏市中新宿1-8-6", "url2": "https://www.kaigokensaku.mhlw.go.jp/12/index.php?action_kouhyou_detail_004_kani=true&JigyosyoCd=1272201029-00&ServiceCd=430&Type=search" }, "geometry": { "type": "Point", "coordinates": [ 139.943573900000047, 35.8348447 ] } },
{ "type": "Feature", "properties": { "内容": "居宅介護支援事業所星の子【居宅介護支援】千葉県柏市松ヶ崎２３９－１", "url2": "https://www.kaigokensaku.mhlw.go.jp/12/index.php?action_kouhyou_detail_004_kani=true&JigyosyoCd=1272202803-00&ServiceCd=430&Type=search" }, "geometry": { "type": "Point", "coordinates": [ 139.976360900000032, 35.8845376 ] } },
{ "type": "Feature", "properties": { "内容": "サニーライフ柏　居宅介護支援事業所【居宅介護支援】千葉県柏市根戸78", "url2": "https://www.kaigokensaku.mhlw.go.jp/12/index.php?action_kouhyou_detail_004_kani=true&JigyosyoCd=1272203843-00&ServiceCd=430&Type=search" }, "geometry": { "type": "Point", "coordinates": [ 139.98498810000001, 35.8819633 ] } },
{ "type": "Feature", "properties": { "内容": "ケアプランセンターかなで【居宅介護支援】千葉県柏市明原1－3－4染谷店舗A棟102号", "url2": "https://www.kaigokensaku.mhlw.go.jp/12/index.php?action_kouhyou_detail_004_kani=true&JigyosyoCd=1272205814-00&ServiceCd=430&Type=search" }, "geometry": { "type": "Point", "coordinates": [ 139.965364333943199, 35.86522478004516 ] } },
{ "type": "Feature", "properties": { "内容": "居宅介護支援事業所星の子柏緑ヶ丘【居宅介護支援】千葉県柏市緑ヶ丘13-10", "url2": "https://www.kaigokensaku.mhlw.go.jp/12/index.php?action_kouhyou_detail_004_kani=true&JigyosyoCd=1272205954-00&ServiceCd=430&Type=search" }, "geometry": { "type": "Point", "coordinates": [ 139.969202969558779, 35.850331965166674 ] } },
{ "type": "Feature", "properties": { "内容": "ベストライフ柏中央居宅介護支援事業所【居宅介護支援】千葉県柏市明原3-18-11", "url2": "https://www.kaigokensaku.mhlw.go.jp/12/index.php?action_kouhyou_detail_004_kani=true&JigyosyoCd=1272207232-00&ServiceCd=430&Type=search" }, "geometry": { "type": "Point", "coordinates": [ 139.9640894, 35.8683102 ] } },
{ "type": "Feature", "properties": { "内容": "ケアプランセンターファミリア【居宅介護支援】千葉県柏市北柏5-3-3", "url2": "https://www.kaigokensaku.mhlw.go.jp/12/index.php?action_kouhyou_detail_004_kani=true&JigyosyoCd=1272207364-00&ServiceCd=430&Type=search" }, "geometry": { "type": "Point", "coordinates": [ 139.9897576, 35.8693824 ] } },
{ "type": "Feature", "properties": { "内容": "ケアサポート柏の葉【居宅介護支援】千葉県柏市十余二409番地82エルバ柏の葉", "url2": "https://www.kaigokensaku.mhlw.go.jp/12/index.php?action_kouhyou_detail_004_kani=true&JigyosyoCd=1272206481-00&ServiceCd=430&Type=search" }, "geometry": { "type": "Point", "coordinates": [ 139.944721800000025, 35.888286 ] } },
{ "type": "Feature", "properties": { "内容": "指定居宅介護支援事業所かしわ安心館【居宅介護支援】千葉県柏市藤ヶ谷810番地2", "url2": "https://www.kaigokensaku.mhlw.go.jp/12/index.php?action_kouhyou_detail_004_kani=true&JigyosyoCd=1272205608-00&ServiceCd=430&Type=search" }, "geometry": { "type": "Point", "coordinates": [ 140.031674100000032, 35.8140544 ] } },
{ "type": "Feature", "properties": { "内容": "あおいの里・柏居宅介護支援事業所【居宅介護支援】千葉県柏市大井９８８－１", "url2": "https://www.kaigokensaku.mhlw.go.jp/12/index.php?action_kouhyou_detail_004_kani=true&JigyosyoCd=1272205087-00&ServiceCd=430&Type=search" }, "geometry": { "type": "Point", "coordinates": [ 139.994565400000056, 35.8480547 ] } },
{ "type": "Feature", "properties": { "内容": "SOMPOケア柏青葉台居宅介護支援【居宅介護支援】千葉県柏市青葉台2-16-15そんぽの家Ｓ柏青葉台", "url2": "https://www.kaigokensaku.mhlw.go.jp/12/index.php?action_kouhyou_detail_004_kani=true&JigyosyoCd=1272203629-00&ServiceCd=430&Type=search" }, "geometry": { "type": "Point", "coordinates": [ 139.957621099999983, 35.8127287 ] } },
{ "type": "Feature", "properties": { "内容": "藤の台居宅介護支援事業所【居宅介護支援】千葉県柏市逆井７７４－２", "url2": "https://www.kaigokensaku.mhlw.go.jp/12/index.php?action_kouhyou_detail_004_kani=true&JigyosyoCd=1272203389-00&ServiceCd=430&Type=search" }, "geometry": { "type": "Point", "coordinates": [ 139.9875836, 35.8218252 ] } },
{ "type": "Feature", "properties": { "内容": "四季の里指定居宅介護支援事業所【居宅介護支援】千葉県柏市松ヶ崎８９９番地１", "url2": "https://www.kaigokensaku.mhlw.go.jp/12/index.php?action_kouhyou_detail_004_kani=true&JigyosyoCd=1272200252-00&ServiceCd=430&Type=search" }, "geometry": { "type": "Point", "coordinates": [ 139.975578, 35.8766194 ] } },
{ "type": "Feature", "properties": { "内容": "在宅介護支援センターひかり隣保館【居宅介護支援】千葉県柏市十余二１７５－４２", "url2": "https://www.kaigokensaku.mhlw.go.jp/12/index.php?action_kouhyou_detail_004_kani=true&JigyosyoCd=1272200203-00&ServiceCd=430&Type=search" }, "geometry": { "type": "Point", "coordinates": [ 139.940497199999982, 35.8882025 ] } },
{ "type": "Feature", "properties": { "内容": "柏豊四季【居宅介護支援】千葉県柏市豊四季304-23サンウィンド102", "url2": "https://www.kaigokensaku.mhlw.go.jp/12/index.php?action_kouhyou_detail_004_kani=true&JigyosyoCd=1262190098-00&ServiceCd=430&Type=search" }, "geometry": { "type": "Point", "coordinates": [ 139.9509696, 35.8627376 ] } },
{ "type": "Feature", "properties": { "内容": "柏たなか・あおいホームケアサービス【居宅介護支援】千葉県柏市小青田一丁目3番地3", "url2": "https://www.kaigokensaku.mhlw.go.jp/12/index.php?action_kouhyou_detail_004_kani=true&JigyosyoCd=1272206036-00&ServiceCd=430&Type=search" }, "geometry": { "type": "Point", "coordinates": [ 139.955899899999963, 35.9151161 ] } },
{ "type": "Feature", "properties": { "内容": "ケアプランぞうさん柏【居宅介護支援】千葉県柏市北柏1-1-1　2F", "url2": "https://www.kaigokensaku.mhlw.go.jp/12/index.php?action_kouhyou_detail_004_kani=true&JigyosyoCd=1272207596-00&ServiceCd=430&Type=search" }, "geometry": { "type": "Point", "coordinates": [ 139.9876132, 35.8753599 ] } },
{ "type": "Feature", "properties": { "内容": "名戸ヶ谷記念病院居宅介護支援センター【居宅介護支援】千葉県柏市名戸ヶ谷687-4名戸ヶ谷記念病院", "url2": "https://www.kaigokensaku.mhlw.go.jp/12/index.php?action_kouhyou_detail_004_kani=true&JigyosyoCd=1272207869-00&ServiceCd=430&Type=search" }, "geometry": { "type": "Point", "coordinates": [ 139.9820019, 35.8452174 ] } },
{ "type": "Feature", "properties": { "内容": "さくらケアマネジメント【居宅介護支援】千葉県柏市十余二254-222-302", "url2": "https://www.kaigokensaku.mhlw.go.jp/12/index.php?action_kouhyou_detail_004_kani=true&JigyosyoCd=1272206614-00&ServiceCd=430&Type=search" }, "geometry": { "type": "Point", "coordinates": [ 139.968177803134751, 35.87423305524532 ] } },
{ "type": "Feature", "properties": { "内容": "ケアプラン幸咲【居宅介護支援】千葉県柏市高田６３番地18", "url2": "https://www.kaigokensaku.mhlw.go.jp/12/index.php?action_kouhyou_detail_004_kani=true&JigyosyoCd=1272207778-00&ServiceCd=430&Type=search" }, "geometry": { "type": "Point", "coordinates": [ 139.942380466062161, 35.875274296704454 ] } },
{ "type": "Feature", "properties": { "内容": "居宅介護支援事業所スターリングケア【居宅介護支援】千葉県柏市柏1279番地16", "url2": "https://www.kaigokensaku.mhlw.go.jp/12/index.php?action_kouhyou_detail_004_kani=true&JigyosyoCd=1272207000-00&ServiceCd=430&Type=search" }, "geometry": { "type": "Point", "coordinates": [ 139.9877708, 35.8635646 ] } },
{ "type": "Feature", "properties": { "内容": "生活クラブ風の村ケアプランセンター光ヶ丘【居宅介護支援】千葉県柏市東中新宿4-5-7", "url2": "https://www.kaigokensaku.mhlw.go.jp/12/index.php?action_kouhyou_detail_004_kani=true&JigyosyoCd=1272206820-00&ServiceCd=430&Type=search" }, "geometry": { "type": "Point", "coordinates": [ 139.961405, 35.8309074 ] } },
{ "type": "Feature", "properties": { "内容": "ケアセンター明日葉【居宅介護支援】千葉県柏市南増尾5-22-31", "url2": "https://www.kaigokensaku.mhlw.go.jp/12/index.php?action_kouhyou_detail_004_kani=true&JigyosyoCd=1272206622-00&ServiceCd=430&Type=search" }, "geometry": { "type": "Point", "coordinates": [ 139.967360804368582, 35.808701590258444 ] } },
{ "type": "Feature", "properties": { "内容": "ケアプランしおり【居宅介護支援】千葉県柏市柏7-10-15", "url2": "https://www.kaigokensaku.mhlw.go.jp/12/index.php?action_kouhyou_detail_004_kani=true&JigyosyoCd=1272206317-00&ServiceCd=430&Type=search" }, "geometry": { "type": "Point", "coordinates": [ 139.97958806963652, 35.864911826521904 ] } },
{ "type": "Feature", "properties": { "内容": "あさがおケアプランセンター【居宅介護支援】千葉県柏市高田825-8", "url2": "https://www.kaigokensaku.mhlw.go.jp/12/index.php?action_kouhyou_detail_004_kani=true&JigyosyoCd=1272206069-00&ServiceCd=430&Type=search" }, "geometry": { "type": "Point", "coordinates": [ 139.963192334340761, 35.874904308740682 ] } },
{ "type": "Feature", "properties": { "内容": "居宅介護支援事業所ainote【居宅介護支援】千葉県柏市亀甲台町1-11-13", "url2": "https://www.kaigokensaku.mhlw.go.jp/12/index.php?action_kouhyou_detail_004_kani=true&JigyosyoCd=1272205160-00&ServiceCd=430&Type=search" }, "geometry": { "type": "Point", "coordinates": [ 139.978149453459196, 35.847229700975085 ] } },
{ "type": "Feature", "properties": { "内容": "居宅介護支援事業所爽やか【居宅介護支援】千葉県柏市南増尾３－１７－９", "url2": "https://www.kaigokensaku.mhlw.go.jp/12/index.php?action_kouhyou_detail_004_kani=true&JigyosyoCd=1272204726-00&ServiceCd=430&Type=search" }, "geometry": { "type": "Point", "coordinates": [ 139.9706407, 35.814838699999989 ] } },
{ "type": "Feature", "properties": { "内容": "美空居宅介護支援事業所【居宅介護支援】千葉県柏市増尾台3-8-66", "url2": "https://www.kaigokensaku.mhlw.go.jp/12/index.php?action_kouhyou_detail_004_kani=true&JigyosyoCd=1272204379-00&ServiceCd=430&Type=search" }, "geometry": { "type": "Point", "coordinates": [ 139.976571500000034, 35.8245224 ] } },
{ "type": "Feature", "properties": { "内容": "サムピッグ・松葉居宅介護支援事業所【居宅介護支援】千葉県柏市松葉町二丁目28番地1パインリーフ102", "url2": "https://www.kaigokensaku.mhlw.go.jp/12/index.php?action_kouhyou_detail_004_kani=true&JigyosyoCd=1272204353-00&ServiceCd=430&Type=search" }, "geometry": { "type": "Point", "coordinates": [ 139.974262399457729, 35.887999218845273 ] } },
{ "type": "Feature", "properties": { "内容": "ひまわりネットワーク居宅介護支援事業所【居宅介護支援】千葉県柏市豊四季707-12", "url2": "https://www.kaigokensaku.mhlw.go.jp/12/index.php?action_kouhyou_detail_004_kani=true&JigyosyoCd=1272202340-00&ServiceCd=430&Type=search" }, "geometry": { "type": "Point", "coordinates": [ 139.9626743, 35.8489625 ] } },
{ "type": "Feature", "properties": { "内容": "ケアサポートけやきの木【居宅介護支援】千葉県柏市西原1-4-4牧野ビル１階", "url2": "https://www.kaigokensaku.mhlw.go.jp/12/index.php?action_kouhyou_detail_004_kani=true&JigyosyoCd=1272201847-00&ServiceCd=430&Type=search" }, "geometry": { "type": "Point", "coordinates": [ 139.915287276186461, 35.899182246247626 ] } },
{ "type": "Feature", "properties": { "内容": "柏・あおいホームケアサービス【居宅介護支援】千葉県柏市松ヶ崎897-1", "url2": "https://www.kaigokensaku.mhlw.go.jp/12/index.php?action_kouhyou_detail_004_kani=true&JigyosyoCd=1272201367-00&ServiceCd=430&Type=search" }, "geometry": { "type": "Point", "coordinates": [ 139.974991899999964, 35.8764305 ] } },
{ "type": "Feature", "properties": { "内容": "藤心ケアプランニング【居宅介護支援】千葉県柏市藤心293－２", "url2": "https://www.kaigokensaku.mhlw.go.jp/12/index.php?action_kouhyou_detail_004_kani=true&JigyosyoCd=1272200161-00&ServiceCd=430&Type=search" }, "geometry": { "type": "Point", "coordinates": [ 139.995964551589992, 35.824425818301407 ] } },
{ "type": "Feature", "properties": { "内容": "柏フォレスト居宅介護支援事業所【居宅介護支援】千葉県柏市今谷南町4-20", "url2": "https://www.kaigokensaku.mhlw.go.jp/12/index.php?action_kouhyou_detail_004_kani=true&JigyosyoCd=1272200740-00&ServiceCd=430&Type=search" }, "geometry": { "type": "Point", "coordinates": [ 139.958160610450733, 35.836138537972559 ] } },
{ "type": "Feature", "properties": { "内容": "さわやかケア柏・居宅介護支援【居宅介護支援】千葉県柏市若葉町5-3高倉ビル102", "url2": "https://www.kaigokensaku.mhlw.go.jp/12/index.php?action_kouhyou_detail_004_kani=true&JigyosyoCd=1272202332-00&ServiceCd=430&Type=search" }, "geometry": { "type": "Point", "coordinates": [ 139.970800900000029, 35.854400700000014 ] } },
{ "type": "Feature", "properties": { "内容": "ケアプランセンターnozomi【居宅介護支援】千葉県柏市常盤台9-1中出ビル1階", "url2": "https://www.kaigokensaku.mhlw.go.jp/12/index.php?action_kouhyou_detail_004_kani=true&JigyosyoCd=1272207885-00&ServiceCd=430&Type=search" }, "geometry": { "type": "Point", "coordinates": [ 139.966457418571764, 35.848442294265325 ] } },
{ "type": "Feature", "properties": { "内容": "ケアプランクィール【居宅介護支援】千葉県柏市高柳４５５番地６", "url2": "https://www.kaigokensaku.mhlw.go.jp/12/index.php?action_kouhyou_detail_004_kani=true&JigyosyoCd=1272205681-00&ServiceCd=430&Type=search" }, "geometry": { "type": "Point", "coordinates": [ 140.008479599999987, 35.8105574 ] } },
{ "type": "Feature", "properties": { "内容": "のぞみ居宅介護支援事業所【居宅介護支援】千葉県柏市柏7-10-17第３マツダビル１A", "url2": "https://www.kaigokensaku.mhlw.go.jp/12/index.php?action_kouhyou_detail_004_kani=true&JigyosyoCd=1272208099-00&ServiceCd=430&Type=search" }, "geometry": { "type": "Point", "coordinates": [ 139.9798638, 35.8650195 ] } },
{ "type": "Feature", "properties": { "内容": "スギケアプランセンター豊四季台【居宅介護支援】千葉県柏市豊四季台1-3-1", "url2": "https://www.kaigokensaku.mhlw.go.jp/12/index.php?action_kouhyou_detail_004_kani=true&JigyosyoCd=1272204551-00&ServiceCd=430&Type=search" }, "geometry": { "type": "Point", "coordinates": [ 139.956914010745209, 35.865645145131403 ] } },
{ "type": "Feature", "properties": { "内容": "居宅介護支援事業所がじゅまる【居宅介護支援】千葉県柏市つくしが丘２丁目９－１６", "url2": "https://www.kaigokensaku.mhlw.go.jp/12/index.php?action_kouhyou_detail_004_kani=true&JigyosyoCd=1272207737-00&ServiceCd=430&Type=search" }, "geometry": { "type": "Point", "coordinates": [ 139.955600524467428, 35.861179988379696 ] } },
{ "type": "Feature", "properties": { "内容": "ツクイ柏明原【居宅介護支援】千葉県柏市明原3-3-1柏上田店舗１階C号室", "url2": "https://www.kaigokensaku.mhlw.go.jp/12/index.php?action_kouhyou_detail_004_kani=true&JigyosyoCd=1272204064-00&ServiceCd=430&Type=search" }, "geometry": { "type": "Point", "coordinates": [ 139.963172296462716, 35.866400091056043 ] } },
{ "type": "Feature", "properties": { "内容": "しいの木台ケアセンターそよ風【居宅介護支援】千葉県柏市しいの木台3-26-4", "url2": "https://www.kaigokensaku.mhlw.go.jp/12/index.php?action_kouhyou_detail_004_kani=true&JigyosyoCd=1273800092-00&ServiceCd=430&Type=search" }, "geometry": { "type": "Point", "coordinates": [ 139.977586100000053, 35.7993669 ] } },
{ "type": "Feature", "properties": { "内容": "リルセーヌ柏の葉居宅介護支援事業所【居宅介護支援】千葉県柏市若柴264番地1デュオセーヌ柏の葉キャンパス1階デュオセーヌ柏の葉キャンパス", "url2": "https://www.kaigokensaku.mhlw.go.jp/12/index.php?action_kouhyou_detail_004_kani=true&JigyosyoCd=1272206556-00&ServiceCd=430&Type=search" }, "geometry": { "type": "Point", "coordinates": [ 139.951139, 35.891776 ] } },
{ "type": "Feature", "properties": { "内容": "柏中原ケアセンターそよ風【居宅介護支援】千葉県柏市中原1-28-2", "url2": "https://www.kaigokensaku.mhlw.go.jp/12/index.php?action_kouhyou_detail_004_kani=true&JigyosyoCd=1272203470-00&ServiceCd=430&Type=search" }, "geometry": { "type": "Point", "coordinates": [ 139.965983100000017, 35.827002 ] } },
{ "type": "Feature", "properties": { "内容": "ケアプランセンター柏友【居宅介護支援】千葉県柏市南増尾4-2-22エクレールB103号室", "url2": "https://www.kaigokensaku.mhlw.go.jp/12/index.php?action_kouhyou_detail_004_kani=true&JigyosyoCd=1272208115-00&ServiceCd=430&Type=search" }, "geometry": { "type": "Point", "coordinates": [ 139.9658838, 35.8148217 ] } },
{ "type": "Feature", "properties": { "内容": "在宅介護支援センターアネシス【居宅介護支援】千葉県柏市手賀1682", "url2": "https://www.kaigokensaku.mhlw.go.jp/12/index.php?action_kouhyou_detail_004_kani=true&JigyosyoCd=1273800084-00&ServiceCd=430&Type=search" }, "geometry": { "type": "Point", "coordinates": [ 140.080284799999959, 35.8327392 ] } },
{ "type": "Feature", "properties": { "内容": "ピース・ケアプランセンター柏【居宅介護支援】千葉県柏市柏5丁目2-11-2ビオス柏302号", "url2": "https://www.kaigokensaku.mhlw.go.jp/12/index.php?action_kouhyou_detail_004_kani=true&JigyosyoCd=1272207695-00&ServiceCd=430&Type=search" }, "geometry": { "type": "Point", "coordinates": [ 139.9742938, 35.864892 ] } },
{ "type": "Feature", "properties": { "内容": "あおぞらの里　逆井ケアプランセンター【居宅介護支援】千葉県柏市東逆井1-22-17佐藤ビル１階", "url2": "https://www.kaigokensaku.mhlw.go.jp/12/index.php?action_kouhyou_detail_004_kani=true&JigyosyoCd=1272207190-00&ServiceCd=430&Type=search" }, "geometry": { "type": "Point", "coordinates": [ 139.985498899999982, 35.8247338 ] } },
{ "type": "Feature", "properties": { "内容": "ケアホーム柏ケアプランセンター【居宅介護支援】千葉県柏市富里2-3-26", "url2": "https://www.kaigokensaku.mhlw.go.jp/12/index.php?action_kouhyou_detail_004_kani=true&JigyosyoCd=1272205475-00&ServiceCd=430&Type=search" }, "geometry": { "type": "Point", "coordinates": [ 139.964974, 35.8528646 ] } },
{ "type": "Feature", "properties": { "内容": "ケアプランゆかり【居宅介護支援】千葉県柏市大青田1604-1", "url2": "https://www.kaigokensaku.mhlw.go.jp/12/index.php?action_kouhyou_detail_004_kani=true&JigyosyoCd=1272206242-00&ServiceCd=430&Type=search" }, "geometry": { "type": "Point", "coordinates": [ 139.9411355, 35.9161044 ] } },
{ "type": "Feature", "properties": { "内容": "ヤックス豊四季訪問介護支援センター【居宅介護支援】千葉県柏市豊上町１３－１１ー２１３トーヨー柏ハイム", "url2": "https://www.kaigokensaku.mhlw.go.jp/12/index.php?action_kouhyou_detail_004_kani=true&JigyosyoCd=1272201607-00&ServiceCd=430&Type=search" }, "geometry": { "type": "Point", "coordinates": [ 139.953585271406439, 35.858055674333549 ] } },
{ "type": "Feature", "properties": { "内容": "ケアプランまっくす【居宅介護支援】千葉県柏市豊住2-3-29グランシティ新柏202", "url2": "https://www.kaigokensaku.mhlw.go.jp/12/index.php?action_kouhyou_detail_004_kani=true&JigyosyoCd=1272207547-00&ServiceCd=430&Type=search" }, "geometry": { "type": "Point", "coordinates": [ 139.961077133535156, 35.838317348654485 ] } },
{ "type": "Feature", "properties": { "内容": "居宅介護支援事業所沼南の里【居宅介護支援】千葉県柏市藤ヶ谷1076番地3", "url2": "https://www.kaigokensaku.mhlw.go.jp/12/index.php?action_kouhyou_detail_004_kani=true&JigyosyoCd=1273800159-00&ServiceCd=430&Type=search" }, "geometry": { "type": "Point", "coordinates": [ 140.0272139, 35.8080413 ] } },
{ "type": "Feature", "properties": { "内容": "セントケア柏【居宅介護支援】千葉県柏市柏4-6-12渋谷ビル２０１号", "url2": "https://www.kaigokensaku.mhlw.go.jp/12/index.php?action_kouhyou_detail_004_kani=true&JigyosyoCd=1272202696-00&ServiceCd=430&Type=search" }, "geometry": { "type": "Point", "coordinates": [ 139.975168899999971, 35.8592986 ] } },
{ "type": "Feature", "properties": { "内容": "あっぷるケアプランセンター【居宅介護支援】千葉県柏市大津ケ丘１－２６－１０", "url2": "https://www.kaigokensaku.mhlw.go.jp/12/index.php?action_kouhyou_detail_004_kani=true&JigyosyoCd=1272203447-00&ServiceCd=430&Type=search" }, "geometry": { "type": "Point", "coordinates": [ 140.002303500000039, 35.844733 ] } },
{ "type": "Feature", "properties": { "内容": "木下の介護　柏【居宅介護支援】千葉県柏市柏557-1リアンレーヴ柏", "url2": "https://www.kaigokensaku.mhlw.go.jp/12/index.php?action_kouhyou_detail_004_kani=true&JigyosyoCd=1272206218-00&ServiceCd=430&Type=search" }, "geometry": { "type": "Point", "coordinates": [ 139.981015971802293, 35.867209832227005 ] } },
{ "type": "Feature", "properties": { "内容": "サンパートナー【居宅介護支援】千葉県柏市松葉町４－１０北柏ショッピングセンターⅠ期B棟５号室", "url2": "https://www.kaigokensaku.mhlw.go.jp/12/index.php?action_kouhyou_detail_004_kani=true&JigyosyoCd=1272201391-00&ServiceCd=430&Type=search" }, "geometry": { "type": "Point", "coordinates": [ 139.970448566358584, 35.889405231354331 ] } },
{ "type": "Feature", "properties": { "内容": "めいと柏居宅介護支援事業所【居宅介護支援】千葉県柏市北柏3-6-12", "url2": "https://www.kaigokensaku.mhlw.go.jp/12/index.php?action_kouhyou_detail_004_kani=true&JigyosyoCd=1272206325-00&ServiceCd=430&Type=search" }, "geometry": { "type": "Point", "coordinates": [ 139.987447, 35.8736291 ] } },
{ "type": "Feature", "properties": { "内容": "イリーゼ柏しいの木台居宅介護支援事業所【居宅介護支援】千葉県柏市しいの木台4-28-2", "url2": "https://www.kaigokensaku.mhlw.go.jp/12/index.php?action_kouhyou_detail_004_kani=true&JigyosyoCd=1272203504-00&ServiceCd=430&Type=search" }, "geometry": { "type": "Point", "coordinates": [ 139.977654523942562, 35.802892916050325 ] } },
{ "type": "Feature", "properties": { "内容": "沼南・あおいホームケアサービス【居宅介護支援】千葉県柏市箕輪532-1", "url2": "https://www.kaigokensaku.mhlw.go.jp/12/index.php?action_kouhyou_detail_004_kani=true&JigyosyoCd=1273800035-00&ServiceCd=430&Type=search" }, "geometry": { "type": "Point", "coordinates": [ 140.021840200000042, 35.8561595 ] } },
{ "type": "Feature", "properties": { "内容": "ケアマネセンター結びつ木【居宅介護支援】千葉県柏市根戸467-111高野台マンション201", "url2": "https://www.kaigokensaku.mhlw.go.jp/12/index.php?action_kouhyou_detail_004_kani=true&JigyosyoCd=1272208131-00&ServiceCd=430&Type=search" }, "geometry": { "type": "Point", "coordinates": [ 139.9890397, 35.8857839 ] } },
{ "type": "Feature", "properties": { "内容": "ピースケアプランセンター【居宅介護支援】千葉県柏市西原１丁目５－４", "url2": "https://www.kaigokensaku.mhlw.go.jp/12/index.php?action_kouhyou_detail_004_kani=true&JigyosyoCd=1272204536-00&ServiceCd=430&Type=search" }, "geometry": { "type": "Point", "coordinates": [ 139.916624400000046, 35.8984942 ] } },
{ "type": "Feature", "properties": { "内容": "スギ薬局予防ケアマネジメント柏豊四季店【居宅介護支援】千葉県柏市豊四季227番地1", "url2": "https://www.kaigokensaku.mhlw.go.jp/12/index.php?action_kouhyou_detail_004_kani=true&JigyosyoCd=1272207653-00&ServiceCd=430&Type=search" }, "geometry": { "type": "Point", "coordinates": [ 139.950331646063944, 35.86319170573173 ] } },
{ "type": "Feature", "properties": { "内容": "ケアプランサービスリブサニーサイド勝浦【居宅介護支援】千葉県勝浦市墨名56", "url2": "https://www.kaigokensaku.mhlw.go.jp/12/index.php?action_kouhyou_detail_004_kani=true&JigyosyoCd=1272300227-00&ServiceCd=430&Type=search" }, "geometry": { "type": "Point", "coordinates": [ 140.310361599999965, 35.1526243 ] } },
{ "type": "Feature", "properties": { "内容": "塩田病院介護支援センター【居宅介護支援】千葉県勝浦市出水1115-1", "url2": "https://www.kaigokensaku.mhlw.go.jp/12/index.php?action_kouhyou_detail_004_kani=true&JigyosyoCd=1272300011-00&ServiceCd=430&Type=search" }, "geometry": { "type": "Point", "coordinates": [ 140.317913399999952, 35.1520079 ] } },
{ "type": "Feature", "properties": { "内容": "居宅介護支援センター勝浦裕和園【居宅介護支援】千葉県勝浦市市野郷２３０番地１", "url2": "https://www.kaigokensaku.mhlw.go.jp/12/index.php?action_kouhyou_detail_004_kani=true&JigyosyoCd=1272300094-00&ServiceCd=430&Type=search" }, "geometry": { "type": "Point", "coordinates": [ 140.278482100000019, 35.2284504 ] } },
{ "type": "Feature", "properties": { "内容": "ケアプランオーシャンビュー勝浦【居宅介護支援】千葉県勝浦市部原1930-3", "url2": "https://www.kaigokensaku.mhlw.go.jp/12/index.php?action_kouhyou_detail_004_kani=true&JigyosyoCd=1272300375-00&ServiceCd=430&Type=search" }, "geometry": { "type": "Point", "coordinates": [ 140.334528335191521, 35.168171612874211 ] } },
{ "type": "Feature", "properties": { "内容": "居宅介護支援事業所名木緑風苑【居宅介護支援】千葉県勝浦市名木89－13", "url2": "https://www.kaigokensaku.mhlw.go.jp/12/index.php?action_kouhyou_detail_004_kani=true&JigyosyoCd=1272300300-00&ServiceCd=430&Type=search" }, "geometry": { "type": "Point", "coordinates": [ 140.2320889, 35.1529812 ] } },
{ "type": "Feature", "properties": { "内容": "櫻居宅介護支援事業所【居宅介護支援】千葉県市原市五所1972-1408号", "url2": "https://www.kaigokensaku.mhlw.go.jp/12/index.php?action_kouhyou_detail_004_kani=true&JigyosyoCd=1272404433-00&ServiceCd=430&Type=search" }, "geometry": { "type": "Point", "coordinates": [ 140.112639699999988, 35.5356745 ] } },
{ "type": "Feature", "properties": { "内容": "市原在宅サービス【居宅介護支援】千葉県市原市五井5180NTT東日本市原ビル1F", "url2": "https://www.kaigokensaku.mhlw.go.jp/12/index.php?action_kouhyou_detail_004_kani=true&JigyosyoCd=1272404110-00&ServiceCd=430&Type=search" }, "geometry": { "type": "Point", "coordinates": [ 140.0880024, 35.5193057 ] } },
{ "type": "Feature", "properties": { "内容": "居宅介護支援センター　グリーンライフ・ネクステ【居宅介護支援】千葉県市原市福増459番地1", "url2": "https://www.kaigokensaku.mhlw.go.jp/12/index.php?action_kouhyou_detail_004_kani=true&JigyosyoCd=1272403641-00&ServiceCd=430&Type=search" }, "geometry": { "type": "Point", "coordinates": [ 140.135591477915909, 35.471964815696495 ] } },
{ "type": "Feature", "properties": { "内容": "市原整形外科居宅介護支援事業所【居宅介護支援】千葉県市原市八幡1836-3", "url2": "https://www.kaigokensaku.mhlw.go.jp/12/index.php?action_kouhyou_detail_004_kani=true&JigyosyoCd=1272402817-00&ServiceCd=430&Type=search" }, "geometry": { "type": "Point", "coordinates": [ 140.130626099999972, 35.5406772 ] } },
{ "type": "Feature", "properties": { "内容": "居宅介護支援事業所　ハピネス【居宅介護支援】千葉県市原市東国分寺台3-11-3", "url2": "https://www.kaigokensaku.mhlw.go.jp/12/index.php?action_kouhyou_detail_004_kani=true&JigyosyoCd=1272403047-00&ServiceCd=430&Type=search" }, "geometry": { "type": "Point", "coordinates": [ 140.125522400000023, 35.4903888 ] } },
{ "type": "Feature", "properties": { "内容": "いろは介護相談室【居宅介護支援】千葉県市原市能満312-2", "url2": "https://www.kaigokensaku.mhlw.go.jp/12/index.php?action_kouhyou_detail_004_kani=true&JigyosyoCd=1272404938-00&ServiceCd=430&Type=search" }, "geometry": { "type": "Point", "coordinates": [ 140.1346091, 35.5203378 ] } },
{ "type": "Feature", "properties": { "内容": "ケアマネジャー事業所シンフォニー　市原【居宅介護支援】千葉県市原市東国分寺台2-6-19ユートピアB102号", "url2": "https://www.kaigokensaku.mhlw.go.jp/12/index.php?action_kouhyou_detail_004_kani=true&JigyosyoCd=1272404904-00&ServiceCd=430&Type=search" }, "geometry": { "type": "Point", "coordinates": [ 140.11974381778407, 35.493341015089939 ] } },
{ "type": "Feature", "properties": { "内容": "ケイ・ティ・サービス居宅介護支援事業所【居宅介護支援】市原市五井中央東1-15-9齋藤ビル2階", "url2": "https://www.kaigokensaku.mhlw.go.jp/12/index.php?action_kouhyou_detail_004_kani=true&JigyosyoCd=1272400506-00&ServiceCd=430&Type=search" }, "geometry": { "type": "Point", "coordinates": [ 140.091854499792987, 35.509532971611435 ] } },
{ "type": "Feature", "properties": { "内容": "ムツミ居宅介護支援事業所【居宅介護支援】千葉県市原市姉崎東3丁目3番地7", "url2": "https://www.kaigokensaku.mhlw.go.jp/12/index.php?action_kouhyou_detail_004_kani=true&JigyosyoCd=1272400837-00&ServiceCd=430&Type=search" }, "geometry": { "type": "Point", "coordinates": [ 140.041485130688386, 35.476690670358046 ] } },
{ "type": "Feature", "properties": { "内容": "なかよしケアセンター【居宅介護支援】千葉県市原市五所１６６６番地", "url2": "https://www.kaigokensaku.mhlw.go.jp/12/index.php?action_kouhyou_detail_004_kani=true&JigyosyoCd=1272401116-00&ServiceCd=430&Type=search" }, "geometry": { "type": "Point", "coordinates": [ 140.112324327560941, 35.532772645386295 ] } },
{ "type": "Feature", "properties": { "内容": "ＫＴ在宅サポートセンター【居宅介護支援】千葉県市原市姉崎1575-18", "url2": "https://www.kaigokensaku.mhlw.go.jp/12/index.php?action_kouhyou_detail_004_kani=true&JigyosyoCd=1272401876-00&ServiceCd=430&Type=search" }, "geometry": { "type": "Point", "coordinates": [ 140.041704900000013, 35.4763476 ] } },
{ "type": "Feature", "properties": { "内容": "ニチイケアセンター五井【居宅介護支援】千葉県市原市五井中央南1-29-8", "url2": "https://www.kaigokensaku.mhlw.go.jp/12/index.php?action_kouhyou_detail_004_kani=true&JigyosyoCd=1272400159-00&ServiceCd=430&Type=search" }, "geometry": { "type": "Point", "coordinates": [ 140.081320158944379, 35.513332920573745 ] } },
{ "type": "Feature", "properties": { "内容": "介護サポート辰巳【居宅介護支援】千葉県市原市辰巳台東５－７－６", "url2": "https://www.kaigokensaku.mhlw.go.jp/12/index.php?action_kouhyou_detail_004_kani=true&JigyosyoCd=1272400043-00&ServiceCd=430&Type=search" }, "geometry": { "type": "Point", "coordinates": [ 140.152073100000052, 35.5094698 ] } },
{ "type": "Feature", "properties": { "内容": "リルセーヌちはら台居宅介護支援事業所【居宅介護支援】千葉県市原市ちはら台西2-9-1デュオセーヌ千葉ちはら台駅前1階", "url2": "https://www.kaigokensaku.mhlw.go.jp/12/index.php?action_kouhyou_detail_004_kani=true&JigyosyoCd=1272403849-00&ServiceCd=430&Type=search" }, "geometry": { "type": "Point", "coordinates": [ 140.1716649, 35.5335202 ] } },
{ "type": "Feature", "properties": { "内容": "恵ケアセンター市原【居宅介護支援】千葉県市原市君塚5丁目3-14", "url2": "https://www.kaigokensaku.mhlw.go.jp/12/index.php?action_kouhyou_detail_004_kani=true&JigyosyoCd=1272403229-00&ServiceCd=430&Type=search" }, "geometry": { "type": "Point", "coordinates": [ 140.096447260067777, 35.522338493687037 ] } },
{ "type": "Feature", "properties": { "内容": "在宅介護支援センター　グランモア和光苑【居宅介護支援】千葉県市原市椎津５番地１号", "url2": "https://www.kaigokensaku.mhlw.go.jp/12/index.php?action_kouhyou_detail_004_kani=true&JigyosyoCd=1272400308-00&ServiceCd=430&Type=search" }, "geometry": { "type": "Point", "coordinates": [ 140.026951300000064, 35.4677711 ] } },
{ "type": "Feature", "properties": { "内容": "ケアステーションドラの樹【居宅介護支援】千葉県市原市能満1466-2-101若菜ハイツ101", "url2": "https://www.kaigokensaku.mhlw.go.jp/12/index.php?action_kouhyou_detail_004_kani=true&JigyosyoCd=1272403922-00&ServiceCd=430&Type=search" }, "geometry": { "type": "Point", "coordinates": [ 140.125609153967275, 35.501243250149393 ] } },
{ "type": "Feature", "properties": { "内容": "けあぷらん　はちべえ【居宅介護支援】千葉県市原市岩崎西１丁目３ー１１サンライズモリ１０２", "url2": "https://www.kaigokensaku.mhlw.go.jp/12/index.php?action_kouhyou_detail_004_kani=true&JigyosyoCd=1272404292-00&ServiceCd=430&Type=search" }, "geometry": { "type": "Point", "coordinates": [ 140.071082600000011, 35.524751 ] } },
{ "type": "Feature", "properties": { "内容": "ケアプランあいりーふ【居宅介護支援】千葉県市原市下矢田477番地2", "url2": "https://www.kaigokensaku.mhlw.go.jp/12/index.php?action_kouhyou_detail_004_kani=true&JigyosyoCd=1272403997-00&ServiceCd=430&Type=search" }, "geometry": { "type": "Point", "coordinates": [ 140.146890500000012, 35.3885785 ] } },
{ "type": "Feature", "properties": { "内容": "有限会社わかばケアセンター【居宅介護支援】千葉県市原市惣社1-10-16", "url2": "https://www.kaigokensaku.mhlw.go.jp/12/index.php?action_kouhyou_detail_004_kani=true&JigyosyoCd=1272400621-00&ServiceCd=430&Type=search" }, "geometry": { "type": "Point", "coordinates": [ 140.1107763, 35.4946547 ] } },
{ "type": "Feature", "properties": { "内容": "市原園居宅介護支援事業所【居宅介護支援】千葉県市原市万田野　732番地6", "url2": "https://www.kaigokensaku.mhlw.go.jp/12/index.php?action_kouhyou_detail_004_kani=true&JigyosyoCd=1272401793-00&ServiceCd=430&Type=search" }, "geometry": { "type": "Point", "coordinates": [ 140.1238727, 35.3220892 ] } },
{ "type": "Feature", "properties": { "内容": "セントケア市原【居宅介護支援】千葉県市原市惣社4-3-5", "url2": "https://www.kaigokensaku.mhlw.go.jp/12/index.php?action_kouhyou_detail_004_kani=true&JigyosyoCd=1272401835-00&ServiceCd=430&Type=search" }, "geometry": { "type": "Point", "coordinates": [ 140.109926399999949, 35.4983903 ] } },
{ "type": "Feature", "properties": { "内容": "相川ケアマネジメント【居宅介護支援】千葉県市原市五井中央東2-23-15", "url2": "https://www.kaigokensaku.mhlw.go.jp/12/index.php?action_kouhyou_detail_004_kani=true&JigyosyoCd=1210611715-00&ServiceCd=430&Type=search" }, "geometry": { "type": "Point", "coordinates": [ 140.094808, 35.5118826 ] } },
{ "type": "Feature", "properties": { "内容": "辰巳台クリニック居宅介護支援事業所【居宅介護支援】千葉県市原市辰巳台東3-12-15", "url2": "https://www.kaigokensaku.mhlw.go.jp/12/index.php?action_kouhyou_detail_004_kani=true&JigyosyoCd=1272402247-00&ServiceCd=430&Type=search" }, "geometry": { "type": "Point", "coordinates": [ 140.152466015869095, 35.51656496635529 ] } },
{ "type": "Feature", "properties": { "内容": "白金整形外科クリニック【居宅介護支援】千葉県市原市白金町１－７０", "url2": "https://www.kaigokensaku.mhlw.go.jp/12/index.php?action_kouhyou_detail_004_kani=true&JigyosyoCd=1210611830-00&ServiceCd=430&Type=search" }, "geometry": { "type": "Point", "coordinates": [ 140.10432620000006, 35.5271255 ] } },
{ "type": "Feature", "properties": { "内容": "うるつ居宅介護支援事業所【居宅介護支援】千葉県市原市喜多613-63", "url2": "https://www.kaigokensaku.mhlw.go.jp/12/index.php?action_kouhyou_detail_004_kani=true&JigyosyoCd=1272404409-00&ServiceCd=430&Type=search" }, "geometry": { "type": "Point", "coordinates": [ 140.1853628, 35.4977105 ] } },
{ "type": "Feature", "properties": { "内容": "ケアステーションＰＡＬＭＡ馬立【居宅介護支援】千葉県市原市馬立818", "url2": "https://www.kaigokensaku.mhlw.go.jp/12/index.php?action_kouhyou_detail_004_kani=true&JigyosyoCd=1272403781-00&ServiceCd=430&Type=search" }, "geometry": { "type": "Point", "coordinates": [ 140.1155354, 35.4239925 ] } },
{ "type": "Feature", "properties": { "内容": "だるま居宅介護支援事業所【居宅介護支援】千葉県市原市今津朝山253-10", "url2": "https://www.kaigokensaku.mhlw.go.jp/12/index.php?action_kouhyou_detail_004_kani=true&JigyosyoCd=1272402700-00&ServiceCd=430&Type=search" }, "geometry": { "type": "Point", "coordinates": [ 140.050478399999946, 35.4894206 ] } },
{ "type": "Feature", "properties": { "内容": "居宅介護支援事業所　サンタヴィレッジ【居宅介護支援】千葉県市原市柏原２０７－１", "url2": "https://www.kaigokensaku.mhlw.go.jp/12/index.php?action_kouhyou_detail_004_kani=true&JigyosyoCd=1272402338-00&ServiceCd=430&Type=search" }, "geometry": { "type": "Point", "coordinates": [ 140.063327500000014, 35.4828968 ] } },
{ "type": "Feature", "properties": { "内容": "光風台居宅介護支援事業所【居宅介護支援】千葉県市原市西国吉1697-181", "url2": "https://www.kaigokensaku.mhlw.go.jp/12/index.php?action_kouhyou_detail_004_kani=true&JigyosyoCd=1272400951-00&ServiceCd=430&Type=search" }, "geometry": { "type": "Point", "coordinates": [ 140.114879222304552, 35.408814620318999 ] } },
{ "type": "Feature", "properties": { "内容": "ケアプランゆうなぎ【居宅介護支援】千葉県市原市白金町3-54-1マルシンハイツ101号", "url2": "https://www.kaigokensaku.mhlw.go.jp/12/index.php?action_kouhyou_detail_004_kani=true&JigyosyoCd=1272404714-00&ServiceCd=430&Type=search" }, "geometry": { "type": "Point", "coordinates": [ 140.102206, 35.5250783 ] } },
{ "type": "Feature", "properties": { "内容": "やさしい手京葉居宅介護支援事業所【居宅介護支援】千葉県市原市能満2-10", "url2": "https://www.kaigokensaku.mhlw.go.jp/12/index.php?action_kouhyou_detail_004_kani=true&JigyosyoCd=1272400787-00&ServiceCd=430&Type=search" }, "geometry": { "type": "Point", "coordinates": [ 140.129618599999958, 35.522035 ] } },
{ "type": "Feature", "properties": { "内容": "居宅介護支援センター向日葵【居宅介護支援】千葉県市原市二日市場７７４－１", "url2": "https://www.kaigokensaku.mhlw.go.jp/12/index.php?action_kouhyou_detail_004_kani=true&JigyosyoCd=1272400688-00&ServiceCd=430&Type=search" }, "geometry": { "type": "Point", "coordinates": [ 140.116262600000027, 35.4432202 ] } },
{ "type": "Feature", "properties": { "内容": "ケアセンターさざんか【居宅介護支援】千葉県市原市磯ヶ谷2067", "url2": "https://www.kaigokensaku.mhlw.go.jp/12/index.php?action_kouhyou_detail_004_kani=true&JigyosyoCd=1272401991-00&ServiceCd=430&Type=search" }, "geometry": { "type": "Point", "coordinates": [ 140.126089500000035, 35.4557935 ] } },
{ "type": "Feature", "properties": { "内容": "ケアセンターここねッ【居宅介護支援】千葉県市原市山田橋1-15-1波sB棟206", "url2": "https://www.kaigokensaku.mhlw.go.jp/12/index.php?action_kouhyou_detail_004_kani=true&JigyosyoCd=1272404425-00&ServiceCd=430&Type=search" }, "geometry": { "type": "Point", "coordinates": [ 140.123245, 35.4992049 ] } },
{ "type": "Feature", "properties": { "内容": "医療法人　鎗田病院【居宅介護支援】千葉県市原市五井899", "url2": "https://www.kaigokensaku.mhlw.go.jp/12/index.php?action_kouhyou_detail_004_kani=true&JigyosyoCd=1210610055-00&ServiceCd=430&Type=search" }, "geometry": { "type": "Point", "coordinates": [ 140.080299519049049, 35.510048965311469 ] } },
{ "type": "Feature", "properties": { "内容": "姉ヶ崎居宅介護支援センター【居宅介護支援】千葉県市原市椎津２５５８番地１（姉崎病院内）", "url2": "https://www.kaigokensaku.mhlw.go.jp/12/index.php?action_kouhyou_detail_004_kani=true&JigyosyoCd=1272400100-00&ServiceCd=430&Type=search" }, "geometry": { "type": "Point", "coordinates": [ 140.046689412533624, 35.446330189443643 ] } },
{ "type": "Feature", "properties": { "内容": "市原居宅介護支援センター　ミナミ【居宅介護支援】千葉県市原市牛久７５－２", "url2": "https://www.kaigokensaku.mhlw.go.jp/12/index.php?action_kouhyou_detail_004_kani=true&JigyosyoCd=1272400993-00&ServiceCd=430&Type=search" }, "geometry": { "type": "Point", "coordinates": [ 140.146776600000067, 35.3980935 ] } },
{ "type": "Feature", "properties": { "内容": "合の家ケアステーション【居宅介護支援】千葉県市原市ちはら台東４－１１－２０", "url2": "https://www.kaigokensaku.mhlw.go.jp/12/index.php?action_kouhyou_detail_004_kani=true&JigyosyoCd=1272404532-00&ServiceCd=430&Type=search" }, "geometry": { "type": "Point", "coordinates": [ 140.1930495, 35.5406082 ] } },
{ "type": "Feature", "properties": { "内容": "在宅介護支援センター　ふるさと苑【居宅介護支援】千葉県市原市能満1925-282", "url2": "https://www.kaigokensaku.mhlw.go.jp/12/index.php?action_kouhyou_detail_004_kani=true&JigyosyoCd=1272400209-00&ServiceCd=430&Type=search" }, "geometry": { "type": "Point", "coordinates": [ 140.1449012, 35.499485899999982 ] } },
{ "type": "Feature", "properties": { "内容": "あじさい苑在宅介護支援センター【居宅介護支援】千葉県市原市新堀947-3", "url2": "https://www.kaigokensaku.mhlw.go.jp/12/index.php?action_kouhyou_detail_004_kani=true&JigyosyoCd=1272400886-00&ServiceCd=430&Type=search" }, "geometry": { "type": "Point", "coordinates": [ 140.137472099999968, 35.467717 ] } },
{ "type": "Feature", "properties": { "内容": "生活クラブ風の村介護ステーション市原【居宅介護支援】千葉県市原市惣社1-12-28", "url2": "https://www.kaigokensaku.mhlw.go.jp/12/index.php?action_kouhyou_detail_004_kani=true&JigyosyoCd=1272401066-00&ServiceCd=430&Type=search" }, "geometry": { "type": "Point", "coordinates": [ 140.112398399999961, 35.4941437 ] } },
{ "type": "Feature", "properties": { "内容": "トータス居宅介護支援事業所【居宅介護支援】千葉県市原市鶴舞733-2", "url2": "https://www.kaigokensaku.mhlw.go.jp/12/index.php?action_kouhyou_detail_004_kani=true&JigyosyoCd=1272401892-00&ServiceCd=430&Type=search" }, "geometry": { "type": "Point", "coordinates": [ 140.183241299999963, 35.3868758 ] } },
{ "type": "Feature", "properties": { "内容": "スマイル居宅支援事業所【居宅介護支援】千葉県市原市光風台二丁目380番地3", "url2": "https://www.kaigokensaku.mhlw.go.jp/12/index.php?action_kouhyou_detail_004_kani=true&JigyosyoCd=1272402189-00&ServiceCd=430&Type=search" }, "geometry": { "type": "Point", "coordinates": [ 140.113075024232444, 35.44799031564537 ] } },
{ "type": "Feature", "properties": { "内容": "アリスケアセンター【居宅介護支援】千葉県市原市五井西7-7-7", "url2": "https://www.kaigokensaku.mhlw.go.jp/12/index.php?action_kouhyou_detail_004_kani=true&JigyosyoCd=1272403435-00&ServiceCd=430&Type=search" }, "geometry": { "type": "Point", "coordinates": [ 140.069826637091495, 35.509946213897841 ] } },
{ "type": "Feature", "properties": { "内容": "コスモス居宅支援センター【居宅介護支援】千葉県市原市飯沼117-2", "url2": "https://www.kaigokensaku.mhlw.go.jp/12/index.php?action_kouhyou_detail_004_kani=true&JigyosyoCd=1272403732-00&ServiceCd=430&Type=search" }, "geometry": { "type": "Point", "coordinates": [ 140.071443199999976, 35.5055688 ] } },
{ "type": "Feature", "properties": { "内容": "在宅介護支援センターゆうしゅう園【居宅介護支援】千葉県市原市天羽田下細山1500番3", "url2": "https://www.kaigokensaku.mhlw.go.jp/12/index.php?action_kouhyou_detail_004_kani=true&JigyosyoCd=1272400167-00&ServiceCd=430&Type=search" }, "geometry": { "type": "Point", "coordinates": [ 140.060487160376397, 35.431868720019914 ] } },
{ "type": "Feature", "properties": { "内容": "あい家族相談室【居宅介護支援】千葉県市原市ちはら台南2-17-2", "url2": "https://www.kaigokensaku.mhlw.go.jp/12/index.php?action_kouhyou_detail_004_kani=true&JigyosyoCd=1272401751-00&ServiceCd=430&Type=search" }, "geometry": { "type": "Point", "coordinates": [ 140.177928699999939, 35.525688 ] } },
{ "type": "Feature", "properties": { "内容": "居宅介護支援事業所Ｃ’ｓ【居宅介護支援】千葉県市原市門前１－１６１－４", "url2": "https://www.kaigokensaku.mhlw.go.jp/12/index.php?action_kouhyou_detail_004_kani=true&JigyosyoCd=1272404805-00&ServiceCd=430&Type=search" }, "geometry": { "type": "Point", "coordinates": [ 140.122481099999987, 35.5185461 ] } },
{ "type": "Feature", "properties": { "内容": "ハートフル居宅介護支援事業所【居宅介護支援】千葉県市原市田尾462-19ネオポート鶴舞102", "url2": "https://www.kaigokensaku.mhlw.go.jp/12/index.php?action_kouhyou_detail_004_kani=true&JigyosyoCd=1272404847-00&ServiceCd=430&Type=search" }, "geometry": { "type": "Point", "coordinates": [ 140.185095950404701, 35.369927796136452 ] } },
{ "type": "Feature", "properties": { "内容": "居宅介護支援センターぬくもり【居宅介護支援】千葉県市原市平田1428番地ぬくもりの郷", "url2": "https://www.kaigokensaku.mhlw.go.jp/12/index.php?action_kouhyou_detail_004_kani=true&JigyosyoCd=1272401025-00&ServiceCd=430&Type=search" }, "geometry": { "type": "Point", "coordinates": [ 140.0958498, 35.505505600000035 ] } },
{ "type": "Feature", "properties": { "内容": "れんげケアサービス【居宅介護支援】千葉県市原市牛久814-1れんげの里", "url2": "https://www.kaigokensaku.mhlw.go.jp/12/index.php?action_kouhyou_detail_004_kani=true&JigyosyoCd=1272404656-00&ServiceCd=430&Type=search" }, "geometry": { "type": "Point", "coordinates": [ 140.139847193446826, 35.404945240566924 ] } },
{ "type": "Feature", "properties": { "内容": "梅香苑　指定居宅介護支援事業所【居宅介護支援】千葉県市原市馬立８０２番地1", "url2": "https://www.kaigokensaku.mhlw.go.jp/12/index.php?action_kouhyou_detail_004_kani=true&JigyosyoCd=1272401413-00&ServiceCd=430&Type=search" }, "geometry": { "type": "Point", "coordinates": [ 140.115879899999982, 35.4229344 ] } },
{ "type": "Feature", "properties": { "内容": "あいず市原ケアサービス【居宅介護支援】千葉県市原市椎津６５７", "url2": "https://www.kaigokensaku.mhlw.go.jp/12/index.php?action_kouhyou_detail_004_kani=true&JigyosyoCd=1272401355-00&ServiceCd=430&Type=search" }, "geometry": { "type": "Point", "coordinates": [ 140.0364502, 35.4688071 ] } },
{ "type": "Feature", "properties": { "内容": "結家ケアプランセンター【居宅介護支援】千葉県市原市草刈982", "url2": "https://www.kaigokensaku.mhlw.go.jp/12/index.php?action_kouhyou_detail_004_kani=true&JigyosyoCd=1272404102-00&ServiceCd=430&Type=search" }, "geometry": { "type": "Point", "coordinates": [ 140.185403, 35.4897873 ] } },
{ "type": "Feature", "properties": { "内容": "オレンジ居宅介護支援事業所【居宅介護支援】千葉県市原市青葉台4丁目5番地6", "url2": "https://www.kaigokensaku.mhlw.go.jp/12/index.php?action_kouhyou_detail_004_kani=true&JigyosyoCd=1272403419-00&ServiceCd=430&Type=search" }, "geometry": { "type": "Point", "coordinates": [ 140.05790879999995, 35.4679473 ] } },
{ "type": "Feature", "properties": { "内容": "ケアプランなのはな【居宅介護支援】千葉県市原市中高根６９９番地２", "url2": "https://www.kaigokensaku.mhlw.go.jp/12/index.php?action_kouhyou_detail_004_kani=true&JigyosyoCd=1272404839-00&ServiceCd=430&Type=search" }, "geometry": { "type": "Point", "coordinates": [ 140.1152304, 35.439628 ] } },
{ "type": "Feature", "properties": { "内容": "わかちあい【居宅介護支援】千葉県市原市姉崎２５８０－１", "url2": "https://www.kaigokensaku.mhlw.go.jp/12/index.php?action_kouhyou_detail_004_kani=true&JigyosyoCd=1272403070-00&ServiceCd=430&Type=search" }, "geometry": { "type": "Point", "coordinates": [ 140.0582456383286, 35.477817095496128 ] } },
{ "type": "Feature", "properties": { "内容": "介護老人保健施設　ユー・アイ久楽部【居宅介護支援】千葉県市原市西広131", "url2": "https://www.kaigokensaku.mhlw.go.jp/12/index.php?action_kouhyou_detail_004_kani=true&JigyosyoCd=1250680066-00&ServiceCd=430&Type=search" }, "geometry": { "type": "Point", "coordinates": [ 140.121792, 35.4869475 ] } },
{ "type": "Feature", "properties": { "内容": "タカサケアサポート【居宅介護支援】千葉県市原市五井14-1", "url2": "https://www.kaigokensaku.mhlw.go.jp/12/index.php?action_kouhyou_detail_004_kani=true&JigyosyoCd=1272400084-00&ServiceCd=430&Type=search" }, "geometry": { "type": "Point", "coordinates": [ 140.072723600000018, 35.5079352 ] } },
{ "type": "Feature", "properties": { "内容": "有限会社　ほほえみケアセンター【居宅介護支援】千葉県市原市東国分寺台３－１－９", "url2": "https://www.kaigokensaku.mhlw.go.jp/12/index.php?action_kouhyou_detail_004_kani=true&JigyosyoCd=1272401322-00&ServiceCd=430&Type=search" }, "geometry": { "type": "Point", "coordinates": [ 140.122211399999969, 35.4916414 ] } },
{ "type": "Feature", "properties": { "内容": "清流園ケアサービスセンター【居宅介護支援】千葉県市原市勝間下五反目337番2", "url2": "https://www.kaigokensaku.mhlw.go.jp/12/index.php?action_kouhyou_detail_004_kani=true&JigyosyoCd=1272400118-00&ServiceCd=430&Type=search" }, "geometry": { "type": "Point", "coordinates": [ 140.165109499999971, 35.4785493 ] } },
{ "type": "Feature", "properties": { "内容": "ケアプラン華【居宅介護支援】千葉県市原市ちはら台西6-21-18", "url2": "https://www.kaigokensaku.mhlw.go.jp/12/index.php?action_kouhyou_detail_004_kani=true&JigyosyoCd=1272404151-00&ServiceCd=430&Type=search" }, "geometry": { "type": "Point", "coordinates": [ 140.1801352, 35.5317991 ] } },
{ "type": "Feature", "properties": { "内容": "ケアプラン君塚【居宅介護支援】千葉県市原市君塚２－１７－７", "url2": "https://www.kaigokensaku.mhlw.go.jp/12/index.php?action_kouhyou_detail_004_kani=true&JigyosyoCd=1272400597-00&ServiceCd=430&Type=search" }, "geometry": { "type": "Point", "coordinates": [ 140.10814270000003, 35.5212041 ] } },
{ "type": "Feature", "properties": { "内容": "ケアステーションちいきのわ居宅介護支援【居宅介護支援】千葉県市原市椎津2644-1", "url2": "https://www.kaigokensaku.mhlw.go.jp/12/index.php?action_kouhyou_detail_004_kani=true&JigyosyoCd=1272403096-00&ServiceCd=430&Type=search" }, "geometry": { "type": "Point", "coordinates": [ 140.045172175732432, 35.444906116929857 ] } },
{ "type": "Feature", "properties": { "内容": "介護支援センター　プラス【居宅介護支援】千葉県市原市国分寺台中央4-9-2ホワイトヴィラ101", "url2": "https://www.kaigokensaku.mhlw.go.jp/12/index.php?action_kouhyou_detail_004_kani=true&JigyosyoCd=1272404961-00&ServiceCd=430&Type=search" }, "geometry": { "type": "Point", "coordinates": [ 140.1206424, 35.5021834 ] } },
{ "type": "Feature", "properties": { "内容": "ヤックスケアセンター内房【居宅介護支援】千葉県市原市姉崎2101", "url2": "https://www.kaigokensaku.mhlw.go.jp/12/index.php?action_kouhyou_detail_004_kani=true&JigyosyoCd=1272402163-00&ServiceCd=430&Type=search" }, "geometry": { "type": "Point", "coordinates": [ 140.043479899999966, 35.470906700000015 ] } },
{ "type": "Feature", "properties": { "内容": "社会福祉法人市原市社会福祉協議会【居宅介護支援】千葉県市原市南国分寺台4丁目1番地4", "url2": "https://www.kaigokensaku.mhlw.go.jp/12/index.php?action_kouhyou_detail_004_kani=true&JigyosyoCd=1272400233-00&ServiceCd=430&Type=search" }, "geometry": { "type": "Point", "coordinates": [ 140.118606199999903, 35.4928245 ] } },
{ "type": "Feature", "properties": { "内容": "緑祐の郷指定居宅介護支援事業所【居宅介護支援】千葉県市原市養老998-1", "url2": "https://www.kaigokensaku.mhlw.go.jp/12/index.php?action_kouhyou_detail_004_kani=true&JigyosyoCd=1272402627-00&ServiceCd=430&Type=search" }, "geometry": { "type": "Point", "coordinates": [ 140.153521299999966, 35.3560101 ] } },
{ "type": "Feature", "properties": { "内容": "まごころケアサポート居宅介護支援センター【居宅介護支援】千葉県市原市辰巳台東3－5－10", "url2": "https://www.kaigokensaku.mhlw.go.jp/12/index.php?action_kouhyou_detail_004_kani=true&JigyosyoCd=1272402841-00&ServiceCd=430&Type=search" }, "geometry": { "type": "Point", "coordinates": [ 140.14989266362889, 35.518589327113482 ] } },
{ "type": "Feature", "properties": { "内容": "ケイ・ティ・グループ居宅支援センターちはら台【居宅介護支援】千葉県市原市ちはら台西5-23-6ちはら台中央センター201号室", "url2": "https://www.kaigokensaku.mhlw.go.jp/12/index.php?action_kouhyou_detail_004_kani=true&JigyosyoCd=1272403492-00&ServiceCd=430&Type=search" }, "geometry": { "type": "Point", "coordinates": [ 140.182181200000059, 35.5267074 ] } },
{ "type": "Feature", "properties": { "内容": "晴居宅介護支援事業所【居宅介護支援】千葉県市原市西国吉字吉野1697-181", "url2": "https://www.kaigokensaku.mhlw.go.jp/12/index.php?action_kouhyou_detail_004_kani=true&JigyosyoCd=1272403831-00&ServiceCd=430&Type=search" }, "geometry": { "type": "Point", "coordinates": [ 140.115841499999988, 35.4055592 ] } },
{ "type": "Feature", "properties": { "内容": "ケアセンターりぼん【居宅介護支援】千葉県市原市山田橋１丁目７番地8-103", "url2": "https://www.kaigokensaku.mhlw.go.jp/12/index.php?action_kouhyou_detail_004_kani=true&JigyosyoCd=1272404920-00&ServiceCd=430&Type=search" }, "geometry": { "type": "Point", "coordinates": [ 140.124896800000016, 35.5012521 ] } },
{ "type": "Feature", "properties": { "内容": "Ｃ＆Ｃクラブケアマネステーション【居宅介護支援】千葉県流山市美田６９番地の６０", "url2": "https://www.kaigokensaku.mhlw.go.jp/12/index.php?action_kouhyou_detail_004_kani=true&JigyosyoCd=1272502160-00&ServiceCd=430&Type=search" }, "geometry": { "type": "Point", "coordinates": [ 139.930559499999958, 35.8856135 ] } },
{ "type": "Feature", "properties": { "内容": "木下の介護　流山【居宅介護支援】千葉県流山市東初石3-128-13リアンレーヴ流山", "url2": "https://www.kaigokensaku.mhlw.go.jp/12/index.php?action_kouhyou_detail_004_kani=true&JigyosyoCd=1272502616-00&ServiceCd=430&Type=search" }, "geometry": { "type": "Point", "coordinates": [ 139.922756923278797, 35.881168249182458 ] } },
{ "type": "Feature", "properties": { "内容": "居宅介護支援事業所ソラスト流山【居宅介護支援】千葉県流山市松ヶ丘5-669-31グリーンキャッスル松ヶ丘B棟201グリーンキャッスル松ヶ丘B棟201", "url2": "https://www.kaigokensaku.mhlw.go.jp/12/index.php?action_kouhyou_detail_004_kani=true&JigyosyoCd=1272502566-00&ServiceCd=430&Type=search" }, "geometry": { "type": "Point", "coordinates": [ 139.946357499573736, 35.853219559119395 ] } },
{ "type": "Feature", "properties": { "内容": "健康倶楽部居宅介護支援事業所【居宅介護支援】千葉県流山市美原4-198-1", "url2": "https://www.kaigokensaku.mhlw.go.jp/12/index.php?action_kouhyou_detail_004_kani=true&JigyosyoCd=1272501394-00&ServiceCd=430&Type=search" }, "geometry": { "type": "Point", "coordinates": [ 139.9052309, 35.899960600000014 ] } },
{ "type": "Feature", "properties": { "内容": "指定居宅介護支援事業所リバーパレス流山【居宅介護支援】千葉県流山市西深井１４２", "url2": "https://www.kaigokensaku.mhlw.go.jp/12/index.php?action_kouhyou_detail_004_kani=true&JigyosyoCd=1272500099-00&ServiceCd=430&Type=search" }, "geometry": { "type": "Point", "coordinates": [ 139.893473299999982, 35.9075843 ] } },
{ "type": "Feature", "properties": { "内容": "流山ケアセンターそよ風【居宅介護支援】千葉県流山市加三丁目１番９", "url2": "https://www.kaigokensaku.mhlw.go.jp/12/index.php?action_kouhyou_detail_004_kani=true&JigyosyoCd=1272501949-00&ServiceCd=430&Type=search" }, "geometry": { "type": "Point", "coordinates": [ 139.9072569, 35.8602258 ] } },
{ "type": "Feature", "properties": { "内容": "ニチイケアセンター　流山北【居宅介護支援】千葉県流山市東初石4-187-19ニチイケアセンター流山北", "url2": "https://www.kaigokensaku.mhlw.go.jp/12/index.php?action_kouhyou_detail_004_kani=true&JigyosyoCd=1272500214-00&ServiceCd=430&Type=search" }, "geometry": { "type": "Point", "coordinates": [ 139.92347051230314, 35.884184795648565 ] } },
{ "type": "Feature", "properties": { "内容": "ウエルリーフ初石【居宅介護支援】千葉県流山市西初石3-3-17-1F", "url2": "https://www.kaigokensaku.mhlw.go.jp/12/index.php?action_kouhyou_detail_004_kani=true&JigyosyoCd=1272501758-00&ServiceCd=430&Type=search" }, "geometry": { "type": "Point", "coordinates": [ 139.912571671014035, 35.883885223311196 ] } },
{ "type": "Feature", "properties": { "内容": "居宅介護支援事業所　介護屋本舗流山【居宅介護支援】千葉県流山市平和台4丁目294-1", "url2": "https://www.kaigokensaku.mhlw.go.jp/12/index.php?action_kouhyou_detail_004_kani=true&JigyosyoCd=1272502905-00&ServiceCd=430&Type=search" }, "geometry": { "type": "Point", "coordinates": [ 139.9059205, 35.8513399 ] } },
{ "type": "Feature", "properties": { "内容": "ミアヘルサケアプラン流山運河【居宅介護支援】千葉県流山市西深井789-1", "url2": "https://www.kaigokensaku.mhlw.go.jp/12/index.php?action_kouhyou_detail_004_kani=true&JigyosyoCd=1272503457-00&ServiceCd=430&Type=search" }, "geometry": { "type": "Point", "coordinates": [ 139.901168899999988, 35.9144672 ] } },
{ "type": "Feature", "properties": { "内容": "指定居宅介護支援事業所こまぎ安心館【居宅介護支援】千葉県流山市駒木649番地の3", "url2": "https://www.kaigokensaku.mhlw.go.jp/12/index.php?action_kouhyou_detail_004_kani=true&JigyosyoCd=1272501519-00&ServiceCd=430&Type=search" }, "geometry": { "type": "Point", "coordinates": [ 139.9345035, 35.8852971 ] } },
{ "type": "Feature", "properties": { "内容": "指定居宅介護支援事業所あざみ苑【居宅介護支援】千葉県流山市野々下2丁目488番地5", "url2": "https://www.kaigokensaku.mhlw.go.jp/12/index.php?action_kouhyou_detail_004_kani=true&JigyosyoCd=1272500065-00&ServiceCd=430&Type=search" }, "geometry": { "type": "Point", "coordinates": [ 139.9324464, 35.8587098 ] } },
{ "type": "Feature", "properties": { "内容": "流山やわらぎ【居宅介護支援】千葉県流山市東深井880-115有料老人ホーム　サニーライフ流山", "url2": "https://www.kaigokensaku.mhlw.go.jp/12/index.php?action_kouhyou_detail_004_kani=true&JigyosyoCd=1272501477-00&ServiceCd=430&Type=search" }, "geometry": { "type": "Point", "coordinates": [ 139.909827299999961, 35.908962 ] } },
{ "type": "Feature", "properties": { "内容": "ニチイライフケア松ヶ丘公園ケアプランセンター【居宅介護支援】千葉県流山市松ヶ丘4-496-1", "url2": "https://www.kaigokensaku.mhlw.go.jp/12/index.php?action_kouhyou_detail_004_kani=true&JigyosyoCd=1272503614-00&ServiceCd=430&Type=search" }, "geometry": { "type": "Point", "coordinates": [ 139.945981986848324, 35.849528932483565 ] } },
{ "type": "Feature", "properties": { "内容": "居宅介護支援センター時の花【居宅介護支援】千葉県流山市流山9-500-31", "url2": "https://www.kaigokensaku.mhlw.go.jp/12/index.php?action_kouhyou_detail_004_kani=true&JigyosyoCd=1272503531-00&ServiceCd=430&Type=search" }, "geometry": { "type": "Point", "coordinates": [ 139.901447600000012, 35.8480914 ] } },
{ "type": "Feature", "properties": { "内容": "居宅介護支援センター花のいろ【居宅介護支援】千葉県流山市中野久木421", "url2": "https://www.kaigokensaku.mhlw.go.jp/12/index.php?action_kouhyou_detail_004_kani=true&JigyosyoCd=1272502715-00&ServiceCd=430&Type=search" }, "geometry": { "type": "Point", "coordinates": [ 139.899421156451893, 35.894012343656563 ] } },
{ "type": "Feature", "properties": { "内容": "居宅介護支援センター月の船【居宅介護支援】千葉県流山市野々下1-292", "url2": "https://www.kaigokensaku.mhlw.go.jp/12/index.php?action_kouhyou_detail_004_kani=true&JigyosyoCd=1272502368-00&ServiceCd=430&Type=search" }, "geometry": { "type": "Point", "coordinates": [ 139.92536640000003, 35.861517400000018 ] } },
{ "type": "Feature", "properties": { "内容": "居宅介護支援センター春の苑【居宅介護支援】千葉県流山市東深井520-1", "url2": "https://www.kaigokensaku.mhlw.go.jp/12/index.php?action_kouhyou_detail_004_kani=true&JigyosyoCd=1272501162-00&ServiceCd=430&Type=search" }, "geometry": { "type": "Point", "coordinates": [ 139.91305710000006, 35.9158473 ] } },
{ "type": "Feature", "properties": { "内容": "有限会社ふじ介護サービス指定居宅介護支援事業所【居宅介護支援】千葉県流山市富士見台２－５－１小田急ハイツ２２－３０６", "url2": "https://www.kaigokensaku.mhlw.go.jp/12/index.php?action_kouhyou_detail_004_kani=true&JigyosyoCd=1272501436-00&ServiceCd=430&Type=search" }, "geometry": { "type": "Point", "coordinates": [ 139.903511799999933, 35.8938867 ] } },
{ "type": "Feature", "properties": { "内容": "ケアウェルサポート流山【居宅介護支援】千葉県流山市南流山1-1-6原ビル2　301", "url2": "https://www.kaigokensaku.mhlw.go.jp/12/index.php?action_kouhyou_detail_004_kani=true&JigyosyoCd=1272502400-00&ServiceCd=430&Type=search" }, "geometry": { "type": "Point", "coordinates": [ 139.904825073363526, 35.837621579655398 ] } },
{ "type": "Feature", "properties": { "内容": "わかるかいご相談センター流山【居宅介護支援】千葉県流山市鰭ヶ崎13111階", "url2": "https://www.kaigokensaku.mhlw.go.jp/12/index.php?action_kouhyou_detail_004_kani=true&JigyosyoCd=1272503226-00&ServiceCd=430&Type=search" }, "geometry": { "type": "Point", "coordinates": [ 139.910189767042539, 35.840194538517565 ] } },
{ "type": "Feature", "properties": { "内容": "さくらケアマネジメント流山【居宅介護支援】千葉県流山市南流山6-5-2-103", "url2": "https://www.kaigokensaku.mhlw.go.jp/12/index.php?action_kouhyou_detail_004_kani=true&JigyosyoCd=1272503143-00&ServiceCd=430&Type=search" }, "geometry": { "type": "Point", "coordinates": [ 139.8978919, 35.8357703 ] } },
{ "type": "Feature", "properties": { "内容": "指定居宅介護支援事業所ナーシングプラザ流山【居宅介護支援】千葉県流山市前ヶ崎248-1", "url2": "https://www.kaigokensaku.mhlw.go.jp/12/index.php?action_kouhyou_detail_004_kani=true&JigyosyoCd=1272500370-00&ServiceCd=430&Type=search" }, "geometry": { "type": "Point", "coordinates": [ 139.929949599999986, 35.8498611 ] } },
{ "type": "Feature", "properties": { "内容": "流山中央病院居宅介護支援事業所【居宅介護支援】千葉県流山市東初石2-117-3", "url2": "https://www.kaigokensaku.mhlw.go.jp/12/index.php?action_kouhyou_detail_004_kani=true&JigyosyoCd=1272500115-00&ServiceCd=430&Type=search" }, "geometry": { "type": "Point", "coordinates": [ 139.918836005557296, 35.88803201220869 ] } },
{ "type": "Feature", "properties": { "内容": "相談処ふるさと【居宅介護支援】千葉県流山市西松ケ丘1-41田中ハイツ102", "url2": "https://www.kaigokensaku.mhlw.go.jp/12/index.php?action_kouhyou_detail_004_kani=true&JigyosyoCd=1272502897-00&ServiceCd=430&Type=search" }, "geometry": { "type": "Point", "coordinates": [ 139.94488910000004, 35.8457802 ] } },
{ "type": "Feature", "properties": { "内容": "GTLケアプランセンター流山【居宅介護支援】千葉県流山市おおたかの森南1丁目25番地の4", "url2": "https://www.kaigokensaku.mhlw.go.jp/12/index.php?action_kouhyou_detail_004_kani=true&JigyosyoCd=1272501238-00&ServiceCd=430&Type=search" }, "geometry": { "type": "Point", "coordinates": [ 139.922699700000067, 35.8690634 ] } },
{ "type": "Feature", "properties": { "内容": "特定非営利活動法人流山ユー・アイネット【居宅介護支援】千葉県流山市東深井８６５－４４", "url2": "https://www.kaigokensaku.mhlw.go.jp/12/index.php?action_kouhyou_detail_004_kani=true&JigyosyoCd=1272500024-00&ServiceCd=430&Type=search" }, "geometry": { "type": "Point", "coordinates": [ 139.9095605, 35.9102952 ] } },
{ "type": "Feature", "properties": { "内容": "社会福祉法人流山市社会福祉協議会【居宅介護支援】千葉県流山市平和台２丁目１番地の２", "url2": "https://www.kaigokensaku.mhlw.go.jp/12/index.php?action_kouhyou_detail_004_kani=true&JigyosyoCd=1272500057-00&ServiceCd=430&Type=search" }, "geometry": { "type": "Point", "coordinates": [ 139.9032102, 35.8548793 ] } },
{ "type": "Feature", "properties": { "内容": "エール居宅介護支援事業所【居宅介護支援】千葉県流山市江戸川台西2-174", "url2": "https://www.kaigokensaku.mhlw.go.jp/12/index.php?action_kouhyou_detail_004_kani=true&JigyosyoCd=1272500768-00&ServiceCd=430&Type=search" }, "geometry": { "type": "Point", "coordinates": [ 139.910559222753903, 35.896340166093793 ] } },
{ "type": "Feature", "properties": { "内容": "東葛病院付属診療所【居宅介護支援】千葉県流山市下花輪409-6東葛病院付属診療所1階", "url2": "https://www.kaigokensaku.mhlw.go.jp/12/index.php?action_kouhyou_detail_004_kani=true&JigyosyoCd=1272502020-00&ServiceCd=430&Type=search" }, "geometry": { "type": "Point", "coordinates": [ 139.9024849, 35.8677246 ] } },
{ "type": "Feature", "properties": { "内容": "居宅介護支援事業所ハートケア流山【居宅介護支援】千葉県流山市小屋１４６－１", "url2": "https://www.kaigokensaku.mhlw.go.jp/12/index.php?action_kouhyou_detail_004_kani=true&JigyosyoCd=1272501501-00&ServiceCd=430&Type=search" }, "geometry": { "type": "Point", "coordinates": [ 139.896387399999981, 35.8939616 ] } },
{ "type": "Feature", "properties": { "内容": "指定居宅介護支援事業所はまなす苑【居宅介護支援】千葉県流山市こうのす台269番地1", "url2": "https://www.kaigokensaku.mhlw.go.jp/12/index.php?action_kouhyou_detail_004_kani=true&JigyosyoCd=1272501006-00&ServiceCd=430&Type=search" }, "geometry": { "type": "Point", "coordinates": [ 139.919179200000031, 35.9090482 ] } },
{ "type": "Feature", "properties": { "内容": "ふたば居宅介護支援事業所【居宅介護支援】千葉県流山市中野久木530番地1", "url2": "https://www.kaigokensaku.mhlw.go.jp/12/index.php?action_kouhyou_detail_004_kani=true&JigyosyoCd=1272502756-00&ServiceCd=430&Type=search" }, "geometry": { "type": "Point", "coordinates": [ 139.901351699999964, 35.8961058 ] } },
{ "type": "Feature", "properties": { "内容": "江陽台病院【居宅介護支援】千葉県流山市西深井３９３西棟２階", "url2": "https://www.kaigokensaku.mhlw.go.jp/12/index.php?action_kouhyou_detail_004_kani=true&JigyosyoCd=1212310753-00&ServiceCd=430&Type=search" }, "geometry": { "type": "Point", "coordinates": [ 139.892519788885437, 35.909851243352357 ] } },
{ "type": "Feature", "properties": { "内容": "居宅介護支援事業所アイビー【居宅介護支援】千葉県流山市平和台4-36-17マルショウビル202", "url2": "https://www.kaigokensaku.mhlw.go.jp/12/index.php?action_kouhyou_detail_004_kani=true&JigyosyoCd=1272503416-00&ServiceCd=430&Type=search" }, "geometry": { "type": "Point", "coordinates": [ 139.9047697, 35.8514087 ] } },
{ "type": "Feature", "properties": { "内容": "葵介護サービス【居宅介護支援】千葉県松戸市横須賀2－21－11", "url2": "https://www.kaigokensaku.mhlw.go.jp/12/index.php?action_kouhyou_detail_004_kani=true&JigyosyoCd=1271204834-00&ServiceCd=430&Type=search" }, "geometry": { "type": "Point", "coordinates": [ 139.9110101, 35.836396 ] } },
{ "type": "Feature", "properties": { "内容": "あおぞら居宅介護支援事業所【居宅介護支援】千葉県流山市桐ケ谷２１８", "url2": "https://www.kaigokensaku.mhlw.go.jp/12/index.php?action_kouhyou_detail_004_kani=true&JigyosyoCd=1272503101-00&ServiceCd=430&Type=search" }, "geometry": { "type": "Point", "coordinates": [ 139.907962, 35.8771731 ] } },
{ "type": "Feature", "properties": { "内容": "居宅介護支援事業所　フィレール【居宅介護支援】千葉県流山市大字東深井９４４－７", "url2": "https://www.kaigokensaku.mhlw.go.jp/12/index.php?action_kouhyou_detail_004_kani=true&JigyosyoCd=1272502459-00&ServiceCd=430&Type=search" }, "geometry": { "type": "Point", "coordinates": [ 139.915864738675367, 35.908093240457617 ] } },
{ "type": "Feature", "properties": { "内容": "ケアプランニング流山【居宅介護支援】千葉県流山市青田52-1", "url2": "https://www.kaigokensaku.mhlw.go.jp/12/index.php?action_kouhyou_detail_004_kani=true&JigyosyoCd=1272500818-00&ServiceCd=430&Type=search" }, "geometry": { "type": "Point", "coordinates": [ 139.923490300000026, 35.8988581 ] } },
{ "type": "Feature", "properties": { "内容": "居宅介護支援事業所美晴らしの里【居宅介護支援】千葉県流山市西平井2-6-1流山もりのまちクリニック３階", "url2": "https://www.kaigokensaku.mhlw.go.jp/12/index.php?action_kouhyou_detail_004_kani=true&JigyosyoCd=1272502426-00&ServiceCd=430&Type=search" }, "geometry": { "type": "Point", "coordinates": [ 139.9096110000919, 35.848226907249447 ] } },
{ "type": "Feature", "properties": { "内容": "ブライト・ライフケアプラン流山【居宅介護支援】千葉県流山市平和台４ー２９４－１－２階", "url2": "https://www.kaigokensaku.mhlw.go.jp/12/index.php?action_kouhyou_detail_004_kani=true&JigyosyoCd=1272503671-00&ServiceCd=430&Type=search" }, "geometry": { "type": "Point", "coordinates": [ 139.9059205, 35.8513399 ] } },
{ "type": "Feature", "properties": { "内容": "生活クラブ風の村ケアプランセンター流山【居宅介護支援】千葉県流山市東深井29-1コープきゃら　B101", "url2": "https://www.kaigokensaku.mhlw.go.jp/12/index.php?action_kouhyou_detail_004_kani=true&JigyosyoCd=1272502103-00&ServiceCd=430&Type=search" }, "geometry": { "type": "Point", "coordinates": [ 139.902761400000031, 35.9059263 ] } },
{ "type": "Feature", "properties": { "内容": "特定非営利活動法人まごころネットワーク【居宅介護支援】千葉県流山市大畔５３７番地", "url2": "https://www.kaigokensaku.mhlw.go.jp/12/index.php?action_kouhyou_detail_004_kani=true&JigyosyoCd=1272500297-00&ServiceCd=430&Type=search" }, "geometry": { "type": "Point", "coordinates": [ 139.9150919, 35.8739597 ] } },
{ "type": "Feature", "properties": { "内容": "ハーブランド介護サービス流山【居宅介護支援】千葉県流山市平和台2-4-3-102", "url2": "https://www.kaigokensaku.mhlw.go.jp/12/index.php?action_kouhyou_detail_004_kani=true&JigyosyoCd=1272503606-00&ServiceCd=430&Type=search" }, "geometry": { "type": "Point", "coordinates": [ 139.9039731, 35.8549418 ] } },
{ "type": "Feature", "properties": { "内容": "アイズケア居宅介護支援事業所【居宅介護支援】千葉県八千代市大和田1011番地8木下貸店舗", "url2": "https://www.kaigokensaku.mhlw.go.jp/12/index.php?action_kouhyou_detail_004_kani=true&JigyosyoCd=1272602580-00&ServiceCd=430&Type=search" }, "geometry": { "type": "Point", "coordinates": [ 140.108560899999929, 35.711389199999985 ] } },
{ "type": "Feature", "properties": { "内容": "あさひ居宅介護支援センター【居宅介護支援】千葉県八千代市勝田台5－18－16", "url2": "https://www.kaigokensaku.mhlw.go.jp/12/index.php?action_kouhyou_detail_004_kani=true&JigyosyoCd=1272602622-00&ServiceCd=430&Type=search" }, "geometry": { "type": "Point", "coordinates": [ 140.134639099999958, 35.7065206 ] } },
{ "type": "Feature", "properties": { "内容": "ケアプランサポート【居宅介護支援】千葉県八千代市保品９７０番地７", "url2": "https://www.kaigokensaku.mhlw.go.jp/12/index.php?action_kouhyou_detail_004_kani=true&JigyosyoCd=1272602630-00&ServiceCd=430&Type=search" }, "geometry": { "type": "Point", "coordinates": [ 140.140048799999931, 35.760964 ] } },
{ "type": "Feature", "properties": { "内容": "居宅介護支援事業所グリーンケア【居宅介護支援】千葉県八千代市大和田新田916-10", "url2": "https://www.kaigokensaku.mhlw.go.jp/12/index.php?action_kouhyou_detail_004_kani=true&JigyosyoCd=1272603315-00&ServiceCd=430&Type=search" }, "geometry": { "type": "Point", "coordinates": [ 140.082927899999987, 35.7263133 ] } },
{ "type": "Feature", "properties": { "内容": "ベルグランデ居宅介護支援事業所【居宅介護支援】千葉県八千代市緑が丘１－３－２", "url2": "https://www.kaigokensaku.mhlw.go.jp/12/index.php?action_kouhyou_detail_004_kani=true&JigyosyoCd=1272601640-00&ServiceCd=430&Type=search" }, "geometry": { "type": "Point", "coordinates": [ 140.075180199999977, 35.7307863 ] } },
{ "type": "Feature", "properties": { "内容": "ケアプラン相談室・元気庵八千代店【居宅介護支援】千葉県八千代市勝田台北１－２－１１", "url2": "https://www.kaigokensaku.mhlw.go.jp/12/index.php?action_kouhyou_detail_004_kani=true&JigyosyoCd=1272602747-00&ServiceCd=430&Type=search" }, "geometry": { "type": "Point", "coordinates": [ 140.125611625310142, 35.716611747803192 ] } },
{ "type": "Feature", "properties": { "内容": "在宅コーディネート八千代台【居宅介護支援】千葉県八千代市八千代台北1-7-1", "url2": "https://www.kaigokensaku.mhlw.go.jp/12/index.php?action_kouhyou_detail_004_kani=true&JigyosyoCd=1272603984-00&ServiceCd=430&Type=search" }, "geometry": { "type": "Point", "coordinates": [ 140.0913439, 35.7024538 ] } },
{ "type": "Feature", "properties": { "内容": "トータルケアプランはにーびぃ【居宅介護支援】千葉県八千代市勝田台北2-23-1", "url2": "https://www.kaigokensaku.mhlw.go.jp/12/index.php?action_kouhyou_detail_004_kani=true&JigyosyoCd=1272603976-00&ServiceCd=430&Type=search" }, "geometry": { "type": "Point", "coordinates": [ 140.1207871, 35.7184206 ] } },
{ "type": "Feature", "properties": { "内容": "居宅介護支援事業所　オーケーサービス【居宅介護支援】千葉県八千代市吉橋1113-1", "url2": "https://www.kaigokensaku.mhlw.go.jp/12/index.php?action_kouhyou_detail_004_kani=true&JigyosyoCd=1272600154-00&ServiceCd=430&Type=search" }, "geometry": { "type": "Point", "coordinates": [ 140.07871810000006, 35.7392661 ] } },
{ "type": "Feature", "properties": { "内容": "勝田台病院【居宅介護支援】千葉県八千代市勝田622-2", "url2": "https://www.kaigokensaku.mhlw.go.jp/12/index.php?action_kouhyou_detail_004_kani=true&JigyosyoCd=1210410647-00&ServiceCd=430&Type=search" }, "geometry": { "type": "Point", "coordinates": [ 140.12519, 35.7054066 ] } },
{ "type": "Feature", "properties": { "内容": "勝田台ケアセンターそよ風【居宅介護支援】千葉県八千代市下市場1-14-17", "url2": "https://www.kaigokensaku.mhlw.go.jp/12/index.php?action_kouhyou_detail_004_kani=true&JigyosyoCd=1272601772-00&ServiceCd=430&Type=search" }, "geometry": { "type": "Point", "coordinates": [ 140.117475900000045, 35.718060800000011 ] } },
{ "type": "Feature", "properties": { "内容": "ケアプランＨａｎａ八千代【居宅介護支援】千葉県八千代市ゆりのき台1-4-2イワイビルⅡ201号", "url2": "https://www.kaigokensaku.mhlw.go.jp/12/index.php?action_kouhyou_detail_004_kani=true&JigyosyoCd=1272603844-00&ServiceCd=430&Type=search" }, "geometry": { "type": "Point", "coordinates": [ 140.104855, 35.7254235 ] } },
{ "type": "Feature", "properties": { "内容": "介護相談室どんぐり【居宅介護支援】千葉県八千代市高津825-18", "url2": "https://www.kaigokensaku.mhlw.go.jp/12/index.php?action_kouhyou_detail_004_kani=true&JigyosyoCd=1272603331-00&ServiceCd=430&Type=search" }, "geometry": { "type": "Point", "coordinates": [ 140.081770299999988, 35.7176607 ] } },
{ "type": "Feature", "properties": { "内容": "マイミーケアサービス【居宅介護支援】千葉県八千代市勝田台３－９－２", "url2": "https://www.kaigokensaku.mhlw.go.jp/12/index.php?action_kouhyou_detail_004_kani=true&JigyosyoCd=1272603281-00&ServiceCd=430&Type=search" }, "geometry": { "type": "Point", "coordinates": [ 140.127924600000028, 35.7090158 ] } },
{ "type": "Feature", "properties": { "内容": "ケアプランセンター大和田【居宅介護支援】千葉県八千代市大和田328-1", "url2": "https://www.kaigokensaku.mhlw.go.jp/12/index.php?action_kouhyou_detail_004_kani=true&JigyosyoCd=1272603919-00&ServiceCd=430&Type=search" }, "geometry": { "type": "Point", "coordinates": [ 140.1092056, 35.7135824 ] } },
{ "type": "Feature", "properties": { "内容": "ケアプランかつた【居宅介護支援】千葉県八千代市勝田台1丁目26-11-103テーミス勝田台", "url2": "https://www.kaigokensaku.mhlw.go.jp/12/index.php?action_kouhyou_detail_004_kani=true&JigyosyoCd=1272604040-00&ServiceCd=430&Type=search" }, "geometry": { "type": "Point", "coordinates": [ 140.1258718, 35.7133885 ] } },
{ "type": "Feature", "properties": { "内容": "居宅介護支援センター愛敬【居宅介護支援】千葉県八千代市米本2207-8", "url2": "https://www.kaigokensaku.mhlw.go.jp/12/index.php?action_kouhyou_detail_004_kani=true&JigyosyoCd=1272602010-00&ServiceCd=430&Type=search" }, "geometry": { "type": "Point", "coordinates": [ 140.114900799999987, 35.7554421 ] } },
{ "type": "Feature", "properties": { "内容": "在宅介護支援センター愛生苑【居宅介護支援】千葉県八千代市吉橋1059-17", "url2": "https://www.kaigokensaku.mhlw.go.jp/12/index.php?action_kouhyou_detail_004_kani=true&JigyosyoCd=1272600055-00&ServiceCd=430&Type=search" }, "geometry": { "type": "Point", "coordinates": [ 140.075541539286831, 35.732633746421435 ] } },
{ "type": "Feature", "properties": { "内容": "特定非営利活動法人ユーアイやちよ【居宅介護支援】千葉県八千代市八千代台西8丁目１６－１", "url2": "https://www.kaigokensaku.mhlw.go.jp/12/index.php?action_kouhyou_detail_004_kani=true&JigyosyoCd=1272601970-00&ServiceCd=430&Type=search" }, "geometry": { "type": "Point", "coordinates": [ 140.081700899999987, 35.697782 ] } },
{ "type": "Feature", "properties": { "内容": "居宅支援事業所ひばりの郷【居宅介護支援】千葉県八千代市大和田５３", "url2": "https://www.kaigokensaku.mhlw.go.jp/12/index.php?action_kouhyou_detail_004_kani=true&JigyosyoCd=1272602267-00&ServiceCd=430&Type=search" }, "geometry": { "type": "Point", "coordinates": [ 140.100067200000012, 35.7166469 ] } },
{ "type": "Feature", "properties": { "内容": "NPO法人ユーアイやちよ勝田台【居宅介護支援】千葉県八千代市勝田台３丁目１２－５", "url2": "https://www.kaigokensaku.mhlw.go.jp/12/index.php?action_kouhyou_detail_004_kani=true&JigyosyoCd=1272601871-00&ServiceCd=430&Type=search" }, "geometry": { "type": "Point", "coordinates": [ 140.128032870916741, 35.710070131248365 ] } },
{ "type": "Feature", "properties": { "内容": "癒しのケアプランセンター八千代台【居宅介護支援】千葉県八千代市八千代台西9-14-2", "url2": "https://www.kaigokensaku.mhlw.go.jp/12/index.php?action_kouhyou_detail_004_kani=true&JigyosyoCd=1272601491-00&ServiceCd=430&Type=search" }, "geometry": { "type": "Point", "coordinates": [ 140.082662, 35.6949962 ] } },
{ "type": "Feature", "properties": { "内容": "介護老人保健施設ばらの里【居宅介護支援】千葉県八千代市島田台字大東台764-2", "url2": "https://www.kaigokensaku.mhlw.go.jp/12/index.php?action_kouhyou_detail_004_kani=true&JigyosyoCd=1250480038-00&ServiceCd=430&Type=search" }, "geometry": { "type": "Point", "coordinates": [ 140.087998199999987, 35.7590346 ] } },
{ "type": "Feature", "properties": { "内容": "ファミリーケアプラン大和田【居宅介護支援】千葉県八千代市大和田138-3", "url2": "https://www.kaigokensaku.mhlw.go.jp/12/index.php?action_kouhyou_detail_004_kani=true&JigyosyoCd=1272603802-00&ServiceCd=430&Type=search" }, "geometry": { "type": "Point", "coordinates": [ 140.1052771, 35.716869 ] } },
{ "type": "Feature", "properties": { "内容": "八千代市在宅介護支援センター八千代城【居宅介護支援】千葉県八千代市保品２０７０－５", "url2": "https://www.kaigokensaku.mhlw.go.jp/12/index.php?action_kouhyou_detail_004_kani=true&JigyosyoCd=1272600105-00&ServiceCd=430&Type=search" }, "geometry": { "type": "Point", "coordinates": [ 140.124982400000022, 35.7606626 ] } },
{ "type": "Feature", "properties": { "内容": "在宅介護支援センター美香苑【居宅介護支援】千葉県八千代市村上６４１", "url2": "https://www.kaigokensaku.mhlw.go.jp/12/index.php?action_kouhyou_detail_004_kani=true&JigyosyoCd=1272600030-00&ServiceCd=430&Type=search" }, "geometry": { "type": "Point", "coordinates": [ 140.119379, 35.7426503 ] } },
{ "type": "Feature", "properties": { "内容": "ケアプラン　ソイシア【居宅介護支援】千葉県八千代市大和田新田239-1ダイワプラザ飯盛台102号", "url2": "https://www.kaigokensaku.mhlw.go.jp/12/index.php?action_kouhyou_detail_004_kani=true&JigyosyoCd=1272603489-00&ServiceCd=430&Type=search" }, "geometry": { "type": "Point", "coordinates": [ 140.0955976, 35.7189224 ] } },
{ "type": "Feature", "properties": { "内容": "ニチイケアセンター八千代緑が丘【居宅介護支援】千葉県八千代市大和田新田66-7", "url2": "https://www.kaigokensaku.mhlw.go.jp/12/index.php?action_kouhyou_detail_004_kani=true&JigyosyoCd=1272600600-00&ServiceCd=430&Type=search" }, "geometry": { "type": "Point", "coordinates": [ 140.072000500000058, 35.7213373 ] } },
{ "type": "Feature", "properties": { "内容": "ファーストステージ居宅介護支援センター【居宅介護支援】千葉県八千代市緑が丘1-1-1", "url2": "https://www.kaigokensaku.mhlw.go.jp/12/index.php?action_kouhyou_detail_004_kani=true&JigyosyoCd=1272600998-00&ServiceCd=430&Type=search" }, "geometry": { "type": "Point", "coordinates": [ 140.07285550000006, 35.729578 ] } },
{ "type": "Feature", "properties": { "内容": "SOMPOケア　八千代　居宅介護支援【居宅介護支援】千葉県八千代市ゆりのき台1丁目11番2ソレイユⅡ1階", "url2": "https://www.kaigokensaku.mhlw.go.jp/12/index.php?action_kouhyou_detail_004_kani=true&JigyosyoCd=1272603778-00&ServiceCd=430&Type=search" }, "geometry": { "type": "Point", "coordinates": [ 140.102940100000012, 35.7275564 ] } },
{ "type": "Feature", "properties": { "内容": "ヒカリ・ケアプラン【居宅介護支援】千葉県八千代市大和田新田198-1ヴィオレット　203", "url2": "https://www.kaigokensaku.mhlw.go.jp/12/index.php?action_kouhyou_detail_004_kani=true&JigyosyoCd=1272603190-00&ServiceCd=430&Type=search" }, "geometry": { "type": "Point", "coordinates": [ 140.096347899999955, 35.7212019 ] } },
{ "type": "Feature", "properties": { "内容": "ういず・ユー支え愛【居宅介護支援】千葉県八千代市勝田台3-3-1ファミール勝田台　1", "url2": "https://www.kaigokensaku.mhlw.go.jp/12/index.php?action_kouhyou_detail_004_kani=true&JigyosyoCd=1272601731-00&ServiceCd=430&Type=search" }, "geometry": { "type": "Point", "coordinates": [ 140.12568, 35.7083589 ] } },
{ "type": "Feature", "properties": { "内容": "在宅介護支援センターはなみずき【居宅介護支援】千葉県八千代市島田台９９８番４", "url2": "https://www.kaigokensaku.mhlw.go.jp/12/index.php?action_kouhyou_detail_004_kani=true&JigyosyoCd=1272600147-00&ServiceCd=430&Type=search" }, "geometry": { "type": "Point", "coordinates": [ 140.0980151, 35.7702923 ] } },
{ "type": "Feature", "properties": { "内容": "ケアーズ指定居宅介護支援事業所【居宅介護支援】千葉県八千代市高津６５９－２０", "url2": "https://www.kaigokensaku.mhlw.go.jp/12/index.php?action_kouhyou_detail_004_kani=true&JigyosyoCd=1272600550-00&ServiceCd=430&Type=search" }, "geometry": { "type": "Point", "coordinates": [ 140.085607900000014, 35.7162189 ] } },
{ "type": "Feature", "properties": { "内容": "グリーンヒル八千代台居宅介護支援【居宅介護支援】千葉県八千代市八千代台西7-2-69", "url2": "https://www.kaigokensaku.mhlw.go.jp/12/index.php?action_kouhyou_detail_004_kani=true&JigyosyoCd=1272601350-00&ServiceCd=430&Type=search" }, "geometry": { "type": "Point", "coordinates": [ 140.085217100000023, 35.7026066 ] } },
{ "type": "Feature", "properties": { "内容": "こひつじ八千代居宅介護支援センター【居宅介護支援】千葉県八千代市高津東1-5-4", "url2": "https://www.kaigokensaku.mhlw.go.jp/12/index.php?action_kouhyou_detail_004_kani=true&JigyosyoCd=1272603703-00&ServiceCd=430&Type=search" }, "geometry": { "type": "Point", "coordinates": [ 140.0891675, 35.7131225 ] } },
{ "type": "Feature", "properties": { "内容": "セントマーガレット病院【居宅介護支援】千葉県八千代市上高野450", "url2": "https://www.kaigokensaku.mhlw.go.jp/12/index.php?action_kouhyou_detail_004_kani=true&JigyosyoCd=1272600071-00&ServiceCd=430&Type=search" }, "geometry": { "type": "Point", "coordinates": [ 140.128081299999963, 35.7381093 ] } },
{ "type": "Feature", "properties": { "内容": "居宅介護支援事業所　ういず・ユー　支え愛　緑が丘【居宅介護支援】千葉県八千代市大和田新田76-43加瀬ビル2A", "url2": "https://www.kaigokensaku.mhlw.go.jp/12/index.php?action_kouhyou_detail_004_kani=true&JigyosyoCd=1272603307-00&ServiceCd=430&Type=search" }, "geometry": { "type": "Point", "coordinates": [ 140.075813031881609, 35.722613073647977 ] } },
{ "type": "Feature", "properties": { "内容": "八千代ケアセンター【居宅介護支援】千葉県八千代市島田55-1", "url2": "https://www.kaigokensaku.mhlw.go.jp/12/index.php?action_kouhyou_detail_004_kani=true&JigyosyoCd=1250480020-00&ServiceCd=430&Type=search" }, "geometry": { "type": "Point", "coordinates": [ 140.093846799999938, 35.764551 ] } },
{ "type": "Feature", "properties": { "内容": "アネラケアサポート【居宅介護支援】千葉県八千代市高津491-1アルプローズ1A", "url2": "https://www.kaigokensaku.mhlw.go.jp/12/index.php?action_kouhyou_detail_004_kani=true&JigyosyoCd=1272603653-00&ServiceCd=430&Type=search" }, "geometry": { "type": "Point", "coordinates": [ 140.0860491, 35.7153162 ] } },
{ "type": "Feature", "properties": { "内容": "ハルノウタ介護相談室【居宅介護支援】千葉県八千代市大和田新田1092-39コーポ西八千代B棟103", "url2": "https://www.kaigokensaku.mhlw.go.jp/12/index.php?action_kouhyou_detail_004_kani=true&JigyosyoCd=1272603786-00&ServiceCd=430&Type=search" }, "geometry": { "type": "Point", "coordinates": [ 140.065479, 35.7260677 ] } },
{ "type": "Feature", "properties": { "内容": "まちのナースステーション八千代【居宅介護支援】千葉県八千代市ゆりのき台５－２－３", "url2": "https://www.kaigokensaku.mhlw.go.jp/12/index.php?action_kouhyou_detail_004_kani=true&JigyosyoCd=1260490110-00&ServiceCd=430&Type=search" }, "geometry": { "type": "Point", "coordinates": [ 140.1033075, 35.7311517 ] } },
{ "type": "Feature", "properties": { "内容": "コープみらい高津介護センター【居宅介護支援】千葉県八千代市大和田新田60-4飯田商事ビル　3Ｆ", "url2": "https://www.kaigokensaku.mhlw.go.jp/12/index.php?action_kouhyou_detail_004_kani=true&JigyosyoCd=1272602259-00&ServiceCd=430&Type=search" }, "geometry": { "type": "Point", "coordinates": [ 140.075641633204668, 35.720717978338598 ] } },
{ "type": "Feature", "properties": { "内容": "ケアプランとぅるう【居宅介護支援】千葉県八千代市緑が丘西３丁目１３番地２１八千代有床診療所併設", "url2": "https://www.kaigokensaku.mhlw.go.jp/12/index.php?action_kouhyou_detail_004_kani=true&JigyosyoCd=1272603836-00&ServiceCd=430&Type=search" }, "geometry": { "type": "Point", "coordinates": [ 140.0702997, 35.7374189 ] } },
{ "type": "Feature", "properties": { "内容": "ライフパートナー居宅介護支援事業所【居宅介護支援】千葉県八千代市大和田新田229-2", "url2": "https://www.kaigokensaku.mhlw.go.jp/12/index.php?action_kouhyou_detail_004_kani=true&JigyosyoCd=1272600964-00&ServiceCd=430&Type=search" }, "geometry": { "type": "Point", "coordinates": [ 140.096612, 35.7172134 ] } },
{ "type": "Feature", "properties": { "内容": "八千代在宅介護センター【居宅介護支援】千葉県八千代市大和田新田312-9小林店舗3号", "url2": "https://www.kaigokensaku.mhlw.go.jp/12/index.php?action_kouhyou_detail_004_kani=true&JigyosyoCd=1272600477-00&ServiceCd=430&Type=search" }, "geometry": { "type": "Point", "coordinates": [ 140.100905499999953, 35.7226879 ] } },
{ "type": "Feature", "properties": { "内容": "在宅コーディネート八千代台【居宅介護支援】千葉県八千代市八千代台北1-7-1", "url2": "https://www.kaigokensaku.mhlw.go.jp/12/index.php?action_kouhyou_detail_004_kani=true&JigyosyoCd=1272603513-00&ServiceCd=430&Type=search" }, "geometry": { "type": "Point", "coordinates": [ 140.0912654, 35.7024177 ] } },
{ "type": "Feature", "properties": { "内容": "ケアプランセンターオガール八千代台【居宅介護支援】千葉県八千代市八千代台西8-15-7", "url2": "https://www.kaigokensaku.mhlw.go.jp/12/index.php?action_kouhyou_detail_004_kani=true&JigyosyoCd=1272602978-00&ServiceCd=430&Type=search" }, "geometry": { "type": "Point", "coordinates": [ 140.08210639999993, 35.697782 ] } },
{ "type": "Feature", "properties": { "内容": "指定相談支援アットコレット八千代台【居宅介護支援】千葉県八千代市八千代台北5-3-17酒井ビル2階A号室", "url2": "https://www.kaigokensaku.mhlw.go.jp/12/index.php?action_kouhyou_detail_004_kani=true&JigyosyoCd=1272604057-00&ServiceCd=430&Type=search" }, "geometry": { "type": "Point", "coordinates": [ 140.0899303, 35.7046491 ] } },
{ "type": "Feature", "properties": { "内容": "居宅介護支援事業所てまり【居宅介護支援】千葉県八千代市勝田台北1丁目5-19", "url2": "https://www.kaigokensaku.mhlw.go.jp/12/index.php?action_kouhyou_detail_004_kani=true&JigyosyoCd=1272601442-00&ServiceCd=430&Type=search" }, "geometry": { "type": "Point", "coordinates": [ 140.124197399999957, 35.7174166 ] } },
{ "type": "Feature", "properties": { "内容": "ユーカリ優都苑勝田台居宅介護支援事業所【居宅介護支援】千葉県八千代市勝田台1-22-4中村ハイツ　F号室", "url2": "https://www.kaigokensaku.mhlw.go.jp/12/index.php?action_kouhyou_detail_004_kani=true&JigyosyoCd=1272602754-00&ServiceCd=430&Type=search" }, "geometry": { "type": "Point", "coordinates": [ 140.123341849954159, 35.713880466961577 ] } },
{ "type": "Feature", "properties": { "内容": "あおぞらの里八千代ケアプランセンター【居宅介護支援】千葉県八千代市高津699-1", "url2": "https://www.kaigokensaku.mhlw.go.jp/12/index.php?action_kouhyou_detail_004_kani=true&JigyosyoCd=1272602788-00&ServiceCd=430&Type=search" }, "geometry": { "type": "Point", "coordinates": [ 140.0845607, 35.7178687 ] } },
{ "type": "Feature", "properties": { "内容": "居宅介護ステーション通楽八千代【居宅介護支援】千葉県八千代市米本2261-1サービス付き高齢者向け住宅天賀八千代", "url2": "https://www.kaigokensaku.mhlw.go.jp/12/index.php?action_kouhyou_detail_004_kani=true&JigyosyoCd=1272602994-00&ServiceCd=430&Type=search" }, "geometry": { "type": "Point", "coordinates": [ 140.117853991590181, 35.752085839351345 ] } },
{ "type": "Feature", "properties": { "内容": "ラウンド＆ケア居宅介護支援事務所八千代台【居宅介護支援】千葉県八千代市八千代台西１－６－２梅翁ビル４階", "url2": "https://www.kaigokensaku.mhlw.go.jp/12/index.php?action_kouhyou_detail_004_kani=true&JigyosyoCd=1272603869-00&ServiceCd=430&Type=search" }, "geometry": { "type": "Point", "coordinates": [ 140.089493299999987, 35.7013685 ] } },
{ "type": "Feature", "properties": { "内容": "指定居宅介護支援事業所ほうゆうの里【居宅介護支援】千葉県八千代市上高野１５７ほうゆうの里", "url2": "https://www.kaigokensaku.mhlw.go.jp/12/index.php?action_kouhyou_detail_004_kani=true&JigyosyoCd=1272602739-00&ServiceCd=430&Type=search" }, "geometry": { "type": "Point", "coordinates": [ 140.127800200000024, 35.7446531 ] } },
{ "type": "Feature", "properties": { "内容": "イリーゼ八千代台居宅介護支援事業所【居宅介護支援】千葉県八千代市八千代台北4-18-14", "url2": "https://www.kaigokensaku.mhlw.go.jp/12/index.php?action_kouhyou_detail_004_kani=true&JigyosyoCd=1272604123-00&ServiceCd=430&Type=search" }, "geometry": { "type": "Point", "coordinates": [ 140.0938899, 35.7059509 ] } },
{ "type": "Feature", "properties": { "内容": "総合介護支援サービス　つながり【居宅介護支援】千葉県我孫子市湖北台6-10-6", "url2": "https://www.kaigokensaku.mhlw.go.jp/12/index.php?action_kouhyou_detail_004_kani=true&JigyosyoCd=1272701630-00&ServiceCd=430&Type=search" }, "geometry": { "type": "Point", "coordinates": [ 140.071221199999968, 35.859352 ] } },
{ "type": "Feature", "properties": { "内容": "あずみ苑我孫子【居宅介護支援】千葉県我孫子市柴崎1261-7", "url2": "https://www.kaigokensaku.mhlw.go.jp/12/index.php?action_kouhyou_detail_004_kani=true&JigyosyoCd=1272701978-00&ServiceCd=430&Type=search" }, "geometry": { "type": "Point", "coordinates": [ 140.050290100000012, 35.8754474 ] } },
{ "type": "Feature", "properties": { "内容": "あずみ苑我孫子【居宅介護支援】千葉県我孫子市柴崎1261-7", "url2": "https://www.kaigokensaku.mhlw.go.jp/12/index.php?action_kouhyou_detail_004_kani=true&JigyosyoCd=1272700764-00&ServiceCd=430&Type=search" }, "geometry": { "type": "Point", "coordinates": [ 140.05053410000005, 35.8754884 ] } },
{ "type": "Feature", "properties": { "内容": "みずほケア我孫子ステーション【居宅介護支援】千葉県我孫子市柴崎台４－１３－１３", "url2": "https://www.kaigokensaku.mhlw.go.jp/12/index.php?action_kouhyou_detail_004_kani=true&JigyosyoCd=1272700756-00&ServiceCd=430&Type=search" }, "geometry": { "type": "Point", "coordinates": [ 140.046545499999979, 35.8765909 ] } },
{ "type": "Feature", "properties": { "内容": "ケアプランセンター　ジェイケア【居宅介護支援】千葉県我孫子市本町2-3-3星野ビル４階", "url2": "https://www.kaigokensaku.mhlw.go.jp/12/index.php?action_kouhyou_detail_004_kani=true&JigyosyoCd=1272702117-00&ServiceCd=430&Type=search" }, "geometry": { "type": "Point", "coordinates": [ 140.0114878, 35.87196320000001 ] } },
{ "type": "Feature", "properties": { "内容": "あおばケアプラン【居宅介護支援】千葉県我孫子市青山台4-23-15", "url2": "https://www.kaigokensaku.mhlw.go.jp/12/index.php?action_kouhyou_detail_004_kani=true&JigyosyoCd=1272702018-00&ServiceCd=430&Type=search" }, "geometry": { "type": "Point", "coordinates": [ 140.0479937, 35.8766317 ] } },
{ "type": "Feature", "properties": { "内容": "在宅福祉サービスまどか【居宅介護支援】千葉県我孫子市天王台2-3-1", "url2": "https://www.kaigokensaku.mhlw.go.jp/12/index.php?action_kouhyou_detail_004_kani=true&JigyosyoCd=1272700079-00&ServiceCd=430&Type=search" }, "geometry": { "type": "Point", "coordinates": [ 140.045251399999984, 35.8720055 ] } },
{ "type": "Feature", "properties": { "内容": "有限会社　ライフサポート【居宅介護支援】千葉県我孫子市布佐２９２５－６", "url2": "https://www.kaigokensaku.mhlw.go.jp/12/index.php?action_kouhyou_detail_004_kani=true&JigyosyoCd=1272700319-00&ServiceCd=430&Type=search" }, "geometry": { "type": "Point", "coordinates": [ 140.137787600000024, 35.8479488 ] } },
{ "type": "Feature", "properties": { "内容": "わごころ総合相談支援センター【居宅介護支援】千葉県我孫子市柴崎台2-8-10坂入ビル２階", "url2": "https://www.kaigokensaku.mhlw.go.jp/12/index.php?action_kouhyou_detail_004_kani=true&JigyosyoCd=1272700848-00&ServiceCd=430&Type=search" }, "geometry": { "type": "Point", "coordinates": [ 140.041278671272266, 35.875979759968054 ] } },
{ "type": "Feature", "properties": { "内容": "和ぐみ居宅介護支援布佐【居宅介護支援】千葉県我孫子市布佐2641-1和楽久布佐1F", "url2": "https://www.kaigokensaku.mhlw.go.jp/12/index.php?action_kouhyou_detail_004_kani=true&JigyosyoCd=1272701739-00&ServiceCd=430&Type=search" }, "geometry": { "type": "Point", "coordinates": [ 140.132986506711177, 35.850815592404338 ] } },
{ "type": "Feature", "properties": { "内容": "我孫子ロイヤル居宅介護支援事業所【居宅介護支援】千葉県我孫子市中峠2614", "url2": "https://www.kaigokensaku.mhlw.go.jp/12/index.php?action_kouhyou_detail_004_kani=true&JigyosyoCd=1272700251-00&ServiceCd=430&Type=search" }, "geometry": { "type": "Point", "coordinates": [ 140.090021500000034, 35.8800854 ] } },
{ "type": "Feature", "properties": { "内容": "我孫子・あおいホームケアサービス【居宅介護支援】千葉県我孫子市柴崎137番地の1", "url2": "https://www.kaigokensaku.mhlw.go.jp/12/index.php?action_kouhyou_detail_004_kani=true&JigyosyoCd=1272700707-00&ServiceCd=430&Type=search" }, "geometry": { "type": "Point", "coordinates": [ 140.036227100000019, 35.8747547 ] } },
{ "type": "Feature", "properties": { "内容": "けやきの里　居宅介護支援事業所【居宅介護支援】千葉県我孫子市青山417番", "url2": "https://www.kaigokensaku.mhlw.go.jp/12/index.php?action_kouhyou_detail_004_kani=true&JigyosyoCd=1272701655-00&ServiceCd=430&Type=search" }, "geometry": { "type": "Point", "coordinates": [ 140.048914299999979, 35.8839315 ] } },
{ "type": "Feature", "properties": { "内容": "居宅介護支援事業所イーズ【居宅介護支援】千葉県我孫子市中峠１４３４－３エステートピア湖北103号", "url2": "https://www.kaigokensaku.mhlw.go.jp/12/index.php?action_kouhyou_detail_004_kani=true&JigyosyoCd=1272701556-00&ServiceCd=430&Type=search" }, "geometry": { "type": "Point", "coordinates": [ 140.080194799999958, 35.871867 ] } },
{ "type": "Feature", "properties": { "内容": "居宅ケアサービス　わかな【居宅介護支援】千葉県我孫子市下ヶ戸1811-5ファーストガーデン101号室", "url2": "https://www.kaigokensaku.mhlw.go.jp/12/index.php?action_kouhyou_detail_004_kani=true&JigyosyoCd=1272701986-00&ServiceCd=430&Type=search" }, "geometry": { "type": "Point", "coordinates": [ 140.047339773016319, 35.872501307840899 ] } },
{ "type": "Feature", "properties": { "内容": "居宅介護支援事業所わらく【居宅介護支援】千葉県我孫子市中峠２４７３番", "url2": "https://www.kaigokensaku.mhlw.go.jp/12/index.php?action_kouhyou_detail_004_kani=true&JigyosyoCd=1272700244-00&ServiceCd=430&Type=search" }, "geometry": { "type": "Point", "coordinates": [ 140.088994979762248, 35.874753870731062 ] } },
{ "type": "Feature", "properties": { "内容": "野口株式会社介護ショップ「ハーティケア」我孫子【居宅介護支援】千葉県我孫子市我孫子4-3-20ヴィアスクエア2F−A号", "url2": "https://www.kaigokensaku.mhlw.go.jp/12/index.php?action_kouhyou_detail_004_kani=true&JigyosyoCd=1272700871-00&ServiceCd=430&Type=search" }, "geometry": { "type": "Point", "coordinates": [ 140.0098299, 35.875526 ] } },
{ "type": "Feature", "properties": { "内容": "居宅介護支援センターつくし野【居宅介護支援】千葉県我孫子市久寺家３６１－１２", "url2": "https://www.kaigokensaku.mhlw.go.jp/12/index.php?action_kouhyou_detail_004_kani=true&JigyosyoCd=1272700087-00&ServiceCd=430&Type=search" }, "geometry": { "type": "Point", "coordinates": [ 140.01490130000002, 35.8834525 ] } },
{ "type": "Feature", "properties": { "内容": "くおん苑指定居宅介護支援事業所【居宅介護支援】千葉県我孫子市日秀208", "url2": "https://www.kaigokensaku.mhlw.go.jp/12/index.php?action_kouhyou_detail_004_kani=true&JigyosyoCd=1272700038-00&ServiceCd=430&Type=search" }, "geometry": { "type": "Point", "coordinates": [ 140.088888499999939, 35.8609658 ] } },
{ "type": "Feature", "properties": { "内容": "ママメイト本社【居宅介護支援】千葉県我孫子市柴崎台2-9-4", "url2": "https://www.kaigokensaku.mhlw.go.jp/12/index.php?action_kouhyou_detail_004_kani=true&JigyosyoCd=1272700236-00&ServiceCd=430&Type=search" }, "geometry": { "type": "Point", "coordinates": [ 140.041076699999962, 35.874654900000017 ] } },
{ "type": "Feature", "properties": { "内容": "天王台ケアセンターそよ風【居宅介護支援】千葉県我孫子市柴崎台3-13-1", "url2": "https://www.kaigokensaku.mhlw.go.jp/12/index.php?action_kouhyou_detail_004_kani=true&JigyosyoCd=1272701044-00&ServiceCd=430&Type=search" }, "geometry": { "type": "Point", "coordinates": [ 140.045509399999986, 35.8792932 ] } },
{ "type": "Feature", "properties": { "内容": "野口株式会社ハーティケア天王台【居宅介護支援】千葉県我孫子市泉14-30ネクサスビル1Ｆ", "url2": "https://www.kaigokensaku.mhlw.go.jp/12/index.php?action_kouhyou_detail_004_kani=true&JigyosyoCd=1272702091-00&ServiceCd=430&Type=search" }, "geometry": { "type": "Point", "coordinates": [ 140.032943499999988, 35.8714792 ] } },
{ "type": "Feature", "properties": { "内容": "居宅介護支援事業所イーアス我孫子【居宅介護支援】千葉県我孫子市我孫子１－２１－２１", "url2": "https://www.kaigokensaku.mhlw.go.jp/12/index.php?action_kouhyou_detail_004_kani=true&JigyosyoCd=1272701887-00&ServiceCd=430&Type=search" }, "geometry": { "type": "Point", "coordinates": [ 140.015097984606058, 35.874613110913074 ] } },
{ "type": "Feature", "properties": { "内容": "あおいの里・我孫子指定居宅介護支援事業所【居宅介護支援】千葉県我孫子市柴崎216-1", "url2": "https://www.kaigokensaku.mhlw.go.jp/12/index.php?action_kouhyou_detail_004_kani=true&JigyosyoCd=1272701473-00&ServiceCd=430&Type=search" }, "geometry": { "type": "Point", "coordinates": [ 140.034889, 35.8737783 ] } },
{ "type": "Feature", "properties": { "内容": "めいとあびこ居宅介護支援事業所【居宅介護支援】千葉県我孫子市天王台2-10-4エーデルハイツ　202", "url2": "https://www.kaigokensaku.mhlw.go.jp/12/index.php?action_kouhyou_detail_004_kani=true&JigyosyoCd=1272701374-00&ServiceCd=430&Type=search" }, "geometry": { "type": "Point", "coordinates": [ 140.043225693642199, 35.871791893678363 ] } },
{ "type": "Feature", "properties": { "内容": "生活クラブ風の村ケアプランセンター我孫子【居宅介護支援】千葉県我孫子市本町2-6-12サンシティ　205", "url2": "https://www.kaigokensaku.mhlw.go.jp/12/index.php?action_kouhyou_detail_004_kani=true&JigyosyoCd=1272700483-00&ServiceCd=430&Type=search" }, "geometry": { "type": "Point", "coordinates": [ 140.010158357212731, 35.871095668786623 ] } },
{ "type": "Feature", "properties": { "内容": "あづま居宅介護支援事業所【居宅介護支援】千葉県我孫子市中峠台39-2", "url2": "https://www.kaigokensaku.mhlw.go.jp/12/index.php?action_kouhyou_detail_004_kani=true&JigyosyoCd=1272701622-00&ServiceCd=430&Type=search" }, "geometry": { "type": "Point", "coordinates": [ 140.071279023832489, 35.872695068158286 ] } },
{ "type": "Feature", "properties": { "内容": "居宅介護支援事業所あらき【居宅介護支援】千葉県我孫子市南新木1-6-3", "url2": "https://www.kaigokensaku.mhlw.go.jp/12/index.php?action_kouhyou_detail_004_kani=true&JigyosyoCd=1272700905-00&ServiceCd=430&Type=search" }, "geometry": { "type": "Point", "coordinates": [ 140.1100255, 35.8619739 ] } },
{ "type": "Feature", "properties": { "内容": "セントケア我孫子【居宅介護支援】我孫子市泉1-17マークテラス天王台Ｃ棟103号室", "url2": "https://www.kaigokensaku.mhlw.go.jp/12/index.php?action_kouhyou_detail_004_kani=true&JigyosyoCd=1272700921-00&ServiceCd=430&Type=search" }, "geometry": { "type": "Point", "coordinates": [ 140.035059, 35.8716649 ] } },
{ "type": "Feature", "properties": { "内容": "ケアプランあおいとり【居宅介護支援】千葉県我孫子市湖北台４丁目２番２号", "url2": "https://www.kaigokensaku.mhlw.go.jp/12/index.php?action_kouhyou_detail_004_kani=true&JigyosyoCd=1272702216-00&ServiceCd=430&Type=search" }, "geometry": { "type": "Point", "coordinates": [ 140.0753976, 35.8639567 ] } },
{ "type": "Feature", "properties": { "内容": "アコモード指定居宅介護支援事業所【居宅介護支援】千葉県我孫子市布佐平和台4-1-1", "url2": "https://www.kaigokensaku.mhlw.go.jp/12/index.php?action_kouhyou_detail_004_kani=true&JigyosyoCd=1272700020-00&ServiceCd=430&Type=search" }, "geometry": { "type": "Point", "coordinates": [ 140.1262975, 35.85671090000001 ] } },
{ "type": "Feature", "properties": { "内容": "居宅介護支援事業所ふさ【居宅介護支援】千葉県我孫子市布佐834-28", "url2": "https://www.kaigokensaku.mhlw.go.jp/12/index.php?action_kouhyou_detail_004_kani=true&JigyosyoCd=1272700061-00&ServiceCd=430&Type=search" }, "geometry": { "type": "Point", "coordinates": [ 140.1158666, 35.8636404 ] } },
{ "type": "Feature", "properties": { "内容": "居宅介護支援事業所ふく笑らい【居宅介護支援】千葉県鴨川市江見吉浦500-6", "url2": "https://www.kaigokensaku.mhlw.go.jp/12/index.php?action_kouhyou_detail_004_kani=true&JigyosyoCd=1272800432-00&ServiceCd=430&Type=search" }, "geometry": { "type": "Point", "coordinates": [ 140.074591365945395, 35.062529775113646 ] } },
{ "type": "Feature", "properties": { "内容": "ふれあい介護支援サービス【居宅介護支援】千葉県鴨川市八色925-2", "url2": "https://www.kaigokensaku.mhlw.go.jp/12/index.php?action_kouhyou_detail_004_kani=true&JigyosyoCd=1272800127-00&ServiceCd=430&Type=search" }, "geometry": { "type": "Point", "coordinates": [ 140.088004117474355, 35.123421992015302 ] } },
{ "type": "Feature", "properties": { "内容": "ほがらかケアステーション【居宅介護支援】千葉県鴨川市池田98", "url2": "https://www.kaigokensaku.mhlw.go.jp/12/index.php?action_kouhyou_detail_004_kani=true&JigyosyoCd=1272800564-00&ServiceCd=430&Type=search" }, "geometry": { "type": "Point", "coordinates": [ 140.058433599999944, 35.1266627 ] } },
{ "type": "Feature", "properties": { "内容": "千の風・清澄ケアプランセンター【居宅介護支援】千葉県鴨川市天津３４６６番地", "url2": "https://www.kaigokensaku.mhlw.go.jp/12/index.php?action_kouhyou_detail_004_kani=true&JigyosyoCd=1272800572-00&ServiceCd=430&Type=search" }, "geometry": { "type": "Point", "coordinates": [ 140.15120909999996, 35.134130100000021 ] } },
{ "type": "Feature", "properties": { "内容": "鴨川市国保ケアプランサービス【居宅介護支援】千葉県鴨川市宮山233番地", "url2": "https://www.kaigokensaku.mhlw.go.jp/12/index.php?action_kouhyou_detail_004_kani=true&JigyosyoCd=1272800648-00&ServiceCd=430&Type=search" }, "geometry": { "type": "Point", "coordinates": [ 140.0148236, 35.1309 ] } },
{ "type": "Feature", "properties": { "内容": "小田介護支援サービス【居宅介護支援】千葉県鴨川市横渚８８０", "url2": "https://www.kaigokensaku.mhlw.go.jp/12/index.php?action_kouhyou_detail_004_kani=true&JigyosyoCd=1272800242-00&ServiceCd=430&Type=search" }, "geometry": { "type": "Point", "coordinates": [ 140.1048481, 35.1061858 ] } },
{ "type": "Feature", "properties": { "内容": "ケアプランサービスくらし屋【居宅介護支援】千葉県鴨川市八色439-1", "url2": "https://www.kaigokensaku.mhlw.go.jp/12/index.php?action_kouhyou_detail_004_kani=true&JigyosyoCd=1272800689-00&ServiceCd=430&Type=search" }, "geometry": { "type": "Point", "coordinates": [ 140.0919479, 35.1198404 ] } },
{ "type": "Feature", "properties": { "内容": "さくらケアサービス【居宅介護支援】千葉県鴨川市滑谷46番地", "url2": "https://www.kaigokensaku.mhlw.go.jp/12/index.php?action_kouhyou_detail_004_kani=true&JigyosyoCd=1272800358-00&ServiceCd=430&Type=search" }, "geometry": { "type": "Point", "coordinates": [ 140.093195, 35.1079961 ] } },
{ "type": "Feature", "properties": { "内容": "すみれケアサービス【居宅介護支援】千葉県鴨川市大幡1375", "url2": "https://www.kaigokensaku.mhlw.go.jp/12/index.php?action_kouhyou_detail_004_kani=true&JigyosyoCd=1272800440-00&ServiceCd=430&Type=search" }, "geometry": { "type": "Point", "coordinates": [ 139.98813210000003, 35.140781 ] } },
{ "type": "Feature", "properties": { "内容": "エビハラ在宅介護支援センター嶺岡【居宅介護支援】千葉県鴨川市太海630-10", "url2": "https://www.kaigokensaku.mhlw.go.jp/12/index.php?action_kouhyou_detail_004_kani=true&JigyosyoCd=1272800028-00&ServiceCd=430&Type=search" }, "geometry": { "type": "Point", "coordinates": [ 140.091042799999968, 35.0913067 ] } },
{ "type": "Feature", "properties": { "内容": "有限会社　ライフサポート鯛の浦【居宅介護支援】千葉県鴨川市内浦56-1", "url2": "https://www.kaigokensaku.mhlw.go.jp/12/index.php?action_kouhyou_detail_004_kani=true&JigyosyoCd=1278500036-00&ServiceCd=430&Type=search" }, "geometry": { "type": "Point", "coordinates": [ 140.188611294477482, 35.12729191571681 ] } },
{ "type": "Feature", "properties": { "内容": "医療法人鉄蕉会　亀田総合病院居宅介護支援事業所【居宅介護支援】千葉県鴨川市東町929番地", "url2": "https://www.kaigokensaku.mhlw.go.jp/12/index.php?action_kouhyou_detail_004_kani=true&JigyosyoCd=1272800465-00&ServiceCd=430&Type=search" }, "geometry": { "type": "Point", "coordinates": [ 140.125647100000037, 35.1218931 ] } },
{ "type": "Feature", "properties": { "内容": "太陽会ケアプランセンターＯＨＡＮＡ鴨川【居宅介護支援】千葉県鴨川市東町1623-1", "url2": "https://www.kaigokensaku.mhlw.go.jp/12/index.php?action_kouhyou_detail_004_kani=true&JigyosyoCd=1272800788-00&ServiceCd=430&Type=search" }, "geometry": { "type": "Point", "coordinates": [ 140.1152921, 35.12385 ] } },
{ "type": "Feature", "properties": { "内容": "東条介護サービス【居宅介護支援】千葉県鴨川市広場1,665番地", "url2": "https://www.kaigokensaku.mhlw.go.jp/12/index.php?action_kouhyou_detail_004_kani=true&JigyosyoCd=1272800010-00&ServiceCd=430&Type=search" }, "geometry": { "type": "Point", "coordinates": [ 140.108423899999906, 35.1167166 ] } },
{ "type": "Feature", "properties": { "内容": "鎌ヶ谷ケアプランセンター【居宅介護支援】千葉県鎌ヶ谷市東道野辺6-5-31エステートピア石橋1F", "url2": "https://www.kaigokensaku.mhlw.go.jp/12/index.php?action_kouhyou_detail_004_kani=true&JigyosyoCd=1272901982-00&ServiceCd=430&Type=search" }, "geometry": { "type": "Point", "coordinates": [ 140.001966600000031, 35.749773900000015 ] } },
{ "type": "Feature", "properties": { "内容": "ケアプランあおぞら【居宅介護支援】千葉県鎌ケ谷市道野辺中央2‐5‐20レアハウスK１階", "url2": "https://www.kaigokensaku.mhlw.go.jp/12/index.php?action_kouhyou_detail_004_kani=true&JigyosyoCd=1272901735-00&ServiceCd=430&Type=search" }, "geometry": { "type": "Point", "coordinates": [ 139.99606940000001, 35.7641679 ] } },
{ "type": "Feature", "properties": { "内容": "居宅介護支援事業所　和くる【居宅介護支援】千葉県鎌ヶ谷市東道野辺5-12-46", "url2": "https://www.kaigokensaku.mhlw.go.jp/12/index.php?action_kouhyou_detail_004_kani=true&JigyosyoCd=1272902253-00&ServiceCd=430&Type=search" }, "geometry": { "type": "Point", "coordinates": [ 139.9998496, 35.7502252 ] } },
{ "type": "Feature", "properties": { "内容": "ケアプランやまびこ【居宅介護支援】千葉県鎌ケ谷市東鎌ケ谷3-23-52", "url2": "https://www.kaigokensaku.mhlw.go.jp/12/index.php?action_kouhyou_detail_004_kani=true&JigyosyoCd=1272901388-00&ServiceCd=430&Type=search" }, "geometry": { "type": "Point", "coordinates": [ 140.023526691401656, 35.762094641119845 ] } },
{ "type": "Feature", "properties": { "内容": "つばさ在宅居宅介護支援センター鎌ケ谷【居宅介護支援】千葉県鎌ケ谷市初富本町2-1-22", "url2": "https://www.kaigokensaku.mhlw.go.jp/12/index.php?action_kouhyou_detail_004_kani=true&JigyosyoCd=1272902568-00&ServiceCd=430&Type=search" }, "geometry": { "type": "Point", "coordinates": [ 139.9987275, 35.7713482 ] } },
{ "type": "Feature", "properties": { "内容": "ケアプラン湊【居宅介護支援】千葉県鎌ケ谷市中央１丁目１４番３９号", "url2": "https://www.kaigokensaku.mhlw.go.jp/12/index.php?action_kouhyou_detail_004_kani=true&JigyosyoCd=1272902550-00&ServiceCd=430&Type=search" }, "geometry": { "type": "Point", "coordinates": [ 140.0034359, 35.7768654 ] } },
{ "type": "Feature", "properties": { "内容": "シルバーハート居宅介護支援事業所【居宅介護支援】千葉県鎌ケ谷市東中沢1丁目13番20号", "url2": "https://www.kaigokensaku.mhlw.go.jp/12/index.php?action_kouhyou_detail_004_kani=true&JigyosyoCd=1272902006-00&ServiceCd=430&Type=search" }, "geometry": { "type": "Point", "coordinates": [ 139.9896946, 35.7705896 ] } },
{ "type": "Feature", "properties": { "内容": "ケアプランこかげ【居宅介護支援】千葉県鎌ヶ谷市北中沢3-4-51コロニーＢ5", "url2": "https://www.kaigokensaku.mhlw.go.jp/12/index.php?action_kouhyou_detail_004_kani=true&JigyosyoCd=1272901925-00&ServiceCd=430&Type=search" }, "geometry": { "type": "Point", "coordinates": [ 139.985108099999934, 35.7745506 ] } },
{ "type": "Feature", "properties": { "内容": "セントケア　鎌ケ谷【居宅介護支援】千葉県鎌ケ谷市道野辺中央2－1－33坪沼第2ビル　201号", "url2": "https://www.kaigokensaku.mhlw.go.jp/12/index.php?action_kouhyou_detail_004_kani=true&JigyosyoCd=1272900596-00&ServiceCd=430&Type=search" }, "geometry": { "type": "Point", "coordinates": [ 139.996797777107275, 35.763856175785875 ] } },
{ "type": "Feature", "properties": { "内容": "ケアプラン　アールズ【居宅介護支援】千葉県鎌ケ谷市丸山3-7-7", "url2": "https://www.kaigokensaku.mhlw.go.jp/12/index.php?action_kouhyou_detail_004_kani=true&JigyosyoCd=1272902188-00&ServiceCd=430&Type=search" }, "geometry": { "type": "Point", "coordinates": [ 140.0018742, 35.7624525 ] } },
{ "type": "Feature", "properties": { "内容": "ケアプラン若草【居宅介護支援】千葉県鎌ヶ谷市粟野843-48", "url2": "https://www.kaigokensaku.mhlw.go.jp/12/index.php?action_kouhyou_detail_004_kani=true&JigyosyoCd=1272900729-00&ServiceCd=430&Type=search" }, "geometry": { "type": "Point", "coordinates": [ 140.0092333, 35.7898183 ] } },
{ "type": "Feature", "properties": { "内容": "ケプラン和【居宅介護支援】千葉県鎌ケ谷市東鎌ケ谷3-26-10", "url2": "https://www.kaigokensaku.mhlw.go.jp/12/index.php?action_kouhyou_detail_004_kani=true&JigyosyoCd=1272901891-00&ServiceCd=430&Type=search" }, "geometry": { "type": "Point", "coordinates": [ 140.025864, 35.7632388 ] } },
{ "type": "Feature", "properties": { "内容": "元気ケアプランニングセンター千葉【居宅介護支援】千葉県鎌ケ谷市初富字東野848番地10", "url2": "https://www.kaigokensaku.mhlw.go.jp/12/index.php?action_kouhyou_detail_004_kani=true&JigyosyoCd=1272900042-00&ServiceCd=430&Type=search" }, "geometry": { "type": "Point", "coordinates": [ 140.022414799999979, 35.77839 ] } },
{ "type": "Feature", "properties": { "内容": "新鎌ヶ谷ケアセンターそよ風【居宅介護支援】千葉県鎌ケ谷市初富本町1－13－10", "url2": "https://www.kaigokensaku.mhlw.go.jp/12/index.php?action_kouhyou_detail_004_kani=true&JigyosyoCd=1272901123-00&ServiceCd=430&Type=search" }, "geometry": { "type": "Point", "coordinates": [ 139.997376900000063, 35.7758751 ] } },
{ "type": "Feature", "properties": { "内容": "ファーストステージ　鎌ケ谷【居宅介護支援】千葉県鎌ケ谷市鎌ヶ谷5－9－55", "url2": "https://www.kaigokensaku.mhlw.go.jp/12/index.php?action_kouhyou_detail_004_kani=true&JigyosyoCd=1272900976-00&ServiceCd=430&Type=search" }, "geometry": { "type": "Point", "coordinates": [ 140.014798299999939, 35.755063700000022 ] } },
{ "type": "Feature", "properties": { "内容": "ケアプラン和楽【居宅介護支援】千葉県鎌ヶ谷市中沢1337-55", "url2": "https://www.kaigokensaku.mhlw.go.jp/12/index.php?action_kouhyou_detail_004_kani=true&JigyosyoCd=1272901040-00&ServiceCd=430&Type=search" }, "geometry": { "type": "Point", "coordinates": [ 139.985331500000029, 35.7683366 ] } },
{ "type": "Feature", "properties": { "内容": "ケアプランぞうさん【居宅介護支援】千葉県鎌ケ谷市南初富５－８－６５", "url2": "https://www.kaigokensaku.mhlw.go.jp/12/index.php?action_kouhyou_detail_004_kani=true&JigyosyoCd=1272901602-00&ServiceCd=430&Type=search" }, "geometry": { "type": "Point", "coordinates": [ 140.001887799999963, 35.769662 ] } },
{ "type": "Feature", "properties": { "内容": "アビタシオン鎌ケ谷ケアプランセンター【居宅介護支援】千葉県鎌ケ谷市新鎌ケ谷4-12-3", "url2": "https://www.kaigokensaku.mhlw.go.jp/12/index.php?action_kouhyou_detail_004_kani=true&JigyosyoCd=1272902071-00&ServiceCd=430&Type=search" }, "geometry": { "type": "Point", "coordinates": [ 140.0028335, 35.782915 ] } },
{ "type": "Feature", "properties": { "内容": "手心ケア【居宅介護支援】千葉県鎌ケ谷市東中沢1-9-25", "url2": "https://www.kaigokensaku.mhlw.go.jp/12/index.php?action_kouhyou_detail_004_kani=true&JigyosyoCd=1272901164-00&ServiceCd=430&Type=search" }, "geometry": { "type": "Point", "coordinates": [ 139.990119600000071, 35.7731141 ] } },
{ "type": "Feature", "properties": { "内容": "鎌ケ谷総合病院居宅介護支援事業所【居宅介護支援】千葉県鎌ケ谷市初富929-6鎌ケ谷総合病院内1階", "url2": "https://www.kaigokensaku.mhlw.go.jp/12/index.php?action_kouhyou_detail_004_kani=true&JigyosyoCd=1272902204-00&ServiceCd=430&Type=search" }, "geometry": { "type": "Point", "coordinates": [ 139.9965057, 35.7779067 ] } },
{ "type": "Feature", "properties": { "内容": "あおぞらの里　鎌ヶ谷ケアプランセンター【居宅介護支援】千葉県鎌ヶ谷市東鎌ヶ谷2-21-15ハイツ平成　202号室", "url2": "https://www.kaigokensaku.mhlw.go.jp/12/index.php?action_kouhyou_detail_004_kani=true&JigyosyoCd=1272901966-00&ServiceCd=430&Type=search" }, "geometry": { "type": "Point", "coordinates": [ 140.01521332387216, 35.762116380172273 ] } },
{ "type": "Feature", "properties": { "内容": "ケアプランセンターひまりりす【居宅介護支援】千葉県鎌ケ谷市初富855-1", "url2": "https://www.kaigokensaku.mhlw.go.jp/12/index.php?action_kouhyou_detail_004_kani=true&JigyosyoCd=1272902451-00&ServiceCd=430&Type=search" }, "geometry": { "type": "Point", "coordinates": [ 140.0259379, 35.7804747 ] } },
{ "type": "Feature", "properties": { "内容": "ケアサポートかまがや居宅介護支援事業所【居宅介護支援】千葉県鎌ケ谷市東鎌ケ谷1-5-27", "url2": "https://www.kaigokensaku.mhlw.go.jp/12/index.php?action_kouhyou_detail_004_kani=true&JigyosyoCd=1272901511-00&ServiceCd=430&Type=search" }, "geometry": { "type": "Point", "coordinates": [ 140.016916900000069, 35.7643518 ] } },
{ "type": "Feature", "properties": { "内容": "ケアプランスプリング【居宅介護支援】千葉県鎌ケ谷市南初富4-12-21", "url2": "https://www.kaigokensaku.mhlw.go.jp/12/index.php?action_kouhyou_detail_004_kani=true&JigyosyoCd=1272902238-00&ServiceCd=430&Type=search" }, "geometry": { "type": "Point", "coordinates": [ 140.007568174868766, 35.768332568588406 ] } },
{ "type": "Feature", "properties": { "内容": "鎌ヶ谷訪問看護ステーション【居宅介護支援】千葉県鎌ヶ谷市初富808-414", "url2": "https://www.kaigokensaku.mhlw.go.jp/12/index.php?action_kouhyou_detail_004_kani=true&JigyosyoCd=1262690014-00&ServiceCd=430&Type=search" }, "geometry": { "type": "Point", "coordinates": [ 140.016627509400905, 35.778248914902285 ] } },
{ "type": "Feature", "properties": { "内容": "癒しのケアプランセンター鎌ケ谷【居宅介護支援】千葉県鎌ケ谷市東中沢2-1-58", "url2": "https://www.kaigokensaku.mhlw.go.jp/12/index.php?action_kouhyou_detail_004_kani=true&JigyosyoCd=1272900760-00&ServiceCd=430&Type=search" }, "geometry": { "type": "Point", "coordinates": [ 139.993480099999942, 35.7758778 ] } },
{ "type": "Feature", "properties": { "内容": "慈祐苑【居宅介護支援】千葉県鎌ケ谷市道野辺２１４－４", "url2": "https://www.kaigokensaku.mhlw.go.jp/12/index.php?action_kouhyou_detail_004_kani=true&JigyosyoCd=1272900018-00&ServiceCd=430&Type=search" }, "geometry": { "type": "Point", "coordinates": [ 139.989595799999961, 35.7531881 ] } },
{ "type": "Feature", "properties": { "内容": "リーベン鎌ヶ谷居宅介護支援事業所【居宅介護支援】千葉県鎌ヶ谷市丸山3-17-18", "url2": "https://www.kaigokensaku.mhlw.go.jp/12/index.php?action_kouhyou_detail_004_kani=true&JigyosyoCd=1272901610-00&ServiceCd=430&Type=search" }, "geometry": { "type": "Point", "coordinates": [ 140.004143699999986, 35.759999 ] } },
{ "type": "Feature", "properties": { "内容": "ケアプランまもる【居宅介護支援】千葉県鎌ヶ谷市軽井沢1986-51", "url2": "https://www.kaigokensaku.mhlw.go.jp/12/index.php?action_kouhyou_detail_004_kani=true&JigyosyoCd=1272901628-00&ServiceCd=430&Type=search" }, "geometry": { "type": "Point", "coordinates": [ 140.01613, 35.7865743 ] } },
{ "type": "Feature", "properties": { "内容": "ひばりサービス鎌ヶ谷センター【居宅介護支援】千葉県鎌ヶ谷市中央1-1-32京葉第一ビル３Ｆ", "url2": "https://www.kaigokensaku.mhlw.go.jp/12/index.php?action_kouhyou_detail_004_kani=true&JigyosyoCd=1272901867-00&ServiceCd=430&Type=search" }, "geometry": { "type": "Point", "coordinates": [ 139.999607799999978, 35.7720394 ] } },
{ "type": "Feature", "properties": { "内容": "居宅介護支援事業所　梨花苑【居宅介護支援】千葉県鎌ヶ谷市くぬぎ山４丁目８番２２", "url2": "https://www.kaigokensaku.mhlw.go.jp/12/index.php?action_kouhyou_detail_004_kani=true&JigyosyoCd=1272900703-00&ServiceCd=430&Type=search" }, "geometry": { "type": "Point", "coordinates": [ 139.97499, 35.7832599 ] } },
{ "type": "Feature", "properties": { "内容": "ケアプランのオレンジ【居宅介護支援】千葉県鎌ケ谷市粟野６１８－３", "url2": "https://www.kaigokensaku.mhlw.go.jp/12/index.php?action_kouhyou_detail_004_kani=true&JigyosyoCd=1272901222-00&ServiceCd=430&Type=search" }, "geometry": { "type": "Point", "coordinates": [ 140.002197717106128, 35.789972038637309 ] } },
{ "type": "Feature", "properties": { "内容": "ケアプランやすらぎの家【居宅介護支援】千葉県鎌ヶ谷市東初富2丁目2番38号", "url2": "https://www.kaigokensaku.mhlw.go.jp/12/index.php?action_kouhyou_detail_004_kani=true&JigyosyoCd=1272902063-00&ServiceCd=430&Type=search" }, "geometry": { "type": "Point", "coordinates": [ 140.011056, 35.7720314 ] } },
{ "type": "Feature", "properties": { "内容": "介護老人保健施設シルバーケア鎌ヶ谷居宅介護支援事業所【居宅介護支援】千葉県鎌ケ谷市初富125-1", "url2": "https://www.kaigokensaku.mhlw.go.jp/12/index.php?action_kouhyou_detail_004_kani=true&JigyosyoCd=1272902212-00&ServiceCd=430&Type=search" }, "geometry": { "type": "Point", "coordinates": [ 139.9875332, 35.782619 ] } },
{ "type": "Feature", "properties": { "内容": "くぬぎ山ケアプランわかば【居宅介護支援】千葉県鎌ケ谷市初富35-4コミュニティーホームくぬぎ山", "url2": "https://www.kaigokensaku.mhlw.go.jp/12/index.php?action_kouhyou_detail_004_kani=true&JigyosyoCd=1272901396-00&ServiceCd=430&Type=search" }, "geometry": { "type": "Point", "coordinates": [ 139.97977579999997, 35.7790994 ] } },
{ "type": "Feature", "properties": { "内容": "幸豊苑ケアプランセンター【居宅介護支援】千葉県鎌ケ谷市粟野225-1", "url2": "https://www.kaigokensaku.mhlw.go.jp/12/index.php?action_kouhyou_detail_004_kani=true&JigyosyoCd=1272901131-00&ServiceCd=430&Type=search" }, "geometry": { "type": "Point", "coordinates": [ 139.997858664526319, 35.783778539335984 ] } },
{ "type": "Feature", "properties": { "内容": "ウイング鎌ケ谷【居宅介護支援】千葉県鎌ケ谷市鎌ケ谷1-5-33", "url2": "https://www.kaigokensaku.mhlw.go.jp/12/index.php?action_kouhyou_detail_004_kani=true&JigyosyoCd=1272900034-00&ServiceCd=430&Type=search" }, "geometry": { "type": "Point", "coordinates": [ 140.0132843, 35.7594855 ] } },
{ "type": "Feature", "properties": { "内容": "株式会社　ヘルシーサービス　鎌ヶ谷営業所【居宅介護支援】千葉県鎌ヶ谷市北中沢2-23-19", "url2": "https://www.kaigokensaku.mhlw.go.jp/12/index.php?action_kouhyou_detail_004_kani=true&JigyosyoCd=1272900224-00&ServiceCd=430&Type=search" }, "geometry": { "type": "Point", "coordinates": [ 139.985859099999971, 35.7699115 ] } },
{ "type": "Feature", "properties": { "内容": "ケアプラン・えばーぐりーん【居宅介護支援】千葉県鎌ケ谷市中佐津間2-10-20", "url2": "https://www.kaigokensaku.mhlw.go.jp/12/index.php?action_kouhyou_detail_004_kani=true&JigyosyoCd=1272901917-00&ServiceCd=430&Type=search" }, "geometry": { "type": "Point", "coordinates": [ 140.000694100000032, 35.791108 ] } },
{ "type": "Feature", "properties": { "内容": "初富訪問看護ステーション【居宅介護支援】千葉県鎌ヶ谷市初富１１４番地", "url2": "https://www.kaigokensaku.mhlw.go.jp/12/index.php?action_kouhyou_detail_004_kani=true&JigyosyoCd=1262690022-00&ServiceCd=430&Type=search" }, "geometry": { "type": "Point", "coordinates": [ 139.986230400000068, 35.784388 ] } },
{ "type": "Feature", "properties": { "内容": "ケアプラン中沢【居宅介護支援】千葉県鎌ケ谷市東中沢３－１０－４中沢アパート１０１号室", "url2": "https://www.kaigokensaku.mhlw.go.jp/12/index.php?action_kouhyou_detail_004_kani=true&JigyosyoCd=1272901842-00&ServiceCd=430&Type=search" }, "geometry": { "type": "Point", "coordinates": [ 139.99109210000006, 35.7668583 ] } },
{ "type": "Feature", "properties": { "内容": "ケアプランセンター初富の里【居宅介護支援】千葉県鎌ケ谷市初富本町1-3-8エクセルハイツKEYAKI　１階", "url2": "https://www.kaigokensaku.mhlw.go.jp/12/index.php?action_kouhyou_detail_004_kani=true&JigyosyoCd=1272901826-00&ServiceCd=430&Type=search" }, "geometry": { "type": "Point", "coordinates": [ 139.998825718060061, 35.772789988681325 ] } },
{ "type": "Feature", "properties": { "内容": "居宅介護支援事業所かめかめ【居宅介護支援】千葉県君津市折木沢４５２－１", "url2": "https://www.kaigokensaku.mhlw.go.jp/12/index.php?action_kouhyou_detail_004_kani=true&JigyosyoCd=1273001071-00&ServiceCd=430&Type=search" }, "geometry": { "type": "Point", "coordinates": [ 140.107011199999988, 35.226984 ] } },
{ "type": "Feature", "properties": { "内容": "ホームケアサポート君津【居宅介護支援】千葉県君津市中野３丁目３番６号", "url2": "https://www.kaigokensaku.mhlw.go.jp/12/index.php?action_kouhyou_detail_004_kani=true&JigyosyoCd=1273001469-00&ServiceCd=430&Type=search" }, "geometry": { "type": "Point", "coordinates": [ 139.891861100000028, 35.3294667 ] } },
{ "type": "Feature", "properties": { "内容": "なのはなメイト介護相談室【居宅介護支援】千葉県君津市中野５－１１－１", "url2": "https://www.kaigokensaku.mhlw.go.jp/12/index.php?action_kouhyou_detail_004_kani=true&JigyosyoCd=1273000958-00&ServiceCd=430&Type=search" }, "geometry": { "type": "Point", "coordinates": [ 139.884431100000029, 35.3353491 ] } },
{ "type": "Feature", "properties": { "内容": "山の手グリーンヒル【居宅介護支援】千葉県君津市外箕輪1-36-5", "url2": "https://www.kaigokensaku.mhlw.go.jp/12/index.php?action_kouhyou_detail_004_kani=true&JigyosyoCd=1273000628-00&ServiceCd=430&Type=search" }, "geometry": { "type": "Point", "coordinates": [ 139.922561500000029, 35.3170606 ] } },
{ "type": "Feature", "properties": { "内容": "星野ケアマネージャー事業所【居宅介護支援】千葉県君津市中野6-8-3", "url2": "https://www.kaigokensaku.mhlw.go.jp/12/index.php?action_kouhyou_detail_004_kani=true&JigyosyoCd=1273001519-00&ServiceCd=430&Type=search" }, "geometry": { "type": "Point", "coordinates": [ 139.887500300000056, 35.3313302 ] } },
{ "type": "Feature", "properties": { "内容": "居宅介護支援事業所上総園【居宅介護支援】千葉県君津市広岡３７５番地", "url2": "https://www.kaigokensaku.mhlw.go.jp/12/index.php?action_kouhyou_detail_004_kani=true&JigyosyoCd=1273000024-00&ServiceCd=430&Type=search" }, "geometry": { "type": "Point", "coordinates": [ 140.0550409, 35.2519737 ] } },
{ "type": "Feature", "properties": { "内容": "居宅介護支援事業所つばさ【居宅介護支援】千葉県君津市人見3-6-19", "url2": "https://www.kaigokensaku.mhlw.go.jp/12/index.php?action_kouhyou_detail_004_kani=true&JigyosyoCd=1273000271-00&ServiceCd=430&Type=search" }, "geometry": { "type": "Point", "coordinates": [ 139.871524099999988, 35.3314969 ] } },
{ "type": "Feature", "properties": { "内容": "ケアプランセンター鶴と亀【居宅介護支援】千葉県君津市常代2-8-40", "url2": "https://www.kaigokensaku.mhlw.go.jp/12/index.php?action_kouhyou_detail_004_kani=true&JigyosyoCd=1273001097-00&ServiceCd=430&Type=search" }, "geometry": { "type": "Point", "coordinates": [ 139.919287783467098, 35.308793281767457 ] } },
{ "type": "Feature", "properties": { "内容": "ニチイケアセンター君津【居宅介護支援】千葉県君津市久保3-10-9カーサ・サリタ・フォンテ１Ｆ", "url2": "https://www.kaigokensaku.mhlw.go.jp/12/index.php?action_kouhyou_detail_004_kani=true&JigyosyoCd=1273000065-00&ServiceCd=430&Type=search" }, "geometry": { "type": "Point", "coordinates": [ 139.906240799999978, 35.3293832 ] } },
{ "type": "Feature", "properties": { "内容": "社会福祉法人君津市社会福祉協議会【居宅介護支援】千葉県君津市久保3-1-1保健福祉センターふれあい館２階", "url2": "https://www.kaigokensaku.mhlw.go.jp/12/index.php?action_kouhyou_detail_004_kani=true&JigyosyoCd=1273000149-00&ServiceCd=430&Type=search" }, "geometry": { "type": "Point", "coordinates": [ 139.904322522753944, 35.330726336861105 ] } },
{ "type": "Feature", "properties": { "内容": "居宅介護支援事業所メディケアー君津【居宅介護支援】千葉県君津市八幡62-1", "url2": "https://www.kaigokensaku.mhlw.go.jp/12/index.php?action_kouhyou_detail_004_kani=true&JigyosyoCd=1273000404-00&ServiceCd=430&Type=search" }, "geometry": { "type": "Point", "coordinates": [ 139.908209899999946, 35.320746 ] } },
{ "type": "Feature", "properties": { "内容": "ヘルス＆ケア　ひとはな【居宅介護支援】千葉県君津市南子安6丁目18番18-7号", "url2": "https://www.kaigokensaku.mhlw.go.jp/12/index.php?action_kouhyou_detail_004_kani=true&JigyosyoCd=1273001717-00&ServiceCd=430&Type=search" }, "geometry": { "type": "Point", "coordinates": [ 139.9235755, 35.3266372 ] } },
{ "type": "Feature", "properties": { "内容": "居宅介護支援事業所夢の郷【居宅介護支援】千葉県君津市杉谷３－１特別養護老人ホーム夢の郷", "url2": "https://www.kaigokensaku.mhlw.go.jp/12/index.php?action_kouhyou_detail_004_kani=true&JigyosyoCd=1273001311-00&ServiceCd=430&Type=search" }, "geometry": { "type": "Point", "coordinates": [ 139.911787600000025, 35.311425 ] } },
{ "type": "Feature", "properties": { "内容": "居宅介護支援事業所　アマテラス【居宅介護支援】千葉県君津市糠田４５１番地３", "url2": "https://www.kaigokensaku.mhlw.go.jp/12/index.php?action_kouhyou_detail_004_kani=true&JigyosyoCd=1273000966-00&ServiceCd=430&Type=search" }, "geometry": { "type": "Point", "coordinates": [ 139.9679041, 35.297188100000014 ] } },
{ "type": "Feature", "properties": { "内容": "居宅介護支援事業所るぴなす【居宅介護支援】千葉県君津市長谷川1234", "url2": "https://www.kaigokensaku.mhlw.go.jp/12/index.php?action_kouhyou_detail_004_kani=true&JigyosyoCd=1273000883-00&ServiceCd=430&Type=search" }, "geometry": { "type": "Point", "coordinates": [ 140.070357599999966, 35.3248636 ] } },
{ "type": "Feature", "properties": { "内容": "ＪＡきみつ介護センター居宅介護支援事業所【居宅介護支援】千葉県君津市宮下2-24-27", "url2": "https://www.kaigokensaku.mhlw.go.jp/12/index.php?action_kouhyou_detail_004_kani=true&JigyosyoCd=1273000438-00&ServiceCd=430&Type=search" }, "geometry": { "type": "Point", "coordinates": [ 139.928889307233788, 35.299061406714266 ] } },
{ "type": "Feature", "properties": { "内容": "ケアプランセンターはるか【居宅介護支援】千葉県君津市人見１５９３-２", "url2": "https://www.kaigokensaku.mhlw.go.jp/12/index.php?action_kouhyou_detail_004_kani=true&JigyosyoCd=1273001154-00&ServiceCd=430&Type=search" }, "geometry": { "type": "Point", "coordinates": [ 139.860716499999967, 35.344095 ] } },
{ "type": "Feature", "properties": { "内容": "介護相談センターひばり【居宅介護支援】千葉県君津市三直522番地", "url2": "https://www.kaigokensaku.mhlw.go.jp/12/index.php?action_kouhyou_detail_004_kani=true&JigyosyoCd=1273000370-00&ServiceCd=430&Type=search" }, "geometry": { "type": "Point", "coordinates": [ 139.932749899999976, 35.3132279 ] } },
{ "type": "Feature", "properties": { "内容": "居宅介護支援センター　憩いの里【居宅介護支援】千葉県君津市常代２－１０－１9", "url2": "https://www.kaigokensaku.mhlw.go.jp/12/index.php?action_kouhyou_detail_004_kani=true&JigyosyoCd=1273000719-00&ServiceCd=430&Type=search" }, "geometry": { "type": "Point", "coordinates": [ 139.919531499999948, 35.3077422 ] } },
{ "type": "Feature", "properties": { "内容": "ヤックスケアプラン君津人見【居宅介護支援】千葉県君津市人見2-20-3", "url2": "https://www.kaigokensaku.mhlw.go.jp/12/index.php?action_kouhyou_detail_004_kani=true&JigyosyoCd=1273001444-00&ServiceCd=430&Type=search" }, "geometry": { "type": "Point", "coordinates": [ 139.873904300000049, 35.3326217 ] } },
{ "type": "Feature", "properties": { "内容": "玄々堂君津病院【居宅介護支援】千葉県君津市東坂田４丁目７番２０号", "url2": "https://www.kaigokensaku.mhlw.go.jp/12/index.php?action_kouhyou_detail_004_kani=true&JigyosyoCd=1211110063-00&ServiceCd=430&Type=search" }, "geometry": { "type": "Point", "coordinates": [ 139.896443800000043, 35.3362381 ] } },
{ "type": "Feature", "properties": { "内容": "セントケア君津【居宅介護支援】千葉県君津市久保２－１２－１９堤ビル1階", "url2": "https://www.kaigokensaku.mhlw.go.jp/12/index.php?action_kouhyou_detail_004_kani=true&JigyosyoCd=1273000685-00&ServiceCd=430&Type=search" }, "geometry": { "type": "Point", "coordinates": [ 139.902651800000058, 35.331014 ] } },
{ "type": "Feature", "properties": { "内容": "サボワール有限会社ベル居宅介護支援事業所【居宅介護支援】千葉県君津市中島270番地1", "url2": "https://www.kaigokensaku.mhlw.go.jp/12/index.php?action_kouhyou_detail_004_kani=true&JigyosyoCd=1273000222-00&ServiceCd=430&Type=search" }, "geometry": { "type": "Point", "coordinates": [ 139.955251500000031, 35.3063627 ] } },
{ "type": "Feature", "properties": { "内容": "シェーネ・ベルグ居宅ケアプラン作成事務所【居宅介護支援】千葉県君津市南子安1164-1", "url2": "https://www.kaigokensaku.mhlw.go.jp/12/index.php?action_kouhyou_detail_004_kani=true&JigyosyoCd=1273000289-00&ServiceCd=430&Type=search" }, "geometry": { "type": "Point", "coordinates": [ 139.925201, 35.3326412 ] } },
{ "type": "Feature", "properties": { "内容": "NPO法人OSCウィル居宅介護支援事業所【居宅介護支援】千葉県君津市郡1丁目14番3号", "url2": "https://www.kaigokensaku.mhlw.go.jp/12/index.php?action_kouhyou_detail_004_kani=true&JigyosyoCd=1273000602-00&ServiceCd=430&Type=search" }, "geometry": { "type": "Point", "coordinates": [ 139.916199733135301, 35.309065422387462 ] } },
{ "type": "Feature", "properties": { "内容": "アビタシオン君津ケアプランセンター【居宅介護支援】千葉県君津市⼋重原1338-1", "url2": "https://www.kaigokensaku.mhlw.go.jp/12/index.php?action_kouhyou_detail_004_kani=true&JigyosyoCd=1273001592-00&ServiceCd=430&Type=search" }, "geometry": { "type": "Point", "coordinates": [ 139.902478699999989, 35.3304451 ] } },
{ "type": "Feature", "properties": { "内容": "株式会社　ノバ・メディクス【居宅介護支援】千葉県君津市東坂田４－８－２３", "url2": "https://www.kaigokensaku.mhlw.go.jp/12/index.php?action_kouhyou_detail_004_kani=true&JigyosyoCd=1273000073-00&ServiceCd=430&Type=search" }, "geometry": { "type": "Point", "coordinates": [ 139.895654200000024, 35.336120700000031 ] } },
{ "type": "Feature", "properties": { "内容": "上総ケアサービスセンター【居宅介護支援】千葉県富津市青木１６４１番地", "url2": "https://www.kaigokensaku.mhlw.go.jp/12/index.php?action_kouhyou_detail_004_kani=true&JigyosyoCd=1273100048-00&ServiceCd=430&Type=search" }, "geometry": { "type": "Point", "coordinates": [ 139.8496477, 35.3257559 ] } },
{ "type": "Feature", "properties": { "内容": "相談室わくわく【居宅介護支援】千葉県富津市青木1312番地5", "url2": "https://www.kaigokensaku.mhlw.go.jp/12/index.php?action_kouhyou_detail_004_kani=true&JigyosyoCd=1273101038-00&ServiceCd=430&Type=search" }, "geometry": { "type": "Point", "coordinates": [ 139.8482277, 35.3208474 ] } },
{ "type": "Feature", "properties": { "内容": "セントケア富津【居宅介護支援】千葉県富津市西大和田916", "url2": "https://www.kaigokensaku.mhlw.go.jp/12/index.php?action_kouhyou_detail_004_kani=true&JigyosyoCd=1273100543-00&ServiceCd=430&Type=search" }, "geometry": { "type": "Point", "coordinates": [ 139.862701499999957, 35.2926747 ] } },
{ "type": "Feature", "properties": { "内容": "介護の家ぶ・えもん居宅介護支援事業所【居宅介護支援】千葉県富津市八幡１６３シルバービラージュ新舞子", "url2": "https://www.kaigokensaku.mhlw.go.jp/12/index.php?action_kouhyou_detail_004_kani=true&JigyosyoCd=1273100451-00&ServiceCd=430&Type=search" }, "geometry": { "type": "Point", "coordinates": [ 139.868065300000012, 35.2487479 ] } },
{ "type": "Feature", "properties": { "内容": "望みの門　在宅サービスセンター【居宅介護支援】千葉県富津市川名１４３６", "url2": "https://www.kaigokensaku.mhlw.go.jp/12/index.php?action_kouhyou_detail_004_kani=true&JigyosyoCd=1273100022-00&ServiceCd=430&Type=search" }, "geometry": { "type": "Point", "coordinates": [ 139.827712588638292, 35.3066431268321 ] } },
{ "type": "Feature", "properties": { "内容": "ケアプラン石田【居宅介護支援】千葉県富津市萩生１２９９番地", "url2": "https://www.kaigokensaku.mhlw.go.jp/12/index.php?action_kouhyou_detail_004_kani=true&JigyosyoCd=1273101137-00&ServiceCd=430&Type=search" }, "geometry": { "type": "Point", "coordinates": [ 139.824690744453619, 35.196797462165797 ] } },
{ "type": "Feature", "properties": { "内容": "居宅介護支援フレンドリー【居宅介護支援】千葉県富津市亀沢898-5", "url2": "https://www.kaigokensaku.mhlw.go.jp/12/index.php?action_kouhyou_detail_004_kani=true&JigyosyoCd=1273100980-00&ServiceCd=430&Type=search" }, "geometry": { "type": "Point", "coordinates": [ 139.903208291038993, 35.275293811901065 ] } },
{ "type": "Feature", "properties": { "内容": "マザーハウスケアサービス【居宅介護支援】千葉県富津市小久保909番地2", "url2": "https://www.kaigokensaku.mhlw.go.jp/12/index.php?action_kouhyou_detail_004_kani=true&JigyosyoCd=1273100378-00&ServiceCd=430&Type=search" }, "geometry": { "type": "Point", "coordinates": [ 139.8892124, 35.274288800000043 ] } },
{ "type": "Feature", "properties": { "内容": "オアシス慶寿居宅介護支援センター【居宅介護支援】千葉県富津市岩本７２4-1", "url2": "https://www.kaigokensaku.mhlw.go.jp/12/index.php?action_kouhyou_detail_004_kani=true&JigyosyoCd=1273100592-00&ServiceCd=430&Type=search" }, "geometry": { "type": "Point", "coordinates": [ 139.92462158203125, 35.204098084468328 ] } },
{ "type": "Feature", "properties": { "内容": "大佐和苑在宅介護支援センター【居宅介護支援】千葉県富津市亀沢227-1", "url2": "https://www.kaigokensaku.mhlw.go.jp/12/index.php?action_kouhyou_detail_004_kani=true&JigyosyoCd=1273100014-00&ServiceCd=430&Type=search" }, "geometry": { "type": "Point", "coordinates": [ 139.894407199999932, 35.2665177 ] } },
{ "type": "Feature", "properties": { "内容": "居宅介護支援事業所　「わたしたちの生きる証」【居宅介護支援】千葉県富津市長崎字熊ノ下274", "url2": "https://www.kaigokensaku.mhlw.go.jp/12/index.php?action_kouhyou_detail_004_kani=true&JigyosyoCd=1273101061-00&ServiceCd=430&Type=search" }, "geometry": { "type": "Point", "coordinates": [ 139.906168677855476, 35.218971938739195 ] } },
{ "type": "Feature", "properties": { "内容": "在宅介護支援センター金谷の里【居宅介護支援】千葉県富津市金谷1912番地2", "url2": "https://www.kaigokensaku.mhlw.go.jp/12/index.php?action_kouhyou_detail_004_kani=true&JigyosyoCd=1273100089-00&ServiceCd=430&Type=search" }, "geometry": { "type": "Point", "coordinates": [ 139.8241653, 35.1759468 ] } },
{ "type": "Feature", "properties": { "内容": "つつじ苑居宅介護支援事業所【居宅介護支援】千葉県富津市上飯野１４２６番３", "url2": "https://www.kaigokensaku.mhlw.go.jp/12/index.php?action_kouhyou_detail_004_kani=true&JigyosyoCd=1273100030-00&ServiceCd=430&Type=search" }, "geometry": { "type": "Point", "coordinates": [ 139.867300300000011, 35.315016 ] } },
{ "type": "Feature", "properties": { "内容": "東京海上日動みずたま介護ＳＴ浦安ケアプランセンター【居宅介護支援】千葉県浦安市当代島1-3-29アイエムビル4F", "url2": "https://www.kaigokensaku.mhlw.go.jp/12/index.php?action_kouhyou_detail_004_kani=true&JigyosyoCd=1273201226-00&ServiceCd=430&Type=search" }, "geometry": { "type": "Point", "coordinates": [ 139.89285049476635, 35.666725041079737 ] } },
{ "type": "Feature", "properties": { "内容": "ひだまり新浦安【居宅介護支援】千葉県浦安市今川2-1-1", "url2": "https://www.kaigokensaku.mhlw.go.jp/12/index.php?action_kouhyou_detail_004_kani=true&JigyosyoCd=1273201648-00&ServiceCd=430&Type=search" }, "geometry": { "type": "Point", "coordinates": [ 139.910736260501523, 35.644494634493007 ] } },
{ "type": "Feature", "properties": { "内容": "アイノテケアマネ事務所【居宅介護支援】千葉県浦安市猫実4-12-25", "url2": "https://www.kaigokensaku.mhlw.go.jp/12/index.php?action_kouhyou_detail_004_kani=true&JigyosyoCd=1273200913-00&ServiceCd=430&Type=search" }, "geometry": { "type": "Point", "coordinates": [ 139.894393198503167, 35.662207242784454 ] } },
{ "type": "Feature", "properties": { "内容": "SOMPOケア浦安　居宅介護支援【居宅介護支援】千葉県浦安市当代島1-1-11フォーレストビル３階", "url2": "https://www.kaigokensaku.mhlw.go.jp/12/index.php?action_kouhyou_detail_004_kani=true&JigyosyoCd=1273201606-00&ServiceCd=430&Type=search" }, "geometry": { "type": "Point", "coordinates": [ 139.891892399999989, 35.6658413 ] } },
{ "type": "Feature", "properties": { "内容": "ダイバーシティ浦安【居宅介護支援】千葉県浦安市堀江1-11-1プラザ岡本202号", "url2": "https://www.kaigokensaku.mhlw.go.jp/12/index.php?action_kouhyou_detail_004_kani=true&JigyosyoCd=1273201184-00&ServiceCd=430&Type=search" }, "geometry": { "type": "Point", "coordinates": [ 139.8979316, 35.654652800000029 ] } },
{ "type": "Feature", "properties": { "内容": "ふれあいプラザラビット浦安【居宅介護支援】千葉県浦安市北栄4丁目２０番１０号", "url2": "https://www.kaigokensaku.mhlw.go.jp/12/index.php?action_kouhyou_detail_004_kani=true&JigyosyoCd=1273201291-00&ServiceCd=430&Type=search" }, "geometry": { "type": "Point", "coordinates": [ 139.901682213491739, 35.660762158499026 ] } },
{ "type": "Feature", "properties": { "内容": "ケアステーションきらら新浦安【居宅介護支援】千葉県浦安市明海2-12-1", "url2": "https://www.kaigokensaku.mhlw.go.jp/12/index.php?action_kouhyou_detail_004_kani=true&JigyosyoCd=1273201333-00&ServiceCd=430&Type=search" }, "geometry": { "type": "Point", "coordinates": [ 139.917324600000029, 35.6428906 ] } },
{ "type": "Feature", "properties": { "内容": "介護相談センターよろこび【居宅介護支援】千葉県浦安市高洲1-2-1", "url2": "https://www.kaigokensaku.mhlw.go.jp/12/index.php?action_kouhyou_detail_004_kani=true&JigyosyoCd=1273200749-00&ServiceCd=430&Type=search" }, "geometry": { "type": "Point", "coordinates": [ 139.914363800000046, 35.6413185 ] } },
{ "type": "Feature", "properties": { "内容": "リボン輝ケアプランセンター【居宅介護支援】千葉県浦安市北栄3－9－13貴富ビル　2Ｆ", "url2": "https://www.kaigokensaku.mhlw.go.jp/12/index.php?action_kouhyou_detail_004_kani=true&JigyosyoCd=1273201101-00&ServiceCd=430&Type=search" }, "geometry": { "type": "Point", "coordinates": [ 139.900452135829141, 35.664575859164366 ] } },
{ "type": "Feature", "properties": { "内容": "はっぱよろず相談室【居宅介護支援】千葉県浦安市北栄2-24-2-704パルコート浦安ベルジュール", "url2": "https://www.kaigokensaku.mhlw.go.jp/12/index.php?action_kouhyou_detail_004_kani=true&JigyosyoCd=1273201507-00&ServiceCd=430&Type=search" }, "geometry": { "type": "Point", "coordinates": [ 139.89860010000001, 35.6684281 ] } },
{ "type": "Feature", "properties": { "内容": "らいおんハート居宅介護支援センター浦安【居宅介護支援】千葉県浦安市富岡3-2-6ASMACI浦安富岡", "url2": "https://www.kaigokensaku.mhlw.go.jp/12/index.php?action_kouhyou_detail_004_kani=true&JigyosyoCd=1273201010-00&ServiceCd=430&Type=search" }, "geometry": { "type": "Point", "coordinates": [ 139.901096747996689, 35.642904945136003 ] } },
{ "type": "Feature", "properties": { "内容": "光悠指定訪問介護事業所【居宅介護支援】千葉県浦安市堀江6-13-24　2階", "url2": "https://www.kaigokensaku.mhlw.go.jp/12/index.php?action_kouhyou_detail_004_kani=true&JigyosyoCd=1273200111-00&ServiceCd=430&Type=search" }, "geometry": { "type": "Point", "coordinates": [ 139.894440300000042, 35.6529279 ] } },
{ "type": "Feature", "properties": { "内容": "有限会社和ケアセンター【居宅介護支援】千葉県浦安市富士見１－１０－２１", "url2": "https://www.kaigokensaku.mhlw.go.jp/12/index.php?action_kouhyou_detail_004_kani=true&JigyosyoCd=1273200277-00&ServiceCd=430&Type=search" }, "geometry": { "type": "Point", "coordinates": [ 139.891160099999979, 35.6509114 ] } },
{ "type": "Feature", "properties": { "内容": "ニチイケアセンター浦安【居宅介護支援】千葉県浦安市当代島1-1-23林ビル4F", "url2": "https://www.kaigokensaku.mhlw.go.jp/12/index.php?action_kouhyou_detail_004_kani=true&JigyosyoCd=1273200095-00&ServiceCd=430&Type=search" }, "geometry": { "type": "Point", "coordinates": [ 139.8929329, 35.667118500000015 ] } },
{ "type": "Feature", "properties": { "内容": "ユーケアNEXT【居宅介護支援】千葉県浦安市堀江6-9-1102", "url2": "https://www.kaigokensaku.mhlw.go.jp/12/index.php?action_kouhyou_detail_004_kani=true&JigyosyoCd=1273201622-00&ServiceCd=430&Type=search" }, "geometry": { "type": "Point", "coordinates": [ 139.8968965, 35.6525677 ] } },
{ "type": "Feature", "properties": { "内容": "ケアマネジメントエンジョイ【居宅介護支援】千葉県浦安市海楽1-11-5-102ハイツロベリア", "url2": "https://www.kaigokensaku.mhlw.go.jp/12/index.php?action_kouhyou_detail_004_kani=true&JigyosyoCd=1273201473-00&ServiceCd=430&Type=search" }, "geometry": { "type": "Point", "coordinates": [ 139.903232240475461, 35.654531676813718 ] } },
{ "type": "Feature", "properties": { "内容": "癒しのケアプランセンター浦安ふじみ【居宅介護支援】千葉県浦安市富士見２－２１－３６", "url2": "https://www.kaigokensaku.mhlw.go.jp/12/index.php?action_kouhyou_detail_004_kani=true&JigyosyoCd=1273200186-00&ServiceCd=430&Type=search" }, "geometry": { "type": "Point", "coordinates": [ 139.887840899999986, 35.6507669 ] } },
{ "type": "Feature", "properties": { "内容": "かねこ整骨院ケアサポート【居宅介護支援】千葉県浦安市猫実2-2-6ロイヤルガーデン浦安リバーサイド101", "url2": "https://www.kaigokensaku.mhlw.go.jp/12/index.php?action_kouhyou_detail_004_kani=true&JigyosyoCd=1273200905-00&ServiceCd=430&Type=search" }, "geometry": { "type": "Point", "coordinates": [ 139.8985358, 35.6572841 ] } },
{ "type": "Feature", "properties": { "内容": "居宅介護支援事業所ケアプランたなか【居宅介護支援】千葉県四街道市大日235チェリーハイツA105", "url2": "https://www.kaigokensaku.mhlw.go.jp/12/index.php?action_kouhyou_detail_004_kani=true&JigyosyoCd=1273301737-00&ServiceCd=430&Type=search" }, "geometry": { "type": "Point", "coordinates": [ 140.1539012, 35.6765429 ] } },
{ "type": "Feature", "properties": { "内容": "ケアプラン夢【居宅介護支援】千葉県四街道市和良比９０９番地１３", "url2": "https://www.kaigokensaku.mhlw.go.jp/12/index.php?action_kouhyou_detail_004_kani=true&JigyosyoCd=1273301547-00&ServiceCd=430&Type=search" }, "geometry": { "type": "Point", "coordinates": [ 140.162028580985663, 35.653414230825611 ] } },
{ "type": "Feature", "properties": { "内容": "たすけあいの会ふきのとう【居宅介護支援】千葉県四街道市四街道1521-19", "url2": "https://www.kaigokensaku.mhlw.go.jp/12/index.php?action_kouhyou_detail_004_kani=true&JigyosyoCd=1273300127-00&ServiceCd=430&Type=search" }, "geometry": { "type": "Point", "coordinates": [ 140.163058800000044, 35.667932900000018 ] } },
{ "type": "Feature", "properties": { "内容": "ういず・ユー支え愛四街道【居宅介護支援】千葉県四街道市鹿渡933-2961・2・3ビル201号室", "url2": "https://www.kaigokensaku.mhlw.go.jp/12/index.php?action_kouhyou_detail_004_kani=true&JigyosyoCd=1273301349-00&ServiceCd=430&Type=search" }, "geometry": { "type": "Point", "coordinates": [ 140.166998374235504, 35.671226908830199 ] } },
{ "type": "Feature", "properties": { "内容": "社会福祉法人旭会あさひ園【居宅介護支援】千葉県四街道市山梨1488番1", "url2": "https://www.kaigokensaku.mhlw.go.jp/12/index.php?action_kouhyou_detail_004_kani=true&JigyosyoCd=1273300010-00&ServiceCd=430&Type=search" }, "geometry": { "type": "Point", "coordinates": [ 140.191791980950939, 35.668259809558123 ] } },
{ "type": "Feature", "properties": { "内容": "ケアプラン楽いき【居宅介護支援】千葉県四街道市大日1792-39グリーンハイツE101", "url2": "https://www.kaigokensaku.mhlw.go.jp/12/index.php?action_kouhyou_detail_004_kani=true&JigyosyoCd=1273301026-00&ServiceCd=430&Type=search" }, "geometry": { "type": "Point", "coordinates": [ 140.158727885844456, 35.669291948200026 ] } },
{ "type": "Feature", "properties": { "内容": "ケアプランあいか四街道【居宅介護支援】下志津新田2521-106", "url2": "https://www.kaigokensaku.mhlw.go.jp/12/index.php?action_kouhyou_detail_004_kani=true&JigyosyoCd=1273301836-00&ServiceCd=430&Type=search" }, "geometry": { "type": "Point", "coordinates": [ 140.156576699999988, 35.6641362 ] } },
{ "type": "Feature", "properties": { "内容": "SOMPOケア　四街道　居宅介護支援【居宅介護支援】千葉県四街道市和良比269-31貸事務所1棟1階", "url2": "https://www.kaigokensaku.mhlw.go.jp/12/index.php?action_kouhyou_detail_004_kani=true&JigyosyoCd=1273301505-00&ServiceCd=430&Type=search" }, "geometry": { "type": "Point", "coordinates": [ 140.17231049999998, 35.662176 ] } },
{ "type": "Feature", "properties": { "内容": "ケアプランセンターしあわせうさぎ【居宅介護支援】千葉県四街道市和良比254-12小山ビル3階", "url2": "https://www.kaigokensaku.mhlw.go.jp/12/index.php?action_kouhyou_detail_004_kani=true&JigyosyoCd=1273301620-00&ServiceCd=430&Type=search" }, "geometry": { "type": "Point", "coordinates": [ 140.166544182285946, 35.662150044394131 ] } },
{ "type": "Feature", "properties": { "内容": "チェリーコート居宅介護支援事業所【居宅介護支援】千葉県四街道市大日526-22", "url2": "https://www.kaigokensaku.mhlw.go.jp/12/index.php?action_kouhyou_detail_004_kani=true&JigyosyoCd=1273300663-00&ServiceCd=430&Type=search" }, "geometry": { "type": "Point", "coordinates": [ 140.161305299999981, 35.6802476 ] } },
{ "type": "Feature", "properties": { "内容": "まごころ在宅ケアマネジメント【居宅介護支援】千葉県四街道市めいわ3-16-8　1階/2階", "url2": "https://www.kaigokensaku.mhlw.go.jp/12/index.php?action_kouhyou_detail_004_kani=true&JigyosyoCd=1273301745-00&ServiceCd=430&Type=search" }, "geometry": { "type": "Point", "coordinates": [ 140.163033399999989, 35.6488354 ] } },
{ "type": "Feature", "properties": { "内容": "シルバースプーン【居宅介護支援】千葉県四街道市内黒田２５１番地", "url2": "https://www.kaigokensaku.mhlw.go.jp/12/index.php?action_kouhyou_detail_004_kani=true&JigyosyoCd=1273301794-00&ServiceCd=430&Type=search" }, "geometry": { "type": "Point", "coordinates": [ 140.172928899999988, 35.6869716 ] } },
{ "type": "Feature", "properties": { "内容": "介護支援サービスめいわ【居宅介護支援】千葉県四街道市めいわ二丁目8番1号", "url2": "https://www.kaigokensaku.mhlw.go.jp/12/index.php?action_kouhyou_detail_004_kani=true&JigyosyoCd=1273301612-00&ServiceCd=430&Type=search" }, "geometry": { "type": "Point", "coordinates": [ 140.1733803, 35.654923 ] } },
{ "type": "Feature", "properties": { "内容": "あすみの丘在宅介護支援センター【居宅介護支援】千葉県四街道市大日１６２３－１", "url2": "https://www.kaigokensaku.mhlw.go.jp/12/index.php?action_kouhyou_detail_004_kani=true&JigyosyoCd=1273300085-00&ServiceCd=430&Type=search" }, "geometry": { "type": "Point", "coordinates": [ 140.166353599999979, 35.6906963 ] } },
{ "type": "Feature", "properties": { "内容": "社会福祉法人四街道市社会福祉協議会【居宅介護支援】千葉県四街道市鹿渡無番地総合福祉センター分館", "url2": "https://www.kaigokensaku.mhlw.go.jp/12/index.php?action_kouhyou_detail_004_kani=true&JigyosyoCd=1273300051-00&ServiceCd=430&Type=search" }, "geometry": { "type": "Point", "coordinates": [ 140.168299700000034, 35.6696163 ] } },
{ "type": "Feature", "properties": { "内容": "あゆむケアプランサポート【居宅介護支援】千葉県四街道市大日329-14201", "url2": "https://www.kaigokensaku.mhlw.go.jp/12/index.php?action_kouhyou_detail_004_kani=true&JigyosyoCd=1273301802-00&ServiceCd=430&Type=search" }, "geometry": { "type": "Point", "coordinates": [ 140.1609379, 35.6730716 ] } },
{ "type": "Feature", "properties": { "内容": "潤生堂医院【居宅介護支援】千葉県四街道市和良比２５４－２０", "url2": "https://www.kaigokensaku.mhlw.go.jp/12/index.php?action_kouhyou_detail_004_kani=true&JigyosyoCd=1214410379-00&ServiceCd=430&Type=search" }, "geometry": { "type": "Point", "coordinates": [ 140.166353, 35.662134 ] } },
{ "type": "Feature", "properties": { "内容": "クローバーケアつくし座プランセンター【居宅介護支援】千葉県四街道市つくし座１－３－４", "url2": "https://www.kaigokensaku.mhlw.go.jp/12/index.php?action_kouhyou_detail_004_kani=true&JigyosyoCd=1273301661-00&ServiceCd=430&Type=search" }, "geometry": { "type": "Point", "coordinates": [ 140.1757826, 35.6711687 ] } },
{ "type": "Feature", "properties": { "内容": "居宅介護支援事業所　栗の郷【居宅介護支援】千葉県四街道市栗山906-1", "url2": "https://www.kaigokensaku.mhlw.go.jp/12/index.php?action_kouhyou_detail_004_kani=true&JigyosyoCd=1273300309-00&ServiceCd=430&Type=search" }, "geometry": { "type": "Point", "coordinates": [ 140.176325499999962, 35.678348799999981 ] } },
{ "type": "Feature", "properties": { "内容": "カルテット介護サービス【居宅介護支援】千葉県四街道市四街道3－3-26ｼｬﾛｰﾑ103ｼｬﾛｰﾑ103", "url2": "https://www.kaigokensaku.mhlw.go.jp/12/index.php?action_kouhyou_detail_004_kani=true&JigyosyoCd=1273300838-00&ServiceCd=430&Type=search" }, "geometry": { "type": "Point", "coordinates": [ 140.15806983482878, 35.659294589868146 ] } },
{ "type": "Feature", "properties": { "内容": "ケンコー介護サービス【居宅介護支援】千葉県四街道市大日329-14グリーンコーポC203", "url2": "https://www.kaigokensaku.mhlw.go.jp/12/index.php?action_kouhyou_detail_004_kani=true&JigyosyoCd=1273301711-00&ServiceCd=430&Type=search" }, "geometry": { "type": "Point", "coordinates": [ 140.160937899999965, 35.673071600000014 ] } },
{ "type": "Feature", "properties": { "内容": "ケアプランあお【居宅介護支援】千葉県四街道市四街道1511－11千葉宅建ビル203", "url2": "https://www.kaigokensaku.mhlw.go.jp/12/index.php?action_kouhyou_detail_004_kani=true&JigyosyoCd=1273301885-00&ServiceCd=430&Type=search" }, "geometry": { "type": "Point", "coordinates": [ 140.1633109, 35.6691499 ] } },
{ "type": "Feature", "properties": { "内容": "袖ケ浦菜の花苑居宅介護支援事業所【居宅介護支援】千葉県袖ケ浦市神納4181番20", "url2": "https://www.kaigokensaku.mhlw.go.jp/12/index.php?action_kouhyou_detail_004_kani=true&JigyosyoCd=1273400026-00&ServiceCd=430&Type=search" }, "geometry": { "type": "Point", "coordinates": [ 139.99019, 35.437763 ] } },
{ "type": "Feature", "properties": { "内容": "よこたケアマネ事業所【居宅介護支援】千葉県袖ケ浦市横田　２１８９－１シティライフKL事務所", "url2": "https://www.kaigokensaku.mhlw.go.jp/12/index.php?action_kouhyou_detail_004_kani=true&JigyosyoCd=1273401073-00&ServiceCd=430&Type=search" }, "geometry": { "type": "Point", "coordinates": [ 140.0205814, 35.3856787 ] } },
{ "type": "Feature", "properties": { "内容": "ベストケア居宅介護支援事業所【居宅介護支援】千葉県袖ケ浦市神納1-19-3グローバル・ヴィレッジ10号", "url2": "https://www.kaigokensaku.mhlw.go.jp/12/index.php?action_kouhyou_detail_004_kani=true&JigyosyoCd=1273401081-00&ServiceCd=430&Type=search" }, "geometry": { "type": "Point", "coordinates": [ 139.960010400000016, 35.4233999 ] } },
{ "type": "Feature", "properties": { "内容": "サニーヒル居宅介護支援センター【居宅介護支援】千葉県袖ヶ浦市久保田857-9", "url2": "https://www.kaigokensaku.mhlw.go.jp/12/index.php?action_kouhyou_detail_004_kani=true&JigyosyoCd=1273400083-00&ServiceCd=430&Type=search" }, "geometry": { "type": "Point", "coordinates": [ 140.009663300000057, 35.4449489 ] } },
{ "type": "Feature", "properties": { "内容": "袖ケ浦瑞穂居宅介護支援センター【居宅介護支援】千葉県袖ケ浦市野里1452-4", "url2": "https://www.kaigokensaku.mhlw.go.jp/12/index.php?action_kouhyou_detail_004_kani=true&JigyosyoCd=1273400612-00&ServiceCd=430&Type=search" }, "geometry": { "type": "Point", "coordinates": [ 140.051170599999978, 35.401805 ] } },
{ "type": "Feature", "properties": { "内容": "袖ヶ浦ムツミ居宅支援センター【居宅介護支援】千葉県袖ケ浦市福王台1丁目13番3", "url2": "https://www.kaigokensaku.mhlw.go.jp/12/index.php?action_kouhyou_detail_004_kani=true&JigyosyoCd=1273400851-00&ServiceCd=430&Type=search" }, "geometry": { "type": "Point", "coordinates": [ 139.96028364388161, 35.428865595803842 ] } },
{ "type": "Feature", "properties": { "内容": "介護相談みどりの風そでがうら【居宅介護支援】千葉県袖ヶ浦市下泉1425", "url2": "https://www.kaigokensaku.mhlw.go.jp/12/index.php?action_kouhyou_detail_004_kani=true&JigyosyoCd=1273400893-00&ServiceCd=430&Type=search" }, "geometry": { "type": "Point", "coordinates": [ 140.0347554, 35.4214667 ] } },
{ "type": "Feature", "properties": { "内容": "入道雲【居宅介護支援】千葉県袖ケ浦市下宮田525-2", "url2": "https://www.kaigokensaku.mhlw.go.jp/12/index.php?action_kouhyou_detail_004_kani=true&JigyosyoCd=1273400794-00&ServiceCd=430&Type=search" }, "geometry": { "type": "Point", "coordinates": [ 140.006776704893468, 35.358048600160444 ] } },
{ "type": "Feature", "properties": { "内容": "居宅介護支援事業所わらく【居宅介護支援】千葉県袖ケ浦市上泉1308", "url2": "https://www.kaigokensaku.mhlw.go.jp/12/index.php?action_kouhyou_detail_004_kani=true&JigyosyoCd=1273401032-00&ServiceCd=430&Type=search" }, "geometry": { "type": "Point", "coordinates": [ 140.048020219049079, 35.408516246009462 ] } },
{ "type": "Feature", "properties": { "内容": "カトレアンホーム・菜の花苑居宅介護支援事業所【居宅介護支援】千葉県袖ヶ浦市蔵波2713番地１", "url2": "https://www.kaigokensaku.mhlw.go.jp/12/index.php?action_kouhyou_detail_004_kani=true&JigyosyoCd=1273400034-00&ServiceCd=430&Type=search" }, "geometry": { "type": "Point", "coordinates": [ 139.989856599999939, 35.4387347 ] } },
{ "type": "Feature", "properties": { "内容": "さつき会ケアマネセンター【居宅介護支援】千葉県袖ヶ浦市長浦駅前4-2-1", "url2": "https://www.kaigokensaku.mhlw.go.jp/12/index.php?action_kouhyou_detail_004_kani=true&JigyosyoCd=1273400059-00&ServiceCd=430&Type=search" }, "geometry": { "type": "Point", "coordinates": [ 140.005688700000064, 35.4455069 ] } },
{ "type": "Feature", "properties": { "内容": "AIST横田居宅介護支援事業所【居宅介護支援】千葉県袖ケ浦市横田1095", "url2": "https://www.kaigokensaku.mhlw.go.jp/12/index.php?action_kouhyou_detail_004_kani=true&JigyosyoCd=1273401016-00&ServiceCd=430&Type=search" }, "geometry": { "type": "Point", "coordinates": [ 140.024636239286792, 35.381159026292238 ] } },
{ "type": "Feature", "properties": { "内容": "居宅介護支援事業所きぼう【居宅介護支援】千葉県八街市八街へ199-1875", "url2": "https://www.kaigokensaku.mhlw.go.jp/12/index.php?action_kouhyou_detail_004_kani=true&JigyosyoCd=1273501187-00&ServiceCd=430&Type=search" }, "geometry": { "type": "Point", "coordinates": [ 140.307267799999977, 35.635512 ] } },
{ "type": "Feature", "properties": { "内容": "居宅介護支援事業所響華【居宅介護支援】千葉県八街市八街ほ262-2", "url2": "https://www.kaigokensaku.mhlw.go.jp/12/index.php?action_kouhyou_detail_004_kani=true&JigyosyoCd=1273501138-00&ServiceCd=430&Type=search" }, "geometry": { "type": "Point", "coordinates": [ 140.318067015513634, 35.660093318796406 ] } },
{ "type": "Feature", "properties": { "内容": "孫の手ワーク八街【居宅介護支援】千葉県八街市榎戸917-7ＳＫＹビル１Ｆ", "url2": "https://www.kaigokensaku.mhlw.go.jp/12/index.php?action_kouhyou_detail_004_kani=true&JigyosyoCd=1273500551-00&ServiceCd=430&Type=search" }, "geometry": { "type": "Point", "coordinates": [ 140.287711899999977, 35.68411 ] } },
{ "type": "Feature", "properties": { "内容": "居宅介護支援事業所やわらぎの里【居宅介護支援】千葉県八街市東吉田635-4", "url2": "https://www.kaigokensaku.mhlw.go.jp/12/index.php?action_kouhyou_detail_004_kani=true&JigyosyoCd=1273501195-00&ServiceCd=430&Type=search" }, "geometry": { "type": "Point", "coordinates": [ 140.312791458197012, 35.642247349733744 ] } },
{ "type": "Feature", "properties": { "内容": "ケアステーションマーガレット【居宅介護支援】千葉県八街市富山1314-2531小林歯科医院一階", "url2": "https://www.kaigokensaku.mhlw.go.jp/12/index.php?action_kouhyou_detail_004_kani=true&JigyosyoCd=1273500684-00&ServiceCd=430&Type=search" }, "geometry": { "type": "Point", "coordinates": [ 140.302014, 35.6708604 ] } },
{ "type": "Feature", "properties": { "内容": "株式会社千葉総合介護サービス八街【居宅介護支援】千葉県八街市富山1314－1352", "url2": "https://www.kaigokensaku.mhlw.go.jp/12/index.php?action_kouhyou_detail_004_kani=true&JigyosyoCd=1273500221-00&ServiceCd=430&Type=search" }, "geometry": { "type": "Point", "coordinates": [ 140.3016860325408, 35.670363710132449 ] } },
{ "type": "Feature", "properties": { "内容": "ケアプランセンター楽花【居宅介護支援】千葉県八街市文違301-782", "url2": "https://www.kaigokensaku.mhlw.go.jp/12/index.php?action_kouhyou_detail_004_kani=true&JigyosyoCd=1273500445-00&ServiceCd=430&Type=search" }, "geometry": { "type": "Point", "coordinates": [ 140.320187199999964, 35.6755967 ] } },
{ "type": "Feature", "properties": { "内容": "生活クラブ風の村ケアプランセンター八街【居宅介護支援】千葉県八街市東吉田912-8", "url2": "https://www.kaigokensaku.mhlw.go.jp/12/index.php?action_kouhyou_detail_004_kani=true&JigyosyoCd=1273500114-00&ServiceCd=430&Type=search" }, "geometry": { "type": "Point", "coordinates": [ 140.306970099999944, 35.6452747 ] } },
{ "type": "Feature", "properties": { "内容": "ケアプランゆず【居宅介護支援】千葉県八街市八街ほ645-51", "url2": "https://www.kaigokensaku.mhlw.go.jp/12/index.php?action_kouhyou_detail_004_kani=true&JigyosyoCd=1273501435-00&ServiceCd=430&Type=search" }, "geometry": { "type": "Point", "coordinates": [ 140.30481420000001, 35.6647354 ] } },
{ "type": "Feature", "properties": { "内容": "ケアプランささえあい【居宅介護支援】千葉県八街市八街に124-71", "url2": "https://www.kaigokensaku.mhlw.go.jp/12/index.php?action_kouhyou_detail_004_kani=true&JigyosyoCd=1273500346-00&ServiceCd=430&Type=search" }, "geometry": { "type": "Point", "coordinates": [ 140.320643, 35.6652894 ] } },
{ "type": "Feature", "properties": { "内容": "ヤックス八街訪問介護支援センター【居宅介護支援】千葉県八街市文違３０１－３８３６ヤックスドラック八街東店内", "url2": "https://www.kaigokensaku.mhlw.go.jp/12/index.php?action_kouhyou_detail_004_kani=true&JigyosyoCd=1273500262-00&ServiceCd=430&Type=search" }, "geometry": { "type": "Point", "coordinates": [ 140.318714805326039, 35.674296534773084 ] } },
{ "type": "Feature", "properties": { "内容": "開拓介護支援ステーション【居宅介護支援】千葉県八街市文違７３－２", "url2": "https://www.kaigokensaku.mhlw.go.jp/12/index.php?action_kouhyou_detail_004_kani=true&JigyosyoCd=1273500668-00&ServiceCd=430&Type=search" }, "geometry": { "type": "Point", "coordinates": [ 140.319898100000046, 35.6837348 ] } },
{ "type": "Feature", "properties": { "内容": "ケアプランやちまた【居宅介護支援】千葉県八街市八街に１２４－８北村テナント２階Ｂ号", "url2": "https://www.kaigokensaku.mhlw.go.jp/12/index.php?action_kouhyou_detail_004_kani=true&JigyosyoCd=1273500536-00&ServiceCd=430&Type=search" }, "geometry": { "type": "Point", "coordinates": [ 140.320565200000033, 35.665456 ] } },
{ "type": "Feature", "properties": { "内容": "居宅介護支援事業所ゆかり（愉花里）八街【居宅介護支援】千葉県八街市八街ほ246-5", "url2": "https://www.kaigokensaku.mhlw.go.jp/12/index.php?action_kouhyou_detail_004_kani=true&JigyosyoCd=1273500544-00&ServiceCd=430&Type=search" }, "geometry": { "type": "Point", "coordinates": [ 140.317796199999947, 35.6607371 ] } },
{ "type": "Feature", "properties": { "内容": "ケアパ－トナ－けやき【居宅介護支援】千葉県八街市八街ほ　594-2", "url2": "https://www.kaigokensaku.mhlw.go.jp/12/index.php?action_kouhyou_detail_004_kani=true&JigyosyoCd=1273501377-00&ServiceCd=430&Type=search" }, "geometry": { "type": "Point", "coordinates": [ 140.311516899999987, 35.6604492 ] } },
{ "type": "Feature", "properties": { "内容": "居宅介護支援事業所いずみ【居宅介護支援】千葉県印西市平賀学園台　3-2-13", "url2": "https://www.kaigokensaku.mhlw.go.jp/12/index.php?action_kouhyou_detail_004_kani=true&JigyosyoCd=1273600518-00&ServiceCd=430&Type=search" }, "geometry": { "type": "Point", "coordinates": [ 140.221015500000021, 35.7765362 ] } },
{ "type": "Feature", "properties": { "内容": "やまと居宅介護支援事業所【居宅介護支援】千葉県印西市原山１－１－１渡辺原山ビル１階", "url2": "https://www.kaigokensaku.mhlw.go.jp/12/index.php?action_kouhyou_detail_004_kani=true&JigyosyoCd=1273600476-00&ServiceCd=430&Type=search" }, "geometry": { "type": "Point", "coordinates": [ 140.127844166011016, 35.797945386123686 ] } },
{ "type": "Feature", "properties": { "内容": "けあぷらん　宝【居宅介護支援】千葉県印西市木下1386番地印西ビジネスセンター２階８号室", "url2": "https://www.kaigokensaku.mhlw.go.jp/12/index.php?action_kouhyou_detail_004_kani=true&JigyosyoCd=1273601003-00&ServiceCd=430&Type=search" }, "geometry": { "type": "Point", "coordinates": [ 140.156144500000011, 35.8403299 ] } },
{ "type": "Feature", "properties": { "内容": "ケアプランよしだ【居宅介護支援】千葉県印西市平賀学園台2-23-4", "url2": "https://www.kaigokensaku.mhlw.go.jp/12/index.php?action_kouhyou_detail_004_kani=true&JigyosyoCd=1273601102-00&ServiceCd=430&Type=search" }, "geometry": { "type": "Point", "coordinates": [ 140.251318700000013, 35.7496987 ] } },
{ "type": "Feature", "properties": { "内容": "ケアプランぞうさん印西【居宅介護支援】千葉県印西市中央北1－4アルカサール2Fアルカサール2F", "url2": "https://www.kaigokensaku.mhlw.go.jp/12/index.php?action_kouhyou_detail_004_kani=true&JigyosyoCd=1273601110-00&ServiceCd=430&Type=search" }, "geometry": { "type": "Point", "coordinates": [ 140.1173886, 35.8014849 ] } },
{ "type": "Feature", "properties": { "内容": "プレーゲ本埜居宅介護支援事業所【居宅介護支援】千葉県印西市牧の原1-3", "url2": "https://www.kaigokensaku.mhlw.go.jp/12/index.php?action_kouhyou_detail_004_kani=true&JigyosyoCd=1274300019-00&ServiceCd=430&Type=search" }, "geometry": { "type": "Point", "coordinates": [ 140.209765800000014, 35.8267982 ] } },
{ "type": "Feature", "properties": { "内容": "印西居宅介護支援センター【居宅介護支援】千葉県印西市牧の台１丁目１番地2号", "url2": "https://www.kaigokensaku.mhlw.go.jp/12/index.php?action_kouhyou_detail_004_kani=true&JigyosyoCd=1273600880-00&ServiceCd=430&Type=search" }, "geometry": { "type": "Point", "coordinates": [ 140.1631869, 35.813077 ] } },
{ "type": "Feature", "properties": { "内容": "ゆかり印西介護相談室【居宅介護支援】千葉県印西市木下１６４９", "url2": "https://www.kaigokensaku.mhlw.go.jp/12/index.php?action_kouhyou_detail_004_kani=true&JigyosyoCd=1273600757-00&ServiceCd=430&Type=search" }, "geometry": { "type": "Point", "coordinates": [ 140.145998599999984, 35.8403224 ] } },
{ "type": "Feature", "properties": { "内容": "居宅介護支援事業所印西【居宅介護支援】千葉県印西市草深225-5特別養護老人ホーム　印西内1階", "url2": "https://www.kaigokensaku.mhlw.go.jp/12/index.php?action_kouhyou_detail_004_kani=true&JigyosyoCd=1273600815-00&ServiceCd=430&Type=search" }, "geometry": { "type": "Point", "coordinates": [ 140.150361011700369, 35.791952364749342 ] } },
{ "type": "Feature", "properties": { "内容": "居宅支援本舗千葉ニュータウン【居宅介護支援】千葉県印西市戸神台2丁目16番地7", "url2": "https://www.kaigokensaku.mhlw.go.jp/12/index.php?action_kouhyou_detail_004_kani=true&JigyosyoCd=1273600849-00&ServiceCd=430&Type=search" }, "geometry": { "type": "Point", "coordinates": [ 140.1148263, 35.7942033 ] } },
{ "type": "Feature", "properties": { "内容": "ペブル居宅介護支援センター【居宅介護支援】千葉県印西市牧の原1丁目3番地", "url2": "https://www.kaigokensaku.mhlw.go.jp/12/index.php?action_kouhyou_detail_004_kani=true&JigyosyoCd=1273600708-00&ServiceCd=430&Type=search" }, "geometry": { "type": "Point", "coordinates": [ 140.164249569589174, 35.805376144370847 ] } },
{ "type": "Feature", "properties": { "内容": "ＪＡ西印旛介護サービス居宅介護支援事業所【居宅介護支援】千葉県印西市大森3546-9", "url2": "https://www.kaigokensaku.mhlw.go.jp/12/index.php?action_kouhyou_detail_004_kani=true&JigyosyoCd=1273600385-00&ServiceCd=430&Type=search" }, "geometry": { "type": "Point", "coordinates": [ 140.143887800000016, 35.8354647 ] } },
{ "type": "Feature", "properties": { "内容": "フレンズ印西居宅介護支援センター【居宅介護支援】千葉県印西市草深2302-3", "url2": "https://www.kaigokensaku.mhlw.go.jp/12/index.php?action_kouhyou_detail_004_kani=true&JigyosyoCd=1273600583-00&ServiceCd=430&Type=search" }, "geometry": { "type": "Point", "coordinates": [ 140.162673830499244, 35.796185629496343 ] } },
{ "type": "Feature", "properties": { "内容": "居宅介護支援事業所ハッピーディ【居宅介護支援】千葉県印西市小林３３５４－２", "url2": "https://www.kaigokensaku.mhlw.go.jp/12/index.php?action_kouhyou_detail_004_kani=true&JigyosyoCd=1273600351-00&ServiceCd=430&Type=search" }, "geometry": { "type": "Point", "coordinates": [ 140.19205050000005, 35.832724 ] } },
{ "type": "Feature", "properties": { "内容": "在宅介護支援センターヴィラ大森【居宅介護支援】千葉県印西市大森２２１８－１", "url2": "https://www.kaigokensaku.mhlw.go.jp/12/index.php?action_kouhyou_detail_004_kani=true&JigyosyoCd=1273600138-00&ServiceCd=430&Type=search" }, "geometry": { "type": "Point", "coordinates": [ 140.149954100000059, 35.8267132 ] } },
{ "type": "Feature", "properties": { "内容": "ケアプラン一会【居宅介護支援】千葉県印西市内野２－６－３４－５０８", "url2": "https://www.kaigokensaku.mhlw.go.jp/12/index.php?action_kouhyou_detail_004_kani=true&JigyosyoCd=1273600666-00&ServiceCd=430&Type=search" }, "geometry": { "type": "Point", "coordinates": [ 140.124997500000063, 35.7932312 ] } },
{ "type": "Feature", "properties": { "内容": "社会福祉法人印西市社会福祉協議会【居宅介護支援】千葉県印西市竹袋６１４－９総合福祉センター", "url2": "https://www.kaigokensaku.mhlw.go.jp/12/index.php?action_kouhyou_detail_004_kani=true&JigyosyoCd=1273600096-00&ServiceCd=430&Type=search" }, "geometry": { "type": "Point", "coordinates": [ 140.150454, 35.832793 ] } },
{ "type": "Feature", "properties": { "内容": "秋桜居宅介護支援事業所【居宅介護支援】千葉県印西市小林1102番地7", "url2": "https://www.kaigokensaku.mhlw.go.jp/12/index.php?action_kouhyou_detail_004_kani=true&JigyosyoCd=1273600237-00&ServiceCd=430&Type=search" }, "geometry": { "type": "Point", "coordinates": [ 140.199116900000035, 35.822937 ] } },
{ "type": "Feature", "properties": { "内容": "居宅介護支援事業所きはら【居宅介護支援】千葉県印西市大森３３４９", "url2": "https://www.kaigokensaku.mhlw.go.jp/12/index.php?action_kouhyou_detail_004_kani=true&JigyosyoCd=1273600591-00&ServiceCd=430&Type=search" }, "geometry": { "type": "Point", "coordinates": [ 140.140824, 35.8373227 ] } },
{ "type": "Feature", "properties": { "内容": "居宅介護支援事業所ハートヴィレッヂ【居宅介護支援】千葉県印西市武西1269-1", "url2": "https://www.kaigokensaku.mhlw.go.jp/12/index.php?action_kouhyou_detail_004_kani=true&JigyosyoCd=1273600336-00&ServiceCd=430&Type=search" }, "geometry": { "type": "Point", "coordinates": [ 140.1096437, 35.7891622 ] } },
{ "type": "Feature", "properties": { "内容": "ケアプランセンター　はるかぜ【居宅介護支援】千葉県印西市小林１６２１－１２", "url2": "https://www.kaigokensaku.mhlw.go.jp/12/index.php?action_kouhyou_detail_004_kani=true&JigyosyoCd=1273600856-00&ServiceCd=430&Type=search" }, "geometry": { "type": "Point", "coordinates": [ 140.19641905752303, 35.827148632543782 ] } },
{ "type": "Feature", "properties": { "内容": "ホワイトヴィラ印西指定居宅介護支援事業者【居宅介護支援】千葉県印西市内野1-7-1", "url2": "https://www.kaigokensaku.mhlw.go.jp/12/index.php?action_kouhyou_detail_004_kani=true&JigyosyoCd=1273600039-00&ServiceCd=430&Type=search" }, "geometry": { "type": "Point", "coordinates": [ 140.127143100000012, 35.796859500000025 ] } },
{ "type": "Feature", "properties": { "内容": "居宅介護支援事業所みどり荘【居宅介護支援】千葉県印西市竜腹寺３４２－２", "url2": "https://www.kaigokensaku.mhlw.go.jp/12/index.php?action_kouhyou_detail_004_kani=true&JigyosyoCd=1273600195-00&ServiceCd=430&Type=search" }, "geometry": { "type": "Point", "coordinates": [ 140.177911216414174, 35.804528633892694 ] } },
{ "type": "Feature", "properties": { "内容": "医療法人社団雅厚生会千葉新都市ラーバンクリニック【居宅介護支援】千葉県印西市草深１３８", "url2": "https://www.kaigokensaku.mhlw.go.jp/12/index.php?action_kouhyou_detail_004_kani=true&JigyosyoCd=1214610366-00&ServiceCd=430&Type=search" }, "geometry": { "type": "Point", "coordinates": [ 140.14268340000001, 35.7976467 ] } },
{ "type": "Feature", "properties": { "内容": "居宅介護支援事業所がじゅまる印西【居宅介護支援】千葉県印西市大森4450-53原コーポ101", "url2": "https://www.kaigokensaku.mhlw.go.jp/12/index.php?action_kouhyou_detail_004_kani=true&JigyosyoCd=1273601144-00&ServiceCd=430&Type=search" }, "geometry": { "type": "Point", "coordinates": [ 140.1396972, 35.8369665 ] } },
{ "type": "Feature", "properties": { "内容": "桜台デイサービスセンター【居宅介護支援】千葉県白井市桜台2-7-3", "url2": "https://www.kaigokensaku.mhlw.go.jp/12/index.php?action_kouhyou_detail_004_kani=true&JigyosyoCd=1274200094-00&ServiceCd=430&Type=search" }, "geometry": { "type": "Point", "coordinates": [ 140.10384410000006, 35.7987805 ] } },
{ "type": "Feature", "properties": { "内容": "介護ステーションＳｅｆｒｏ【居宅介護支援】千葉県白井市根125-13", "url2": "https://www.kaigokensaku.mhlw.go.jp/12/index.php?action_kouhyou_detail_004_kani=true&JigyosyoCd=1274200532-00&ServiceCd=430&Type=search" }, "geometry": { "type": "Point", "coordinates": [ 140.04996170000004, 35.7863559 ] } },
{ "type": "Feature", "properties": { "内容": "ケアプラン　鼓響【居宅介護支援】千葉県白井市根116-41", "url2": "https://www.kaigokensaku.mhlw.go.jp/12/index.php?action_kouhyou_detail_004_kani=true&JigyosyoCd=1274200870-00&ServiceCd=430&Type=search" }, "geometry": { "type": "Point", "coordinates": [ 140.055545200000012, 35.7927021 ] } },
{ "type": "Feature", "properties": { "内容": "リハモードナビ【居宅介護支援】千葉県白井市市根２３５－２リハモードヴィラ白井", "url2": "https://www.kaigokensaku.mhlw.go.jp/12/index.php?action_kouhyou_detail_004_kani=true&JigyosyoCd=1274200904-00&ServiceCd=430&Type=search" }, "geometry": { "type": "Point", "coordinates": [ 140.0391713, 35.7744646 ] } },
{ "type": "Feature", "properties": { "内容": "ケアサービスたんぽぽ【居宅介護支援】千葉県白井市神々廻1388-2", "url2": "https://www.kaigokensaku.mhlw.go.jp/12/index.php?action_kouhyou_detail_004_kani=true&JigyosyoCd=1274200185-00&ServiceCd=430&Type=search" }, "geometry": { "type": "Point", "coordinates": [ 140.075501328720577, 35.803124902341629 ] } },
{ "type": "Feature", "properties": { "内容": "菊華園居宅介護支援センター【居宅介護支援】千葉県白井市神々廻１８８９－２", "url2": "https://www.kaigokensaku.mhlw.go.jp/12/index.php?action_kouhyou_detail_004_kani=true&JigyosyoCd=1274200029-00&ServiceCd=430&Type=search" }, "geometry": { "type": "Point", "coordinates": [ 140.086898131249598, 35.807209117731126 ] } },
{ "type": "Feature", "properties": { "内容": "中居宅介護支援センター【居宅介護支援】千葉県白井市中１７２－３", "url2": "https://www.kaigokensaku.mhlw.go.jp/12/index.php?action_kouhyou_detail_004_kani=true&JigyosyoCd=1274200045-00&ServiceCd=430&Type=search" }, "geometry": { "type": "Point", "coordinates": [ 140.0455445, 35.8176571 ] } },
{ "type": "Feature", "properties": { "内容": "ケアプランおてだま【居宅介護支援】千葉県白井市根1369番地2", "url2": "https://www.kaigokensaku.mhlw.go.jp/12/index.php?action_kouhyou_detail_004_kani=true&JigyosyoCd=1274200383-00&ServiceCd=430&Type=search" }, "geometry": { "type": "Point", "coordinates": [ 140.040768704893509, 35.790226194153206 ] } },
{ "type": "Feature", "properties": { "内容": "ケアプランふうか【居宅介護支援】千葉県白井市西白井1-16-5", "url2": "https://www.kaigokensaku.mhlw.go.jp/12/index.php?action_kouhyou_detail_004_kani=true&JigyosyoCd=1274200631-00&ServiceCd=430&Type=search" }, "geometry": { "type": "Point", "coordinates": [ 140.026761699999952, 35.7945764 ] } },
{ "type": "Feature", "properties": { "内容": "ケアプラン大野村【居宅介護支援】千葉県白井市復1457-2　3階", "url2": "https://www.kaigokensaku.mhlw.go.jp/12/index.php?action_kouhyou_detail_004_kani=true&JigyosyoCd=1274200920-00&ServiceCd=430&Type=search" }, "geometry": { "type": "Point", "coordinates": [ 140.062216799999987, 35.7957754 ] } },
{ "type": "Feature", "properties": { "内容": "ケアプランさちほ【居宅介護支援】千葉県白井市根１７４８番地の３７", "url2": "https://www.kaigokensaku.mhlw.go.jp/12/index.php?action_kouhyou_detail_004_kani=true&JigyosyoCd=1274200821-00&ServiceCd=430&Type=search" }, "geometry": { "type": "Point", "coordinates": [ 140.034608892627347, 35.793395897379206 ] } },
{ "type": "Feature", "properties": { "内容": "さつきの里在宅介護支援センター【居宅介護支援】千葉県白井市笹塚3-25-1", "url2": "https://www.kaigokensaku.mhlw.go.jp/12/index.php?action_kouhyou_detail_004_kani=true&JigyosyoCd=1274200672-00&ServiceCd=430&Type=search" }, "geometry": { "type": "Point", "coordinates": [ 140.054347, 35.789925 ] } },
{ "type": "Feature", "properties": { "内容": "在宅支援ハーモニー【居宅介護支援】千葉県白井市根1696-10", "url2": "https://www.kaigokensaku.mhlw.go.jp/12/index.php?action_kouhyou_detail_004_kani=true&JigyosyoCd=1274200862-00&ServiceCd=430&Type=search" }, "geometry": { "type": "Point", "coordinates": [ 140.029972426249344, 35.785148984368256 ] } },
{ "type": "Feature", "properties": { "内容": "MYYケアプランセンター【居宅介護支援】千葉県白井市436－7", "url2": "https://www.kaigokensaku.mhlw.go.jp/12/index.php?action_kouhyou_detail_004_kani=true&JigyosyoCd=1274200854-00&ServiceCd=430&Type=search" }, "geometry": { "type": "Point", "coordinates": [ 140.055628, 35.7913072 ] } },
{ "type": "Feature", "properties": { "内容": "ライブリーケア中銀白井【居宅介護支援】千葉県白井市堀込２－１－３中銀ライフケア白井内　２１８", "url2": "https://www.kaigokensaku.mhlw.go.jp/12/index.php?action_kouhyou_detail_004_kani=true&JigyosyoCd=1274200524-00&ServiceCd=430&Type=search" }, "geometry": { "type": "Point", "coordinates": [ 140.0496091, 35.7837506 ] } },
{ "type": "Feature", "properties": { "内容": "北総白井訪問看護ステーション居宅介護支援部【居宅介護支援】千葉県白井市根331-2", "url2": "https://www.kaigokensaku.mhlw.go.jp/12/index.php?action_kouhyou_detail_004_kani=true&JigyosyoCd=1274200433-00&ServiceCd=430&Type=search" }, "geometry": { "type": "Point", "coordinates": [ 140.031752832679786, 35.770880757673446 ] } },
{ "type": "Feature", "properties": { "内容": "居宅介護支援事業所つばめ【居宅介護支援】千葉県富里市日吉台5-43-2リハビリデイサービス日吉台", "url2": "https://www.kaigokensaku.mhlw.go.jp/12/index.php?action_kouhyou_detail_004_kani=true&JigyosyoCd=1274000577-00&ServiceCd=430&Type=search" }, "geometry": { "type": "Point", "coordinates": [ 140.31481789999998, 35.7607012 ] } },
{ "type": "Feature", "properties": { "内容": "在宅介護支援センター龍岡【居宅介護支援】千葉県富里市七栄653-73", "url2": "https://www.kaigokensaku.mhlw.go.jp/12/index.php?action_kouhyou_detail_004_kani=true&JigyosyoCd=1274000023-00&ServiceCd=430&Type=search" }, "geometry": { "type": "Point", "coordinates": [ 140.336122700000033, 35.7257167 ] } },
{ "type": "Feature", "properties": { "内容": "夢乃けあぷらん【居宅介護支援】千葉県富里市御料910-6コーポ石井7-102", "url2": "https://www.kaigokensaku.mhlw.go.jp/12/index.php?action_kouhyou_detail_004_kani=true&JigyosyoCd=1274000528-00&ServiceCd=430&Type=search" }, "geometry": { "type": "Point", "coordinates": [ 140.357383898355891, 35.729361997370866 ] } },
{ "type": "Feature", "properties": { "内容": "居宅介護支援センター富里おたがいさま【居宅介護支援】千葉県富里市御料６９４－３", "url2": "https://www.kaigokensaku.mhlw.go.jp/12/index.php?action_kouhyou_detail_004_kani=true&JigyosyoCd=1274000684-00&ServiceCd=430&Type=search" }, "geometry": { "type": "Point", "coordinates": [ 140.367255900000032, 35.7172933 ] } },
{ "type": "Feature", "properties": { "内容": "指定居宅介護支援事業所　九十九荘【居宅介護支援】千葉県富里市立沢新田192-16", "url2": "https://www.kaigokensaku.mhlw.go.jp/12/index.php?action_kouhyou_detail_004_kani=true&JigyosyoCd=1274000049-00&ServiceCd=430&Type=search" }, "geometry": { "type": "Point", "coordinates": [ 140.341119599999956, 35.7164319 ] } },
{ "type": "Feature", "properties": { "内容": "在宅介護相談センター日吉台【居宅介護支援】千葉県富里市日吉倉13-8", "url2": "https://www.kaigokensaku.mhlw.go.jp/12/index.php?action_kouhyou_detail_004_kani=true&JigyosyoCd=1274000189-00&ServiceCd=430&Type=search" }, "geometry": { "type": "Point", "coordinates": [ 140.323893411138641, 35.776015415602963 ] } },
{ "type": "Feature", "properties": { "内容": "あい愛葉山ケアプラン【居宅介護支援】千葉県富里市御料1139-32", "url2": "https://www.kaigokensaku.mhlw.go.jp/12/index.php?action_kouhyou_detail_004_kani=true&JigyosyoCd=1274000767-00&ServiceCd=430&Type=search" }, "geometry": { "type": "Point", "coordinates": [ 140.358703, 35.723837 ] } },
{ "type": "Feature", "properties": { "内容": "ケアプランセンターハートフルりはびり舎【居宅介護支援】千葉県富里市七栄646-195", "url2": "https://www.kaigokensaku.mhlw.go.jp/12/index.php?action_kouhyou_detail_004_kani=true&JigyosyoCd=1274000734-00&ServiceCd=430&Type=search" }, "geometry": { "type": "Point", "coordinates": [ 140.3386385, 35.7421868 ] } },
{ "type": "Feature", "properties": { "内容": "中原居宅介護支援事業所【居宅介護支援】千葉県南房総市和田町黒岩9-1", "url2": "https://www.kaigokensaku.mhlw.go.jp/12/index.php?action_kouhyou_detail_004_kani=true&JigyosyoCd=1278800113-00&ServiceCd=430&Type=search" }, "geometry": { "type": "Point", "coordinates": [ 139.992641099999986, 35.0444955 ] } },
{ "type": "Feature", "properties": { "内容": "花の谷クリニック【居宅介護支援】千葉県南房総市千倉町白子2446", "url2": "https://www.kaigokensaku.mhlw.go.jp/12/index.php?action_kouhyou_detail_004_kani=true&JigyosyoCd=1215110135-00&ServiceCd=430&Type=search" }, "geometry": { "type": "Point", "coordinates": [ 139.9691781, 34.9853018 ] } },
{ "type": "Feature", "properties": { "内容": "居宅介護事業所みどり【居宅介護支援】千葉県南房総市千倉町南朝夷1582-1", "url2": "https://www.kaigokensaku.mhlw.go.jp/12/index.php?action_kouhyou_detail_004_kani=true&JigyosyoCd=1278800261-00&ServiceCd=430&Type=search" }, "geometry": { "type": "Point", "coordinates": [ 139.955915193466581, 34.960434279506842 ] } },
{ "type": "Feature", "properties": { "内容": "有限会社ほのぼの指定居宅介護支援事業【居宅介護支援】千葉県南房総市富浦町多田良１０７７－２", "url2": "https://www.kaigokensaku.mhlw.go.jp/12/index.php?action_kouhyou_detail_004_kani=true&JigyosyoCd=1277700058-00&ServiceCd=430&Type=search" }, "geometry": { "type": "Point", "coordinates": [ 139.831535699999989, 35.0383625 ] } },
{ "type": "Feature", "properties": { "内容": "ケアセンター白浜中央【居宅介護支援】千葉県南房総市白浜町白浜2887-4", "url2": "https://www.kaigokensaku.mhlw.go.jp/12/index.php?action_kouhyou_detail_004_kani=true&JigyosyoCd=1278800568-00&ServiceCd=430&Type=search" }, "geometry": { "type": "Point", "coordinates": [ 139.8984658, 34.9068942 ] } },
{ "type": "Feature", "properties": { "内容": "ケアプラン１１０【居宅介護支援】千葉県南房総市珠師ケ谷594", "url2": "https://www.kaigokensaku.mhlw.go.jp/12/index.php?action_kouhyou_detail_004_kani=true&JigyosyoCd=1278800576-00&ServiceCd=430&Type=search" }, "geometry": { "type": "Point", "coordinates": [ 139.963989199999986, 35.0465212 ] } },
{ "type": "Feature", "properties": { "内容": "居宅介護相談センター花の里【居宅介護支援】千葉県南房総市和田町松田８０８", "url2": "https://www.kaigokensaku.mhlw.go.jp/12/index.php?action_kouhyou_detail_004_kani=true&JigyosyoCd=1278400013-00&ServiceCd=430&Type=search" }, "geometry": { "type": "Point", "coordinates": [ 139.989325099999974, 35.0263618 ] } },
{ "type": "Feature", "properties": { "内容": "おもいやりの郷居宅介護支援センター【居宅介護支援】千葉県南房総市白浜町滝口7216-8", "url2": "https://www.kaigokensaku.mhlw.go.jp/12/index.php?action_kouhyou_detail_004_kani=true&JigyosyoCd=1278100050-00&ServiceCd=430&Type=search" }, "geometry": { "type": "Point", "coordinates": [ 139.880144100000052, 34.904328 ] } },
{ "type": "Feature", "properties": { "内容": "三芳ケアステーション【居宅介護支援】千葉県南房総市谷向165-1", "url2": "https://www.kaigokensaku.mhlw.go.jp/12/index.php?action_kouhyou_detail_004_kani=true&JigyosyoCd=1278000052-00&ServiceCd=430&Type=search" }, "geometry": { "type": "Point", "coordinates": [ 139.894178900000043, 35.025688 ] } },
{ "type": "Feature", "properties": { "内容": "ななうら居宅介護支援事業所【居宅介護支援】千葉県南房総市千倉町大川638", "url2": "https://www.kaigokensaku.mhlw.go.jp/12/index.php?action_kouhyou_detail_004_kani=true&JigyosyoCd=1278800469-00&ServiceCd=430&Type=search" }, "geometry": { "type": "Point", "coordinates": [ 139.945418099999983, 34.931950600000029 ] } },
{ "type": "Feature", "properties": { "内容": "ケアプランサービスリブ丸山【居宅介護支援】千葉県南房総市川谷３０２－５特別養護老人ホームリブ丸山", "url2": "https://www.kaigokensaku.mhlw.go.jp/12/index.php?action_kouhyou_detail_004_kani=true&JigyosyoCd=1278300015-00&ServiceCd=430&Type=search" }, "geometry": { "type": "Point", "coordinates": [ 139.959367454631064, 35.058313941787993 ] } },
{ "type": "Feature", "properties": { "内容": "松永医院居宅介護支援事業所【居宅介護支援】千葉県南房総市千倉町平舘764-1", "url2": "https://www.kaigokensaku.mhlw.go.jp/12/index.php?action_kouhyou_detail_004_kani=true&JigyosyoCd=1278200058-00&ServiceCd=430&Type=search" }, "geometry": { "type": "Point", "coordinates": [ 139.960621700000047, 34.9532678 ] } },
{ "type": "Feature", "properties": { "内容": "ケアプランセンターおかげさま【居宅介護支援】千葉県南房総市千倉町南朝夷1661番地", "url2": "https://www.kaigokensaku.mhlw.go.jp/12/index.php?action_kouhyou_detail_004_kani=true&JigyosyoCd=1278800089-00&ServiceCd=430&Type=search" }, "geometry": { "type": "Point", "coordinates": [ 139.95595789999993, 34.9595087 ] } },
{ "type": "Feature", "properties": { "内容": "居宅介護支援事業所ちくら苑【居宅介護支援】千葉県南房総市千倉町瀬戸２７１２－２４", "url2": "https://www.kaigokensaku.mhlw.go.jp/12/index.php?action_kouhyou_detail_004_kani=true&JigyosyoCd=1278800154-00&ServiceCd=430&Type=search" }, "geometry": { "type": "Point", "coordinates": [ 139.959752, 34.9706424 ] } },
{ "type": "Feature", "properties": { "内容": "しおのねケアプランセンター【居宅介護支援】千葉県南房総市白子２１３３しおのねケアセンター", "url2": "https://www.kaigokensaku.mhlw.go.jp/12/index.php?action_kouhyou_detail_004_kani=true&JigyosyoCd=1278800303-00&ServiceCd=430&Type=search" }, "geometry": { "type": "Point", "coordinates": [ 139.974176386686224, 35.004313912739363 ] } },
{ "type": "Feature", "properties": { "内容": "ほっと・ケアライフプランセンター【居宅介護支援】千葉県南房総市市部170-3", "url2": "https://www.kaigokensaku.mhlw.go.jp/12/index.php?action_kouhyou_detail_004_kani=true&JigyosyoCd=1277800064-00&ServiceCd=430&Type=search" }, "geometry": { "type": "Point", "coordinates": [ 139.846728500000012, 35.0979472 ] } },
{ "type": "Feature", "properties": { "内容": "在宅介護支援センター「伏姫の郷」【居宅介護支援】千葉県南房総市平久里下字宮崎１１２９－２", "url2": "https://www.kaigokensaku.mhlw.go.jp/12/index.php?action_kouhyou_detail_004_kani=true&JigyosyoCd=1277800098-00&ServiceCd=430&Type=search" }, "geometry": { "type": "Point", "coordinates": [ 139.91356559999997, 35.0964917 ] } },
{ "type": "Feature", "properties": { "内容": "南房総・あおいホームケアサービス【居宅介護支援】千葉県南房総市久枝1143", "url2": "https://www.kaigokensaku.mhlw.go.jp/12/index.php?action_kouhyou_detail_004_kani=true&JigyosyoCd=1278800048-00&ServiceCd=430&Type=search" }, "geometry": { "type": "Point", "coordinates": [ 139.839051299999937, 35.0986664 ] } },
{ "type": "Feature", "properties": { "内容": "リハリハ【居宅介護支援】千葉県南房総市千倉町大貫590-1", "url2": "https://www.kaigokensaku.mhlw.go.jp/12/index.php?action_kouhyou_detail_004_kani=true&JigyosyoCd=1278800550-00&ServiceCd=430&Type=search" }, "geometry": { "type": "Point", "coordinates": [ 139.921356929059044, 34.974138197602734 ] } },
{ "type": "Feature", "properties": { "内容": "三芳光陽園指定居宅介護支援事業所【居宅介護支援】千葉県南房総市上堀２８０", "url2": "https://www.kaigokensaku.mhlw.go.jp/12/index.php?action_kouhyou_detail_004_kani=true&JigyosyoCd=1278000029-00&ServiceCd=430&Type=search" }, "geometry": { "type": "Point", "coordinates": [ 139.889051699999982, 35.0302178 ] } },
{ "type": "Feature", "properties": { "内容": "在宅介護支援センターアイリスの里【居宅介護支援】千葉県南房総市富浦町深名１１７０－１", "url2": "https://www.kaigokensaku.mhlw.go.jp/12/index.php?action_kouhyou_detail_004_kani=true&JigyosyoCd=1277700017-00&ServiceCd=430&Type=search" }, "geometry": { "type": "Point", "coordinates": [ 139.851612599999953, 35.0532338 ] } },
{ "type": "Feature", "properties": { "内容": "ケアプランセンター　富浦【居宅介護支援】千葉県南房総市富浦町深名1266－３", "url2": "https://www.kaigokensaku.mhlw.go.jp/12/index.php?action_kouhyou_detail_004_kani=true&JigyosyoCd=1278800584-00&ServiceCd=430&Type=search" }, "geometry": { "type": "Point", "coordinates": [ 139.851289799999989, 35.048357200000019 ] } },
{ "type": "Feature", "properties": { "内容": "ケアプランのさか【居宅介護支援】千葉県匝瑳市今泉7193", "url2": "https://www.kaigokensaku.mhlw.go.jp/12/index.php?action_kouhyou_detail_004_kani=true&JigyosyoCd=1278700115-00&ServiceCd=430&Type=search" }, "geometry": { "type": "Point", "coordinates": [ 140.580977800000028, 35.649757899999983 ] } },
{ "type": "Feature", "properties": { "内容": "アイフィットネス・ケアマネステーション【居宅介護支援】千葉県匝瑳市飯倉台４９－７", "url2": "https://www.kaigokensaku.mhlw.go.jp/12/index.php?action_kouhyou_detail_004_kani=true&JigyosyoCd=1278700362-00&ServiceCd=430&Type=search" }, "geometry": { "type": "Point", "coordinates": [ 140.520714199999986, 35.6870577 ] } },
{ "type": "Feature", "properties": { "内容": "居宅支援事業所ウエルピアひなた【居宅介護支援】千葉県匝瑳市富岡７９９-1", "url2": "https://www.kaigokensaku.mhlw.go.jp/12/index.php?action_kouhyou_detail_004_kani=true&JigyosyoCd=1278700263-00&ServiceCd=430&Type=search" }, "geometry": { "type": "Point", "coordinates": [ 140.52033628549691, 35.700105415108418 ] } },
{ "type": "Feature", "properties": { "内容": "ケアスタッフ八日市場【居宅介護支援】千葉県匝瑳市飯倉1555-1", "url2": "https://www.kaigokensaku.mhlw.go.jp/12/index.php?action_kouhyou_detail_004_kani=true&JigyosyoCd=1271900209-00&ServiceCd=430&Type=search" }, "geometry": { "type": "Point", "coordinates": [ 140.518494823675837, 35.699831078340431 ] } },
{ "type": "Feature", "properties": { "内容": "ケアプランセンター柚庵【居宅介護支援】千葉県匝瑳市堀川３９８５番地１", "url2": "https://www.kaigokensaku.mhlw.go.jp/12/index.php?action_kouhyou_detail_004_kani=true&JigyosyoCd=1278700388-00&ServiceCd=430&Type=search" }, "geometry": { "type": "Point", "coordinates": [ 140.541724, 35.6515454 ] } },
{ "type": "Feature", "properties": { "内容": "楽天堂居宅介護支援事業所匝瑳【居宅介護支援】千葉県匝瑳市高2182", "url2": "https://www.kaigokensaku.mhlw.go.jp/12/index.php?action_kouhyou_detail_004_kani=true&JigyosyoCd=1275700035-00&ServiceCd=430&Type=search" }, "geometry": { "type": "Point", "coordinates": [ 140.55149259999996, 35.6816478 ] } },
{ "type": "Feature", "properties": { "内容": "九十九里ホーム居宅介護支援事業所【居宅介護支援】千葉県匝瑳市飯倉１７番地の１", "url2": "https://www.kaigokensaku.mhlw.go.jp/12/index.php?action_kouhyou_detail_004_kani=true&JigyosyoCd=1271900050-00&ServiceCd=430&Type=search" }, "geometry": { "type": "Point", "coordinates": [ 140.524766399999976, 35.687260500000015 ] } },
{ "type": "Feature", "properties": { "内容": "ケアプラン未来【居宅介護支援】千葉県匝瑳市上谷中2005-1", "url2": "https://www.kaigokensaku.mhlw.go.jp/12/index.php?action_kouhyou_detail_004_kani=true&JigyosyoCd=1278700354-00&ServiceCd=430&Type=search" }, "geometry": { "type": "Point", "coordinates": [ 140.569810533135183, 35.706183368054056 ] } },
{ "type": "Feature", "properties": { "内容": "匝瑳市介護支援事業所つばき【居宅介護支援】千葉県匝瑳市八日市場イ1304匝瑳市民病院　３階", "url2": "https://www.kaigokensaku.mhlw.go.jp/12/index.php?action_kouhyou_detail_004_kani=true&JigyosyoCd=1271900019-00&ServiceCd=430&Type=search" }, "geometry": { "type": "Point", "coordinates": [ 140.5352504, 35.705305500000023 ] } },
{ "type": "Feature", "properties": { "内容": "小見川あすなろクリニック居宅介護支援事業所【居宅介護支援】千葉県香取市野田２８０－１", "url2": "https://www.kaigokensaku.mhlw.go.jp/12/index.php?action_kouhyou_detail_004_kani=true&JigyosyoCd=1278900723-00&ServiceCd=430&Type=search" }, "geometry": { "type": "Point", "coordinates": [ 140.593156549073797, 35.851758211710809 ] } },
{ "type": "Feature", "properties": { "内容": "指定居宅介護支援事業所おおくすの郷【居宅介護支援】千葉県香取市府馬３７２３番地", "url2": "https://www.kaigokensaku.mhlw.go.jp/12/index.php?action_kouhyou_detail_004_kani=true&JigyosyoCd=1274900057-00&ServiceCd=430&Type=search" }, "geometry": { "type": "Point", "coordinates": [ 140.6045686, 35.7860387 ] } },
{ "type": "Feature", "properties": { "内容": "指定居宅介護支援事業所いわせ歯科【居宅介護支援】千葉県香取市本郷字川上１０００", "url2": "https://www.kaigokensaku.mhlw.go.jp/12/index.php?action_kouhyou_detail_004_kani=true&JigyosyoCd=1278900277-00&ServiceCd=430&Type=search" }, "geometry": { "type": "Point", "coordinates": [ 140.601390300000048, 35.850385 ] } },
{ "type": "Feature", "properties": { "内容": "こすもす居宅介護支援事業所【居宅介護支援】千葉県香取市北3-3-22", "url2": "https://www.kaigokensaku.mhlw.go.jp/12/index.php?action_kouhyou_detail_004_kani=true&JigyosyoCd=1278900780-00&ServiceCd=430&Type=search" }, "geometry": { "type": "Point", "coordinates": [ 140.495814599999989, 35.8960267 ] } },
{ "type": "Feature", "properties": { "内容": "介護支援花千【居宅介護支援】千葉県香取市北一丁目11番地18", "url2": "https://www.kaigokensaku.mhlw.go.jp/12/index.php?action_kouhyou_detail_004_kani=true&JigyosyoCd=1278900459-00&ServiceCd=430&Type=search" }, "geometry": { "type": "Point", "coordinates": [ 140.492521452315259, 35.89856121724597 ] } },
{ "type": "Feature", "properties": { "内容": "楽天堂居宅介護支援事業所香取【居宅介護支援】千葉県香取市大崎214", "url2": "https://www.kaigokensaku.mhlw.go.jp/12/index.php?action_kouhyou_detail_004_kani=true&JigyosyoCd=1278900178-00&ServiceCd=430&Type=search" }, "geometry": { "type": "Point", "coordinates": [ 140.492752600000017, 35.8675895 ] } },
{ "type": "Feature", "properties": { "内容": "居宅介護サービス東総あやめ苑【居宅介護支援】千葉県香取市佐原イ１２５７番地１", "url2": "https://www.kaigokensaku.mhlw.go.jp/12/index.php?action_kouhyou_detail_004_kani=true&JigyosyoCd=1271400101-00&ServiceCd=430&Type=search" }, "geometry": { "type": "Point", "coordinates": [ 140.486348639147991, 35.88248978282364 ] } },
{ "type": "Feature", "properties": { "内容": "居宅介護支援サービス水都苑【居宅介護支援】千葉県香取市小見川６７６－２", "url2": "https://www.kaigokensaku.mhlw.go.jp/12/index.php?action_kouhyou_detail_004_kani=true&JigyosyoCd=1274800042-00&ServiceCd=430&Type=search" }, "geometry": { "type": "Point", "coordinates": [ 140.615419200000019, 35.849510700000017 ] } },
{ "type": "Feature", "properties": { "内容": "かとりの郷福楽園居宅介護支援事業所【居宅介護支援】千葉県香取市内野448-1", "url2": "https://www.kaigokensaku.mhlw.go.jp/12/index.php?action_kouhyou_detail_004_kani=true&JigyosyoCd=1278900608-00&ServiceCd=430&Type=search" }, "geometry": { "type": "Point", "coordinates": [ 130.65684239999996, 33.5419227 ] } },
{ "type": "Feature", "properties": { "内容": "イムス佐原リハビリテーション病院【居宅介護支援】千葉県香取市佐原ロ2121-1", "url2": "https://www.kaigokensaku.mhlw.go.jp/12/index.php?action_kouhyou_detail_004_kani=true&JigyosyoCd=1215210265-00&ServiceCd=430&Type=search" }, "geometry": { "type": "Point", "coordinates": [ 140.500570700000054, 35.90121 ] } },
{ "type": "Feature", "properties": { "内容": "居宅介護支援事業所そらの樹【居宅介護支援】千葉県香取市沢１２－５ここあんすの家", "url2": "https://www.kaigokensaku.mhlw.go.jp/12/index.php?action_kouhyou_detail_004_kani=true&JigyosyoCd=1278900434-00&ServiceCd=430&Type=search" }, "geometry": { "type": "Point", "coordinates": [ 140.4851711, 35.808329799999974 ] } },
{ "type": "Feature", "properties": { "内容": "香取おみがわ医療センター指定居宅介護支援事業所【居宅介護支援】千葉県香取市南原地新田438‐１", "url2": "https://www.kaigokensaku.mhlw.go.jp/12/index.php?action_kouhyou_detail_004_kani=true&JigyosyoCd=1278900806-00&ServiceCd=430&Type=search" }, "geometry": { "type": "Point", "coordinates": [ 140.601018621426391, 35.842968520703657 ] } },
{ "type": "Feature", "properties": { "内容": "リハビリセンター小見川居宅介護支援事業所【居宅介護支援】千葉県香取市小見川５５２２－２－１", "url2": "https://www.kaigokensaku.mhlw.go.jp/12/index.php?action_kouhyou_detail_004_kani=true&JigyosyoCd=1278900582-00&ServiceCd=430&Type=search" }, "geometry": { "type": "Point", "coordinates": [ 140.60509621163942, 35.860685414648295 ] } },
{ "type": "Feature", "properties": { "内容": "介護支援ネクストかとり【居宅介護支援】千葉県香取市野田1953-31", "url2": "https://www.kaigokensaku.mhlw.go.jp/12/index.php?action_kouhyou_detail_004_kani=true&JigyosyoCd=1278900475-00&ServiceCd=430&Type=search" }, "geometry": { "type": "Point", "coordinates": [ 140.590733099999966, 35.8568475 ] } },
{ "type": "Feature", "properties": { "内容": "居宅介護支援センター杜の家くりもと【居宅介護支援】千葉県香取市岩部869番60", "url2": "https://www.kaigokensaku.mhlw.go.jp/12/index.php?action_kouhyou_detail_004_kani=true&JigyosyoCd=1275000063-00&ServiceCd=430&Type=search" }, "geometry": { "type": "Point", "coordinates": [ 140.517096600000059, 35.812619 ] } },
{ "type": "Feature", "properties": { "内容": "夢プラスワン指定居宅介護支援事業所【居宅介護支援】千葉県香取市大倉字入り1196-1", "url2": "https://www.kaigokensaku.mhlw.go.jp/12/index.php?action_kouhyou_detail_004_kani=true&JigyosyoCd=1271400085-00&ServiceCd=430&Type=search" }, "geometry": { "type": "Point", "coordinates": [ 140.557562472924786, 35.888565148429883 ] } },
{ "type": "Feature", "properties": { "内容": "ニチイケアセンター北佐原【居宅介護支援】千葉県香取市篠原ロ字天洲1821-2", "url2": "https://www.kaigokensaku.mhlw.go.jp/12/index.php?action_kouhyou_detail_004_kani=true&JigyosyoCd=1271400150-00&ServiceCd=430&Type=search" }, "geometry": { "type": "Point", "coordinates": [ 140.517618, 35.91214 ] } },
{ "type": "Feature", "properties": { "内容": "居宅介護支援センターすこやかさん【居宅介護支援】千葉県香取市与倉869-1", "url2": "https://www.kaigokensaku.mhlw.go.jp/12/index.php?action_kouhyou_detail_004_kani=true&JigyosyoCd=1271400234-00&ServiceCd=430&Type=search" }, "geometry": { "type": "Point", "coordinates": [ 140.471301899999958, 35.8731379 ] } },
{ "type": "Feature", "properties": { "内容": "栗源介護相談センター【居宅介護支援】千葉県香取市岩部946番1栗源デイサービスセンター", "url2": "https://www.kaigokensaku.mhlw.go.jp/12/index.php?action_kouhyou_detail_004_kani=true&JigyosyoCd=1275000022-00&ServiceCd=430&Type=search" }, "geometry": { "type": "Point", "coordinates": [ 140.5105221, 35.8105441 ] } },
{ "type": "Feature", "properties": { "内容": "九十九里ホーム山田居宅介護支援事業所【居宅介護支援】千葉県香取市大角１５４５－１６", "url2": "https://www.kaigokensaku.mhlw.go.jp/12/index.php?action_kouhyou_detail_004_kani=true&JigyosyoCd=1274900016-00&ServiceCd=430&Type=search" }, "geometry": { "type": "Point", "coordinates": [ 140.5552735, 35.7828236 ] } },
{ "type": "Feature", "properties": { "内容": "ヤックスケアプラン小見川【居宅介護支援】千葉県香取市小見川６６６－２", "url2": "https://www.kaigokensaku.mhlw.go.jp/12/index.php?action_kouhyou_detail_004_kani=true&JigyosyoCd=1278900848-00&ServiceCd=430&Type=search" }, "geometry": { "type": "Point", "coordinates": [ 140.6093682, 35.8559086 ] } },
{ "type": "Feature", "properties": { "内容": "居宅介護支援さくら【居宅介護支援】千葉県香取市佐原ロ2122-177コーゴストリーム　１０３号", "url2": "https://www.kaigokensaku.mhlw.go.jp/12/index.php?action_kouhyou_detail_004_kani=true&JigyosyoCd=1278900749-00&ServiceCd=430&Type=search" }, "geometry": { "type": "Point", "coordinates": [ 140.5008049, 35.899489900000034 ] } },
{ "type": "Feature", "properties": { "内容": "フレンド小見川【居宅介護支援】千葉県香取市野田８８", "url2": "https://www.kaigokensaku.mhlw.go.jp/12/index.php?action_kouhyou_detail_004_kani=true&JigyosyoCd=1278900160-00&ServiceCd=430&Type=search" }, "geometry": { "type": "Point", "coordinates": [ 140.598338040939296, 35.854219463195832 ] } },
{ "type": "Feature", "properties": { "内容": "居宅支援事業所エルピス【居宅介護支援】千葉県山武市湯坂１０８番地３", "url2": "https://www.kaigokensaku.mhlw.go.jp/12/index.php?action_kouhyou_detail_004_kani=true&JigyosyoCd=1279000242-00&ServiceCd=430&Type=search" }, "geometry": { "type": "Point", "coordinates": [ 140.38703780000003, 35.6079139 ] } },
{ "type": "Feature", "properties": { "内容": "居宅介護支援事業所　海のあお【居宅介護支援】千葉県山武市上横地2161番19", "url2": "https://www.kaigokensaku.mhlw.go.jp/12/index.php?action_kouhyou_detail_004_kani=true&JigyosyoCd=1279000432-00&ServiceCd=430&Type=search" }, "geometry": { "type": "Point", "coordinates": [ 140.452053799999987, 35.6177659 ] } },
{ "type": "Feature", "properties": { "内容": "居宅介護支援事業所海【居宅介護支援】千葉県山武市蓮沼5032", "url2": "https://www.kaigokensaku.mhlw.go.jp/12/index.php?action_kouhyou_detail_004_kani=true&JigyosyoCd=1276200027-00&ServiceCd=430&Type=search" }, "geometry": { "type": "Point", "coordinates": [ 140.482414699999907, 35.5942591 ] } },
{ "type": "Feature", "properties": { "内容": "青松苑介護支援ステーション【居宅介護支援】千葉県山武市木戸８４８", "url2": "https://www.kaigokensaku.mhlw.go.jp/12/index.php?action_kouhyou_detail_004_kani=true&JigyosyoCd=1276000013-00&ServiceCd=430&Type=search" }, "geometry": { "type": "Point", "coordinates": [ 140.488206399999967, 35.5807387 ] } },
{ "type": "Feature", "properties": { "内容": "介護センター希望の里【居宅介護支援】千葉県山武市松尾町松尾157-1", "url2": "https://www.kaigokensaku.mhlw.go.jp/12/index.php?action_kouhyou_detail_004_kani=true&JigyosyoCd=1279000192-00&ServiceCd=430&Type=search" }, "geometry": { "type": "Point", "coordinates": [ 140.454034200000024, 35.6416112 ] } },
{ "type": "Feature", "properties": { "内容": "さんむ医療センター居宅介護支援事業所【居宅介護支援】千葉県山武市成東250", "url2": "https://www.kaigokensaku.mhlw.go.jp/12/index.php?action_kouhyou_detail_004_kani=true&JigyosyoCd=1279000093-00&ServiceCd=430&Type=search" }, "geometry": { "type": "Point", "coordinates": [ 140.412384300000014, 35.5981944 ] } },
{ "type": "Feature", "properties": { "内容": "まるっと介護相談さんむ【居宅介護支援】千葉県山武市早船ト818-3オガワ貸家1棟", "url2": "https://www.kaigokensaku.mhlw.go.jp/12/index.php?action_kouhyou_detail_004_kani=true&JigyosyoCd=1279000515-00&ServiceCd=430&Type=search" }, "geometry": { "type": "Point", "coordinates": [ 140.433786863229358, 35.616747140715482 ] } },
{ "type": "Feature", "properties": { "内容": "ケアーセンター「あきば」【居宅介護支援】千葉県山武市蓮沼ニの５０３５－７", "url2": "https://www.kaigokensaku.mhlw.go.jp/12/index.php?action_kouhyou_detail_004_kani=true&JigyosyoCd=1276200019-00&ServiceCd=430&Type=search" }, "geometry": { "type": "Point", "coordinates": [ 140.4827647, 35.5946841 ] } },
{ "type": "Feature", "properties": { "内容": "居宅介護支援事業所シルバーホーム【居宅介護支援】千葉県山武市松尾町田越７５６－６", "url2": "https://www.kaigokensaku.mhlw.go.jp/12/index.php?action_kouhyou_detail_004_kani=true&JigyosyoCd=1276300017-00&ServiceCd=430&Type=search" }, "geometry": { "type": "Point", "coordinates": [ 140.44385520000003, 35.6301122 ] } },
{ "type": "Feature", "properties": { "内容": "居宅介護支援センター北総長寿苑【居宅介護支援】千葉県山武市木原814-1", "url2": "https://www.kaigokensaku.mhlw.go.jp/12/index.php?action_kouhyou_detail_004_kani=true&JigyosyoCd=1276100011-00&ServiceCd=430&Type=search" }, "geometry": { "type": "Point", "coordinates": [ 140.3536686, 35.6484536 ] } },
{ "type": "Feature", "properties": { "内容": "ケアステーション渚【居宅介護支援】千葉県山武市本須賀3841-51", "url2": "https://www.kaigokensaku.mhlw.go.jp/12/index.php?action_kouhyou_detail_004_kani=true&JigyosyoCd=1279000119-00&ServiceCd=430&Type=search" }, "geometry": { "type": "Point", "coordinates": [ 140.469266699999906, 35.5541133 ] } },
{ "type": "Feature", "properties": { "内容": "指定居宅介護支援事業所えにし【居宅介護支援】千葉県山武市松尾町五反田２８０５－４", "url2": "https://www.kaigokensaku.mhlw.go.jp/12/index.php?action_kouhyou_detail_004_kani=true&JigyosyoCd=1279000176-00&ServiceCd=430&Type=search" }, "geometry": { "type": "Point", "coordinates": [ 140.46444, 35.63662 ] } },
{ "type": "Feature", "properties": { "内容": "なるとう居宅介護支援事業所【居宅介護支援】千葉県山武市五木田4132-20", "url2": "https://www.kaigokensaku.mhlw.go.jp/12/index.php?action_kouhyou_detail_004_kani=true&JigyosyoCd=1279000424-00&ServiceCd=430&Type=search" }, "geometry": { "type": "Point", "coordinates": [ 140.442899155247005, 35.584406837008046 ] } },
{ "type": "Feature", "properties": { "内容": "居宅介護支援事業所こころ【居宅介護支援】千葉県山武市松尾町武野里1050", "url2": "https://www.kaigokensaku.mhlw.go.jp/12/index.php?action_kouhyou_detail_004_kani=true&JigyosyoCd=1279000077-00&ServiceCd=430&Type=search" }, "geometry": { "type": "Point", "coordinates": [ 140.495107, 35.6337111 ] } },
{ "type": "Feature", "properties": { "内容": "ケアセンター24松尾居宅介護支援事業所【居宅介護支援】千葉県山武市松尾町大堤567-1", "url2": "https://www.kaigokensaku.mhlw.go.jp/12/index.php?action_kouhyou_detail_004_kani=true&JigyosyoCd=1279000051-00&ServiceCd=430&Type=search" }, "geometry": { "type": "Point", "coordinates": [ 140.453831700000023, 35.638908600000022 ] } },
{ "type": "Feature", "properties": { "内容": "セントケアさんむ【居宅介護支援】千葉県山武市和田375-２", "url2": "https://www.kaigokensaku.mhlw.go.jp/12/index.php?action_kouhyou_detail_004_kani=true&JigyosyoCd=1279000556-00&ServiceCd=430&Type=search" }, "geometry": { "type": "Point", "coordinates": [ 140.408008299999977, 35.6079234 ] } },
{ "type": "Feature", "properties": { "内容": "ケアサービス　オットマン【居宅介護支援】千葉県山武市殿台264－6小川ビル2-3", "url2": "https://www.kaigokensaku.mhlw.go.jp/12/index.php?action_kouhyou_detail_004_kani=true&JigyosyoCd=1279000481-00&ServiceCd=430&Type=search" }, "geometry": { "type": "Point", "coordinates": [ 140.414798, 35.6032043 ] } },
{ "type": "Feature", "properties": { "内容": "東金居宅介護支援事業所【居宅介護支援】千葉県山武市姫島270-1", "url2": "https://www.kaigokensaku.mhlw.go.jp/12/index.php?action_kouhyou_detail_004_kani=true&JigyosyoCd=1276000096-00&ServiceCd=430&Type=search" }, "geometry": { "type": "Point", "coordinates": [ 140.389260499999978, 35.5897519 ] } },
{ "type": "Feature", "properties": { "内容": "居宅介護支援事業所花の岡【居宅介護支援】千葉県いすみ市高谷１２３－１", "url2": "https://www.kaigokensaku.mhlw.go.jp/12/index.php?action_kouhyou_detail_004_kani=true&JigyosyoCd=1278600380-00&ServiceCd=430&Type=search" }, "geometry": { "type": "Point", "coordinates": [ 140.3413161, 35.267162200000016 ] } },
{ "type": "Feature", "properties": { "内容": "居宅介護支援センターいすみ苑【居宅介護支援】千葉県いすみ市能実615番地", "url2": "https://www.kaigokensaku.mhlw.go.jp/12/index.php?action_kouhyou_detail_004_kani=true&JigyosyoCd=1278600067-00&ServiceCd=430&Type=search" }, "geometry": { "type": "Point", "coordinates": [ 140.306632900000068, 35.3166485 ] } },
{ "type": "Feature", "properties": { "内容": "在宅介護支援センターシルバーガーデン【居宅介護支援】千葉県いすみ市新田若山深堀入会地９番地", "url2": "https://www.kaigokensaku.mhlw.go.jp/12/index.php?action_kouhyou_detail_004_kani=true&JigyosyoCd=1277500011-00&ServiceCd=430&Type=search" }, "geometry": { "type": "Point", "coordinates": [ 140.373631700000033, 35.2386601 ] } },
{ "type": "Feature", "properties": { "内容": "居宅介護支援事業所　ケアプランセンターシュガー【居宅介護支援】千葉県いすみ市岬町長者19-1フラットｋ101号室", "url2": "https://www.kaigokensaku.mhlw.go.jp/12/index.php?action_kouhyou_detail_004_kani=true&JigyosyoCd=1278600521-00&ServiceCd=430&Type=search" }, "geometry": { "type": "Point", "coordinates": [ 140.3853344, 35.3000591 ] } },
{ "type": "Feature", "properties": { "内容": "居宅介護支援事業所茶ノ木台くらぶ【居宅介護支援】千葉県いすみ市山田6033-2", "url2": "https://www.kaigokensaku.mhlw.go.jp/12/index.php?action_kouhyou_detail_004_kani=true&JigyosyoCd=1277500185-00&ServiceCd=430&Type=search" }, "geometry": { "type": "Point", "coordinates": [ 140.315185400000018, 35.2473813 ] } },
{ "type": "Feature", "properties": { "内容": "リンクス居宅介護支援事業所いすみ【居宅介護支援】千葉県いすみ市大原1343-5", "url2": "https://www.kaigokensaku.mhlw.go.jp/12/index.php?action_kouhyou_detail_004_kani=true&JigyosyoCd=1278600406-00&ServiceCd=430&Type=search" }, "geometry": { "type": "Point", "coordinates": [ 140.394358600000032, 35.2736253 ] } },
{ "type": "Feature", "properties": { "内容": "ケアセンターみさき【居宅介護支援】千葉県いすみ市岬町井沢1227-101", "url2": "https://www.kaigokensaku.mhlw.go.jp/12/index.php?action_kouhyou_detail_004_kani=true&JigyosyoCd=1277600076-00&ServiceCd=430&Type=search" }, "geometry": { "type": "Point", "coordinates": [ 140.383715100000018, 35.2879153 ] } },
{ "type": "Feature", "properties": { "内容": "JAいすみ福祉センター居宅介護支援事業所【居宅介護支援】千葉県いすみ市能実295", "url2": "https://www.kaigokensaku.mhlw.go.jp/12/index.php?action_kouhyou_detail_004_kani=true&JigyosyoCd=1277300081-00&ServiceCd=430&Type=search" }, "geometry": { "type": "Point", "coordinates": [ 140.31989550000003, 35.3158379 ] } },
{ "type": "Feature", "properties": { "内容": "いすみ市社会福祉協議会居宅介護支援事業所【居宅介護支援】いすみ市岬町東中滝７２０番地１いすみ市岬ふれあい会館内", "url2": "https://www.kaigokensaku.mhlw.go.jp/12/index.php?action_kouhyou_detail_004_kani=true&JigyosyoCd=1277600027-00&ServiceCd=430&Type=search" }, "geometry": { "type": "Point", "coordinates": [ 140.387767, 35.301125 ] } },
{ "type": "Feature", "properties": { "内容": "ピースケアマネージャー事務局【居宅介護支援】千葉県いすみ市岬町長者13-1", "url2": "https://www.kaigokensaku.mhlw.go.jp/12/index.php?action_kouhyou_detail_004_kani=true&JigyosyoCd=1278600182-00&ServiceCd=430&Type=search" }, "geometry": { "type": "Point", "coordinates": [ 140.386284401852407, 35.30063324648841 ] } },
{ "type": "Feature", "properties": { "内容": "居宅介護支援事業所ケアプランノムラ【居宅介護支援】千葉県いすみ市日在　1612番地1-105", "url2": "https://www.kaigokensaku.mhlw.go.jp/12/index.php?action_kouhyou_detail_004_kani=true&JigyosyoCd=1278600422-00&ServiceCd=430&Type=search" }, "geometry": { "type": "Point", "coordinates": [ 140.39436969999997, 35.27645 ] } },
{ "type": "Feature", "properties": { "内容": "エスポワール大原居宅介護支援事業所【居宅介護支援】千葉県いすみ市日在２６２３", "url2": "https://www.kaigokensaku.mhlw.go.jp/12/index.php?action_kouhyou_detail_004_kani=true&JigyosyoCd=1278600083-00&ServiceCd=430&Type=search" }, "geometry": { "type": "Point", "coordinates": [ 140.388109100000065, 35.2759806 ] } },
{ "type": "Feature", "properties": { "内容": "ニチイケアセンターいすみ【居宅介護支援】千葉県いすみ市弥正178", "url2": "https://www.kaigokensaku.mhlw.go.jp/12/index.php?action_kouhyou_detail_004_kani=true&JigyosyoCd=1277300099-00&ServiceCd=430&Type=search" }, "geometry": { "type": "Point", "coordinates": [ 140.3069944, 35.2847159 ] } },
{ "type": "Feature", "properties": { "内容": "ヤックスケアプラン大原【居宅介護支援】千葉県いすみ市若山49", "url2": "https://www.kaigokensaku.mhlw.go.jp/12/index.php?action_kouhyou_detail_004_kani=true&JigyosyoCd=1277500136-00&ServiceCd=430&Type=search" }, "geometry": { "type": "Point", "coordinates": [ 140.393976426918044, 35.264247558327519 ] } },
{ "type": "Feature", "properties": { "内容": "ひかり居宅介護支援事業所【居宅介護支援】千葉県大網白里市南飯塚414-4増穂ハイツ102", "url2": "https://www.kaigokensaku.mhlw.go.jp/12/index.php?action_kouhyou_detail_004_kani=true&JigyosyoCd=1279200214-00&ServiceCd=430&Type=search" }, "geometry": { "type": "Point", "coordinates": [ 140.345245299999988, 35.5006444 ] } },
{ "type": "Feature", "properties": { "内容": "居宅介護支援センター杜の街【居宅介護支援】千葉県大網白里市南飯塚404-4", "url2": "https://www.kaigokensaku.mhlw.go.jp/12/index.php?action_kouhyou_detail_004_kani=true&JigyosyoCd=1275800033-00&ServiceCd=430&Type=search" }, "geometry": { "type": "Point", "coordinates": [ 140.346555401852356, 35.50270309786076 ] } },
{ "type": "Feature", "properties": { "内容": "あったかケアセンター大網【居宅介護支援】千葉県大網白里市みどりが丘2-28-1", "url2": "https://www.kaigokensaku.mhlw.go.jp/12/index.php?action_kouhyou_detail_004_kani=true&JigyosyoCd=1275800918-00&ServiceCd=430&Type=search" }, "geometry": { "type": "Point", "coordinates": [ 140.312859399999979, 35.5422974 ] } },
{ "type": "Feature", "properties": { "内容": "訪問看護ステーション杜の街【居宅介護支援】千葉県大網白里市みどりが丘2-36-2", "url2": "https://www.kaigokensaku.mhlw.go.jp/12/index.php?action_kouhyou_detail_004_kani=true&JigyosyoCd=1260790022-00&ServiceCd=430&Type=search" }, "geometry": { "type": "Point", "coordinates": [ 140.314170399999966, 35.5431362 ] } },
{ "type": "Feature", "properties": { "内容": "居宅介護支援事業所プラセル九十九里【居宅介護支援】千葉県大網白里市北今泉3045番地", "url2": "https://www.kaigokensaku.mhlw.go.jp/12/index.php?action_kouhyou_detail_004_kani=true&JigyosyoCd=1275800629-00&ServiceCd=430&Type=search" }, "geometry": { "type": "Point", "coordinates": [ 140.420858599999974, 35.499352 ] } },
{ "type": "Feature", "properties": { "内容": "居宅支援事業所トマト【居宅介護支援】千葉県大網白里市みどりが丘1-5-41", "url2": "https://www.kaigokensaku.mhlw.go.jp/12/index.php?action_kouhyou_detail_004_kani=true&JigyosyoCd=1275800561-00&ServiceCd=430&Type=search" }, "geometry": { "type": "Point", "coordinates": [ 140.3004601, 35.5485879 ] } },
{ "type": "Feature", "properties": { "内容": "セントケア大網【居宅介護支援】千葉県大網白里市大網128-3", "url2": "https://www.kaigokensaku.mhlw.go.jp/12/index.php?action_kouhyou_detail_004_kani=true&JigyosyoCd=1275800520-00&ServiceCd=430&Type=search" }, "geometry": { "type": "Point", "coordinates": [ 140.320173899999986, 35.5229023 ] } },
{ "type": "Feature", "properties": { "内容": "リンクス居宅介護支援事業所大網白里【居宅介護支援】千葉県大網白里市細草1170", "url2": "https://www.kaigokensaku.mhlw.go.jp/12/index.php?action_kouhyou_detail_004_kani=true&JigyosyoCd=1279200081-00&ServiceCd=430&Type=search" }, "geometry": { "type": "Point", "coordinates": [ 140.389375290412886, 35.498484332832966 ] } },
{ "type": "Feature", "properties": { "内容": "季美の森居宅介護支援事業所【居宅介護支援】千葉県大網白里市季美の森南1-30-8", "url2": "https://www.kaigokensaku.mhlw.go.jp/12/index.php?action_kouhyou_detail_004_kani=true&JigyosyoCd=1279200362-00&ServiceCd=430&Type=search" }, "geometry": { "type": "Point", "coordinates": [ 140.2920862, 35.553811 ] } },
{ "type": "Feature", "properties": { "内容": "ケアプランパレット【居宅介護支援】千葉県大網白里市柳橋1093-18", "url2": "https://www.kaigokensaku.mhlw.go.jp/12/index.php?action_kouhyou_detail_004_kani=true&JigyosyoCd=1279200438-00&ServiceCd=430&Type=search" }, "geometry": { "type": "Point", "coordinates": [ 140.3555216, 35.5138661 ] } },
{ "type": "Feature", "properties": { "内容": "居宅介護支援センターしらさと【居宅介護支援】千葉県大網白里市南今泉７５－１", "url2": "https://www.kaigokensaku.mhlw.go.jp/12/index.php?action_kouhyou_detail_004_kani=true&JigyosyoCd=1279200040-00&ServiceCd=430&Type=search" }, "geometry": { "type": "Point", "coordinates": [ 140.40055140000004, 35.4915357 ] } },
{ "type": "Feature", "properties": { "内容": "株式会社ふれあいサービスセンター居宅介護支援事業所【居宅介護支援】千葉県大網白里市柳橋７３６－１３", "url2": "https://www.kaigokensaku.mhlw.go.jp/12/index.php?action_kouhyou_detail_004_kani=true&JigyosyoCd=1275800413-00&ServiceCd=430&Type=search" }, "geometry": { "type": "Point", "coordinates": [ 140.36723870000003, 35.5112247 ] } },
{ "type": "Feature", "properties": { "内容": "居宅介護支援事業所北斗【居宅介護支援】千葉県大網白里市南飯塚404-14", "url2": "https://www.kaigokensaku.mhlw.go.jp/12/index.php?action_kouhyou_detail_004_kani=true&JigyosyoCd=1275800652-00&ServiceCd=430&Type=search" }, "geometry": { "type": "Point", "coordinates": [ 140.346599800000035, 35.5020196 ] } },
{ "type": "Feature", "properties": { "内容": "いきいきケアサポート【居宅介護支援】千葉県大網白里市南横川３６１８－６", "url2": "https://www.kaigokensaku.mhlw.go.jp/12/index.php?action_kouhyou_detail_004_kani=true&JigyosyoCd=1275800702-00&ServiceCd=430&Type=search" }, "geometry": { "type": "Point", "coordinates": [ 140.335001299999931, 35.5004802 ] } },
{ "type": "Feature", "properties": { "内容": "居宅介護支援センターおおあみ緑の里【居宅介護支援】千葉県大網白里市柿餅268-2", "url2": "https://www.kaigokensaku.mhlw.go.jp/12/index.php?action_kouhyou_detail_004_kani=true&JigyosyoCd=1275800017-00&ServiceCd=430&Type=search" }, "geometry": { "type": "Point", "coordinates": [ 140.351015500000017, 35.516721 ] } },
{ "type": "Feature", "properties": { "内容": "居宅介護支援事業所かきつばた【居宅介護支援】千葉県大網白里市富田2026-2", "url2": "https://www.kaigokensaku.mhlw.go.jp/12/index.php?action_kouhyou_detail_004_kani=true&JigyosyoCd=1279200172-00&ServiceCd=430&Type=search" }, "geometry": { "type": "Point", "coordinates": [ 140.327724399999965, 35.5009853 ] } },
{ "type": "Feature", "properties": { "内容": "居宅介護支援事業所おおあみの里【居宅介護支援】千葉県大網白里市駒込780-1", "url2": "https://www.kaigokensaku.mhlw.go.jp/12/index.php?action_kouhyou_detail_004_kani=true&JigyosyoCd=1279200131-00&ServiceCd=430&Type=search" }, "geometry": { "type": "Point", "coordinates": [ 140.307515010683687, 35.519667395135663 ] } },
{ "type": "Feature", "properties": { "内容": "ヤックスケアセンター大網【居宅介護支援】千葉県大網白里市柿餅34ヤックスケアタウン大網増穂店内", "url2": "https://www.kaigokensaku.mhlw.go.jp/12/index.php?action_kouhyou_detail_004_kani=true&JigyosyoCd=1275800868-00&ServiceCd=430&Type=search" }, "geometry": { "type": "Point", "coordinates": [ 140.351168499999972, 35.5094274 ] } },
{ "type": "Feature", "properties": { "内容": "ケアプランセンター七海【居宅介護支援】千葉県大網白里市みやこ野1丁目3-2-203", "url2": "https://www.kaigokensaku.mhlw.go.jp/12/index.php?action_kouhyou_detail_004_kani=true&JigyosyoCd=1279200453-00&ServiceCd=430&Type=search" }, "geometry": { "type": "Point", "coordinates": [ 140.31456510000001, 35.5184615 ] } },
{ "type": "Feature", "properties": { "内容": "介護相談室はぴねす【居宅介護支援】千葉県大網白里市駒込1663", "url2": "https://www.kaigokensaku.mhlw.go.jp/12/index.php?action_kouhyou_detail_004_kani=true&JigyosyoCd=1279200586-00&ServiceCd=430&Type=search" }, "geometry": { "type": "Point", "coordinates": [ 140.3105773, 35.51688 ] } },
{ "type": "Feature", "properties": { "内容": "ケアプラン　花いろ【居宅介護支援】千葉県大網白里市みずほ台2-13-16ハイツみずほ台103号", "url2": "https://www.kaigokensaku.mhlw.go.jp/12/index.php?action_kouhyou_detail_004_kani=true&JigyosyoCd=1279200594-00&ServiceCd=430&Type=search" }, "geometry": { "type": "Point", "coordinates": [ 140.3057766, 35.5142401 ] } },
{ "type": "Feature", "properties": { "内容": "居宅支援事業所真心【居宅介護支援】千葉県大網白里市南横川2240-3ひさし1号棟", "url2": "https://www.kaigokensaku.mhlw.go.jp/12/index.php?action_kouhyou_detail_004_kani=true&JigyosyoCd=1279200354-00&ServiceCd=430&Type=search" }, "geometry": { "type": "Point", "coordinates": [ 140.336400900000029, 35.503733100000034 ] } },
{ "type": "Feature", "properties": { "内容": "アーチ介護支援センター【居宅介護支援】千葉県印旛郡酒々井町中川３０番地ハピネスⅠ　C棟１０１号室", "url2": "https://www.kaigokensaku.mhlw.go.jp/12/index.php?action_kouhyou_detail_004_kani=true&JigyosyoCd=1273900389-00&ServiceCd=430&Type=search" }, "geometry": { "type": "Point", "coordinates": [ 140.270393500000011, 35.7346846 ] } },
{ "type": "Feature", "properties": { "内容": "居宅支援センタードリーム【居宅介護支援】千葉県印旛郡酒々井町酒々井825-6", "url2": "https://www.kaigokensaku.mhlw.go.jp/12/index.php?action_kouhyou_detail_004_kani=true&JigyosyoCd=1273900041-00&ServiceCd=430&Type=search" }, "geometry": { "type": "Point", "coordinates": [ 140.271068600000035, 35.7318813 ] } },
{ "type": "Feature", "properties": { "内容": "ケアスタッフ【居宅介護支援】千葉県印旛郡酒々井町東酒々井1-1-67AKビル206", "url2": "https://www.kaigokensaku.mhlw.go.jp/12/index.php?action_kouhyou_detail_004_kani=true&JigyosyoCd=1273900363-00&ServiceCd=430&Type=search" }, "geometry": { "type": "Point", "coordinates": [ 140.2772199, 35.7306133 ] } },
{ "type": "Feature", "properties": { "内容": "Ｏ２サービス【居宅介護支援】千葉県印旛郡酒々井町上本佐倉１７１番地１カネガサキハイツ１０１号", "url2": "https://www.kaigokensaku.mhlw.go.jp/12/index.php?action_kouhyou_detail_004_kani=true&JigyosyoCd=1273900173-00&ServiceCd=430&Type=search" }, "geometry": { "type": "Point", "coordinates": [ 140.26040850000004, 35.7200349 ] } },
{ "type": "Feature", "properties": { "内容": "居宅介護支援センターエコトピア酒々井【居宅介護支援】千葉県印旛郡酒々井町本佐倉３５２－２", "url2": "https://www.kaigokensaku.mhlw.go.jp/12/index.php?action_kouhyou_detail_004_kani=true&JigyosyoCd=1273900033-00&ServiceCd=430&Type=search" }, "geometry": { "type": "Point", "coordinates": [ 140.255117199999972, 35.715949 ] } },
{ "type": "Feature", "properties": { "内容": "医療法人社団千葉光徳会千葉しすい病院ケアプランセンター【居宅介護支援】千葉県印旛郡酒々井町上岩橋1160-2千葉しすい病院地域連携室", "url2": "https://www.kaigokensaku.mhlw.go.jp/12/index.php?action_kouhyou_detail_004_kani=true&JigyosyoCd=1273900322-00&ServiceCd=430&Type=search" }, "geometry": { "type": "Point", "coordinates": [ 140.276983262839508, 35.737857127239074 ] } },
{ "type": "Feature", "properties": { "内容": "ドルチェ居宅介護事業所【居宅介護支援】千葉県印旛郡酒々井町東酒々井5-5-43", "url2": "https://www.kaigokensaku.mhlw.go.jp/12/index.php?action_kouhyou_detail_004_kani=true&JigyosyoCd=1271702753-00&ServiceCd=430&Type=search" }, "geometry": { "type": "Point", "coordinates": [ 140.274662199999966, 35.727686 ] } },
{ "type": "Feature", "properties": { "内容": "さかえ指定居宅介護支援事業所【居宅介護支援】千葉県印旛郡栄町安食2421", "url2": "https://www.kaigokensaku.mhlw.go.jp/12/index.php?action_kouhyou_detail_004_kani=true&JigyosyoCd=1274400017-00&ServiceCd=430&Type=search" }, "geometry": { "type": "Point", "coordinates": [ 140.249086199999965, 35.834418 ] } },
{ "type": "Feature", "properties": { "内容": "栄白翠園ケアサービスセンター【居宅介護支援】千葉県印旛郡栄町酒直中台1335番地", "url2": "https://www.kaigokensaku.mhlw.go.jp/12/index.php?action_kouhyou_detail_004_kani=true&JigyosyoCd=1274400090-00&ServiceCd=430&Type=search" }, "geometry": { "type": "Point", "coordinates": [ 140.260152837820442, 35.830929674555392 ] } },
{ "type": "Feature", "properties": { "内容": "ヤックスケアプラン安食【居宅介護支援】千葉県印旛郡栄町安食９４７‐５", "url2": "https://www.kaigokensaku.mhlw.go.jp/12/index.php?action_kouhyou_detail_004_kani=true&JigyosyoCd=1274400256-00&ServiceCd=430&Type=search" }, "geometry": { "type": "Point", "coordinates": [ 140.2467979, 35.8421695 ] } },
{ "type": "Feature", "properties": { "内容": "金原ケアマネ事務所【居宅介護支援】千葉県香取郡神崎町古原甲750-19", "url2": "https://www.kaigokensaku.mhlw.go.jp/12/index.php?action_kouhyou_detail_004_kani=true&JigyosyoCd=1284600036-00&ServiceCd=430&Type=search" }, "geometry": { "type": "Point", "coordinates": [ 140.406757800000037, 35.865481 ] } },
{ "type": "Feature", "properties": { "内容": "居宅介護支援事業所じょうもんの郷【居宅介護支援】千葉県香取郡神崎町神崎神宿66番地10号", "url2": "https://www.kaigokensaku.mhlw.go.jp/12/index.php?action_kouhyou_detail_004_kani=true&JigyosyoCd=1274600046-00&ServiceCd=430&Type=search" }, "geometry": { "type": "Point", "coordinates": [ 140.399815799999942, 35.8966555 ] } },
{ "type": "Feature", "properties": { "内容": "社会福祉法人神崎町社会福祉協議会【居宅介護支援】千葉県香取郡神崎町神崎本宿９６番地", "url2": "https://www.kaigokensaku.mhlw.go.jp/12/index.php?action_kouhyou_detail_004_kani=true&JigyosyoCd=1274600012-00&ServiceCd=430&Type=search" }, "geometry": { "type": "Point", "coordinates": [ 140.402812600000061, 35.9017135 ] } },
{ "type": "Feature", "properties": { "内容": "居宅介護支援事業所木もれびの家【居宅介護支援】千葉県香取郡多古町喜多５７６", "url2": "https://www.kaigokensaku.mhlw.go.jp/12/index.php?action_kouhyou_detail_004_kani=true&JigyosyoCd=1275100095-00&ServiceCd=430&Type=search" }, "geometry": { "type": "Point", "coordinates": [ 140.450112200000035, 35.7409963 ] } },
{ "type": "Feature", "properties": { "内容": "居宅介護支援センター多古新町ハウス【居宅介護支援】千葉県香取郡多古町多古2686番1", "url2": "https://www.kaigokensaku.mhlw.go.jp/12/index.php?action_kouhyou_detail_004_kani=true&JigyosyoCd=1275100194-00&ServiceCd=430&Type=search" }, "geometry": { "type": "Point", "coordinates": [ 140.465394800000013, 35.7399426 ] } },
{ "type": "Feature", "properties": { "内容": "社会福祉法人多古町社会福祉協議会【居宅介護支援】千葉県香取郡多古町多古７７７－１", "url2": "https://www.kaigokensaku.mhlw.go.jp/12/index.php?action_kouhyou_detail_004_kani=true&JigyosyoCd=1275100020-00&ServiceCd=430&Type=search" }, "geometry": { "type": "Point", "coordinates": [ 140.46906910000007, 35.7345504 ] } },
{ "type": "Feature", "properties": { "内容": "多古特別養護老人ホーム　ケアプランセンター【居宅介護支援】千葉県香取郡多古町南玉造４６０－３６", "url2": "https://www.kaigokensaku.mhlw.go.jp/12/index.php?action_kouhyou_detail_004_kani=true&JigyosyoCd=1275100038-00&ServiceCd=430&Type=search" }, "geometry": { "type": "Point", "coordinates": [ 140.520536, 35.7556606 ] } },
{ "type": "Feature", "properties": { "内容": "国保多古中央病院【居宅介護支援】千葉県香取郡多古町多古３８８－１", "url2": "https://www.kaigokensaku.mhlw.go.jp/12/index.php?action_kouhyou_detail_004_kani=true&JigyosyoCd=1213010386-00&ServiceCd=430&Type=search" }, "geometry": { "type": "Point", "coordinates": [ 140.471852, 35.738191700000023 ] } },
{ "type": "Feature", "properties": { "内容": "ケアプラン遊YOU【居宅介護支援】千葉県香取郡東庄町笹川い６６４", "url2": "https://www.kaigokensaku.mhlw.go.jp/12/index.php?action_kouhyou_detail_004_kani=true&JigyosyoCd=1275300240-00&ServiceCd=430&Type=search" }, "geometry": { "type": "Point", "coordinates": [ 140.660680473016356, 35.841343373495135 ] } },
{ "type": "Feature", "properties": { "内容": "介護支援ネクスト東庄【居宅介護支援】千葉県香取郡東庄町笹川い757", "url2": "https://www.kaigokensaku.mhlw.go.jp/12/index.php?action_kouhyou_detail_004_kani=true&JigyosyoCd=1275300224-00&ServiceCd=430&Type=search" }, "geometry": { "type": "Point", "coordinates": [ 140.65654883443446, 35.837807174513237 ] } },
{ "type": "Feature", "properties": { "内容": "プリーズ東庄【居宅介護支援】千葉県香取郡東庄町窪野谷1661", "url2": "https://www.kaigokensaku.mhlw.go.jp/12/index.php?action_kouhyou_detail_004_kani=true&JigyosyoCd=1275300182-00&ServiceCd=430&Type=search" }, "geometry": { "type": "Point", "coordinates": [ 140.64592541678212, 35.805304051185878 ] } },
{ "type": "Feature", "properties": { "内容": "居宅介護支援事業所白ゆり【居宅介護支援】千葉県山武郡九十九里町下貝塚886-1", "url2": "https://www.kaigokensaku.mhlw.go.jp/12/index.php?action_kouhyou_detail_004_kani=true&JigyosyoCd=1275900312-00&ServiceCd=430&Type=search" }, "geometry": { "type": "Point", "coordinates": [ 140.43320102380369, 35.513772881769405 ] } },
{ "type": "Feature", "properties": { "内容": "居宅介護支援事業所シルバーシャドウ【居宅介護支援】千葉県山武郡九十九里町片貝２７００（九十九里病院内）", "url2": "https://www.kaigokensaku.mhlw.go.jp/12/index.php?action_kouhyou_detail_004_kani=true&JigyosyoCd=1275900395-00&ServiceCd=430&Type=search" }, "geometry": { "type": "Point", "coordinates": [ 140.43715697287746, 35.533992575737123 ] } },
{ "type": "Feature", "properties": { "内容": "居宅介護支援センター九十九里園【居宅介護支援】千葉県山武郡九十九里町粟生1532番1", "url2": "https://www.kaigokensaku.mhlw.go.jp/12/index.php?action_kouhyou_detail_004_kani=true&JigyosyoCd=1275900023-00&ServiceCd=430&Type=search" }, "geometry": { "type": "Point", "coordinates": [ 140.4318816, 35.5252463 ] } },
{ "type": "Feature", "properties": { "内容": "指定居宅介護支援事業所芝山苑【居宅介護支援】千葉県山武郡芝山町山中1337-1", "url2": "https://www.kaigokensaku.mhlw.go.jp/12/index.php?action_kouhyou_detail_004_kani=true&JigyosyoCd=1276500012-00&ServiceCd=430&Type=search" }, "geometry": { "type": "Point", "coordinates": [ 140.433968700000037, 35.70012790000002 ] } },
{ "type": "Feature", "properties": { "内容": "ケアプランセンター三愛【居宅介護支援】千葉県山武郡横芝光町栗山2700", "url2": "https://www.kaigokensaku.mhlw.go.jp/12/index.php?action_kouhyou_detail_004_kani=true&JigyosyoCd=1279100166-00&ServiceCd=430&Type=search" }, "geometry": { "type": "Point", "coordinates": [ 140.495202699999936, 35.6581924 ] } },
{ "type": "Feature", "properties": { "内容": "光楽園居宅介護支援センター【居宅介護支援】千葉県山武郡横芝光町木戸９６２８－９", "url2": "https://www.kaigokensaku.mhlw.go.jp/12/index.php?action_kouhyou_detail_004_kani=true&JigyosyoCd=1279100133-00&ServiceCd=430&Type=search" }, "geometry": { "type": "Point", "coordinates": [ 140.544136218419567, 35.620778601297594 ] } },
{ "type": "Feature", "properties": { "内容": "第二松丘園居宅介護支援事業所【居宅介護支援】千葉県山武郡横芝光町宮川１２１０３－１", "url2": "https://www.kaigokensaku.mhlw.go.jp/12/index.php?action_kouhyou_detail_004_kani=true&JigyosyoCd=1275600011-00&ServiceCd=430&Type=search" }, "geometry": { "type": "Point", "coordinates": [ 140.503985100000023, 35.6577655 ] } },
{ "type": "Feature", "properties": { "内容": "介護相談所つむぎ【居宅介護支援】千葉県山武郡横芝光町横芝2417番地2", "url2": "https://www.kaigokensaku.mhlw.go.jp/12/index.php?action_kouhyou_detail_004_kani=true&JigyosyoCd=1279100323-00&ServiceCd=430&Type=search" }, "geometry": { "type": "Point", "coordinates": [ 140.4797393, 35.6556336 ] } },
{ "type": "Feature", "properties": { "内容": "ケアプランセンターあいの手【居宅介護支援】千葉県山武郡横芝光町横芝２３８５番地２", "url2": "https://www.kaigokensaku.mhlw.go.jp/12/index.php?action_kouhyou_detail_004_kani=true&JigyosyoCd=1279100109-00&ServiceCd=430&Type=search" }, "geometry": { "type": "Point", "coordinates": [ 140.480404099999987, 35.6541585 ] } },
{ "type": "Feature", "properties": { "内容": "あおばケアプランサービス【居宅介護支援】千葉県長生郡一宮町新地4-1", "url2": "https://www.kaigokensaku.mhlw.go.jp/12/index.php?action_kouhyou_detail_004_kani=true&JigyosyoCd=1276600135-00&ServiceCd=430&Type=search" }, "geometry": { "type": "Point", "coordinates": [ 140.364970871597279, 35.389469315747121 ] } },
{ "type": "Feature", "properties": { "内容": "外房居宅介護センター【居宅介護支援】千葉県長生郡一宮町船頭給248-7", "url2": "https://www.kaigokensaku.mhlw.go.jp/12/index.php?action_kouhyou_detail_004_kani=true&JigyosyoCd=1276600283-00&ServiceCd=430&Type=search" }, "geometry": { "type": "Point", "coordinates": [ 140.3727034, 35.3807664 ] } },
{ "type": "Feature", "properties": { "内容": "在宅介護支援センター　一宮苑【居宅介護支援】千葉県長生郡一宮町一宮　３８９", "url2": "https://www.kaigokensaku.mhlw.go.jp/12/index.php?action_kouhyou_detail_004_kani=true&JigyosyoCd=1276600028-00&ServiceCd=430&Type=search" }, "geometry": { "type": "Point", "coordinates": [ 140.382165031562067, 35.381927092259872 ] } },
{ "type": "Feature", "properties": { "内容": "社会福祉法人一宮町社会福祉協議会【居宅介護支援】千葉県長生郡一宮町一宮1865", "url2": "https://www.kaigokensaku.mhlw.go.jp/12/index.php?action_kouhyou_detail_004_kani=true&JigyosyoCd=1276600010-00&ServiceCd=430&Type=search" }, "geometry": { "type": "Point", "coordinates": [ 140.372528399999965, 35.3695153 ] } },
{ "type": "Feature", "properties": { "内容": "介護老人保健施設睦沢の里【居宅介護支援】千葉県長生郡睦沢町大上1150番地", "url2": "https://www.kaigokensaku.mhlw.go.jp/12/index.php?action_kouhyou_detail_004_kani=true&JigyosyoCd=1253280021-00&ServiceCd=430&Type=search" }, "geometry": { "type": "Point", "coordinates": [ 140.294092399999954, 35.3348848 ] } },
{ "type": "Feature", "properties": { "内容": "居宅介護支援センター睦沢園【居宅介護支援】千葉県長生郡睦沢町川島1458番地1", "url2": "https://www.kaigokensaku.mhlw.go.jp/12/index.php?action_kouhyou_detail_004_kani=true&JigyosyoCd=1276700018-00&ServiceCd=430&Type=search" }, "geometry": { "type": "Point", "coordinates": [ 140.334493299999963, 35.3872485 ] } },
{ "type": "Feature", "properties": { "内容": "睦沢町居宅介護支援事業所【居宅介護支援】千葉県長生郡睦沢町上市場921番地1むつざわ福祉交流センター", "url2": "https://www.kaigokensaku.mhlw.go.jp/12/index.php?action_kouhyou_detail_004_kani=true&JigyosyoCd=1276700067-00&ServiceCd=430&Type=search" }, "geometry": { "type": "Point", "coordinates": [ 140.335282, 35.369506 ] } },
{ "type": "Feature", "properties": { "内容": "居宅介護支援事業所しあわせの空【居宅介護支援】千葉県長生村宮成2555番地1", "url2": "https://www.kaigokensaku.mhlw.go.jp/12/index.php?action_kouhyou_detail_004_kani=true&JigyosyoCd=1276800347-00&ServiceCd=430&Type=search" }, "geometry": { "type": "Point", "coordinates": [ 140.361970199999973, 35.4081047 ] } },
{ "type": "Feature", "properties": { "内容": "ケアプラン　だるまさん【居宅介護支援】長生郡長生村本郷5366-72", "url2": "https://www.kaigokensaku.mhlw.go.jp/12/index.php?action_kouhyou_detail_004_kani=true&JigyosyoCd=1276800172-00&ServiceCd=430&Type=search" }, "geometry": { "type": "Point", "coordinates": [ 140.33977260000006, 35.4192163 ] } },
{ "type": "Feature", "properties": { "内容": "モルゲンケアプラン【居宅介護支援】千葉県長生郡長生村岩沼92-1", "url2": "https://www.kaigokensaku.mhlw.go.jp/12/index.php?action_kouhyou_detail_004_kani=true&JigyosyoCd=1276800222-00&ServiceCd=430&Type=search" }, "geometry": { "type": "Point", "coordinates": [ 140.350133944180271, 35.394845377548592 ] } },
{ "type": "Feature", "properties": { "内容": "在宅介護支援センター　まきの木苑【居宅介護支援】千葉県長生郡長生村七井土下田台１７８９－１", "url2": "https://www.kaigokensaku.mhlw.go.jp/12/index.php?action_kouhyou_detail_004_kani=true&JigyosyoCd=1276800131-00&ServiceCd=430&Type=search" }, "geometry": { "type": "Point", "coordinates": [ 140.337343, 35.391862 ] } },
{ "type": "Feature", "properties": { "内容": "居宅介護支援事業所かしま【居宅介護支援】千葉県長生郡長生村一松丁2447-13", "url2": "https://www.kaigokensaku.mhlw.go.jp/12/index.php?action_kouhyou_detail_004_kani=true&JigyosyoCd=1276800354-00&ServiceCd=430&Type=search" }, "geometry": { "type": "Point", "coordinates": [ 140.386386464418024, 35.407524535289127 ] } },
{ "type": "Feature", "properties": { "内容": "ケアプランおおたわ【居宅介護支援】千葉県長生郡白子町南日当777-2", "url2": "https://www.kaigokensaku.mhlw.go.jp/12/index.php?action_kouhyou_detail_004_kani=true&JigyosyoCd=1276900329-00&ServiceCd=430&Type=search" }, "geometry": { "type": "Point", "coordinates": [ 140.365843600000062, 35.4611947 ] } },
{ "type": "Feature", "properties": { "内容": "ケアプランすまいる【居宅介護支援】千葉県長生郡白子町牛込2550", "url2": "https://www.kaigokensaku.mhlw.go.jp/12/index.php?action_kouhyou_detail_004_kani=true&JigyosyoCd=1276900337-00&ServiceCd=430&Type=search" }, "geometry": { "type": "Point", "coordinates": [ 140.3918059, 35.4621714 ] } },
{ "type": "Feature", "properties": { "内容": "ケアプランセンターはまひるがお【居宅介護支援】千葉県長生郡白子町古所５４２１－１", "url2": "https://www.kaigokensaku.mhlw.go.jp/12/index.php?action_kouhyou_detail_004_kani=true&JigyosyoCd=1276900063-00&ServiceCd=430&Type=search" }, "geometry": { "type": "Point", "coordinates": [ 140.3839825, 35.4470696 ] } },
{ "type": "Feature", "properties": { "内容": "さくら・居宅介護センター【居宅介護支援】千葉県長生郡白子町関5968-2", "url2": "https://www.kaigokensaku.mhlw.go.jp/12/index.php?action_kouhyou_detail_004_kani=true&JigyosyoCd=1276900253-00&ServiceCd=430&Type=search" }, "geometry": { "type": "Point", "coordinates": [ 140.39810030000001, 35.4440954 ] } },
{ "type": "Feature", "properties": { "内容": "居宅介護支援センター・ザイクスヒル長南【居宅介護支援】千葉県長生郡長南町芝原３０５０番地", "url2": "https://www.kaigokensaku.mhlw.go.jp/12/index.php?action_kouhyou_detail_004_kani=true&JigyosyoCd=1277100010-00&ServiceCd=430&Type=search" }, "geometry": { "type": "Point", "coordinates": [ 140.3021076, 35.3662618 ] } },
{ "type": "Feature", "properties": { "内容": "居宅介護支援センター　上埴生の郷【居宅介護支援】千葉県長生郡長南町長南1980-2", "url2": "https://www.kaigokensaku.mhlw.go.jp/12/index.php?action_kouhyou_detail_004_kani=true&JigyosyoCd=1277100176-00&ServiceCd=430&Type=search" }, "geometry": { "type": "Point", "coordinates": [ 140.2362842, 35.3894065 ] } },
{ "type": "Feature", "properties": { "内容": "居宅介護支援事業所笑楽【居宅介護支援】千葉県長生郡長南町小沢150番地", "url2": "https://www.kaigokensaku.mhlw.go.jp/12/index.php?action_kouhyou_detail_004_kani=true&JigyosyoCd=1277100234-00&ServiceCd=430&Type=search" }, "geometry": { "type": "Point", "coordinates": [ 140.241069599999946, 35.3739006 ] } },
{ "type": "Feature", "properties": { "内容": "マルコーニ大多喜【居宅介護支援】千葉県大多喜町船子９３９－２Ａ棟", "url2": "https://www.kaigokensaku.mhlw.go.jp/12/index.php?action_kouhyou_detail_004_kani=true&JigyosyoCd=1277200109-00&ServiceCd=430&Type=search" }, "geometry": { "type": "Point", "coordinates": [ 140.2514898, 35.2892957 ] } },
{ "type": "Feature", "properties": { "内容": "セントケア　大多喜【居宅介護支援】千葉県夷隅郡大多喜町横山字大久保612-1", "url2": "https://www.kaigokensaku.mhlw.go.jp/12/index.php?action_kouhyou_detail_004_kani=true&JigyosyoCd=1277200075-00&ServiceCd=430&Type=search" }, "geometry": { "type": "Point", "coordinates": [ 140.240402, 35.303688 ] } },
{ "type": "Feature", "properties": { "内容": "大多喜病院【居宅介護支援】千葉県夷隅郡大多喜町上原786番地", "url2": "https://www.kaigokensaku.mhlw.go.jp/12/index.php?action_kouhyou_detail_004_kani=true&JigyosyoCd=1213710118-00&ServiceCd=430&Type=search" }, "geometry": { "type": "Point", "coordinates": [ 140.241895099999965, 35.2758731 ] } },
{ "type": "Feature", "properties": { "内容": "居宅介護支援事業所外房【居宅介護支援】千葉県夷隅郡御宿町久保796", "url2": "https://www.kaigokensaku.mhlw.go.jp/12/index.php?action_kouhyou_detail_004_kani=true&JigyosyoCd=1277400022-00&ServiceCd=430&Type=search" }, "geometry": { "type": "Point", "coordinates": [ 140.360321199999987, 35.201270900000019 ] } },
{ "type": "Feature", "properties": { "内容": "ケアプランセンターおはな【居宅介護支援】千葉県安房郡鋸南町元名４４７番地", "url2": "https://www.kaigokensaku.mhlw.go.jp/12/index.php?action_kouhyou_detail_004_kani=true&JigyosyoCd=1277900294-00&ServiceCd=430&Type=search" }, "geometry": { "type": "Point", "coordinates": [ 139.831988, 35.1471137 ] } },
{ "type": "Feature", "properties": { "内容": "ここら介護相談室【居宅介護支援】千葉県安房郡鋸南町下佐久間３１８９番地", "url2": "https://www.kaigokensaku.mhlw.go.jp/12/index.php?action_kouhyou_detail_004_kani=true&JigyosyoCd=1277900245-00&ServiceCd=430&Type=search" }, "geometry": { "type": "Point", "coordinates": [ 139.844703, 35.1161085 ] } },
{ "type": "Feature", "properties": { "内容": "ケアセンターさざなみ【居宅介護支援】千葉県安房郡鋸南町勝山413-8", "url2": "https://www.kaigokensaku.mhlw.go.jp/12/index.php?action_kouhyou_detail_004_kani=true&JigyosyoCd=1277900138-00&ServiceCd=430&Type=search" }, "geometry": { "type": "Point", "coordinates": [ 139.826985, 35.1140529 ] } }
]
}
