{
"type": "FeatureCollection",
"name": "geo_12_幼稚園",
"crs": { "type": "name", "properties": { "name": "urn:ogc:def:crs:EPSG::6668" } },
"features": [
{ "type": "Feature", "properties": { "P29_001": "12205", "P29_002": "A112210000099", "P29_003": "16011", "P29_004": "館山市立北条幼稚園", "P29_005": "千葉県館山市北条402-2", "P29_006": "3", "P29_007": "0", "P29_008": "00", "P29_009": null }, "geometry": { "type": "Point", "coordinates": [ 139.87177731177681, 34.995463540658761 ] } },
{ "type": "Feature", "properties": { "P29_001": "12205", "P29_002": "A112210000124", "P29_003": "16011", "P29_004": "館山市立西岬幼稚園", "P29_005": "千葉県館山市加賀名151", "P29_006": "3", "P29_007": "0", "P29_008": "00", "P29_009": null }, "geometry": { "type": "Point", "coordinates": [ 139.793593447391544, 34.967763484404905 ] } },
{ "type": "Feature", "properties": { "P29_001": "12205", "P29_002": "A112210000142", "P29_003": "16011", "P29_004": "館山市立豊房幼稚園", "P29_005": "千葉県館山市大戸265-6", "P29_006": "3", "P29_007": "0", "P29_008": "00", "P29_009": null }, "geometry": { "type": "Point", "coordinates": [ 139.878683721251008, 34.974246808803365 ] } },
{ "type": "Feature", "properties": { "P29_001": "12210", "P29_002": "A112210000231", "P29_003": "16011", "P29_004": "茂原市立新茂原幼稚園", "P29_005": "千葉県茂原市上林56-2", "P29_006": "3", "P29_007": "0", "P29_008": "00", "P29_009": null }, "geometry": { "type": "Point", "coordinates": [ 140.301075062523324, 35.447264524595035 ] } },
{ "type": "Feature", "properties": { "P29_001": "12213", "P29_002": "A112210000302", "P29_003": "16011", "P29_004": "東金市立城西幼稚園", "P29_005": "千葉県東金市台方131-1", "P29_006": "3", "P29_007": "0", "P29_008": "00", "P29_009": null }, "geometry": { "type": "Point", "coordinates": [ 140.349346386230991, 35.557322838699726 ] } },
{ "type": "Feature", "properties": { "P29_001": "12213", "P29_002": "A112210000348", "P29_003": "16011", "P29_004": "東金市立大和幼稚園", "P29_005": "千葉県東金市西福俵66", "P29_006": "3", "P29_007": "0", "P29_008": "00", "P29_009": null }, "geometry": { "type": "Point", "coordinates": [ 140.337137171046095, 35.54486932713894 ] } },
{ "type": "Feature", "properties": { "P29_001": "12239", "P29_002": "A112210000687", "P29_003": "16011", "P29_004": "大網白里市立大網幼稚園", "P29_005": "千葉県大網白里市大網391-1", "P29_006": "3", "P29_007": "0", "P29_008": "00", "P29_009": null }, "geometry": { "type": "Point", "coordinates": [ 140.321016540456583, 35.526289250094827 ] } },
{ "type": "Feature", "properties": { "P29_001": "12239", "P29_002": "A112210000696", "P29_003": "16011", "P29_004": "大網白里市立瑞穂幼稚園", "P29_005": "千葉県大網白里市永田1117", "P29_006": "3", "P29_007": "0", "P29_008": "00", "P29_009": null }, "geometry": { "type": "Point", "coordinates": [ 140.306090226978171, 35.511524455597453 ] } },
{ "type": "Feature", "properties": { "P29_001": "12239", "P29_002": "A112210000703", "P29_003": "16011", "P29_004": "大網白里市立増穂幼稚園", "P29_005": "千葉県大網白里市南飯塚299-1", "P29_006": "3", "P29_007": "0", "P29_008": "00", "P29_009": null }, "geometry": { "type": "Point", "coordinates": [ 140.34726650047287, 35.505303399150648 ] } },
{ "type": "Feature", "properties": { "P29_001": "12239", "P29_002": "A112210000712", "P29_003": "16011", "P29_004": "大網白里市立白里幼稚園", "P29_005": "千葉県大網白里市南今泉3344", "P29_006": "3", "P29_007": "0", "P29_008": "00", "P29_009": null }, "geometry": { "type": "Point", "coordinates": [ 140.40011357057827, 35.492809014974434 ] } },
{ "type": "Feature", "properties": { "P29_001": "12234", "P29_002": "A112210000730", "P29_003": "16011", "P29_004": "南房総市立富浦幼稚園", "P29_005": "千葉県南房総市富浦町深名710-1", "P29_006": "3", "P29_007": "0", "P29_008": "00", "P29_009": null }, "geometry": { "type": "Point", "coordinates": [ 139.853064814585025, 35.041401558931398 ] } },
{ "type": "Feature", "properties": { "P29_001": "12234", "P29_002": "A112210000749", "P29_003": "16011", "P29_004": "南房総市立富山幼稚園", "P29_005": "千葉県南房総市合戸22-1", "P29_006": "3", "P29_007": "0", "P29_008": "00", "P29_009": null }, "geometry": { "type": "Point", "coordinates": [ 139.86279433545235, 35.095323192336508 ] } },
{ "type": "Feature", "properties": { "P29_001": "12463", "P29_002": "A112210000758", "P29_003": "16011", "P29_004": "鋸南町立鋸南幼稚園", "P29_005": "千葉県安房郡鋸南町下佐久間2481", "P29_006": "3", "P29_007": "0", "P29_008": "00", "P29_009": null }, "geometry": { "type": "Point", "coordinates": [ 139.838133510230222, 35.109874475426672 ] } },
{ "type": "Feature", "properties": { "P29_001": "12234", "P29_002": "A112210000767", "P29_003": "16011", "P29_004": "南房総市立三芳幼稚園", "P29_005": "千葉県南房総市明石20", "P29_006": "3", "P29_007": "0", "P29_008": "00", "P29_009": null }, "geometry": { "type": "Point", "coordinates": [ 139.897029980858292, 35.023908232915204 ] } },
{ "type": "Feature", "properties": { "P29_001": "12234", "P29_002": "A112210000776", "P29_003": "16011", "P29_004": "南房総市立白浜幼稚園", "P29_005": "千葉県南房総市白浜町白浜3061", "P29_006": "3", "P29_007": "0", "P29_008": "00", "P29_009": null }, "geometry": { "type": "Point", "coordinates": [ 139.896794384949658, 34.91059385423511 ] } },
{ "type": "Feature", "properties": { "P29_001": "12234", "P29_002": "A112210000785", "P29_003": "16011", "P29_004": "南房総市立千倉幼稚園", "P29_005": "千葉県南房総市千倉町南朝夷1400", "P29_006": "3", "P29_007": "0", "P29_008": "00", "P29_009": null }, "geometry": { "type": "Point", "coordinates": [ 139.954795947571512, 34.961179098703695 ] } },
{ "type": "Feature", "properties": { "P29_001": "12234", "P29_002": "A112210000794", "P29_003": "16011", "P29_004": "南房総市立嶺南幼稚園", "P29_005": "千葉県南房総市沓見2705", "P29_006": "3", "P29_007": "0", "P29_008": "00", "P29_009": null }, "geometry": { "type": "Point", "coordinates": [ 139.95542784845901, 35.020897605924638 ] } },
{ "type": "Feature", "properties": { "P29_001": "12229", "P29_002": "A112210000801", "P29_003": "16011", "P29_004": "袖ケ浦市立中川幼稚園", "P29_005": "千葉県袖ケ浦市横田2637", "P29_006": "3", "P29_007": "0", "P29_008": "00", "P29_009": null }, "geometry": { "type": "Point", "coordinates": [ 140.016171752752257, 35.384494686096524 ] } },
{ "type": "Feature", "properties": { "P29_001": "12101", "P29_002": "A112310000122", "P29_003": "16011", "P29_004": "大巌寺幼稚園", "P29_005": "千葉県千葉市中央区大巌寺町186", "P29_006": "4", "P29_007": "0", "P29_008": "00", "P29_009": null }, "geometry": { "type": "Point", "coordinates": [ 140.146784960550434, 35.574901879480969 ] } },
{ "type": "Feature", "properties": { "P29_001": "12105", "P29_002": "A112310000266", "P29_003": "16011", "P29_004": "聖母マリア幼稚園", "P29_005": "千葉県千葉市緑区辺田町552", "P29_006": "4", "P29_007": "0", "P29_008": "00", "P29_009": null }, "geometry": { "type": "Point", "coordinates": [ 140.183852861498139, 35.56296325759839 ] } },
{ "type": "Feature", "properties": { "P29_001": "12101", "P29_002": "A112310000284", "P29_003": "16011", "P29_004": "認定こども園千葉明徳短期大学附属幼稚園", "P29_005": "千葉県千葉市中央区南生実町1412", "P29_006": "4", "P29_007": "0", "P29_008": "00", "P29_009": null }, "geometry": { "type": "Point", "coordinates": [ 140.156283994148168, 35.559372596060605 ] } },
{ "type": "Feature", "properties": { "P29_001": "12105", "P29_002": "A112310000382", "P29_003": "16011", "P29_004": "ほまれ幼稚園", "P29_005": "千葉県千葉市緑区誉田町1-1007", "P29_006": "4", "P29_007": "0", "P29_008": "00", "P29_009": null }, "geometry": { "type": "Point", "coordinates": [ 140.201480281285995, 35.561476852418899 ] } },
{ "type": "Feature", "properties": { "P29_001": "12105", "P29_002": "A112310000569", "P29_003": "16011", "P29_004": "土気中央幼稚園", "P29_005": "千葉県千葉市緑区土気町1630-1", "P29_006": "4", "P29_007": "0", "P29_008": "00", "P29_009": null }, "geometry": { "type": "Point", "coordinates": [ 140.271851134735783, 35.531708521071685 ] } },
{ "type": "Feature", "properties": { "P29_001": "12105", "P29_002": "A112310000738", "P29_003": "16011", "P29_004": "鏡戸幼稚園", "P29_005": "千葉県千葉市緑区大木戸町428-1", "P29_006": "4", "P29_007": "0", "P29_008": "00", "P29_009": null }, "geometry": { "type": "Point", "coordinates": [ 140.248415129518207, 35.528840595250358 ] } },
{ "type": "Feature", "properties": { "P29_001": "12105", "P29_002": "A112310000827", "P29_003": "16011", "P29_004": "花水木幼稚園", "P29_005": "千葉県千葉市緑区おゆみ野中央6-13-1", "P29_006": "4", "P29_007": "0", "P29_008": "00", "P29_009": null }, "geometry": { "type": "Point", "coordinates": [ 140.176267049050239, 35.552799987081471 ] } },
{ "type": "Feature", "properties": { "P29_001": "12105", "P29_002": "A112310000836", "P29_003": "16011", "P29_004": "あすみ中央幼稚園", "P29_005": "千葉県千葉市緑区あすみが丘6-23-2", "P29_006": "4", "P29_007": "0", "P29_008": "00", "P29_009": null }, "geometry": { "type": "Point", "coordinates": [ 140.264095073581757, 35.519053267107083 ] } },
{ "type": "Feature", "properties": { "P29_001": "12105", "P29_002": "A112310000845", "P29_003": "16011", "P29_004": "おゆみ野南幼稚園", "P29_005": "千葉県千葉市緑区大金沢町381-1", "P29_006": "4", "P29_007": "0", "P29_008": "00", "P29_009": null }, "geometry": { "type": "Point", "coordinates": [ 140.189655299684119, 35.540544456606803 ] } },
{ "type": "Feature", "properties": { "P29_001": "12206", "P29_002": "A112310001620", "P29_003": "16011", "P29_004": "岩根みどり幼稚園", "P29_005": "千葉県木更津市岩根3-10-9", "P29_006": "4", "P29_007": "0", "P29_008": "00", "P29_009": null }, "geometry": { "type": "Point", "coordinates": [ 139.930130381849096, 35.414555898002668 ] } },
{ "type": "Feature", "properties": { "P29_001": "12206", "P29_002": "A112310001639", "P29_003": "16011", "P29_004": "みつわ幼稚園", "P29_005": "千葉県木更津市文京5-9-4", "P29_006": "4", "P29_007": "0", "P29_008": "00", "P29_009": null }, "geometry": { "type": "Point", "coordinates": [ 139.930222628900282, 35.374301716128151 ] } },
{ "type": "Feature", "properties": { "P29_001": "12206", "P29_002": "A112310001648", "P29_003": "16011", "P29_004": "きさらづ幼稚園", "P29_005": "千葉県木更津市太田2-1-1", "P29_006": "4", "P29_007": "0", "P29_008": "00", "P29_009": null }, "geometry": { "type": "Point", "coordinates": [ 139.938171857737302, 35.382514678168334 ] } },
{ "type": "Feature", "properties": { "P29_001": "12206", "P29_002": "A112310001657", "P29_003": "16011", "P29_004": "第二みどり幼稚園", "P29_005": "千葉県木更津市祇園2-12-1", "P29_006": "4", "P29_007": "0", "P29_008": "00", "P29_009": null }, "geometry": { "type": "Point", "coordinates": [ 139.954149178173367, 35.38910293752803 ] } },
{ "type": "Feature", "properties": { "P29_001": "12206", "P29_002": "A112310001666", "P29_003": "16011", "P29_004": "清見台幼稚園", "P29_005": "千葉県木更津市清見台南2-3-5", "P29_006": "4", "P29_007": "0", "P29_008": "00", "P29_009": null }, "geometry": { "type": "Point", "coordinates": [ 139.949778361619821, 35.380458822032445 ] } },
{ "type": "Feature", "properties": { "P29_001": "12206", "P29_002": "A112310001675", "P29_003": "16011", "P29_004": "清和大学附属畑沢幼稚園", "P29_005": "千葉県木更津市畑沢3-9-1", "P29_006": "4", "P29_007": "0", "P29_008": "00", "P29_009": null }, "geometry": { "type": "Point", "coordinates": [ 139.906432546972724, 35.347348105269809 ] } },
{ "type": "Feature", "properties": { "P29_001": "12206", "P29_002": "A112310001684", "P29_003": "16011", "P29_004": "木更津つくし幼稚園", "P29_005": "千葉県木更津市桜町2-1-20", "P29_006": "4", "P29_007": "0", "P29_008": "00", "P29_009": null }, "geometry": { "type": "Point", "coordinates": [ 139.927234366156313, 35.370855616845461 ] } },
{ "type": "Feature", "properties": { "P29_001": "12206", "P29_002": "A112310001693", "P29_003": "16011", "P29_004": "百谷学園幼稚園", "P29_005": "千葉県木更津市清見台東3-11-1", "P29_006": "4", "P29_007": "0", "P29_008": "00", "P29_009": null }, "geometry": { "type": "Point", "coordinates": [ 139.962150909415556, 35.382441394720551 ] } },
{ "type": "Feature", "properties": { "P29_001": "12206", "P29_002": "A112310001700", "P29_003": "16011", "P29_004": "高柳幼稚園", "P29_005": "千葉県木更津市高柳2-11-9", "P29_006": "4", "P29_007": "0", "P29_008": "00", "P29_009": null }, "geometry": { "type": "Point", "coordinates": [ 139.943899125759657, 35.409398329554563 ] } },
{ "type": "Feature", "properties": { "P29_001": "12206", "P29_002": "A112310001728", "P29_003": "16011", "P29_004": "八幡台幼稚園", "P29_005": "千葉県木更津市八幡台4-2-2", "P29_006": "4", "P29_007": "0", "P29_008": "00", "P29_009": null }, "geometry": { "type": "Point", "coordinates": [ 139.952202626506505, 35.341219956243037 ] } },
{ "type": "Feature", "properties": { "P29_001": "12210", "P29_002": "A112310002219", "P29_003": "16011", "P29_004": "エンゼル幼稚園", "P29_005": "千葉県茂原市八千代1-11-1", "P29_006": "4", "P29_007": "0", "P29_008": "00", "P29_009": null }, "geometry": { "type": "Point", "coordinates": [ 140.29755965768797, 35.424182287301093 ] } },
{ "type": "Feature", "properties": { "P29_001": "12210", "P29_002": "A112310002228", "P29_003": "16011", "P29_004": "ふたば幼稚園", "P29_005": "千葉県茂原市茂原646", "P29_006": "4", "P29_007": "0", "P29_008": "00", "P29_009": null }, "geometry": { "type": "Point", "coordinates": [ 140.304606510837857, 35.423131948996051 ] } },
{ "type": "Feature", "properties": { "P29_001": "12210", "P29_002": "A112310002237", "P29_003": "16011", "P29_004": "茂原聖マリア幼稚園", "P29_005": "千葉県茂原市高師980", "P29_006": "4", "P29_007": "0", "P29_008": "00", "P29_009": null }, "geometry": { "type": "Point", "coordinates": [ 140.292190478186455, 35.429054194174135 ] } },
{ "type": "Feature", "properties": { "P29_001": "12210", "P29_002": "A112310002246", "P29_003": "16011", "P29_004": "もばら幼稚園", "P29_005": "千葉県茂原市東郷字宮ノ腰842-2", "P29_006": "4", "P29_007": "0", "P29_008": "00", "P29_009": null }, "geometry": { "type": "Point", "coordinates": [ 140.313205214649912, 35.446827292345894 ] } },
{ "type": "Feature", "properties": { "P29_001": "12210", "P29_002": "A112310002255", "P29_003": "16011", "P29_004": "アップル幼稚園", "P29_005": "千葉県茂原市押日字西之谷595", "P29_006": "4", "P29_007": "0", "P29_008": "00", "P29_009": null }, "geometry": { "type": "Point", "coordinates": [ 140.266470822390659, 35.451644443670702 ] } },
{ "type": "Feature", "properties": { "P29_001": "12219", "P29_002": "A112310002683", "P29_003": "16011", "P29_004": "姉ヶ崎幼稚園", "P29_005": "千葉県市原市椎津1599", "P29_006": "4", "P29_007": "0", "P29_008": "00", "P29_009": null }, "geometry": { "type": "Point", "coordinates": [ 140.032972354296305, 35.461085575392609 ] } },
{ "type": "Feature", "properties": { "P29_001": "12219", "P29_002": "A112310002692", "P29_003": "16011", "P29_004": "玉泉幼稚園", "P29_005": "千葉県市原市門前2-220", "P29_006": "4", "P29_007": "0", "P29_008": "00", "P29_009": null }, "geometry": { "type": "Point", "coordinates": [ 140.12680542355011, 35.516680208459768 ] } },
{ "type": "Feature", "properties": { "P29_001": "12219", "P29_002": "A112310002709", "P29_003": "16011", "P29_004": "光の子幼稚園", "P29_005": "千葉県市原市辰巳台東3-11", "P29_006": "4", "P29_007": "0", "P29_008": "00", "P29_009": null }, "geometry": { "type": "Point", "coordinates": [ 140.151523732922698, 35.516849575950083 ] } },
{ "type": "Feature", "properties": { "P29_001": "12219", "P29_002": "A112310002718", "P29_003": "16011", "P29_004": "五井幼稚園", "P29_005": "千葉県市原市五井5146", "P29_006": "4", "P29_007": "0", "P29_008": "00", "P29_009": null }, "geometry": { "type": "Point", "coordinates": [ 140.088914109524808, 35.518102870437019 ] } },
{ "type": "Feature", "properties": { "P29_001": "12219", "P29_002": "A112310002736", "P29_003": "16011", "P29_004": "第二姉ヶ崎幼稚園", "P29_005": "千葉県市原市有秋台東1-3", "P29_006": "4", "P29_007": "0", "P29_008": "00", "P29_009": null }, "geometry": { "type": "Point", "coordinates": [ 140.055291333456523, 35.453870005797221 ] } },
{ "type": "Feature", "properties": { "P29_001": "12219", "P29_002": "A112310002745", "P29_003": "16011", "P29_004": "やまと幼稚園", "P29_005": "千葉県市原市五井中央南1-17-6", "P29_006": "4", "P29_007": "0", "P29_008": "00", "P29_009": null }, "geometry": { "type": "Point", "coordinates": [ 140.081342401391339, 35.511216135129523 ] } },
{ "type": "Feature", "properties": { "P29_001": "12219", "P29_002": "A112310002781", "P29_003": "16011", "P29_004": "福増幼稚園", "P29_005": "千葉県市原市福増375", "P29_006": "4", "P29_007": "0", "P29_008": "00", "P29_009": null }, "geometry": { "type": "Point", "coordinates": [ 140.133984636303808, 35.479080099426504 ] } },
{ "type": "Feature", "properties": { "P29_001": "12219", "P29_002": "A112310002807", "P29_003": "16011", "P29_004": "柳光幼稚園", "P29_005": "千葉県市原市若宮3-6-2", "P29_006": "4", "P29_007": "0", "P29_008": "00", "P29_009": null }, "geometry": { "type": "Point", "coordinates": [ 140.133217143321076, 35.526997849466085 ] } },
{ "type": "Feature", "properties": { "P29_001": "12219", "P29_002": "A112310002816", "P29_003": "16011", "P29_004": "心花幼稚園", "P29_005": "千葉県市原市八幡144", "P29_006": "4", "P29_007": "0", "P29_008": "00", "P29_009": null }, "geometry": { "type": "Point", "coordinates": [ 140.117050770163218, 35.532878504730476 ] } },
{ "type": "Feature", "properties": { "P29_001": "12219", "P29_002": "A112310002825", "P29_003": "16011", "P29_004": "光風台中央幼稚園", "P29_005": "千葉県市原市光風台3-162", "P29_006": "4", "P29_007": "0", "P29_008": "00", "P29_009": null }, "geometry": { "type": "Point", "coordinates": [ 140.106315173345962, 35.447943678426348 ] } },
{ "type": "Feature", "properties": { "P29_001": "12219", "P29_002": "A112310002834", "P29_003": "16011", "P29_004": "志高幼稚園", "P29_005": "千葉県市原市柏原283-1", "P29_006": "4", "P29_007": "0", "P29_008": "00", "P29_009": null }, "geometry": { "type": "Point", "coordinates": [ 140.064518848023567, 35.484539977463783 ] } },
{ "type": "Feature", "properties": { "P29_001": "12219", "P29_002": "A112310002843", "P29_003": "16011", "P29_004": "五井ひまわり幼稚園", "P29_005": "千葉県市原市五井6469", "P29_006": "4", "P29_007": "0", "P29_008": "00", "P29_009": null }, "geometry": { "type": "Point", "coordinates": [ 140.081856444592319, 35.525179222097812 ] } },
{ "type": "Feature", "properties": { "P29_001": "12219", "P29_002": "A112310002852", "P29_003": "16011", "P29_004": "市原みのり幼稚園", "P29_005": "千葉県市原市桜台3-7-1", "P29_006": "4", "P29_007": "0", "P29_008": "00", "P29_009": null }, "geometry": { "type": "Point", "coordinates": [ 140.049978587603192, 35.442390783996061 ] } },
{ "type": "Feature", "properties": { "P29_001": "12219", "P29_002": "A112310002870", "P29_003": "16011", "P29_004": "国分寺台幼稚園", "P29_005": "千葉県市原市国分寺台中央5-10-1", "P29_006": "4", "P29_007": "0", "P29_008": "00", "P29_009": null }, "geometry": { "type": "Point", "coordinates": [ 140.119796587900964, 35.504054592156876 ] } },
{ "type": "Feature", "properties": { "P29_001": "12219", "P29_002": "A112310002898", "P29_003": "16011", "P29_004": "ちはら台幼稚園", "P29_005": "千葉県市原市ちはら台南6-30", "P29_006": "4", "P29_007": "0", "P29_008": "00", "P29_009": null }, "geometry": { "type": "Point", "coordinates": [ 140.187805359648905, 35.530916505099817 ] } },
{ "type": "Feature", "properties": { "P29_001": "12219", "P29_002": "A112310002905", "P29_003": "16011", "P29_004": "千原台まきぞの幼稚園", "P29_005": "千葉県市原市ちはら台南1-15-4", "P29_006": "4", "P29_007": "0", "P29_008": "00", "P29_009": null }, "geometry": { "type": "Point", "coordinates": [ 140.175911902288505, 35.526466674928855 ] } },
{ "type": "Feature", "properties": { "P29_001": "12225", "P29_002": "A112310003352", "P29_003": "16011", "P29_004": "久留里カトリック幼稚園", "P29_005": "千葉県君津市久留里市場696", "P29_006": "4", "P29_007": "0", "P29_008": "00", "P29_009": null }, "geometry": { "type": "Point", "coordinates": [ 140.07821605119122, 35.296563645968739 ] } },
{ "type": "Feature", "properties": { "P29_001": "12225", "P29_002": "A112310003370", "P29_003": "16011", "P29_004": "暁星君津幼稚園", "P29_005": "千葉県君津市大和田324", "P29_006": "4", "P29_007": "0", "P29_008": "00", "P29_009": null }, "geometry": { "type": "Point", "coordinates": [ 139.87433869423802, 35.338819581735713 ] } },
{ "type": "Feature", "properties": { "P29_001": "12225", "P29_002": "A112310003389", "P29_003": "16011", "P29_004": "美和幼稚園", "P29_005": "千葉県君津市西坂田2-12-15", "P29_006": "4", "P29_007": "0", "P29_008": "00", "P29_009": null }, "geometry": { "type": "Point", "coordinates": [ 139.882812098843885, 35.337778183868288 ] } },
{ "type": "Feature", "properties": { "P29_001": "12226", "P29_002": "A112310003398", "P29_003": "16011", "P29_004": "明澄幼稚園", "P29_005": "千葉県富津市大堀1618", "P29_006": "4", "P29_007": "0", "P29_008": "00", "P29_009": null }, "geometry": { "type": "Point", "coordinates": [ 139.864004751197285, 35.334725314394845 ] } },
{ "type": "Feature", "properties": { "P29_001": "12226", "P29_002": "A112310003414", "P29_003": "16011", "P29_004": "みなと幼稚園", "P29_005": "千葉県富津市湊404-1", "P29_006": "4", "P29_007": "0", "P29_008": "00", "P29_009": null }, "geometry": { "type": "Point", "coordinates": [ 139.875074251171839, 35.215715449832807 ] } },
{ "type": "Feature", "properties": { "P29_001": "12239", "P29_002": "A112310003851", "P29_003": "16011", "P29_004": "大網木の花幼稚園", "P29_005": "千葉県大網白里市駒込字中沼313-1", "P29_006": "4", "P29_007": "0", "P29_008": "00", "P29_009": null }, "geometry": { "type": "Point", "coordinates": [ 140.318358431913737, 35.516387813615374 ] } },
{ "type": "Feature", "properties": { "P29_001": "12239", "P29_002": "A112310003860", "P29_003": "16011", "P29_004": "季美の森幼稚園", "P29_005": "千葉県大網白里市季美の森南1-3579-24", "P29_006": "4", "P29_007": "0", "P29_008": "00", "P29_009": null }, "geometry": { "type": "Point", "coordinates": [ 140.292090167708523, 35.551181980073991 ] } },
{ "type": "Feature", "properties": { "P29_001": "12103", "P29_002": "A112110000019", "P29_003": "16011", "P29_004": "千葉大学教育学部附属幼稚園", "P29_005": "千葉県千葉市稲毛区弥生町1-33", "P29_006": "1", "P29_007": "0", "P29_008": "00", "P29_009": null }, "geometry": { "type": "Point", "coordinates": [ 140.104400131570969, 35.623399950122995 ] } },
{ "type": "Feature", "properties": { "P29_001": "12212", "P29_002": "A112210000268", "P29_003": "16011", "P29_004": "佐倉市立弥富幼稚園", "P29_005": "千葉県佐倉市岩富町145", "P29_006": "3", "P29_007": "0", "P29_008": "00", "P29_009": null }, "geometry": { "type": "Point", "coordinates": [ 140.237177044982985, 35.6495756951064 ] } },
{ "type": "Feature", "properties": { "P29_001": "12101", "P29_002": "A112310000015", "P29_003": "16011", "P29_004": "羔幼稚園", "P29_005": "千葉県千葉市中央区東本町5-1", "P29_006": "4", "P29_007": "0", "P29_008": "00", "P29_009": null }, "geometry": { "type": "Point", "coordinates": [ 140.129116045951832, 35.610417021350017 ] } },
{ "type": "Feature", "properties": { "P29_001": "12101", "P29_002": "A112310000024", "P29_003": "16011", "P29_004": "翠幼稚園", "P29_005": "千葉県千葉市中央区春日2-12-10", "P29_006": "4", "P29_007": "0", "P29_008": "00", "P29_009": null }, "geometry": { "type": "Point", "coordinates": [ 140.102135645302297, 35.62106456468306 ] } },
{ "type": "Feature", "properties": { "P29_001": "12101", "P29_002": "A112310000033", "P29_003": "16011", "P29_004": "双葉幼稚園", "P29_005": "千葉県千葉市中央区新田町5-8", "P29_006": "4", "P29_007": "0", "P29_008": "00", "P29_009": null }, "geometry": { "type": "Point", "coordinates": [ 140.114463221899541, 35.608713554750061 ] } },
{ "type": "Feature", "properties": { "P29_001": "12103", "P29_002": "A112310000042", "P29_003": "16011", "P29_004": "稲毛すみれ幼稚園", "P29_005": "千葉県千葉市稲毛区稲毛東1-14-13", "P29_006": "4", "P29_007": "0", "P29_008": "00", "P29_009": null }, "geometry": { "type": "Point", "coordinates": [ 140.088712180530052, 35.634091842625331 ] } },
{ "type": "Feature", "properties": { "P29_001": "12101", "P29_002": "A112310000051", "P29_003": "16011", "P29_004": "認定こども園登戸幼稚園", "P29_005": "千葉県千葉市中央区新千葉3-14-18", "P29_006": "4", "P29_007": "0", "P29_008": "00", "P29_009": null }, "geometry": { "type": "Point", "coordinates": [ 140.107347710560305, 35.615097899787976 ] } },
{ "type": "Feature", "properties": { "P29_001": "12101", "P29_002": "A112310000060", "P29_003": "16011", "P29_004": "ひまわり幼稚園", "P29_005": "千葉県千葉市中央区松ヶ丘町611", "P29_006": "4", "P29_007": "0", "P29_008": "00", "P29_009": null }, "geometry": { "type": "Point", "coordinates": [ 140.151939567915434, 35.586145503317411 ] } },
{ "type": "Feature", "properties": { "P29_001": "12103", "P29_002": "A112310000079", "P29_003": "16011", "P29_004": "弥生幼稚園", "P29_005": "千葉県千葉市稲毛区穴川1-4-6", "P29_006": "4", "P29_007": "0", "P29_008": "00", "P29_009": null }, "geometry": { "type": "Point", "coordinates": [ 140.10377651194878, 35.632200043320047 ] } },
{ "type": "Feature", "properties": { "P29_001": "12103", "P29_002": "A112310000097", "P29_003": "16011", "P29_004": "愛隣幼稚園", "P29_005": "千葉県千葉市稲毛区轟町5-2-12", "P29_006": "4", "P29_007": "0", "P29_008": "00", "P29_009": null }, "geometry": { "type": "Point", "coordinates": [ 140.110597419804918, 35.630848898492786 ] } },
{ "type": "Feature", "properties": { "P29_001": "12103", "P29_002": "A112310000104", "P29_003": "16011", "P29_004": "穴川花園幼稚園", "P29_005": "千葉県千葉市稲毛区穴川町375", "P29_006": "4", "P29_007": "0", "P29_008": "00", "P29_009": null }, "geometry": { "type": "Point", "coordinates": [ 140.108601102815385, 35.63834186560625 ] } },
{ "type": "Feature", "properties": { "P29_001": "12101", "P29_002": "A112310000113", "P29_003": "16011", "P29_004": "松ヶ丘幼稚園", "P29_005": "千葉県千葉市中央区仁戸名町552", "P29_006": "4", "P29_007": "0", "P29_008": "00", "P29_009": null }, "geometry": { "type": "Point", "coordinates": [ 140.155298190292825, 35.588060281010868 ] } },
{ "type": "Feature", "properties": { "P29_001": "12104", "P29_002": "A112310000131", "P29_003": "16011", "P29_004": "千葉文化幼稚園", "P29_005": "千葉県千葉市若葉区桜木4-16-38", "P29_006": "4", "P29_007": "0", "P29_008": "00", "P29_009": null }, "geometry": { "type": "Point", "coordinates": [ 140.157418273229297, 35.62464652636465 ] } },
{ "type": "Feature", "properties": { "P29_001": "12101", "P29_002": "A112310000140", "P29_003": "16011", "P29_004": "梅乃園幼稚園", "P29_005": "千葉県千葉市中央区矢作町939-6", "P29_006": "4", "P29_007": "0", "P29_008": "00", "P29_009": null }, "geometry": { "type": "Point", "coordinates": [ 140.141889725846681, 35.601901897850212 ] } },
{ "type": "Feature", "properties": { "P29_001": "12104", "P29_002": "A112310000159", "P29_003": "16011", "P29_004": "大宮幼稚園", "P29_005": "千葉県千葉市若葉区大宮台6-10-3", "P29_006": "4", "P29_007": "0", "P29_008": "00", "P29_009": null }, "geometry": { "type": "Point", "coordinates": [ 140.181763847048586, 35.595295900141465 ] } },
{ "type": "Feature", "properties": { "P29_001": "12103", "P29_002": "A112310000168", "P29_003": "16011", "P29_004": "稲毛幼稚園", "P29_005": "千葉県千葉市稲毛区稲毛町5-100-1", "P29_006": "4", "P29_007": "0", "P29_008": "00", "P29_009": null }, "geometry": { "type": "Point", "coordinates": [ 140.080786718101763, 35.641829730952487 ] } },
{ "type": "Feature", "properties": { "P29_001": "12101", "P29_002": "A112310000177", "P29_003": "16011", "P29_004": "仁戸名幼稚園", "P29_005": "千葉県千葉市中央区仁戸名町616", "P29_006": "4", "P29_007": "0", "P29_008": "00", "P29_009": null }, "geometry": { "type": "Point", "coordinates": [ 140.155770630809599, 35.585488233656605 ] } },
{ "type": "Feature", "properties": { "P29_001": "12101", "P29_002": "A112310000186", "P29_003": "16011", "P29_004": "九重幼稚園", "P29_005": "千葉県千葉市中央区稲荷町3-12-6", "P29_006": "4", "P29_007": "0", "P29_008": "00", "P29_009": null }, "geometry": { "type": "Point", "coordinates": [ 140.126807311155034, 35.587067324544662 ] } },
{ "type": "Feature", "properties": { "P29_001": "12103", "P29_002": "A112310000195", "P29_003": "16011", "P29_004": "小ばと幼稚園", "P29_005": "千葉県千葉市稲毛区天台1-7-17", "P29_006": "4", "P29_007": "0", "P29_008": "00", "P29_009": null }, "geometry": { "type": "Point", "coordinates": [ 140.11358406871642, 35.63297470929345 ] } },
{ "type": "Feature", "properties": { "P29_001": "12104", "P29_002": "A112310000202", "P29_003": "16011", "P29_004": "泉幼稚園", "P29_005": "千葉県千葉市若葉区小倉台3-11-1", "P29_006": "4", "P29_007": "0", "P29_008": "00", "P29_009": null }, "geometry": { "type": "Point", "coordinates": [ 140.174304791810215, 35.628047229706809 ] } },
{ "type": "Feature", "properties": { "P29_001": "12101", "P29_002": "A112310000211", "P29_003": "16011", "P29_004": "こまどり幼稚園", "P29_005": "千葉県千葉市中央区宮崎町234-1", "P29_006": "4", "P29_007": "0", "P29_008": "00", "P29_009": null }, "geometry": { "type": "Point", "coordinates": [ 140.13891153388397, 35.584599537733432 ] } },
{ "type": "Feature", "properties": { "P29_001": "12101", "P29_002": "A112310000220", "P29_003": "16011", "P29_004": "都幼稚園", "P29_005": "千葉県千葉市中央区都町1-46-22", "P29_006": "4", "P29_007": "0", "P29_008": "00", "P29_009": null }, "geometry": { "type": "Point", "coordinates": [ 140.143002859521602, 35.616387774906755 ] } },
{ "type": "Feature", "properties": { "P29_001": "12103", "P29_002": "A112310000239", "P29_003": "16011", "P29_004": "園生幼稚園", "P29_005": "千葉県千葉市稲毛区園生町956-6", "P29_006": "4", "P29_007": "0", "P29_008": "00", "P29_009": null }, "geometry": { "type": "Point", "coordinates": [ 140.104604250175214, 35.641591750723826 ] } },
{ "type": "Feature", "properties": { "P29_001": "12104", "P29_002": "A112310000248", "P29_003": "16011", "P29_004": "みのり幼稚園", "P29_005": "千葉県千葉市若葉区都賀5-20-26", "P29_006": "4", "P29_007": "0", "P29_008": "00", "P29_009": null }, "geometry": { "type": "Point", "coordinates": [ 140.154802755675092, 35.637543086428529 ] } },
{ "type": "Feature", "properties": { "P29_001": "12103", "P29_002": "A112310000275", "P29_003": "16011", "P29_004": "あやめ台幼稚園", "P29_005": "千葉県千葉市稲毛区園生町468-1", "P29_006": "4", "P29_007": "0", "P29_008": "00", "P29_009": null }, "geometry": { "type": "Point", "coordinates": [ 140.115213028766135, 35.646376718022921 ] } },
{ "type": "Feature", "properties": { "P29_001": "12101", "P29_002": "A112310000300", "P29_003": "16011", "P29_004": "葵幼稚園", "P29_005": "千葉県千葉市中央区仁戸名町205", "P29_006": "4", "P29_007": "0", "P29_008": "00", "P29_009": null }, "geometry": { "type": "Point", "coordinates": [ 140.162231750302595, 35.592061472590963 ] } },
{ "type": "Feature", "properties": { "P29_001": "12105", "P29_002": "A112310000364", "P29_003": "16011", "P29_004": "こざくら幼稚園", "P29_005": "千葉県千葉市緑区平山町65-1", "P29_006": "4", "P29_007": "0", "P29_008": "00", "P29_009": null }, "geometry": { "type": "Point", "coordinates": [ 140.180156668243228, 35.583173175007332 ] } },
{ "type": "Feature", "properties": { "P29_001": "12106", "P29_002": "A112310000391", "P29_003": "16011", "P29_004": "千葉白菊幼稚園", "P29_005": "千葉県千葉市美浜区幸町2-12-8", "P29_006": "4", "P29_007": "0", "P29_008": "00", "P29_009": null }, "geometry": { "type": "Point", "coordinates": [ 140.091131630969443, 35.620649545796205 ] } },
{ "type": "Feature", "properties": { "P29_001": "12103", "P29_002": "A112310000408", "P29_003": "16011", "P29_004": "土岐幼稚園", "P29_005": "千葉県千葉市稲毛区緑町1-5-17", "P29_006": "4", "P29_007": "0", "P29_008": "00", "P29_009": null }, "geometry": { "type": "Point", "coordinates": [ 140.098696743121877, 35.624313795717988 ] } },
{ "type": "Feature", "properties": { "P29_001": "12106", "P29_002": "A112310000417", "P29_003": "16011", "P29_004": "あいりす幼稚園", "P29_005": "千葉県千葉市美浜区幸町2-9-3", "P29_006": "4", "P29_007": "0", "P29_008": "00", "P29_009": null }, "geometry": { "type": "Point", "coordinates": [ 140.094015472499962, 35.617761396008852 ] } },
{ "type": "Feature", "properties": { "P29_001": "12106", "P29_002": "A112310000426", "P29_003": "16011", "P29_004": "千葉さざなみ幼稚園", "P29_005": "千葉県千葉市美浜区高州1-1-20", "P29_006": "4", "P29_007": "0", "P29_008": "00", "P29_009": null }, "geometry": { "type": "Point", "coordinates": [ 140.082501551015298, 35.628685763187981 ] } },
{ "type": "Feature", "properties": { "P29_001": "12104", "P29_002": "A112310000435", "P29_003": "16011", "P29_004": "認定こども園のぞみ幼稚園", "P29_005": "千葉県千葉市若葉区千城台西1-31-1", "P29_006": "4", "P29_007": "0", "P29_008": "00", "P29_009": null }, "geometry": { "type": "Point", "coordinates": [ 140.182187508677657, 35.625534021827093 ] } },
{ "type": "Feature", "properties": { "P29_001": "12104", "P29_002": "A112310000462", "P29_003": "16011", "P29_004": "千城台南幼稚園", "P29_005": "千葉県千葉市若葉区千城台南2-8-4", "P29_006": "4", "P29_007": "0", "P29_008": "00", "P29_009": null }, "geometry": { "type": "Point", "coordinates": [ 140.186522163351896, 35.618796110470477 ] } },
{ "type": "Feature", "properties": { "P29_001": "12104", "P29_002": "A112310000471", "P29_003": "16011", "P29_004": "認定こども園へいわ幼稚園", "P29_005": "千葉県千葉市若葉区千城台東1-6-2", "P29_006": "4", "P29_007": "0", "P29_008": "00", "P29_009": null }, "geometry": { "type": "Point", "coordinates": [ 140.19194203608339, 35.620104086990906 ] } },
{ "type": "Feature", "properties": { "P29_001": "12106", "P29_002": "A112310000505", "P29_003": "16011", "P29_004": "子鹿幼稚園", "P29_005": "千葉県千葉市美浜区幸町1-5-1", "P29_006": "4", "P29_007": "0", "P29_008": "00", "P29_009": null }, "geometry": { "type": "Point", "coordinates": [ 140.102508910662891, 35.612521970056164 ] } },
{ "type": "Feature", "properties": { "P29_001": "12106", "P29_002": "A112310000514", "P29_003": "16011", "P29_004": "高洲幼稚園", "P29_005": "千葉県千葉市美浜区高洲3-3-12", "P29_006": "4", "P29_007": "0", "P29_008": "00", "P29_009": null }, "geometry": { "type": "Point", "coordinates": [ 140.073646820828714, 35.626137645316142 ] } },
{ "type": "Feature", "properties": { "P29_001": "12106", "P29_002": "A112310000523", "P29_003": "16011", "P29_004": "認定こども園千葉敬愛短期大学附属幼稚園", "P29_005": "千葉県千葉市美浜区高洲2-2-16", "P29_006": "4", "P29_007": "0", "P29_008": "00", "P29_009": null }, "geometry": { "type": "Point", "coordinates": [ 140.080408143795921, 35.62547722081873 ] } },
{ "type": "Feature", "properties": { "P29_001": "12106", "P29_002": "A112310000550", "P29_003": "16011", "P29_004": "真砂幼稚園", "P29_005": "千葉県千葉市美浜区真砂1-12-9", "P29_006": "4", "P29_007": "0", "P29_008": "00", "P29_009": null }, "geometry": { "type": "Point", "coordinates": [ 140.070238439810481, 35.63367835798504 ] } },
{ "type": "Feature", "properties": { "P29_001": "12104", "P29_002": "A112310000578", "P29_003": "16011", "P29_004": "千城東幼稚園", "P29_005": "千葉県千葉市若葉区千城台東3-14-13", "P29_006": "4", "P29_007": "0", "P29_008": "00", "P29_009": null }, "geometry": { "type": "Point", "coordinates": [ 140.19429835092302, 35.616573191724051 ] } },
{ "type": "Feature", "properties": { "P29_001": "12104", "P29_002": "A112310000587", "P29_003": "16011", "P29_004": "加曽利幼稚園", "P29_005": "千葉県千葉市若葉区加曽利町953-3", "P29_006": "4", "P29_007": "0", "P29_008": "00", "P29_009": null }, "geometry": { "type": "Point", "coordinates": [ 140.156203276792894, 35.614223762513248 ] } },
{ "type": "Feature", "properties": { "P29_001": "12104", "P29_002": "A112310000630", "P29_003": "16011", "P29_004": "やまびこ幼稚園", "P29_005": "千葉県千葉市若葉区高根町898-2", "P29_006": "4", "P29_007": "0", "P29_008": "00", "P29_009": null }, "geometry": { "type": "Point", "coordinates": [ 140.21522899331859, 35.596795285981592 ] } },
{ "type": "Feature", "properties": { "P29_001": "12106", "P29_002": "A112310000649", "P29_003": "16011", "P29_004": "高浜幼稚園", "P29_005": "千葉県千葉市美浜区高浜1-8-2", "P29_006": "4", "P29_007": "0", "P29_008": "00", "P29_009": null }, "geometry": { "type": "Point", "coordinates": [ 140.073088968828358, 35.620011672835304 ] } },
{ "type": "Feature", "properties": { "P29_001": "12104", "P29_002": "A112310000658", "P29_003": "16011", "P29_004": "若松台幼稚園", "P29_005": "千葉県千葉市若葉区若松町401", "P29_006": "4", "P29_007": "0", "P29_008": "00", "P29_009": null }, "geometry": { "type": "Point", "coordinates": [ 140.169772273694917, 35.645359677146274 ] } },
{ "type": "Feature", "properties": { "P29_001": "12103", "P29_002": "A112310000667", "P29_003": "16011", "P29_004": "あやめ台第二幼稚園", "P29_005": "千葉県千葉市稲毛区柏台1-25", "P29_006": "4", "P29_007": "0", "P29_008": "00", "P29_009": null }, "geometry": { "type": "Point", "coordinates": [ 140.110071150094143, 35.652457811383648 ] } },
{ "type": "Feature", "properties": { "P29_001": "12101", "P29_002": "A112310000676", "P29_003": "16011", "P29_004": "山百合幼稚園", "P29_005": "千葉県千葉市中央区都町5-23-30", "P29_006": "4", "P29_007": "0", "P29_008": "00", "P29_009": null }, "geometry": { "type": "Point", "coordinates": [ 140.149096860323112, 35.609916955557814 ] } },
{ "type": "Feature", "properties": { "P29_001": "12103", "P29_002": "A112310000685", "P29_003": "16011", "P29_004": "小中台幼稚園", "P29_005": "千葉県千葉市稲毛区小仲台8-20-1", "P29_006": "4", "P29_007": "0", "P29_008": "00", "P29_009": null }, "geometry": { "type": "Point", "coordinates": [ 140.08917114026417, 35.645245569084814 ] } },
{ "type": "Feature", "properties": { "P29_001": "12104", "P29_002": "A112310000694", "P29_003": "16011", "P29_004": "みつわ台幼稚園", "P29_005": "千葉県千葉市若葉区みつわ台4-23-5", "P29_006": "4", "P29_007": "0", "P29_008": "00", "P29_009": null }, "geometry": { "type": "Point", "coordinates": [ 140.134500774893581, 35.64406293352841 ] } },
{ "type": "Feature", "properties": { "P29_001": "12104", "P29_002": "A112310000701", "P29_003": "16011", "P29_004": "千葉聖心幼稚園", "P29_005": "千葉県千葉市若葉区みつわ台3-6", "P29_006": "4", "P29_007": "0", "P29_008": "00", "P29_009": null }, "geometry": { "type": "Point", "coordinates": [ 140.136865600366718, 35.640651651436372 ] } },
{ "type": "Feature", "properties": { "P29_001": "12106", "P29_002": "A112310000729", "P29_003": "16011", "P29_004": "植草学園大学附属美浜幼稚園", "P29_005": "千葉県千葉市美浜区高州1-17-8", "P29_006": "4", "P29_007": "0", "P29_008": "00", "P29_009": null }, "geometry": { "type": "Point", "coordinates": [ 140.077277396043172, 35.631176265259157 ] } },
{ "type": "Feature", "properties": { "P29_001": "12104", "P29_002": "A112310000756", "P29_003": "16011", "P29_004": "都賀の台幼稚園", "P29_005": "千葉県千葉市若葉区都賀の台4-26-15", "P29_006": "4", "P29_007": "0", "P29_008": "00", "P29_009": null }, "geometry": { "type": "Point", "coordinates": [ 140.147860556203796, 35.643214233715128 ] } },
{ "type": "Feature", "properties": { "P29_001": "12104", "P29_002": "A112310000774", "P29_003": "16011", "P29_004": "まこと東幼稚園", "P29_005": "千葉県千葉市若葉区みつわ台2-22-3", "P29_006": "4", "P29_007": "0", "P29_008": "00", "P29_009": null }, "geometry": { "type": "Point", "coordinates": [ 140.130510546495401, 35.636459099198085 ] } },
{ "type": "Feature", "properties": { "P29_001": "12106", "P29_002": "A112310000783", "P29_003": "16011", "P29_004": "磯辺白百合幼稚園", "P29_005": "千葉県千葉市美浜区磯辺4-14-1", "P29_006": "4", "P29_007": "0", "P29_008": "00", "P29_009": null }, "geometry": { "type": "Point", "coordinates": [ 140.059329285018919, 35.63182693513069 ] } },
{ "type": "Feature", "properties": { "P29_001": "12101", "P29_002": "A112310000809", "P29_003": "16011", "P29_004": "院内幼稚園", "P29_005": "千葉県千葉市中央区祐光1-9-5", "P29_006": "4", "P29_007": "0", "P29_008": "00", "P29_009": null }, "geometry": { "type": "Point", "coordinates": [ 140.128029183223674, 35.617541193355777 ] } },
{ "type": "Feature", "properties": { "P29_001": "12106", "P29_002": "A112310000818", "P29_003": "16011", "P29_004": "めぐみ幼稚園", "P29_005": "千葉県千葉市美浜区高浜3-2-1", "P29_006": "4", "P29_007": "0", "P29_008": "00", "P29_009": null }, "geometry": { "type": "Point", "coordinates": [ 140.066221240404786, 35.62045346106288 ] } },
{ "type": "Feature", "properties": { "P29_001": "12228", "P29_002": "A112310003496", "P29_003": "16011", "P29_004": "四街道旭幼稚園", "P29_005": "千葉県四街道市小名木77-3", "P29_006": "4", "P29_007": "0", "P29_008": "00", "P29_009": null }, "geometry": { "type": "Point", "coordinates": [ 140.181960347557862, 35.659198518576936 ] } },
{ "type": "Feature", "properties": { "P29_001": "12203", "P29_002": "A112210000035", "P29_003": "16011", "P29_004": "市川市立信篤幼稚園", "P29_005": "千葉県市川市高谷1-8-1", "P29_006": "3", "P29_007": "0", "P29_008": "00", "P29_009": null }, "geometry": { "type": "Point", "coordinates": [ 139.941656334087838, 35.701495408840017 ] } },
{ "type": "Feature", "properties": { "P29_001": "12203", "P29_002": "A112210000044", "P29_003": "16011", "P29_004": "市川市立大洲幼稚園", "P29_005": "千葉県市川市大洲4-3-12", "P29_006": "3", "P29_007": "0", "P29_008": "00", "P29_009": null }, "geometry": { "type": "Point", "coordinates": [ 139.909731377372168, 35.720983326320372 ] } },
{ "type": "Feature", "properties": { "P29_001": "12203", "P29_002": "A112210000053", "P29_003": "16011", "P29_004": "市川市立南行徳幼稚園", "P29_005": "千葉県市川市欠真間1-6-15", "P29_006": "3", "P29_007": "0", "P29_008": "00", "P29_009": null }, "geometry": { "type": "Point", "coordinates": [ 139.900824087774339, 35.679569051431507 ] } },
{ "type": "Feature", "properties": { "P29_001": "12203", "P29_002": "A112210000071", "P29_003": "16011", "P29_004": "市川市立新浜幼稚園", "P29_005": "千葉県市川市行徳駅前4-5-2", "P29_006": "3", "P29_007": "0", "P29_008": "00", "P29_009": null }, "geometry": { "type": "Point", "coordinates": [ 139.916978909188316, 35.679798659743881 ] } },
{ "type": "Feature", "properties": { "P29_001": "12203", "P29_002": "A112210000080", "P29_003": "16011", "P29_004": "市川市立塩焼幼稚園", "P29_005": "千葉県市川市塩焼5-9-1", "P29_006": "3", "P29_007": "0", "P29_008": "00", "P29_009": null }, "geometry": { "type": "Point", "coordinates": [ 139.929682541597202, 35.684856092835282 ] } },
{ "type": "Feature", "properties": { "P29_001": "12208", "P29_002": "A112210000188", "P29_003": "16011", "P29_004": "野田市立野田幼稚園", "P29_005": "千葉県野田市野田793-8", "P29_006": "3", "P29_007": "0", "P29_008": "00", "P29_009": null }, "geometry": { "type": "Point", "coordinates": [ 139.86560386176086, 35.947992479960725 ] } },
{ "type": "Feature", "properties": { "P29_001": "12227", "P29_002": "A112210000428", "P29_003": "16011", "P29_004": "浦安市立若草認定こども園", "P29_005": "千葉県浦安市猫実4-6-12", "P29_006": "3", "P29_007": "0", "P29_008": "00", "P29_009": null }, "geometry": { "type": "Point", "coordinates": [ 139.894874141426129, 35.663966407117677 ] } },
{ "type": "Feature", "properties": { "P29_001": "12227", "P29_002": "A112210000437", "P29_003": "16011", "P29_004": "浦安市立青葉幼稚園", "P29_005": "千葉県浦安市当代島3-12-1", "P29_006": "3", "P29_007": "0", "P29_008": "00", "P29_009": null }, "geometry": { "type": "Point", "coordinates": [ 139.891201988779983, 35.671942012616903 ] } },
{ "type": "Feature", "properties": { "P29_001": "12227", "P29_002": "A112210000446", "P29_003": "16011", "P29_004": "浦安市立みなみ認定こども園", "P29_005": "千葉県浦安市堀江5-4-2", "P29_006": "3", "P29_007": "0", "P29_008": "00", "P29_009": null }, "geometry": { "type": "Point", "coordinates": [ 139.892061470506889, 35.654254010956905 ] } },
{ "type": "Feature", "properties": { "P29_001": "12227", "P29_002": "A112210000455", "P29_003": "16011", "P29_004": "浦安市立神明認定こども園", "P29_005": "千葉県浦安市猫実1-18-43", "P29_006": "3", "P29_007": "0", "P29_008": "00", "P29_009": null }, "geometry": { "type": "Point", "coordinates": [ 139.903272336984003, 35.657326626447912 ] } },
{ "type": "Feature", "properties": { "P29_001": "12227", "P29_002": "A112210000482", "P29_003": "16011", "P29_004": "浦安市立堀江認定こども園", "P29_005": "千葉県浦安市堀江4-34-6", "P29_006": "3", "P29_007": "0", "P29_008": "00", "P29_009": null }, "geometry": { "type": "Point", "coordinates": [ 139.890304787326073, 35.659473857273753 ] } },
{ "type": "Feature", "properties": { "P29_001": "12227", "P29_002": "A112210000491", "P29_003": "16011", "P29_004": "浦安市立富岡幼稚園", "P29_005": "千葉県浦安市富岡1-1-2", "P29_006": "3", "P29_007": "0", "P29_008": "00", "P29_009": null }, "geometry": { "type": "Point", "coordinates": [ 139.903743360868219, 35.648023617293063 ] } },
{ "type": "Feature", "properties": { "P29_001": "12227", "P29_002": "A112210000507", "P29_003": "16011", "P29_004": "浦安市立美浜南認定こども園", "P29_005": "千葉県浦安市美浜3-15-2", "P29_006": "3", "P29_007": "0", "P29_008": "00", "P29_009": null }, "geometry": { "type": "Point", "coordinates": [ 139.906747746423633, 35.651276983942267 ] } },
{ "type": "Feature", "properties": { "P29_001": "12227", "P29_002": "A112210000516", "P29_003": "16011", "P29_004": "浦安市立入船南認定こども園", "P29_005": "千葉県浦安市入船3-66-2", "P29_006": "3", "P29_007": "0", "P29_008": "00", "P29_009": null }, "geometry": { "type": "Point", "coordinates": [ 139.913323528111306, 35.646507479711914 ] } },
{ "type": "Feature", "properties": { "P29_001": "12227", "P29_002": "A112210000525", "P29_003": "16011", "P29_004": "浦安市立舞浜認定こども園", "P29_005": "千葉県浦安市舞浜2-1-2", "P29_006": "3", "P29_007": "0", "P29_008": "00", "P29_009": null }, "geometry": { "type": "Point", "coordinates": [ 139.884642118619581, 35.641120910175879 ] } },
{ "type": "Feature", "properties": { "P29_001": "12227", "P29_002": "A112210000543", "P29_003": "16011", "P29_004": "浦安市立日の出幼稚園", "P29_005": "千葉県浦安市日の出2-15-1", "P29_006": "3", "P29_007": "0", "P29_008": "00", "P29_009": null }, "geometry": { "type": "Point", "coordinates": [ 139.925139933562804, 35.647440577028981 ] } },
{ "type": "Feature", "properties": { "P29_001": "12227", "P29_002": "A112210000552", "P29_003": "16011", "P29_004": "浦安市立明海認定こども園", "P29_005": "千葉県浦安市明海2-13-3", "P29_006": "3", "P29_007": "0", "P29_008": "00", "P29_009": null }, "geometry": { "type": "Point", "coordinates": [ 139.918052410234566, 35.641600886182452 ] } },
{ "type": "Feature", "properties": { "P29_001": "12208", "P29_002": "A112210000561", "P29_003": "16011", "P29_004": "野田市立関宿南部幼稚園", "P29_005": "千葉県野田市木間ヶ瀬3197", "P29_006": "3", "P29_007": "0", "P29_008": "00", "P29_009": null }, "geometry": { "type": "Point", "coordinates": [ 139.844245318821919, 36.021392281396757 ] } },
{ "type": "Feature", "properties": { "P29_001": "12208", "P29_002": "A112210000570", "P29_003": "16011", "P29_004": "野田市立関宿中部幼稚園", "P29_005": "千葉県野田市桐ヶ作453-1", "P29_006": "3", "P29_007": "0", "P29_008": "00", "P29_009": null }, "geometry": { "type": "Point", "coordinates": [ 139.810452333763294, 36.048442760523031 ] } },
{ "type": "Feature", "properties": { "P29_001": "12220", "P29_002": "A112210000810", "P29_003": "16011", "P29_004": "流山市幼児教育支援センター附属幼稚園", "P29_005": "千葉県流山市江戸川台東3-2", "P29_006": "3", "P29_007": "0", "P29_008": "00", "P29_009": null }, "geometry": { "type": "Point", "coordinates": [ 139.912449455611096, 35.899983379379513 ] } },
{ "type": "Feature", "properties": { "P29_001": "12203", "P29_002": "A112310000881", "P29_003": "16011", "P29_004": "日出学園幼稚園", "P29_005": "千葉県市川市菅野2-21-12", "P29_006": "4", "P29_007": "0", "P29_008": "00", "P29_009": null }, "geometry": { "type": "Point", "coordinates": [ 139.918582028644266, 35.729978603916777 ] } },
{ "type": "Feature", "properties": { "P29_001": "12203", "P29_002": "A112310000890", "P29_003": "16011", "P29_004": "市川聖マリヤ幼稚園", "P29_005": "千葉県市川市八幡3-19-12", "P29_006": "4", "P29_007": "0", "P29_008": "00", "P29_009": null }, "geometry": { "type": "Point", "coordinates": [ 139.926496985900371, 35.724527233501256 ] } },
{ "type": "Feature", "properties": { "P29_001": "12203", "P29_002": "A112310000907", "P29_003": "16011", "P29_004": "自然幼稚園", "P29_005": "千葉県市川市市川1-24-21", "P29_006": "4", "P29_007": "0", "P29_008": "00", "P29_009": null }, "geometry": { "type": "Point", "coordinates": [ 139.910378625454769, 35.730491161663494 ] } },
{ "type": "Feature", "properties": { "P29_001": "12203", "P29_002": "A112310000925", "P29_003": "16011", "P29_004": "富貴島幼稚園", "P29_005": "千葉県市川市八幡6-12-12", "P29_006": "4", "P29_007": "0", "P29_008": "00", "P29_009": null }, "geometry": { "type": "Point", "coordinates": [ 139.936466372190694, 35.72801141597904 ] } },
{ "type": "Feature", "properties": { "P29_001": "12203", "P29_002": "A112310000934", "P29_003": "16011", "P29_004": "市川学園幼稚園", "P29_005": "千葉県市川市八幡5-1-10", "P29_006": "4", "P29_007": "0", "P29_008": "00", "P29_009": null }, "geometry": { "type": "Point", "coordinates": [ 139.93186770973324, 35.723051247665509 ] } },
{ "type": "Feature", "properties": { "P29_001": "12203", "P29_002": "A112310000943", "P29_003": "16011", "P29_004": "みどり幼稚園", "P29_005": "千葉県市川市中山3-10-4", "P29_006": "4", "P29_007": "0", "P29_008": "00", "P29_009": null }, "geometry": { "type": "Point", "coordinates": [ 139.949653273163733, 35.719702255893296 ] } },
{ "type": "Feature", "properties": { "P29_001": "12203", "P29_002": "A112310000961", "P29_003": "16011", "P29_004": "和光幼稚園", "P29_005": "千葉県市川市相之川2-12-28", "P29_006": "4", "P29_007": "0", "P29_008": "00", "P29_009": null }, "geometry": { "type": "Point", "coordinates": [ 139.895938461224688, 35.678584882921569 ] } },
{ "type": "Feature", "properties": { "P29_001": "12203", "P29_002": "A112310000970", "P29_003": "16011", "P29_004": "共立幼稚園", "P29_005": "千葉県市川市新田4-15-27", "P29_006": "4", "P29_007": "0", "P29_008": "00", "P29_009": null }, "geometry": { "type": "Point", "coordinates": [ 139.909727894197005, 35.724821102700105 ] } },
{ "type": "Feature", "properties": { "P29_001": "12203", "P29_002": "A112310000998", "P29_003": "16011", "P29_004": "市川学園第２幼稚園", "P29_005": "千葉県市川市東菅野4-13-1", "P29_006": "4", "P29_007": "0", "P29_008": "00", "P29_009": null }, "geometry": { "type": "Point", "coordinates": [ 139.93779186766875, 35.731971925385452 ] } },
{ "type": "Feature", "properties": { "P29_001": "12203", "P29_002": "A112310001005", "P29_003": "16011", "P29_004": "若宮幼稚園", "P29_005": "千葉県市川市若宮3-53-4", "P29_006": "4", "P29_007": "0", "P29_008": "00", "P29_009": null }, "geometry": { "type": "Point", "coordinates": [ 139.953199860606901, 35.726910551249198 ] } },
{ "type": "Feature", "properties": { "P29_001": "12203", "P29_002": "A112310001014", "P29_003": "16011", "P29_004": "白菊幼稚園", "P29_005": "千葉県市川市南八幡3-15-1", "P29_006": "4", "P29_007": "0", "P29_008": "00", "P29_009": null }, "geometry": { "type": "Point", "coordinates": [ 139.926954162848574, 35.718137069287842 ] } },
{ "type": "Feature", "properties": { "P29_001": "12203", "P29_002": "A112310001023", "P29_003": "16011", "P29_004": "わかたけ幼稚園", "P29_005": "千葉県市川市北方町4-1798", "P29_006": "4", "P29_007": "0", "P29_008": "00", "P29_009": null }, "geometry": { "type": "Point", "coordinates": [ 139.95653971740515, 35.729546685267458 ] } },
{ "type": "Feature", "properties": { "P29_001": "12203", "P29_002": "A112310001032", "P29_003": "16011", "P29_004": "曽谷幼稚園", "P29_005": "千葉県市川市曽谷1-4-1", "P29_006": "4", "P29_007": "0", "P29_008": "00", "P29_009": null }, "geometry": { "type": "Point", "coordinates": [ 139.933914984300117, 35.740430440893618 ] } },
{ "type": "Feature", "properties": { "P29_001": "12203", "P29_002": "A112310001041", "P29_003": "16011", "P29_004": "国府台文化幼稚園", "P29_005": "千葉県市川市中国分3-6-24", "P29_006": "4", "P29_007": "0", "P29_008": "00", "P29_009": null }, "geometry": { "type": "Point", "coordinates": [ 139.91022495686488, 35.753032400365761 ] } },
{ "type": "Feature", "properties": { "P29_001": "12203", "P29_002": "A112310001050", "P29_003": "16011", "P29_004": "ソフィア幼稚園", "P29_005": "千葉県市川市稲荷木3-22-5", "P29_006": "4", "P29_007": "0", "P29_008": "00", "P29_009": null }, "geometry": { "type": "Point", "coordinates": [ 139.918643341413514, 35.710209281005184 ] } },
{ "type": "Feature", "properties": { "P29_001": "12203", "P29_002": "A112310001069", "P29_003": "16011", "P29_004": "つくし幼稚園", "P29_005": "千葉県市川市大和田3-3-3", "P29_006": "4", "P29_007": "0", "P29_008": "00", "P29_009": null }, "geometry": { "type": "Point", "coordinates": [ 139.918580970819676, 35.717872230876651 ] } },
{ "type": "Feature", "properties": { "P29_001": "12203", "P29_002": "A112310001078", "P29_003": "16011", "P29_004": "昭和学院幼稚園", "P29_005": "千葉県市川市宮久保1-3-8", "P29_006": "4", "P29_007": "0", "P29_008": "00", "P29_009": null }, "geometry": { "type": "Point", "coordinates": [ 139.930815667214546, 35.735614426044137 ] } },
{ "type": "Feature", "properties": { "P29_001": "12203", "P29_002": "A112310001087", "P29_003": "16011", "P29_004": "宮久保幼稚園", "P29_005": "千葉県市川市宮久保6-7-2", "P29_006": "4", "P29_007": "0", "P29_008": "00", "P29_009": null }, "geometry": { "type": "Point", "coordinates": [ 139.939839500452649, 35.737940560269529 ] } },
{ "type": "Feature", "properties": { "P29_001": "12203", "P29_002": "A112310001096", "P29_003": "16011", "P29_004": "浄光寺幼稚園", "P29_005": "千葉県市川市大野町3-1917", "P29_006": "4", "P29_007": "0", "P29_008": "00", "P29_009": null }, "geometry": { "type": "Point", "coordinates": [ 139.955301285532187, 35.75372415830806 ] } },
{ "type": "Feature", "properties": { "P29_001": "12203", "P29_002": "A112310001103", "P29_003": "16011", "P29_004": "国分幼稚園", "P29_005": "千葉県市川市曽谷5-32-18", "P29_006": "4", "P29_007": "0", "P29_008": "00", "P29_009": null }, "geometry": { "type": "Point", "coordinates": [ 139.927519094416681, 35.750553482335079 ] } },
{ "type": "Feature", "properties": { "P29_001": "12203", "P29_002": "A112310001112", "P29_003": "16011", "P29_004": "大町不二幼稚園", "P29_005": "千葉県市川市大町103", "P29_006": "4", "P29_007": "0", "P29_008": "00", "P29_009": null }, "geometry": { "type": "Point", "coordinates": [ 139.958577019128143, 35.774908840405125 ] } },
{ "type": "Feature", "properties": { "P29_001": "12203", "P29_002": "A112310001130", "P29_003": "16011", "P29_004": "いなほ幼稚園", "P29_005": "千葉県市川市国分3-4-12", "P29_006": "4", "P29_007": "0", "P29_008": "00", "P29_009": null }, "geometry": { "type": "Point", "coordinates": [ 139.912017733933681, 35.742708386951051 ] } },
{ "type": "Feature", "properties": { "P29_001": "12203", "P29_002": "A112310001158", "P29_003": "16011", "P29_004": "アンデルセン幼稚園", "P29_005": "千葉県市川市堀之内1-9-17", "P29_006": "4", "P29_007": "0", "P29_008": "00", "P29_009": null }, "geometry": { "type": "Point", "coordinates": [ 139.917905886856175, 35.756105183842585 ] } },
{ "type": "Feature", "properties": { "P29_001": "12203", "P29_002": "A112310001167", "P29_003": "16011", "P29_004": "原木幼稚園", "P29_005": "千葉県市川市原木1-8-1", "P29_006": "4", "P29_007": "0", "P29_008": "00", "P29_009": null }, "geometry": { "type": "Point", "coordinates": [ 139.943505331524079, 35.703584797978849 ] } },
{ "type": "Feature", "properties": { "P29_001": "12203", "P29_002": "A112310001176", "P29_003": "16011", "P29_004": "東浜幼稚園", "P29_005": "千葉県市川市行徳駅前3-12-14", "P29_006": "4", "P29_007": "0", "P29_008": "00", "P29_009": null }, "geometry": { "type": "Point", "coordinates": [ 139.920256713351876, 35.680467308314313 ] } },
{ "type": "Feature", "properties": { "P29_001": "12203", "P29_002": "A112310001185", "P29_003": "16011", "P29_004": "市川東学院三愛幼稚園", "P29_005": "千葉県市川市東国分1-20-12", "P29_006": "4", "P29_007": "0", "P29_008": "00", "P29_009": null }, "geometry": { "type": "Point", "coordinates": [ 139.921900556116043, 35.742627669920282 ] } },
{ "type": "Feature", "properties": { "P29_001": "12204", "P29_002": "A112310001229", "P29_003": "16011", "P29_004": "二葉幼稚園", "P29_005": "千葉県船橋市海神5-7-14", "P29_006": "4", "P29_007": "0", "P29_008": "00", "P29_009": null }, "geometry": { "type": "Point", "coordinates": [ 139.970643727728316, 35.707174161937452 ] } },
{ "type": "Feature", "properties": { "P29_001": "12204", "P29_002": "A112310001238", "P29_003": "16011", "P29_004": "山野幼稚園", "P29_005": "千葉県船橋市西船2-10-7", "P29_006": "4", "P29_007": "0", "P29_008": "00", "P29_009": null }, "geometry": { "type": "Point", "coordinates": [ 139.966584263429326, 35.710345509258367 ] } },
{ "type": "Feature", "properties": { "P29_001": "12204", "P29_002": "A112310001247", "P29_003": "16011", "P29_004": "葛飾幼稚園", "P29_005": "千葉県船橋市西船4-16-4", "P29_006": "4", "P29_007": "0", "P29_008": "00", "P29_009": null }, "geometry": { "type": "Point", "coordinates": [ 139.958529837069108, 35.710545328069728 ] } },
{ "type": "Feature", "properties": { "P29_001": "12204", "P29_002": "A112310001274", "P29_003": "16011", "P29_004": "日の丸幼稚園", "P29_005": "千葉県船橋市馬込西2-17-11", "P29_006": "4", "P29_007": "0", "P29_008": "00", "P29_009": null }, "geometry": { "type": "Point", "coordinates": [ 139.992511232753515, 35.739905130303235 ] } },
{ "type": "Feature", "properties": { "P29_001": "12204", "P29_002": "A112310001283", "P29_003": "16011", "P29_004": "船橋ひまわり幼稚園", "P29_005": "千葉県船橋市夏見5-26-22", "P29_006": "4", "P29_007": "0", "P29_008": "00", "P29_009": null }, "geometry": { "type": "Point", "coordinates": [ 139.993326806641221, 35.710990736106069 ] } },
{ "type": "Feature", "properties": { "P29_001": "12204", "P29_002": "A112310001318", "P29_003": "16011", "P29_004": "コスモス幼稚園", "P29_005": "千葉県船橋市上山町3-512", "P29_006": "4", "P29_007": "0", "P29_008": "00", "P29_009": null }, "geometry": { "type": "Point", "coordinates": [ 139.983269869726342, 35.734552806618495 ] } },
{ "type": "Feature", "properties": { "P29_001": "12204", "P29_002": "A112310001336", "P29_003": "16011", "P29_004": "シオン幼稚園", "P29_005": "千葉県船橋市夏見6-6-6", "P29_006": "4", "P29_007": "0", "P29_008": "00", "P29_009": null }, "geometry": { "type": "Point", "coordinates": [ 139.99423538479158, 35.71366895888999 ] } },
{ "type": "Feature", "properties": { "P29_001": "12204", "P29_002": "A112310001354", "P29_003": "16011", "P29_004": "西船幼稚園", "P29_005": "千葉県船橋市西船2-32-25", "P29_006": "4", "P29_007": "0", "P29_008": "00", "P29_009": null }, "geometry": { "type": "Point", "coordinates": [ 139.969365651901484, 35.716461146494545 ] } },
{ "type": "Feature", "properties": { "P29_001": "12204", "P29_002": "A112310001416", "P29_003": "16011", "P29_004": "第二船橋ひまわり幼稚園", "P29_005": "千葉県船橋市金杉8-4-12", "P29_006": "4", "P29_007": "0", "P29_008": "00", "P29_009": null }, "geometry": { "type": "Point", "coordinates": [ 140.012397609120171, 35.731954528615574 ] } },
{ "type": "Feature", "properties": { "P29_001": "12204", "P29_002": "A112310001434", "P29_003": "16011", "P29_004": "八木ヶ谷幼稚園", "P29_005": "千葉県船橋市八木が谷2-18-1", "P29_006": "4", "P29_007": "0", "P29_008": "00", "P29_009": null }, "geometry": { "type": "Point", "coordinates": [ 140.032918816525608, 35.760662058590256 ] } },
{ "type": "Feature", "properties": { "P29_001": "12204", "P29_002": "A112310001461", "P29_003": "16011", "P29_004": "健伸幼稚園", "P29_005": "千葉県船橋市丸山5-12-7", "P29_006": "4", "P29_007": "0", "P29_008": "00", "P29_009": null }, "geometry": { "type": "Point", "coordinates": [ 139.994078577826997, 35.746381925212972 ] } },
{ "type": "Feature", "properties": { "P29_001": "12204", "P29_002": "A112310001498", "P29_003": "16011", "P29_004": "海神幼稚園", "P29_005": "千葉県船橋市海神6-18-34", "P29_006": "4", "P29_007": "0", "P29_008": "00", "P29_009": null }, "geometry": { "type": "Point", "coordinates": [ 139.96867011830517, 35.705311705581749 ] } },
{ "type": "Feature", "properties": { "P29_001": "12204", "P29_002": "A112310001504", "P29_003": "16011", "P29_004": "金杉幼稚園", "P29_005": "千葉県船橋市金杉3-6-1", "P29_006": "4", "P29_007": "0", "P29_008": "00", "P29_009": null }, "geometry": { "type": "Point", "coordinates": [ 140.007082113186328, 35.731366328637314 ] } },
{ "type": "Feature", "properties": { "P29_001": "12204", "P29_002": "A112310001513", "P29_003": "16011", "P29_004": "健伸行田幼稚園", "P29_005": "千葉県船橋市行田2-4-3", "P29_006": "4", "P29_007": "0", "P29_008": "00", "P29_009": null }, "geometry": { "type": "Point", "coordinates": [ 139.973428689054089, 35.718056062190094 ] } },
{ "type": "Feature", "properties": { "P29_001": "12204", "P29_002": "A112310001559", "P29_003": "16011", "P29_004": "船橋ひかり幼稚園", "P29_005": "千葉県船橋市二子町498", "P29_006": "4", "P29_007": "0", "P29_008": "00", "P29_009": null }, "geometry": { "type": "Point", "coordinates": [ 139.948584543878383, 35.710771774303723 ] } },
{ "type": "Feature", "properties": { "P29_001": "12204", "P29_002": "A112310001568", "P29_003": "16011", "P29_004": "ひなぎく幼稚園", "P29_005": "千葉県船橋市海神4-29-10", "P29_006": "4", "P29_007": "0", "P29_008": "00", "P29_009": null }, "geometry": { "type": "Point", "coordinates": [ 139.97307665172292, 35.711277336023997 ] } },
{ "type": "Feature", "properties": { "P29_001": "12204", "P29_002": "A112310001586", "P29_003": "16011", "P29_004": "英進幼稚園", "P29_005": "千葉県船橋市みやぎ台3-10-10", "P29_006": "4", "P29_007": "0", "P29_008": "00", "P29_009": null }, "geometry": { "type": "Point", "coordinates": [ 140.037120277896719, 35.754237878586238 ] } },
{ "type": "Feature", "properties": { "P29_001": "12204", "P29_002": "A112310001595", "P29_003": "16011", "P29_004": "夏見台幼稚園", "P29_005": "千葉県船橋市夏見台2-16-1", "P29_006": "4", "P29_007": "0", "P29_008": "00", "P29_009": null }, "geometry": { "type": "Point", "coordinates": [ 139.996438098858846, 35.72136423855116 ] } },
{ "type": "Feature", "properties": { "P29_001": "12207", "P29_002": "A112310001746", "P29_003": "16011", "P29_004": "聖ミカエル幼稚園", "P29_005": "千葉県松戸市松戸1126", "P29_006": "4", "P29_007": "0", "P29_008": "00", "P29_009": null }, "geometry": { "type": "Point", "coordinates": [ 139.90304468673159, 35.780487645926641 ] } },
{ "type": "Feature", "properties": { "P29_001": "12207", "P29_002": "A112310001755", "P29_003": "16011", "P29_004": "清風幼稚園", "P29_005": "千葉県松戸市馬橋2547", "P29_006": "4", "P29_007": "0", "P29_008": "00", "P29_009": null }, "geometry": { "type": "Point", "coordinates": [ 139.919753878646418, 35.812865765000439 ] } },
{ "type": "Feature", "properties": { "P29_001": "12207", "P29_002": "A112310001764", "P29_003": "16011", "P29_004": "矢切幼稚園", "P29_005": "千葉県松戸市下矢切140", "P29_006": "4", "P29_007": "0", "P29_008": "00", "P29_009": null }, "geometry": { "type": "Point", "coordinates": [ 139.898807292470565, 35.758342914877431 ] } },
{ "type": "Feature", "properties": { "P29_001": "12207", "P29_002": "A112310001773", "P29_003": "16011", "P29_004": "常盤平幼稚園", "P29_005": "千葉県松戸市常盤平2-21", "P29_006": "4", "P29_007": "0", "P29_008": "00", "P29_009": null }, "geometry": { "type": "Point", "coordinates": [ 139.948700203043529, 35.801692304368508 ] } },
{ "type": "Feature", "properties": { "P29_001": "12207", "P29_002": "A112310001782", "P29_003": "16011", "P29_004": "東漸寺幼稚園", "P29_005": "千葉県松戸市小金359", "P29_006": "4", "P29_007": "0", "P29_008": "00", "P29_009": null }, "geometry": { "type": "Point", "coordinates": [ 139.929766786086077, 35.8298790186575 ] } },
{ "type": "Feature", "properties": { "P29_001": "12207", "P29_002": "A112310001791", "P29_003": "16011", "P29_004": "ひので幼稚園", "P29_005": "千葉県松戸市常盤平7-18-2", "P29_006": "4", "P29_007": "0", "P29_008": "00", "P29_009": null }, "geometry": { "type": "Point", "coordinates": [ 139.950998246101591, 35.797233305873696 ] } },
{ "type": "Feature", "properties": { "P29_001": "12207", "P29_002": "A112310001826", "P29_003": "16011", "P29_004": "栴檀幼稚園", "P29_005": "千葉県松戸市常盤平2-31-2", "P29_006": "4", "P29_007": "0", "P29_008": "00", "P29_009": null }, "geometry": { "type": "Point", "coordinates": [ 139.94810152440985, 35.798521749040468 ] } },
{ "type": "Feature", "properties": { "P29_001": "12207", "P29_002": "A112310001835", "P29_003": "16011", "P29_004": "高木幼稚園", "P29_005": "千葉県松戸市五香8-1-9", "P29_006": "4", "P29_007": "0", "P29_008": "00", "P29_009": null }, "geometry": { "type": "Point", "coordinates": [ 139.976206139571701, 35.797016072090436 ] } },
{ "type": "Feature", "properties": { "P29_001": "12207", "P29_002": "A112310001844", "P29_003": "16011", "P29_004": "あさひ幼稚園", "P29_005": "千葉県松戸市五香西1-19-2", "P29_006": "4", "P29_007": "0", "P29_008": "00", "P29_009": null }, "geometry": { "type": "Point", "coordinates": [ 139.967233967354929, 35.7924209505356 ] } },
{ "type": "Feature", "properties": { "P29_001": "12207", "P29_002": "A112310001853", "P29_003": "16011", "P29_004": "北部幼稚園", "P29_005": "千葉県松戸市根本190", "P29_006": "4", "P29_007": "0", "P29_008": "00", "P29_009": null }, "geometry": { "type": "Point", "coordinates": [ 139.900484990250533, 35.791833977969596 ] } },
{ "type": "Feature", "properties": { "P29_001": "12207", "P29_002": "A112310001862", "P29_003": "16011", "P29_004": "高塚わかば幼稚園", "P29_005": "千葉県松戸市高塚新田144", "P29_006": "4", "P29_007": "0", "P29_008": "00", "P29_009": null }, "geometry": { "type": "Point", "coordinates": [ 139.942178380941044, 35.751921495306632 ] } },
{ "type": "Feature", "properties": { "P29_001": "12207", "P29_002": "A112310001880", "P29_003": "16011", "P29_004": "二三ヶ丘幼稚園", "P29_005": "千葉県松戸市二ツ木1692", "P29_006": "4", "P29_007": "0", "P29_008": "00", "P29_009": null }, "geometry": { "type": "Point", "coordinates": [ 139.924999244089861, 35.818518926942147 ] } },
{ "type": "Feature", "properties": { "P29_001": "12207", "P29_002": "A112310001899", "P29_003": "16011", "P29_004": "松戸みどり幼稚園", "P29_005": "千葉県松戸市仲井町1-32-1", "P29_006": "4", "P29_007": "0", "P29_008": "00", "P29_009": null }, "geometry": { "type": "Point", "coordinates": [ 139.919918850036765, 35.790763463245924 ] } },
{ "type": "Feature", "properties": { "P29_001": "12207", "P29_002": "A112310001906", "P29_003": "16011", "P29_004": "むつみ幼稚園", "P29_005": "千葉県松戸市六高台3-50", "P29_006": "4", "P29_007": "0", "P29_008": "00", "P29_009": null }, "geometry": { "type": "Point", "coordinates": [ 139.988317390006159, 35.796988367624834 ] } },
{ "type": "Feature", "properties": { "P29_001": "12207", "P29_002": "A112310001924", "P29_003": "16011", "P29_004": "大勝院幼稚園", "P29_005": "千葉県松戸市大谷口143", "P29_006": "4", "P29_007": "0", "P29_008": "00", "P29_009": null }, "geometry": { "type": "Point", "coordinates": [ 139.924485882212565, 35.835453526225685 ] } },
{ "type": "Feature", "properties": { "P29_001": "12207", "P29_002": "A112310001933", "P29_003": "16011", "P29_004": "いわさき幼稚園", "P29_005": "千葉県松戸市西馬橋2-6-23", "P29_006": "4", "P29_007": "0", "P29_008": "00", "P29_009": null }, "geometry": { "type": "Point", "coordinates": [ 139.911417947208463, 35.81829343178044 ] } },
{ "type": "Feature", "properties": { "P29_001": "12207", "P29_002": "A112310001942", "P29_003": "16011", "P29_004": "松戸いずみ幼稚園", "P29_005": "千葉県松戸市上本郷2794", "P29_006": "4", "P29_007": "0", "P29_008": "00", "P29_009": null }, "geometry": { "type": "Point", "coordinates": [ 139.914680206754014, 35.794251062673574 ] } },
{ "type": "Feature", "properties": { "P29_001": "12207", "P29_002": "A112310001951", "P29_003": "16011", "P29_004": "北松戸さつき幼稚園", "P29_005": "千葉県松戸市北松戸3-6", "P29_006": "4", "P29_007": "0", "P29_008": "00", "P29_009": null }, "geometry": { "type": "Point", "coordinates": [ 139.916727603893122, 35.801198655496528 ] } },
{ "type": "Feature", "properties": { "P29_001": "12207", "P29_002": "A112310001960", "P29_003": "16011", "P29_004": "八照幼稚園", "P29_005": "千葉県松戸市八ヶ崎向原1032-1", "P29_006": "4", "P29_007": "0", "P29_008": "00", "P29_009": null }, "geometry": { "type": "Point", "coordinates": [ 139.936976475438541, 35.818274823129407 ] } },
{ "type": "Feature", "properties": { "P29_001": "12207", "P29_002": "A112310001979", "P29_003": "16011", "P29_004": "千駄堀栴檀幼稚園", "P29_005": "千葉県松戸市千駄堀1865", "P29_006": "4", "P29_007": "0", "P29_008": "00", "P29_009": null }, "geometry": { "type": "Point", "coordinates": [ 139.931724916618435, 35.801059060424961 ] } },
{ "type": "Feature", "properties": { "P29_001": "12207", "P29_002": "A112310001988", "P29_003": "16011", "P29_004": "本源寺幼稚園", "P29_005": "千葉県松戸市大橋766", "P29_006": "4", "P29_007": "0", "P29_008": "00", "P29_009": null }, "geometry": { "type": "Point", "coordinates": [ 139.919129897978365, 35.766636510448159 ] } },
{ "type": "Feature", "properties": { "P29_001": "12207", "P29_002": "A112310001997", "P29_003": "16011", "P29_004": "みやおか幼稚園", "P29_005": "千葉県松戸市小金原3-11", "P29_006": "4", "P29_007": "0", "P29_008": "00", "P29_009": null }, "geometry": { "type": "Point", "coordinates": [ 139.946474423301851, 35.822384903834745 ] } },
{ "type": "Feature", "properties": { "P29_001": "12207", "P29_002": "A112310002004", "P29_003": "16011", "P29_004": "聖徳大学附属第二幼稚園", "P29_005": "千葉県松戸市小金原7-14", "P29_006": "4", "P29_007": "0", "P29_008": "00", "P29_009": null }, "geometry": { "type": "Point", "coordinates": [ 139.947524443625724, 35.8147388274893 ] } },
{ "type": "Feature", "properties": { "P29_001": "12207", "P29_002": "A112310002013", "P29_003": "16011", "P29_004": "さかえ幼稚園", "P29_005": "千葉県松戸市栄町4-252", "P29_006": "4", "P29_007": "0", "P29_008": "00", "P29_009": null }, "geometry": { "type": "Point", "coordinates": [ 139.904112452298733, 35.805283328370997 ] } },
{ "type": "Feature", "properties": { "P29_001": "12207", "P29_002": "A112310002022", "P29_003": "16011", "P29_004": "まるやま幼稚園", "P29_005": "千葉県松戸市大橋372", "P29_006": "4", "P29_007": "0", "P29_008": "00", "P29_009": null }, "geometry": { "type": "Point", "coordinates": [ 139.913551761722999, 35.765881097525202 ] } },
{ "type": "Feature", "properties": { "P29_001": "12207", "P29_002": "A112310002031", "P29_003": "16011", "P29_004": "明和幼稚園", "P29_005": "千葉県松戸市稔台2-35-10", "P29_006": "4", "P29_007": "0", "P29_008": "00", "P29_009": null }, "geometry": { "type": "Point", "coordinates": [ 139.933424940454472, 35.784774143664926 ] } },
{ "type": "Feature", "properties": { "P29_001": "12207", "P29_002": "A112310002040", "P29_003": "16011", "P29_004": "高塚幼稚園", "P29_005": "千葉県松戸市高塚新田295-3", "P29_006": "4", "P29_007": "0", "P29_008": "00", "P29_009": null }, "geometry": { "type": "Point", "coordinates": [ 139.938341746122177, 35.759000207651752 ] } },
{ "type": "Feature", "properties": { "P29_001": "12207", "P29_002": "A112310002059", "P29_003": "16011", "P29_004": "八柱幼稚園", "P29_005": "千葉県松戸市千駄堀1485-15", "P29_006": "4", "P29_007": "0", "P29_008": "00", "P29_009": null }, "geometry": { "type": "Point", "coordinates": [ 139.936061255374369, 35.794041133420599 ] } },
{ "type": "Feature", "properties": { "P29_001": "12207", "P29_002": "A112310002086", "P29_003": "16011", "P29_004": "かきのき幼稚園", "P29_005": "千葉県松戸市三矢小台5-13-4", "P29_006": "4", "P29_007": "0", "P29_008": "00", "P29_009": null }, "geometry": { "type": "Point", "coordinates": [ 139.903482367850899, 35.770878674683615 ] } },
{ "type": "Feature", "properties": { "P29_001": "12207", "P29_002": "A112310002095", "P29_003": "16011", "P29_004": "北丘幼稚園", "P29_005": "千葉県松戸市五香7-19-1", "P29_006": "4", "P29_007": "0", "P29_008": "00", "P29_009": null }, "geometry": { "type": "Point", "coordinates": [ 139.972546407806192, 35.798671387882301 ] } },
{ "type": "Feature", "properties": { "P29_001": "12207", "P29_002": "A112310002102", "P29_003": "16011", "P29_004": "新松戸幼稚園", "P29_005": "千葉県松戸市新松戸3-256", "P29_006": "4", "P29_007": "0", "P29_008": "00", "P29_009": null }, "geometry": { "type": "Point", "coordinates": [ 139.916425734425985, 35.822716260413195 ] } },
{ "type": "Feature", "properties": { "P29_001": "12207", "P29_002": "A112310002111", "P29_003": "16011", "P29_004": "第二かきのき幼稚園", "P29_005": "千葉県松戸市新松戸5-191", "P29_006": "4", "P29_007": "0", "P29_008": "00", "P29_009": null }, "geometry": { "type": "Point", "coordinates": [ 139.908721171434337, 35.828490341727907 ] } },
{ "type": "Feature", "properties": { "P29_001": "12207", "P29_002": "A112310002120", "P29_003": "16011", "P29_004": "専修大学松戸幼稚園", "P29_005": "千葉県松戸市上本郷2-3621", "P29_006": "4", "P29_007": "0", "P29_008": "00", "P29_009": null }, "geometry": { "type": "Point", "coordinates": [ 139.919391688928414, 35.799617229738075 ] } },
{ "type": "Feature", "properties": { "P29_001": "12207", "P29_002": "A112310002139", "P29_003": "16011", "P29_004": "いわさき第二幼稚園", "P29_005": "千葉県松戸市旭町2-300", "P29_006": "4", "P29_007": "0", "P29_008": "00", "P29_009": null }, "geometry": { "type": "Point", "coordinates": [ 139.90155159101306, 35.818941878661271 ] } },
{ "type": "Feature", "properties": { "P29_001": "12208", "P29_002": "A112310002148", "P29_003": "16011", "P29_004": "月影幼稚園", "P29_005": "千葉県野田市中里492-1", "P29_006": "4", "P29_007": "0", "P29_008": "00", "P29_009": null }, "geometry": { "type": "Point", "coordinates": [ 139.844470546087138, 35.992221866031414 ] } },
{ "type": "Feature", "properties": { "P29_001": "12208", "P29_002": "A112310002157", "P29_003": "16011", "P29_004": "第二野田中央幼稚園", "P29_005": "千葉県野田市山崎2553", "P29_006": "4", "P29_007": "0", "P29_008": "00", "P29_009": null }, "geometry": { "type": "Point", "coordinates": [ 139.898648394711358, 35.918410060179475 ] } },
{ "type": "Feature", "properties": { "P29_001": "12208", "P29_002": "A112310002166", "P29_003": "16011", "P29_004": "野田中央幼稚園", "P29_005": "千葉県野田市花井248", "P29_006": "4", "P29_007": "0", "P29_008": "00", "P29_009": null }, "geometry": { "type": "Point", "coordinates": [ 139.880087558027498, 35.941746349383422 ] } },
{ "type": "Feature", "properties": { "P29_001": "12208", "P29_002": "A112310002175", "P29_003": "16011", "P29_004": "野田北部幼稚園", "P29_005": "千葉県野田市蕃昌新田字宮前336-7", "P29_006": "4", "P29_007": "0", "P29_008": "00", "P29_009": null }, "geometry": { "type": "Point", "coordinates": [ 139.855666677303219, 35.980187901385783 ] } },
{ "type": "Feature", "properties": { "P29_001": "12217", "P29_002": "A112310002512", "P29_003": "16011", "P29_004": "柏幼稚園", "P29_005": "千葉県柏市中央1-7-7", "P29_006": "4", "P29_007": "0", "P29_008": "00", "P29_009": null }, "geometry": { "type": "Point", "coordinates": [ 139.971641072798491, 35.857399011582842 ] } },
{ "type": "Feature", "properties": { "P29_001": "12217", "P29_002": "A112310002521", "P29_003": "16011", "P29_004": "すみれ幼稚園", "P29_005": "千葉県柏市みどり台1-11-1", "P29_006": "4", "P29_007": "0", "P29_008": "00", "P29_009": null }, "geometry": { "type": "Point", "coordinates": [ 139.919762368127209, 35.902325572287964 ] } },
{ "type": "Feature", "properties": { "P29_001": "12217", "P29_002": "A112310002530", "P29_003": "16011", "P29_004": "ますお幼稚園", "P29_005": "千葉県柏市増尾1-10-7", "P29_006": "4", "P29_007": "0", "P29_008": "00", "P29_009": null }, "geometry": { "type": "Point", "coordinates": [ 139.976053457726238, 35.831287038144545 ] } },
{ "type": "Feature", "properties": { "P29_001": "12217", "P29_002": "A112310002549", "P29_003": "16011", "P29_004": "豊四季幼稚園", "P29_005": "千葉県柏市旭町7-4-58", "P29_006": "4", "P29_007": "0", "P29_008": "00", "P29_009": null }, "geometry": { "type": "Point", "coordinates": [ 139.955777518390676, 35.858814679055207 ] } },
{ "type": "Feature", "properties": { "P29_001": "12217", "P29_002": "A112310002558", "P29_003": "16011", "P29_004": "柏陽幼稚園", "P29_005": "千葉県柏市新富町2-1-11", "P29_006": "4", "P29_007": "0", "P29_008": "00", "P29_009": null }, "geometry": { "type": "Point", "coordinates": [ 139.953486630893536, 35.853126485625381 ] } },
{ "type": "Feature", "properties": { "P29_001": "12217", "P29_002": "A112310002576", "P29_003": "16011", "P29_004": "吉田幼稚園", "P29_005": "千葉県柏市弥生町4-6", "P29_006": "4", "P29_007": "0", "P29_008": "00", "P29_009": null }, "geometry": { "type": "Point", "coordinates": [ 139.984463512967153, 35.855020652433602 ] } },
{ "type": "Feature", "properties": { "P29_001": "12217", "P29_002": "A112310002585", "P29_003": "16011", "P29_004": "百合園幼稚園", "P29_005": "千葉県柏市南増尾2-15-2", "P29_006": "4", "P29_007": "0", "P29_008": "00", "P29_009": null }, "geometry": { "type": "Point", "coordinates": [ 139.966971171203454, 35.816163154633692 ] } },
{ "type": "Feature", "properties": { "P29_001": "12217", "P29_002": "A112310002601", "P29_003": "16011", "P29_004": "柏みどりこども園", "P29_005": "千葉県柏市東中新宿3-23-10", "P29_006": "4", "P29_007": "0", "P29_008": "00", "P29_009": null }, "geometry": { "type": "Point", "coordinates": [ 139.96473906999671, 35.832039721983243 ] } },
{ "type": "Feature", "properties": { "P29_001": "12217", "P29_002": "A112310002629", "P29_003": "16011", "P29_004": "にしはら幼稚園", "P29_005": "千葉県柏市西原2-9-1", "P29_006": "4", "P29_007": "0", "P29_008": "00", "P29_009": null }, "geometry": { "type": "Point", "coordinates": [ 139.9204707888114, 35.897291334995863 ] } },
{ "type": "Feature", "properties": { "P29_001": "12217", "P29_002": "A112310002638", "P29_003": "16011", "P29_004": "さかいね幼稚園", "P29_005": "千葉県柏市酒井根11-4", "P29_006": "4", "P29_007": "0", "P29_008": "00", "P29_009": null }, "geometry": { "type": "Point", "coordinates": [ 139.961217542188933, 35.818750765347325 ] } },
{ "type": "Feature", "properties": { "P29_001": "12217", "P29_002": "A112310002647", "P29_003": "16011", "P29_004": "幼稚園型認定こども園柏ひがし幼稚園", "P29_005": "千葉県柏市布施新町1-5-10", "P29_006": "4", "P29_007": "0", "P29_008": "00", "P29_009": null }, "geometry": { "type": "Point", "coordinates": [ 140.00005089958367, 35.890938400859277 ] } },
{ "type": "Feature", "properties": { "P29_001": "12217", "P29_002": "A112310002656", "P29_003": "16011", "P29_004": "加賀幼稚園", "P29_005": "千葉県柏市加賀2-13-1", "P29_006": "4", "P29_007": "0", "P29_008": "00", "P29_009": null }, "geometry": { "type": "Point", "coordinates": [ 139.969435032183526, 35.829342504729404 ] } },
{ "type": "Feature", "properties": { "P29_001": "12217", "P29_002": "A112310002674", "P29_003": "16011", "P29_004": "松葉幼稚園", "P29_005": "千葉県柏市松葉町5-8", "P29_006": "4", "P29_007": "0", "P29_008": "00", "P29_009": null }, "geometry": { "type": "Point", "coordinates": [ 139.965935860107663, 35.889646263661042 ] } },
{ "type": "Feature", "properties": { "P29_001": "12220", "P29_002": "A112310002914", "P29_003": "16011", "P29_004": "このはな幼稚園", "P29_005": "千葉県流山市流山2-105-2", "P29_006": "4", "P29_007": "0", "P29_008": "00", "P29_009": null }, "geometry": { "type": "Point", "coordinates": [ 139.89899611724897, 35.855534086447264 ] } },
{ "type": "Feature", "properties": { "P29_001": "12220", "P29_002": "A112310002932", "P29_003": "16011", "P29_004": "神愛幼稚園", "P29_005": "千葉県流山市おおたかの森2-58-22", "P29_006": "4", "P29_007": "0", "P29_008": "00", "P29_009": null }, "geometry": { "type": "Point", "coordinates": [ 139.924477698911232, 35.879008668837194 ] } },
{ "type": "Feature", "properties": { "P29_001": "12220", "P29_002": "A112310002941", "P29_003": "16011", "P29_004": "一の台幼稚園", "P29_005": "千葉県流山市東深井498-4", "P29_006": "4", "P29_007": "0", "P29_008": "00", "P29_009": null }, "geometry": { "type": "Point", "coordinates": [ 139.913413565238159, 35.913259791030818 ] } },
{ "type": "Feature", "properties": { "P29_001": "12220", "P29_002": "A112310002950", "P29_003": "16011", "P29_004": "平和台幼稚園", "P29_005": "千葉県流山市平和台4-62-27", "P29_006": "4", "P29_007": "0", "P29_008": "00", "P29_009": null }, "geometry": { "type": "Point", "coordinates": [ 139.905831656350927, 35.852819371428872 ] } },
{ "type": "Feature", "properties": { "P29_001": "12220", "P29_002": "A112310002969", "P29_003": "16011", "P29_004": "八木幼稚園", "P29_005": "千葉県流山市長崎2-629", "P29_006": "4", "P29_007": "0", "P29_008": "00", "P29_009": null }, "geometry": { "type": "Point", "coordinates": [ 139.932149466613026, 35.860281712119381 ] } },
{ "type": "Feature", "properties": { "P29_001": "12220", "P29_002": "A112310002978", "P29_003": "16011", "P29_004": "黒川幼稚園", "P29_005": "千葉県流山市前ヶ崎字上175", "P29_006": "4", "P29_007": "0", "P29_008": "00", "P29_009": null }, "geometry": { "type": "Point", "coordinates": [ 139.932242195047024, 35.845414176628495 ] } },
{ "type": "Feature", "properties": { "P29_001": "12220", "P29_002": "A112310002987", "P29_003": "16011", "P29_004": "南流山幼稚園", "P29_005": "千葉県流山市流山2526", "P29_006": "4", "P29_007": "0", "P29_008": "00", "P29_009": null }, "geometry": { "type": "Point", "coordinates": [ 139.902564293527632, 35.834181465816563 ] } },
{ "type": "Feature", "properties": { "P29_001": "12220", "P29_002": "A112310002996", "P29_003": "16011", "P29_004": "暁星国際流山幼稚園", "P29_005": "千葉県流山市前平井177-1", "P29_006": "4", "P29_007": "0", "P29_008": "00", "P29_009": null }, "geometry": { "type": "Point", "coordinates": [ 139.915465808505218, 35.854399537763669 ] } },
{ "type": "Feature", "properties": { "P29_001": "12222", "P29_002": "A112310003165", "P29_003": "16011", "P29_004": "めばえ幼稚園", "P29_005": "千葉県我孫子市白山2-7-5", "P29_006": "4", "P29_007": "0", "P29_008": "00", "P29_009": null }, "geometry": { "type": "Point", "coordinates": [ 140.006293720927886, 35.869554722232408 ] } },
{ "type": "Feature", "properties": { "P29_001": "12222", "P29_002": "A112310003174", "P29_003": "16011", "P29_004": "ひかり幼稚園", "P29_005": "千葉県我孫子市緑2-3-1", "P29_006": "4", "P29_007": "0", "P29_008": "00", "P29_009": null }, "geometry": { "type": "Point", "coordinates": [ 140.014655250447362, 35.869627528657091 ] } },
{ "type": "Feature", "properties": { "P29_001": "12222", "P29_002": "A112310003192", "P29_003": "16011", "P29_004": "湖北台幼稚園", "P29_005": "千葉県我孫子市湖北台8-10-2", "P29_006": "4", "P29_007": "0", "P29_008": "00", "P29_009": null }, "geometry": { "type": "Point", "coordinates": [ 140.070824335241014, 35.866425778038689 ] } },
{ "type": "Feature", "properties": { "P29_001": "12222", "P29_002": "A112310003209", "P29_003": "16011", "P29_004": "湖北白ばら幼稚園", "P29_005": "千葉県我孫子市中峠村下1-2", "P29_006": "4", "P29_007": "0", "P29_008": "00", "P29_009": null }, "geometry": { "type": "Point", "coordinates": [ 140.073058955855032, 35.857566018543153 ] } },
{ "type": "Feature", "properties": { "P29_001": "12222", "P29_002": "A112310003236", "P29_003": "16011", "P29_004": "エーデル幼稚園", "P29_005": "千葉県我孫子市泉24-32", "P29_006": "4", "P29_007": "0", "P29_008": "00", "P29_009": null }, "geometry": { "type": "Point", "coordinates": [ 140.032929934900579, 35.870820297051523 ] } },
{ "type": "Feature", "properties": { "P29_001": "12222", "P29_002": "A112310003245", "P29_003": "16011", "P29_004": "つくしの幼稚園", "P29_005": "千葉県我孫子市つくし野6-23-10", "P29_006": "4", "P29_007": "0", "P29_008": "00", "P29_009": null }, "geometry": { "type": "Point", "coordinates": [ 140.010655842709639, 35.881807381470054 ] } },
{ "type": "Feature", "properties": { "P29_001": "12222", "P29_002": "A112310003254", "P29_003": "16011", "P29_004": "布佐台幼稚園", "P29_005": "千葉県我孫子市布佐1849", "P29_006": "4", "P29_007": "0", "P29_008": "00", "P29_009": null }, "geometry": { "type": "Point", "coordinates": [ 140.11352149666385, 35.85845182863369 ] } },
{ "type": "Feature", "properties": { "P29_001": "12224", "P29_002": "A112310003263", "P29_003": "16011", "P29_004": "鎌ヶ谷ふじ幼稚園", "P29_005": "千葉県鎌ケ谷市東道野辺5-1-57", "P29_006": "4", "P29_007": "0", "P29_008": "00", "P29_009": null }, "geometry": { "type": "Point", "coordinates": [ 139.999319686812981, 35.755287742624446 ] } },
{ "type": "Feature", "properties": { "P29_001": "12224", "P29_002": "A112310003272", "P29_003": "16011", "P29_004": "かまがや幼稚園", "P29_005": "千葉県鎌ケ谷市中央1-16-3", "P29_006": "4", "P29_007": "0", "P29_008": "00", "P29_009": null }, "geometry": { "type": "Point", "coordinates": [ 140.002894706122333, 35.77635778653908 ] } },
{ "type": "Feature", "properties": { "P29_001": "12224", "P29_002": "A112310003281", "P29_003": "16011", "P29_004": "鎌ヶ谷みどり幼稚園", "P29_005": "千葉県鎌ケ谷市粟野210", "P29_006": "4", "P29_007": "0", "P29_008": "00", "P29_009": null }, "geometry": { "type": "Point", "coordinates": [ 139.99866570592161, 35.784159071472558 ] } },
{ "type": "Feature", "properties": { "P29_001": "12224", "P29_002": "A112310003290", "P29_003": "16011", "P29_004": "みちる幼稚園", "P29_005": "千葉県鎌ケ谷市東中沢3-5-1", "P29_006": "4", "P29_007": "0", "P29_008": "00", "P29_009": null }, "geometry": { "type": "Point", "coordinates": [ 139.99140890320777, 35.767876014725815 ] } },
{ "type": "Feature", "properties": { "P29_001": "12224", "P29_002": "A112310003307", "P29_003": "16011", "P29_004": "鎌ヶ谷ひかり幼稚園", "P29_005": "千葉県鎌ケ谷市鎌ヶ谷6-7-38", "P29_006": "4", "P29_007": "0", "P29_008": "00", "P29_009": null }, "geometry": { "type": "Point", "coordinates": [ 140.011212193728284, 35.750586501050329 ] } },
{ "type": "Feature", "properties": { "P29_001": "12224", "P29_002": "A112310003316", "P29_003": "16011", "P29_004": "鎌ヶ谷ふじ第二幼稚園", "P29_005": "千葉県鎌ケ谷市西道野辺12-25", "P29_006": "4", "P29_007": "0", "P29_008": "00", "P29_009": null }, "geometry": { "type": "Point", "coordinates": [ 139.984169281591107, 35.749864075226434 ] } },
{ "type": "Feature", "properties": { "P29_001": "12224", "P29_002": "A112310003325", "P29_003": "16011", "P29_004": "東京聖栄大学附属わたなべ幼稚園", "P29_005": "千葉県鎌ケ谷市東初富5-25-16", "P29_006": "4", "P29_007": "0", "P29_008": "00", "P29_009": null }, "geometry": { "type": "Point", "coordinates": [ 140.012313857981638, 35.765052952013804 ] } },
{ "type": "Feature", "properties": { "P29_001": "12224", "P29_002": "A112310003343", "P29_003": "16011", "P29_004": "鎌ヶ谷さくら幼稚園", "P29_005": "千葉県鎌ケ谷市丸山2-11-1", "P29_006": "4", "P29_007": "0", "P29_008": "00", "P29_009": null }, "geometry": { "type": "Point", "coordinates": [ 140.00539948982086, 35.760293540724817 ] } },
{ "type": "Feature", "properties": { "P29_001": "12227", "P29_002": "A112310003423", "P29_003": "16011", "P29_004": "学校法人川見学園吹上幼稚園", "P29_005": "千葉県浦安市富士見5-10-1", "P29_006": "4", "P29_007": "0", "P29_008": "00", "P29_009": null }, "geometry": { "type": "Point", "coordinates": [ 139.889994558654536, 35.643066801166938 ] } },
{ "type": "Feature", "properties": { "P29_001": "12227", "P29_002": "A112310003441", "P29_003": "16011", "P29_004": "聖徳大学附属浦安幼稚園", "P29_005": "千葉県浦安市日の出5-4-2", "P29_006": "4", "P29_007": "0", "P29_008": "00", "P29_009": null }, "geometry": { "type": "Point", "coordinates": [ 139.929195080488483, 35.641938048189473 ] } },
{ "type": "Feature", "properties": { "P29_001": "12227", "P29_002": "A112310003450", "P29_003": "16011", "P29_004": "暁星国際学園新浦安幼稚園", "P29_005": "千葉県浦安市高洲4-2-20", "P29_006": "4", "P29_007": "0", "P29_008": "00", "P29_009": null }, "geometry": { "type": "Point", "coordinates": [ 139.916843186994129, 35.634827234950343 ] } },
{ "type": "Feature", "properties": { "P29_001": "12227", "P29_002": "A112310003469", "P29_003": "16011", "P29_004": "渋谷教育学園浦安幼稚園", "P29_005": "千葉県浦安市高洲2-3-1", "P29_006": "4", "P29_007": "0", "P29_008": "00", "P29_009": null }, "geometry": { "type": "Point", "coordinates": [ 139.910051950513349, 35.63857012834417 ] } },
{ "type": "Feature", "properties": { "P29_001": "12208", "P29_002": "A112310003557", "P29_003": "16011", "P29_004": "関宿幼稚園", "P29_005": "千葉県野田市新田戸522", "P29_006": "4", "P29_007": "0", "P29_008": "00", "P29_009": null }, "geometry": { "type": "Point", "coordinates": [ 139.801317185182256, 36.058355207969981 ] } },
{ "type": "Feature", "properties": { "P29_001": "12217", "P29_002": "A112310003566", "P29_003": "16011", "P29_004": "沼南幼稚園", "P29_005": "千葉県柏市高柳1364", "P29_006": "4", "P29_007": "0", "P29_008": "00", "P29_009": null }, "geometry": { "type": "Point", "coordinates": [ 139.999010760234569, 35.817925652039648 ] } },
{ "type": "Feature", "properties": { "P29_001": "12217", "P29_002": "A112310003575", "P29_003": "16011", "P29_004": "高柳台幼稚園", "P29_005": "千葉県柏市高柳623-4", "P29_006": "4", "P29_007": "0", "P29_008": "00", "P29_009": null }, "geometry": { "type": "Point", "coordinates": [ 140.003113310805105, 35.818825361500977 ] } },
{ "type": "Feature", "properties": { "P29_001": "12217", "P29_002": "A112310003584", "P29_003": "16011", "P29_004": "大津ヶ丘幼稚園", "P29_005": "千葉県柏市大津ヶ丘1-44", "P29_006": "4", "P29_007": "0", "P29_008": "00", "P29_009": null }, "geometry": { "type": "Point", "coordinates": [ 140.00343175396435, 35.843297180398864 ] } },
{ "type": "Feature", "properties": { "P29_001": "12217", "P29_002": "A112310003593", "P29_003": "16011", "P29_004": "晴山幼稚園", "P29_005": "千葉県柏市しいの木台4-1-2", "P29_006": "4", "P29_007": "0", "P29_008": "00", "P29_009": null }, "geometry": { "type": "Point", "coordinates": [ 139.980986613331766, 35.80374815141662 ] } },
{ "type": "Feature", "properties": { "P29_001": "12217", "P29_002": "A112310003600", "P29_003": "16011", "P29_004": "風早幼稚園", "P29_005": "千葉県柏市大津ヶ丘4-7", "P29_006": "4", "P29_007": "0", "P29_008": "00", "P29_009": null }, "geometry": { "type": "Point", "coordinates": [ 140.002131455309552, 35.836585979709263 ] } },
{ "type": "Feature", "properties": { "P29_001": "12232", "P29_002": "A112310003682", "P29_003": "16011", "P29_004": "白井幼稚園", "P29_005": "千葉県白井市根1827-27", "P29_006": "4", "P29_007": "0", "P29_008": "00", "P29_009": null }, "geometry": { "type": "Point", "coordinates": [ 140.035824486065025, 35.799453321295985 ] } },
{ "type": "Feature", "properties": { "P29_001": "12232", "P29_002": "A112310003691", "P29_003": "16011", "P29_004": "宝幼稚園", "P29_005": "千葉県白井市根1363-2", "P29_006": "4", "P29_007": "0", "P29_008": "00", "P29_009": null }, "geometry": { "type": "Point", "coordinates": [ 140.042245826318805, 35.790300993909035 ] } },
{ "type": "Feature", "properties": { "P29_001": "12232", "P29_002": "A112310003708", "P29_003": "16011", "P29_004": "まどか幼稚園", "P29_005": "千葉県白井市清水口3-22-1", "P29_006": "4", "P29_007": "0", "P29_008": "00", "P29_009": null }, "geometry": { "type": "Point", "coordinates": [ 140.035750736196263, 35.788930669419649 ] } },
{ "type": "Feature", "properties": { "P29_001": "12232", "P29_002": "A112310003717", "P29_003": "16011", "P29_004": "まこと南山幼稚園", "P29_005": "千葉県白井市南山1-7-2", "P29_006": "4", "P29_007": "0", "P29_008": "00", "P29_009": null }, "geometry": { "type": "Point", "coordinates": [ 140.060903499247047, 35.782024806939326 ] } },
{ "type": "Feature", "properties": { "P29_001": "12232", "P29_002": "A112310003735", "P29_003": "16011", "P29_004": "白井若葉幼稚園", "P29_005": "千葉県白井市堀込1-8", "P29_006": "4", "P29_007": "0", "P29_008": "00", "P29_009": null }, "geometry": { "type": "Point", "coordinates": [ 140.052971347327343, 35.781252241360235 ] } },
{ "type": "Feature", "properties": { "P29_001": "12216", "P29_002": "A112210000366", "P29_003": "16011", "P29_004": "習志野市立谷津幼稚園", "P29_005": "千葉県習志野市谷津5-1-17", "P29_006": "3", "P29_007": "0", "P29_008": "00", "P29_009": null }, "geometry": { "type": "Point", "coordinates": [ 140.011310810443746, 35.686469561486142 ] } },
{ "type": "Feature", "properties": { "P29_001": "12216", "P29_002": "A112210000375", "P29_003": "16011", "P29_004": "習志野市立津田沼幼稚園", "P29_005": "千葉県習志野市津田沼4-5-1", "P29_006": "3", "P29_007": "0", "P29_008": "00", "P29_009": null }, "geometry": { "type": "Point", "coordinates": [ 140.019051294346468, 35.682693531245647 ] } },
{ "type": "Feature", "properties": { "P29_001": "12216", "P29_002": "A112210000393", "P29_003": "16011", "P29_004": "習志野市立藤崎幼稚園", "P29_005": "千葉県習志野市藤崎4-12-1", "P29_006": "3", "P29_007": "0", "P29_008": "00", "P29_009": null }, "geometry": { "type": "Point", "coordinates": [ 140.038306643581109, 35.693505656668428 ] } },
{ "type": "Feature", "properties": { "P29_001": "12204", "P29_002": "A112310001201", "P29_003": "16011", "P29_004": "船橋幼稚園", "P29_005": "千葉県船橋市本町3-36-32", "P29_006": "4", "P29_007": "0", "P29_008": "00", "P29_009": null }, "geometry": { "type": "Point", "coordinates": [ 139.986507416683907, 35.697056068422285 ] } },
{ "type": "Feature", "properties": { "P29_001": "12204", "P29_002": "A112310001210", "P29_003": "16011", "P29_004": "恵楓幼稚園", "P29_005": "千葉県船橋市宮本8-35-12", "P29_006": "4", "P29_007": "0", "P29_008": "00", "P29_009": null }, "geometry": { "type": "Point", "coordinates": [ 139.998698177335854, 35.690911914029925 ] } },
{ "type": "Feature", "properties": { "P29_001": "12204", "P29_002": "A112310001292", "P29_003": "16011", "P29_004": "習志野台幼稚園", "P29_005": "千葉県船橋市習志野台2-59-22", "P29_006": "4", "P29_007": "0", "P29_008": "00", "P29_009": null }, "geometry": { "type": "Point", "coordinates": [ 140.047008867282159, 35.72769518418918 ] } },
{ "type": "Feature", "properties": { "P29_001": "12204", "P29_002": "A112310001309", "P29_003": "16011", "P29_004": "船橋いづみ幼稚園", "P29_005": "千葉県船橋市習志野台6-11-22", "P29_006": "4", "P29_007": "0", "P29_008": "00", "P29_009": null }, "geometry": { "type": "Point", "coordinates": [ 140.052563826795961, 35.724248082284213 ] } },
{ "type": "Feature", "properties": { "P29_001": "12204", "P29_002": "A112310001363", "P29_003": "16011", "P29_004": "中台幼稚園", "P29_005": "千葉県船橋市前原東4-16-11", "P29_006": "4", "P29_007": "0", "P29_008": "00", "P29_009": null }, "geometry": { "type": "Point", "coordinates": [ 140.029772578333024, 35.700594326353603 ] } },
{ "type": "Feature", "properties": { "P29_001": "12204", "P29_002": "A112310001372", "P29_003": "16011", "P29_004": "古和釜幼稚園", "P29_005": "千葉県船橋市松が丘4-32-1", "P29_006": "4", "P29_007": "0", "P29_008": "00", "P29_009": null }, "geometry": { "type": "Point", "coordinates": [ 140.049178550293988, 35.732880340591755 ] } },
{ "type": "Feature", "properties": { "P29_001": "12204", "P29_002": "A112310001381", "P29_003": "16011", "P29_004": "神明幼稚園", "P29_005": "千葉県船橋市飯山満町1-640", "P29_006": "4", "P29_007": "0", "P29_008": "00", "P29_009": null }, "geometry": { "type": "Point", "coordinates": [ 140.01000323287181, 35.709695400698493 ] } },
{ "type": "Feature", "properties": { "P29_001": "12204", "P29_002": "A112310001407", "P29_003": "16011", "P29_004": "船橋小鳩幼稚園", "P29_005": "千葉県船橋市三山5-34-3", "P29_006": "4", "P29_007": "0", "P29_008": "00", "P29_009": null }, "geometry": { "type": "Point", "coordinates": [ 140.054644736794472, 35.70351072603119 ] } },
{ "type": "Feature", "properties": { "P29_001": "12204", "P29_002": "A112310001443", "P29_003": "16011", "P29_004": "みどり台幼稚園", "P29_005": "千葉県船橋市緑台2-6", "P29_006": "4", "P29_007": "0", "P29_008": "00", "P29_009": null }, "geometry": { "type": "Point", "coordinates": [ 140.016938151053438, 35.728851943310907 ] } },
{ "type": "Feature", "properties": { "P29_001": "12204", "P29_002": "A112310001452", "P29_003": "16011", "P29_004": "木戸脇幼稚園", "P29_005": "千葉県船橋市高根台7-17-3", "P29_006": "4", "P29_007": "0", "P29_008": "00", "P29_009": null }, "geometry": { "type": "Point", "coordinates": [ 140.031181679418125, 35.728339251151084 ] } },
{ "type": "Feature", "properties": { "P29_001": "12204", "P29_002": "A112310001470", "P29_003": "16011", "P29_004": "たきのい幼稚園", "P29_005": "千葉県船橋市田喜野井6-20-3", "P29_006": "4", "P29_007": "0", "P29_008": "00", "P29_009": null }, "geometry": { "type": "Point", "coordinates": [ 140.046623391484701, 35.70569277619326 ] } },
{ "type": "Feature", "properties": { "P29_001": "12204", "P29_002": "A112310001489", "P29_003": "16011", "P29_004": "すずみ幼稚園", "P29_005": "千葉県船橋市大穴南3-8-12", "P29_006": "4", "P29_007": "0", "P29_008": "00", "P29_009": null }, "geometry": { "type": "Point", "coordinates": [ 140.039842217730438, 35.741776552312778 ] } },
{ "type": "Feature", "properties": { "P29_001": "12204", "P29_002": "A112310001522", "P29_003": "16011", "P29_004": "飯山満幼稚園", "P29_005": "千葉県船橋市飯山満町3-1716-2", "P29_006": "4", "P29_007": "0", "P29_008": "00", "P29_009": null }, "geometry": { "type": "Point", "coordinates": [ 140.032323379079685, 35.71630833054008 ] } },
{ "type": "Feature", "properties": { "P29_001": "12204", "P29_002": "A112310001531", "P29_003": "16011", "P29_004": "みのり第二幼稚園", "P29_005": "千葉県船橋市芝山2-5-17", "P29_006": "4", "P29_007": "0", "P29_008": "00", "P29_009": null }, "geometry": { "type": "Point", "coordinates": [ 140.017977914526966, 35.720073612067296 ] } },
{ "type": "Feature", "properties": { "P29_001": "12204", "P29_002": "A112310001577", "P29_003": "16011", "P29_004": "瑞穂幼稚園", "P29_005": "千葉県船橋市習志野台4-42-20", "P29_006": "4", "P29_007": "0", "P29_008": "00", "P29_009": null }, "geometry": { "type": "Point", "coordinates": [ 140.046863928518832, 35.71684698686385 ] } },
{ "type": "Feature", "properties": { "P29_001": "12204", "P29_002": "A112310001602", "P29_003": "16011", "P29_004": "日本国際学園大学坪井幼稚園", "P29_005": "千葉県船橋市坪井町133-1", "P29_006": "4", "P29_007": "0", "P29_008": "00", "P29_009": null }, "geometry": { "type": "Point", "coordinates": [ 140.065882914368672, 35.735096319144539 ] } },
{ "type": "Feature", "properties": { "P29_001": "12216", "P29_002": "A112310002460", "P29_003": "16011", "P29_004": "幼稚園型認定こども園第一くるみ幼稚園", "P29_005": "千葉県習志野市谷津5-20-5", "P29_006": "4", "P29_007": "0", "P29_008": "00", "P29_009": null }, "geometry": { "type": "Point", "coordinates": [ 140.009433022341597, 35.689847651516516 ] } },
{ "type": "Feature", "properties": { "P29_001": "12221", "P29_002": "A112310003076", "P29_003": "16011", "P29_004": "第二八千代幼稚園", "P29_005": "千葉県八千代市米本2205", "P29_006": "4", "P29_007": "0", "P29_008": "00", "P29_009": null }, "geometry": { "type": "Point", "coordinates": [ 140.114180845471481, 35.756334705445191 ] } },
{ "type": "Feature", "properties": { "P29_001": "12221", "P29_002": "A112310003085", "P29_003": "16011", "P29_004": "米本幼稚園", "P29_005": "千葉県八千代市米本1394-1", "P29_006": "4", "P29_007": "0", "P29_008": "00", "P29_009": null }, "geometry": { "type": "Point", "coordinates": [ 140.112323822715382, 35.758192769178088 ] } },
{ "type": "Feature", "properties": { "P29_001": "12221", "P29_002": "A112310003156", "P29_003": "16011", "P29_004": "認定こども園若葉ナースリ・スクール", "P29_005": "千葉県八千代市大和田新田76-38", "P29_006": "4", "P29_007": "0", "P29_008": "00", "P29_009": null }, "geometry": { "type": "Point", "coordinates": [ 140.076570122398351, 35.722368963976223 ] } },
{ "type": "Feature", "properties": { "P29_001": "12231", "P29_002": "A112310003744", "P29_003": "16011", "P29_004": "印西しおん幼稚園", "P29_005": "千葉県印西市松崎517", "P29_006": "4", "P29_007": "0", "P29_008": "00", "P29_009": null }, "geometry": { "type": "Point", "coordinates": [ 140.135432914078024, 35.776599957268843 ] } },
{ "type": "Feature", "properties": { "P29_001": "12231", "P29_002": "A112310003753", "P29_003": "16011", "P29_004": "天神幼稚園", "P29_005": "千葉県印西市大森2428-13", "P29_006": "4", "P29_007": "0", "P29_008": "00", "P29_009": null }, "geometry": { "type": "Point", "coordinates": [ 140.149882346658302, 35.830809929087941 ] } },
{ "type": "Feature", "properties": { "P29_001": "12231", "P29_002": "A112310003762", "P29_003": "16011", "P29_004": "小林天神幼雅園", "P29_005": "千葉県印西市小林北3-3-13", "P29_006": "4", "P29_007": "0", "P29_008": "00", "P29_009": null }, "geometry": { "type": "Point", "coordinates": [ 140.197249767440184, 35.832160964374836 ] } },
{ "type": "Feature", "properties": { "P29_001": "12231", "P29_002": "A112310003771", "P29_003": "16011", "P29_004": "きかり幼稚園", "P29_005": "千葉県印西市木刈2-5", "P29_006": "4", "P29_007": "0", "P29_008": "00", "P29_009": null }, "geometry": { "type": "Point", "coordinates": [ 140.106055961281612, 35.809325811802772 ] } },
{ "type": "Feature", "properties": { "P29_001": "12231", "P29_002": "A112310003780", "P29_003": "16011", "P29_004": "原山幼稚園", "P29_005": "千葉県印西市原山2-1461", "P29_006": "4", "P29_007": "0", "P29_008": "00", "P29_009": null }, "geometry": { "type": "Point", "coordinates": [ 140.130972990584098, 35.800606133860683 ] } },
{ "type": "Feature", "properties": { "P29_001": "12231", "P29_002": "A112310003799", "P29_003": "16011", "P29_004": "市川学園西の原幼稚園", "P29_005": "千葉県印西市西の原3-15", "P29_006": "4", "P29_007": "0", "P29_008": "00", "P29_009": null }, "geometry": { "type": "Point", "coordinates": [ 140.153488779421934, 35.801934637919025 ] } },
{ "type": "Feature", "properties": { "P29_001": "12212", "P29_002": "A112210000240", "P29_003": "16011", "P29_004": "佐倉市立佐倉幼稚園", "P29_005": "千葉県佐倉市鏑木町934", "P29_006": "3", "P29_007": "0", "P29_008": "00", "P29_009": null }, "geometry": { "type": "Point", "coordinates": [ 140.226043755672976, 35.72002617375901 ] } },
{ "type": "Feature", "properties": { "P29_001": "12235", "P29_002": "A112210000357", "P29_003": "16011", "P29_004": "匝瑳市立八日市場幼稚園", "P29_005": "千葉県匝瑳市八日市場イ2394", "P29_006": "3", "P29_007": "0", "P29_008": "00", "P29_009": null }, "geometry": { "type": "Point", "coordinates": [ 140.550535985851837, 35.703698616912064 ] } },
{ "type": "Feature", "properties": { "P29_001": "12216", "P29_002": "A112210000384", "P29_003": "16011", "P29_004": "習志野市立屋敷幼稚園", "P29_005": "千葉県習志野市屋敷2-1-1", "P29_006": "3", "P29_007": "0", "P29_008": "00", "P29_009": null }, "geometry": { "type": "Point", "coordinates": [ 140.050273072814264, 35.679261193030541 ] } },
{ "type": "Feature", "properties": { "P29_001": "12230", "P29_002": "A112210000589", "P29_003": "16011", "P29_004": "八街市立八街第一幼稚園", "P29_005": "千葉県八街市八街ほ78-2", "P29_006": "3", "P29_007": "0", "P29_008": "00", "P29_009": null }, "geometry": { "type": "Point", "coordinates": [ 140.316424672316032, 35.669215225535609 ] } },
{ "type": "Feature", "properties": { "P29_001": "12233", "P29_002": "A112210000623", "P29_003": "16011", "P29_004": "富里市立富里幼稚園", "P29_005": "千葉県富里市七栄636-1", "P29_006": "3", "P29_007": "0", "P29_008": "00", "P29_009": null }, "geometry": { "type": "Point", "coordinates": [ 140.320173301179551, 35.739346165124964 ] } },
{ "type": "Feature", "properties": { "P29_001": "12231", "P29_002": "A112210000632", "P29_003": "16011", "P29_004": "印西市立瀬戸幼稚園", "P29_005": "千葉県印西市瀬戸1580", "P29_006": "3", "P29_007": "0", "P29_008": "00", "P29_009": null }, "geometry": { "type": "Point", "coordinates": [ 140.22737180023924, 35.777260836693962 ] } },
{ "type": "Feature", "properties": { "P29_001": "12231", "P29_002": "A112210000641", "P29_003": "16011", "P29_004": "印西市立もとの幼稚園", "P29_005": "千葉県印西市中根1403-10", "P29_006": "3", "P29_007": "0", "P29_008": "00", "P29_009": null }, "geometry": { "type": "Point", "coordinates": [ 140.199376663524134, 35.811241517755526 ] } },
{ "type": "Feature", "properties": { "P29_001": "12237", "P29_002": "A112210000721", "P29_003": "16011", "P29_004": "山武市立日向幼稚園", "P29_005": "千葉県山武市雨坪12", "P29_006": "3", "P29_007": "0", "P29_008": "00", "P29_009": null }, "geometry": { "type": "Point", "coordinates": [ 140.356319330457666, 35.630323004096034 ] } },
{ "type": "Feature", "properties": { "P29_001": "12102", "P29_002": "A112310000088", "P29_003": "16011", "P29_004": "青い鳥幼稚園", "P29_005": "千葉県千葉市花見川区検見川町1-48", "P29_006": "4", "P29_007": "0", "P29_008": "00", "P29_009": null }, "geometry": { "type": "Point", "coordinates": [ 140.065751163942394, 35.650983166336793 ] } },
{ "type": "Feature", "properties": { "P29_001": "12102", "P29_002": "A112310000257", "P29_003": "16011", "P29_004": "花園幼稚園", "P29_005": "千葉県千葉市花見川区花園1-3-9", "P29_006": "4", "P29_007": "0", "P29_008": "00", "P29_009": null }, "geometry": { "type": "Point", "coordinates": [ 140.075505804973034, 35.651884113430782 ] } },
{ "type": "Feature", "properties": { "P29_001": "12102", "P29_002": "A112310000293", "P29_003": "16011", "P29_004": "さざれ幼稚園", "P29_005": "千葉県千葉市花見川区幕張町5-241", "P29_006": "4", "P29_007": "0", "P29_008": "00", "P29_009": null }, "geometry": { "type": "Point", "coordinates": [ 140.062136458309112, 35.655329429755696 ] } },
{ "type": "Feature", "properties": { "P29_001": "12102", "P29_002": "A112310000319", "P29_003": "16011", "P29_004": "信徳寺あさひ幼稚園", "P29_005": "千葉県千葉市花見川区長作町610-1", "P29_006": "4", "P29_007": "0", "P29_008": "00", "P29_009": null }, "geometry": { "type": "Point", "coordinates": [ 140.071276451159179, 35.680658575805971 ] } },
{ "type": "Feature", "properties": { "P29_001": "12102", "P29_002": "A112310000328", "P29_003": "16011", "P29_004": "まこと第二幼稚園", "P29_005": "千葉県千葉市花見川区花見川6-18", "P29_006": "4", "P29_007": "0", "P29_008": "00", "P29_009": null }, "geometry": { "type": "Point", "coordinates": [ 140.100179015808095, 35.689254964408498 ] } },
{ "type": "Feature", "properties": { "P29_001": "12102", "P29_002": "A112310000337", "P29_003": "16011", "P29_004": "花見川幼稚園", "P29_005": "千葉県千葉市花見川区花見川4-14-101", "P29_006": "4", "P29_007": "0", "P29_008": "00", "P29_009": null }, "geometry": { "type": "Point", "coordinates": [ 140.096403271509928, 35.69210078702897 ] } },
{ "type": "Feature", "properties": { "P29_001": "12102", "P29_002": "A112310000346", "P29_003": "16011", "P29_004": "花見川ちぐさ幼稚園", "P29_005": "千葉県千葉市花見川区花見川8-19", "P29_006": "4", "P29_007": "0", "P29_008": "00", "P29_009": null }, "geometry": { "type": "Point", "coordinates": [ 140.095679155838354, 35.684853143414131 ] } },
{ "type": "Feature", "properties": { "P29_001": "12102", "P29_002": "A112310000355", "P29_003": "16011", "P29_004": "由田学園千葉幼稚園", "P29_005": "千葉県千葉市花見川区花見川1-29", "P29_006": "4", "P29_007": "0", "P29_008": "00", "P29_009": null }, "geometry": { "type": "Point", "coordinates": [ 140.089764723687608, 35.687687729898322 ] } },
{ "type": "Feature", "properties": { "P29_001": "12102", "P29_002": "A112310000373", "P29_003": "16011", "P29_004": "新検見川幼稚園", "P29_005": "千葉県千葉市花見川区朝日ヶ丘5-28-61", "P29_006": "4", "P29_007": "0", "P29_008": "00", "P29_009": null }, "geometry": { "type": "Point", "coordinates": [ 140.084191167752323, 35.66157826035122 ] } },
{ "type": "Feature", "properties": { "P29_001": "12102", "P29_002": "A112310000444", "P29_003": "16011", "P29_004": "こてはし台幼稚園", "P29_005": "千葉県千葉市花見川区横戸町857", "P29_006": "4", "P29_007": "0", "P29_008": "00", "P29_009": null }, "geometry": { "type": "Point", "coordinates": [ 140.121911589876845, 35.692984793539146 ] } },
{ "type": "Feature", "properties": { "P29_001": "12102", "P29_002": "A112310000453", "P29_003": "16011", "P29_004": "青い鳥第二幼稚園", "P29_005": "千葉県千葉市花見川区さつきが丘2-13", "P29_006": "4", "P29_007": "0", "P29_008": "00", "P29_009": null }, "geometry": { "type": "Point", "coordinates": [ 140.092346539221239, 35.666296405175856 ] } },
{ "type": "Feature", "properties": { "P29_001": "12102", "P29_002": "A112310000480", "P29_003": "16011", "P29_004": "さつきが丘幼稚園", "P29_005": "千葉県千葉市花見川区さつきが丘1-33-1", "P29_006": "4", "P29_007": "0", "P29_008": "00", "P29_009": null }, "geometry": { "type": "Point", "coordinates": [ 140.097789264765737, 35.665210287242608 ] } },
{ "type": "Feature", "properties": { "P29_001": "12102", "P29_002": "A112310000499", "P29_003": "16011", "P29_004": "暁幼稚園", "P29_005": "千葉県千葉市花見川区西小中台2-1", "P29_006": "4", "P29_007": "0", "P29_008": "00", "P29_009": null }, "geometry": { "type": "Point", "coordinates": [ 140.086768388734811, 35.652346125331995 ] } },
{ "type": "Feature", "properties": { "P29_001": "12102", "P29_002": "A112310000532", "P29_003": "16011", "P29_004": "まこと第三幼稚園", "P29_005": "千葉県千葉市花見川区横戸町1242-19", "P29_006": "4", "P29_007": "0", "P29_008": "00", "P29_009": null }, "geometry": { "type": "Point", "coordinates": [ 140.115738727021409, 35.705092232839434 ] } },
{ "type": "Feature", "properties": { "P29_001": "12102", "P29_002": "A112310000541", "P29_003": "16011", "P29_004": "千葉しらゆり幼稚園", "P29_005": "千葉県千葉市花見川区作新台8-7-3", "P29_006": "4", "P29_007": "0", "P29_008": "00", "P29_009": null }, "geometry": { "type": "Point", "coordinates": [ 140.086348683771092, 35.685043361434907 ] } },
{ "type": "Feature", "properties": { "P29_001": "12106", "P29_002": "A112310000596", "P29_003": "16011", "P29_004": "こざくら第二幼稚園", "P29_005": "千葉県千葉市美浜区真砂4-17-2", "P29_006": "4", "P29_007": "0", "P29_008": "00", "P29_009": null }, "geometry": { "type": "Point", "coordinates": [ 140.058108838993405, 35.641521210541626 ] } },
{ "type": "Feature", "properties": { "P29_001": "12106", "P29_002": "A112310000603", "P29_003": "16011", "P29_004": "ひばり幼稚園", "P29_005": "千葉県千葉市美浜区真砂5-24-1", "P29_006": "4", "P29_007": "0", "P29_008": "00", "P29_009": null }, "geometry": { "type": "Point", "coordinates": [ 140.062653136300156, 35.646008696297876 ] } },
{ "type": "Feature", "properties": { "P29_001": "12106", "P29_002": "A112310000612", "P29_003": "16011", "P29_004": "第一幼稚園", "P29_005": "千葉県千葉市美浜区真砂2-17-82", "P29_006": "4", "P29_007": "0", "P29_008": "00", "P29_009": null }, "geometry": { "type": "Point", "coordinates": [ 140.068270663315332, 35.64067933120657 ] } },
{ "type": "Feature", "properties": { "P29_001": "12106", "P29_002": "A112310000621", "P29_003": "16011", "P29_004": "真砂白百合幼稚園", "P29_005": "千葉県千葉市美浜区真砂3-14-2", "P29_006": "4", "P29_007": "0", "P29_008": "00", "P29_009": null }, "geometry": { "type": "Point", "coordinates": [ 140.064694428676717, 35.636735871258168 ] } },
{ "type": "Feature", "properties": { "P29_001": "12106", "P29_002": "A112310000710", "P29_003": "16011", "P29_004": "芳野学園附属幼稚園", "P29_005": "千葉県千葉市美浜区幕張西3-2-9", "P29_006": "4", "P29_007": "0", "P29_008": "00", "P29_009": null }, "geometry": { "type": "Point", "coordinates": [ 140.038847533468498, 35.663656102905634 ] } },
{ "type": "Feature", "properties": { "P29_001": "12103", "P29_002": "A112310000747", "P29_003": "16011", "P29_004": "山王幼稚園", "P29_005": "千葉県千葉市稲毛区山王町153-2", "P29_006": "4", "P29_007": "0", "P29_008": "00", "P29_009": null }, "geometry": { "type": "Point", "coordinates": [ 140.140638760016486, 35.664889880143861 ] } },
{ "type": "Feature", "properties": { "P29_001": "12102", "P29_002": "A112310000765", "P29_003": "16011", "P29_004": "スガハラ幼稚園", "P29_005": "千葉県千葉市花見川区武石町2-1017", "P29_006": "4", "P29_007": "0", "P29_008": "00", "P29_009": null }, "geometry": { "type": "Point", "coordinates": [ 140.064551462056812, 35.661147140414371 ] } },
{ "type": "Feature", "properties": { "P29_001": "12106", "P29_002": "A112310000792", "P29_003": "16011", "P29_004": "城徳学園いそべ幼稚園", "P29_005": "千葉県千葉市美浜区磯辺7-16-1", "P29_006": "4", "P29_007": "0", "P29_008": "00", "P29_009": null }, "geometry": { "type": "Point", "coordinates": [ 140.05309809938629, 35.636235112323696 ] } },
{ "type": "Feature", "properties": { "P29_001": "12106", "P29_002": "A112310000854", "P29_003": "16011", "P29_004": "幕張インターナショナルスクール幼稚園", "P29_005": "千葉県千葉市美浜区若葉3-2-9", "P29_006": "4", "P29_007": "0", "P29_008": "00", "P29_009": null }, "geometry": { "type": "Point", "coordinates": [ 140.04931357537194, 35.648186971535395 ] } },
{ "type": "Feature", "properties": { "P29_001": "12202", "P29_002": "A112310000863", "P29_003": "16011", "P29_004": "銚子幼稚園", "P29_005": "千葉県銚子市妙見町1465", "P29_006": "4", "P29_007": "0", "P29_008": "00", "P29_009": null }, "geometry": { "type": "Point", "coordinates": [ 140.830855986804011, 35.728032481443314 ] } },
{ "type": "Feature", "properties": { "P29_001": "12202", "P29_002": "A112310000872", "P29_003": "16011", "P29_004": "飯沼幼稚園", "P29_005": "千葉県銚子市高神東町9331", "P29_006": "4", "P29_007": "0", "P29_008": "00", "P29_009": null }, "geometry": { "type": "Point", "coordinates": [ 140.857757435790887, 35.711322956304151 ] } },
{ "type": "Feature", "properties": { "P29_001": "12204", "P29_002": "A112310001256", "P29_003": "16011", "P29_004": "すずらん幼稚園", "P29_005": "千葉県船橋市三山3-40-8", "P29_006": "4", "P29_007": "0", "P29_008": "00", "P29_009": null }, "geometry": { "type": "Point", "coordinates": [ 140.051576564490347, 35.696602088251176 ] } },
{ "type": "Feature", "properties": { "P29_001": "12236", "P29_002": "A112310002193", "P29_003": "16011", "P29_004": "佐原みどり幼稚園", "P29_005": "千葉県香取市佐原口2114-1", "P29_006": "4", "P29_007": "0", "P29_008": "00", "P29_009": null }, "geometry": { "type": "Point", "coordinates": [ 140.498087307166514, 35.900512966968641 ] } },
{ "type": "Feature", "properties": { "P29_001": "12236", "P29_002": "A112310002200", "P29_003": "16011", "P29_004": "白百合幼稚園", "P29_005": "千葉県香取市佐原イ402-2", "P29_006": "4", "P29_007": "0", "P29_008": "00", "P29_009": null }, "geometry": { "type": "Point", "coordinates": [ 140.499753478593504, 35.895170623451023 ] } },
{ "type": "Feature", "properties": { "P29_001": "12211", "P29_002": "A112310002264", "P29_003": "16011", "P29_004": "成田幼稚園", "P29_005": "千葉県成田市上町633-2", "P29_006": "4", "P29_007": "0", "P29_008": "00", "P29_009": null }, "geometry": { "type": "Point", "coordinates": [ 140.318683338955537, 35.782138190134113 ] } },
{ "type": "Feature", "properties": { "P29_001": "12211", "P29_002": "A112310002273", "P29_003": "16011", "P29_004": "三里塚幼稚園", "P29_005": "千葉県成田市三里塚御科1-674", "P29_006": "4", "P29_007": "0", "P29_008": "00", "P29_009": null }, "geometry": { "type": "Point", "coordinates": [ 140.370720682431994, 35.7497929227154 ] } },
{ "type": "Feature", "properties": { "P29_001": "12211", "P29_002": "A112310002291", "P29_003": "16011", "P29_004": "聖徳大学附属成田幼稚園", "P29_005": "千葉県成田市中台3-8", "P29_006": "4", "P29_007": "0", "P29_008": "00", "P29_009": null }, "geometry": { "type": "Point", "coordinates": [ 140.297608635359495, 35.78144397419657 ] } },
{ "type": "Feature", "properties": { "P29_001": "12211", "P29_002": "A112310002317", "P29_003": "16011", "P29_004": "はしが台幼稚園", "P29_005": "千葉県成田市橋賀台3-5", "P29_006": "4", "P29_007": "0", "P29_008": "00", "P29_009": null }, "geometry": { "type": "Point", "coordinates": [ 140.288425953934933, 35.773294815240014 ] } },
{ "type": "Feature", "properties": { "P29_001": "12211", "P29_002": "A112310002326", "P29_003": "16011", "P29_004": "日本国際学園大学はくと幼稚園", "P29_005": "千葉県成田市吾妻3-51", "P29_006": "4", "P29_007": "0", "P29_008": "00", "P29_009": null }, "geometry": { "type": "Point", "coordinates": [ 140.285568083184103, 35.785702895894183 ] } },
{ "type": "Feature", "properties": { "P29_001": "12211", "P29_002": "A112310002344", "P29_003": "16011", "P29_004": "公津の杜幼稚園", "P29_005": "千葉県成田市公津の杜4-7-1", "P29_006": "4", "P29_007": "0", "P29_008": "00", "P29_009": null }, "geometry": { "type": "Point", "coordinates": [ 140.29445888929024, 35.758457356878388 ] } },
{ "type": "Feature", "properties": { "P29_001": "12212", "P29_002": "A112310002353", "P29_003": "16011", "P29_004": "志津幼稚園", "P29_005": "千葉県佐倉市井野1362", "P29_006": "4", "P29_007": "0", "P29_008": "00", "P29_009": null }, "geometry": { "type": "Point", "coordinates": [ 140.148007697765792, 35.722986432666168 ] } },
{ "type": "Feature", "properties": { "P29_001": "12212", "P29_002": "A112310002362", "P29_003": "16011", "P29_004": "佐倉城南幼稚園", "P29_005": "千葉県佐倉市鏑木町1-5", "P29_006": "4", "P29_007": "0", "P29_008": "00", "P29_009": null }, "geometry": { "type": "Point", "coordinates": [ 140.224684323612706, 35.714929337834761 ] } },
{ "type": "Feature", "properties": { "P29_001": "12212", "P29_002": "A112310002371", "P29_003": "16011", "P29_004": "慈光幼稚園", "P29_005": "千葉県佐倉市本町54", "P29_006": "4", "P29_007": "0", "P29_008": "00", "P29_009": null }, "geometry": { "type": "Point", "coordinates": [ 140.248375868807017, 35.719700623404243 ] } },
{ "type": "Feature", "properties": { "P29_001": "12212", "P29_002": "A112310002380", "P29_003": "16011", "P29_004": "幼稚園型認定こども園さくら幼稚園", "P29_005": "千葉県佐倉市西志津2-23-19", "P29_006": "4", "P29_007": "0", "P29_008": "00", "P29_009": null }, "geometry": { "type": "Point", "coordinates": [ 140.133810429350063, 35.714308594605065 ] } },
{ "type": "Feature", "properties": { "P29_001": "12212", "P29_002": "A112310002399", "P29_003": "16011", "P29_004": "臼井幼稚園", "P29_005": "千葉県佐倉市臼井田字浜田2435", "P29_006": "4", "P29_007": "0", "P29_008": "00", "P29_009": null }, "geometry": { "type": "Point", "coordinates": [ 140.182743595617382, 35.737705315360145 ] } },
{ "type": "Feature", "properties": { "P29_001": "12212", "P29_002": "A112310002406", "P29_003": "16011", "P29_004": "小竹幼稚園", "P29_005": "千葉県佐倉市小竹795-1", "P29_006": "4", "P29_007": "0", "P29_008": "00", "P29_009": null }, "geometry": { "type": "Point", "coordinates": [ 140.161313250615649, 35.734182770071492 ] } },
{ "type": "Feature", "properties": { "P29_001": "12212", "P29_002": "A112310002424", "P29_003": "16011", "P29_004": "臼井たんぽぽ幼稚園", "P29_005": "千葉県佐倉市王子台1-10-7", "P29_006": "4", "P29_007": "0", "P29_008": "00", "P29_009": null }, "geometry": { "type": "Point", "coordinates": [ 140.185651583036133, 35.731361307802558 ] } },
{ "type": "Feature", "properties": { "P29_001": "12215", "P29_002": "A112310002442", "P29_003": "16011", "P29_004": "旭幼稚園", "P29_005": "千葉県旭市ロの898", "P29_006": "4", "P29_007": "0", "P29_008": "00", "P29_009": null }, "geometry": { "type": "Point", "coordinates": [ 140.651512133100255, 35.720720119342573 ] } },
{ "type": "Feature", "properties": { "P29_001": "12215", "P29_002": "A112310002451", "P29_003": "16011", "P29_004": "あさひこひつじ幼稚園", "P29_005": "千葉県旭市ニの6544", "P29_006": "4", "P29_007": "0", "P29_008": "00", "P29_009": null }, "geometry": { "type": "Point", "coordinates": [ 140.59865884833394, 35.721427142379575 ] } },
{ "type": "Feature", "properties": { "P29_001": "12216", "P29_002": "A112310002479", "P29_003": "16011", "P29_004": "みもみ幼稚園", "P29_005": "千葉県習志野市実籾3-13-15", "P29_006": "4", "P29_007": "0", "P29_008": "00", "P29_009": null }, "geometry": { "type": "Point", "coordinates": [ 140.070239885211009, 35.687011303639103 ] } },
{ "type": "Feature", "properties": { "P29_001": "12216", "P29_002": "A112310002488", "P29_003": "16011", "P29_004": "習志野みのり幼稚園", "P29_005": "千葉県習志野市藤崎6-20-22", "P29_006": "4", "P29_007": "0", "P29_008": "00", "P29_009": null }, "geometry": { "type": "Point", "coordinates": [ 140.043695873455817, 35.689898724426321 ] } },
{ "type": "Feature", "properties": { "P29_001": "12216", "P29_002": "A112310002497", "P29_003": "16011", "P29_004": "ホーリネス幼稚園", "P29_005": "千葉県習志野市東習志野6-10-5", "P29_006": "4", "P29_007": "0", "P29_008": "00", "P29_009": null }, "geometry": { "type": "Point", "coordinates": [ 140.062303706319341, 35.698682656179599 ] } },
{ "type": "Feature", "properties": { "P29_001": "12221", "P29_002": "A112310003003", "P29_003": "16011", "P29_004": "ちぐさ幼稚園", "P29_005": "千葉県八千代市大和田242-1", "P29_006": "4", "P29_007": "0", "P29_008": "00", "P29_009": null }, "geometry": { "type": "Point", "coordinates": [ 140.106780336525418, 35.714812947188371 ] } },
{ "type": "Feature", "properties": { "P29_001": "12221", "P29_002": "A112310003012", "P29_003": "16011", "P29_004": "エンゼルガーデン幼稚園", "P29_005": "千葉県八千代市勝田台南1-4-3", "P29_006": "4", "P29_007": "0", "P29_008": "00", "P29_009": null }, "geometry": { "type": "Point", "coordinates": [ 140.120619812727227, 35.713122412577896 ] } },
{ "type": "Feature", "properties": { "P29_001": "12221", "P29_002": "A112310003021", "P29_003": "16011", "P29_004": "まこと幼稚園", "P29_005": "千葉県八千代市八千代台東2-5-2", "P29_006": "4", "P29_007": "0", "P29_008": "00", "P29_009": null }, "geometry": { "type": "Point", "coordinates": [ 140.096924557470601, 35.699371380501084 ] } },
{ "type": "Feature", "properties": { "P29_001": "12221", "P29_002": "A112310003049", "P29_003": "16011", "P29_004": "高津幼稚園", "P29_005": "千葉県八千代市高津1516", "P29_006": "4", "P29_007": "0", "P29_008": "00", "P29_009": null }, "geometry": { "type": "Point", "coordinates": [ 140.0936730838485, 35.712479877507128 ] } },
{ "type": "Feature", "properties": { "P29_001": "12221", "P29_002": "A112310003058", "P29_003": "16011", "P29_004": "三愛幼稚園", "P29_005": "千葉県八千代市八千代台東4-5-15", "P29_006": "4", "P29_007": "0", "P29_008": "00", "P29_009": null }, "geometry": { "type": "Point", "coordinates": [ 140.095467837231382, 35.704788499641758 ] } },
{ "type": "Feature", "properties": { "P29_001": "12221", "P29_002": "A112310003067", "P29_003": "16011", "P29_004": "勝田台幼稚園", "P29_005": "千葉県八千代市勝田台2-15", "P29_006": "4", "P29_007": "0", "P29_008": "00", "P29_009": null }, "geometry": { "type": "Point", "coordinates": [ 140.126943619234765, 35.711462442574479 ] } },
{ "type": "Feature", "properties": { "P29_001": "12221", "P29_002": "A112310003094", "P29_003": "16011", "P29_004": "たんぽぽ幼稚園", "P29_005": "千葉県八千代市上高野1151", "P29_006": "4", "P29_007": "0", "P29_008": "00", "P29_009": null }, "geometry": { "type": "Point", "coordinates": [ 140.134641828076184, 35.721293700023665 ] } },
{ "type": "Feature", "properties": { "P29_001": "12221", "P29_002": "A112310003101", "P29_003": "16011", "P29_004": "八千代富士幼稚園", "P29_005": "千葉県八千代市高津821-1", "P29_006": "4", "P29_007": "0", "P29_008": "00", "P29_009": null }, "geometry": { "type": "Point", "coordinates": [ 140.080941022578855, 35.716901573998619 ] } },
{ "type": "Feature", "properties": { "P29_001": "12221", "P29_002": "A112310003110", "P29_003": "16011", "P29_004": "さくら第二幼稚園", "P29_005": "千葉県八千代市高津字小谷808", "P29_006": "4", "P29_007": "0", "P29_008": "00", "P29_009": null }, "geometry": { "type": "Point", "coordinates": [ 140.081524565875696, 35.720141592682879 ] } },
{ "type": "Feature", "properties": { "P29_001": "12221", "P29_002": "A112310003138", "P29_003": "16011", "P29_004": "明青幼稚園", "P29_005": "千葉県八千代市村上1672-29", "P29_006": "4", "P29_007": "0", "P29_008": "00", "P29_009": null }, "geometry": { "type": "Point", "coordinates": [ 140.124829744166249, 35.728057782268138 ] } },
{ "type": "Feature", "properties": { "P29_001": "12228", "P29_002": "A112310003478", "P29_003": "16011", "P29_004": "緑ヶ丘幼稚園", "P29_005": "千葉県四街道市大日393", "P29_006": "4", "P29_007": "0", "P29_008": "00", "P29_009": null }, "geometry": { "type": "Point", "coordinates": [ 140.165244503653497, 35.670259922303046 ] } },
{ "type": "Feature", "properties": { "P29_001": "12228", "P29_002": "A112310003487", "P29_003": "16011", "P29_004": "さくらがおか幼稚園", "P29_005": "千葉県四街道市大日86", "P29_006": "4", "P29_007": "0", "P29_008": "00", "P29_009": null }, "geometry": { "type": "Point", "coordinates": [ 140.152352654162712, 35.67004706601972 ] } },
{ "type": "Feature", "properties": { "P29_001": "12228", "P29_002": "A112310003502", "P29_003": "16011", "P29_004": "つぼみ幼稚園", "P29_005": "千葉県四街道市大日197", "P29_006": "4", "P29_007": "0", "P29_008": "00", "P29_009": null }, "geometry": { "type": "Point", "coordinates": [ 140.157088391803569, 35.675280251583828 ] } },
{ "type": "Feature", "properties": { "P29_001": "12228", "P29_002": "A112310003511", "P29_003": "16011", "P29_004": "千代田幼稚園", "P29_005": "千葉県四街道市千代田5-65", "P29_006": "4", "P29_007": "0", "P29_008": "00", "P29_009": null }, "geometry": { "type": "Point", "coordinates": [ 140.185429672489136, 35.69410266138582 ] } },
{ "type": "Feature", "properties": { "P29_001": "12228", "P29_002": "A112310003539", "P29_003": "16011", "P29_004": "第二コスモス幼稚園", "P29_005": "千葉県四街道市千代田1-30", "P29_006": "4", "P29_007": "0", "P29_008": "00", "P29_009": null }, "geometry": { "type": "Point", "coordinates": [ 140.180928276407542, 35.690771562457257 ] } },
{ "type": "Feature", "properties": { "P29_001": "12228", "P29_002": "A112310003548", "P29_003": "16011", "P29_004": "みそら幼稚園", "P29_005": "千葉県四街道市みそら4-16-1", "P29_006": "4", "P29_007": "0", "P29_008": "00", "P29_009": null }, "geometry": { "type": "Point", "coordinates": [ 140.203191182885178, 35.672366091558558 ] } },
{ "type": "Feature", "properties": { "P29_001": "12322", "P29_002": "A112310003619", "P29_003": "16011", "P29_004": "酒々井幼稚園", "P29_005": "千葉県印旛郡酒々井町中央台1-22", "P29_006": "4", "P29_007": "0", "P29_008": "00", "P29_009": null }, "geometry": { "type": "Point", "coordinates": [ 140.274401370159637, 35.734303874464395 ] } },
{ "type": "Feature", "properties": { "P29_001": "12233", "P29_002": "A112310003655", "P29_003": "16011", "P29_004": "太子幼稚園", "P29_005": "千葉県富里市日吉倉483", "P29_006": "4", "P29_007": "0", "P29_008": "00", "P29_009": null }, "geometry": { "type": "Point", "coordinates": [ 140.326274488502122, 35.769333186698717 ] } },
{ "type": "Feature", "properties": { "P29_001": "12233", "P29_002": "A112310003673", "P29_003": "16011", "P29_004": "日吉台幼稚園", "P29_005": "千葉県富里市日吉台5-25", "P29_006": "4", "P29_007": "0", "P29_008": "00", "P29_009": null }, "geometry": { "type": "Point", "coordinates": [ 140.317240122470537, 35.763178128264087 ] } },
{ "type": "Feature", "properties": { "P29_001": "12329", "P29_002": "A112310003815", "P29_003": "16011", "P29_004": "酒直幼稚園", "P29_005": "千葉県印旛郡栄町酒直台1-19-1", "P29_006": "4", "P29_007": "0", "P29_008": "00", "P29_009": null }, "geometry": { "type": "Point", "coordinates": [ 140.259581411435619, 35.832969557126653 ] } },
{ "type": "Feature", "properties": { "P29_001": "12215", "P29_002": "A112310003824", "P29_003": "16011", "P29_004": "うなかみ幼稚園", "P29_005": "千葉県旭市後草1516", "P29_006": "4", "P29_007": "0", "P29_008": "00", "P29_009": null }, "geometry": { "type": "Point", "coordinates": [ 140.675733311049953, 35.731751910643666 ] } },
{ "type": "Feature", "properties": { "P29_001": "12215", "P29_002": "A112310003833", "P29_003": "16011", "P29_004": "いいおか幼稚園", "P29_005": "千葉県旭市飯岡2126-1", "P29_006": "4", "P29_007": "0", "P29_008": "00", "P29_009": null }, "geometry": { "type": "Point", "coordinates": [ 140.727205530642607, 35.697170044989917 ] } },
{ "type": "Feature", "properties": { "P29_001": "12410", "P29_002": "A112310003842", "P29_003": "16011", "P29_004": "認定こども園光町中央幼稚園", "P29_005": "千葉県山武郡横芝光町宮川5638-1", "P29_006": "4", "P29_007": "0", "P29_008": "00", "P29_009": null }, "geometry": { "type": "Point", "coordinates": [ 140.498878847734687, 35.663933633513864 ] } },
{ "type": "Feature", "properties": { "P29_001": "12213", "P29_002": "A112210000286", "P29_003": "16011", "P29_004": "東金市立嶺南幼稚園", "P29_005": "千葉県東金市堀上947-2", "P29_006": "3", "P29_007": "0", "P29_008": "00", "P29_009": null }, "geometry": { "type": "Point", "coordinates": [ 140.375258745869445, 35.550245771274668 ] } },
{ "type": "Feature", "properties": { "P29_001": "12213", "P29_002": "A112210000320", "P29_003": "16011", "P29_004": "東金市立正気幼稚園", "P29_005": "千葉県東金市広瀬141-1", "P29_006": "3", "P29_007": "0", "P29_008": "00", "P29_009": null }, "geometry": { "type": "Point", "coordinates": [ 140.392488680987469, 35.536551245364514 ] } },
{ "type": "Feature", "properties": { "P29_001": "12213", "P29_002": "A112310002433", "P29_003": "16011", "P29_004": "ときがね幼稚園", "P29_005": "千葉県東金市東金1391-2", "P29_006": "4", "P29_007": "0", "P29_008": "00", "P29_009": null }, "geometry": { "type": "Point", "coordinates": [ 140.358969508918051, 35.560017354314212 ] } },
{ "type": "Feature", "properties": { "P29_001": "12403", "P29_002": "A112310003879", "P29_003": "16011", "P29_004": "ときがね片貝幼稚園", "P29_005": "千葉県山武郡九十九里町片貝1640", "P29_006": "4", "P29_007": "0", "P29_008": "00", "P29_009": null }, "geometry": { "type": "Point", "coordinates": [ 140.440018989435657, 35.522697041259185 ] } },
{ "type": "Feature", "properties": { "P29_001": "12410", "P29_002": "A112310003888", "P29_003": "16011", "P29_004": "横芝まさご幼稚園", "P29_005": "千葉県山武郡横芝光町横芝字真砂482-2", "P29_006": "4", "P29_007": "0", "P29_008": "00", "P29_009": null }, "geometry": { "type": "Point", "coordinates": [ 140.476232796169427, 35.659404620314653 ] } },
{ "type": "Feature", "properties": { "P29_001": "12203", "P29_002": "A112210000062", "P29_003": "16011", "P29_004": "市川市立百合台幼稚園", "P29_005": "千葉県市川市曽谷6-10-1", "P29_006": "3", "P29_007": "0", "P29_008": "00", "P29_009": null }, "geometry": { "type": "Point", "coordinates": [ 139.925669611375383, 35.740394655192141 ] } },
{ "type": "Feature", "properties": { "P29_001": "12205", "P29_002": "A112210000106", "P29_003": "16011", "P29_004": "館山市立館山幼稚園", "P29_005": "千葉県館山市沼47", "P29_006": "3", "P29_007": "0", "P29_008": "00", "P29_009": null }, "geometry": { "type": "Point", "coordinates": [ 139.852030177459767, 34.980507249809655 ] } },
{ "type": "Feature", "properties": { "P29_001": "12205", "P29_002": "A112210000115", "P29_003": "16011", "P29_004": "館山市立那古幼稚園", "P29_005": "千葉県館山市那古272", "P29_006": "3", "P29_007": "0", "P29_008": "00", "P29_009": null }, "geometry": { "type": "Point", "coordinates": [ 139.86867651800452, 35.025773847173056 ] } },
{ "type": "Feature", "properties": { "P29_001": "12205", "P29_002": "A112210000133", "P29_003": "16011", "P29_004": "館山市立館野幼稚園", "P29_005": "千葉県館山市山本1028", "P29_006": "3", "P29_007": "0", "P29_008": "00", "P29_009": null }, "geometry": { "type": "Point", "coordinates": [ 139.890944076092069, 34.99148560607928 ] } },
{ "type": "Feature", "properties": { "P29_001": "12212", "P29_002": "A112210000259", "P29_003": "16011", "P29_004": "佐倉市立和田幼稚園", "P29_005": "千葉県佐倉市直弥59-6", "P29_006": "3", "P29_007": "0", "P29_008": "00", "P29_009": null }, "geometry": { "type": "Point", "coordinates": [ 140.258460717439362, 35.695416947458263 ] } },
{ "type": "Feature", "properties": { "P29_001": "12213", "P29_002": "A112210000277", "P29_003": "16011", "P29_004": "東金市立東金幼稚園", "P29_005": "千葉県東金市東金1122-1", "P29_006": "3", "P29_007": "0", "P29_008": "00", "P29_009": null }, "geometry": { "type": "Point", "coordinates": [ 140.362742510550959, 35.563169673011139 ] } },
{ "type": "Feature", "properties": { "P29_001": "12213", "P29_002": "A112210000295", "P29_003": "16011", "P29_004": "東金市立公平幼稚園", "P29_005": "千葉県東金市道庭360", "P29_006": "3", "P29_007": "0", "P29_008": "00", "P29_009": null }, "geometry": { "type": "Point", "coordinates": [ 140.381282679143794, 35.585417384038081 ] } },
{ "type": "Feature", "properties": { "P29_001": "12213", "P29_002": "A112210000311", "P29_003": "16011", "P29_004": "東金市立丘山幼稚園", "P29_005": "千葉県東金市丹尾4-2", "P29_006": "3", "P29_007": "0", "P29_008": "00", "P29_009": null }, "geometry": { "type": "Point", "coordinates": [ 140.3231379469172, 35.575583677025428 ] } },
{ "type": "Feature", "properties": { "P29_001": "12216", "P29_002": "A112210000400", "P29_003": "16011", "P29_004": "習志野市立大久保東幼稚園", "P29_005": "千葉県習志野市大久保2-12-1", "P29_006": "3", "P29_007": "0", "P29_008": "00", "P29_009": null }, "geometry": { "type": "Point", "coordinates": [ 140.052959217261986, 35.686797229151978 ] } },
{ "type": "Feature", "properties": { "P29_001": "12216", "P29_002": "A112210000419", "P29_003": "16011", "P29_004": "習志野市立向山幼稚園", "P29_005": "千葉県習志野市谷津2-16-32", "P29_006": "3", "P29_007": "0", "P29_008": "00", "P29_009": null }, "geometry": { "type": "Point", "coordinates": [ 140.013421674798195, 35.68276622251873 ] } },
{ "type": "Feature", "properties": { "P29_001": "12227", "P29_002": "A112210000464", "P29_003": "16011", "P29_004": "浦安市立北部認定こども園", "P29_005": "千葉県浦安市北栄3-20-2", "P29_006": "3", "P29_007": "0", "P29_008": "00", "P29_009": null }, "geometry": { "type": "Point", "coordinates": [ 139.899572889056572, 35.665974843709208 ] } },
{ "type": "Feature", "properties": { "P29_001": "12227", "P29_002": "A112210000473", "P29_003": "16011", "P29_004": "浦安市立見明川認定こども園", "P29_005": "千葉県浦安市弁天3-1-3", "P29_006": "3", "P29_007": "0", "P29_008": "00", "P29_009": null }, "geometry": { "type": "Point", "coordinates": [ 139.894632012235462, 35.639038561701213 ] } },
{ "type": "Feature", "properties": { "P29_001": "12227", "P29_002": "A112210000534", "P29_003": "16011", "P29_004": "浦安市立美浜北認定こども園", "P29_005": "千葉県浦安市美浜5-12-3", "P29_006": "3", "P29_007": "0", "P29_008": "00", "P29_009": null }, "geometry": { "type": "Point", "coordinates": [ 139.91498002286923, 35.654409009703244 ] } },
{ "type": "Feature", "properties": { "P29_001": "12230", "P29_002": "A112210000598", "P29_003": "16011", "P29_004": "八街市立川上幼稚園", "P29_005": "千葉県八街市大谷流717", "P29_006": "3", "P29_007": "0", "P29_008": "00", "P29_009": null }, "geometry": { "type": "Point", "coordinates": [ 140.27476290226997, 35.628466060738354 ] } },
{ "type": "Feature", "properties": { "P29_001": "12230", "P29_002": "A112210000605", "P29_003": "16011", "P29_004": "八街市立朝陽幼稚園", "P29_005": "千葉県八街市八街は21-4", "P29_006": "3", "P29_007": "0", "P29_008": "00", "P29_009": null }, "geometry": { "type": "Point", "coordinates": [ 140.312946257741658, 35.688599154549685 ] } },
{ "type": "Feature", "properties": { "P29_001": "12233", "P29_002": "A112210000614", "P29_003": "16011", "P29_004": "富里市立浩養幼稚園", "P29_005": "千葉県富里市十倉185-54", "P29_006": "3", "P29_007": "0", "P29_008": "00", "P29_009": null }, "geometry": { "type": "Point", "coordinates": [ 140.338887859753441, 35.692997801169874 ] } },
{ "type": "Feature", "properties": { "P29_001": "12211", "P29_002": "A112210000650", "P29_003": "16011", "P29_004": "成田市立大栄幼稚園", "P29_005": "千葉県成田市臼作115", "P29_006": "3", "P29_007": "0", "P29_008": "00", "P29_009": null }, "geometry": { "type": "Point", "coordinates": [ 140.424083518898613, 35.818657708738854 ] } },
{ "type": "Feature", "properties": { "P29_001": "12349", "P29_002": "A112210000669", "P29_003": "16011", "P29_004": "東庄町立こじゅりんこども園", "P29_005": "千葉県香取郡東庄町笹川い4713-29", "P29_006": "3", "P29_007": "0", "P29_008": "00", "P29_009": null }, "geometry": { "type": "Point", "coordinates": [ 140.66608180921645, 35.83898125746272 ] } },
{ "type": "Feature", "properties": { "P29_001": "12203", "P29_002": "A112310000916", "P29_003": "16011", "P29_004": "真間山幼稚園", "P29_005": "千葉県市川市真間4-9-1", "P29_006": "4", "P29_007": "0", "P29_008": "00", "P29_009": null }, "geometry": { "type": "Point", "coordinates": [ 139.90673304145372, 35.740444801285477 ] } },
{ "type": "Feature", "properties": { "P29_001": "12203", "P29_002": "A112310001149", "P29_003": "16011", "P29_004": "築葉根幼稚園", "P29_005": "千葉県市川市北方町4-2171", "P29_006": "4", "P29_007": "0", "P29_008": "00", "P29_009": null }, "geometry": { "type": "Point", "coordinates": [ 139.956994052990069, 35.737600070005129 ] } },
{ "type": "Feature", "properties": { "P29_001": "12203", "P29_002": "A112310001194", "P29_003": "16011", "P29_004": "塩浜幼稚園", "P29_005": "千葉県市川市塩浜4-2-28-101", "P29_006": "4", "P29_007": "0", "P29_008": "00", "P29_009": null }, "geometry": { "type": "Point", "coordinates": [ 139.908205511325633, 35.662715609013432 ] } },
{ "type": "Feature", "properties": { "P29_001": "12204", "P29_002": "A112310001265", "P29_003": "16011", "P29_004": "冨士見幼稚園", "P29_005": "千葉県船橋市高根台1-1-1", "P29_006": "4", "P29_007": "0", "P29_008": "00", "P29_009": null }, "geometry": { "type": "Point", "coordinates": [ 140.029390751862024, 35.733673305820737 ] } },
{ "type": "Feature", "properties": { "P29_001": "12204", "P29_002": "A112310001327", "P29_003": "16011", "P29_004": "冨士見第二幼稚園", "P29_005": "千葉県船橋市前原西6-1-13", "P29_006": "4", "P29_007": "0", "P29_008": "00", "P29_009": null }, "geometry": { "type": "Point", "coordinates": [ 140.020864007161265, 35.701849600434159 ] } },
{ "type": "Feature", "properties": { "P29_001": "12204", "P29_002": "A112310001390", "P29_003": "16011", "P29_004": "若松幼稚園", "P29_005": "千葉県船橋市若松2-3-3", "P29_006": "4", "P29_007": "0", "P29_008": "00", "P29_009": null }, "geometry": { "type": "Point", "coordinates": [ 139.996458245221021, 35.678677988158846 ] } },
{ "type": "Feature", "properties": { "P29_001": "12204", "P29_002": "A112310001425", "P29_003": "16011", "P29_004": "清和幼稚園", "P29_005": "千葉県船橋市前貝塚町645", "P29_006": "4", "P29_007": "0", "P29_008": "00", "P29_009": null }, "geometry": { "type": "Point", "coordinates": [ 139.974573535950924, 35.72598778185499 ] } },
{ "type": "Feature", "properties": { "P29_001": "12205", "P29_002": "A112310001611", "P29_003": "16011", "P29_004": "館山白百合幼稚園", "P29_005": "千葉県館山市船形802", "P29_006": "4", "P29_007": "0", "P29_008": "00", "P29_009": null }, "geometry": { "type": "Point", "coordinates": [ 139.845104385561882, 35.031075790314596 ] } },
{ "type": "Feature", "properties": { "P29_001": "12206", "P29_002": "A112310001719", "P29_003": "16011", "P29_004": "清和大学附属金田幼稚園", "P29_005": "千葉県木更津市中島1250", "P29_006": "4", "P29_007": "0", "P29_008": "00", "P29_009": null }, "geometry": { "type": "Point", "coordinates": [ 139.927314951846654, 35.426839801344371 ] } },
{ "type": "Feature", "properties": { "P29_001": "12206", "P29_002": "A112310001737", "P29_003": "16011", "P29_004": "つくしの森幼稚園", "P29_005": "千葉県木更津市下烏田45-10", "P29_006": "4", "P29_007": "0", "P29_008": "00", "P29_009": null }, "geometry": { "type": "Point", "coordinates": [ 139.927630255663303, 35.354062503910768 ] } },
{ "type": "Feature", "properties": { "P29_001": "12207", "P29_002": "A112310001817", "P29_003": "16011", "P29_004": "みやこ幼稚園", "P29_005": "千葉県松戸市松戸新田516-4", "P29_006": "4", "P29_007": "0", "P29_008": "00", "P29_009": null }, "geometry": { "type": "Point", "coordinates": [ 139.919523512746736, 35.785931157321286 ] } },
{ "type": "Feature", "properties": { "P29_001": "12207", "P29_002": "A112310001871", "P29_003": "16011", "P29_004": "聖徳大学附属幼稚園", "P29_005": "千葉県松戸市岩瀬550", "P29_006": "4", "P29_007": "0", "P29_008": "00", "P29_009": null }, "geometry": { "type": "Point", "coordinates": [ 139.90464211474287, 35.783308858522027 ] } },
{ "type": "Feature", "properties": { "P29_001": "12207", "P29_002": "A112310001915", "P29_003": "16011", "P29_004": "さつき幼稚園", "P29_005": "千葉県松戸市金ヶ作145", "P29_006": "4", "P29_007": "0", "P29_008": "00", "P29_009": null }, "geometry": { "type": "Point", "coordinates": [ 139.942767571753762, 35.809323906987174 ] } },
{ "type": "Feature", "properties": { "P29_001": "12207", "P29_002": "A112310002068", "P29_003": "16011", "P29_004": "牧の原栴檀幼稚園", "P29_005": "千葉県松戸市牧の原2-5", "P29_006": "4", "P29_007": "0", "P29_008": "00", "P29_009": null }, "geometry": { "type": "Point", "coordinates": [ 139.95604258487046, 35.792432729988661 ] } },
{ "type": "Feature", "properties": { "P29_001": "12207", "P29_002": "A112310002077", "P29_003": "16011", "P29_004": "金ヶ作幼稚園", "P29_005": "千葉県松戸市金ヶ作306", "P29_006": "4", "P29_007": "0", "P29_008": "00", "P29_009": null }, "geometry": { "type": "Point", "coordinates": [ 139.962988548278787, 35.804185967910286 ] } },
{ "type": "Feature", "properties": { "P29_001": "12208", "P29_002": "A112310002184", "P29_003": "16011", "P29_004": "岩木幼稚園", "P29_005": "千葉県野田市五木341-5", "P29_006": "4", "P29_007": "0", "P29_008": "00", "P29_009": null }, "geometry": { "type": "Point", "coordinates": [ 139.84373783572002, 35.972197663051951 ] } },
{ "type": "Feature", "properties": { "P29_001": "12211", "P29_002": "A112310002282", "P29_003": "16011", "P29_004": "はぼたん幼稚園", "P29_005": "千葉県成田市加良部1-11", "P29_006": "4", "P29_007": "0", "P29_008": "00", "P29_009": null }, "geometry": { "type": "Point", "coordinates": [ 140.300566151845686, 35.77797269219014 ] } },
{ "type": "Feature", "properties": { "P29_001": "12211", "P29_002": "A112310002308", "P29_003": "16011", "P29_004": "くすのき幼稚園", "P29_005": "千葉県成田市船形828", "P29_006": "4", "P29_007": "0", "P29_008": "00", "P29_009": null }, "geometry": { "type": "Point", "coordinates": [ 140.278591130114449, 35.779829463717533 ] } },
{ "type": "Feature", "properties": { "P29_001": "12217", "P29_002": "A112310002503", "P29_003": "16011", "P29_004": "南柏幼稚園", "P29_005": "千葉県柏市今谷上町19", "P29_006": "4", "P29_007": "0", "P29_008": "00", "P29_009": null }, "geometry": { "type": "Point", "coordinates": [ 139.954798764147853, 35.839556651415386 ] } },
{ "type": "Feature", "properties": { "P29_001": "12217", "P29_002": "A112310002567", "P29_003": "16011", "P29_004": "柏さくら幼稚園", "P29_005": "千葉県柏市十余二248", "P29_006": "4", "P29_007": "0", "P29_008": "00", "P29_009": null }, "geometry": { "type": "Point", "coordinates": [ 139.961062855647867, 35.881097051026352 ] } },
{ "type": "Feature", "properties": { "P29_001": "12217", "P29_002": "A112310002610", "P29_003": "16011", "P29_004": "きたかしわ幼稚園", "P29_005": "千葉県柏市十余二287-61", "P29_006": "4", "P29_007": "0", "P29_008": "00", "P29_009": null }, "geometry": { "type": "Point", "coordinates": [ 139.963393544611023, 35.886484968919163 ] } },
{ "type": "Feature", "properties": { "P29_001": "12217", "P29_002": "A112310002665", "P29_003": "16011", "P29_004": "麗澤幼稚園", "P29_005": "千葉県柏市光ヶ丘2-1-1", "P29_006": "4", "P29_007": "0", "P29_008": "00", "P29_009": null }, "geometry": { "type": "Point", "coordinates": [ 139.953650201436062, 35.83016836674414 ] } },
{ "type": "Feature", "properties": { "P29_001": "12219", "P29_002": "A112310002727", "P29_003": "16011", "P29_004": "市原マリア・インマクラダ幼稚園", "P29_005": "千葉県市原市辰巳台西3-11-3", "P29_006": "4", "P29_007": "0", "P29_008": "00", "P29_009": null }, "geometry": { "type": "Point", "coordinates": [ 140.145217416287608, 35.521070698976139 ] } },
{ "type": "Feature", "properties": { "P29_001": "12219", "P29_002": "A112310002763", "P29_003": "16011", "P29_004": "市原ふじ幼稚園", "P29_005": "千葉県市原市椎津2238-11", "P29_006": "4", "P29_007": "0", "P29_008": "00", "P29_009": null }, "geometry": { "type": "Point", "coordinates": [ 140.041230209151536, 35.447670543830974 ] } },
{ "type": "Feature", "properties": { "P29_001": "12219", "P29_002": "A112310002772", "P29_003": "16011", "P29_004": "青葉台幼稚園", "P29_005": "千葉県市原市姉崎3338-2", "P29_006": "4", "P29_007": "0", "P29_008": "00", "P29_009": null }, "geometry": { "type": "Point", "coordinates": [ 140.058237328543044, 35.466508278270069 ] } },
{ "type": "Feature", "properties": { "P29_001": "12219", "P29_002": "A112310002790", "P29_003": "16011", "P29_004": "認定こども園あすなろ幼稚園", "P29_005": "千葉県市原市喜多857", "P29_006": "4", "P29_007": "0", "P29_008": "00", "P29_009": null }, "geometry": { "type": "Point", "coordinates": [ 140.183967166863738, 35.498619799377465 ] } },
{ "type": "Feature", "properties": { "P29_001": "12219", "P29_002": "A112310002861", "P29_003": "16011", "P29_004": "鹿島台幼稚園", "P29_005": "千葉県市原市上高根1202-1", "P29_006": "4", "P29_007": "0", "P29_008": "00", "P29_009": null }, "geometry": { "type": "Point", "coordinates": [ 140.103198286199785, 35.421131259330764 ] } },
{ "type": "Feature", "properties": { "P29_001": "12219", "P29_002": "A112310002889", "P29_003": "16011", "P29_004": "能満幼稚園", "P29_005": "千葉県市原市能満1554-4", "P29_006": "4", "P29_007": "0", "P29_008": "00", "P29_009": null }, "geometry": { "type": "Point", "coordinates": [ 140.132470032605596, 35.505035428570288 ] } },
{ "type": "Feature", "properties": { "P29_001": "12220", "P29_002": "A112310002923", "P29_003": "16011", "P29_004": "江戸川台ひまわり幼稚園", "P29_005": "千葉県流山市富士見台1-3-6", "P29_006": "4", "P29_007": "0", "P29_008": "00", "P29_009": null }, "geometry": { "type": "Point", "coordinates": [ 139.901712478053355, 35.891237277424885 ] } },
{ "type": "Feature", "properties": { "P29_001": "12221", "P29_002": "A112310003030", "P29_003": "16011", "P29_004": "八千代幼稚園", "P29_005": "千葉県八千代市大和田新田231", "P29_006": "4", "P29_007": "0", "P29_008": "00", "P29_009": null }, "geometry": { "type": "Point", "coordinates": [ 140.096353105855997, 35.717732245853675 ] } },
{ "type": "Feature", "properties": { "P29_001": "12221", "P29_002": "A112310003129", "P29_003": "16011", "P29_004": "日本国際学園大学村上幼稚園", "P29_005": "千葉県八千代市村上1122", "P29_006": "4", "P29_007": "0", "P29_008": "00", "P29_009": null }, "geometry": { "type": "Point", "coordinates": [ 140.122509733874125, 35.734470523645214 ] } },
{ "type": "Feature", "properties": { "P29_001": "12221", "P29_002": "A112310003147", "P29_003": "16011", "P29_004": "村上ひかり幼稚園", "P29_005": "千葉県八千代市村上1122", "P29_006": "4", "P29_007": "0", "P29_008": "00", "P29_009": null }, "geometry": { "type": "Point", "coordinates": [ 140.121409479261956, 35.726898415416343 ] } },
{ "type": "Feature", "properties": { "P29_001": "12222", "P29_002": "A112310003218", "P29_003": "16011", "P29_004": "認定こども園わだ幼稚園", "P29_005": "千葉県我孫子市布佐1275", "P29_006": "4", "P29_007": "0", "P29_008": "00", "P29_009": null }, "geometry": { "type": "Point", "coordinates": [ 140.131552302622566, 35.853693253921904 ] } },
{ "type": "Feature", "properties": { "P29_001": "12222", "P29_002": "A112310003227", "P29_003": "16011", "P29_004": "二階堂幼稚園", "P29_005": "千葉県我孫子市久寺家479-1", "P29_006": "4", "P29_007": "0", "P29_008": "00", "P29_009": null }, "geometry": { "type": "Point", "coordinates": [ 140.016734867993705, 35.884199758559475 ] } },
{ "type": "Feature", "properties": { "P29_001": "12224", "P29_002": "A112310003334", "P29_003": "16011", "P29_004": "さつま幼稚園", "P29_005": "千葉県鎌ケ谷市佐津間893", "P29_006": "4", "P29_007": "0", "P29_008": "00", "P29_009": null }, "geometry": { "type": "Point", "coordinates": [ 140.006568254302067, 35.799288940808609 ] } },
{ "type": "Feature", "properties": { "P29_001": "12225", "P29_002": "A112310003361", "P29_003": "16011", "P29_004": "清和大学附属八重原幼稚園", "P29_005": "千葉県君津市南子安1377", "P29_006": "4", "P29_007": "0", "P29_008": "00", "P29_009": null }, "geometry": { "type": "Point", "coordinates": [ 139.92939949508974, 35.330677619626464 ] } },
{ "type": "Feature", "properties": { "P29_001": "12226", "P29_002": "A112310003405", "P29_003": "16011", "P29_004": "大佐和幼稚園", "P29_005": "千葉県富津市千種新田442", "P29_006": "4", "P29_007": "0", "P29_008": "00", "P29_009": null }, "geometry": { "type": "Point", "coordinates": [ 139.855287366973471, 35.288813188744967 ] } },
{ "type": "Feature", "properties": { "P29_001": "12227", "P29_002": "A112310003432", "P29_003": "16011", "P29_004": "学校法人アゼリー学園浦安幼稚園", "P29_005": "千葉県浦安市富岡3-3-1", "P29_006": "4", "P29_007": "0", "P29_008": "00", "P29_009": null }, "geometry": { "type": "Point", "coordinates": [ 139.902224129901384, 35.642868230405185 ] } },
{ "type": "Feature", "properties": { "P29_001": "12228", "P29_002": "A112310003520", "P29_003": "16011", "P29_004": "くりやま幼稚園", "P29_005": "千葉県四街道市栗山296", "P29_006": "4", "P29_007": "0", "P29_008": "00", "P29_009": null }, "geometry": { "type": "Point", "coordinates": [ 140.17586247093152, 35.675058154453211 ] } },
{ "type": "Feature", "properties": { "P29_001": "12230", "P29_002": "A112310003628", "P29_003": "16011", "P29_004": "八街文化幼稚園", "P29_005": "千葉県八街市八街ほ1041-31", "P29_006": "4", "P29_007": "0", "P29_008": "00", "P29_009": null }, "geometry": { "type": "Point", "coordinates": [ 140.31883222013127, 35.641227674794237 ] } },
{ "type": "Feature", "properties": { "P29_001": "12230", "P29_002": "A112310003646", "P29_003": "16011", "P29_004": "八街すずらん幼稚園", "P29_005": "千葉県八街市八街い163-40", "P29_006": "4", "P29_007": "0", "P29_008": "00", "P29_009": null }, "geometry": { "type": "Point", "coordinates": [ 140.290398096716444, 35.647968583431755 ] } },
{ "type": "Feature", "properties": { "P29_001": "12233", "P29_002": "A112310003664", "P29_003": "16011", "P29_004": "末広幼稚園", "P29_005": "千葉県富里市七栄647-41", "P29_006": "4", "P29_007": "0", "P29_008": "00", "P29_009": null }, "geometry": { "type": "Point", "coordinates": [ 140.331082288104824, 35.74114254754133 ] } },
{ "type": "Feature", "properties": { "P29_001": "12232", "P29_002": "A112310003726", "P29_003": "16011", "P29_004": "英幼稚園", "P29_005": "千葉県白井市大山口2-2-2", "P29_006": "4", "P29_007": "0", "P29_008": "00", "P29_009": null }, "geometry": { "type": "Point", "coordinates": [ 140.023089387370817, 35.786627881143836 ] } },
{ "type": "Feature", "properties": { "P29_001": "12329", "P29_002": "A112310003806", "P29_003": "16011", "P29_004": "ながと幼稚園", "P29_005": "千葉県印旛郡栄町脇川116", "P29_006": "4", "P29_007": "0", "P29_008": "00", "P29_009": null }, "geometry": { "type": "Point", "coordinates": [ 140.228172977467409, 35.841073735562539 ] } },
{ "type": "Feature", "properties": { "P29_001": "12409", "P29_002": "A112310003897", "P29_003": "16011", "P29_004": "みつば幼稚園", "P29_005": "千葉県山武郡芝山町宝馬21-4", "P29_006": "4", "P29_007": "0", "P29_008": "00", "P29_009": null }, "geometry": { "type": "Point", "coordinates": [ 140.397431223371996, 35.71657363262495 ] } },
{ "type": "Feature", "properties": { "P29_001": "12427", "P29_002": "A112310003904", "P29_003": "16011", "P29_004": "長生学園幼稚園", "P29_005": "千葉県長生郡長南町長南379", "P29_006": "4", "P29_007": "0", "P29_008": "00", "P29_009": null }, "geometry": { "type": "Point", "coordinates": [ 140.23231542365491, 35.39022299408532 ] } },
{ "type": "Feature", "properties": { "P29_001": "12229", "P29_002": "A112310003913", "P29_003": "16011", "P29_004": "袖ヶ浦桜ヶ丘幼稚園", "P29_005": "千葉県袖ケ浦市久保田2848-156", "P29_006": "4", "P29_007": "0", "P29_008": "00", "P29_009": null }, "geometry": { "type": "Point", "coordinates": [ 140.019413825056461, 35.452568831160647 ] } },
{ "type": "Feature", "properties": { "P29_001": "12229", "P29_002": "A112310003922", "P29_003": "16011", "P29_004": "蔵波台さつき幼稚園", "P29_005": "千葉県袖ケ浦市蔵波台6-7-22", "P29_006": "4", "P29_007": "0", "P29_008": "00", "P29_009": null }, "geometry": { "type": "Point", "coordinates": [ 140.002161423560494, 35.436778785223616 ] } }
]
}
