{
"type": "FeatureCollection",
"name": "geo_12_通所介護",
"crs": { "type": "name", "properties": { "name": "urn:ogc:def:crs:OGC:1.3:CRS84" } },
"features": [
{ "type": "Feature", "properties": { "内容": "デイサービス白雲【通所介護】千葉市中央区弁天3-17-2", "url": "https://www.kaigokensaku.mhlw.go.jp/12/index.php?action_kouhyou_detail_004_kani=true&JigyosyoCd=1270101544-00&ServiceCd=150&Type=search", "url2": "http://www.kaigo-levee.com" }, "geometry": { "type": "Point", "coordinates": [ 140.111387799999989, 35.6205452 ] } },
{ "type": "Feature", "properties": { "内容": "デイはつらつ浜野【通所介護】千葉県千葉市中央区浜野町338番地1", "url": "https://www.kaigokensaku.mhlw.go.jp/12/index.php?action_kouhyou_detail_004_kani=true&JigyosyoCd=1270100991-00&ServiceCd=150&Type=search", "url2": "http://www.haturatu.or.jp/sub4.html" }, "geometry": { "type": "Point", "coordinates": [ 140.140846900000042, 35.5534856 ] } },
{ "type": "Feature", "properties": { "内容": "デイサービスcarelabo院内【通所介護】院内1-8-8ゴリアテビル2階", "url": "https://www.kaigokensaku.mhlw.go.jp/12/index.php?action_kouhyou_detail_004_kani=true&JigyosyoCd=1270105727-00&ServiceCd=150&Type=search", "url2": "https://cocolabo-care.com/" }, "geometry": { "type": "Point", "coordinates": [ 140.1236663, 35.6128318 ] } },
{ "type": "Feature", "properties": { "内容": "杜の樹デイサービス千葉中央【通所介護】千葉県千葉市中央区旭町24-19", "url": "https://www.kaigokensaku.mhlw.go.jp/12/index.php?action_kouhyou_detail_004_kani=true&JigyosyoCd=1270105065-00&ServiceCd=150&Type=search", "url2": "http://www.forest-grp.co.jp/" }, "geometry": { "type": "Point", "coordinates": [ 140.135478099999972, 35.6090412 ] } },
{ "type": "Feature", "properties": { "内容": "ブルーミングケア千葉中央【通所介護】千葉県千葉市中央区矢作町185-11", "url": "https://www.kaigokensaku.mhlw.go.jp/12/index.php?action_kouhyou_detail_004_kani=true&JigyosyoCd=1270105644-00&ServiceCd=150&Type=search", "url2": "https://emika-care.co.jp/Blooming-care.html" }, "geometry": { "type": "Point", "coordinates": [ 140.141854599999988, 35.6074267 ] } },
{ "type": "Feature", "properties": { "内容": "デイサービスセンターピアポート千寿苑【通所介護】千葉県千葉市中央区問屋町６番4号", "url": "https://www.kaigokensaku.mhlw.go.jp/12/index.php?action_kouhyou_detail_004_kani=true&JigyosyoCd=1270101940-00&ServiceCd=150&Type=search", "url2": "http://www.yuuwakai.jp/" }, "geometry": { "type": "Point", "coordinates": [ 140.111212799999947, 35.600713399999989 ] } },
{ "type": "Feature", "properties": { "内容": "あずみ苑おゆみ【通所介護】千葉市中央区生実1850-7", "url": "https://www.kaigokensaku.mhlw.go.jp/12/index.php?action_kouhyou_detail_004_kani=true&JigyosyoCd=1270102377-00&ServiceCd=150&Type=search", "url2": "https://www.azumien.jp/search/oyumi/" }, "geometry": { "type": "Point", "coordinates": [ 140.149645100000043, 35.5576479 ] } },
{ "type": "Feature", "properties": { "内容": "次世代型デイサービスＲＩＺＥ【通所介護】千葉県千葉市中央区新千葉３－１０－２０", "url": "https://www.kaigokensaku.mhlw.go.jp/12/index.php?action_kouhyou_detail_004_kani=true&JigyosyoCd=1270103052-00&ServiceCd=150&Type=search", "url2": "http://www.ichirin.or.jp/" }, "geometry": { "type": "Point", "coordinates": [ 140.105834700000059, 35.6146683 ] } },
{ "type": "Feature", "properties": { "内容": "セントケアちばデイサービスセンター【通所介護】千葉市中央区蘇我町2-5-3", "url": "https://www.kaigokensaku.mhlw.go.jp/12/index.php?action_kouhyou_detail_004_kani=true&JigyosyoCd=1270102203-00&ServiceCd=150&Type=search", "url2": "http://www.saint-care.com/" }, "geometry": { "type": "Point", "coordinates": [ 140.132119, 35.573171 ] } },
{ "type": "Feature", "properties": { "内容": "ツクイ千葉中央仁戸名町【通所介護】千葉県千葉市中央区仁戸名町76", "url": "https://www.kaigokensaku.mhlw.go.jp/12/index.php?action_kouhyou_detail_004_kani=true&JigyosyoCd=1270105883-00&ServiceCd=150&Type=search", "url2": "https://www.tsukui.net/" }, "geometry": { "type": "Point", "coordinates": [ 140.159677123578348, 35.595236039274781 ] } },
{ "type": "Feature", "properties": { "内容": "タカサデイルーム青葉の森【通所介護】千葉県千葉市中央区青葉町１２７３－３", "url": "https://www.kaigokensaku.mhlw.go.jp/12/index.php?action_kouhyou_detail_004_kani=true&JigyosyoCd=1270103748-00&ServiceCd=150&Type=search", "url2": "www.takasa.co.jp" }, "geometry": { "type": "Point", "coordinates": [ 140.138763400000016, 35.6005913 ] } },
{ "type": "Feature", "properties": { "内容": "生実ケアセンターそよ風【通所介護】千葉県千葉市中央区生実町1967-8", "url": "https://www.kaigokensaku.mhlw.go.jp/12/index.php?action_kouhyou_detail_004_kani=true&JigyosyoCd=1270100819-00&ServiceCd=150&Type=search", "url2": "http://www.sykz.co.jp" }, "geometry": { "type": "Point", "coordinates": [ 140.146199499999966, 35.5614578 ] } },
{ "type": "Feature", "properties": { "内容": "医療法人社団福寿会　デイサービスひまわり【通所介護】千葉県千葉市中央区今井2-7-9", "url": "https://www.kaigokensaku.mhlw.go.jp/12/index.php?action_kouhyou_detail_004_kani=true&JigyosyoCd=1270101163-00&ServiceCd=150&Type=search", "url2": null }, "geometry": { "type": "Point", "coordinates": [ 140.130391599999939, 35.5795233 ] } },
{ "type": "Feature", "properties": { "内容": "癒しのデイサービス千葉中央【通所介護】千葉県千葉市中央区都町1-19-11", "url": "https://www.kaigokensaku.mhlw.go.jp/12/index.php?action_kouhyou_detail_004_kani=true&JigyosyoCd=1270102989-00&ServiceCd=150&Type=search", "url2": "http://www.riei.co.jp/" }, "geometry": { "type": "Point", "coordinates": [ 140.142301500000031, 35.6131288 ] } },
{ "type": "Feature", "properties": { "内容": "ツクイ千葉みなと町【通所介護】千葉県千葉市中央区港町25-36", "url": "https://www.kaigokensaku.mhlw.go.jp/12/index.php?action_kouhyou_detail_004_kani=true&JigyosyoCd=1270104241-00&ServiceCd=150&Type=search", "url2": "http://www.tsukui.net" }, "geometry": { "type": "Point", "coordinates": [ 140.120834, 35.5994508 ] } },
{ "type": "Feature", "properties": { "内容": "中央いきいきプラザ内デイサービスセンター【通所介護】千葉県千葉市松ヶ丘町257-1千葉市中央いきいきプラザ", "url": "https://www.kaigokensaku.mhlw.go.jp/12/index.php?action_kouhyou_detail_004_kani=true&JigyosyoCd=1270104472-00&ServiceCd=150&Type=search", "url2": "http://shafuku-chiba.jp/" }, "geometry": { "type": "Point", "coordinates": [ 140.151667, 35.5878813 ] } },
{ "type": "Feature", "properties": { "内容": "ニチイケアセンターはまの【通所介護】千葉県千葉市中央区村田町１２２６", "url": "https://www.kaigokensaku.mhlw.go.jp/12/index.php?action_kouhyou_detail_004_kani=true&JigyosyoCd=1270100678-00&ServiceCd=150&Type=search", "url2": "http://www.nichiigakkan.co.jp" }, "geometry": { "type": "Point", "coordinates": [ 140.132078299999989, 35.5497984 ] } },
{ "type": "Feature", "properties": { "内容": "ヒューマンライフケア千葉院内の湯【通所介護】千葉県千葉市中央区院内一丁目７番６号", "url": "https://www.kaigokensaku.mhlw.go.jp/12/index.php?action_kouhyou_detail_004_kani=true&JigyosyoCd=1270102914-00&ServiceCd=150&Type=search", "url2": "https://kaigo.human-lifecare.jp/facilities/ds027_ChibaInnai/summary.html" }, "geometry": { "type": "Point", "coordinates": [ 140.1234442, 35.6133429 ] } },
{ "type": "Feature", "properties": { "内容": "SOMPOケア千葉都町デイサービス【通所介護】千葉県千葉市中央区都町5ｰ3ｰ8", "url": "https://www.kaigokensaku.mhlw.go.jp/12/index.php?action_kouhyou_detail_004_kani=true&JigyosyoCd=1270105032-00&ServiceCd=150&Type=search", "url2": "https://www.sompocare.com/service/zaitaku/dayservice/Z000330" }, "geometry": { "type": "Point", "coordinates": [ 140.14768950000007, 35.6113925 ] } },
{ "type": "Feature", "properties": { "内容": "淑徳共生苑通所介護事業所【通所介護】千葉市中央区生実町２４０７－１", "url": "https://www.kaigokensaku.mhlw.go.jp/12/index.php?action_kouhyou_detail_004_kani=true&JigyosyoCd=1270102161-00&ServiceCd=150&Type=search", "url2": "http://www.kyoseien.jp/" }, "geometry": { "type": "Point", "coordinates": [ 140.15382390000002, 35.567108 ] } },
{ "type": "Feature", "properties": { "内容": "デイサービスセンターシンシア【通所介護】千葉県千葉市中央区生実町1711-1", "url": "https://www.kaigokensaku.mhlw.go.jp/12/index.php?action_kouhyou_detail_004_kani=true&JigyosyoCd=1270104696-00&ServiceCd=150&Type=search", "url2": "http://www.shinshia-sp.com/" }, "geometry": { "type": "Point", "coordinates": [ 140.144089799999961, 35.5643638 ] } },
{ "type": "Feature", "properties": { "内容": "赤かぶ園デイサービスセンター【通所介護】千葉県千葉市中央区赤井町３３－１", "url": "https://www.kaigokensaku.mhlw.go.jp/12/index.php?action_kouhyou_detail_004_kani=true&JigyosyoCd=1270101403-00&ServiceCd=150&Type=search", "url2": null }, "geometry": { "type": "Point", "coordinates": [ 140.150402399999962, 35.5700134 ] } },
{ "type": "Feature", "properties": { "内容": "イリーゼ千葉新宿デイサービスセンター【通所介護】新宿２－１６－２２", "url": "https://www.kaigokensaku.mhlw.go.jp/12/index.php?action_kouhyou_detail_004_kani=true&JigyosyoCd=1270106006-00&ServiceCd=150&Type=search", "url2": "https://www.irs.jp/" }, "geometry": { "type": "Point", "coordinates": [ 139.7086989, 35.6913817 ] } },
{ "type": "Feature", "properties": { "内容": "デイサービス　ポピー【通所介護】千葉市花見川区犢橋町678-1ｻｰﾋﾞｽ付高齢者住宅　ポピーの家", "url": "https://www.kaigokensaku.mhlw.go.jp/12/index.php?action_kouhyou_detail_004_kani=true&JigyosyoCd=1270202904-00&ServiceCd=150&Type=search", "url2": null }, "geometry": { "type": "Point", "coordinates": [ 140.113084800000024, 35.6732684 ] } },
{ "type": "Feature", "properties": { "内容": "花見川いきいきプラザ内デイサービスセンター【通所介護】千葉県千葉市花見川区三角町750", "url": "https://www.kaigokensaku.mhlw.go.jp/12/index.php?action_kouhyou_detail_004_kani=true&JigyosyoCd=1270203241-00&ServiceCd=150&Type=search", "url2": "https://www.shafuku-chiba.jp/hanamigawa/outline/dei.html" }, "geometry": { "type": "Point", "coordinates": [ 140.116294899999957, 35.6733752 ] } },
{ "type": "Feature", "properties": { "内容": "デイサービスパーク【通所介護】千葉県千葉市花見川区幕張本郷6-20-24", "url": "https://www.kaigokensaku.mhlw.go.jp/12/index.php?action_kouhyou_detail_004_kani=true&JigyosyoCd=1270201799-00&ServiceCd=150&Type=search", "url2": "https://www.sakura-park.co.jp/" }, "geometry": { "type": "Point", "coordinates": [ 140.043747599999989, 35.6753407 ] } },
{ "type": "Feature", "properties": { "内容": "サニーライフ幕張デイサービス【通所介護】千葉県千葉市花見川区幕張町３丁目１５１４番１", "url": "https://www.kaigokensaku.mhlw.go.jp/12/index.php?action_kouhyou_detail_004_kani=true&JigyosyoCd=1270203126-00&ServiceCd=150&Type=search", "url2": null }, "geometry": { "type": "Point", "coordinates": [ 140.054853768261779, 35.667185206115171 ] } },
{ "type": "Feature", "properties": { "内容": "パーク検見川【通所介護】千葉県千葉市花見川区検見川町２－４６４－７", "url": "https://www.kaigokensaku.mhlw.go.jp/12/index.php?action_kouhyou_detail_004_kani=true&JigyosyoCd=1270202581-00&ServiceCd=150&Type=search", "url2": "http://www.sakura-park.co.jp/" }, "geometry": { "type": "Point", "coordinates": [ 140.064026099999978, 35.6490927 ] } },
{ "type": "Feature", "properties": { "内容": "デイサービスセンターからたち【通所介護】千葉県千葉市花見川区幕張町5-225", "url": "https://www.kaigokensaku.mhlw.go.jp/12/index.php?action_kouhyou_detail_004_kani=true&JigyosyoCd=1270200650-00&ServiceCd=150&Type=search", "url2": "http://www.min-iren-c-fukushikai.com/" }, "geometry": { "type": "Point", "coordinates": [ 140.059640039286819, 35.655710022108245 ] } },
{ "type": "Feature", "properties": { "内容": "あさひデイサービスセンター【通所介護】千葉県千葉市花見川区宮野木台２－２－１２", "url": "https://www.kaigokensaku.mhlw.go.jp/12/index.php?action_kouhyou_detail_004_kani=true&JigyosyoCd=1270200437-00&ServiceCd=150&Type=search", "url2": "http://www.keiyukai.or.jp/" }, "geometry": { "type": "Point", "coordinates": [ 140.092331599999966, 35.656680899999976 ] } },
{ "type": "Feature", "properties": { "内容": "幕張ケアセンターそよ風【通所介護】千葉県千葉市花見川区幕張町６－６７幕張ケアセンターそよ風", "url": "https://www.kaigokensaku.mhlw.go.jp/12/index.php?action_kouhyou_detail_004_kani=true&JigyosyoCd=1270202730-00&ServiceCd=150&Type=search", "url2": "http://www.unimat-soyokaze.co.jp/" }, "geometry": { "type": "Point", "coordinates": [ 140.060612790460226, 35.66314629460139 ] } },
{ "type": "Feature", "properties": { "内容": "富家リハビリセンター花見川【通所介護】千葉県千葉市花見川区千種町87番地", "url": "https://www.kaigokensaku.mhlw.go.jp/12/index.php?action_kouhyou_detail_004_kani=true&JigyosyoCd=1270203472-00&ServiceCd=150&Type=search", "url2": null }, "geometry": { "type": "Point", "coordinates": [ 140.1071452, 35.680306100000031 ] } },
{ "type": "Feature", "properties": { "内容": "あおぞらの里　花見川デイサービスセンター【通所介護】千葉県千葉市花見川区畑町467-5", "url": "https://www.kaigokensaku.mhlw.go.jp/12/index.php?action_kouhyou_detail_004_kani=true&JigyosyoCd=1270200643-00&ServiceCd=150&Type=search", "url2": "https://www.cedar-group.co.jp" }, "geometry": { "type": "Point", "coordinates": [ 140.08830910000006, 35.6600447 ] } },
{ "type": "Feature", "properties": { "内容": "デイサービスセンターりんりん【通所介護】千葉県千葉市花見川区宇那谷町１７３５", "url": "https://www.kaigokensaku.mhlw.go.jp/12/index.php?action_kouhyou_detail_004_kani=true&JigyosyoCd=1270201690-00&ServiceCd=150&Type=search", "url2": "http://www.ichirin.or.jp" }, "geometry": { "type": "Point", "coordinates": [ 140.135838199999966, 35.6794269 ] } },
{ "type": "Feature", "properties": { "内容": "畑町ケアセンターそよ風【通所介護】千葉県千葉市花見川区畑町1334-1", "url": "https://www.kaigokensaku.mhlw.go.jp/12/index.php?action_kouhyou_detail_004_kani=true&JigyosyoCd=1270202227-00&ServiceCd=150&Type=search", "url2": "http://www.unimat-soyokaze.co.jp" }, "geometry": { "type": "Point", "coordinates": [ 140.079816455819696, 35.666940912265758 ] } },
{ "type": "Feature", "properties": { "内容": "ゆかり花見川　デイサービスセンターフルール【通所介護】千葉県千葉市花見川区千種町365-3", "url": "https://www.kaigokensaku.mhlw.go.jp/12/index.php?action_kouhyou_detail_004_kani=true&JigyosyoCd=1270203514-00&ServiceCd=150&Type=search", "url2": "http://yukari-gr.jp" }, "geometry": { "type": "Point", "coordinates": [ 140.1203873, 35.6811493 ] } },
{ "type": "Feature", "properties": { "内容": "パーク花見川【通所介護】千葉県千葉市花見川区長作町189-1", "url": "https://www.kaigokensaku.mhlw.go.jp/12/index.php?action_kouhyou_detail_004_kani=true&JigyosyoCd=1270203522-00&ServiceCd=150&Type=search", "url2": "https://www.sakura-park.co.jp/company.html" }, "geometry": { "type": "Point", "coordinates": [ 140.0683328, 35.6777097 ] } },
{ "type": "Feature", "properties": { "内容": "晴山苑デイサービスセンター【通所介護】千葉県千葉市花見川区花島町１４９－１", "url": "https://www.kaigokensaku.mhlw.go.jp/12/index.php?action_kouhyou_detail_004_kani=true&JigyosyoCd=1270200098-00&ServiceCd=150&Type=search", "url2": "https://seizan-kai.or.jp/" }, "geometry": { "type": "Point", "coordinates": [ 140.098505299999943, 35.6803673 ] } },
{ "type": "Feature", "properties": { "内容": "かがやきデイサービス千葉さつきが丘【通所介護】千葉県千葉市花見川区さつきが丘1-24-5なごやかレジデンス千葉さつきが丘", "url": "https://www.kaigokensaku.mhlw.go.jp/12/index.php?action_kouhyou_detail_004_kani=true&JigyosyoCd=1270202789-00&ServiceCd=150&Type=search", "url2": "https://www.ymmd.co.jp/" }, "geometry": { "type": "Point", "coordinates": [ 140.0952062, 35.662858 ] } },
{ "type": "Feature", "properties": { "内容": "リアンデイサービスまくはり【通所介護】千葉県千葉市花見川区瑞穂１－１２－１３", "url": "https://www.kaigokensaku.mhlw.go.jp/12/index.php?action_kouhyou_detail_004_kani=true&JigyosyoCd=1270203050-00&ServiceCd=150&Type=search", "url2": "https://lien-care.com/info/" }, "geometry": { "type": "Point", "coordinates": [ 140.070340100000067, 35.665946 ] } },
{ "type": "Feature", "properties": { "内容": "ニチイケアセンターさつきが丘【通所介護】千葉市花見川区さつきが丘2-28-15", "url": "https://www.kaigokensaku.mhlw.go.jp/12/index.php?action_kouhyou_detail_004_kani=true&JigyosyoCd=1270200981-00&ServiceCd=150&Type=search", "url2": "http://www.nichiigakkan.co.jp" }, "geometry": { "type": "Point", "coordinates": [ 140.0932027, 35.6682247 ] } },
{ "type": "Feature", "properties": { "内容": "ヤックスデイサービスセンター新検見川【通所介護】千葉県千葉市花見川区畑町1425", "url": "https://www.kaigokensaku.mhlw.go.jp/12/index.php?action_kouhyou_detail_004_kani=true&JigyosyoCd=1270200320-00&ServiceCd=150&Type=search", "url2": "http://www.yacs.jp/home/" }, "geometry": { "type": "Point", "coordinates": [ 140.077943900000037, 35.6637965 ] } },
{ "type": "Feature", "properties": { "内容": "青春道場春風【通所介護】千葉市稲毛区宮野木町１７２２の１１９", "url": "https://www.kaigokensaku.mhlw.go.jp/12/index.php?action_kouhyou_detail_004_kani=true&JigyosyoCd=1270301250-00&ServiceCd=150&Type=search", "url2": "www.avance1105.co.jp" }, "geometry": { "type": "Point", "coordinates": [ 140.108066199999939, 35.6540652 ] } },
{ "type": "Feature", "properties": { "内容": "健康サポートげんき千葉作草部【通所介護】千葉県千葉市稲毛区作草部町545-1", "url": "https://www.kaigokensaku.mhlw.go.jp/12/index.php?action_kouhyou_detail_004_kani=true&JigyosyoCd=1270302209-00&ServiceCd=150&Type=search", "url2": "http://kaigo-next.com/serach/detail/890/" }, "geometry": { "type": "Point", "coordinates": [ 140.1200493, 35.624526 ] } },
{ "type": "Feature", "properties": { "内容": "デイサービスリハ＆リゾートＲ－ｉｎｇ【通所介護】千葉県千葉市稲毛区稲毛町５－８７－１", "url": "https://www.kaigokensaku.mhlw.go.jp/12/index.php?action_kouhyou_detail_004_kani=true&JigyosyoCd=1270302332-00&ServiceCd=150&Type=search", "url2": "http://ichirin.or.jp" }, "geometry": { "type": "Point", "coordinates": [ 140.078838899999937, 35.6404021 ] } },
{ "type": "Feature", "properties": { "内容": "ステップ・ワン京葉【通所介護】千葉県千葉市稲毛区長沼町116-1-101", "url": "https://www.kaigokensaku.mhlw.go.jp/12/index.php?action_kouhyou_detail_004_kani=true&JigyosyoCd=1270300443-00&ServiceCd=150&Type=search", "url2": "http://www.sunrise-j.com/" }, "geometry": { "type": "Point", "coordinates": [ 140.119942700000024, 35.6631699 ] } },
{ "type": "Feature", "properties": { "内容": "稲毛グループホーム【通所介護】千葉市稲毛区園生町153-1", "url": "https://www.kaigokensaku.mhlw.go.jp/12/index.php?action_kouhyou_detail_004_kani=true&JigyosyoCd=1270300740-00&ServiceCd=150&Type=search", "url2": "https://uguisukai.chiba.me/" }, "geometry": { "type": "Point", "coordinates": [ 140.101722500000079, 35.64783520000001 ] } },
{ "type": "Feature", "properties": { "内容": "ツクイ小仲台【通所介護】千葉市稲毛区小仲台6-16-6", "url": "https://www.kaigokensaku.mhlw.go.jp/12/index.php?action_kouhyou_detail_004_kani=true&JigyosyoCd=1270300393-00&ServiceCd=150&Type=search", "url2": "http:/www.tsukui.net" }, "geometry": { "type": "Point", "coordinates": [ 140.0933954, 35.6397146 ] } },
{ "type": "Feature", "properties": { "内容": "稲毛こひつじ園デイサービスセンター【通所介護】千葉県千葉市稲毛区萩台町３８０－２", "url": "https://www.kaigokensaku.mhlw.go.jp/12/index.php?action_kouhyou_detail_004_kani=true&JigyosyoCd=1270300948-00&ServiceCd=150&Type=search", "url2": "http://kohitsujien.com/" }, "geometry": { "type": "Point", "coordinates": [ 140.121416700000026, 35.6442563 ] } },
{ "type": "Feature", "properties": { "内容": "石橋接骨院介護予防デイサービス【通所介護】千葉市稲毛区宮野木町１６４９－１７寿荘1階", "url": "https://www.kaigokensaku.mhlw.go.jp/12/index.php?action_kouhyou_detail_004_kani=true&JigyosyoCd=1270301003-00&ServiceCd=150&Type=search", "url2": "http://www2.odn.ne.jp/seikotu/" }, "geometry": { "type": "Point", "coordinates": [ 140.1060587, 35.6524302 ] } },
{ "type": "Feature", "properties": { "内容": "エスケアステーション千葉稲毛デイサービス【通所介護】千葉県千葉市稲毛区園生町451番13", "url": "https://www.kaigokensaku.mhlw.go.jp/12/index.php?action_kouhyou_detail_004_kani=true&JigyosyoCd=1270302233-00&ServiceCd=150&Type=search", "url2": "http://www.s-caremate.co.jp/" }, "geometry": { "type": "Point", "coordinates": [ 140.113697949598674, 35.643401537484287 ] } },
{ "type": "Feature", "properties": { "内容": "リハビリスタジオてぃーだ小仲台【通所介護】千葉県千葉市稲毛区小仲台8-5-6", "url": "https://www.kaigokensaku.mhlw.go.jp/12/index.php?action_kouhyou_detail_004_kani=true&JigyosyoCd=1270301664-00&ServiceCd=150&Type=search", "url2": "http://tida-ds.jimdo.com/" }, "geometry": { "type": "Point", "coordinates": [ 140.086451899999929, 35.6474987 ] } },
{ "type": "Feature", "properties": { "内容": "癒しのデイサービス稲毛園生【通所介護】千葉県千葉市稲毛区園生町268-3", "url": "https://www.kaigokensaku.mhlw.go.jp/12/index.php?action_kouhyou_detail_004_kani=true&JigyosyoCd=1270302449-00&ServiceCd=150&Type=search", "url2": "http://www.c-24.jp/home/inage/" }, "geometry": { "type": "Point", "coordinates": [ 140.106933, 35.6502323 ] } },
{ "type": "Feature", "properties": { "内容": "癒しのデイサービス稲毛【通所介護】千葉県千葉市稲毛区長沼町252-5癒しのデイサービス稲毛", "url": "https://www.kaigokensaku.mhlw.go.jp/12/index.php?action_kouhyou_detail_004_kani=true&JigyosyoCd=1270301334-00&ServiceCd=150&Type=search", "url2": "http://www.riei.co.jp/" }, "geometry": { "type": "Point", "coordinates": [ 140.114707100000032, 35.6557764 ] } },
{ "type": "Feature", "properties": { "内容": "デイサービスセンターソレイユ千葉北【通所介護】千葉市稲毛区長沼原町250番地", "url": "https://www.kaigokensaku.mhlw.go.jp/12/index.php?action_kouhyou_detail_004_kani=true&JigyosyoCd=1270300120-00&ServiceCd=150&Type=search", "url2": "https://www.soreiyu.or.jp" }, "geometry": { "type": "Point", "coordinates": [ 140.127532300000013, 35.6703258 ] } },
{ "type": "Feature", "properties": { "内容": "いなげケアセンターそよ風【通所介護】千葉県千葉市稲毛区穴川3-6-12いなげケアセンターそよ風", "url": "https://www.kaigokensaku.mhlw.go.jp/12/index.php?action_kouhyou_detail_004_kani=true&JigyosyoCd=1270300534-00&ServiceCd=150&Type=search", "url2": "http://www.sykz-rc.co.jp" }, "geometry": { "type": "Point", "coordinates": [ 140.108077500000036, 35.6373814 ] } },
{ "type": "Feature", "properties": { "内容": "プラチナ・デイサービスセンターいなげ【通所介護】千葉県千葉市稲毛区山王町103-4", "url": "https://www.kaigokensaku.mhlw.go.jp/12/index.php?action_kouhyou_detail_004_kani=true&JigyosyoCd=1270301094-00&ServiceCd=150&Type=search", "url2": "http:/www.lakes-21.com" }, "geometry": { "type": "Point", "coordinates": [ 140.143993905588189, 35.662926270008398 ] } },
{ "type": "Feature", "properties": { "内容": "生活クラブ風の村デイサービスセンター作草部【通所介護】千葉市稲毛区作草部1-15-17", "url": "https://www.kaigokensaku.mhlw.go.jp/12/index.php?action_kouhyou_detail_004_kani=true&JigyosyoCd=1270302506-00&ServiceCd=150&Type=search", "url2": null }, "geometry": { "type": "Point", "coordinates": [ 140.115196800000035, 35.627941799999981 ] } },
{ "type": "Feature", "properties": { "内容": "桃花苑デイサービスセンター【通所介護】千葉県千葉市稲毛区山王町255-3", "url": "https://www.kaigokensaku.mhlw.go.jp/12/index.php?action_kouhyou_detail_004_kani=true&JigyosyoCd=1270302514-00&ServiceCd=150&Type=search", "url2": "http://www.souju-kai.or.jp/" }, "geometry": { "type": "Point", "coordinates": [ 140.134983144891322, 35.664320673612643 ] } },
{ "type": "Feature", "properties": { "内容": "ツクイみつわ台【通所介護】千葉県千葉市若葉区みつわ台2-26", "url": "https://www.kaigokensaku.mhlw.go.jp/12/index.php?action_kouhyou_detail_004_kani=true&JigyosyoCd=1270401753-00&ServiceCd=150&Type=search", "url2": "http://www.tsukui.net" }, "geometry": { "type": "Point", "coordinates": [ 140.1310785, 35.6374652 ] } },
{ "type": "Feature", "properties": { "内容": "デイサービスセンターらいふリハ【通所介護】千葉県千葉市若葉区源町563-5", "url": "https://www.kaigokensaku.mhlw.go.jp/12/index.php?action_kouhyou_detail_004_kani=true&JigyosyoCd=1270401852-00&ServiceCd=150&Type=search", "url2": "http://www.kouboukai.net/service/raifuriha-chiba/" }, "geometry": { "type": "Point", "coordinates": [ 140.134514200000012, 35.6497036 ] } },
{ "type": "Feature", "properties": { "内容": "デイサービスセンター　ケアサポート寿クラブ【通所介護】千葉県千葉市若葉区小倉町829-1", "url": "https://www.kaigokensaku.mhlw.go.jp/12/index.php?action_kouhyou_detail_004_kani=true&JigyosyoCd=1270403502-00&ServiceCd=150&Type=search", "url2": "https://www.care-support.biz/facilities/kotobukiclub/" }, "geometry": { "type": "Point", "coordinates": [ 140.1762014, 35.6207568 ] } },
{ "type": "Feature", "properties": { "内容": "リハビリ特化型デイサービスアクティブスタジオさくら【通所介護】千葉県千葉市若葉区桜木7-13-2第5ライブリービル1階", "url": "https://www.kaigokensaku.mhlw.go.jp/12/index.php?action_kouhyou_detail_004_kani=true&JigyosyoCd=1270404054-00&ServiceCd=150&Type=search", "url2": "http://a-gain.jp/" }, "geometry": { "type": "Point", "coordinates": [ 140.1596845, 35.6307807 ] } },
{ "type": "Feature", "properties": { "内容": "飯倉整骨院デイサービスすずかけ【通所介護】千葉市若葉区大宮台７－１２－２", "url": "https://www.kaigokensaku.mhlw.go.jp/12/index.php?action_kouhyou_detail_004_kani=true&JigyosyoCd=1270400540-00&ServiceCd=150&Type=search", "url2": "http://www.iikura-group.jp" }, "geometry": { "type": "Point", "coordinates": [ 140.182495199999948, 35.5976715 ] } },
{ "type": "Feature", "properties": { "内容": "リハビリ特化型デイサービスアクティブスタジオ若葉【通所介護】千葉県千葉市若葉区貝塚2-3-41クレスト102", "url": "https://www.kaigokensaku.mhlw.go.jp/12/index.php?action_kouhyou_detail_004_kani=true&JigyosyoCd=1270403445-00&ServiceCd=150&Type=search", "url2": "http://a-gain.jp" }, "geometry": { "type": "Point", "coordinates": [ 140.149956174522032, 35.629570425458958 ] } },
{ "type": "Feature", "properties": { "内容": "デイサービスきたえるーむ千葉みつわ台【通所介護】千葉県千葉市若葉区みつわ台3-9-7", "url": "https://www.kaigokensaku.mhlw.go.jp/12/index.php?action_kouhyou_detail_004_kani=true&JigyosyoCd=1270402942-00&ServiceCd=150&Type=search", "url2": "http://kitaeroom.com/" }, "geometry": { "type": "Point", "coordinates": [ 140.135453200000029, 35.63974690000002 ] } },
{ "type": "Feature", "properties": { "内容": "デイサービスきたえるーむ千葉東寺山【通所介護】千葉県千葉市若葉区東寺山町1008", "url": "https://www.kaigokensaku.mhlw.go.jp/12/index.php?action_kouhyou_detail_004_kani=true&JigyosyoCd=1270403320-00&ServiceCd=150&Type=search", "url2": "http://kitaeroom.com/" }, "geometry": { "type": "Point", "coordinates": [ 140.132398100000046, 35.6333053 ] } },
{ "type": "Feature", "properties": { "内容": "若葉ケアコミュニティそよ風【通所介護】千葉県千葉市若葉区若松町2076-3", "url": "https://www.kaigokensaku.mhlw.go.jp/12/index.php?action_kouhyou_detail_004_kani=true&JigyosyoCd=1270402215-00&ServiceCd=150&Type=search", "url2": null }, "geometry": { "type": "Point", "coordinates": [ 140.1618102, 35.6348382 ] } },
{ "type": "Feature", "properties": { "内容": "セイワ若松デイサービスセンター【通所介護】千葉市若葉区若松町792-1", "url": "https://www.kaigokensaku.mhlw.go.jp/12/index.php?action_kouhyou_detail_004_kani=true&JigyosyoCd=1270400227-00&ServiceCd=150&Type=search", "url2": "http://www.seiwaen.com" }, "geometry": { "type": "Point", "coordinates": [ 140.143916499999932, 35.6537255 ] } },
{ "type": "Feature", "properties": { "内容": "デイサービスセンター清和園【通所介護】千葉市若葉区多部田町1468", "url": "https://www.kaigokensaku.mhlw.go.jp/12/index.php?action_kouhyou_detail_004_kani=true&JigyosyoCd=1270400805-00&ServiceCd=150&Type=search", "url2": "http://www.seiwaen.com/" }, "geometry": { "type": "Point", "coordinates": [ 140.201813200000061, 35.5988876 ] } },
{ "type": "Feature", "properties": { "内容": "あずみ苑　若葉【通所介護】千葉県千葉市若葉区原町926-3", "url": "https://www.kaigokensaku.mhlw.go.jp/12/index.php?action_kouhyou_detail_004_kani=true&JigyosyoCd=1270401605-00&ServiceCd=150&Type=search", "url2": "https://www.azumien.jp/search/wakaba" }, "geometry": { "type": "Point", "coordinates": [ 140.1418921, 35.6363873 ] } },
{ "type": "Feature", "properties": { "内容": "昌晴園デイサービスセンター【通所介護】千葉県千葉市若葉区野呂町７３６－１", "url": "https://www.kaigokensaku.mhlw.go.jp/12/index.php?action_kouhyou_detail_004_kani=true&JigyosyoCd=1270400292-00&ServiceCd=150&Type=search", "url2": "http://shouseien.bz-service.net/" }, "geometry": { "type": "Point", "coordinates": [ 140.236455299999989, 35.5845651 ] } },
{ "type": "Feature", "properties": { "内容": "デイサービスはるかぜ【通所介護】千葉県千葉市若葉区中野町707番地デイサービスはるかぜ", "url": "https://www.kaigokensaku.mhlw.go.jp/12/index.php?action_kouhyou_detail_004_kani=true&JigyosyoCd=1270402892-00&ServiceCd=150&Type=search", "url2": null }, "geometry": { "type": "Point", "coordinates": [ 140.2640384, 35.58144990000001 ] } },
{ "type": "Feature", "properties": { "内容": "デイサービスセンター恵光園【通所介護】千葉県千葉市若葉区大広町252-4", "url": "https://www.kaigokensaku.mhlw.go.jp/12/index.php?action_kouhyou_detail_004_kani=true&JigyosyoCd=1270400482-00&ServiceCd=150&Type=search", "url2": "http://www.keikouen.or.jp/" }, "geometry": { "type": "Point", "coordinates": [ 140.209095100000013, 35.5716989 ] } },
{ "type": "Feature", "properties": { "内容": "若葉の丘デイサービスセンター【通所介護】千葉県千葉市若葉区小倉町1763番地12", "url": "https://www.kaigokensaku.mhlw.go.jp/12/index.php?action_kouhyou_detail_004_kani=true&JigyosyoCd=1270403387-00&ServiceCd=150&Type=search", "url2": "https://www.habitation.co.jp/wakaba" }, "geometry": { "type": "Point", "coordinates": [ -8.24389, 53.41291 ] } },
{ "type": "Feature", "properties": { "内容": "デイサービス・元気庵小倉台店【通所介護】千葉県千葉市若葉区小倉台２－１０２１－６", "url": "https://www.kaigokensaku.mhlw.go.jp/12/index.php?action_kouhyou_detail_004_kani=true&JigyosyoCd=1270404013-00&ServiceCd=150&Type=search", "url2": "https://www.genki-gh.co.jp/" }, "geometry": { "type": "Point", "coordinates": [ 140.169299599999988, 35.6264572 ] } },
{ "type": "Feature", "properties": { "内容": "デイサービスセンター　ケアサポートわかば【通所介護】千葉県千葉市若葉区若松町502-9", "url": "https://www.kaigokensaku.mhlw.go.jp/12/index.php?action_kouhyou_detail_004_kani=true&JigyosyoCd=1270401803-00&ServiceCd=150&Type=search", "url2": "http://www.care-support.biz/" }, "geometry": { "type": "Point", "coordinates": [ 140.149822, 35.6451389 ] } },
{ "type": "Feature", "properties": { "内容": "ヤックスデイサービス千城台【通所介護】千葉県千葉市若葉区千城台西2-1-3ヤックスケアタウン千城台店内", "url": "https://www.kaigokensaku.mhlw.go.jp/12/index.php?action_kouhyou_detail_004_kani=true&JigyosyoCd=1270402934-00&ServiceCd=150&Type=search", "url2": null }, "geometry": { "type": "Point", "coordinates": [ 140.187647680731146, 35.622659749391794 ] } },
{ "type": "Feature", "properties": { "内容": "シャローム若葉デイサービスセンター【通所介護】千葉県千葉市若葉区若松町2170-8", "url": "https://www.kaigokensaku.mhlw.go.jp/12/index.php?action_kouhyou_detail_004_kani=true&JigyosyoCd=1270401035-00&ServiceCd=150&Type=search", "url2": "http://www.shalomwakaba.com" }, "geometry": { "type": "Point", "coordinates": [ 140.174569214155554, 35.634637721011352 ] } },
{ "type": "Feature", "properties": { "内容": "リハビリデイサ－ビスみっつの輪【通所介護】千葉県千葉市若葉区若松町５３１－１３０", "url": "https://www.kaigokensaku.mhlw.go.jp/12/index.php?action_kouhyou_detail_004_kani=true&JigyosyoCd=1270402520-00&ServiceCd=150&Type=search", "url2": "http://www.mitsuwadaibyoin.or.jp/mittsunowa/indexhtm/" }, "geometry": { "type": "Point", "coordinates": [ 140.148377699999969, 35.6441584 ] } },
{ "type": "Feature", "properties": { "内容": "デイサービス竹の子の里【通所介護】千葉県千葉市若葉区中田町1110", "url": "https://www.kaigokensaku.mhlw.go.jp/12/index.php?action_kouhyou_detail_004_kani=true&JigyosyoCd=1270402645-00&ServiceCd=150&Type=search", "url2": null }, "geometry": { "type": "Point", "coordinates": [ 140.226719900000035, 35.5922642 ] } },
{ "type": "Feature", "properties": { "内容": "中野園デイサービスセンター【通所介護】千葉市若葉区中野町２１４８番地６", "url": "https://www.kaigokensaku.mhlw.go.jp/12/index.php?action_kouhyou_detail_004_kani=true&JigyosyoCd=1270400185-00&ServiceCd=150&Type=search", "url2": "https://www.nakano-en.jp" }, "geometry": { "type": "Point", "coordinates": [ 140.250664300000039, 35.5914597 ] } },
{ "type": "Feature", "properties": { "内容": "リハビリスタジオてぃーだ桜木【通所介護】若松町2136-1", "url": "https://www.kaigokensaku.mhlw.go.jp/12/index.php?action_kouhyou_detail_004_kani=true&JigyosyoCd=1270404245-00&ServiceCd=150&Type=search", "url2": "https://www.tida-ds.com/company/" }, "geometry": { "type": "Point", "coordinates": [ 140.161877, 35.6341158 ] } },
{ "type": "Feature", "properties": { "内容": "元気サロン・千葉【通所介護】小倉町920-2", "url": "https://www.kaigokensaku.mhlw.go.jp/12/index.php?action_kouhyou_detail_004_kani=true&JigyosyoCd=1270404443-00&ServiceCd=150&Type=search", "url2": null }, "geometry": { "type": "Point", "coordinates": [ 140.172068599999989, 35.6236302 ] } },
{ "type": "Feature", "properties": { "内容": "デイサービス森の木【通所介護】千葉県千葉市若葉区中野町107-1", "url": "https://www.kaigokensaku.mhlw.go.jp/12/index.php?action_kouhyou_detail_004_kani=true&JigyosyoCd=1270402686-00&ServiceCd=150&Type=search", "url2": null }, "geometry": { "type": "Point", "coordinates": [ 140.279566522090136, 35.575350899999989 ] } },
{ "type": "Feature", "properties": { "内容": "さんわケアサービス通所介護事業所みつわ【通所介護】千葉県千葉市若葉区殿台町399番4アダンテみつわ", "url": "https://www.kaigokensaku.mhlw.go.jp/12/index.php?action_kouhyou_detail_004_kani=true&JigyosyoCd=1270402850-00&ServiceCd=150&Type=search", "url2": "https://www.sanwa-care.com" }, "geometry": { "type": "Point", "coordinates": [ 140.126792196958945, 35.634057683522805 ] } },
{ "type": "Feature", "properties": { "内容": "リハビリリゾートてぃーだ千城台【通所介護】千葉県千葉市若葉区千城台４－５－２", "url": "https://www.kaigokensaku.mhlw.go.jp/12/index.php?action_kouhyou_detail_004_kani=true&JigyosyoCd=1270403163-00&ServiceCd=150&Type=search", "url2": "https://www.tida-ds.com/てぃーだ千城台/" }, "geometry": { "type": "Point", "coordinates": [ 140.1917158, 35.6118008 ] } },
{ "type": "Feature", "properties": { "内容": "デイサービス　アルク【通所介護】千葉県千葉市若葉区谷当町1079-8", "url": "https://www.kaigokensaku.mhlw.go.jp/12/index.php?action_kouhyou_detail_004_kani=true&JigyosyoCd=1270403437-00&ServiceCd=150&Type=search", "url2": "http://www.cross-ilife.jp/" }, "geometry": { "type": "Point", "coordinates": [ 140.205059643516478, 35.641170359567504 ] } },
{ "type": "Feature", "properties": { "内容": "デイサービス「りんごの歌土気町」【通所介護】千葉県千葉市緑区土気町1709-4", "url": "https://www.kaigokensaku.mhlw.go.jp/12/index.php?action_kouhyou_detail_004_kani=true&JigyosyoCd=1270501685-00&ServiceCd=150&Type=search", "url2": "http://www.ringo-no-uta.com/" }, "geometry": { "type": "Point", "coordinates": [ 140.273641, 35.5284085 ] } },
{ "type": "Feature", "properties": { "内容": "ハートフレンド【通所介護】千葉市緑区誉田町2-21-1090", "url": "https://www.kaigokensaku.mhlw.go.jp/12/index.php?action_kouhyou_detail_004_kani=true&JigyosyoCd=1270502089-00&ServiceCd=150&Type=search", "url2": "http://heartcarelife.jp" }, "geometry": { "type": "Point", "coordinates": [ 140.212369, 35.5512665 ] } },
{ "type": "Feature", "properties": { "内容": "なのはなデイサービスセンターおゆみ野【通所介護】千葉県千葉市緑区茂呂町６３８－７なのはなデイサービスセンターおゆみ野", "url": "https://www.kaigokensaku.mhlw.go.jp/12/index.php?action_kouhyou_detail_004_kani=true&JigyosyoCd=1270502550-00&ServiceCd=150&Type=search", "url2": null }, "geometry": { "type": "Point", "coordinates": [ 140.166861899999986, 35.5371674 ] } },
{ "type": "Feature", "properties": { "内容": "デイサービスココファンあすみが丘【通所介護】千葉県千葉市緑区あすみが丘3-52-6", "url": "https://www.kaigokensaku.mhlw.go.jp/12/index.php?action_kouhyou_detail_004_kani=true&JigyosyoCd=1270501255-00&ServiceCd=150&Type=search", "url2": "http://www.cocofump.co.jp" }, "geometry": { "type": "Point", "coordinates": [ 140.2631252, 35.5289142 ] } },
{ "type": "Feature", "properties": { "内容": "春の日デイサービスセンター【通所介護】千葉県千葉市緑区誉田町1-794-17", "url": "https://www.kaigokensaku.mhlw.go.jp/12/index.php?action_kouhyou_detail_004_kani=true&JigyosyoCd=1270501750-00&ServiceCd=150&Type=search", "url2": null }, "geometry": { "type": "Point", "coordinates": [ 140.1985673, 35.5475961 ] } },
{ "type": "Feature", "properties": { "内容": "レコードブックおゆみ野【通所介護】千葉県千葉市緑区古市場町474-251", "url": "https://www.kaigokensaku.mhlw.go.jp/12/index.php?action_kouhyou_detail_004_kani=true&JigyosyoCd=1270502477-00&ServiceCd=150&Type=search", "url2": "www.recordbook.jp" }, "geometry": { "type": "Point", "coordinates": [ 140.1480827, 35.5478072 ] } },
{ "type": "Feature", "properties": { "内容": "デイサービスセンターけやき園【通所介護】千葉県千葉市緑区鎌取町75-1", "url": "https://www.kaigokensaku.mhlw.go.jp/12/index.php?action_kouhyou_detail_004_kani=true&JigyosyoCd=1270502253-00&ServiceCd=150&Type=search", "url2": "http://keyakien.org/facility/tokuyou/" }, "geometry": { "type": "Point", "coordinates": [ 140.1793422, 35.564862 ] } },
{ "type": "Feature", "properties": { "内容": "医療法人社団健貴会　デイサービスまほろば【通所介護】千葉県千葉市緑区古市場町550-1", "url": "https://www.kaigokensaku.mhlw.go.jp/12/index.php?action_kouhyou_detail_004_kani=true&JigyosyoCd=1270502295-00&ServiceCd=150&Type=search", "url2": "https://r.goope.jp/day-mahoroba/" }, "geometry": { "type": "Point", "coordinates": [ 140.1482809, 35.5457025 ] } },
{ "type": "Feature", "properties": { "内容": "デイサービス昭和の里　おゆみ野【通所介護】千葉県千葉市緑区おゆみ野中央9丁目9-1", "url": "https://www.kaigokensaku.mhlw.go.jp/12/index.php?action_kouhyou_detail_004_kani=true&JigyosyoCd=1270502212-00&ServiceCd=150&Type=search", "url2": "https://d-hlt.co.jp/" }, "geometry": { "type": "Point", "coordinates": [ 140.1833332, 35.5470602 ] } },
{ "type": "Feature", "properties": { "内容": "通所介護事業所ロイヤル千葉グリーンホーム【通所介護】千葉県千葉市緑区あすみが丘東2-21-1", "url": "https://www.kaigokensaku.mhlw.go.jp/12/index.php?action_kouhyou_detail_004_kani=true&JigyosyoCd=1270501552-00&ServiceCd=150&Type=search", "url2": null }, "geometry": { "type": "Point", "coordinates": [ 140.277179299999943, 35.5241491 ] } },
{ "type": "Feature", "properties": { "内容": "癒しのデイサービスおゆみ野【通所介護】千葉県千葉市緑区おゆみ野中央4-26-6", "url": "https://www.kaigokensaku.mhlw.go.jp/12/index.php?action_kouhyou_detail_004_kani=true&JigyosyoCd=1270501305-00&ServiceCd=150&Type=search", "url2": "http://www.riei.co.jp/" }, "geometry": { "type": "Point", "coordinates": [ 140.175750099999959, 35.5521405 ] } },
{ "type": "Feature", "properties": { "内容": "鎌取ケアコミュニティそよ風【通所介護】千葉市緑区おゆみ野3-26-3", "url": "https://www.kaigokensaku.mhlw.go.jp/12/index.php?action_kouhyou_detail_004_kani=true&JigyosyoCd=1270500737-00&ServiceCd=150&Type=search", "url2": "http://www.sykz.co.jp" }, "geometry": { "type": "Point", "coordinates": [ 140.1746498, 35.561595 ] } },
{ "type": "Feature", "properties": { "内容": "ときわ園デイサービスセンターこもれび【通所介護】千葉市緑区平川町１７３１", "url": "https://www.kaigokensaku.mhlw.go.jp/12/index.php?action_kouhyou_detail_004_kani=true&JigyosyoCd=1270500620-00&ServiceCd=150&Type=search", "url2": "http://www.tokiwa-en.or.jp" }, "geometry": { "type": "Point", "coordinates": [ 140.23874120000005, 35.5560321 ] } },
{ "type": "Feature", "properties": { "内容": "ケアステーションあさひ土気【通所介護】千葉県千葉市緑区土気町1583-1", "url": "https://www.kaigokensaku.mhlw.go.jp/12/index.php?action_kouhyou_detail_004_kani=true&JigyosyoCd=1270501784-00&ServiceCd=150&Type=search", "url2": "http://www.vati.co.jp/" }, "geometry": { "type": "Point", "coordinates": [ 140.272307599999976, 35.5335328 ] } },
{ "type": "Feature", "properties": { "内容": "裕和園デイサービスセンター【通所介護】千葉市緑区高田町1084番地", "url": "https://www.kaigokensaku.mhlw.go.jp/12/index.php?action_kouhyou_detail_004_kani=true&JigyosyoCd=1270500083-00&ServiceCd=150&Type=search", "url2": "http://www.onjukai.com/" }, "geometry": { "type": "Point", "coordinates": [ 140.224809908212251, 35.551774295439529 ] } },
{ "type": "Feature", "properties": { "内容": "めだかの学校デイサービスあすみが丘【通所介護】千葉県千葉市緑区あすみが丘１－７－７", "url": "https://www.kaigokensaku.mhlw.go.jp/12/index.php?action_kouhyou_detail_004_kani=true&JigyosyoCd=1270501693-00&ServiceCd=150&Type=search", "url2": null }, "geometry": { "type": "Point", "coordinates": [ 140.272874399999978, 35.5290889 ] } },
{ "type": "Feature", "properties": { "内容": "ブルーミングケア千葉ほんだ【通所介護】千葉県千葉市緑区誉田町１－７９５－３", "url": "https://www.kaigokensaku.mhlw.go.jp/12/index.php?action_kouhyou_detail_004_kani=true&JigyosyoCd=1270502436-00&ServiceCd=150&Type=search", "url2": "https://chibahonda.bloomingcare.net/" }, "geometry": { "type": "Point", "coordinates": [ 140.1975267, 35.5473913 ] } },
{ "type": "Feature", "properties": { "内容": "セイワ美浜デイサービスセンター【通所介護】千葉市美浜区磯辺2-21-2", "url": "https://www.kaigokensaku.mhlw.go.jp/12/index.php?action_kouhyou_detail_004_kani=true&JigyosyoCd=1270600289-00&ServiceCd=150&Type=search", "url2": "http://www.seiwaen.com/mihama" }, "geometry": { "type": "Point", "coordinates": [ 140.061329991401664, 35.626655282349802 ] } },
{ "type": "Feature", "properties": { "内容": "美浜デイサービスセンターささえ愛【通所介護】千葉県千葉市美浜区磯辺６－３－１０", "url": "https://www.kaigokensaku.mhlw.go.jp/12/index.php?action_kouhyou_detail_004_kani=true&JigyosyoCd=1270601055-00&ServiceCd=150&Type=search", "url2": "http://www.sasaeai2015.com/" }, "geometry": { "type": "Point", "coordinates": [ 140.053321899999986, 35.6364886 ] } },
{ "type": "Feature", "properties": { "内容": "デイサービス粋生俱楽部美浜【通所介護】千葉県千葉市美浜区高洲1-6-20", "url": "https://www.kaigokensaku.mhlw.go.jp/12/index.php?action_kouhyou_detail_004_kani=true&JigyosyoCd=1270601345-00&ServiceCd=150&Type=search", "url2": null }, "geometry": { "type": "Point", "coordinates": [ 140.0835467, 35.6272025 ] } },
{ "type": "Feature", "properties": { "内容": "特別養護老人ホームみはま苑【通所介護】千葉市美浜区高洲3-3-12", "url": "https://www.kaigokensaku.mhlw.go.jp/12/index.php?action_kouhyou_detail_004_kani=true&JigyosyoCd=1270600065-00&ServiceCd=150&Type=search", "url2": "http://www.boreas.dti.ne.jp/mihamaen/" }, "geometry": { "type": "Point", "coordinates": [ 140.073330299999952, 35.6262167 ] } },
{ "type": "Feature", "properties": { "内容": "デイサービスセンターアルマ美浜【通所介護】千葉県千葉市美浜区稲毛海岸5-22-1", "url": "https://www.kaigokensaku.mhlw.go.jp/12/index.php?action_kouhyou_detail_004_kani=true&JigyosyoCd=1270601022-00&ServiceCd=150&Type=search", "url2": null }, "geometry": { "type": "Point", "coordinates": [ 140.075482239286771, 35.637395121820965 ] } },
{ "type": "Feature", "properties": { "内容": "デイサービスココファン幕張ベイタウン【通所介護】千葉県千葉市美浜区打瀬１－１１－１学研ココファン幕張ベイタウン", "url": "https://www.kaigokensaku.mhlw.go.jp/12/index.php?action_kouhyou_detail_004_kani=true&JigyosyoCd=1270600859-00&ServiceCd=150&Type=search", "url2": "http://www.cocofump.co.jp" }, "geometry": { "type": "Point", "coordinates": [ 140.048375126211596, 35.63930284936793 ] } },
{ "type": "Feature", "properties": { "内容": "デイサービスセンターコスタリゾン千壽苑【通所介護】真砂2-3-3コスタリゾン千壽苑", "url": "https://www.kaigokensaku.mhlw.go.jp/12/index.php?action_kouhyou_detail_004_kani=true&JigyosyoCd=1270601212-00&ServiceCd=150&Type=search", "url2": "http://yuuwakai.jp/shisetsu/costasenju.html#shisetsu_ttl01" }, "geometry": { "type": "Point", "coordinates": [ 140.069878499999959, 35.6401611 ] } },
{ "type": "Feature", "properties": { "内容": "さわやかデイサービス美浜【通所介護】千葉県千葉市美浜区高洲2-3-13", "url": "https://www.kaigokensaku.mhlw.go.jp/12/index.php?action_kouhyou_detail_004_kani=true&JigyosyoCd=1270600362-00&ServiceCd=150&Type=search", "url2": "https://www.welcia-partners.co.jp/" }, "geometry": { "type": "Point", "coordinates": [ 140.079067099999946, 35.623221 ] } },
{ "type": "Feature", "properties": { "内容": "美浜いきいきプラザ内デイサービスセンター【通所介護】千葉県千葉市美浜区高洲3-5-6", "url": "https://www.kaigokensaku.mhlw.go.jp/12/index.php?action_kouhyou_detail_004_kani=true&JigyosyoCd=1270601121-00&ServiceCd=150&Type=search", "url2": "http://www.shafuku-chiba.jp/mihama.html" }, "geometry": { "type": "Point", "coordinates": [ 140.070492699999932, 35.626276 ] } },
{ "type": "Feature", "properties": { "内容": "しょうじゅ美浜デイサービスセンター【通所介護】千葉県千葉市美浜区幸町2-12-2しょうじゅ美浜", "url": "https://www.kaigokensaku.mhlw.go.jp/12/index.php?action_kouhyou_detail_004_kani=true&JigyosyoCd=1270600909-00&ServiceCd=150&Type=search", "url2": "http://www.akaedakai.com/mihama/index.html" }, "geometry": { "type": "Point", "coordinates": [ 140.092352702377326, 35.621721585554404 ] } },
{ "type": "Feature", "properties": { "内容": "リハビリスタジオてぃーだ真砂【通所介護】千葉県千葉市美浜区真砂5-2-3", "url": "https://www.kaigokensaku.mhlw.go.jp/12/index.php?action_kouhyou_detail_004_kani=true&JigyosyoCd=1270600594-00&ServiceCd=150&Type=search", "url2": "http://tida-ds.jimdo.com/" }, "geometry": { "type": "Point", "coordinates": [ 140.066262312337813, 35.64409356807694 ] } },
{ "type": "Feature", "properties": { "内容": "さざんか園小畑デイサービスセンター【通所介護】千葉県銚子市小畑新町8121", "url": "https://www.kaigokensaku.mhlw.go.jp/12/index.php?action_kouhyou_detail_004_kani=true&JigyosyoCd=1270700436-00&ServiceCd=150&Type=search", "url2": "https://www.sazankaen.jp/index.html" }, "geometry": { "type": "Point", "coordinates": [ 140.857390600000031, 35.719598 ] } },
{ "type": "Feature", "properties": { "内容": "元気な仲間【通所介護】千葉県銚子市三崎町3丁目13-1", "url": "https://www.kaigokensaku.mhlw.go.jp/12/index.php?action_kouhyou_detail_004_kani=true&JigyosyoCd=1270701210-00&ServiceCd=150&Type=search", "url2": null }, "geometry": { "type": "Point", "coordinates": [ 140.782622091883383, 35.709891589076456 ] } },
{ "type": "Feature", "properties": { "内容": "ウエルネスリハビリデイ【通所介護】千葉県銚子市春日町175", "url": "https://www.kaigokensaku.mhlw.go.jp/12/index.php?action_kouhyou_detail_004_kani=true&JigyosyoCd=1270701277-00&ServiceCd=150&Type=search", "url2": "http://wellness-s.jp" }, "geometry": { "type": "Point", "coordinates": [ 133.044861, 35.4843019 ] } },
{ "type": "Feature", "properties": { "内容": "元気な仲間森戸デイサービス【通所介護】千葉県銚子市森戸町537番地", "url": "https://www.kaigokensaku.mhlw.go.jp/12/index.php?action_kouhyou_detail_004_kani=true&JigyosyoCd=1270701145-00&ServiceCd=150&Type=search", "url2": "https://genkinanakama.p-kit.com" }, "geometry": { "type": "Point", "coordinates": [ 140.731821500000024, 35.7845397 ] } },
{ "type": "Feature", "properties": { "内容": "かすが苑デイサービスセンター【通所介護】千葉県銚子市春日町１２１０", "url": "https://www.kaigokensaku.mhlw.go.jp/12/index.php?action_kouhyou_detail_004_kani=true&JigyosyoCd=1270700170-00&ServiceCd=150&Type=search", "url2": "https://kasuga-en.jp/" }, "geometry": { "type": "Point", "coordinates": [ 140.817061400000057, 35.7185186 ] } },
{ "type": "Feature", "properties": { "内容": "楽天堂遊楽【通所介護】千葉県銚子市上野町130-1", "url": "https://www.kaigokensaku.mhlw.go.jp/12/index.php?action_kouhyou_detail_004_kani=true&JigyosyoCd=1270701079-00&ServiceCd=150&Type=search", "url2": "https://rakutendo.net/" }, "geometry": { "type": "Point", "coordinates": [ 140.805462199999965, 35.7258037 ] } },
{ "type": "Feature", "properties": { "内容": "軽度者向けデイサービスセンター　つむぎの心【通所介護】千葉県銚子市茶畑町52", "url": "https://www.kaigokensaku.mhlw.go.jp/12/index.php?action_kouhyou_detail_004_kani=true&JigyosyoCd=1270701376-00&ServiceCd=150&Type=search", "url2": "https://nagoyaka-kaigo.jp/" }, "geometry": { "type": "Point", "coordinates": [ 140.7384246, 35.7355711 ] } },
{ "type": "Feature", "properties": { "内容": "中重度者向けデイサービスセンターつむぎの友【通所介護】千葉県銚子市茶畑町53番地1", "url": "https://www.kaigokensaku.mhlw.go.jp/12/index.php?action_kouhyou_detail_004_kani=true&JigyosyoCd=1270701418-00&ServiceCd=150&Type=search", "url2": "https://nagoyaka-kaigo.jp/" }, "geometry": { "type": "Point", "coordinates": [ 140.73814310000003, 35.7344453 ] } },
{ "type": "Feature", "properties": { "内容": "リハビリ特化型デイサ－ビスさんきゅう【通所介護】千葉県銚子市三崎町2-2611-13", "url": "https://www.kaigokensaku.mhlw.go.jp/12/index.php?action_kouhyou_detail_004_kani=true&JigyosyoCd=1270701426-00&ServiceCd=150&Type=search", "url2": "http://sankyu-kaigo.com" }, "geometry": { "type": "Point", "coordinates": [ 140.7899956, 35.7129299 ] } },
{ "type": "Feature", "properties": { "内容": "デイサービスさんきゅう【通所介護】千葉県銚子市上野町２１５", "url": "https://www.kaigokensaku.mhlw.go.jp/12/index.php?action_kouhyou_detail_004_kani=true&JigyosyoCd=1270700956-00&ServiceCd=150&Type=search", "url2": "http://sankyu-kaigo.com" }, "geometry": { "type": "Point", "coordinates": [ 140.806128899999976, 35.7240067 ] } },
{ "type": "Feature", "properties": { "内容": "いるかくらぶ【通所介護】千葉県銚子市松岸町３－５９２－１", "url": "https://www.kaigokensaku.mhlw.go.jp/12/index.php?action_kouhyou_detail_004_kani=true&JigyosyoCd=1270700402-00&ServiceCd=150&Type=search", "url2": "https://choshi-irukaclub.jimdosite.com/" }, "geometry": { "type": "Point", "coordinates": [ 140.790821199999982, 35.7415907 ] } },
{ "type": "Feature", "properties": { "内容": "さわやかデイサービス真間【通所介護】千葉県市川市真間１－１２－４市川センタービル３階", "url": "https://www.kaigokensaku.mhlw.go.jp/12/index.php?action_kouhyou_detail_004_kani=true&JigyosyoCd=1270801838-00&ServiceCd=150&Type=search", "url2": "http://www.welcia-partners.co.jp" }, "geometry": { "type": "Point", "coordinates": [ 139.9110111, 35.73216810000001 ] } },
{ "type": "Feature", "properties": { "内容": "セントケア市川大和田【通所介護】千葉県市川市大和田5-6-5", "url": "https://www.kaigokensaku.mhlw.go.jp/12/index.php?action_kouhyou_detail_004_kani=true&JigyosyoCd=1270803727-00&ServiceCd=150&Type=search", "url2": null }, "geometry": { "type": "Point", "coordinates": [ 139.914525300000037, 35.7133991 ] } },
{ "type": "Feature", "properties": { "内容": "国府台デイサービスセンター【通所介護】千葉県市川市国府台5-25-4", "url": "https://www.kaigokensaku.mhlw.go.jp/12/index.php?action_kouhyou_detail_004_kani=true&JigyosyoCd=1270800277-00&ServiceCd=150&Type=search", "url2": "http://www.asahiso.com/" }, "geometry": { "type": "Point", "coordinates": [ 139.903508509925814, 35.753644563080101 ] } },
{ "type": "Feature", "properties": { "内容": "市川あさひ荘デイサービスセンター【通所介護】千葉県市川市大町537", "url": "https://www.kaigokensaku.mhlw.go.jp/12/index.php?action_kouhyou_detail_004_kani=true&JigyosyoCd=1270800194-00&ServiceCd=150&Type=search", "url2": "http://www.asahiso.com" }, "geometry": { "type": "Point", "coordinates": [ 139.953540100000026, 35.7606561 ] } },
{ "type": "Feature", "properties": { "内容": "中山デイサービスセンター【通所介護】千葉県市川市中山1-2-1", "url": "https://www.kaigokensaku.mhlw.go.jp/12/index.php?action_kouhyou_detail_004_kani=true&JigyosyoCd=1270800285-00&ServiceCd=150&Type=search", "url2": "http://www.asahiso.com" }, "geometry": { "type": "Point", "coordinates": [ 139.942764264417974, 35.721186683193345 ] } },
{ "type": "Feature", "properties": { "内容": "デイサービス桜花乃郷国分の家【通所介護】千葉県市川市中国分３丁目１番１７号", "url": "https://www.kaigokensaku.mhlw.go.jp/12/index.php?action_kouhyou_detail_004_kani=true&JigyosyoCd=1270805623-00&ServiceCd=150&Type=search", "url2": null }, "geometry": { "type": "Point", "coordinates": [ 139.910957200000013, 35.7512719 ] } },
{ "type": "Feature", "properties": { "内容": "行徳デイサービス　翔裕園【通所介護】千葉県市川市末広1-1-48", "url": "https://www.kaigokensaku.mhlw.go.jp/12/index.php?action_kouhyou_detail_004_kani=true&JigyosyoCd=1270801358-00&ServiceCd=150&Type=search", "url2": "https://www.cyoujyunosato.jp/gyotoku/daycare.html" }, "geometry": { "type": "Point", "coordinates": [ 139.917151099999955, 35.6863887 ] } },
{ "type": "Feature", "properties": { "内容": "ウイング市川デイサービス【通所介護】千葉県市川市北方1-7-7", "url": "https://www.kaigokensaku.mhlw.go.jp/12/index.php?action_kouhyou_detail_004_kani=true&JigyosyoCd=1270802166-00&ServiceCd=150&Type=search", "url2": "http://www.wing-kaigo.co.jp/" }, "geometry": { "type": "Point", "coordinates": [ 139.937183119049081, 35.721515741445209 ] } },
{ "type": "Feature", "properties": { "内容": "杜の樹デイサービス・行徳駅前【通所介護】千葉県市川市行徳駅前2-25-6鈴木ビル１階", "url": "https://www.kaigokensaku.mhlw.go.jp/12/index.php?action_kouhyou_detail_004_kani=true&JigyosyoCd=1270804931-00&ServiceCd=150&Type=search", "url2": "http://www.forest-grp.co.jp" }, "geometry": { "type": "Point", "coordinates": [ 139.913809799999967, 35.6808808 ] } },
{ "type": "Feature", "properties": { "内容": "デイサービス北方邸【通所介護】千葉県市川市北方町4-2019-31", "url": "https://www.kaigokensaku.mhlw.go.jp/12/index.php?action_kouhyou_detail_004_kani=true&JigyosyoCd=1270804105-00&ServiceCd=150&Type=search", "url2": "http://www.pasona-lc.co.jp/kaigo-client/kitakata" }, "geometry": { "type": "Point", "coordinates": [ 139.957933852778638, 35.733258622731235 ] } },
{ "type": "Feature", "properties": { "内容": "クローバーデイサービス市川【通所介護】千葉県市川市福栄3-15-15愛の家グループホーム南行徳　1階", "url": "https://www.kaigokensaku.mhlw.go.jp/12/index.php?action_kouhyou_detail_004_kani=true&JigyosyoCd=1270805912-00&ServiceCd=150&Type=search", "url2": "https://kankeisha.jp/" }, "geometry": { "type": "Point", "coordinates": [ 139.9076851, 35.6730841 ] } },
{ "type": "Feature", "properties": { "内容": "リハライフ市川【通所介護】千葉県市川市北方1-12-9ジュネス八幡1階", "url": "https://www.kaigokensaku.mhlw.go.jp/12/index.php?action_kouhyou_detail_004_kani=true&JigyosyoCd=1270803305-00&ServiceCd=150&Type=search", "url2": "https://miraclenet.co.jp/LP/" }, "geometry": { "type": "Point", "coordinates": [ 139.938456500000029, 35.7221225 ] } },
{ "type": "Feature", "properties": { "内容": "柏井デイサービスセンター【通所介護】千葉県市川市柏井町4丁目229番地4市川市保健医療福祉センター内　１階", "url": "https://www.kaigokensaku.mhlw.go.jp/12/index.php?action_kouhyou_detail_004_kani=true&JigyosyoCd=1270800228-00&ServiceCd=150&Type=search", "url2": "http://care-net.biz/12/keibikai/" }, "geometry": { "type": "Point", "coordinates": [ 139.964664431877168, 35.75096069389965 ] } },
{ "type": "Feature", "properties": { "内容": "ホワイト市川デイサービスセンター【通所介護】千葉県市川市高谷1854番地", "url": "https://www.kaigokensaku.mhlw.go.jp/12/index.php?action_kouhyou_detail_004_kani=true&JigyosyoCd=1270800152-00&ServiceCd=150&Type=search", "url2": "http://www.howaito-ichikawa.jp" }, "geometry": { "type": "Point", "coordinates": [ 139.945109499999944, 35.692082 ] } },
{ "type": "Feature", "properties": { "内容": "やわらぎの郷【通所介護】千葉県市川市大町438-2", "url": "https://www.kaigokensaku.mhlw.go.jp/12/index.php?action_kouhyou_detail_004_kani=true&JigyosyoCd=1270801556-00&ServiceCd=150&Type=search", "url2": "https://koushikai.jp/" }, "geometry": { "type": "Point", "coordinates": [ 139.957984, 35.7658361 ] } },
{ "type": "Feature", "properties": { "内容": "太陽と緑の家　デイサービスセンター【通所介護】千葉県市川市大町552番地", "url": "https://www.kaigokensaku.mhlw.go.jp/12/index.php?action_kouhyou_detail_004_kani=true&JigyosyoCd=1270801465-00&ServiceCd=150&Type=search", "url2": "http://www.syoutoukai.jp" }, "geometry": { "type": "Point", "coordinates": [ 139.952081799999974, 35.7632585 ] } },
{ "type": "Feature", "properties": { "内容": "三愛デイサービス【通所介護】千葉県市川市柏井町3丁目650番", "url": "https://www.kaigokensaku.mhlw.go.jp/12/index.php?action_kouhyou_detail_004_kani=true&JigyosyoCd=1270801283-00&ServiceCd=150&Type=search", "url2": "http://www.e-care-sanai.jp" }, "geometry": { "type": "Point", "coordinates": [ 139.964287, 35.7457441 ] } },
{ "type": "Feature", "properties": { "内容": "ナーシングホーム市川【通所介護】千葉県市川市柏井町４丁目３１０番地特別養護老人ホームナーシングホーム市川内", "url": "https://www.kaigokensaku.mhlw.go.jp/12/index.php?action_kouhyou_detail_004_kani=true&JigyosyoCd=1270800038-00&ServiceCd=150&Type=search", "url2": "http://care-net.biz/12/keibikai/" }, "geometry": { "type": "Point", "coordinates": [ 139.973294792481994, 35.753803880843954 ] } },
{ "type": "Feature", "properties": { "内容": "CHALLENGER【通所介護】千葉県市川市新浜1-11-7", "url": "https://www.kaigokensaku.mhlw.go.jp/12/index.php?action_kouhyou_detail_004_kani=true&JigyosyoCd=1270805409-00&ServiceCd=150&Type=search", "url2": "http://www.ainet-care.co.jp" }, "geometry": { "type": "Point", "coordinates": [ 139.920269800000028, 35.6720562 ] } },
{ "type": "Feature", "properties": { "内容": "行徳リハビリデイステーション【通所介護】千葉県市川市行徳駅前2-10-19", "url": "https://www.kaigokensaku.mhlw.go.jp/12/index.php?action_kouhyou_detail_004_kani=true&JigyosyoCd=1270806191-00&ServiceCd=150&Type=search", "url2": "https://one-to-one1001.com/office/gyotoku-rehabili-station.html" }, "geometry": { "type": "Point", "coordinates": [ 139.9153633, 35.6808536 ] } },
{ "type": "Feature", "properties": { "内容": "南八幡デイサービスセンター【通所介護】千葉県市川市南八幡５－２０－３", "url": "https://www.kaigokensaku.mhlw.go.jp/12/index.php?action_kouhyou_detail_004_kani=true&JigyosyoCd=1270800210-00&ServiceCd=150&Type=search", "url2": "http://care-net.biz/12/k-minami-d/" }, "geometry": { "type": "Point", "coordinates": [ 139.920991500000014, 35.7186816 ] } },
{ "type": "Feature", "properties": { "内容": "しらぎく園通所介護事業所【通所介護】千葉県市川市東国分１－２１－２２", "url": "https://www.kaigokensaku.mhlw.go.jp/12/index.php?action_kouhyou_detail_004_kani=true&JigyosyoCd=1270800400-00&ServiceCd=150&Type=search", "url2": "http://park1.wakwak.com/~shiragikuen/" }, "geometry": { "type": "Point", "coordinates": [ 139.9235794, 35.7424803 ] } },
{ "type": "Feature", "properties": { "内容": "大洲デイサービスセンター【通所介護】千葉県市川市大洲１－１８－１ふれあいセンター３Ｆ", "url": "https://www.kaigokensaku.mhlw.go.jp/12/index.php?action_kouhyou_detail_004_kani=true&JigyosyoCd=1270801333-00&ServiceCd=150&Type=search", "url2": "http://www.care-net.biz/12/k-oosu-d/" }, "geometry": { "type": "Point", "coordinates": [ 139.910900399999946, 35.7180149 ] } },
{ "type": "Feature", "properties": { "内容": "ニッケつどい市川【通所介護】千葉県市川市鬼高2-20-25ニッケあすも市川", "url": "https://www.kaigokensaku.mhlw.go.jp/12/index.php?action_kouhyou_detail_004_kani=true&JigyosyoCd=1270801499-00&ServiceCd=150&Type=search", "url2": "http://nikkecare.com/" }, "geometry": { "type": "Point", "coordinates": [ 139.936746072329441, 35.71636883045624 ] } },
{ "type": "Feature", "properties": { "内容": "ハイタウン塩浜デイサービス【通所介護】千葉県市川市塩浜4－2－3－106、107ハイタウン塩浜３号棟", "url": "https://www.kaigokensaku.mhlw.go.jp/12/index.php?action_kouhyou_detail_004_kani=true&JigyosyoCd=1270801614-00&ServiceCd=150&Type=search", "url2": "https://www.lifecorenet.com/" }, "geometry": { "type": "Point", "coordinates": [ 139.913053039811757, 35.662206385285032 ] } },
{ "type": "Feature", "properties": { "内容": "らいおんハートリハビリ温泉デイサービス末広【通所介護】千葉県市川市末広2-15-16", "url": "https://www.kaigokensaku.mhlw.go.jp/12/index.php?action_kouhyou_detail_004_kani=true&JigyosyoCd=1270804428-00&ServiceCd=150&Type=search", "url2": "http://lion-heart.co/" }, "geometry": { "type": "Point", "coordinates": [ 139.9198649, 35.6819641 ] } },
{ "type": "Feature", "properties": { "内容": "デイサービスセンター　ケアサポートいちかわ【通所介護】千葉県市川市南行徳1-4-21", "url": "https://www.kaigokensaku.mhlw.go.jp/12/index.php?action_kouhyou_detail_004_kani=true&JigyosyoCd=1270803495-00&ServiceCd=150&Type=search", "url2": "http://www.care-support.biz/" }, "geometry": { "type": "Point", "coordinates": [ 139.905988500000035, 35.6741564 ] } },
{ "type": "Feature", "properties": { "内容": "デイサービス　　アットホーム【通所介護】千葉県市川市新田５－１０－２３神田ビル２Ｆ", "url": "https://www.kaigokensaku.mhlw.go.jp/12/index.php?action_kouhyou_detail_004_kani=true&JigyosyoCd=1270801671-00&ServiceCd=150&Type=search", "url2": null }, "geometry": { "type": "Point", "coordinates": [ 139.912785699999972, 35.7282568 ] } },
{ "type": "Feature", "properties": { "内容": "ファミリア市川【通所介護】千葉県市川市東国分1-30-12フローライト市川102", "url": "https://www.kaigokensaku.mhlw.go.jp/12/index.php?action_kouhyou_detail_004_kani=true&JigyosyoCd=1270804816-00&ServiceCd=150&Type=search", "url2": "http://www.toho-familiar.com" }, "geometry": { "type": "Point", "coordinates": [ 139.923598800000036, 35.7440995 ] } },
{ "type": "Feature", "properties": { "内容": "らいおんハートリハビリデイサービス市川【通所介護】千葉県市川市市川２－２２－７アセット市川１F", "url": "https://www.kaigokensaku.mhlw.go.jp/12/index.php?action_kouhyou_detail_004_kani=true&JigyosyoCd=1270802240-00&ServiceCd=150&Type=search", "url2": null }, "geometry": { "type": "Point", "coordinates": [ 139.903578899999957, 35.732121099999951 ] } },
{ "type": "Feature", "properties": { "内容": "デイホーム月のうさぎ【通所介護】千葉県市川市若宮2-22-7", "url": "https://www.kaigokensaku.mhlw.go.jp/12/index.php?action_kouhyou_detail_004_kani=true&JigyosyoCd=1270802992-00&ServiceCd=150&Type=search", "url2": null }, "geometry": { "type": "Point", "coordinates": [ 139.953716200000031, 35.7209586 ] } },
{ "type": "Feature", "properties": { "内容": "デイサービス　ルミエ　フルール【通所介護】千葉県市川市新田四丁目18番30号ルミエ市川", "url": "https://www.kaigokensaku.mhlw.go.jp/12/index.php?action_kouhyou_detail_004_kani=true&JigyosyoCd=1270804774-00&ServiceCd=150&Type=search", "url2": "http://www.lumie-tksg.co.jp/ichikawa/" }, "geometry": { "type": "Point", "coordinates": [ 139.908250400000043, 35.724311 ] } },
{ "type": "Feature", "properties": { "内容": "二チイケアセンター妙典【通所介護】千葉県市川市妙典4-7-12", "url": "https://www.kaigokensaku.mhlw.go.jp/12/index.php?action_kouhyou_detail_004_kani=true&JigyosyoCd=1270800640-00&ServiceCd=150&Type=search", "url2": null }, "geometry": { "type": "Point", "coordinates": [ 139.927750100000026, 35.690166 ] } },
{ "type": "Feature", "properties": { "内容": "ニチイケアセンター北国分【通所介護】千葉県市川市堀之内4-10-25", "url": "https://www.kaigokensaku.mhlw.go.jp/12/index.php?action_kouhyou_detail_004_kani=true&JigyosyoCd=1270800533-00&ServiceCd=150&Type=search", "url2": null }, "geometry": { "type": "Point", "coordinates": [ 139.915854399999944, 35.7599916 ] } },
{ "type": "Feature", "properties": { "内容": "プラチナライフ千葉市川【通所介護】千葉県市川市中国分３丁目９－１４", "url": "https://www.kaigokensaku.mhlw.go.jp/12/index.php?action_kouhyou_detail_004_kani=true&JigyosyoCd=1270806340-00&ServiceCd=150&Type=search", "url2": "https://f0ajg.hp.peraichi.com/" }, "geometry": { "type": "Point", "coordinates": [ 139.911551729499791, 35.752069358890381 ] } },
{ "type": "Feature", "properties": { "内容": "ツクイ市川にいはま【通所介護】千葉県市川市新浜1-24-14", "url": "https://www.kaigokensaku.mhlw.go.jp/12/index.php?action_kouhyou_detail_004_kani=true&JigyosyoCd=1270803289-00&ServiceCd=150&Type=search", "url2": "http://www.tsukui.net" }, "geometry": { "type": "Point", "coordinates": [ 139.914448900000025, 35.6738426 ] } },
{ "type": "Feature", "properties": { "内容": "ツクイ市川宮久保【通所介護】千葉県市川市宮久保5-17-6", "url": "https://www.kaigokensaku.mhlw.go.jp/12/index.php?action_kouhyou_detail_004_kani=true&JigyosyoCd=1270806175-00&ServiceCd=150&Type=search", "url2": "https://www.tsukui.net/home-care/2799/" }, "geometry": { "type": "Point", "coordinates": [ 139.946062, 35.7358899 ] } },
{ "type": "Feature", "properties": { "内容": "デイサービスココファン本八幡【通所介護】千葉県市川市大和田1-13-8", "url": "https://www.kaigokensaku.mhlw.go.jp/12/index.php?action_kouhyou_detail_004_kani=true&JigyosyoCd=1270805029-00&ServiceCd=150&Type=search", "url2": null }, "geometry": { "type": "Point", "coordinates": [ 139.91949169999998, 35.7145962 ] } },
{ "type": "Feature", "properties": { "内容": "デイサービスサナサンテ妙典【通所介護】千葉県市川市塩焼5-3-6サナサンテレジデンス妙典", "url": "https://www.kaigokensaku.mhlw.go.jp/12/index.php?action_kouhyou_detail_004_kani=true&JigyosyoCd=1270806373-00&ServiceCd=150&Type=search", "url2": null }, "geometry": { "type": "Point", "coordinates": [ 139.9310951, 35.6845966 ] } },
{ "type": "Feature", "properties": { "内容": "癒しのデイサービス市川おにだか【通所介護】千葉県市川市鬼高1-6-2", "url": "https://www.kaigokensaku.mhlw.go.jp/12/index.php?action_kouhyou_detail_004_kani=true&JigyosyoCd=1270801572-00&ServiceCd=150&Type=search", "url2": "http://www.riei.co.jp" }, "geometry": { "type": "Point", "coordinates": [ 139.933676600000013, 35.7127741 ] } },
{ "type": "Feature", "properties": { "内容": "癒しのデイサービスあいのかわ【通所介護】千葉県市川市相之川1－8－1プラザ南行徳1階", "url": "https://www.kaigokensaku.mhlw.go.jp/12/index.php?action_kouhyou_detail_004_kani=true&JigyosyoCd=1270800749-00&ServiceCd=150&Type=search", "url2": "http://www.riei.co.jp" }, "geometry": { "type": "Point", "coordinates": [ 139.897415200000069, 35.6810466 ] } },
{ "type": "Feature", "properties": { "内容": "元気クラブ行徳【通所介護】千葉県市川市宝2-1-30", "url": "https://www.kaigokensaku.mhlw.go.jp/12/index.php?action_kouhyou_detail_004_kani=true&JigyosyoCd=1270803198-00&ServiceCd=150&Type=search", "url2": "http://canna87.com/" }, "geometry": { "type": "Point", "coordinates": [ 139.924533900000029, 35.6824446 ] } },
{ "type": "Feature", "properties": { "内容": "らいおんハートリハビリ温泉デイサービス妙典【通所介護】千葉県市川市妙典5-14-4ライツ妙典1Ｆ", "url": "https://www.kaigokensaku.mhlw.go.jp/12/index.php?action_kouhyou_detail_004_kani=true&JigyosyoCd=1270800954-00&ServiceCd=150&Type=search", "url2": "http://lion-heart.co/shops/day_service_myoden/" }, "geometry": { "type": "Point", "coordinates": [ 139.931203500000038, 35.6897794 ] } },
{ "type": "Feature", "properties": { "内容": "レビー・ケア株式会社「レビー船橋」デイサービス法典【通所介護】千葉県船橋市上山町1-160-3", "url": "https://www.kaigokensaku.mhlw.go.jp/12/index.php?action_kouhyou_detail_004_kani=true&JigyosyoCd=1270900747-00&ServiceCd=150&Type=search", "url2": "http://www.levee-care.co.jp" }, "geometry": { "type": "Point", "coordinates": [ 139.971892700000012, 35.7277685 ] } },
{ "type": "Feature", "properties": { "内容": "リハビリデイサービススマートワン【通所介護】千葉県船橋市咲が丘1-5-8清田ビル101", "url": "https://www.kaigokensaku.mhlw.go.jp/12/index.php?action_kouhyou_detail_004_kani=true&JigyosyoCd=1270909276-00&ServiceCd=150&Type=search", "url2": null }, "geometry": { "type": "Point", "coordinates": [ 140.0187453, 35.7576962 ] } },
{ "type": "Feature", "properties": { "内容": "ツクイ新船橋【通所介護】千葉県船橋市北本町1-16-56", "url": "https://www.kaigokensaku.mhlw.go.jp/12/index.php?action_kouhyou_detail_004_kani=true&JigyosyoCd=1270908385-00&ServiceCd=150&Type=search", "url2": null }, "geometry": { "type": "Point", "coordinates": [ 139.983391, 35.7109959 ] } },
{ "type": "Feature", "properties": { "内容": "デイサービス　ソラスト薬園台【通所介護】千葉県船橋市薬円台6-16-8", "url": "https://www.kaigokensaku.mhlw.go.jp/12/index.php?action_kouhyou_detail_004_kani=true&JigyosyoCd=1270908567-00&ServiceCd=150&Type=search", "url2": "https://solasto-kaigo.com/service/dayservice/yakuendai" }, "geometry": { "type": "Point", "coordinates": [ 140.040587100000039, 35.7130486 ] } },
{ "type": "Feature", "properties": { "内容": "オレンジWAN【通所介護】千葉県船橋市習志野台4-81-9", "url": "https://www.kaigokensaku.mhlw.go.jp/12/index.php?action_kouhyou_detail_004_kani=true&JigyosyoCd=1270909979-00&ServiceCd=150&Type=search", "url2": "http://www.ehren.jp/about2.html" }, "geometry": { "type": "Point", "coordinates": [ 140.053226799999976, 35.7130143 ] } },
{ "type": "Feature", "properties": { "内容": "クローバーデイサービス船橋【通所介護】千葉県船橋市東船橋4-6-5", "url": "https://www.kaigokensaku.mhlw.go.jp/12/index.php?action_kouhyou_detail_004_kani=true&JigyosyoCd=1270909946-00&ServiceCd=150&Type=search", "url2": "https://kankeisha.jp/" }, "geometry": { "type": "Point", "coordinates": [ 140.005948996840516, 35.696228765071531 ] } },
{ "type": "Feature", "properties": { "内容": "ツクイ海神【通所介護】千葉県船橋市海神6-25-18", "url": "https://www.kaigokensaku.mhlw.go.jp/12/index.php?action_kouhyou_detail_004_kani=true&JigyosyoCd=1270902925-00&ServiceCd=150&Type=search", "url2": "http://www.tsukui.net" }, "geometry": { "type": "Point", "coordinates": [ 139.971637900000019, 35.7029274 ] } },
{ "type": "Feature", "properties": { "内容": "ツクイ習志野台【通所介護】千葉県船橋市習志野台4-58-6", "url": "https://www.kaigokensaku.mhlw.go.jp/12/index.php?action_kouhyou_detail_004_kani=true&JigyosyoCd=1270902297-00&ServiceCd=150&Type=search", "url2": "https://corp.tsukui.net/" }, "geometry": { "type": "Point", "coordinates": [ 140.051522100000057, 35.7153708 ] } },
{ "type": "Feature", "properties": { "内容": "ツクイ船橋駿河【通所介護】千葉県船橋市駿河台2-21-25", "url": "https://www.kaigokensaku.mhlw.go.jp/12/index.php?action_kouhyou_detail_004_kani=true&JigyosyoCd=1270907247-00&ServiceCd=150&Type=search", "url2": "http://www.tsukui.net/" }, "geometry": { "type": "Point", "coordinates": [ 140.014814705032336, 35.708676730290925 ] } },
{ "type": "Feature", "properties": { "内容": "シンシア船橋【通所介護】千葉県船橋市小室町3060-1", "url": "https://www.kaigokensaku.mhlw.go.jp/12/index.php?action_kouhyou_detail_004_kani=true&JigyosyoCd=1270907809-00&ServiceCd=150&Type=search", "url2": "http://www.sincere-gri.com/" }, "geometry": { "type": "Point", "coordinates": [ 140.071762582942284, 35.793153406035962 ] } },
{ "type": "Feature", "properties": { "内容": "あおぞらの里薬円台デイサービスセンター【通所介護】千葉県船橋市薬円台４－１４－１６", "url": "https://www.kaigokensaku.mhlw.go.jp/12/index.php?action_kouhyou_detail_004_kani=true&JigyosyoCd=1270901745-00&ServiceCd=150&Type=search", "url2": "http://www.cedar-web.com" }, "geometry": { "type": "Point", "coordinates": [ 140.04533379999998, 35.7151957 ] } },
{ "type": "Feature", "properties": { "内容": "ツクイ船橋三咲【通所介護】千葉県船橋市三咲2-4-55", "url": "https://www.kaigokensaku.mhlw.go.jp/12/index.php?action_kouhyou_detail_004_kani=true&JigyosyoCd=1270908757-00&ServiceCd=150&Type=search", "url2": "https://www.tsukui.net" }, "geometry": { "type": "Point", "coordinates": [ 140.029410800000051, 35.75027 ] } },
{ "type": "Feature", "properties": { "内容": "デイサービスセンターさくら館【通所介護】千葉県船橋市習志野台8-55-1", "url": "https://www.kaigokensaku.mhlw.go.jp/12/index.php?action_kouhyou_detail_004_kani=true&JigyosyoCd=1270903865-00&ServiceCd=150&Type=search", "url2": "http://naebafukushikai.com" }, "geometry": { "type": "Point", "coordinates": [ 140.064267824003537, 35.718827955948207 ] } },
{ "type": "Feature", "properties": { "内容": "リハの郷　船橋薬円台事業所【通所介護】千葉県船橋市薬円台5-36-3東急ドエルアルス薬円台公園104-B", "url": "https://www.kaigokensaku.mhlw.go.jp/12/index.php?action_kouhyou_detail_004_kani=true&JigyosyoCd=1270908864-00&ServiceCd=150&Type=search", "url2": "https://www.idemitsu.com" }, "geometry": { "type": "Point", "coordinates": [ 140.044639700000062, 35.7105475 ] } },
{ "type": "Feature", "properties": { "内容": "デイサービスたか音の杜【通所介護】千葉県船橋市高根台2-10-30", "url": "https://www.kaigokensaku.mhlw.go.jp/12/index.php?action_kouhyou_detail_004_kani=true&JigyosyoCd=1270906272-00&ServiceCd=150&Type=search", "url2": "https://shushinkai.or.jp" }, "geometry": { "type": "Point", "coordinates": [ 140.033495, 35.7323604 ] } },
{ "type": "Feature", "properties": { "内容": "リハの郷船橋丸山【通所介護】千葉県船橋市丸山2-43-10", "url": "https://www.kaigokensaku.mhlw.go.jp/12/index.php?action_kouhyou_detail_004_kani=true&JigyosyoCd=1270908765-00&ServiceCd=150&Type=search", "url2": null }, "geometry": { "type": "Point", "coordinates": [ 139.985868500000038, 35.7509216 ] } },
{ "type": "Feature", "properties": { "内容": "三山園デイサービスセンター【通所介護】千葉県船橋市三山2-3-2", "url": "https://www.kaigokensaku.mhlw.go.jp/12/index.php?action_kouhyou_detail_004_kani=true&JigyosyoCd=1270910639-00&ServiceCd=150&Type=search", "url2": "https://1000.or.jp/" }, "geometry": { "type": "Point", "coordinates": [ 140.047198900000012, 35.6941342 ] } },
{ "type": "Feature", "properties": { "内容": "さわやかデイサービス中山【通所介護】千葉県船橋市本中山２－１０－１ミレニティ中山４F", "url": "https://www.kaigokensaku.mhlw.go.jp/12/index.php?action_kouhyou_detail_004_kani=true&JigyosyoCd=1270903550-00&ServiceCd=150&Type=search", "url2": "http://www.welcia-partners.co.jp" }, "geometry": { "type": "Point", "coordinates": [ 139.944281199999978, 35.7144375 ] } },
{ "type": "Feature", "properties": { "内容": "リハビリぞうさんデイサービス二和【通所介護】千葉県船橋市二和東6-16-161F", "url": "https://www.kaigokensaku.mhlw.go.jp/12/index.php?action_kouhyou_detail_004_kani=true&JigyosyoCd=1270909664-00&ServiceCd=150&Type=search", "url2": "https://whospitality.jp/" }, "geometry": { "type": "Point", "coordinates": [ 140.022846200000032, 35.7549368 ] } },
{ "type": "Feature", "properties": { "内容": "デイサービスセンター　さわやか苑【通所介護】千葉県船橋市米ケ崎町691-1", "url": "https://www.kaigokensaku.mhlw.go.jp/12/index.php?action_kouhyou_detail_004_kani=true&JigyosyoCd=1270900663-00&ServiceCd=150&Type=search", "url2": "http://www.sawayakaen.com/" }, "geometry": { "type": "Point", "coordinates": [ 140.0079384, 35.7103723 ] } },
{ "type": "Feature", "properties": { "内容": "デイサービスセンタテルウェル船橋【通所介護】千葉県船橋市前原西６－６－８０ウエリスオリーブ津田沼", "url": "https://www.kaigokensaku.mhlw.go.jp/12/index.php?action_kouhyou_detail_004_kani=true&JigyosyoCd=1270907684-00&ServiceCd=150&Type=search", "url2": "https://www.telwel-kaigo.com/" }, "geometry": { "type": "Point", "coordinates": [ 140.022388602971688, 35.701325222731768 ] } },
{ "type": "Feature", "properties": { "内容": "船橋市南老人デイサービスセンター【通所介護】千葉県船橋市湊町1-11-19船橋市南部福祉会館", "url": "https://www.kaigokensaku.mhlw.go.jp/12/index.php?action_kouhyou_detail_004_kani=true&JigyosyoCd=1270900507-00&ServiceCd=150&Type=search", "url2": "http://www.nanseikai.or.jp" }, "geometry": { "type": "Point", "coordinates": [ 139.988012199999957, 35.6936669 ] } },
{ "type": "Feature", "properties": { "内容": "ケアライフ船橋デイサービスセンター【通所介護】千葉県船橋市新高根5-3-1", "url": "https://www.kaigokensaku.mhlw.go.jp/12/index.php?action_kouhyou_detail_004_kani=true&JigyosyoCd=1270908724-00&ServiceCd=150&Type=search", "url2": "https://bestlife1165.com/facility/funabashi/" }, "geometry": { "type": "Point", "coordinates": [ 140.028057471827708, 35.727240938128645 ] } },
{ "type": "Feature", "properties": { "内容": "リハプライド　習志野台【通所介護】千葉県船橋市習志野台5-40-28", "url": "https://www.kaigokensaku.mhlw.go.jp/12/index.php?action_kouhyou_detail_004_kani=true&JigyosyoCd=1270904939-00&ServiceCd=150&Type=search", "url2": "http://rehacon.com/" }, "geometry": { "type": "Point", "coordinates": [ 140.053188399999954, 35.718937099999984 ] } },
{ "type": "Feature", "properties": { "内容": "ケアパートナー船橋【通所介護】千葉県船橋市海神町南1-1641", "url": "https://www.kaigokensaku.mhlw.go.jp/12/index.php?action_kouhyou_detail_004_kani=true&JigyosyoCd=1270901919-00&ServiceCd=150&Type=search", "url2": "https://www.care-partner.com/place/funabashi/" }, "geometry": { "type": "Point", "coordinates": [ 139.966796599999952, 35.7003667 ] } },
{ "type": "Feature", "properties": { "内容": "ケアパートナー飯山満【通所介護】千葉県船橋市芝山３丁目２番１号", "url": "https://www.kaigokensaku.mhlw.go.jp/12/index.php?action_kouhyou_detail_004_kani=true&JigyosyoCd=1270904574-00&ServiceCd=150&Type=search", "url2": "https://www.care-partner.com/place/hasama/" }, "geometry": { "type": "Point", "coordinates": [ 140.019302700000026, 35.7181422 ] } },
{ "type": "Feature", "properties": { "内容": "デイサービスセンター南生苑【通所介護】千葉県船橋市古和釜町２０７番地", "url": "https://www.kaigokensaku.mhlw.go.jp/12/index.php?action_kouhyou_detail_004_kani=true&JigyosyoCd=1270900531-00&ServiceCd=150&Type=search", "url2": "http://www.nanseikai.or.jp/" }, "geometry": { "type": "Point", "coordinates": [ 140.062668900000062, 35.7467624 ] } },
{ "type": "Feature", "properties": { "内容": "デイサービスつぼい愛の郷【通所介護】千葉県船橋市坪井町１４６番地１", "url": "https://www.kaigokensaku.mhlw.go.jp/12/index.php?action_kouhyou_detail_004_kani=true&JigyosyoCd=1270905761-00&ServiceCd=150&Type=search", "url2": "http://shushinkai.or.jp" }, "geometry": { "type": "Point", "coordinates": [ 140.0645892, 35.7346994 ] } },
{ "type": "Feature", "properties": { "内容": "ふれ愛デイリハ丸美海神【通所介護】千葉県船橋市海神5-3-21１Ｆ", "url": "https://www.kaigokensaku.mhlw.go.jp/12/index.php?action_kouhyou_detail_004_kani=true&JigyosyoCd=1270906595-00&ServiceCd=150&Type=search", "url2": "http://www.marumi-life.co.jp" }, "geometry": { "type": "Point", "coordinates": [ 139.972779400000036, 35.7072435 ] } },
{ "type": "Feature", "properties": { "内容": "デイサービスいこいの森【通所介護】千葉県船橋市大神保町700番5", "url": "https://www.kaigokensaku.mhlw.go.jp/12/index.php?action_kouhyou_detail_004_kani=true&JigyosyoCd=1270908294-00&ServiceCd=150&Type=search", "url2": "https://h-ikoinomori.jp/" }, "geometry": { "type": "Point", "coordinates": [ 140.055430800000067, 35.7699222 ] } },
{ "type": "Feature", "properties": { "内容": "百笑ふなばし【通所介護】千葉県船橋市行田町49-5さくらの郷　船橋", "url": "https://www.kaigokensaku.mhlw.go.jp/12/index.php?action_kouhyou_detail_004_kani=true&JigyosyoCd=1270909086-00&ServiceCd=150&Type=search", "url2": "https://momo-ecgr.com/" }, "geometry": { "type": "Point", "coordinates": [ 139.97238379999996, 35.724000599999989 ] } },
{ "type": "Feature", "properties": { "内容": "デイサービスがんばれるーや【通所介護】千葉県船橋市習志野台5-32-5-1Fメゾンウタジャヤ1F", "url": "https://www.kaigokensaku.mhlw.go.jp/12/index.php?action_kouhyou_detail_004_kani=true&JigyosyoCd=1270910142-00&ServiceCd=150&Type=search", "url2": "https://www.ganbareru-ya.com/" }, "geometry": { "type": "Point", "coordinates": [ 140.0577822, 35.7178237 ] } },
{ "type": "Feature", "properties": { "内容": "デイサービス南三咲【通所介護】千葉県船橋市南三咲３-２７-１", "url": "https://www.kaigokensaku.mhlw.go.jp/12/index.php?action_kouhyou_detail_004_kani=true&JigyosyoCd=1270905696-00&ServiceCd=150&Type=search", "url2": "https://kawachikoseikai.com/minamimisaki/" }, "geometry": { "type": "Point", "coordinates": [ 140.028475599999979, 35.7388876 ] } },
{ "type": "Feature", "properties": { "内容": "なつみ平デイサービス【通所介護】千葉県船橋市金杉町139-2船橋健恒会ケアセンター南館", "url": "https://www.kaigokensaku.mhlw.go.jp/12/index.php?action_kouhyou_detail_004_kani=true&JigyosyoCd=1270907213-00&ServiceCd=150&Type=search", "url2": "https://kenkohkai.org/" }, "geometry": { "type": "Point", "coordinates": [ 139.998989118215945, 35.718986486539904 ] } },
{ "type": "Feature", "properties": { "内容": "船橋市朋松苑デイサービスセンター【通所介護】千葉県船橋市西船２－２１－１２", "url": "https://www.kaigokensaku.mhlw.go.jp/12/index.php?action_kouhyou_detail_004_kani=true&JigyosyoCd=1270901521-00&ServiceCd=150&Type=search", "url2": "https://www.bikou.net" }, "geometry": { "type": "Point", "coordinates": [ 139.969285, 35.7129706 ] } },
{ "type": "Feature", "properties": { "内容": "太陽と緑の家藤原デイサービス【通所介護】千葉県船橋市藤原5-27-20特別養護老人ホーム太陽と緑の家", "url": "https://www.kaigokensaku.mhlw.go.jp/12/index.php?action_kouhyou_detail_004_kani=true&JigyosyoCd=1270909268-00&ServiceCd=150&Type=search", "url2": "https://syoutoukai.jp/fujiwara/" }, "geometry": { "type": "Point", "coordinates": [ 139.9807595, 35.742887900000035 ] } },
{ "type": "Feature", "properties": { "内容": "デイサービス田喜野井【通所介護】千葉県船橋市田喜野井1-26-2", "url": "https://www.kaigokensaku.mhlw.go.jp/12/index.php?action_kouhyou_detail_004_kani=true&JigyosyoCd=1270910183-00&ServiceCd=150&Type=search", "url2": "https://www.service.sou-seniorcare.co.jp/facility/ds-takinoi" }, "geometry": { "type": "Point", "coordinates": [ 140.040698, 35.6999506 ] } },
{ "type": "Feature", "properties": { "内容": "ポラリスデイサービスセンター高根台【通所介護】千葉県船橋市高根台1-2高根プラザ109", "url": "https://www.kaigokensaku.mhlw.go.jp/12/index.php?action_kouhyou_detail_004_kani=true&JigyosyoCd=1270909490-00&ServiceCd=150&Type=search", "url2": "https://www.polaris.care/" }, "geometry": { "type": "Point", "coordinates": [ 140.0312788, 35.730646200000024 ] } },
{ "type": "Feature", "properties": { "内容": "ふなばし翔裕館【通所介護】千葉県船橋市松ヶ丘5-32-1", "url": "https://www.kaigokensaku.mhlw.go.jp/12/index.php?action_kouhyou_detail_004_kani=true&JigyosyoCd=1270909524-00&ServiceCd=150&Type=search", "url2": "https://sangajapan.jp" }, "geometry": { "type": "Point", "coordinates": [ 140.051465, 35.7365841 ] } },
{ "type": "Feature", "properties": { "内容": "ニチイケアセンター船橋行田【通所介護】千葉県船橋市行田3-14-1", "url": "https://www.kaigokensaku.mhlw.go.jp/12/index.php?action_kouhyou_detail_004_kani=true&JigyosyoCd=1270903493-00&ServiceCd=150&Type=search", "url2": "http://www.nichiigakkan.co.jp" }, "geometry": { "type": "Point", "coordinates": [ 139.966673799999967, 35.7205168 ] } },
{ "type": "Feature", "properties": { "内容": "グッドライフ船橋古和釜【通所介護】千葉県船橋市古和釜町５１６", "url": "https://www.kaigokensaku.mhlw.go.jp/12/index.php?action_kouhyou_detail_004_kani=true&JigyosyoCd=1270906579-00&ServiceCd=150&Type=search", "url2": "https://goodlife-chiba.com/" }, "geometry": { "type": "Point", "coordinates": [ 140.058388700000023, 35.746534500000017 ] } },
{ "type": "Feature", "properties": { "内容": "船橋あさひ苑デイサービスセンター【通所介護】千葉県船橋市旭町４－９－１", "url": "https://www.kaigokensaku.mhlw.go.jp/12/index.php?action_kouhyou_detail_004_kani=true&JigyosyoCd=1270900473-00&ServiceCd=150&Type=search", "url2": "http://www.jiseikai.sakura.ne.jp/" }, "geometry": { "type": "Point", "coordinates": [ 139.992049400000042, 35.7332428 ] } },
{ "type": "Feature", "properties": { "内容": "リハプライド　夏見【通所介護】千葉県船橋市夏見4-6-15", "url": "https://www.kaigokensaku.mhlw.go.jp/12/index.php?action_kouhyou_detail_004_kani=true&JigyosyoCd=1270909482-00&ServiceCd=150&Type=search", "url2": "https://www.rehapride.co.jp/funabashinatsumi/" }, "geometry": { "type": "Point", "coordinates": [ 139.990318800000011, 35.7137681 ] } },
{ "type": "Feature", "properties": { "内容": "コープみらい津田沼デイサービスセンター【通所介護】千葉県船橋市田喜野井４－２９－３", "url": "https://www.kaigokensaku.mhlw.go.jp/12/index.php?action_kouhyou_detail_004_kani=true&JigyosyoCd=1270906132-00&ServiceCd=150&Type=search", "url2": "https://mirai.coopnet.or.jp/service/welfare/" }, "geometry": { "type": "Point", "coordinates": [ 140.039549, 35.7013415 ] } },
{ "type": "Feature", "properties": { "内容": "ロータスデイサービスセンター【通所介護】千葉県船橋市藤原5-23-2", "url": "https://www.kaigokensaku.mhlw.go.jp/12/index.php?action_kouhyou_detail_004_kani=true&JigyosyoCd=1270903014-00&ServiceCd=150&Type=search", "url2": "http://www.itakura.or.jp" }, "geometry": { "type": "Point", "coordinates": [ 139.982102700000041, 35.7398087 ] } },
{ "type": "Feature", "properties": { "内容": "デイサービスココファン西船橋【通所介護】千葉県船橋市二子町６１０", "url": "https://www.kaigokensaku.mhlw.go.jp/12/index.php?action_kouhyou_detail_004_kani=true&JigyosyoCd=1270906785-00&ServiceCd=150&Type=search", "url2": null }, "geometry": { "type": "Point", "coordinates": [ 139.948128200000042, 35.7101242 ] } },
{ "type": "Feature", "properties": { "内容": "ケアホーム船橋　デイサービスセンター【通所介護】千葉県船橋市馬込町889-2", "url": "https://www.kaigokensaku.mhlw.go.jp/12/index.php?action_kouhyou_detail_004_kani=true&JigyosyoCd=1270908609-00&ServiceCd=150&Type=search", "url2": "https://funabashi.tokuyou.jp/" }, "geometry": { "type": "Point", "coordinates": [ 139.998839441247583, 35.741986148742306 ] } },
{ "type": "Feature", "properties": { "内容": "みさきケアセンターわかば【通所介護】千葉県船橋市二和東2丁目8番5号コミュニティホームみさき", "url": "https://www.kaigokensaku.mhlw.go.jp/12/index.php?action_kouhyou_detail_004_kani=true&JigyosyoCd=1270906959-00&ServiceCd=150&Type=search", "url2": "http://www.kouseikai-gr.or.jp" }, "geometry": { "type": "Point", "coordinates": [ 140.026497400000039, 35.746873 ] } },
{ "type": "Feature", "properties": { "内容": "ひばりの丘デイサービスセンター【通所介護】千葉県船橋市松が丘1丁目33番地4号", "url": "https://www.kaigokensaku.mhlw.go.jp/12/index.php?action_kouhyou_detail_004_kani=true&JigyosyoCd=1270900499-00&ServiceCd=150&Type=search", "url2": "http://www.nanseikai.or.jp" }, "geometry": { "type": "Point", "coordinates": [ 140.0400247, 35.7353407 ] } },
{ "type": "Feature", "properties": { "内容": "ケアホームかりん咲が丘【通所介護】千葉県船橋市咲が丘1-27-30", "url": "https://www.kaigokensaku.mhlw.go.jp/12/index.php?action_kouhyou_detail_004_kani=true&JigyosyoCd=1270905241-00&ServiceCd=150&Type=search", "url2": null }, "geometry": { "type": "Point", "coordinates": [ 140.017886399999952, 35.7603994 ] } },
{ "type": "Feature", "properties": { "内容": "ケアホームかりん二和【通所介護】千葉県船橋市二和東5-22-16", "url": "https://www.kaigokensaku.mhlw.go.jp/12/index.php?action_kouhyou_detail_004_kani=true&JigyosyoCd=1270906777-00&ServiceCd=150&Type=search", "url2": null }, "geometry": { "type": "Point", "coordinates": [ 140.0217175723526, 35.754231006781758 ] } },
{ "type": "Feature", "properties": { "内容": "おあしすトレーニング・センター船橋【通所介護】千葉県船橋市本町７－１３－８", "url": "https://www.kaigokensaku.mhlw.go.jp/12/index.php?action_kouhyou_detail_004_kani=true&JigyosyoCd=1270905357-00&ServiceCd=150&Type=search", "url2": "https://www.be-oasis2003.com/" }, "geometry": { "type": "Point", "coordinates": [ 139.982734400000027, 35.7040936 ] } },
{ "type": "Feature", "properties": { "内容": "船橋ケアセンターそよ風【通所介護】千葉県船橋市夏見４丁目３５－９", "url": "https://www.kaigokensaku.mhlw.go.jp/12/index.php?action_kouhyou_detail_004_kani=true&JigyosyoCd=1270908575-00&ServiceCd=150&Type=search", "url2": null }, "geometry": { "type": "Point", "coordinates": [ 139.991878907664329, 35.716476706966162 ] } },
{ "type": "Feature", "properties": { "内容": "スタジオ　星に願いを【通所介護】千葉県船橋市東船橋3-40-3リヴェールビッグパイン101", "url": "https://www.kaigokensaku.mhlw.go.jp/12/index.php?action_kouhyou_detail_004_kani=true&JigyosyoCd=1270910829-00&ServiceCd=150&Type=search", "url2": null }, "geometry": { "type": "Point", "coordinates": [ 140.0077382, 35.703105 ] } },
{ "type": "Feature", "properties": { "内容": "デイサービスセンターオレンジガーデン【通所介護】千葉県船橋市芝山7-41-2", "url": "https://www.kaigokensaku.mhlw.go.jp/12/index.php?action_kouhyou_detail_004_kani=true&JigyosyoCd=1270901018-00&ServiceCd=150&Type=search", "url2": "http://kowakai-orange.or.jp/" }, "geometry": { "type": "Point", "coordinates": [ 140.0273575, 35.7169757 ] } },
{ "type": "Feature", "properties": { "内容": "在宅福祉センターヴェルフ藤原【通所介護】千葉県船橋市藤原8-17-2", "url": "https://www.kaigokensaku.mhlw.go.jp/12/index.php?action_kouhyou_detail_004_kani=true&JigyosyoCd=1270900440-00&ServiceCd=150&Type=search", "url2": "http://www.engokai.or.jp" }, "geometry": { "type": "Point", "coordinates": [ 139.982660500000065, 35.7503938 ] } },
{ "type": "Feature", "properties": { "内容": "デイサービス　二人でお茶を【通所介護】千葉県船橋市金杉7-6-12ステップビル102号室", "url": "https://www.kaigokensaku.mhlw.go.jp/12/index.php?action_kouhyou_detail_004_kani=true&JigyosyoCd=1270910589-00&ServiceCd=150&Type=search", "url2": null }, "geometry": { "type": "Point", "coordinates": [ 140.0192, 35.7372404 ] } },
{ "type": "Feature", "properties": { "内容": "前原アフタヌーンデイサービス　サザンケア【通所介護】千葉県船橋市前原西6-1-72", "url": "https://www.kaigokensaku.mhlw.go.jp/12/index.php?action_kouhyou_detail_004_kani=true&JigyosyoCd=1270909904-00&ServiceCd=150&Type=search", "url2": "https://www.polaris-japan-k.com/" }, "geometry": { "type": "Point", "coordinates": [ 140.0200475, 35.6995133 ] } },
{ "type": "Feature", "properties": { "内容": "前原デイサービスセンター　サザンケア【通所介護】千葉県船橋市前原西6-1-72", "url": "https://www.kaigokensaku.mhlw.go.jp/12/index.php?action_kouhyou_detail_004_kani=true&JigyosyoCd=1270909912-00&ServiceCd=150&Type=search", "url2": "https://www.polaris-japan-k.com/" }, "geometry": { "type": "Point", "coordinates": [ 140.0200475, 35.6995133 ] } },
{ "type": "Feature", "properties": { "内容": "癒しのデイサービス船橋東【通所介護】千葉県船橋市坪井東1-2-1-1F", "url": "https://www.kaigokensaku.mhlw.go.jp/12/index.php?action_kouhyou_detail_004_kani=true&JigyosyoCd=1270905050-00&ServiceCd=150&Type=search", "url2": "https://www.riei.co.jp/" }, "geometry": { "type": "Point", "coordinates": [ 140.059645700000033, 35.7271363 ] } },
{ "type": "Feature", "properties": { "内容": "いつものところリハビリデイサービス高根公団【通所介護】千葉県船橋市高根公団1-12-12第2大京ビル1階", "url": "https://www.kaigokensaku.mhlw.go.jp/12/index.php?action_kouhyou_detail_004_kani=true&JigyosyoCd=1270910548-00&ServiceCd=150&Type=search", "url2": "https://itumonotokoro-takanekoudan.jp/" }, "geometry": { "type": "Point", "coordinates": [ 140.02852249999998, 35.731439700000017 ] } },
{ "type": "Feature", "properties": { "内容": "いつものところリハビリデイサービス　高根木戸【通所介護】千葉県船橋市高根台7-2-25フジビル1F", "url": "https://www.kaigokensaku.mhlw.go.jp/12/index.php?action_kouhyou_detail_004_kani=true&JigyosyoCd=1270910555-00&ServiceCd=150&Type=search", "url2": "https://itumonotokoro-takanekido.jp/" }, "geometry": { "type": "Point", "coordinates": [ 140.029005899999987, 35.7266607 ] } },
{ "type": "Feature", "properties": { "内容": "歩行りはでいかちありき習志野台【通所介護】千葉県船橋市習志野台5-11-11松本ビル1階", "url": "https://www.kaigokensaku.mhlw.go.jp/12/index.php?action_kouhyou_detail_004_kani=true&JigyosyoCd=1270910563-00&ServiceCd=150&Type=search", "url2": "https://kachiariki.jp/" }, "geometry": { "type": "Point", "coordinates": [ 140.0536985, 35.716777 ] } },
{ "type": "Feature", "properties": { "内容": "いつものところリハビリデイサービス西習志野【通所介護】千葉県船橋市西習志野1-1-4グランシャリオ1階", "url": "https://www.kaigokensaku.mhlw.go.jp/12/index.php?action_kouhyou_detail_004_kani=true&JigyosyoCd=1270910571-00&ServiceCd=150&Type=search", "url2": "https://itumonotokoro-nishinarashino.jp/" }, "geometry": { "type": "Point", "coordinates": [ 140.0304291, 35.7261191 ] } },
{ "type": "Feature", "properties": { "内容": "イリーゼ船橋塚田デイサービスセンター【通所介護】千葉県船橋市行田1-40-22", "url": "https://www.kaigokensaku.mhlw.go.jp/12/index.php?action_kouhyou_detail_004_kani=true&JigyosyoCd=1270910969-00&ServiceCd=150&Type=search", "url2": "https://www.hitowa.com/" }, "geometry": { "type": "Point", "coordinates": [ 139.978789273016389, 35.722647885830462 ] } },
{ "type": "Feature", "properties": { "内容": "こひつじ夏見台デイサービスセンター【通所介護】千葉県船橋市夏見台4-7-19", "url": "https://www.kaigokensaku.mhlw.go.jp/12/index.php?action_kouhyou_detail_004_kani=true&JigyosyoCd=1270910290-00&ServiceCd=150&Type=search", "url2": "http://kohitsujikai.or.jp/" }, "geometry": { "type": "Point", "coordinates": [ 139.994778241664136, 35.725836542080266 ] } },
{ "type": "Feature", "properties": { "内容": "デイサービスソラスト西船橋【通所介護】千葉県船橋市西船1-24-1エクセル青山1F", "url": "https://www.kaigokensaku.mhlw.go.jp/12/index.php?action_kouhyou_detail_004_kani=true&JigyosyoCd=1270902172-00&ServiceCd=150&Type=search", "url2": "http://www.solasto.co.jp/" }, "geometry": { "type": "Point", "coordinates": [ 139.96549170000003, 35.7063841 ] } },
{ "type": "Feature", "properties": { "内容": "基本動作特化型リハビリデイサービスＡｃｔｉｏｎ＋薬園台店【通所介護】千葉県船橋市飯山満町3-1532-8サンライズ薬円台101号室", "url": "https://www.kaigokensaku.mhlw.go.jp/12/index.php?action_kouhyou_detail_004_kani=true&JigyosyoCd=1270907833-00&ServiceCd=150&Type=search", "url2": "http://action1211.co.jp/" }, "geometry": { "type": "Point", "coordinates": [ 140.035657578942875, 35.712802744292823 ] } },
{ "type": "Feature", "properties": { "内容": "基本動作特化型　Action+　rehabili＆spa　東船橋店【通所介護】千葉県船橋市東船橋2-10-20メゾンダジュール15番館１階", "url": "https://www.kaigokensaku.mhlw.go.jp/12/index.php?action_kouhyou_detail_004_kani=true&JigyosyoCd=1270908849-00&ServiceCd=150&Type=search", "url2": "http://action1211.co.jp/" }, "geometry": { "type": "Point", "coordinates": [ 140.004490300000043, 35.7000163 ] } },
{ "type": "Feature", "properties": { "内容": "セントケア南房総【通所介護】千葉県館山市正木640-1", "url": "https://www.kaigokensaku.mhlw.go.jp/12/index.php?action_kouhyou_detail_004_kani=true&JigyosyoCd=1271000604-00&ServiceCd=150&Type=search", "url2": null }, "geometry": { "type": "Point", "coordinates": [ 139.872324299999946, 35.0131543 ] } },
{ "type": "Feature", "properties": { "内容": "デイサービスきたえるーむ館山【通所介護】千葉県館山市北条426", "url": "https://www.kaigokensaku.mhlw.go.jp/12/index.php?action_kouhyou_detail_004_kani=true&JigyosyoCd=1271001396-00&ServiceCd=150&Type=search", "url2": "https://kitaeroom.com/shop/post-98.shtml" }, "geometry": { "type": "Point", "coordinates": [ 139.873326600000013, 34.9967872 ] } },
{ "type": "Feature", "properties": { "内容": "リハリハ館山【通所介護】千葉県館山市亀ヶ原65", "url": "https://www.kaigokensaku.mhlw.go.jp/12/index.php?action_kouhyou_detail_004_kani=true&JigyosyoCd=1271001271-00&ServiceCd=150&Type=search", "url2": "https://www.rehareha.com/" }, "geometry": { "type": "Point", "coordinates": [ 139.884909499999964, 35.0183234 ] } },
{ "type": "Feature", "properties": { "内容": "デイサービスセンター　リブタウン館山【通所介護】千葉県館山市安布里231-12リブタウン館山", "url": "https://www.kaigokensaku.mhlw.go.jp/12/index.php?action_kouhyou_detail_004_kani=true&JigyosyoCd=1271000257-00&ServiceCd=150&Type=search", "url2": "http://www.live-yuzu.ne.jp/" }, "geometry": { "type": "Point", "coordinates": [ 139.883349, 34.988434400000045 ] } },
{ "type": "Feature", "properties": { "内容": "デイサービスセンター　微笑の里【通所介護】千葉県館山市広瀬667-1", "url": "https://www.kaigokensaku.mhlw.go.jp/12/index.php?action_kouhyou_detail_004_kani=true&JigyosyoCd=1271000877-00&ServiceCd=150&Type=search", "url2": "http://www.8910.or.jp" }, "geometry": { "type": "Point", "coordinates": [ 139.895998800000029, 35.0052521 ] } },
{ "type": "Feature", "properties": { "内容": "デイサービス東雲神戸【通所介護】千葉県館山市佐野２０７５－２", "url": "https://www.kaigokensaku.mhlw.go.jp/12/index.php?action_kouhyou_detail_004_kani=true&JigyosyoCd=1271000901-00&ServiceCd=150&Type=search", "url2": null }, "geometry": { "type": "Point", "coordinates": [ 139.842262356683364, 34.941635942538412 ] } },
{ "type": "Feature", "properties": { "内容": "館山明光苑デイサービスセンター【通所介護】千葉県館山市大神宮巴井36－7", "url": "https://www.kaigokensaku.mhlw.go.jp/12/index.php?action_kouhyou_detail_004_kani=true&JigyosyoCd=1271001180-00&ServiceCd=150&Type=search", "url2": "https://www.meikouen.jp" }, "geometry": { "type": "Point", "coordinates": [ 139.830525200000011, 34.9281319 ] } },
{ "type": "Feature", "properties": { "内容": "DSCMahalo【通所介護】千葉県館山市佐野184", "url": "https://www.kaigokensaku.mhlw.go.jp/12/index.php?action_kouhyou_detail_004_kani=true&JigyosyoCd=1271001370-00&ServiceCd=150&Type=search", "url2": "https://maumahalo.amebaownd.com/" }, "geometry": { "type": "Point", "coordinates": [ 139.839667735581997, 34.939685365171258 ] } },
{ "type": "Feature", "properties": { "内容": "デイサービス安布里【通所介護】千葉県館山市安布里237-2", "url": "https://www.kaigokensaku.mhlw.go.jp/12/index.php?action_kouhyou_detail_004_kani=true&JigyosyoCd=1271000281-00&ServiceCd=150&Type=search", "url2": "https://www.makinomi.co.jp/" }, "geometry": { "type": "Point", "coordinates": [ 139.882589199999984, 34.987113 ] } },
{ "type": "Feature", "properties": { "内容": "リハプライド木更津【通所介護】千葉県木更津市清見台3丁目8-10DAISHOUビル　1F", "url": "https://www.kaigokensaku.mhlw.go.jp/12/index.php?action_kouhyou_detail_004_kani=true&JigyosyoCd=1271102855-00&ServiceCd=150&Type=search", "url2": "https://www.rehapride.co.jp/kisarazu/" }, "geometry": { "type": "Point", "coordinates": [ 139.9464511460327, 35.381060839038398 ] } },
{ "type": "Feature", "properties": { "内容": "デイサービスセンター　南清苑【通所介護】千葉県木更津市中尾623-1", "url": "https://www.kaigokensaku.mhlw.go.jp/12/index.php?action_kouhyou_detail_004_kani=true&JigyosyoCd=1271100214-00&ServiceCd=150&Type=search", "url2": "https://jishinkai.info/" }, "geometry": { "type": "Point", "coordinates": [ 139.9717025, 35.3765835 ] } },
{ "type": "Feature", "properties": { "内容": "医療法人社団史祥会房総メディカル第2クリニックデイサービスセンター【通所介護】千葉県木更津市吾妻243-1", "url": "https://www.kaigokensaku.mhlw.go.jp/12/index.php?action_kouhyou_detail_004_kani=true&JigyosyoCd=1271101907-00&ServiceCd=150&Type=search", "url2": "https://boso-med.com/info/dayservice" }, "geometry": { "type": "Point", "coordinates": [ 140.1108064, 36.089327 ] } },
{ "type": "Feature", "properties": { "内容": "さとのデイサービスセンター【通所介護】千葉県木更津市下烏田893", "url": "https://www.kaigokensaku.mhlw.go.jp/12/index.php?action_kouhyou_detail_004_kani=true&JigyosyoCd=1271102228-00&ServiceCd=150&Type=search", "url2": "https://www.nagasuka.com/" }, "geometry": { "type": "Point", "coordinates": [ 139.921923183992021, 35.356723001151089 ] } },
{ "type": "Feature", "properties": { "内容": "デイサービスみどりの風きさらづ【通所介護】千葉県木更津市笹子553番地", "url": "https://www.kaigokensaku.mhlw.go.jp/12/index.php?action_kouhyou_detail_004_kani=true&JigyosyoCd=1271102715-00&ServiceCd=150&Type=search", "url2": "https://kaigo-midorinokaze.com/" }, "geometry": { "type": "Point", "coordinates": [ 139.990077400000018, 35.3899169 ] } },
{ "type": "Feature", "properties": { "内容": "グリーンパレス通所介護事業所【通所介護】千葉県木更津市長須賀1305-2", "url": "https://www.kaigokensaku.mhlw.go.jp/12/index.php?action_kouhyou_detail_004_kani=true&JigyosyoCd=1271100081-00&ServiceCd=150&Type=search", "url2": "https://www.nagasuka.com/" }, "geometry": { "type": "Point", "coordinates": [ 139.93385939999996, 35.3961354 ] } },
{ "type": "Feature", "properties": { "内容": "コウトクユデイサービスセンター【通所介護】千葉県木更津市曽根89-2", "url": "https://www.kaigokensaku.mhlw.go.jp/12/index.php?action_kouhyou_detail_004_kani=true&JigyosyoCd=1271102475-00&ServiceCd=150&Type=search", "url2": null }, "geometry": { "type": "Point", "coordinates": [ 139.970965620797386, 35.412943659923819 ] } },
{ "type": "Feature", "properties": { "内容": "デイサービスたんぽぽ【通所介護】千葉県木更津市犬成９０６", "url": "https://www.kaigokensaku.mhlw.go.jp/12/index.php?action_kouhyou_detail_004_kani=true&JigyosyoCd=1271100628-00&ServiceCd=150&Type=search", "url2": null }, "geometry": { "type": "Point", "coordinates": [ 139.986500299999989, 35.3756718 ] } },
{ "type": "Feature", "properties": { "内容": "レッツ倶楽部木更津【通所介護】千葉県木更津市請西1-25-13カーサ・フィオーレ１階", "url": "https://www.kaigokensaku.mhlw.go.jp/12/index.php?action_kouhyou_detail_004_kani=true&JigyosyoCd=1271102749-00&ServiceCd=150&Type=search", "url2": "https://www.lets-club.jp/shop/kisarazu/" }, "geometry": { "type": "Point", "coordinates": [ 139.928720799999979, 35.3677144 ] } },
{ "type": "Feature", "properties": { "内容": "セントケア木更津【通所介護】千葉県木更津市畑沢南3-13-19", "url": "https://www.kaigokensaku.mhlw.go.jp/12/index.php?action_kouhyou_detail_004_kani=true&JigyosyoCd=1271101212-00&ServiceCd=150&Type=search", "url2": null }, "geometry": { "type": "Point", "coordinates": [ 139.9072615, 35.3415255 ] } },
{ "type": "Feature", "properties": { "内容": "第二グリーンパレス通所介護事業所【通所介護】千葉県木更津市長須賀１３２９", "url": "https://www.kaigokensaku.mhlw.go.jp/12/index.php?action_kouhyou_detail_004_kani=true&JigyosyoCd=1271101253-00&ServiceCd=150&Type=search", "url2": "https://www.nagasuka.com/" }, "geometry": { "type": "Point", "coordinates": [ 139.934092700000065, 35.3957938 ] } },
{ "type": "Feature", "properties": { "内容": "サンライズトレーニングデイ【通所介護】千葉県木更津市清見台東2-3-1", "url": "https://www.kaigokensaku.mhlw.go.jp/12/index.php?action_kouhyou_detail_004_kani=true&JigyosyoCd=1271102756-00&ServiceCd=150&Type=search", "url2": "https://www.sunrise-kisarazu.com/" }, "geometry": { "type": "Point", "coordinates": [ 139.9552251, 35.382491 ] } },
{ "type": "Feature", "properties": { "内容": "中郷記念館デイサービスセンター【通所介護】千葉県木更津市井尻951", "url": "https://www.kaigokensaku.mhlw.go.jp/12/index.php?action_kouhyou_detail_004_kani=true&JigyosyoCd=1271100271-00&ServiceCd=150&Type=search", "url2": "https://nakago.or.jp/" }, "geometry": { "type": "Point", "coordinates": [ 139.975055800000064, 35.4053757 ] } },
{ "type": "Feature", "properties": { "内容": "デイサービスセンター　カメリアの園【通所介護】千葉県木更津市畑沢南3丁目16番76号", "url": "https://www.kaigokensaku.mhlw.go.jp/12/index.php?action_kouhyou_detail_004_kani=true&JigyosyoCd=1271100172-00&ServiceCd=150&Type=search", "url2": "http://www.ikumikai.org/" }, "geometry": { "type": "Point", "coordinates": [ 139.933424, 35.345332 ] } },
{ "type": "Feature", "properties": { "内容": "リハビリデイサービスすまいる【通所介護】千葉県木更津市真舟5−2−3", "url": "https://www.kaigokensaku.mhlw.go.jp/12/index.php?action_kouhyou_detail_004_kani=true&JigyosyoCd=1271101501-00&ServiceCd=150&Type=search", "url2": "https://www.smile-rs.jp/" }, "geometry": { "type": "Point", "coordinates": [ 139.930037099999936, 35.3663399 ] } },
{ "type": "Feature", "properties": { "内容": "デイサービスパープル【通所介護】千葉県木更津市畑沢南2-30-15", "url": "https://www.kaigokensaku.mhlw.go.jp/12/index.php?action_kouhyou_detail_004_kani=true&JigyosyoCd=1271102947-00&ServiceCd=150&Type=search", "url2": null }, "geometry": { "type": "Point", "coordinates": [ 139.9008433, 35.3413643 ] } },
{ "type": "Feature", "properties": { "内容": "あずみ苑木更津【通所介護】千葉県木更津市清見台南3-5-12", "url": "https://www.kaigokensaku.mhlw.go.jp/12/index.php?action_kouhyou_detail_004_kani=true&JigyosyoCd=1271102137-00&ServiceCd=150&Type=search", "url2": "http://www.az-lifecare.co.jp/" }, "geometry": { "type": "Point", "coordinates": [ 139.95648770370488, 35.378739824516167 ] } },
{ "type": "Feature", "properties": { "内容": "ケアパートナー木更津【通所介護】千葉県木更津市羽鳥野６－２０－６", "url": "https://www.kaigokensaku.mhlw.go.jp/12/index.php?action_kouhyou_detail_004_kani=true&JigyosyoCd=1271101048-00&ServiceCd=150&Type=search", "url2": null }, "geometry": { "type": "Point", "coordinates": [ 139.941917699999976, 35.3460929 ] } },
{ "type": "Feature", "properties": { "内容": "デイサービスセンター　やわら木苑【通所介護】千葉県松戸市金ケ作277", "url": "https://www.kaigokensaku.mhlw.go.jp/12/index.php?action_kouhyou_detail_004_kani=true&JigyosyoCd=1271200386-00&ServiceCd=150&Type=search", "url2": "http://www.yawaragien.or.jp/" }, "geometry": { "type": "Point", "coordinates": [ 139.9645233, 35.8080711 ] } },
{ "type": "Feature", "properties": { "内容": "デイサービスめいと中金杉【通所介護】千葉県松戸市中金杉2-72", "url": "https://www.kaigokensaku.mhlw.go.jp/12/index.php?action_kouhyou_detail_004_kani=true&JigyosyoCd=1271202531-00&ServiceCd=150&Type=search", "url2": "https://www.mate-care.co.jp/cn3/care.html" }, "geometry": { "type": "Point", "coordinates": [ 139.926141899999948, 35.841265 ] } },
{ "type": "Feature", "properties": { "内容": "デイサービス古ヶ崎シャンティ【通所介護】千葉県松戸市古ヶ崎2-3167", "url": "https://www.kaigokensaku.mhlw.go.jp/12/index.php?action_kouhyou_detail_004_kani=true&JigyosyoCd=1271208462-00&ServiceCd=150&Type=search", "url2": null }, "geometry": { "type": "Point", "coordinates": [ 139.898896, 35.797097 ] } },
{ "type": "Feature", "properties": { "内容": "リハプライドまつど【通所介護】千葉県松戸市松飛台40-5", "url": "https://www.kaigokensaku.mhlw.go.jp/12/index.php?action_kouhyou_detail_004_kani=true&JigyosyoCd=1271206854-00&ServiceCd=150&Type=search", "url2": "https://rehapride.co.jp/matsudo/" }, "geometry": { "type": "Point", "coordinates": [ 139.9719705, 35.790737 ] } },
{ "type": "Feature", "properties": { "内容": "松戸ナーシングヴィラ　そよ風【通所介護】千葉県松戸市常盤平5-24-2", "url": "https://www.kaigokensaku.mhlw.go.jp/12/index.php?action_kouhyou_detail_004_kani=true&JigyosyoCd=1271205518-00&ServiceCd=150&Type=search", "url2": null }, "geometry": { "type": "Point", "coordinates": [ 139.9617465, 35.7949391 ] } },
{ "type": "Feature", "properties": { "内容": "デイホームいきいき舎中和倉【通所介護】千葉県松戸市中和倉172-1　後藤ビル1F", "url": "https://www.kaigokensaku.mhlw.go.jp/12/index.php?action_kouhyou_detail_004_kani=true&JigyosyoCd=1271201392-00&ServiceCd=150&Type=search", "url2": "http://www.ikiikisya.com/" }, "geometry": { "type": "Point", "coordinates": [ 139.922154099999943, 35.8076411 ] } },
{ "type": "Feature", "properties": { "内容": "デイサービスセンター　エクラシア松戸二ツ木【通所介護】千葉県松戸市二ツ木１３４９－１", "url": "https://www.kaigokensaku.mhlw.go.jp/12/index.php?action_kouhyou_detail_004_kani=true&JigyosyoCd=1271209759-00&ServiceCd=150&Type=search", "url2": "https://www.welloff.co.jp/" }, "geometry": { "type": "Point", "coordinates": [ 139.927719700000011, 35.8206593 ] } },
{ "type": "Feature", "properties": { "内容": "リハ＆りふれっしゅみらいスクール【通所介護】千葉県松戸市胡録台123－1", "url": "https://www.kaigokensaku.mhlw.go.jp/12/index.php?action_kouhyou_detail_004_kani=true&JigyosyoCd=1271209676-00&ServiceCd=150&Type=search", "url2": "https://veilherz-mirai.jp" }, "geometry": { "type": "Point", "coordinates": [ 139.9134062, 35.784795 ] } },
{ "type": "Feature", "properties": { "内容": "アイ・ハート機能回復センター栗ヶ沢店【通所介護】千葉県松戸市小金原7-33-11", "url": "https://www.kaigokensaku.mhlw.go.jp/12/index.php?action_kouhyou_detail_004_kani=true&JigyosyoCd=1271205351-00&ServiceCd=150&Type=search", "url2": null }, "geometry": { "type": "Point", "coordinates": [ 139.950216100000034, 35.814942 ] } },
{ "type": "Feature", "properties": { "内容": "デイサービス笑顔【通所介護】千葉県松戸市串崎新田158えがおの郷　内", "url": "https://www.kaigokensaku.mhlw.go.jp/12/index.php?action_kouhyou_detail_004_kani=true&JigyosyoCd=1271207415-00&ServiceCd=150&Type=search", "url2": null }, "geometry": { "type": "Point", "coordinates": [ 139.973005105418451, 35.777683776531006 ] } },
{ "type": "Feature", "properties": { "内容": "デイサービスもみの木【通所介護】千葉県松戸市常盤平5丁目12番5", "url": "https://www.kaigokensaku.mhlw.go.jp/12/index.php?action_kouhyou_detail_004_kani=true&JigyosyoCd=1271201723-00&ServiceCd=150&Type=search", "url2": null }, "geometry": { "type": "Point", "coordinates": [ 139.964816998285386, 35.797386221208754 ] } },
{ "type": "Feature", "properties": { "内容": "デイサービスセンターエクラシア松戸河原塚【通所介護】千葉県松戸市河原塚395-4", "url": "https://www.kaigokensaku.mhlw.go.jp/12/index.php?action_kouhyou_detail_004_kani=true&JigyosyoCd=1271209742-00&ServiceCd=150&Type=search", "url2": "https://www.eclasia.co.jp/" }, "geometry": { "type": "Point", "coordinates": [ 139.944901951798585, 35.785355248663848 ] } },
{ "type": "Feature", "properties": { "内容": "デイサービスセンターエクラシア松戸小金【通所介護】千葉県松戸市小金252-11", "url": "https://www.kaigokensaku.mhlw.go.jp/12/index.php?action_kouhyou_detail_004_kani=true&JigyosyoCd=1271209783-00&ServiceCd=150&Type=search", "url2": null }, "geometry": { "type": "Point", "coordinates": [ 139.9323048, 35.8262112 ] } },
{ "type": "Feature", "properties": { "内容": "デイサービスセンタープレミア東松戸【通所介護】千葉県松戸市紙敷297番2", "url": "https://www.kaigokensaku.mhlw.go.jp/12/index.php?action_kouhyou_detail_004_kani=true&JigyosyoCd=1271207787-00&ServiceCd=150&Type=search", "url2": "http://www.100.or.jp" }, "geometry": { "type": "Point", "coordinates": [ 139.947812741653479, 35.769254189019954 ] } },
{ "type": "Feature", "properties": { "内容": "ヒューマンライフケアあじさいの湯【通所介護】千葉県松戸市上本郷2113番2号シティフォーラム上本郷１階", "url": "https://www.kaigokensaku.mhlw.go.jp/12/index.php?action_kouhyou_detail_004_kani=true&JigyosyoCd=1271204685-00&ServiceCd=150&Type=search", "url2": "https://kaigo.human-lifecare.jp/facilities/ds028_Ajisai/summary.html" }, "geometry": { "type": "Point", "coordinates": [ 139.914507100000037, 35.7982388 ] } },
{ "type": "Feature", "properties": { "内容": "リハビリデイサービスnagomiプラス松戸稔台店【通所介護】千葉県松戸市稔台7-1-3　クミアイビル1階", "url": "https://www.kaigokensaku.mhlw.go.jp/12/index.php?action_kouhyou_detail_004_kani=true&JigyosyoCd=1271209072-00&ServiceCd=150&Type=search", "url2": "http://www.my-nagomi.com/" }, "geometry": { "type": "Point", "coordinates": [ 139.929617900000011, 35.7883181 ] } },
{ "type": "Feature", "properties": { "内容": "デイサービスセンター秋桜ヴィレッジ【通所介護】千葉県松戸市栄町西3-1045", "url": "https://www.kaigokensaku.mhlw.go.jp/12/index.php?action_kouhyou_detail_004_kani=true&JigyosyoCd=1271204743-00&ServiceCd=150&Type=search", "url2": "https://www.mother-like.co.jp/" }, "geometry": { "type": "Point", "coordinates": [ 139.895887099999982, 35.8128127 ] } },
{ "type": "Feature", "properties": { "内容": "秋桜ヴィレッジ大金平デイサービスセンター【通所介護】千葉県松戸市大金平5-353-1秋桜ヴィレッジ大金平", "url": "https://www.kaigokensaku.mhlw.go.jp/12/index.php?action_kouhyou_detail_004_kani=true&JigyosyoCd=1271205799-00&ServiceCd=150&Type=search", "url2": "http://www.mother-like.co.jp/index.html" }, "geometry": { "type": "Point", "coordinates": [ 139.918794186508194, 35.838560632457437 ] } },
{ "type": "Feature", "properties": { "内容": "秋桜ヴィレッジ古ヶ崎デイサービスセンター【通所介護】千葉県松戸市古ヶ崎３－３２９４", "url": "https://www.kaigokensaku.mhlw.go.jp/12/index.php?action_kouhyou_detail_004_kani=true&JigyosyoCd=1271207944-00&ServiceCd=150&Type=search", "url2": "https://www.mother-like.co.jp/" }, "geometry": { "type": "Point", "coordinates": [ 139.898115500000017, 35.799836 ] } },
{ "type": "Feature", "properties": { "内容": "フィットネス＆リハビリこかげ六高台店【通所介護】千葉県松戸市六高台3-80クレスト六高台1Ｆ", "url": "https://www.kaigokensaku.mhlw.go.jp/12/index.php?action_kouhyou_detail_004_kani=true&JigyosyoCd=1271205682-00&ServiceCd=150&Type=search", "url2": "https://kokagefitness.com/category/rokkoudai/" }, "geometry": { "type": "Point", "coordinates": [ 139.989740927720277, 35.79807784203922 ] } },
{ "type": "Feature", "properties": { "内容": "ニチイライフケア小金原デイサービスセンター【通所介護】千葉県松戸市小金原4丁目40番地8ニチイメゾン小金原", "url": "https://www.kaigokensaku.mhlw.go.jp/12/index.php?action_kouhyou_detail_004_kani=true&JigyosyoCd=1271209957-00&ServiceCd=150&Type=search", "url2": "https://www.nichii-carepalace.co.jp" }, "geometry": { "type": "Point", "coordinates": [ 139.943089500000013, 35.8203588 ] } },
{ "type": "Feature", "properties": { "内容": "セントケア松戸馬橋デイサ－ビスセンター【通所介護】千葉県松戸市栄町8-612-2", "url": "https://www.kaigokensaku.mhlw.go.jp/12/index.php?action_kouhyou_detail_004_kani=true&JigyosyoCd=1271203489-00&ServiceCd=150&Type=search", "url2": "http://www.saint-care.com/" }, "geometry": { "type": "Point", "coordinates": [ 139.902351337759427, 35.811040482300278 ] } },
{ "type": "Feature", "properties": { "内容": "カトレアデイサービス【通所介護】千葉県松戸市紙敷3-10-1", "url": "https://www.kaigokensaku.mhlw.go.jp/12/index.php?action_kouhyou_detail_004_kani=true&JigyosyoCd=1271200410-00&ServiceCd=150&Type=search", "url2": "http://www.sinai.jp" }, "geometry": { "type": "Point", "coordinates": [ 139.950209399999949, 35.7728879 ] } },
{ "type": "Feature", "properties": { "内容": "生活協同組合パルシステム千葉　デイサービスにじいろぱる松戸六実【通所介護】千葉県松戸市六実2-5-1", "url": "https://www.kaigokensaku.mhlw.go.jp/12/index.php?action_kouhyou_detail_004_kani=true&JigyosyoCd=1271208926-00&ServiceCd=150&Type=search", "url2": "https://www.palsystem-chiba.coop/" }, "geometry": { "type": "Point", "coordinates": [ 139.9926298, 35.7932126 ] } },
{ "type": "Feature", "properties": { "内容": "デイサービスひなた【通所介護】千葉県松戸市常盤平1-27-12ハイツ岡田101", "url": "https://www.kaigokensaku.mhlw.go.jp/12/index.php?action_kouhyou_detail_004_kani=true&JigyosyoCd=1271208637-00&ServiceCd=150&Type=search", "url2": "https://hinata723.com" }, "geometry": { "type": "Point", "coordinates": [ 139.952939, 35.8042958 ] } },
{ "type": "Feature", "properties": { "内容": "かがやきデイサービス矢切【通所介護】千葉県松戸市下矢切41-17", "url": "https://www.kaigokensaku.mhlw.go.jp/12/index.php?action_kouhyou_detail_004_kani=true&JigyosyoCd=1271206615-00&ServiceCd=150&Type=search", "url2": "http://www.ymmd.co.jp/" }, "geometry": { "type": "Point", "coordinates": [ 139.898969299999976, 35.7621524 ] } },
{ "type": "Feature", "properties": { "内容": "ソレイユ倶楽部【通所介護】千葉県松戸市五香西5-19-8", "url": "https://www.kaigokensaku.mhlw.go.jp/12/index.php?action_kouhyou_detail_004_kani=true&JigyosyoCd=1271201111-00&ServiceCd=150&Type=search", "url2": "http://happy-sunflower.or.jp/" }, "geometry": { "type": "Point", "coordinates": [ 139.951972699999942, 35.7866895 ] } },
{ "type": "Feature", "properties": { "内容": "陽光苑デイサービスセンター【通所介護】千葉県松戸市旭町2丁目238番地", "url": "https://www.kaigokensaku.mhlw.go.jp/12/index.php?action_kouhyou_detail_004_kani=true&JigyosyoCd=1271200477-00&ServiceCd=150&Type=search", "url2": "http://youkoukai.or.jp" }, "geometry": { "type": "Point", "coordinates": [ 139.89937, 35.8175844 ] } },
{ "type": "Feature", "properties": { "内容": "ケアパートナー馬橋【通所介護】千葉県松戸市西馬橋2-26-4サンプラザ1階", "url": "https://www.kaigokensaku.mhlw.go.jp/12/index.php?action_kouhyou_detail_004_kani=true&JigyosyoCd=1271203521-00&ServiceCd=150&Type=search", "url2": "http://www.care-partner.com/" }, "geometry": { "type": "Point", "coordinates": [ 139.907705299999947, 35.8186398 ] } },
{ "type": "Feature", "properties": { "内容": "言語リハビリミカタ松戸【通所介護】千葉県松戸市小金原6-2-4", "url": "https://www.kaigokensaku.mhlw.go.jp/12/index.php?action_kouhyou_detail_004_kani=true&JigyosyoCd=1271208082-00&ServiceCd=150&Type=search", "url2": "https://www.takamikai.jp" }, "geometry": { "type": "Point", "coordinates": [ 139.945510600000034, 35.8197661 ] } },
{ "type": "Feature", "properties": { "内容": "SOMPOケア松戸北岡デイサービス【通所介護】千葉県松戸市金ケ作298-53", "url": "https://www.kaigokensaku.mhlw.go.jp/12/index.php?action_kouhyou_detail_004_kani=true&JigyosyoCd=1271208231-00&ServiceCd=150&Type=search", "url2": "https://www.sompocare.com/service/zaitaku/dayservice/Z000335" }, "geometry": { "type": "Point", "coordinates": [ 139.96722120000004, 35.8015598 ] } },
{ "type": "Feature", "properties": { "内容": "デイサービスセンターエクラシア松戸常盤平【通所介護】千葉県松戸市常盤平3-15-4", "url": "https://www.kaigokensaku.mhlw.go.jp/12/index.php?action_kouhyou_detail_004_kani=true&JigyosyoCd=1271209924-00&ServiceCd=150&Type=search", "url2": "https://www.eclasia.co.jp" }, "geometry": { "type": "Point", "coordinates": [ 139.9563196, 35.8021528 ] } },
{ "type": "Feature", "properties": { "内容": "通所介護事業所　松戸陽だまり館【通所介護】千葉県松戸市幸田111番地", "url": "https://www.kaigokensaku.mhlw.go.jp/12/index.php?action_kouhyou_detail_004_kani=true&JigyosyoCd=1271205393-00&ServiceCd=150&Type=search", "url2": "http://www.heart-pia.com/meguminokai/facility/hidamari_matsudo.html?20180425" }, "geometry": { "type": "Point", "coordinates": [ 139.920206199999939, 35.8451558 ] } },
{ "type": "Feature", "properties": { "内容": "ニチイケアセンター稔台【通所介護】千葉県松戸市稔台2-1-17", "url": "https://www.kaigokensaku.mhlw.go.jp/12/index.php?action_kouhyou_detail_004_kani=true&JigyosyoCd=1271200048-00&ServiceCd=150&Type=search", "url2": "http://www.nichiigakkan.co.jp" }, "geometry": { "type": "Point", "coordinates": [ 139.9312549, 35.7859081 ] } },
{ "type": "Feature", "properties": { "内容": "まんさくの里　　デイサービスセンター【通所介護】千葉県松戸市八ヶ崎二丁目15番地の1", "url": "https://www.kaigokensaku.mhlw.go.jp/12/index.php?action_kouhyou_detail_004_kani=true&JigyosyoCd=1271202390-00&ServiceCd=150&Type=search", "url2": "http://www.mansakunosato.biz/" }, "geometry": { "type": "Point", "coordinates": [ 139.933342300000049, 35.8147826 ] } },
{ "type": "Feature", "properties": { "内容": "明尽苑デイサービスセンター【通所介護】千葉県松戸市金ヶ作296-1", "url": "https://www.kaigokensaku.mhlw.go.jp/12/index.php?action_kouhyou_detail_004_kani=true&JigyosyoCd=1271202416-00&ServiceCd=150&Type=search", "url2": "http://seishin-kai.or.jp/" }, "geometry": { "type": "Point", "coordinates": [ 139.965892899999972, 35.8024302 ] } },
{ "type": "Feature", "properties": { "内容": "デイサービスセンターケアサポートまつど【通所介護】千葉県松戸市高塚新田512-4", "url": "https://www.kaigokensaku.mhlw.go.jp/12/index.php?action_kouhyou_detail_004_kani=true&JigyosyoCd=1271207225-00&ServiceCd=150&Type=search", "url2": "http://www.care-support.biz" }, "geometry": { "type": "Point", "coordinates": [ 139.936283399999979, 35.7567396 ] } },
{ "type": "Feature", "properties": { "内容": "アズハイム新松戸デイサービスセンター【通所介護】千葉県松戸市大金平4-299-1", "url": "https://www.kaigokensaku.mhlw.go.jp/12/index.php?action_kouhyou_detail_004_kani=true&JigyosyoCd=1271207969-00&ServiceCd=150&Type=search", "url2": "http://as-heim.com/shinmatsudo_day/" }, "geometry": { "type": "Point", "coordinates": [ 139.9168095, 35.8390567 ] } },
{ "type": "Feature", "properties": { "内容": "通所介護事業所松寿園【通所介護】千葉県松戸市六高台2丁目19番地の2", "url": "https://www.kaigokensaku.mhlw.go.jp/12/index.php?action_kouhyou_detail_004_kani=true&JigyosyoCd=1271200204-00&ServiceCd=150&Type=search", "url2": "http://www.rokkoudai.net" }, "geometry": { "type": "Point", "coordinates": [ 139.986926899999958, 35.795708169081514 ] } },
{ "type": "Feature", "properties": { "内容": "デイサービスセンターマーシイヒル【通所介護】千葉県松戸市根木内６７７番地２", "url": "https://www.kaigokensaku.mhlw.go.jp/12/index.php?action_kouhyou_detail_004_kani=true&JigyosyoCd=1271200527-00&ServiceCd=150&Type=search", "url2": "http://s-sanseikai.or.jp/" }, "geometry": { "type": "Point", "coordinates": [ 139.947076599999946, 35.829715 ] } },
{ "type": "Feature", "properties": { "内容": "リハビリ教室新松戸【通所介護】千葉県松戸市新松戸3-283ゆりのきセンタービル1階", "url": "https://www.kaigokensaku.mhlw.go.jp/12/index.php?action_kouhyou_detail_004_kani=true&JigyosyoCd=1271205260-00&ServiceCd=150&Type=search", "url2": "http://cocokala.jimdo.com/" }, "geometry": { "type": "Point", "coordinates": [ 139.914631086806054, 35.823886498309058 ] } },
{ "type": "Feature", "properties": { "内容": "デイサービスグリーン上総町【通所介護】千葉県松戸市小金上総町7-5リーブル北小金", "url": "https://www.kaigokensaku.mhlw.go.jp/12/index.php?action_kouhyou_detail_004_kani=true&JigyosyoCd=1271207423-00&ServiceCd=150&Type=search", "url2": "http://www.rhinokino.jp/" }, "geometry": { "type": "Point", "coordinates": [ 139.930445508598268, 35.826245623415176 ] } },
{ "type": "Feature", "properties": { "内容": "ことばとからだリハビリ教室【通所介護】千葉県松戸市栄町7-571-46セナリオフォルム馬橋V", "url": "https://www.kaigokensaku.mhlw.go.jp/12/index.php?action_kouhyou_detail_004_kani=true&JigyosyoCd=1271208439-00&ServiceCd=150&Type=search", "url2": "https://cocokala.jimdo.com/" }, "geometry": { "type": "Point", "coordinates": [ 139.911356935641948, 35.811169206079768 ] } },
{ "type": "Feature", "properties": { "内容": "アイ・ハート機能回復センター【通所介護】千葉県松戸市小金原8－29－15エスポワールハイム１F", "url": "https://www.kaigokensaku.mhlw.go.jp/12/index.php?action_kouhyou_detail_004_kani=true&JigyosyoCd=1271204230-00&ServiceCd=150&Type=search", "url2": "https://iheart-day.com/" }, "geometry": { "type": "Point", "coordinates": [ 139.94242453452668, 35.812625666946857 ] } },
{ "type": "Feature", "properties": { "内容": "デイサービス極み【通所介護】千葉県松戸市樋ノ口599‐4", "url": "https://www.kaigokensaku.mhlw.go.jp/12/index.php?action_kouhyou_detail_004_kani=true&JigyosyoCd=1271209486-00&ServiceCd=150&Type=search", "url2": "https://lagom-kango.com/day_kiwami" }, "geometry": { "type": "Point", "coordinates": [ 139.9033248, 35.7876663 ] } },
{ "type": "Feature", "properties": { "内容": "デイサービスセンター南花園【通所介護】千葉県松戸市河原塚南花102-8", "url": "https://www.kaigokensaku.mhlw.go.jp/12/index.php?action_kouhyou_detail_004_kani=true&JigyosyoCd=1271200550-00&ServiceCd=150&Type=search", "url2": "http://www.kiyou.or.jp/" }, "geometry": { "type": "Point", "coordinates": [ 139.938365853689561, 35.780750127357678 ] } },
{ "type": "Feature", "properties": { "内容": "デイホームいきいき舎常盤平【通所介護】千葉県松戸市常盤平１－４－１", "url": "https://www.kaigokensaku.mhlw.go.jp/12/index.php?action_kouhyou_detail_004_kani=true&JigyosyoCd=1271200964-00&ServiceCd=150&Type=search", "url2": "http://www.ikiikisya.com/" }, "geometry": { "type": "Point", "coordinates": [ 139.946025299999974, 35.8025265 ] } },
{ "type": "Feature", "properties": { "内容": "松戸愛光園　デイサービス【通所介護】千葉県松戸市高塚新田128-8", "url": "https://www.kaigokensaku.mhlw.go.jp/12/index.php?action_kouhyou_detail_004_kani=true&JigyosyoCd=1271201673-00&ServiceCd=150&Type=search", "url2": "https://www.seirei.or.jp/elderlyhome/matsudo/elderly/day/index.html" }, "geometry": { "type": "Point", "coordinates": [ 139.943457800000033, 35.7544955 ] } },
{ "type": "Feature", "properties": { "内容": "ユーカリデイサービス小金原【通所介護】千葉県松戸市小金原4-25-6", "url": "https://www.kaigokensaku.mhlw.go.jp/12/index.php?action_kouhyou_detail_004_kani=true&JigyosyoCd=1271204891-00&ServiceCd=150&Type=search", "url2": "http://www.irahara.or.jp" }, "geometry": { "type": "Point", "coordinates": [ 139.940781104368597, 35.822198610038249 ] } },
{ "type": "Feature", "properties": { "内容": "デイサービス　ソラスト　二十世紀が丘【通所介護】千葉県松戸市三矢小台５－４－１", "url": "https://www.kaigokensaku.mhlw.go.jp/12/index.php?action_kouhyou_detail_004_kani=true&JigyosyoCd=1271205591-00&ServiceCd=150&Type=search", "url2": "http://www.solasto.co.jp" }, "geometry": { "type": "Point", "coordinates": [ 139.903171599999951, 35.7694152 ] } },
{ "type": "Feature", "properties": { "内容": "りぼんくらぶ・上本郷【通所介護】千葉県松戸市松戸新田521りぼんくらぶ上本郷", "url": "https://www.kaigokensaku.mhlw.go.jp/12/index.php?action_kouhyou_detail_004_kani=true&JigyosyoCd=1271205922-00&ServiceCd=150&Type=search", "url2": "https://rebornclub.net/" }, "geometry": { "type": "Point", "coordinates": [ 139.918464099999937, 35.7864326 ] } },
{ "type": "Feature", "properties": { "内容": "リハビリ教室馬橋２号館【通所介護】千葉県松戸市西馬橋広手町３８－１ニューパレス馬橋１１", "url": "https://www.kaigokensaku.mhlw.go.jp/12/index.php?action_kouhyou_detail_004_kani=true&JigyosyoCd=1271206565-00&ServiceCd=150&Type=search", "url2": "http://cocokala.jimdo.com/" }, "geometry": { "type": "Point", "coordinates": [ 139.908885899999973, 35.8136598 ] } },
{ "type": "Feature", "properties": { "内容": "デイサービス　おまめさん【通所介護】千葉県松戸市栗ヶ沢７９３－４２", "url": "https://www.kaigokensaku.mhlw.go.jp/12/index.php?action_kouhyou_detail_004_kani=true&JigyosyoCd=1271204859-00&ServiceCd=150&Type=search", "url2": "https://dsomamesan.blog.fc2.com/" }, "geometry": { "type": "Point", "coordinates": [ 139.952780601565451, 35.812006524917834 ] } },
{ "type": "Feature", "properties": { "内容": "エスケアステーション松戸デイサービス【通所介護】千葉県松戸市新松戸4丁目258番", "url": "https://www.kaigokensaku.mhlw.go.jp/12/index.php?action_kouhyou_detail_004_kani=true&JigyosyoCd=1271206169-00&ServiceCd=150&Type=search", "url2": "https://www.s-caremate.co.jp/" }, "geometry": { "type": "Point", "coordinates": [ 139.917805715374698, 35.827543360967155 ] } },
{ "type": "Feature", "properties": { "内容": "あおぞらの里六高台デイサービスセンター【通所介護】千葉県松戸市六高台7-2-11", "url": "https://www.kaigokensaku.mhlw.go.jp/12/index.php?action_kouhyou_detail_004_kani=true&JigyosyoCd=1271201889-00&ServiceCd=150&Type=search", "url2": "https://cedar-group.co.jp/" }, "geometry": { "type": "Point", "coordinates": [ 139.983313400000043, 35.7970812 ] } },
{ "type": "Feature", "properties": { "内容": "癒しのデイサービス松戸【通所介護】千葉県松戸市胡録台266-3ゼファー松戸イムス3階", "url": "https://www.kaigokensaku.mhlw.go.jp/12/index.php?action_kouhyou_detail_004_kani=true&JigyosyoCd=1271205484-00&ServiceCd=150&Type=search", "url2": "https://riei-kaigo.jp/" }, "geometry": { "type": "Point", "coordinates": [ 139.913584200000059, 35.780961 ] } },
{ "type": "Feature", "properties": { "内容": "ケアパートナー五香【通所介護】千葉県松戸市五香7-44-5", "url": "https://www.kaigokensaku.mhlw.go.jp/12/index.php?action_kouhyou_detail_004_kani=true&JigyosyoCd=1271203513-00&ServiceCd=150&Type=search", "url2": "https://www.care-partner.com/" }, "geometry": { "type": "Point", "coordinates": [ 139.974633700000027, 35.7996807 ] } },
{ "type": "Feature", "properties": { "内容": "デイサービスたんぽぽの家【通所介護】千葉県松戸市六高台7-9", "url": "https://www.kaigokensaku.mhlw.go.jp/12/index.php?action_kouhyou_detail_004_kani=true&JigyosyoCd=1271207340-00&ServiceCd=150&Type=search", "url2": "http://www.care-net.biz/12/tanpopo/tanpoponoie.php" }, "geometry": { "type": "Point", "coordinates": [ 139.9829838, 35.79747 ] } },
{ "type": "Feature", "properties": { "内容": "東松戸ヒルズデイサービスセンター【通所介護】千葉県松戸市紙敷１０６５－４", "url": "https://www.kaigokensaku.mhlw.go.jp/12/index.php?action_kouhyou_detail_004_kani=true&JigyosyoCd=1271207571-00&ServiceCd=150&Type=search", "url2": "http://youkoukai.or.jp/" }, "geometry": { "type": "Point", "coordinates": [ 139.938900067012014, 35.771647721694208 ] } },
{ "type": "Feature", "properties": { "内容": "リハビリデイホームいきいき舎松戸二十世紀【通所介護】千葉県松戸市二十世紀が丘丸山町76わたなべビル1F", "url": "https://www.kaigokensaku.mhlw.go.jp/12/index.php?action_kouhyou_detail_004_kani=true&JigyosyoCd=1271208397-00&ServiceCd=150&Type=search", "url2": "http://www.ikiikisya.com" }, "geometry": { "type": "Point", "coordinates": [ 139.910458400000039, 35.7686996 ] } },
{ "type": "Feature", "properties": { "内容": "かがやきデイサービス松戸胡録台【通所介護】千葉県松戸市胡録台115-1総合ケアセンター松戸胡録台　（内", "url": "https://www.kaigokensaku.mhlw.go.jp/12/index.php?action_kouhyou_detail_004_kani=true&JigyosyoCd=1271207472-00&ServiceCd=150&Type=search", "url2": "https://www.ymmd.co.jp/" }, "geometry": { "type": "Point", "coordinates": [ 139.914720100000068, 35.7842023 ] } },
{ "type": "Feature", "properties": { "内容": "妙樹デイサービス【通所介護】千葉県松戸市小山407-5", "url": "https://www.kaigokensaku.mhlw.go.jp/12/index.php?action_kouhyou_detail_004_kani=true&JigyosyoCd=1271202259-00&ServiceCd=150&Type=search", "url2": null }, "geometry": { "type": "Point", "coordinates": [ 139.889341699999932, 35.7741701 ] } },
{ "type": "Feature", "properties": { "内容": "セイワ松戸デイサービスセンター【通所介護】千葉県松戸市大橋89", "url": "https://www.kaigokensaku.mhlw.go.jp/12/index.php?action_kouhyou_detail_004_kani=true&JigyosyoCd=1271208108-00&ServiceCd=150&Type=search", "url2": "http://www.seiwaen.org/" }, "geometry": { "type": "Point", "coordinates": [ 139.920780703823993, 35.766121975280242 ] } },
{ "type": "Feature", "properties": { "内容": "デイサービスセンター・なでしこ【通所介護】千葉県松戸市馬橋1435番地の８", "url": "https://www.kaigokensaku.mhlw.go.jp/12/index.php?action_kouhyou_detail_004_kani=true&JigyosyoCd=1271201459-00&ServiceCd=150&Type=search", "url2": "http://mabashi.org/service/dayservice/" }, "geometry": { "type": "Point", "coordinates": [ 139.9188378, 35.8151458 ] } },
{ "type": "Feature", "properties": { "内容": "ご長寿くらぶ松戸・五香デイサービスセンター【通所介護】千葉県松戸市五香西6-8-3ご長寿くらぶ松戸・五香", "url": "https://www.kaigokensaku.mhlw.go.jp/12/index.php?action_kouhyou_detail_004_kani=true&JigyosyoCd=1271208538-00&ServiceCd=150&Type=search", "url2": null }, "geometry": { "type": "Point", "coordinates": [ 139.956562, 35.7904479 ] } },
{ "type": "Feature", "properties": { "内容": "あずみ苑高塚新田【通所介護】千葉県松戸市高塚新田350-5", "url": "https://www.kaigokensaku.mhlw.go.jp/12/index.php?action_kouhyou_detail_004_kani=true&JigyosyoCd=1271209262-00&ServiceCd=150&Type=search", "url2": "https://www.azumien.jp/search/takatsukashinden/" }, "geometry": { "type": "Point", "coordinates": [ 139.9393604, 35.7641332 ] } },
{ "type": "Feature", "properties": { "内容": "ゆうのサラトレセンター【通所介護】千葉県松戸市新松戸6-65", "url": "https://www.kaigokensaku.mhlw.go.jp/12/index.php?action_kouhyou_detail_004_kani=true&JigyosyoCd=1271209338-00&ServiceCd=150&Type=search", "url2": "https://yuuno-saratore.com/" }, "geometry": { "type": "Point", "coordinates": [ 139.9093509, 35.8273468 ] } },
{ "type": "Feature", "properties": { "内容": "愛デイサービスセンター【通所介護】千葉県松戸市金ケ作９８－４", "url": "https://www.kaigokensaku.mhlw.go.jp/12/index.php?action_kouhyou_detail_004_kani=true&JigyosyoCd=1271204131-00&ServiceCd=150&Type=search", "url2": "http://www.ai-day.jp" }, "geometry": { "type": "Point", "coordinates": [ 139.9484278, 35.8054624 ] } },
{ "type": "Feature", "properties": { "内容": "あさひガーデンデイサービスセンター【通所介護】千葉県松戸市栄町西3-1066", "url": "https://www.kaigokensaku.mhlw.go.jp/12/index.php?action_kouhyou_detail_004_kani=true&JigyosyoCd=1271204388-00&ServiceCd=150&Type=search", "url2": "http://www.asahigarden-matsudo.com/" }, "geometry": { "type": "Point", "coordinates": [ 139.901481099999955, 35.81196 ] } },
{ "type": "Feature", "properties": { "内容": "リハビリサロンたんぽぽ【通所介護】千葉県松戸市五香南2-18-5", "url": "https://www.kaigokensaku.mhlw.go.jp/12/index.php?action_kouhyou_detail_004_kani=true&JigyosyoCd=1271208868-00&ServiceCd=150&Type=search", "url2": "http://care-net.biz/12/tanpopo/salontanpopo.php" }, "geometry": { "type": "Point", "coordinates": [ 139.975649800000014, 35.7908513 ] } },
{ "type": "Feature", "properties": { "内容": "アロマむつみデイサービス【通所介護】千葉県松戸市六実1-47-2", "url": "https://www.kaigokensaku.mhlw.go.jp/12/index.php?action_kouhyou_detail_004_kani=true&JigyosyoCd=1271203208-00&ServiceCd=150&Type=search", "url2": "http://care-net.co.jp" }, "geometry": { "type": "Point", "coordinates": [ 139.984832899999986, 35.7924927 ] } },
{ "type": "Feature", "properties": { "内容": "デイサービスせらび小金原【通所介護】千葉県松戸市二ツ木二葉町205-5", "url": "https://www.kaigokensaku.mhlw.go.jp/12/index.php?action_kouhyou_detail_004_kani=true&JigyosyoCd=1271209098-00&ServiceCd=150&Type=search", "url2": "https://solasto-kaigo.com/service/dayservice/koganehara" }, "geometry": { "type": "Point", "coordinates": [ 139.935208099999983, 35.8222496 ] } },
{ "type": "Feature", "properties": { "内容": "半日型・リハビリデイサービスリハBee【通所介護】千葉県松戸市小金原4‐9‐23　1F", "url": "https://www.kaigokensaku.mhlw.go.jp/12/index.php?action_kouhyou_detail_004_kani=true&JigyosyoCd=1271209205-00&ServiceCd=150&Type=search", "url2": "https://green070411.studio.site/" }, "geometry": { "type": "Point", "coordinates": [ 139.936950200000013, 35.8215281 ] } },
{ "type": "Feature", "properties": { "内容": "デイサービスセンター　あいあい松戸【通所介護】千葉県松戸市松戸896-3", "url": "https://www.kaigokensaku.mhlw.go.jp/12/index.php?action_kouhyou_detail_004_kani=true&JigyosyoCd=1271202705-00&ServiceCd=150&Type=search", "url2": "http://www.i-ai.co.jp/index.html" }, "geometry": { "type": "Point", "coordinates": [ 139.911479099999951, 35.7747645 ] } },
{ "type": "Feature", "properties": { "内容": "ブルーミングケア松戸北小金【通所介護】千葉県松戸市中金杉4丁目37番地", "url": "https://www.kaigokensaku.mhlw.go.jp/12/index.php?action_kouhyou_detail_004_kani=true&JigyosyoCd=1271209841-00&ServiceCd=150&Type=search", "url2": "https://taimeikan.recruitsite.net/" }, "geometry": { "type": "Point", "coordinates": [ 139.920892641139261, 35.839746508753734 ] } },
{ "type": "Feature", "properties": { "内容": "デイサービス　ソラスト新松戸【通所介護】千葉県松戸市新松戸1-359-1幸和ビル2階", "url": "https://www.kaigokensaku.mhlw.go.jp/12/index.php?action_kouhyou_detail_004_kani=true&JigyosyoCd=1271202341-00&ServiceCd=150&Type=search", "url2": null }, "geometry": { "type": "Point", "coordinates": [ 139.921593499999972, 35.827215100000039 ] } },
{ "type": "Feature", "properties": { "内容": "エル・デイサービスリハビリセンターときわ平【通所介護】千葉県松戸市常盤平3-21-11", "url": "https://www.kaigokensaku.mhlw.go.jp/12/index.php?action_kouhyou_detail_004_kani=true&JigyosyoCd=1271203661-00&ServiceCd=150&Type=search", "url2": "http://www.elderhome.jp/" }, "geometry": { "type": "Point", "coordinates": [ 139.952833300000066, 35.8016964 ] } },
{ "type": "Feature", "properties": { "内容": "松戸ケアセンターそよ風【通所介護】千葉県松戸市八ヶ崎4-31-1", "url": "https://www.kaigokensaku.mhlw.go.jp/12/index.php?action_kouhyou_detail_004_kani=true&JigyosyoCd=1271206243-00&ServiceCd=150&Type=search", "url2": "https://www.sykz.co.jp/shisetsu-zaitaku/123381" }, "geometry": { "type": "Point", "coordinates": [ 139.93613670000002, 35.8098251 ] } },
{ "type": "Feature", "properties": { "内容": "癒しのデイサービス松戸北【通所介護】千葉県松戸市幸田3-124", "url": "https://www.kaigokensaku.mhlw.go.jp/12/index.php?action_kouhyou_detail_004_kani=true&JigyosyoCd=1271206409-00&ServiceCd=150&Type=search", "url2": "https://www.riei.co.jp/" }, "geometry": { "type": "Point", "coordinates": [ 139.9274805, 35.8461448 ] } },
{ "type": "Feature", "properties": { "内容": "デイサービスセンターエクラシア松戸五香【通所介護】千葉県松戸市五香2-23-6", "url": "https://www.kaigokensaku.mhlw.go.jp/12/index.php?action_kouhyou_detail_004_kani=true&JigyosyoCd=1271209775-00&ServiceCd=150&Type=search", "url2": "https://www.eclasia.co.jp" }, "geometry": { "type": "Point", "coordinates": [ 139.9726621, 35.7925754 ] } },
{ "type": "Feature", "properties": { "内容": "イリーゼ常盤平デイサービスセンター【通所介護】千葉県松戸市常盤平1丁目27-4", "url": "https://www.kaigokensaku.mhlw.go.jp/12/index.php?action_kouhyou_detail_004_kani=true&JigyosyoCd=1271210039-00&ServiceCd=150&Type=search", "url2": "https://www.irs.jp/area/chiba/matsudoshi/tokiwadaira_dayservice.html" }, "geometry": { "type": "Point", "coordinates": [ 139.953125935581937, 35.804268590901231 ] } },
{ "type": "Feature", "properties": { "内容": "あおぞらの里　馬橋デイサービスセンター【通所介護】千葉県松戸市馬橋２８７０－２", "url": "https://www.kaigokensaku.mhlw.go.jp/12/index.php?action_kouhyou_detail_004_kani=true&JigyosyoCd=1271202184-00&ServiceCd=150&Type=search", "url2": "http;//www.cedar-web.com/" }, "geometry": { "type": "Point", "coordinates": [ 139.9237819, 35.8129545 ] } },
{ "type": "Feature", "properties": { "内容": "ルネサンス　元氣ジム五香【通所介護】千葉県松戸市常盤平5-12-6第1泉ビル　101", "url": "https://www.kaigokensaku.mhlw.go.jp/12/index.php?action_kouhyou_detail_004_kani=true&JigyosyoCd=1271210104-00&ServiceCd=150&Type=search", "url2": "https://kaigo.s-re.jp." }, "geometry": { "type": "Point", "coordinates": [ 139.9646045, 35.7973833 ] } },
{ "type": "Feature", "properties": { "内容": "ツクイ大橋夏苅【通所介護】千葉県松戸市大橋444-1", "url": "https://www.kaigokensaku.mhlw.go.jp/12/index.php?action_kouhyou_detail_004_kani=true&JigyosyoCd=1271202713-00&ServiceCd=150&Type=search", "url2": "https://corp.tsukui.net/" }, "geometry": { "type": "Point", "coordinates": [ 139.909232400000064, 35.7674821 ] } },
{ "type": "Feature", "properties": { "内容": "デイサービスセンターウェルフェア【通所介護】千葉県野田市木間ヶ瀬６１２９", "url": "https://www.kaigokensaku.mhlw.go.jp/12/index.php?action_kouhyou_detail_004_kani=true&JigyosyoCd=1273700052-00&ServiceCd=150&Type=search", "url2": "http://www2.tbb.t-com.ne.jp/welfare/" }, "geometry": { "type": "Point", "coordinates": [ 139.853819199999947, 36.0064837 ] } },
{ "type": "Feature", "properties": { "内容": "シンシア清水公園【通所介護】千葉県野田市清水公園東2丁目31-21シンシア清水公園", "url": "https://www.kaigokensaku.mhlw.go.jp/12/index.php?action_kouhyou_detail_004_kani=true&JigyosyoCd=1271302356-00&ServiceCd=150&Type=search", "url2": "https://www.sincere-gri.com/042_shimizukouenss/concept.html" }, "geometry": { "type": "Point", "coordinates": [ 139.862990500000024, 35.9545664 ] } },
{ "type": "Feature", "properties": { "内容": "ツクイ木間ケ瀬【通所介護】千葉県野田市木間ケ瀬612-1", "url": "https://www.kaigokensaku.mhlw.go.jp/12/index.php?action_kouhyou_detail_004_kani=true&JigyosyoCd=1271301267-00&ServiceCd=150&Type=search", "url2": "https://www.tsukui.net/search/?officeid=448" }, "geometry": { "type": "Point", "coordinates": [ 139.824704399999973, 36.0334296 ] } },
{ "type": "Feature", "properties": { "内容": "ステップ中野台【通所介護】千葉県野田市中野台195-18", "url": "https://www.kaigokensaku.mhlw.go.jp/12/index.php?action_kouhyou_detail_004_kani=true&JigyosyoCd=1271302455-00&ServiceCd=150&Type=search", "url2": "http://hp.kaipoke.biz/h7w/" }, "geometry": { "type": "Point", "coordinates": [ 139.860786, 35.9437801 ] } },
{ "type": "Feature", "properties": { "内容": "ステップ【通所介護】千葉県野田市春日町8-10", "url": "https://www.kaigokensaku.mhlw.go.jp/12/index.php?action_kouhyou_detail_004_kani=true&JigyosyoCd=1271302331-00&ServiceCd=150&Type=search", "url2": "http://hp.kaipoke.biz/h7w/" }, "geometry": { "type": "Point", "coordinates": [ 139.838591400000041, 35.9791067 ] } },
{ "type": "Feature", "properties": { "内容": "デイサロン　リハ＆スパ【通所介護】千葉県野田市船形902-12", "url": "https://www.kaigokensaku.mhlw.go.jp/12/index.php?action_kouhyou_detail_004_kani=true&JigyosyoCd=1271302653-00&ServiceCd=150&Type=search", "url2": "https://miraibest.biz/" }, "geometry": { "type": "Point", "coordinates": [ 139.8679704, 35.9849199 ] } },
{ "type": "Feature", "properties": { "内容": "ステップしらさぎ【通所介護】千葉県野田市下三ヶ尾878", "url": "https://www.kaigokensaku.mhlw.go.jp/12/index.php?action_kouhyou_detail_004_kani=true&JigyosyoCd=1271302687-00&ServiceCd=150&Type=search", "url2": null }, "geometry": { "type": "Point", "coordinates": [ 139.933485, 35.9279704 ] } },
{ "type": "Feature", "properties": { "内容": "デイサービスセンター椿寿の里【通所介護】千葉県野田市山崎2723-3", "url": "https://www.kaigokensaku.mhlw.go.jp/12/index.php?action_kouhyou_detail_004_kani=true&JigyosyoCd=1271301580-00&ServiceCd=150&Type=search", "url2": "http://www.housikai.or.jp/chinju/index.html" }, "geometry": { "type": "Point", "coordinates": [ 139.901202, 35.9260457 ] } },
{ "type": "Feature", "properties": { "内容": "デイサービスセンター松葉園【通所介護】千葉県野田市中里43-3", "url": "https://www.kaigokensaku.mhlw.go.jp/12/index.php?action_kouhyou_detail_004_kani=true&JigyosyoCd=1271301028-00&ServiceCd=150&Type=search", "url2": "http://matsubaen.or.jp/" }, "geometry": { "type": "Point", "coordinates": [ 139.842615099999989, 35.9907821 ] } },
{ "type": "Feature", "properties": { "内容": "ツクイ川間【通所介護】千葉県野田市尾崎8-2", "url": "https://www.kaigokensaku.mhlw.go.jp/12/index.php?action_kouhyou_detail_004_kani=true&JigyosyoCd=1271300632-00&ServiceCd=150&Type=search", "url2": "https://www.tsukui.net/" }, "geometry": { "type": "Point", "coordinates": [ 139.83437159999994, 35.9854323 ] } },
{ "type": "Feature", "properties": { "内容": "ルアナ　デイサービス【通所介護】千葉県野田市宮崎１２３－１６", "url": "https://www.kaigokensaku.mhlw.go.jp/12/index.php?action_kouhyou_detail_004_kani=true&JigyosyoCd=1271302075-00&ServiceCd=150&Type=search", "url2": null }, "geometry": { "type": "Point", "coordinates": [ 139.870666799999981, 35.9546749 ] } },
{ "type": "Feature", "properties": { "内容": "秋桜ヴィレッジ清水公園デイサービスセンター【通所介護】千葉県野田市清水826-15和楽久　清水公園", "url": "https://www.kaigokensaku.mhlw.go.jp/12/index.php?action_kouhyou_detail_004_kani=true&JigyosyoCd=1271301770-00&ServiceCd=150&Type=search", "url2": "https://mother-like.co.jp/" }, "geometry": { "type": "Point", "coordinates": [ 139.853303966934163, 35.95522876358315 ] } },
{ "type": "Feature", "properties": { "内容": "デイサービスセンターふれあいの里【通所介護】千葉県野田市野田1307-1特別養護老人ホームふれあいの里", "url": "https://www.kaigokensaku.mhlw.go.jp/12/index.php?action_kouhyou_detail_004_kani=true&JigyosyoCd=1271302281-00&ServiceCd=150&Type=search", "url2": "http://www.housikai.or.jp/fureainosato/index.html" }, "geometry": { "type": "Point", "coordinates": [ 139.864364058969016, 35.952375307813703 ] } },
{ "type": "Feature", "properties": { "内容": "デイサービスセンター関宿ナーシングビレッジ【通所介護】千葉県野田市桐ヶ作666番地", "url": "https://www.kaigokensaku.mhlw.go.jp/12/index.php?action_kouhyou_detail_004_kani=true&JigyosyoCd=1273700029-00&ServiceCd=150&Type=search", "url2": "http://www.hakuwakai.net/" }, "geometry": { "type": "Point", "coordinates": [ 139.811726499999963, 36.0551717 ] } },
{ "type": "Feature", "properties": { "内容": "縁「ゆかり」【通所介護】千葉県野田市木間ヶ瀬2148番地3", "url": "https://www.kaigokensaku.mhlw.go.jp/12/index.php?action_kouhyou_detail_004_kani=true&JigyosyoCd=1271301747-00&ServiceCd=150&Type=search", "url2": "http://www.yukari-kaigo.com/" }, "geometry": { "type": "Point", "coordinates": [ 139.822933665159553, 36.026045255281126 ] } },
{ "type": "Feature", "properties": { "内容": "デイサービスしらゆり【通所介護】千葉県野田市中根193-5", "url": "https://www.kaigokensaku.mhlw.go.jp/12/index.php?action_kouhyou_detail_004_kani=true&JigyosyoCd=1271300913-00&ServiceCd=150&Type=search", "url2": null }, "geometry": { "type": "Point", "coordinates": [ 139.878197399999976, 35.9402771 ] } },
{ "type": "Feature", "properties": { "内容": "ケアハウス野田デイサービスセンター【通所介護】千葉県野田市上三ヶ尾382", "url": "https://www.kaigokensaku.mhlw.go.jp/12/index.php?action_kouhyou_detail_004_kani=true&JigyosyoCd=1271300319-00&ServiceCd=150&Type=search", "url2": "http://www.care-subaru.jp/" }, "geometry": { "type": "Point", "coordinates": [ 139.924630500000035, 35.9249076 ] } },
{ "type": "Feature", "properties": { "内容": "デイサービス咲楽【通所介護】千葉県野田市柳沢24番地3", "url": "https://www.kaigokensaku.mhlw.go.jp/12/index.php?action_kouhyou_detail_004_kani=true&JigyosyoCd=1271301648-00&ServiceCd=150&Type=search", "url2": "http://www.ts-noda.co.jp" }, "geometry": { "type": "Point", "coordinates": [ 139.867664200000036, 35.9534757 ] } },
{ "type": "Feature", "properties": { "内容": "デイサービスほまれの家【通所介護】千葉県野田市目吹字二ツ塚1511-3", "url": "https://www.kaigokensaku.mhlw.go.jp/12/index.php?action_kouhyou_detail_004_kani=true&JigyosyoCd=1271300491-00&ServiceCd=150&Type=search", "url2": "http://shofukukai.com/" }, "geometry": { "type": "Point", "coordinates": [ 139.890139699999963, 35.9632165 ] } },
{ "type": "Feature", "properties": { "内容": "縁「ゆかり」野田介護予防センター【通所介護】千葉県野田市木間ケ瀬2079番地4", "url": "https://www.kaigokensaku.mhlw.go.jp/12/index.php?action_kouhyou_detail_004_kani=true&JigyosyoCd=1271302539-00&ServiceCd=150&Type=search", "url2": "https://www.yukari-kaigo.jp/kaigoyobounoda/" }, "geometry": { "type": "Point", "coordinates": [ 139.839371, 36.0224942 ] } },
{ "type": "Feature", "properties": { "内容": "ご長寿くらぶ野田清水公園南館デイサービスセンター【通所介護】千葉県野田市桜の里1-1-17ご長寿くらぶ野田清水公園南館", "url": "https://www.kaigokensaku.mhlw.go.jp/12/index.php?action_kouhyou_detail_004_kani=true&JigyosyoCd=1271302273-00&ServiceCd=150&Type=search", "url2": "http://gotyoujyuclub.com/" }, "geometry": { "type": "Point", "coordinates": [ 139.849462799999969, 35.955764 ] } },
{ "type": "Feature", "properties": { "内容": "ケアパートナー野田【通所介護】千葉県野田市山崎1275-1", "url": "https://www.kaigokensaku.mhlw.go.jp/12/index.php?action_kouhyou_detail_004_kani=true&JigyosyoCd=1271300954-00&ServiceCd=150&Type=search", "url2": "https://www.care-partner.com/" }, "geometry": { "type": "Point", "coordinates": [ 139.875262001852406, 35.931956676194758 ] } },
{ "type": "Feature", "properties": { "内容": "野田市岩木小学校老人デイサービスセンター【通所介護】千葉県野田市岩名２－１２－１", "url": "https://www.kaigokensaku.mhlw.go.jp/12/index.php?action_kouhyou_detail_004_kani=true&JigyosyoCd=1271301341-00&ServiceCd=150&Type=search", "url2": "http://nodamidorikai.jp/" }, "geometry": { "type": "Point", "coordinates": [ 139.838732599999958, 35.9750306 ] } },
{ "type": "Feature", "properties": { "内容": "生活協同組合パルシステム千葉デイサービスにじいろぱる野田音女通り【通所介護】千葉県野田市中野台177-7パルシステム千葉　のだ福祉館", "url": "https://www.kaigokensaku.mhlw.go.jp/12/index.php?action_kouhyou_detail_004_kani=true&JigyosyoCd=1271302133-00&ServiceCd=150&Type=search", "url2": null }, "geometry": { "type": "Point", "coordinates": [ 139.860026, 35.9447999 ] } },
{ "type": "Feature", "properties": { "内容": "癒しのデイサービス野田【通所介護】千葉県野田市山崎1313-1", "url": "https://www.kaigokensaku.mhlw.go.jp/12/index.php?action_kouhyou_detail_004_kani=true&JigyosyoCd=1271301127-00&ServiceCd=150&Type=search", "url2": "https://www.riei.co.jp/" }, "geometry": { "type": "Point", "coordinates": [ 139.879353300000048, 35.9329419 ] } },
{ "type": "Feature", "properties": { "内容": "ツクイ野田市駅前【通所介護】千葉県野田市中根72-8ツクイ野田市駅前デイサービス", "url": "https://www.kaigokensaku.mhlw.go.jp/12/index.php?action_kouhyou_detail_004_kani=true&JigyosyoCd=1271300723-00&ServiceCd=150&Type=search", "url2": "https://www.tsukui.net/home-care/2817/" }, "geometry": { "type": "Point", "coordinates": [ 139.870051704432626, 35.945680020555315 ] } },
{ "type": "Feature", "properties": { "内容": "デイサービスいきいきタウンのだであい横丁【通所介護】千葉県野田市中根193-12", "url": "https://www.kaigokensaku.mhlw.go.jp/12/index.php?action_kouhyou_detail_004_kani=true&JigyosyoCd=1271301994-00&ServiceCd=150&Type=search", "url2": "http://www.shafuku-pal.or.jp/" }, "geometry": { "type": "Point", "coordinates": [ 139.87884567724609, 35.94043864403757 ] } },
{ "type": "Feature", "properties": { "内容": "イオンスマイルノアSC店【通所介護】千葉県野田市中根36-1イオンノア店1階", "url": "https://www.kaigokensaku.mhlw.go.jp/12/index.php?action_kouhyou_detail_004_kani=true&JigyosyoCd=1271301929-00&ServiceCd=150&Type=search", "url2": "https://www.aeonretail.jp/aeonsmile/" }, "geometry": { "type": "Point", "coordinates": [ 139.876874899999962, 35.9478819 ] } },
{ "type": "Feature", "properties": { "内容": "ヤックスデイサービス野田【通所介護】千葉県野田市清水117-3（ヤックスドラッグ野田店内）", "url": "https://www.kaigokensaku.mhlw.go.jp/12/index.php?action_kouhyou_detail_004_kani=true&JigyosyoCd=1271302588-00&ServiceCd=150&Type=search", "url2": null }, "geometry": { "type": "Point", "coordinates": [ 139.8586177, 35.951228 ] } },
{ "type": "Feature", "properties": { "内容": "デイサービスみらい【通所介護】千葉県野田市尾崎307番地3", "url": "https://www.kaigokensaku.mhlw.go.jp/12/index.php?action_kouhyou_detail_004_kani=true&JigyosyoCd=1271302398-00&ServiceCd=150&Type=search", "url2": null }, "geometry": { "type": "Point", "coordinates": [ 139.833166815344271, 35.979925941199063 ] } },
{ "type": "Feature", "properties": { "内容": "デイサービスセンター鶴寿園【通所介護】千葉県野田市鶴奉280番地", "url": "https://www.kaigokensaku.mhlw.go.jp/12/index.php?action_kouhyou_detail_004_kani=true&JigyosyoCd=1271300798-00&ServiceCd=150&Type=search", "url2": "http://nodamidorikai.jp/" }, "geometry": { "type": "Point", "coordinates": [ 139.883923699999968, 35.9604806 ] } },
{ "type": "Feature", "properties": { "内容": "デイサービスセンターエクラシア野田【通所介護】千葉県野田市中根130-6", "url": "https://www.kaigokensaku.mhlw.go.jp/12/index.php?action_kouhyou_detail_004_kani=true&JigyosyoCd=1271302612-00&ServiceCd=150&Type=search", "url2": "https://www.eclasia.co.jp/" }, "geometry": { "type": "Point", "coordinates": [ 139.8749396, 35.9408647 ] } },
{ "type": "Feature", "properties": { "内容": "あずみ苑清水公園【通所介護】千葉県野田市柳沢新田字庚申塚49-11", "url": "https://www.kaigokensaku.mhlw.go.jp/12/index.php?action_kouhyou_detail_004_kani=true&JigyosyoCd=1271302505-00&ServiceCd=150&Type=search", "url2": "https://www.azumien.jp/search/shimizukoen/" }, "geometry": { "type": "Point", "coordinates": [ 139.869986873866424, 35.960364398517441 ] } },
{ "type": "Feature", "properties": { "内容": "デイサービスゆったりさん【通所介護】千葉県茂原市粟生野3498-35", "url": "https://www.kaigokensaku.mhlw.go.jp/12/index.php?action_kouhyou_detail_004_kani=true&JigyosyoCd=1271502419-00&ServiceCd=150&Type=search", "url2": "https://www.yuttarisan.com/" }, "geometry": { "type": "Point", "coordinates": [ 140.3539911, 35.4915346 ] } },
{ "type": "Feature", "properties": { "内容": "100年ながいき倶楽部【通所介護】千葉県茂原市茂原５３６番地４", "url": "https://www.kaigokensaku.mhlw.go.jp/12/index.php?action_kouhyou_detail_004_kani=true&JigyosyoCd=1271501387-00&ServiceCd=150&Type=search", "url2": "https://nagaiki.me/" }, "geometry": { "type": "Point", "coordinates": [ 140.297730699999988, 35.4267583 ] } },
{ "type": "Feature", "properties": { "内容": "デイサービスセンター　　しょうじゅの里茂原【通所介護】千葉県茂原市高師１９３－１", "url": "https://www.kaigokensaku.mhlw.go.jp/12/index.php?action_kouhyou_detail_004_kani=true&JigyosyoCd=1271500306-00&ServiceCd=150&Type=search", "url2": "http://www.akaedakai.com/mobara/" }, "geometry": { "type": "Point", "coordinates": [ 140.2967056, 35.4395286 ] } },
{ "type": "Feature", "properties": { "内容": "デイサービスセンターすこやか【通所介護】千葉県茂原市緑ヶ丘４丁目３番２", "url": "https://www.kaigokensaku.mhlw.go.jp/12/index.php?action_kouhyou_detail_004_kani=true&JigyosyoCd=1271500876-00&ServiceCd=150&Type=search", "url2": null }, "geometry": { "type": "Point", "coordinates": [ 140.260587100000066, 35.4395914 ] } },
{ "type": "Feature", "properties": { "内容": "デイサービスセンタープラス【通所介護】千葉県茂原市千町９３３－１", "url": "https://www.kaigokensaku.mhlw.go.jp/12/index.php?action_kouhyou_detail_004_kani=true&JigyosyoCd=1271502104-00&ServiceCd=150&Type=search", "url2": null }, "geometry": { "type": "Point", "coordinates": [ 140.3309564, 35.4566467 ] } },
{ "type": "Feature", "properties": { "内容": "はるかぜ園【通所介護】千葉県茂原市高師８６４－１", "url": "https://www.kaigokensaku.mhlw.go.jp/12/index.php?action_kouhyou_detail_004_kani=true&JigyosyoCd=1271500116-00&ServiceCd=150&Type=search", "url2": "https://mobara-takashi.com/" }, "geometry": { "type": "Point", "coordinates": [ 140.297600099999954, 35.4282109 ] } },
{ "type": "Feature", "properties": { "内容": "デイサービスセンターひより【通所介護】千葉県茂原市上林209-9", "url": "https://www.kaigokensaku.mhlw.go.jp/12/index.php?action_kouhyou_detail_004_kani=true&JigyosyoCd=1271501866-00&ServiceCd=150&Type=search", "url2": null }, "geometry": { "type": "Point", "coordinates": [ 140.29874140000004, 35.4403091 ] } },
{ "type": "Feature", "properties": { "内容": "デイサービスセンター悠もばら【通所介護】千葉県茂原市大芝2-9-6", "url": "https://www.kaigokensaku.mhlw.go.jp/12/index.php?action_kouhyou_detail_004_kani=true&JigyosyoCd=1271501692-00&ServiceCd=150&Type=search", "url2": "http://www.life-as.com/" }, "geometry": { "type": "Point", "coordinates": [ 140.312676099999976, 35.4100085 ] } },
{ "type": "Feature", "properties": { "内容": "セントケア茂原【通所介護】千葉県茂原市鷲巣706-2", "url": "https://www.kaigokensaku.mhlw.go.jp/12/index.php?action_kouhyou_detail_004_kani=true&JigyosyoCd=1271501163-00&ServiceCd=150&Type=search", "url2": "https://www.saint-care.com/center/601/" }, "geometry": { "type": "Point", "coordinates": [ 140.280246700000021, 35.4242109 ] } },
{ "type": "Feature", "properties": { "内容": "デイサービス　エール【通所介護】千葉県茂原市本納2926番地", "url": "https://www.kaigokensaku.mhlw.go.jp/12/index.php?action_kouhyou_detail_004_kani=true&JigyosyoCd=1271502385-00&ServiceCd=150&Type=search", "url2": null }, "geometry": { "type": "Point", "coordinates": [ 140.3037862, 35.4806538 ] } },
{ "type": "Feature", "properties": { "内容": "デイサービスセンターあかね雲【通所介護】千葉県茂原市国府関1683-7", "url": "https://www.kaigokensaku.mhlw.go.jp/12/index.php?action_kouhyou_detail_004_kani=true&JigyosyoCd=1271502641-00&ServiceCd=150&Type=search", "url2": "https://shinwakaigo.org" }, "geometry": { "type": "Point", "coordinates": [ 140.260988938761926, 35.448521907769631 ] } },
{ "type": "Feature", "properties": { "内容": "デイサービスセンター真名実恵園【通所介護】千葉県茂原市真名675-2", "url": "https://www.kaigokensaku.mhlw.go.jp/12/index.php?action_kouhyou_detail_004_kani=true&JigyosyoCd=1271500504-00&ServiceCd=150&Type=search", "url2": "http://www.jikkeien.com" }, "geometry": { "type": "Point", "coordinates": [ 140.254025400000046, 35.4590028 ] } },
{ "type": "Feature", "properties": { "内容": "百年健康倶楽部デイサービスセンター【通所介護】千葉県茂原市小林2374-3", "url": "https://www.kaigokensaku.mhlw.go.jp/12/index.php?action_kouhyou_detail_004_kani=true&JigyosyoCd=1271500421-00&ServiceCd=150&Type=search", "url2": null }, "geometry": { "type": "Point", "coordinates": [ 140.295016900000064, 35.4404756 ] } },
{ "type": "Feature", "properties": { "内容": "長生の里通所介護センター【通所介護】千葉県茂原市中善寺318", "url": "https://www.kaigokensaku.mhlw.go.jp/12/index.php?action_kouhyou_detail_004_kani=true&JigyosyoCd=1271502435-00&ServiceCd=150&Type=search", "url2": null }, "geometry": { "type": "Point", "coordinates": [ 140.260425, 35.4055407 ] } },
{ "type": "Feature", "properties": { "内容": "デイサービス　ボーソーヒルズ【通所介護】千葉県茂原市本納3200－22", "url": "https://www.kaigokensaku.mhlw.go.jp/12/index.php?action_kouhyou_detail_004_kani=true&JigyosyoCd=1271501809-00&ServiceCd=150&Type=search", "url2": "http://event-hall-m1kikaku.com/" }, "geometry": { "type": "Point", "coordinates": [ 140.290109261901875, 35.480188771847942 ] } },
{ "type": "Feature", "properties": { "内容": "デイサービスセンター　もばら和光苑【通所介護】千葉県茂原市鷲巣456番地1", "url": "https://www.kaigokensaku.mhlw.go.jp/12/index.php?action_kouhyou_detail_004_kani=true&JigyosyoCd=1271501015-00&ServiceCd=150&Type=search", "url2": "http://www.mmjp.or.jp/wakouen/" }, "geometry": { "type": "Point", "coordinates": [ 140.2788941, 35.4201976 ] } },
{ "type": "Feature", "properties": { "内容": "デイサービスセンターフローラもばら【通所介護】千葉県茂原市谷本１１２７－１", "url": "https://www.kaigokensaku.mhlw.go.jp/12/index.php?action_kouhyou_detail_004_kani=true&JigyosyoCd=1271500579-00&ServiceCd=150&Type=search", "url2": "http://kouseikai-flora.or.jp" }, "geometry": { "type": "Point", "coordinates": [ 140.324762700000065, 35.4386796 ] } },
{ "type": "Feature", "properties": { "内容": "デイサービスセンター実恵園【通所介護】千葉県茂原市法目２６７２番地１", "url": "https://www.kaigokensaku.mhlw.go.jp/12/index.php?action_kouhyou_detail_004_kani=true&JigyosyoCd=1271500181-00&ServiceCd=150&Type=search", "url2": "http://www.jikkeien.com" }, "geometry": { "type": "Point", "coordinates": [ 140.325536100000022, 35.494697 ] } },
{ "type": "Feature", "properties": { "内容": "デイサービスピーチハウス【通所介護】千葉県茂原市八千代２丁目５番地５", "url": "https://www.kaigokensaku.mhlw.go.jp/12/index.php?action_kouhyou_detail_004_kani=true&JigyosyoCd=1271502377-00&ServiceCd=150&Type=search", "url2": "http://nichimo.org/" }, "geometry": { "type": "Point", "coordinates": [ 140.2968158, 35.4228529 ] } },
{ "type": "Feature", "properties": { "内容": "デイサービスセンター　長生苑【通所介護】千葉県茂原市南吉田4061-1", "url": "https://www.kaigokensaku.mhlw.go.jp/12/index.php?action_kouhyou_detail_004_kani=true&JigyosyoCd=1271500298-00&ServiceCd=150&Type=search", "url2": "http://www.choseien.or.jp/" }, "geometry": { "type": "Point", "coordinates": [ 140.331259100000011, 35.470317 ] } },
{ "type": "Feature", "properties": { "内容": "デイサービスグレイト下永吉【通所介護】千葉県茂原市下永吉220-1-2", "url": "https://www.kaigokensaku.mhlw.go.jp/12/index.php?action_kouhyou_detail_004_kani=true&JigyosyoCd=1271502799-00&ServiceCd=150&Type=search", "url2": null }, "geometry": { "type": "Point", "coordinates": [ 140.300156, 35.408841 ] } },
{ "type": "Feature", "properties": { "内容": "デイサービス　グレイト【通所介護】千葉県茂原市大芝2－13－2", "url": "https://www.kaigokensaku.mhlw.go.jp/12/index.php?action_kouhyou_detail_004_kani=true&JigyosyoCd=1271502401-00&ServiceCd=150&Type=search", "url2": null }, "geometry": { "type": "Point", "coordinates": [ 140.312389, 35.4107033 ] } },
{ "type": "Feature", "properties": { "内容": "ヤックスデイサービスセンター茂原小林【通所介護】千葉県茂原市小林1633", "url": "https://www.kaigokensaku.mhlw.go.jp/12/index.php?action_kouhyou_detail_004_kani=true&JigyosyoCd=1271501056-00&ServiceCd=150&Type=search", "url2": null }, "geometry": { "type": "Point", "coordinates": [ 140.284421295812081, 35.438036909995859 ] } },
{ "type": "Feature", "properties": { "内容": "デイサービスセンターつくし苑【通所介護】千葉県茂原市緑ケ丘４－６－３", "url": "https://www.kaigokensaku.mhlw.go.jp/12/index.php?action_kouhyou_detail_004_kani=true&JigyosyoCd=1271501874-00&ServiceCd=150&Type=search", "url2": null }, "geometry": { "type": "Point", "coordinates": [ 140.260250122090156, 35.437887055717646 ] } },
{ "type": "Feature", "properties": { "内容": "デイサービス　モルセラ成田【通所介護】千葉県成田市加良部5-8-5", "url": "https://www.kaigokensaku.mhlw.go.jp/12/index.php?action_kouhyou_detail_004_kani=true&JigyosyoCd=1271601138-00&ServiceCd=150&Type=search", "url2": "http://www.moluccella.jp" }, "geometry": { "type": "Point", "coordinates": [ 140.298883100000012, 35.7731024 ] } },
{ "type": "Feature", "properties": { "内容": "ゆったり文化村成田デイサービスセンター【通所介護】千葉県成田市土屋字山ノ崎７１２－２", "url": "https://www.kaigokensaku.mhlw.go.jp/12/index.php?action_kouhyou_detail_004_kani=true&JigyosyoCd=1271601450-00&ServiceCd=150&Type=search", "url2": "https://yuttari-yuttari.jimdofree.com/" }, "geometry": { "type": "Point", "coordinates": [ 140.319474300000024, 35.7929876 ] } },
{ "type": "Feature", "properties": { "内容": "ニチイケアセンター公津の杜【通所介護】千葉県成田市公津の杜5丁目２１番地２", "url": "https://www.kaigokensaku.mhlw.go.jp/12/index.php?action_kouhyou_detail_004_kani=true&JigyosyoCd=1271600163-00&ServiceCd=150&Type=search", "url2": "https://www.nichiigakkan.co.jp/" }, "geometry": { "type": "Point", "coordinates": [ 140.290793617894849, 35.757861687197696 ] } },
{ "type": "Feature", "properties": { "内容": "なのはなクリニックミモザ苑【通所介護】千葉県成田市吉岡1342番地56", "url": "https://www.kaigokensaku.mhlw.go.jp/12/index.php?action_kouhyou_detail_004_kani=true&JigyosyoCd=1271601013-00&ServiceCd=150&Type=search", "url2": null }, "geometry": { "type": "Point", "coordinates": [ 140.394005, 35.8122746 ] } },
{ "type": "Feature", "properties": { "内容": "デイサービスセンター玲光苑【通所介護】千葉県成田市押畑８９６－４", "url": "https://www.kaigokensaku.mhlw.go.jp/12/index.php?action_kouhyou_detail_004_kani=true&JigyosyoCd=1271600148-00&ServiceCd=150&Type=search", "url2": "https://www.reikouen.or.jp" }, "geometry": { "type": "Point", "coordinates": [ 140.3072062, 35.8015764 ] } },
{ "type": "Feature", "properties": { "内容": "癒しのデイサービス成田【通所介護】千葉県成田市飯田町34癒しのデイサービス成田", "url": "https://www.kaigokensaku.mhlw.go.jp/12/index.php?action_kouhyou_detail_004_kani=true&JigyosyoCd=1271601146-00&ServiceCd=150&Type=search", "url2": "https://riei-kaigo.jp/service/day-narita/" }, "geometry": { "type": "Point", "coordinates": [ 140.3022916, 35.761065 ] } },
{ "type": "Feature", "properties": { "内容": "ゆかり成田下総デイガーデン萩壱番館【通所介護】千葉県成田市名古屋1301-26", "url": "https://www.kaigokensaku.mhlw.go.jp/12/index.php?action_kouhyou_detail_004_kani=true&JigyosyoCd=1271601906-00&ServiceCd=150&Type=search", "url2": "https://yukari-gr.jp" }, "geometry": { "type": "Point", "coordinates": [ 140.370349800000014, 35.8515437 ] } },
{ "type": "Feature", "properties": { "内容": "ケアパートナー成田【通所介護】千葉県成田市飯田町124-89", "url": "https://www.kaigokensaku.mhlw.go.jp/12/index.php?action_kouhyou_detail_004_kani=true&JigyosyoCd=1271600700-00&ServiceCd=150&Type=search", "url2": "http://www.care-partner.com" }, "geometry": { "type": "Point", "coordinates": [ 140.294942200000037, 35.7654784 ] } },
{ "type": "Feature", "properties": { "内容": "ＪＡ成田市デイサービスセンター美郷【通所介護】千葉県成田市美郷台１－１５－１０", "url": "https://www.kaigokensaku.mhlw.go.jp/12/index.php?action_kouhyou_detail_004_kani=true&JigyosyoCd=1271600312-00&ServiceCd=150&Type=search", "url2": "http://www.ja-narita.or.jp" }, "geometry": { "type": "Point", "coordinates": [ 140.310856100000024, 35.7914195 ] } },
{ "type": "Feature", "properties": { "内容": "デイサービスセンター杜の家なりた【通所介護】千葉県成田市下方686番1", "url": "https://www.kaigokensaku.mhlw.go.jp/12/index.php?action_kouhyou_detail_004_kani=true&JigyosyoCd=1271601641-00&ServiceCd=150&Type=search", "url2": "https://www.gakudan.org/" }, "geometry": { "type": "Point", "coordinates": [ 140.2713675, 35.7593979 ] } },
{ "type": "Feature", "properties": { "内容": "デイサービスセンター蓬莱の杜【通所介護】千葉県成田市川栗８４２－４", "url": "https://www.kaigokensaku.mhlw.go.jp/12/index.php?action_kouhyou_detail_004_kani=true&JigyosyoCd=1271600973-00&ServiceCd=150&Type=search", "url2": "http://suhamakai.or.jp" }, "geometry": { "type": "Point", "coordinates": [ 140.357732899999974, 35.763948899999981 ] } },
{ "type": "Feature", "properties": { "内容": "成田ケアセンターそよ風【通所介護】千葉県成田市並木町145-10", "url": "https://www.kaigokensaku.mhlw.go.jp/12/index.php?action_kouhyou_detail_004_kani=true&JigyosyoCd=1271602151-00&ServiceCd=150&Type=search", "url2": "https://corp.sykz.co.jp/" }, "geometry": { "type": "Point", "coordinates": [ 140.3093321, 35.7544115 ] } },
{ "type": "Feature", "properties": { "内容": "新町デイサービスセンター玲光苑【通所介護】千葉県成田市新町１０３７番地６３", "url": "https://www.kaigokensaku.mhlw.go.jp/12/index.php?action_kouhyou_detail_004_kani=true&JigyosyoCd=1271600346-00&ServiceCd=150&Type=search", "url2": "http://www.reikouen.or.jp/publics/index/14" }, "geometry": { "type": "Point", "coordinates": [ 140.311745200000018, 35.7809653 ] } },
{ "type": "Feature", "properties": { "内容": "園芸デイサービスなりた【通所介護】千葉県成田市台方624-1", "url": "https://www.kaigokensaku.mhlw.go.jp/12/index.php?action_kouhyou_detail_004_kani=true&JigyosyoCd=1271600437-00&ServiceCd=150&Type=search", "url2": "https://www.shimada-k.net/" }, "geometry": { "type": "Point", "coordinates": [ 140.2678565, 35.7739405 ] } },
{ "type": "Feature", "properties": { "内容": "デイサービス　さくら【通所介護】千葉県成田市桜田840", "url": "https://www.kaigokensaku.mhlw.go.jp/12/index.php?action_kouhyou_detail_004_kani=true&JigyosyoCd=1271601914-00&ServiceCd=150&Type=search", "url2": null }, "geometry": { "type": "Point", "coordinates": [ 140.4481997, 35.8449808 ] } },
{ "type": "Feature", "properties": { "内容": "生活クラブ風の村デイサービスセンターなりた【通所介護】千葉県成田市大竹字内沼３７０番地", "url": "https://www.kaigokensaku.mhlw.go.jp/12/index.php?action_kouhyou_detail_004_kani=true&JigyosyoCd=1271600338-00&ServiceCd=150&Type=search", "url2": "https://kazenomura.jp/" }, "geometry": { "type": "Point", "coordinates": [ 140.278013403099749, 35.80926299848992 ] } },
{ "type": "Feature", "properties": { "内容": "こすもす苑デイサービスセンター【通所介護】千葉県成田市猿山1600成田市下総地域福祉センターこすもす苑", "url": "https://www.kaigokensaku.mhlw.go.jp/12/index.php?action_kouhyou_detail_004_kani=true&JigyosyoCd=1271601195-00&ServiceCd=150&Type=search", "url2": null }, "geometry": { "type": "Point", "coordinates": [ 140.3432884, 35.8743041 ] } },
{ "type": "Feature", "properties": { "内容": "ヤックスデイサービス三里塚【通所介護】千葉県成田市三里塚171-1", "url": "https://www.kaigokensaku.mhlw.go.jp/12/index.php?action_kouhyou_detail_004_kani=true&JigyosyoCd=1271601856-00&ServiceCd=150&Type=search", "url2": null }, "geometry": { "type": "Point", "coordinates": [ 140.376830899999987, 35.7438112 ] } },
{ "type": "Feature", "properties": { "内容": "ういず・ユーホープリビング成田デイサービス【通所介護】千葉県成田市不動ヶ岡2154-4", "url": "https://www.kaigokensaku.mhlw.go.jp/12/index.php?action_kouhyou_detail_004_kani=true&JigyosyoCd=1271601468-00&ServiceCd=150&Type=search", "url2": "http://withyou-care.co.jp/index.html" }, "geometry": { "type": "Point", "coordinates": [ 140.31465060000005, 35.7734358 ] } },
{ "type": "Feature", "properties": { "内容": "ゆかり成田ニュータウンデイセンター【通所介護】千葉県成田市江弁須364-1", "url": "https://www.kaigokensaku.mhlw.go.jp/12/index.php?action_kouhyou_detail_004_kani=true&JigyosyoCd=1271601336-00&ServiceCd=150&Type=search", "url2": "https://yukari-gr.jp/" }, "geometry": { "type": "Point", "coordinates": [ 140.290076, 35.768678 ] } },
{ "type": "Feature", "properties": { "内容": "弥富あさくらデイサービスセンター【通所介護】千葉県佐倉市岩富町541", "url": "https://www.kaigokensaku.mhlw.go.jp/12/index.php?action_kouhyou_detail_004_kani=true&JigyosyoCd=1271701524-00&ServiceCd=150&Type=search", "url2": "https://www.harmonichearts.or.jp/asakura/" }, "geometry": { "type": "Point", "coordinates": [ 140.240887899999962, 35.6483569 ] } },
{ "type": "Feature", "properties": { "内容": "デイサービスわかば【通所介護】千葉県佐倉市馬渡1270-5", "url": "https://www.kaigokensaku.mhlw.go.jp/12/index.php?action_kouhyou_detail_004_kani=true&JigyosyoCd=1271702829-00&ServiceCd=150&Type=search", "url2": "https://wakaba-houmon.com/" }, "geometry": { "type": "Point", "coordinates": [ 140.2240606, 35.6688731 ] } },
{ "type": "Feature", "properties": { "内容": "リハプライド佐倉【通所介護】千葉県佐倉市並木町30－2", "url": "https://www.kaigokensaku.mhlw.go.jp/12/index.php?action_kouhyou_detail_004_kani=true&JigyosyoCd=1271703298-00&ServiceCd=150&Type=search", "url2": "https://www.rehapride.co.jp/sakura/" }, "geometry": { "type": "Point", "coordinates": [ 140.226467, 35.7223709 ] } },
{ "type": "Feature", "properties": { "内容": "デイサービスセンターくつろぎの里【通所介護】千葉県佐倉市下志津５５２", "url": "https://www.kaigokensaku.mhlw.go.jp/12/index.php?action_kouhyou_detail_004_kani=true&JigyosyoCd=1271700112-00&ServiceCd=150&Type=search", "url2": "http://seimeikai.info/" }, "geometry": { "type": "Point", "coordinates": [ 140.166820799999982, 35.7164015 ] } },
{ "type": "Feature", "properties": { "内容": "ツクイ佐倉上志津【通所介護】千葉県佐倉市上志津148", "url": "https://www.kaigokensaku.mhlw.go.jp/12/index.php?action_kouhyou_detail_004_kani=true&JigyosyoCd=1271703306-00&ServiceCd=150&Type=search", "url2": null }, "geometry": { "type": "Point", "coordinates": [ 140.1459461, 35.7165619 ] } },
{ "type": "Feature", "properties": { "内容": "ツクイ臼井【通所介護】千葉県佐倉市稲荷台1-22-4", "url": "https://www.kaigokensaku.mhlw.go.jp/12/index.php?action_kouhyou_detail_004_kani=true&JigyosyoCd=1271700666-00&ServiceCd=150&Type=search", "url2": "https://www.tsukui.net/" }, "geometry": { "type": "Point", "coordinates": [ 140.177701699999943, 35.7301783 ] } },
{ "type": "Feature", "properties": { "内容": "リハポートなのはな【通所介護】千葉県佐倉市井野1455-3", "url": "https://www.kaigokensaku.mhlw.go.jp/12/index.php?action_kouhyou_detail_004_kani=true&JigyosyoCd=1271701854-00&ServiceCd=150&Type=search", "url2": "http://nanohana-kaigo.com/" }, "geometry": { "type": "Point", "coordinates": [ 140.138127037434401, 35.717187221667146 ] } },
{ "type": "Feature", "properties": { "内容": "ソルシアス佐倉デイリハ【通所介護】千葉県佐倉市鏑木町2丁目7－1", "url": "https://www.kaigokensaku.mhlw.go.jp/12/index.php?action_kouhyou_detail_004_kani=true&JigyosyoCd=1271703397-00&ServiceCd=150&Type=search", "url2": "https://www.kuraci.co.jp/" }, "geometry": { "type": "Point", "coordinates": [ 140.225642199999982, 35.713418600000011 ] } },
{ "type": "Feature", "properties": { "内容": "アンサンブル染井野デュエット【通所介護】千葉県佐倉市臼井１２３６－１０", "url": "https://www.kaigokensaku.mhlw.go.jp/12/index.php?action_kouhyou_detail_004_kani=true&JigyosyoCd=1271701342-00&ServiceCd=150&Type=search", "url2": "http://www.ensemble-someino.com/service03.html" }, "geometry": { "type": "Point", "coordinates": [ 140.186475299999984, 35.7351919 ] } },
{ "type": "Feature", "properties": { "内容": "老人デイサービス事業ゆたか苑【通所介護】千葉県佐倉市上志津原9", "url": "https://www.kaigokensaku.mhlw.go.jp/12/index.php?action_kouhyou_detail_004_kani=true&JigyosyoCd=1271700567-00&ServiceCd=150&Type=search", "url2": "https://www.yutakaen.or.jp" }, "geometry": { "type": "Point", "coordinates": [ 140.141916499999979, 35.7035767 ] } },
{ "type": "Feature", "properties": { "内容": "佐倉西ケアセンターそよ風【通所介護】千葉県佐倉市西志津7-3-13", "url": "https://www.kaigokensaku.mhlw.go.jp/12/index.php?action_kouhyou_detail_004_kani=true&JigyosyoCd=1271701615-00&ServiceCd=150&Type=search", "url2": null }, "geometry": { "type": "Point", "coordinates": [ 140.1373341, 35.7066573 ] } },
{ "type": "Feature", "properties": { "内容": "癒しのデイサービス志津【通所介護】千葉県佐倉市西志津１－７－１", "url": "https://www.kaigokensaku.mhlw.go.jp/12/index.php?action_kouhyou_detail_004_kani=true&JigyosyoCd=1271701490-00&ServiceCd=150&Type=search", "url2": "https://riei-kaigo.jp/service/day-shizu/" }, "geometry": { "type": "Point", "coordinates": [ 140.138382399999955, 35.7152672 ] } },
{ "type": "Feature", "properties": { "内容": "ときわの杜デイサービスセンター【通所介護】千葉県佐倉市石川556", "url": "https://www.kaigokensaku.mhlw.go.jp/12/index.php?action_kouhyou_detail_004_kani=true&JigyosyoCd=1271701672-00&ServiceCd=150&Type=search", "url2": "https://daisen.or.jp/" }, "geometry": { "type": "Point", "coordinates": [ 140.227683, 35.688735800000039 ] } },
{ "type": "Feature", "properties": { "内容": "デイサービス　はちす苑【通所介護】千葉県佐倉市太田１１４５－１", "url": "https://www.kaigokensaku.mhlw.go.jp/12/index.php?action_kouhyou_detail_004_kani=true&JigyosyoCd=1271700310-00&ServiceCd=150&Type=search", "url2": "https://rc-aikoh.or.jp/" }, "geometry": { "type": "Point", "coordinates": [ 140.209240200000039, 35.684167700000017 ] } },
{ "type": "Feature", "properties": { "内容": "リハビリデイひまわりの里【通所介護】千葉県佐倉市生谷1613-9", "url": "https://www.kaigokensaku.mhlw.go.jp/12/index.php?action_kouhyou_detail_004_kani=true&JigyosyoCd=1271701607-00&ServiceCd=150&Type=search", "url2": "https://himawari-sato.jp/" }, "geometry": { "type": "Point", "coordinates": [ 140.181154600000013, 35.7220127 ] } },
{ "type": "Feature", "properties": { "内容": "デイサービスオハナ【通所介護】千葉県佐倉市羽鳥1117番地", "url": "https://www.kaigokensaku.mhlw.go.jp/12/index.php?action_kouhyou_detail_004_kani=true&JigyosyoCd=1271702605-00&ServiceCd=150&Type=search", "url2": null }, "geometry": { "type": "Point", "coordinates": [ 140.201620547885085, 35.711378308291337 ] } },
{ "type": "Feature", "properties": { "内容": "デイサービスセンターマイウェイ【通所介護】千葉県佐倉市江原台2-10-1住宅型有料老人ホーム　ベラージオに併設", "url": "https://www.kaigokensaku.mhlw.go.jp/12/index.php?action_kouhyou_detail_004_kani=true&JigyosyoCd=1271701979-00&ServiceCd=150&Type=search", "url2": "https://www.prologue-ltd.jp/" }, "geometry": { "type": "Point", "coordinates": [ 140.205773723864979, 35.735996766562799 ] } },
{ "type": "Feature", "properties": { "内容": "デイサービスセンターセカンドステージ【通所介護】千葉県佐倉市城681", "url": "https://www.kaigokensaku.mhlw.go.jp/12/index.php?action_kouhyou_detail_004_kani=true&JigyosyoCd=1271701433-00&ServiceCd=150&Type=search", "url2": "https://www.prologue-ltd.jp/" }, "geometry": { "type": "Point", "coordinates": [ 140.233949899999971, 35.6991199 ] } },
{ "type": "Feature", "properties": { "内容": "生活クラブ風の村デイサービスセンターさくら【通所介護】千葉県佐倉市山崎529-1", "url": "https://www.kaigokensaku.mhlw.go.jp/12/index.php?action_kouhyou_detail_004_kani=true&JigyosyoCd=1271701300-00&ServiceCd=150&Type=search", "url2": "https://kazenomura.jp/" }, "geometry": { "type": "Point", "coordinates": [ 140.224994199999969, 35.7301409 ] } },
{ "type": "Feature", "properties": { "内容": "デイサービスセンタープロローグ【通所介護】千葉県佐倉市表町３－２－１４", "url": "https://www.kaigokensaku.mhlw.go.jp/12/index.php?action_kouhyou_detail_004_kani=true&JigyosyoCd=1271700914-00&ServiceCd=150&Type=search", "url2": "https://www.prologue-ltd.jp/" }, "geometry": { "type": "Point", "coordinates": [ 140.226469599999973, 35.7105599 ] } },
{ "type": "Feature", "properties": { "内容": "志津ユーカリ苑指定通所介護事業所【通所介護】千葉県佐倉市青菅１００８番地７", "url": "https://www.kaigokensaku.mhlw.go.jp/12/index.php?action_kouhyou_detail_004_kani=true&JigyosyoCd=1271700088-00&ServiceCd=150&Type=search", "url2": "https://www.yukarien.or.jp/" }, "geometry": { "type": "Point", "coordinates": [ 140.14235450000001, 35.7456672 ] } },
{ "type": "Feature", "properties": { "内容": "デイサービスセンターさくらの丘「わかさ」【通所介護】千葉県佐倉市飯野868-12", "url": "https://www.kaigokensaku.mhlw.go.jp/12/index.php?action_kouhyou_detail_004_kani=true&JigyosyoCd=1271703082-00&ServiceCd=150&Type=search", "url2": null }, "geometry": { "type": "Point", "coordinates": [ 140.2182929, 35.7442539 ] } },
{ "type": "Feature", "properties": { "内容": "デイサービスセンターさくらの丘「王子台倶楽部」【通所介護】千葉県佐倉市王子台4丁目22番3", "url": "https://www.kaigokensaku.mhlw.go.jp/12/index.php?action_kouhyou_detail_004_kani=true&JigyosyoCd=1271702696-00&ServiceCd=150&Type=search", "url2": "https://sakuranooka.net/" }, "geometry": { "type": "Point", "coordinates": [ 140.181909899999937, 35.7234153 ] } },
{ "type": "Feature", "properties": { "内容": "松ヶ丘白翠園デイサービスセンター【通所介護】千葉県佐倉市城字松ヶ丘188-39", "url": "https://www.kaigokensaku.mhlw.go.jp/12/index.php?action_kouhyou_detail_004_kani=true&JigyosyoCd=1271701144-00&ServiceCd=150&Type=search", "url2": "http://hakusuien.jp/matsugaoka/dayservice/" }, "geometry": { "type": "Point", "coordinates": [ 140.23334729748376, 35.689549029896114 ] } },
{ "type": "Feature", "properties": { "内容": "佐倉白翠園デイサービスセンター【通所介護】千葉県佐倉市岩名1011番地", "url": "https://www.kaigokensaku.mhlw.go.jp/12/index.php?action_kouhyou_detail_004_kani=true&JigyosyoCd=1271700153-00&ServiceCd=150&Type=search", "url2": "http://hakusuien.jp/sakura/" }, "geometry": { "type": "Point", "coordinates": [ 140.220105399999966, 35.738262 ] } },
{ "type": "Feature", "properties": { "内容": "さくらケアセンターそよ風【通所介護】千葉県佐倉市六崎１５２５－１", "url": "https://www.kaigokensaku.mhlw.go.jp/12/index.php?action_kouhyou_detail_004_kani=true&JigyosyoCd=1271700435-00&ServiceCd=150&Type=search", "url2": "https://www.sykz.co.jp/" }, "geometry": { "type": "Point", "coordinates": [ 140.220666499999965, 35.7042621 ] } },
{ "type": "Feature", "properties": { "内容": "ブルーミングケアユーカリが丘【通所介護】千葉県佐倉市ユーカリが丘7-35-8", "url": "https://www.kaigokensaku.mhlw.go.jp/12/index.php?action_kouhyou_detail_004_kani=true&JigyosyoCd=1271702761-00&ServiceCd=150&Type=search", "url2": null }, "geometry": { "type": "Point", "coordinates": [ 140.150666, 35.7308856 ] } },
{ "type": "Feature", "properties": { "内容": "デイサービスセンターちとせ【通所介護】千葉県佐倉市生谷75-10", "url": "https://www.kaigokensaku.mhlw.go.jp/12/index.php?action_kouhyou_detail_004_kani=true&JigyosyoCd=1271700500-00&ServiceCd=150&Type=search", "url2": "http://www.geocities.jp/chitosekomachi/" }, "geometry": { "type": "Point", "coordinates": [ 140.180130100000042, 35.7169715 ] } },
{ "type": "Feature", "properties": { "内容": "あずみ苑高岡【通所介護】千葉県佐倉市高岡479-1", "url": "https://www.kaigokensaku.mhlw.go.jp/12/index.php?action_kouhyou_detail_004_kani=true&JigyosyoCd=1271703132-00&ServiceCd=150&Type=search", "url2": "https://www.azumien.jp/search/takaoka/" }, "geometry": { "type": "Point", "coordinates": [ 140.2366954, 35.7125988 ] } },
{ "type": "Feature", "properties": { "内容": "リハビリガーデン　ユーカリが丘【通所介護】千葉県佐倉市ユーカリが丘6-3-2", "url": "https://www.kaigokensaku.mhlw.go.jp/12/index.php?action_kouhyou_detail_004_kani=true&JigyosyoCd=1271702936-00&ServiceCd=150&Type=search", "url2": "https://www.yutokai.com/" }, "geometry": { "type": "Point", "coordinates": [ 140.1541331, 35.7290565 ] } },
{ "type": "Feature", "properties": { "内容": "デイサービスセンターさくらの丘【通所介護】千葉県佐倉市飯重６２２番地", "url": "https://www.kaigokensaku.mhlw.go.jp/12/index.php?action_kouhyou_detail_004_kani=true&JigyosyoCd=1271702084-00&ServiceCd=150&Type=search", "url2": "https://www.sakuranooka.net/" }, "geometry": { "type": "Point", "coordinates": [ 140.200635499999947, 35.725293500000021 ] } },
{ "type": "Feature", "properties": { "内容": "脳トレ麻雀デイサービス・ウェルチャオ佐倉志津【通所介護】千葉県佐倉市中志津４丁目1-36", "url": "https://www.kaigokensaku.mhlw.go.jp/12/index.php?action_kouhyou_detail_004_kani=true&JigyosyoCd=1271703322-00&ServiceCd=150&Type=search", "url2": "https://www.welchao.com/" }, "geometry": { "type": "Point", "coordinates": [ 140.155761399999989, 35.7107916 ] } },
{ "type": "Feature", "properties": { "内容": "デイサービスセンターゆりの木苑【通所介護】千葉県東金市家徳７５６－２", "url": "https://www.kaigokensaku.mhlw.go.jp/12/index.php?action_kouhyou_detail_004_kani=true&JigyosyoCd=1271800102-00&ServiceCd=150&Type=search", "url2": "https://asai-healthcare-group.jp/yurinoki/" }, "geometry": { "type": "Point", "coordinates": [ 140.4013089, 35.5507539 ] } },
{ "type": "Feature", "properties": { "内容": "プラチナ・デイサービス東金【通所介護】千葉県東金市関下456-1", "url": "https://www.kaigokensaku.mhlw.go.jp/12/index.php?action_kouhyou_detail_004_kani=true&JigyosyoCd=1271800805-00&ServiceCd=150&Type=search", "url2": "https://lakes21.co.jp/" }, "geometry": { "type": "Point", "coordinates": [ 140.3991919, 35.5342756 ] } },
{ "type": "Feature", "properties": { "内容": "芙蓉荘デイサービスセンター【通所介護】東金市家之子２０１０－３", "url": "https://www.kaigokensaku.mhlw.go.jp/12/index.php?action_kouhyou_detail_004_kani=true&JigyosyoCd=1271800169-00&ServiceCd=150&Type=search", "url2": "http://www.seikikai.net/" }, "geometry": { "type": "Point", "coordinates": [ 140.376603400000022, 35.598881 ] } },
{ "type": "Feature", "properties": { "内容": "デイサービスふるさと【通所介護】千葉県東金市山田１１６３－３", "url": "https://www.kaigokensaku.mhlw.go.jp/12/index.php?action_kouhyou_detail_004_kani=true&JigyosyoCd=1271801308-00&ServiceCd=150&Type=search", "url2": null }, "geometry": { "type": "Point", "coordinates": [ 140.294016, 35.5672605 ] } },
{ "type": "Feature", "properties": { "内容": "デイサービス咲顔【通所介護】千葉県東金市東金1371-1", "url": "https://www.kaigokensaku.mhlw.go.jp/12/index.php?action_kouhyou_detail_004_kani=true&JigyosyoCd=1271800607-00&ServiceCd=150&Type=search", "url2": "http://meysey.com/" }, "geometry": { "type": "Point", "coordinates": [ 140.357776599999966, 35.5595299 ] } },
{ "type": "Feature", "properties": { "内容": "デイサービスなのはな【通所介護】千葉県東金市山田1261-1", "url": "https://www.kaigokensaku.mhlw.go.jp/12/index.php?action_kouhyou_detail_004_kani=true&JigyosyoCd=1271801001-00&ServiceCd=150&Type=search", "url2": null }, "geometry": { "type": "Point", "coordinates": [ 140.298945799999956, 35.5754514 ] } },
{ "type": "Feature", "properties": { "内容": "リハプライド東金【通所介護】千葉県東金市東新宿6-1", "url": "https://www.kaigokensaku.mhlw.go.jp/12/index.php?action_kouhyou_detail_004_kani=true&JigyosyoCd=1271801126-00&ServiceCd=150&Type=search", "url2": "https://www.rehapride.co.jp/togane/" }, "geometry": { "type": "Point", "coordinates": [ 140.368380800000068, 35.561765799999989 ] } },
{ "type": "Feature", "properties": { "内容": "セントケア東金【通所介護】千葉県東金市東上宿1-3-17", "url": "https://www.kaigokensaku.mhlw.go.jp/12/index.php?action_kouhyou_detail_004_kani=true&JigyosyoCd=1271800763-00&ServiceCd=150&Type=search", "url2": "https://www.saint-care.com/chiba/" }, "geometry": { "type": "Point", "coordinates": [ 140.362570600000026, 35.5580079 ] } },
{ "type": "Feature", "properties": { "内容": "寿デイサービスセンター東金【通所介護】千葉県東金市日吉台４－７９２－１２", "url": "https://www.kaigokensaku.mhlw.go.jp/12/index.php?action_kouhyou_detail_004_kani=true&JigyosyoCd=1271800227-00&ServiceCd=150&Type=search", "url2": "https://www.sms-kotobuki.co.jp/" }, "geometry": { "type": "Point", "coordinates": [ 140.354793100000052, 35.5685233 ] } },
{ "type": "Feature", "properties": { "内容": "デイサービスセンター福福の里【通所介護】千葉県東金市極楽寺字松山１６３番１", "url": "https://www.kaigokensaku.mhlw.go.jp/12/index.php?action_kouhyou_detail_004_kani=true&JigyosyoCd=1271801175-00&ServiceCd=150&Type=search", "url2": null }, "geometry": { "type": "Point", "coordinates": [ 140.327011412950156, 35.626772209019776 ] } },
{ "type": "Feature", "properties": { "内容": "デイサービストピオ【通所介護】千葉県東金市家之子1672番地デイサービストピオ", "url": "https://www.kaigokensaku.mhlw.go.jp/12/index.php?action_kouhyou_detail_004_kani=true&JigyosyoCd=1271801613-00&ServiceCd=150&Type=search", "url2": "https://living-koinonia.com" }, "geometry": { "type": "Point", "coordinates": [ 140.3811546, 35.5960158 ] } },
{ "type": "Feature", "properties": { "内容": "マーチン介護サービス葵【通所介護】千葉県東金市滝沢323-5", "url": "https://www.kaigokensaku.mhlw.go.jp/12/index.php?action_kouhyou_detail_004_kani=true&JigyosyoCd=1271801191-00&ServiceCd=150&Type=search", "url2": "http://www.medicalmartin.com" }, "geometry": { "type": "Point", "coordinates": [ 140.329779700000017, 35.6010185 ] } },
{ "type": "Feature", "properties": { "内容": "デイサービス　いちご【通所介護】千葉県旭市三川6172-4", "url": "https://www.kaigokensaku.mhlw.go.jp/12/index.php?action_kouhyou_detail_004_kani=true&JigyosyoCd=1272001023-00&ServiceCd=150&Type=search", "url2": null }, "geometry": { "type": "Point", "coordinates": [ 140.68885466613159, 35.703304455008862 ] } },
{ "type": "Feature", "properties": { "内容": "障害者支援施設聖マリア園【通所介護】千葉県旭市野中800", "url": "https://www.kaigokensaku.mhlw.go.jp/12/index.php?action_kouhyou_detail_004_kani=true&JigyosyoCd=1272001064-00&ServiceCd=150&Type=search", "url2": "https://www.rosario.jp/mariaen/" }, "geometry": { "type": "Point", "coordinates": [ 140.682580834918213, 35.706175979686343 ] } },
{ "type": "Feature", "properties": { "内容": "デイサービスそよ風【通所介護】千葉県旭市鏑木539", "url": "https://www.kaigokensaku.mhlw.go.jp/12/index.php?action_kouhyou_detail_004_kani=true&JigyosyoCd=1272000959-00&ServiceCd=150&Type=search", "url2": null }, "geometry": { "type": "Point", "coordinates": [ 140.572087, 35.7564524 ] } },
{ "type": "Feature", "properties": { "内容": "楽天堂喜楽【通所介護】千葉県旭市ロ865", "url": "https://www.kaigokensaku.mhlw.go.jp/12/index.php?action_kouhyou_detail_004_kani=true&JigyosyoCd=1272000512-00&ServiceCd=150&Type=search", "url2": "https://rakutendo.net/" }, "geometry": { "type": "Point", "coordinates": [ 140.65114488773159, 35.718958348432203 ] } },
{ "type": "Feature", "properties": { "内容": "わだち【通所介護】千葉県旭市イ,4337-1イオンタウン旭", "url": "https://www.kaigokensaku.mhlw.go.jp/12/index.php?action_kouhyou_detail_004_kani=true&JigyosyoCd=1272000280-00&ServiceCd=150&Type=search", "url2": "https://rakutendo.net/" }, "geometry": { "type": "Point", "coordinates": [ 140.66773181978516, 35.717226627156727 ] } },
{ "type": "Feature", "properties": { "内容": "やすらぎ園第二デイサービスセンター【通所介護】千葉県旭市秋田１６８９番２やすらぎ園第二デイサービスセンター", "url": "https://www.kaigokensaku.mhlw.go.jp/12/index.php?action_kouhyou_detail_004_kani=true&JigyosyoCd=1275200044-00&ServiceCd=150&Type=search", "url2": "https://yasuragien.or.jp/" }, "geometry": { "type": "Point", "coordinates": [ 140.595123, 35.7412809 ] } },
{ "type": "Feature", "properties": { "内容": "リハビリデイスタジオかぎや【通所介護】千葉県旭市萬歳１７６１", "url": "https://www.kaigokensaku.mhlw.go.jp/12/index.php?action_kouhyou_detail_004_kani=true&JigyosyoCd=1272000967-00&ServiceCd=150&Type=search", "url2": "https://daystudio-kagiya.com/" }, "geometry": { "type": "Point", "coordinates": [ 140.65098660000001, 35.7736862 ] } },
{ "type": "Feature", "properties": { "内容": "癒し処おはな【通所介護】千葉県旭市ニ６０１６－３", "url": "https://www.kaigokensaku.mhlw.go.jp/12/index.php?action_kouhyou_detail_004_kani=true&JigyosyoCd=1272000587-00&ServiceCd=150&Type=search", "url2": "https://www.gureisu.jp/" }, "geometry": { "type": "Point", "coordinates": [ 140.617105854753106, 35.721963305488018 ] } },
{ "type": "Feature", "properties": { "内容": "やすらぎ園デイサービスセンター【通所介護】千葉県旭市イ３９２５番２", "url": "https://www.kaigokensaku.mhlw.go.jp/12/index.php?action_kouhyou_detail_004_kani=true&JigyosyoCd=1272000066-00&ServiceCd=150&Type=search", "url2": "https://yasuragien.or.jp/" }, "geometry": { "type": "Point", "coordinates": [ 140.672208100000034, 35.72613070000002 ] } },
{ "type": "Feature", "properties": { "内容": "恵天堂デイサービスセンター【通所介護】千葉県旭市蛇園2532", "url": "https://www.kaigokensaku.mhlw.go.jp/12/index.php?action_kouhyou_detail_004_kani=true&JigyosyoCd=1275400032-00&ServiceCd=150&Type=search", "url2": "https://keitendo.or.jp/" }, "geometry": { "type": "Point", "coordinates": [ 140.7040584, 35.7191268 ] } },
{ "type": "Feature", "properties": { "内容": "デイサービス　なの花【通所介護】千葉県旭市江ヶ崎168番地1", "url": "https://www.kaigokensaku.mhlw.go.jp/12/index.php?action_kouhyou_detail_004_kani=true&JigyosyoCd=1272001056-00&ServiceCd=150&Type=search", "url2": "https://www.day-nanohana.org/factory/" }, "geometry": { "type": "Point", "coordinates": [ 140.6665921, 35.7329302 ] } },
{ "type": "Feature", "properties": { "内容": "ケアステーションあさひ千葉旭【通所介護】千葉県旭市二966-8ケアステーションあさひ千葉旭", "url": "https://www.kaigokensaku.mhlw.go.jp/12/index.php?action_kouhyou_detail_004_kani=true&JigyosyoCd=1272000934-00&ServiceCd=150&Type=search", "url2": null }, "geometry": { "type": "Point", "coordinates": [ 140.651857799999988, 35.7280446 ] } },
{ "type": "Feature", "properties": { "内容": "習志野市立東部デイサービスセンター【通所介護】千葉県習志野市屋敷4－6－6", "url": "https://www.kaigokensaku.mhlw.go.jp/12/index.php?action_kouhyou_detail_004_kani=true&JigyosyoCd=1272100130-00&ServiceCd=150&Type=search", "url2": "http://www.reikouen.or.jp/" }, "geometry": { "type": "Point", "coordinates": [ 140.061111500000038, 35.6816361 ] } },
{ "type": "Feature", "properties": { "内容": "デイサービスあじさい【通所介護】千葉県習志野市鷺沼台３－３－６", "url": "https://www.kaigokensaku.mhlw.go.jp/12/index.php?action_kouhyou_detail_004_kani=true&JigyosyoCd=1272102227-00&ServiceCd=150&Type=search", "url2": null }, "geometry": { "type": "Point", "coordinates": [ 140.034548, 35.6798005 ] } },
{ "type": "Feature", "properties": { "内容": "クローバーデイサービス習志野【通所介護】千葉県習志野市実籾4-３-７エクセルみもみ1階", "url": "https://www.kaigokensaku.mhlw.go.jp/12/index.php?action_kouhyou_detail_004_kani=true&JigyosyoCd=1272102359-00&ServiceCd=150&Type=search", "url2": "https://kankeisha.jp/service/facilities/dayservice-narashino" }, "geometry": { "type": "Point", "coordinates": [ 140.069376799999986, 35.6888025 ] } },
{ "type": "Feature", "properties": { "内容": "デイサービスセンターあかしや【通所介護】千葉県習志野市東習志野3-12-1", "url": "https://www.kaigokensaku.mhlw.go.jp/12/index.php?action_kouhyou_detail_004_kani=true&JigyosyoCd=1272100270-00&ServiceCd=150&Type=search", "url2": "http://www.akasiya.or.jp" }, "geometry": { "type": "Point", "coordinates": [ 140.0718435, 35.695657 ] } },
{ "type": "Feature", "properties": { "内容": "デイサービスセンターブレーメン習志野【通所介護】千葉県習志野市東習志野２－１０－３", "url": "https://www.kaigokensaku.mhlw.go.jp/12/index.php?action_kouhyou_detail_004_kani=true&JigyosyoCd=1272101237-00&ServiceCd=150&Type=search", "url2": "https://www.bikou.net/" }, "geometry": { "type": "Point", "coordinates": [ 140.06843, 35.6930794 ] } },
{ "type": "Feature", "properties": { "内容": "らいおんハートリハビリデイサービスしののめ【通所介護】千葉県習志野市東習志野８－９－８メゾン安斉１階", "url": "https://www.kaigokensaku.mhlw.go.jp/12/index.php?action_kouhyou_detail_004_kani=true&JigyosyoCd=1272102565-00&ServiceCd=150&Type=search", "url2": null }, "geometry": { "type": "Point", "coordinates": [ 140.0804123, 35.7025464 ] } },
{ "type": "Feature", "properties": { "内容": "マイホーム習志野　デイサービスセンター【通所介護】千葉県習志野市屋敷1-1-1", "url": "https://www.kaigokensaku.mhlw.go.jp/12/index.php?action_kouhyou_detail_004_kani=true&JigyosyoCd=1272100668-00&ServiceCd=150&Type=search", "url2": "http://care-net.biz/12/keibikai" }, "geometry": { "type": "Point", "coordinates": [ 140.051240300000018, 35.6775892 ] } },
{ "type": "Feature", "properties": { "内容": "株式会社りはびりくらぶデイサービスりはびり倶楽部【通所介護】千葉県習志野市実籾４-１３-１３T‘sマンション実籾駅前101", "url": "https://www.kaigokensaku.mhlw.go.jp/12/index.php?action_kouhyou_detail_004_kani=true&JigyosyoCd=1272101203-00&ServiceCd=150&Type=search", "url2": "https://reha-club.com" }, "geometry": { "type": "Point", "coordinates": [ 140.070377065020352, 35.688156826481823 ] } },
{ "type": "Feature", "properties": { "内容": "デイホームゆりの木習志野【通所介護】千葉県習志野市本大久保5-1-3ＹＫマンション１Ｆ", "url": "https://www.kaigokensaku.mhlw.go.jp/12/index.php?action_kouhyou_detail_004_kani=true&JigyosyoCd=1272102128-00&ServiceCd=150&Type=search", "url2": "http://www.elderly.jp/" }, "geometry": { "type": "Point", "coordinates": [ 140.049554100000023, 35.6853734 ] } },
{ "type": "Feature", "properties": { "内容": "デイサービス津田沼【通所介護】千葉県習志野市藤崎4-10-8SOUシニアケア株式会社　デイサービス津田沼", "url": "https://www.kaigokensaku.mhlw.go.jp/12/index.php?action_kouhyou_detail_004_kani=true&JigyosyoCd=1272102466-00&ServiceCd=150&Type=search", "url2": "https://www.sou-seniorcare.co.jp" }, "geometry": { "type": "Point", "coordinates": [ 140.0365327, 35.693559 ] } },
{ "type": "Feature", "properties": { "内容": "デイサービスりはびり倶楽部ならしの【通所介護】千葉県習志野市実籾４－１３－７アイレットE１階", "url": "https://www.kaigokensaku.mhlw.go.jp/12/index.php?action_kouhyou_detail_004_kani=true&JigyosyoCd=1272101419-00&ServiceCd=150&Type=search", "url2": "https://www.reha-club.com/" }, "geometry": { "type": "Point", "coordinates": [ 140.069882799999959, 35.6881299 ] } },
{ "type": "Feature", "properties": { "内容": "デイサービス大久保【通所介護】千葉県習志野市屋敷3-1-12", "url": "https://www.kaigokensaku.mhlw.go.jp/12/index.php?action_kouhyou_detail_004_kani=true&JigyosyoCd=1272102458-00&ServiceCd=150&Type=search", "url2": "https://www.service.sou-seniorcare.co.jp" }, "geometry": { "type": "Point", "coordinates": [ 140.055471, 35.684419 ] } },
{ "type": "Feature", "properties": { "内容": "かがやきデイサービス京成谷津【通所介護】千葉県習志野市谷津4-4-29", "url": "https://www.kaigokensaku.mhlw.go.jp/12/index.php?action_kouhyou_detail_004_kani=true&JigyosyoCd=1272101864-00&ServiceCd=150&Type=search", "url2": "https://www.ymmd.co.jp/" }, "geometry": { "type": "Point", "coordinates": [ 140.007805774868757, 35.684167783995406 ] } },
{ "type": "Feature", "properties": { "内容": "デイサービスラスベガス習志野【通所介護】千葉県習志野市泉町3－1－5ファーストエイド24　２階", "url": "https://www.kaigokensaku.mhlw.go.jp/12/index.php?action_kouhyou_detail_004_kani=true&JigyosyoCd=1272102607-00&ServiceCd=150&Type=search", "url2": null }, "geometry": { "type": "Point", "coordinates": [ 140.0550979, 35.6911426 ] } },
{ "type": "Feature", "properties": { "内容": "習志野偕生園　デイサービスセンター【通所介護】千葉県習志野市新栄1-10-2", "url": "https://www.kaigokensaku.mhlw.go.jp/12/index.php?action_kouhyou_detail_004_kani=true&JigyosyoCd=1272100080-00&ServiceCd=150&Type=search", "url2": "https://kyokuyukai.or.jp/" }, "geometry": { "type": "Point", "coordinates": [ 140.0623501, 35.6898463 ] } },
{ "type": "Feature", "properties": { "内容": "セイワ習志野デイサービスセンター【通所介護】千葉県習志野市秋津3-5-3", "url": "https://www.kaigokensaku.mhlw.go.jp/12/index.php?action_kouhyou_detail_004_kani=true&JigyosyoCd=1272100205-00&ServiceCd=150&Type=search", "url2": "http://www.seiwaen.org/" }, "geometry": { "type": "Point", "coordinates": [ 140.017221400000039, 35.668681 ] } },
{ "type": "Feature", "properties": { "内容": "リハビリデイサービスはるか【通所介護】千葉県習志野市東習志野5-23-1第２国分ビル1階", "url": "https://www.kaigokensaku.mhlw.go.jp/12/index.php?action_kouhyou_detail_004_kani=true&JigyosyoCd=1272102292-00&ServiceCd=150&Type=search", "url2": null }, "geometry": { "type": "Point", "coordinates": [ 140.0776651, 35.693140100000043 ] } },
{ "type": "Feature", "properties": { "内容": "福楽園習志野デイサービスセンター【通所介護】千葉県習志野市東習志野1-1-20", "url": "https://www.kaigokensaku.mhlw.go.jp/12/index.php?action_kouhyou_detail_004_kani=true&JigyosyoCd=1272102409-00&ServiceCd=150&Type=search", "url2": "https://e-houseikai.or.jp/" }, "geometry": { "type": "Point", "coordinates": [ 140.063858200000027, 35.6951194 ] } },
{ "type": "Feature", "properties": { "内容": "白鷺園デイサービスセンター【通所介護】千葉県習志野市鷺沼３－６－４４", "url": "https://www.kaigokensaku.mhlw.go.jp/12/index.php?action_kouhyou_detail_004_kani=true&JigyosyoCd=1272100833-00&ServiceCd=150&Type=search", "url2": "https://e-houseikai.or.jp/shirasagien/" }, "geometry": { "type": "Point", "coordinates": [ 140.028636799999958, 35.6768886 ] } },
{ "type": "Feature", "properties": { "内容": "基本動作特化型リハビリデイサービスＡｃｔｉｏｎ＋大久保店【通所介護】千葉県習志野市藤崎６－１６－１１ユーキビル2号室", "url": "https://www.kaigokensaku.mhlw.go.jp/12/index.php?action_kouhyou_detail_004_kani=true&JigyosyoCd=1272101963-00&ServiceCd=150&Type=search", "url2": "http://action1211.co.jp/" }, "geometry": { "type": "Point", "coordinates": [ 140.040892052428006, 35.690823529460999 ] } },
{ "type": "Feature", "properties": { "内容": "デイサービスセンターエクラシア柏【通所介護】千葉県柏市中新宿1-2-14", "url": "https://www.kaigokensaku.mhlw.go.jp/12/index.php?action_kouhyou_detail_004_kani=true&JigyosyoCd=1272206721-00&ServiceCd=150&Type=search", "url2": null }, "geometry": { "type": "Point", "coordinates": [ 139.945220599999971, 35.8360849 ] } },
{ "type": "Feature", "properties": { "内容": "グッドケアしいの木台デイサービスセンター【通所介護】しいの木台2-7-7", "url": "https://www.kaigokensaku.mhlw.go.jp/12/index.php?action_kouhyou_detail_004_kani=true&JigyosyoCd=1272206143-00&ServiceCd=150&Type=search", "url2": null }, "geometry": { "type": "Point", "coordinates": [ 139.98483725277859, 35.806021893350639 ] } },
{ "type": "Feature", "properties": { "内容": "デイサービスセンターエクラシア柏花野井【通所介護】千葉県柏市花野井511-2", "url": "https://www.kaigokensaku.mhlw.go.jp/12/index.php?action_kouhyou_detail_004_kani=true&JigyosyoCd=1272207141-00&ServiceCd=150&Type=search", "url2": "https://www.welloff.co.jp/" }, "geometry": { "type": "Point", "coordinates": [ 139.969654100000014, 35.8943569 ] } },
{ "type": "Feature", "properties": { "内容": "かしわ翔裕園デイサービスセンター【通所介護】千葉県柏市南逆井4-9-4", "url": "https://www.kaigokensaku.mhlw.go.jp/12/index.php?action_kouhyou_detail_004_kani=true&JigyosyoCd=1272205764-00&ServiceCd=150&Type=search", "url2": "https://www.genkimuragroup.jp/facilitylist/kashiwa/" }, "geometry": { "type": "Point", "coordinates": [ 139.973894800000039, 35.8015638 ] } },
{ "type": "Feature", "properties": { "内容": "デイサービスセンターパンダ【通所介護】千葉県柏市根戸469－3", "url": "https://www.kaigokensaku.mhlw.go.jp/12/index.php?action_kouhyou_detail_004_kani=true&JigyosyoCd=1272204205-00&ServiceCd=150&Type=search", "url2": null }, "geometry": { "type": "Point", "coordinates": [ 139.990259700000024, 35.8862906 ] } },
{ "type": "Feature", "properties": { "内容": "リハビリデイサービスｎａｇｏｍｉ柏店【通所介護】柏市北柏２－４－１０　ステイタスヒル北柏１０２", "url": "https://www.kaigokensaku.mhlw.go.jp/12/index.php?action_kouhyou_detail_004_kani=true&JigyosyoCd=1272203017-00&ServiceCd=150&Type=search", "url2": null }, "geometry": { "type": "Point", "coordinates": [ 139.9915614, 35.874728 ] } },
{ "type": "Feature", "properties": { "内容": "デイサービスセンターエクラシア柏しいの木台【通所介護】千葉県柏市しいの木台4-28-10", "url": "https://www.kaigokensaku.mhlw.go.jp/12/index.php?action_kouhyou_detail_004_kani=true&JigyosyoCd=1272207018-00&ServiceCd=150&Type=search", "url2": null }, "geometry": { "type": "Point", "coordinates": [ 139.977072399999969, 35.8018808 ] } },
{ "type": "Feature", "properties": { "内容": "ブルーミングケア柏たなか【通所介護】千葉県柏市船戸2-7-1", "url": "https://www.kaigokensaku.mhlw.go.jp/12/index.php?action_kouhyou_detail_004_kani=true&JigyosyoCd=1272207380-00&ServiceCd=150&Type=search", "url2": "http://emika-care.co.jp/Blooming-care.html" }, "geometry": { "type": "Point", "coordinates": [ 139.9536529, 35.915854 ] } },
{ "type": "Feature", "properties": { "内容": "デイサービスセンターエクラシア柏増尾【通所介護】千葉県柏市増尾6-1-38エクラシア柏増尾", "url": "https://www.kaigokensaku.mhlw.go.jp/12/index.php?action_kouhyou_detail_004_kani=true&JigyosyoCd=1272206879-00&ServiceCd=150&Type=search", "url2": null }, "geometry": { "type": "Point", "coordinates": [ 139.9792766, 35.8282736 ] } },
{ "type": "Feature", "properties": { "内容": "ツクイ豊四季【通所介護】千葉県柏市篠籠田1103-7", "url": "https://www.kaigokensaku.mhlw.go.jp/12/index.php?action_kouhyou_detail_004_kani=true&JigyosyoCd=1272201904-00&ServiceCd=150&Type=search", "url2": "https://www.tsukui.net/" }, "geometry": { "type": "Point", "coordinates": [ 139.953216399999974, 35.8690532 ] } },
{ "type": "Feature", "properties": { "内容": "ツクイ南柏【通所介護】千葉県柏市東中新宿4-5-22", "url": "https://www.kaigokensaku.mhlw.go.jp/12/index.php?action_kouhyou_detail_004_kani=true&JigyosyoCd=1272202142-00&ServiceCd=150&Type=search", "url2": "https://www.tsukui.net/" }, "geometry": { "type": "Point", "coordinates": [ 139.96036330000004, 35.8311377 ] } },
{ "type": "Feature", "properties": { "内容": "ツクイ柏塚崎【通所介護】千葉県柏市塚崎１０３９-１", "url": "https://www.kaigokensaku.mhlw.go.jp/12/index.php?action_kouhyou_detail_004_kani=true&JigyosyoCd=1272202993-00&ServiceCd=150&Type=search", "url2": "https://www.tsukui.net/search/?officeid=437" }, "geometry": { "type": "Point", "coordinates": [ 140.001206799999977, 35.831046 ] } },
{ "type": "Feature", "properties": { "内容": "ツクイ柏布施【通所介護】千葉県柏市布施758-1", "url": "https://www.kaigokensaku.mhlw.go.jp/12/index.php?action_kouhyou_detail_004_kani=true&JigyosyoCd=1272207539-00&ServiceCd=150&Type=search", "url2": null }, "geometry": { "type": "Point", "coordinates": [ 139.991858411356162, 35.888385734718014 ] } },
{ "type": "Feature", "properties": { "内容": "青和園【通所介護】千葉県柏市十余二175－41", "url": "https://www.kaigokensaku.mhlw.go.jp/12/index.php?action_kouhyou_detail_004_kani=true&JigyosyoCd=1272208008-00&ServiceCd=150&Type=search", "url2": "https://kiritomo-gakuen.com" }, "geometry": { "type": "Point", "coordinates": [ 139.9406514, 35.8894587 ] } },
{ "type": "Feature", "properties": { "内容": "デイサービスセンター柏陽光園【通所介護】千葉県柏市酒井根393-1", "url": "https://www.kaigokensaku.mhlw.go.jp/12/index.php?action_kouhyou_detail_004_kani=true&JigyosyoCd=1272208073-00&ServiceCd=150&Type=search", "url2": "https://www.hakuju-kai.com/" }, "geometry": { "type": "Point", "coordinates": [ 139.9499739, 35.8260712 ] } },
{ "type": "Feature", "properties": { "内容": "かがやきデイサービス柏松葉【通所介護】千葉県柏市松葉3-2-8総合ケアセンター柏松葉", "url": "https://www.kaigokensaku.mhlw.go.jp/12/index.php?action_kouhyou_detail_004_kani=true&JigyosyoCd=1272204452-00&ServiceCd=150&Type=search", "url2": "https://www.ymmd.co.jp/" }, "geometry": { "type": "Point", "coordinates": [ 139.971082381475867, 35.887554229571904 ] } },
{ "type": "Feature", "properties": { "内容": "ケアパートナー柏【通所介護】千葉県柏市松ヶ崎２３１－１チャームテラス222", "url": "https://www.kaigokensaku.mhlw.go.jp/12/index.php?action_kouhyou_detail_004_kani=true&JigyosyoCd=1272201250-00&ServiceCd=150&Type=search", "url2": "https://www.care-partner.com/" }, "geometry": { "type": "Point", "coordinates": [ 139.977138599999989, 35.884646 ] } },
{ "type": "Feature", "properties": { "内容": "柏こひつじ園デイサービスセンター【通所介護】千葉県柏市豊四季台三丁目１番４号社会福祉法人小羊会柏こひつじ園", "url": "https://www.kaigokensaku.mhlw.go.jp/12/index.php?action_kouhyou_detail_004_kani=true&JigyosyoCd=1272203553-00&ServiceCd=150&Type=search", "url2": "http://www.kohitsujikai.jp" }, "geometry": { "type": "Point", "coordinates": [ 139.957438599999932, 35.8628599 ] } },
{ "type": "Feature", "properties": { "内容": "デイサービス気らく家【通所介護】千葉県柏市南増尾6-9-41", "url": "https://www.kaigokensaku.mhlw.go.jp/12/index.php?action_kouhyou_detail_004_kani=true&JigyosyoCd=1272206432-00&ServiceCd=150&Type=search", "url2": null }, "geometry": { "type": "Point", "coordinates": [ 139.967136699999969, 35.811515200000017 ] } },
{ "type": "Feature", "properties": { "内容": "デイサービスいきな倶楽部青葉台【通所介護】千葉県柏市青葉台1-22-27", "url": "https://www.kaigokensaku.mhlw.go.jp/12/index.php?action_kouhyou_detail_004_kani=true&JigyosyoCd=1272206739-00&ServiceCd=150&Type=search", "url2": "https://hfm-123.com/ikina/" }, "geometry": { "type": "Point", "coordinates": [ 139.961104500000033, 35.8158092 ] } },
{ "type": "Feature", "properties": { "内容": "レッツ倶楽部南増尾【通所介護】千葉県柏市南増尾1丁目25番38号", "url": "https://www.kaigokensaku.mhlw.go.jp/12/index.php?action_kouhyou_detail_004_kani=true&JigyosyoCd=1272207877-00&ServiceCd=150&Type=search", "url2": "https://www.lets-club.jp/shop/minamimasuo/" }, "geometry": { "type": "Point", "coordinates": [ 139.9745503, 35.8188489 ] } },
{ "type": "Feature", "properties": { "内容": "レッツ倶楽部柏新富町【通所介護】千葉県柏市新富町1丁目2番34号", "url": "https://www.kaigokensaku.mhlw.go.jp/12/index.php?action_kouhyou_detail_004_kani=true&JigyosyoCd=1272207091-00&ServiceCd=150&Type=search", "url2": "https://www.lets-club.jp/shop/shintomichou/" }, "geometry": { "type": "Point", "coordinates": [ 139.9541329, 35.8510117 ] } },
{ "type": "Feature", "properties": { "内容": "ゆかり柏デイサービスセンター【通所介護】千葉県柏市南逆井1-15-15", "url": "https://www.kaigokensaku.mhlw.go.jp/12/index.php?action_kouhyou_detail_004_kani=true&JigyosyoCd=1272205640-00&ServiceCd=150&Type=search", "url2": "https://yukari-gr.jp/group/kashiwa/" }, "geometry": { "type": "Point", "coordinates": [ 139.970961399999965, 35.8081046 ] } },
{ "type": "Feature", "properties": { "内容": "あおぞらの里新柏デイサービスセンター【通所介護】千葉県柏市豊住２－３－２９", "url": "https://www.kaigokensaku.mhlw.go.jp/12/index.php?action_kouhyou_detail_004_kani=true&JigyosyoCd=1272201839-00&ServiceCd=150&Type=search", "url2": "https://cedar-group.co.jp" }, "geometry": { "type": "Point", "coordinates": [ 139.961160899999982, 35.8382616 ] } },
{ "type": "Feature", "properties": { "内容": "ミアヘルサデイサービス柏あけぼの【通所介護】千葉県柏市あけぼの4-3-24", "url": "https://www.kaigokensaku.mhlw.go.jp/12/index.php?action_kouhyou_detail_004_kani=true&JigyosyoCd=1272205046-00&ServiceCd=150&Type=search", "url2": "https://www.merhalsa.jp/" }, "geometry": { "type": "Point", "coordinates": [ 139.970792599999982, 35.8670985 ] } },
{ "type": "Feature", "properties": { "内容": "デイサービス　オハナ【通所介護】千葉県柏市花野井４２０-１ヴィラグラニッツ　１階", "url": "https://www.kaigokensaku.mhlw.go.jp/12/index.php?action_kouhyou_detail_004_kani=true&JigyosyoCd=1272207620-00&ServiceCd=150&Type=search", "url2": "https://www.waioha.jp/company/" }, "geometry": { "type": "Point", "coordinates": [ 139.9712169, 35.8942105 ] } },
{ "type": "Feature", "properties": { "内容": "ニチイケアセンター柏【通所介護】千葉県柏市新柏1-13-9", "url": "https://www.kaigokensaku.mhlw.go.jp/12/index.php?action_kouhyou_detail_004_kani=true&JigyosyoCd=1272200021-00&ServiceCd=150&Type=search", "url2": "https://www.nichiigakkan.co.jp/" }, "geometry": { "type": "Point", "coordinates": [ 139.967804500000057, 35.8400752 ] } },
{ "type": "Feature", "properties": { "内容": "レッツ倶楽部柏松葉町【通所介護】千葉県柏市松葉町二丁目11番10", "url": "https://www.kaigokensaku.mhlw.go.jp/12/index.php?action_kouhyou_detail_004_kani=true&JigyosyoCd=1272206945-00&ServiceCd=150&Type=search", "url2": "https://www.lets-club.jp/shop/kashiwamatsubachou/" }, "geometry": { "type": "Point", "coordinates": [ 139.9782947, 35.8871537 ] } },
{ "type": "Feature", "properties": { "内容": "デイサービスセンターハートかしわ【通所介護】千葉県柏市高田1032番地1", "url": "https://www.kaigokensaku.mhlw.go.jp/12/index.php?action_kouhyou_detail_004_kani=true&JigyosyoCd=1272201185-00&ServiceCd=150&Type=search", "url2": "https://heart-kashiwa.jp/" }, "geometry": { "type": "Point", "coordinates": [ 139.9561546, 35.8766549 ] } },
{ "type": "Feature", "properties": { "内容": "デイサービスセンターマザーズガーデン【通所介護】千葉県柏市布施1113-2", "url": "https://www.kaigokensaku.mhlw.go.jp/12/index.php?action_kouhyou_detail_004_kani=true&JigyosyoCd=1272201532-00&ServiceCd=150&Type=search", "url2": "https://www.mothersgarden.jp" }, "geometry": { "type": "Point", "coordinates": [ 140.0034498, 35.8870545 ] } },
{ "type": "Feature", "properties": { "内容": "秋桜ヴィレッジ北柏デイサービスセンター【通所介護】千葉県柏市松ケ崎365-27", "url": "https://www.kaigokensaku.mhlw.go.jp/12/index.php?action_kouhyou_detail_004_kani=true&JigyosyoCd=1272207075-00&ServiceCd=150&Type=search", "url2": "https://mother-like.co.jp/nursing/dayservice/kitakashiwa.html" }, "geometry": { "type": "Point", "coordinates": [ 139.980799600000012, 35.882541 ] } },
{ "type": "Feature", "properties": { "内容": "しいの木台ケアセンターそよ風【通所介護】千葉県柏市しいの木台３－２６－４", "url": "https://www.kaigokensaku.mhlw.go.jp/12/index.php?action_kouhyou_detail_004_kani=true&JigyosyoCd=1273800092-00&ServiceCd=150&Type=search", "url2": "https://www.sykz.co.jp/shisetsu-zaitaku/121121" }, "geometry": { "type": "Point", "coordinates": [ 139.977586100000053, 35.7993669 ] } },
{ "type": "Feature", "properties": { "内容": "健康サポートクラブグリーンレモン【通所介護】千葉県柏市豊四季694-41桜井アパート102号室", "url": "https://www.kaigokensaku.mhlw.go.jp/12/index.php?action_kouhyou_detail_004_kani=true&JigyosyoCd=1272205053-00&ServiceCd=150&Type=search", "url2": null }, "geometry": { "type": "Point", "coordinates": [ 139.962538299999977, 35.8457686 ] } },
{ "type": "Feature", "properties": { "内容": "麗しの杜光ヶ丘デイサービスセンター【通所介護】千葉県柏市光ヶ丘二丁目1番1号麗しの杜光ヶ丘", "url": "https://www.kaigokensaku.mhlw.go.jp/12/index.php?action_kouhyou_detail_004_kani=true&JigyosyoCd=1272205301-00&ServiceCd=150&Type=search", "url2": "http://uruwashinomori.jp/" }, "geometry": { "type": "Point", "coordinates": [ 139.955450440089407, 35.829869491291731 ] } },
{ "type": "Feature", "properties": { "内容": "ケアパートナー　南柏【通所介護】千葉県柏市豊町2-2-2", "url": "https://www.kaigokensaku.mhlw.go.jp/12/index.php?action_kouhyou_detail_004_kani=true&JigyosyoCd=1272202647-00&ServiceCd=150&Type=search", "url2": "https://www.care-partner.com/" }, "geometry": { "type": "Point", "coordinates": [ 139.9592415, 35.849342 ] } },
{ "type": "Feature", "properties": { "内容": "きたえるーむ柏篠籠田【通所介護】千葉県柏市篠籠田1461-5", "url": "https://www.kaigokensaku.mhlw.go.jp/12/index.php?action_kouhyou_detail_004_kani=true&JigyosyoCd=1272206671-00&ServiceCd=150&Type=search", "url2": null }, "geometry": { "type": "Point", "coordinates": [ 139.94878319999998, 35.8716996 ] } },
{ "type": "Feature", "properties": { "内容": "涼デイサービスセンター【通所介護】千葉県柏市西原3-2-51", "url": "https://www.kaigokensaku.mhlw.go.jp/12/index.php?action_kouhyou_detail_004_kani=true&JigyosyoCd=1272200344-00&ServiceCd=150&Type=search", "url2": "https://ryofukai-kashiwa.jimdofree.com/" }, "geometry": { "type": "Point", "coordinates": [ 139.919715799999949, 35.8969944 ] } },
{ "type": "Feature", "properties": { "内容": "大樹デイサービス柏【通所介護】千葉県柏市松葉町3丁目2番地1号出山ビル　1階", "url": "https://www.kaigokensaku.mhlw.go.jp/12/index.php?action_kouhyou_detail_004_kani=true&JigyosyoCd=1272206507-00&ServiceCd=150&Type=search", "url2": "https://www.taiju-ds.co.jp/" }, "geometry": { "type": "Point", "coordinates": [ 139.972525, 35.8875843 ] } },
{ "type": "Feature", "properties": { "内容": "豊四季ケアセンターそよ風【通所介護】千葉県柏市豊四季286-16", "url": "https://www.kaigokensaku.mhlw.go.jp/12/index.php?action_kouhyou_detail_004_kani=true&JigyosyoCd=1272202308-00&ServiceCd=150&Type=search", "url2": "https://www.sykz.co.jp/" }, "geometry": { "type": "Point", "coordinates": [ 139.9489059, 35.8610072 ] } },
{ "type": "Feature", "properties": { "内容": "デイサービスセンター酒井根【通所介護】千葉県柏市酒井根45-1", "url": "https://www.kaigokensaku.mhlw.go.jp/12/index.php?action_kouhyou_detail_004_kani=true&JigyosyoCd=1272200278-00&ServiceCd=150&Type=search", "url2": "https://www.minorikai.org/" }, "geometry": { "type": "Point", "coordinates": [ 139.962197800000013, 35.8213332 ] } },
{ "type": "Feature", "properties": { "内容": "デイサービスセンター八幡苑【通所介護】千葉県柏市篠籠田１３８６－20", "url": "https://www.kaigokensaku.mhlw.go.jp/12/index.php?action_kouhyou_detail_004_kani=true&JigyosyoCd=1272200195-00&ServiceCd=150&Type=search", "url2": "https://www.houjukai.or.jp/" }, "geometry": { "type": "Point", "coordinates": [ 139.947387481614669, 35.870152005248755 ] } },
{ "type": "Feature", "properties": { "内容": "サムピッグ・松葉デイサービスセンター【通所介護】千葉県柏市松葉町二丁目28番地1パインリーフ102", "url": "https://www.kaigokensaku.mhlw.go.jp/12/index.php?action_kouhyou_detail_004_kani=true&JigyosyoCd=1272204361-00&ServiceCd=150&Type=search", "url2": "http://www.sampig-kaigo.com/" }, "geometry": { "type": "Point", "coordinates": [ 139.97426441111449, 35.887987810435902 ] } },
{ "type": "Feature", "properties": { "内容": "デイサービスさくら　宿連寺【通所介護】千葉県柏市宿連寺376番地", "url": "https://www.kaigokensaku.mhlw.go.jp/12/index.php?action_kouhyou_detail_004_kani=true&JigyosyoCd=1272206549-00&ServiceCd=150&Type=search", "url2": "http://www.sampig-kaigo.com/" }, "geometry": { "type": "Point", "coordinates": [ 139.981879700000036, 35.8899759 ] } },
{ "type": "Feature", "properties": { "内容": "デイサービスセンター沼風苑【通所介護】千葉県柏市箕輪５８５番地", "url": "https://www.kaigokensaku.mhlw.go.jp/12/index.php?action_kouhyou_detail_004_kani=true&JigyosyoCd=1273800050-00&ServiceCd=150&Type=search", "url2": null }, "geometry": { "type": "Point", "coordinates": [ 140.0193822, 35.8538042 ] } },
{ "type": "Feature", "properties": { "内容": "パナソニックエイジフリーケアセンター柏豊住・デイサービス【通所介護】千葉県柏市豊住1-3-36", "url": "https://www.kaigokensaku.mhlw.go.jp/12/index.php?action_kouhyou_detail_004_kani=true&JigyosyoCd=1272205863-00&ServiceCd=150&Type=search", "url2": "https://panasonic.co.jp/ls/paf/" }, "geometry": { "type": "Point", "coordinates": [ 139.962879493857798, 35.841056689826544 ] } },
{ "type": "Feature", "properties": { "内容": "デイサービスセンターあおいの里・柏【通所介護】千葉県柏市大井９８８番地１", "url": "https://www.kaigokensaku.mhlw.go.jp/12/index.php?action_kouhyou_detail_004_kani=true&JigyosyoCd=1272205442-00&ServiceCd=150&Type=search", "url2": "http://www.aoikai.jp" }, "geometry": { "type": "Point", "coordinates": [ 139.994565400000056, 35.8480547 ] } },
{ "type": "Feature", "properties": { "内容": "デイサービスセンター四季の里【通所介護】千葉県柏市松ヶ崎８９９番地１", "url": "https://www.kaigokensaku.mhlw.go.jp/12/index.php?action_kouhyou_detail_004_kani=true&JigyosyoCd=1272200385-00&ServiceCd=150&Type=search", "url2": "http://www.aoikai.jp/" }, "geometry": { "type": "Point", "coordinates": [ 139.975578, 35.8766194 ] } },
{ "type": "Feature", "properties": { "内容": "脳トレデイサービス・ウェルチャオ南柏【通所介護】千葉県柏市南柏一丁目13-7いぬいマンション1階", "url": "https://www.kaigokensaku.mhlw.go.jp/12/index.php?action_kouhyou_detail_004_kani=true&JigyosyoCd=1272207562-00&ServiceCd=150&Type=search", "url2": "https://www.welchao.com" }, "geometry": { "type": "Point", "coordinates": [ 139.9535841, 35.8469542 ] } },
{ "type": "Feature", "properties": { "内容": "フォセットデイサービス柏南【通所介護】千葉県柏市塚崎1306-1フォセット柏南", "url": "https://www.kaigokensaku.mhlw.go.jp/12/index.php?action_kouhyou_detail_004_kani=true&JigyosyoCd=1272206630-00&ServiceCd=150&Type=search", "url2": "http://www.e-fossette.jp/" }, "geometry": { "type": "Point", "coordinates": [ 140.005064891545715, 35.833513163732981 ] } },
{ "type": "Feature", "properties": { "内容": "アビリティーズ・デイサービスあかね町【通所介護】千葉県柏市あかね町4-3気まま館　柏", "url": "https://www.kaigokensaku.mhlw.go.jp/12/index.php?action_kouhyou_detail_004_kani=true&JigyosyoCd=1272202613-00&ServiceCd=150&Type=search", "url2": "https://www.abilities.jp/" }, "geometry": { "type": "Point", "coordinates": [ 139.981833400000028, 35.8504541 ] } },
{ "type": "Feature", "properties": { "内容": "デイサービスセンター藤心八幡苑【通所介護】千葉県柏市藤心２９３－２", "url": "https://www.kaigokensaku.mhlw.go.jp/12/index.php?action_kouhyou_detail_004_kani=true&JigyosyoCd=1272200484-00&ServiceCd=150&Type=search", "url2": "https://www.houjukai.or.jp/" }, "geometry": { "type": "Point", "coordinates": [ 139.995954899999987, 35.8243498 ] } },
{ "type": "Feature", "properties": { "内容": "デイサービスセンターかしわ安心館【通所介護】千葉県柏市藤ケ谷810番地2", "url": "https://www.kaigokensaku.mhlw.go.jp/12/index.php?action_kouhyou_detail_004_kani=true&JigyosyoCd=1272205194-00&ServiceCd=150&Type=search", "url2": "http://www.tensenkai.jp/kashiwa_anshinkan/" }, "geometry": { "type": "Point", "coordinates": [ 140.031651488001444, 35.814066182732695 ] } },
{ "type": "Feature", "properties": { "内容": "柏中原ケアセンターそよ風【通所介護】千葉県柏市中原１－２８－２", "url": "https://www.kaigokensaku.mhlw.go.jp/12/index.php?action_kouhyou_detail_004_kani=true&JigyosyoCd=1272203470-00&ServiceCd=150&Type=search", "url2": null }, "geometry": { "type": "Point", "coordinates": [ 139.9660527, 35.826949 ] } },
{ "type": "Feature", "properties": { "内容": "フレイル予防型デイサービス星の子まなびや【通所介護】千葉県柏市根戸483-182パレススクリプト北柏1階", "url": "https://www.kaigokensaku.mhlw.go.jp/12/index.php?action_kouhyou_detail_004_kani=true&JigyosyoCd=1272207935-00&ServiceCd=150&Type=search", "url2": "https://linksupport.biz" }, "geometry": { "type": "Point", "coordinates": [ 139.9932158, 35.8818638 ] } },
{ "type": "Feature", "properties": { "内容": "らいおんハートリハビリデイサービス柏湯元温泉【通所介護】千葉県柏市青葉台2-24-1", "url": "https://www.kaigokensaku.mhlw.go.jp/12/index.php?action_kouhyou_detail_004_kani=true&JigyosyoCd=1272206895-00&ServiceCd=150&Type=search", "url2": "https://lion-heart.co/" }, "geometry": { "type": "Point", "coordinates": [ 139.958075400000013, 35.8144848 ] } },
{ "type": "Feature", "properties": { "内容": "ケアホーム柏花野井デイサービスセンター【通所介護】千葉県柏市花野井896－5みつみつビル101", "url": "https://www.kaigokensaku.mhlw.go.jp/12/index.php?action_kouhyou_detail_004_kani=true&JigyosyoCd=1272207927-00&ServiceCd=150&Type=search", "url2": "https://www.wg-c.jp/" }, "geometry": { "type": "Point", "coordinates": [ 139.9685269, 35.8957248 ] } },
{ "type": "Feature", "properties": { "内容": "デイホームゆりの木柏【通所介護】千葉県柏市増尾台1丁目12-6増尾台Kビル1階", "url": "https://www.kaigokensaku.mhlw.go.jp/12/index.php?action_kouhyou_detail_004_kani=true&JigyosyoCd=1272206580-00&ServiceCd=150&Type=search", "url2": "http://www.elderly.jp/" }, "geometry": { "type": "Point", "coordinates": [ 139.97681190000003, 35.8287086 ] } },
{ "type": "Feature", "properties": { "内容": "デイサービスきたえるーむ柏逆井【通所介護】千葉県柏市東逆井1-17-17", "url": "https://www.kaigokensaku.mhlw.go.jp/12/index.php?action_kouhyou_detail_004_kani=true&JigyosyoCd=1272208107-00&ServiceCd=150&Type=search", "url2": "https://kitaeroom.com/shop/post-154.shtml" }, "geometry": { "type": "Point", "coordinates": [ 139.9837042, 35.8241624 ] } },
{ "type": "Feature", "properties": { "内容": "グッドタイムクラブ・柏高柳【通所介護】千葉県柏市高柳1141-1", "url": "https://www.kaigokensaku.mhlw.go.jp/12/index.php?action_kouhyou_detail_004_kani=true&JigyosyoCd=1272206788-00&ServiceCd=150&Type=search", "url2": null }, "geometry": { "type": "Point", "coordinates": [ 140.0037686, 35.8071286 ] } },
{ "type": "Feature", "properties": { "内容": "デイサービスココファン柏花野井【通所介護】千葉県柏市花野井3-1", "url": "https://www.kaigokensaku.mhlw.go.jp/12/index.php?action_kouhyou_detail_004_kani=true&JigyosyoCd=1272205244-00&ServiceCd=150&Type=search", "url2": "https://www.cocofump.co.jp/" }, "geometry": { "type": "Point", "coordinates": [ 139.979748758860751, 35.891223460238535 ] } },
{ "type": "Feature", "properties": { "内容": "デイサービスセンター　SLP柏【通所介護】千葉県柏市十余二２８７−３２", "url": "https://www.kaigokensaku.mhlw.go.jp/12/index.php?action_kouhyou_detail_004_kani=true&JigyosyoCd=1272205962-00&ServiceCd=150&Type=search", "url2": null }, "geometry": { "type": "Point", "coordinates": [ 139.963663048379544, 35.885986794004445 ] } },
{ "type": "Feature", "properties": { "内容": "デイサービスココファン柏明原【通所介護】千葉県柏市明原4-10-12", "url": "https://www.kaigokensaku.mhlw.go.jp/12/index.php?action_kouhyou_detail_004_kani=true&JigyosyoCd=1272203892-00&ServiceCd=150&Type=search", "url2": null }, "geometry": { "type": "Point", "coordinates": [ 139.96236650000003, 35.8650052 ] } },
{ "type": "Feature", "properties": { "内容": "こひつじ柏南デイサービスセンター【通所介護】千葉県柏市増尾2-22-10", "url": "https://www.kaigokensaku.mhlw.go.jp/12/index.php?action_kouhyou_detail_004_kani=true&JigyosyoCd=1272207844-00&ServiceCd=150&Type=search", "url2": "https://kohitsujikai.or.jp/" }, "geometry": { "type": "Point", "coordinates": [ 139.9788314, 35.83445540000001 ] } },
{ "type": "Feature", "properties": { "内容": "デイサービスセンターエクラシア北柏【通所介護】千葉県柏市北柏3-16-1", "url": "https://www.kaigokensaku.mhlw.go.jp/12/index.php?action_kouhyou_detail_004_kani=true&JigyosyoCd=1272206903-00&ServiceCd=150&Type=search", "url2": null }, "geometry": { "type": "Point", "coordinates": [ 139.9885329, 35.8718481 ] } },
{ "type": "Feature", "properties": { "内容": "特別養護老人ホームアネシス【通所介護】千葉県柏市手賀1682", "url": "https://www.kaigokensaku.mhlw.go.jp/12/index.php?action_kouhyou_detail_004_kani=true&JigyosyoCd=1273800043-00&ServiceCd=150&Type=search", "url2": "http://anecis.nadogaya.com/" }, "geometry": { "type": "Point", "coordinates": [ 140.080284799999959, 35.8327392 ] } },
{ "type": "Feature", "properties": { "内容": "デイサービスセンターマーガレットヒル【通所介護】千葉県柏市中新宿1-8-6", "url": "https://www.kaigokensaku.mhlw.go.jp/12/index.php?action_kouhyou_detail_004_kani=true&JigyosyoCd=1272201011-00&ServiceCd=150&Type=search", "url2": "http://s-sanseikai.or.jp" }, "geometry": { "type": "Point", "coordinates": [ 139.943573900000047, 35.8348447 ] } },
{ "type": "Feature", "properties": { "内容": "リハビリデイサービス柏【通所介護】千葉県柏市篠籠田１３８１－１９", "url": "https://www.kaigokensaku.mhlw.go.jp/12/index.php?action_kouhyou_detail_004_kani=true&JigyosyoCd=1272201946-00&ServiceCd=150&Type=search", "url2": "http://www.riei.co.jp/" }, "geometry": { "type": "Point", "coordinates": [ 139.949683300000061, 35.8709028 ] } },
{ "type": "Feature", "properties": { "内容": "諏訪の杜デイサービス【通所介護】千葉県柏市豊四季301-2", "url": "https://www.kaigokensaku.mhlw.go.jp/12/index.php?action_kouhyou_detail_004_kani=true&JigyosyoCd=1272208172-00&ServiceCd=150&Type=search", "url2": null }, "geometry": { "type": "Point", "coordinates": [ 139.948188906745912, 35.859893999710195 ] } },
{ "type": "Feature", "properties": { "内容": "デイサービスセンターリブサニーサイド興津【通所介護】千葉県勝浦市興津2636", "url": "https://www.kaigokensaku.mhlw.go.jp/12/index.php?action_kouhyou_detail_004_kani=true&JigyosyoCd=1272300136-00&ServiceCd=150&Type=search", "url2": null }, "geometry": { "type": "Point", "coordinates": [ 140.2494568, 35.136023500000015 ] } },
{ "type": "Feature", "properties": { "内容": "デイサービスセンターオーシャンビュー勝浦【通所介護】千葉県勝浦市部原1930-3", "url": "https://www.kaigokensaku.mhlw.go.jp/12/index.php?action_kouhyou_detail_004_kani=true&JigyosyoCd=1272300359-00&ServiceCd=150&Type=search", "url2": "https://oceanview-katsuura.jp/" }, "geometry": { "type": "Point", "coordinates": [ 140.334467299999972, 35.168214 ] } },
{ "type": "Feature", "properties": { "内容": "コンパスウォーク勝浦【通所介護】千葉県勝浦市沢倉639-19", "url": "https://www.kaigokensaku.mhlw.go.jp/12/index.php?action_kouhyou_detail_004_kani=true&JigyosyoCd=1272300391-00&ServiceCd=150&Type=search", "url2": "https://keigo-group.co.jp/shop/chibaken/6391/" }, "geometry": { "type": "Point", "coordinates": [ 140.317294950926254, 35.147334827733246 ] } },
{ "type": "Feature", "properties": { "内容": "デイサービスセンター名木緑風苑【通所介護】千葉県勝浦市名木89番地13", "url": "https://www.kaigokensaku.mhlw.go.jp/12/index.php?action_kouhyou_detail_004_kani=true&JigyosyoCd=1272300292-00&ServiceCd=150&Type=search", "url2": "http://www.ryokufuuen.jp/" }, "geometry": { "type": "Point", "coordinates": [ 140.232031306745967, 35.153037545523723 ] } },
{ "type": "Feature", "properties": { "内容": "デイサービスセンター　高滝神明の里【通所介護】千葉県市原市駒込字初崎１９６番１", "url": "https://www.kaigokensaku.mhlw.go.jp/12/index.php?action_kouhyou_detail_004_kani=true&JigyosyoCd=1272400563-00&ServiceCd=150&Type=search", "url2": "http://www.shinmeinosato.com" }, "geometry": { "type": "Point", "coordinates": [ 140.148149099999955, 35.364353200000018 ] } },
{ "type": "Feature", "properties": { "内容": "グラン市原デイサービス【通所介護】千葉県市原市五井中央西2-24-60", "url": "https://www.kaigokensaku.mhlw.go.jp/12/index.php?action_kouhyou_detail_004_kani=true&JigyosyoCd=1272404524-00&ServiceCd=150&Type=search", "url2": null }, "geometry": { "type": "Point", "coordinates": [ 140.0876945, 35.5170587 ] } },
{ "type": "Feature", "properties": { "内容": "Ｏａｓｉｓ　ｓｔｕｄｉｏユニモちはら台店【通所介護】千葉県市原市ちはら台西３丁目４番地ユニモちはら台１階", "url": "https://www.kaigokensaku.mhlw.go.jp/12/index.php?action_kouhyou_detail_004_kani=true&JigyosyoCd=1272404615-00&ServiceCd=150&Type=search", "url2": "https://oasis-kaigo.co.jp/services/646/oasis-studio-yunimo-chiharadai/" }, "geometry": { "type": "Point", "coordinates": [ 140.171610633521283, 35.527257582376784 ] } },
{ "type": "Feature", "properties": { "内容": "らいおんハートリハビリ温泉デイサービス五井【通所介護】千葉県市原市五井東2-13-6サンシャイン五井1F", "url": "https://www.kaigokensaku.mhlw.go.jp/12/index.php?action_kouhyou_detail_004_kani=true&JigyosyoCd=1272402619-00&ServiceCd=150&Type=search", "url2": "http://lion-heart.co/html/goi.html" }, "geometry": { "type": "Point", "coordinates": [ 140.097621600000025, 35.5155517 ] } },
{ "type": "Feature", "properties": { "内容": "通所介護　サンフラワー【通所介護】千葉県市原市東国分寺台3-11-3", "url": "https://www.kaigokensaku.mhlw.go.jp/12/index.php?action_kouhyou_detail_004_kani=true&JigyosyoCd=1272402353-00&ServiceCd=150&Type=search", "url2": null }, "geometry": { "type": "Point", "coordinates": [ 140.123353, 35.4917275 ] } },
{ "type": "Feature", "properties": { "内容": "通所介護　サンフラワーたつみ台【通所介護】千葉県市原市辰巳台東3-14-11", "url": "https://www.kaigokensaku.mhlw.go.jp/12/index.php?action_kouhyou_detail_004_kani=true&JigyosyoCd=1272404060-00&ServiceCd=150&Type=search", "url2": null }, "geometry": { "type": "Point", "coordinates": [ 140.1529592, 35.5165704 ] } },
{ "type": "Feature", "properties": { "内容": "市原中央ケアセンターそよ風【通所介護】千葉県市原市山田橋一丁目14番15", "url": "https://www.kaigokensaku.mhlw.go.jp/12/index.php?action_kouhyou_detail_004_kani=true&JigyosyoCd=1272402809-00&ServiceCd=150&Type=search", "url2": "https://corp.sykz.co.jp/" }, "geometry": { "type": "Point", "coordinates": [ 140.123233600000049, 35.5000404 ] } },
{ "type": "Feature", "properties": { "内容": "粋生デイセンター八幡【通所介護】千葉県市原市八幡１６２７－３", "url": "https://www.kaigokensaku.mhlw.go.jp/12/index.php?action_kouhyou_detail_004_kani=true&JigyosyoCd=1272403120-00&ServiceCd=150&Type=search", "url2": "http://ikina-y.com" }, "geometry": { "type": "Point", "coordinates": [ 140.126737700000035, 35.5378775 ] } },
{ "type": "Feature", "properties": { "内容": "市原ケアセンターそよ風【通所介護】千葉県市原市喜多759-10", "url": "https://www.kaigokensaku.mhlw.go.jp/12/index.php?action_kouhyou_detail_004_kani=true&JigyosyoCd=1272401702-00&ServiceCd=150&Type=search", "url2": "https://www.sykz.co.jp/shisetsu-zaitaku/122073" }, "geometry": { "type": "Point", "coordinates": [ 140.1847067, 35.5064877 ] } },
{ "type": "Feature", "properties": { "内容": "デイサービスひだまりの家【通所介護】千葉県市原市能満１５３１－２２", "url": "https://www.kaigokensaku.mhlw.go.jp/12/index.php?action_kouhyou_detail_004_kani=true&JigyosyoCd=1272401900-00&ServiceCd=150&Type=search", "url2": "http://www.hidamarinoie.com/" }, "geometry": { "type": "Point", "coordinates": [ 140.1380411, 35.495566 ] } },
{ "type": "Feature", "properties": { "内容": "清流園第1デイサービスセンター【通所介護】千葉県市原市勝間下五反目337番2", "url": "https://www.kaigokensaku.mhlw.go.jp/12/index.php?action_kouhyou_detail_004_kani=true&JigyosyoCd=1272400282-00&ServiceCd=150&Type=search", "url2": "http://webmaster-seiryukai.com/" }, "geometry": { "type": "Point", "coordinates": [ 140.165109499999971, 35.4785493 ] } },
{ "type": "Feature", "properties": { "内容": "セントケア市原【通所介護】千葉県市原市惣社4-3-5", "url": "https://www.kaigokensaku.mhlw.go.jp/12/index.php?action_kouhyou_detail_004_kani=true&JigyosyoCd=1272401835-00&ServiceCd=150&Type=search", "url2": "https://www.saint-care.com/chiba/facility_list/%E3%82%BB%E3%83%B3%E3%83%88%E3%82%B1%E3%82%A2%E5%B8%82%E5%8E%9F/" }, "geometry": { "type": "Point", "coordinates": [ 140.109926399999949, 35.4983903 ] } },
{ "type": "Feature", "properties": { "内容": "やさしい手京葉デイサービスセンター【通所介護】千葉県市原市能満2-10", "url": "https://www.kaigokensaku.mhlw.go.jp/12/index.php?action_kouhyou_detail_004_kani=true&JigyosyoCd=1272401728-00&ServiceCd=150&Type=search", "url2": "https://www.yasashiite-keiyo.com/" }, "geometry": { "type": "Point", "coordinates": [ 140.129618599999958, 35.522035 ] } },
{ "type": "Feature", "properties": { "内容": "デイサービス　Tケア【通所介護】千葉県市原市辰巳台西2-3-1", "url": "https://www.kaigokensaku.mhlw.go.jp/12/index.php?action_kouhyou_detail_004_kani=true&JigyosyoCd=1272404136-00&ServiceCd=150&Type=search", "url2": null }, "geometry": { "type": "Point", "coordinates": [ 140.1465891, 35.5191234 ] } },
{ "type": "Feature", "properties": { "内容": "ケアセンターさざんか【通所介護】千葉県市原市磯ヶ谷２０６７", "url": "https://www.kaigokensaku.mhlw.go.jp/12/index.php?action_kouhyou_detail_004_kani=true&JigyosyoCd=1272400985-00&ServiceCd=150&Type=search", "url2": "https://hirayama-iin.com" }, "geometry": { "type": "Point", "coordinates": [ 140.126089500000035, 35.4557935 ] } },
{ "type": "Feature", "properties": { "内容": "デイサービスセンター　鶴舞温泉げんき館【通所介護】千葉県市原市鶴舞743－4", "url": "https://www.kaigokensaku.mhlw.go.jp/12/index.php?action_kouhyou_detail_004_kani=true&JigyosyoCd=1272402254-00&ServiceCd=150&Type=search", "url2": "http://www.ctg.or.jp/" }, "geometry": { "type": "Point", "coordinates": [ 140.183130200000051, 35.3872258 ] } },
{ "type": "Feature", "properties": { "内容": "デイサービスセンター　里の家【通所介護】千葉県市原市能満2072番18", "url": "https://www.kaigokensaku.mhlw.go.jp/12/index.php?action_kouhyou_detail_004_kani=true&JigyosyoCd=1272401124-00&ServiceCd=150&Type=search", "url2": "https://furusatoen.or.jp" }, "geometry": { "type": "Point", "coordinates": [ 140.143239109048665, 35.496887089624643 ] } },
{ "type": "Feature", "properties": { "内容": "相川リハビリデイ五井【通所介護】千葉県市原市五井中央東２－２３－１５", "url": "https://www.kaigokensaku.mhlw.go.jp/12/index.php?action_kouhyou_detail_004_kani=true&JigyosyoCd=1272404474-00&ServiceCd=150&Type=search", "url2": "https://aikawa-cs.com/" }, "geometry": { "type": "Point", "coordinates": [ 140.094850299999962, 35.5118339 ] } },
{ "type": "Feature", "properties": { "内容": "デイサービスセンター向日葵【通所介護】千葉県市原市二日市場７７４－１", "url": "https://www.kaigokensaku.mhlw.go.jp/12/index.php?action_kouhyou_detail_004_kani=true&JigyosyoCd=1272400126-00&ServiceCd=150&Type=search", "url2": "http://www.care-himawari.or.jp" }, "geometry": { "type": "Point", "coordinates": [ 140.116262600000027, 35.4432202 ] } },
{ "type": "Feature", "properties": { "内容": "デイサービス　たつみの森【通所介護】千葉県市原市神崎２２６－１", "url": "https://www.kaigokensaku.mhlw.go.jp/12/index.php?action_kouhyou_detail_004_kani=true&JigyosyoCd=1272402528-00&ServiceCd=150&Type=search", "url2": "http://www.takushinkai.net" }, "geometry": { "type": "Point", "coordinates": [ 140.152575393254097, 35.508849234205954 ] } },
{ "type": "Feature", "properties": { "内容": "トータスデイサービスセンター【通所介護】千葉県市原市鶴舞559-1", "url": "https://www.kaigokensaku.mhlw.go.jp/12/index.php?action_kouhyou_detail_004_kani=true&JigyosyoCd=1272401678-00&ServiceCd=150&Type=search", "url2": "http://www.ctg.or.jp/" }, "geometry": { "type": "Point", "coordinates": [ 140.184235700000045, 35.3871258 ] } },
{ "type": "Feature", "properties": { "内容": "相川リハビリデイ牛久【通所介護】千葉県市原市原田261番地", "url": "https://www.kaigokensaku.mhlw.go.jp/12/index.php?action_kouhyou_detail_004_kani=true&JigyosyoCd=1272404482-00&ServiceCd=150&Type=search", "url2": "https://aikawa-cs.com/" }, "geometry": { "type": "Point", "coordinates": [ 140.169326500000011, 35.402217599999986 ] } },
{ "type": "Feature", "properties": { "内容": "デイサービス　グリーンライフ・ネクステ【通所介護】千葉県市原市福増459-1", "url": "https://www.kaigokensaku.mhlw.go.jp/12/index.php?action_kouhyou_detail_004_kani=true&JigyosyoCd=1272403633-00&ServiceCd=150&Type=search", "url2": "https://yamanokami-fukushikai.com/" }, "geometry": { "type": "Point", "coordinates": [ 140.134794087588489, 35.471926078234354 ] } },
{ "type": "Feature", "properties": { "内容": "デイサービスセンターゆうしゅう園【通所介護】千葉県市原市天羽田下細山1500番3", "url": "https://www.kaigokensaku.mhlw.go.jp/12/index.php?action_kouhyou_detail_004_kani=true&JigyosyoCd=1272400175-00&ServiceCd=150&Type=search", "url2": "https://ss-yushuen.jimdofree.com/" }, "geometry": { "type": "Point", "coordinates": [ 140.06050075002733, 35.431899965840735 ] } },
{ "type": "Feature", "properties": { "内容": "デイ東友姉崎【通所介護】千葉県市原市姉崎591-8", "url": "https://www.kaigokensaku.mhlw.go.jp/12/index.php?action_kouhyou_detail_004_kani=true&JigyosyoCd=1272403377-00&ServiceCd=150&Type=search", "url2": "https://www.toxjapan.co.jp/" }, "geometry": { "type": "Point", "coordinates": [ 140.0456036, 35.4785376 ] } },
{ "type": "Feature", "properties": { "内容": "あい家族和楽の家【通所介護】千葉県市原市権現堂29-1", "url": "https://www.kaigokensaku.mhlw.go.jp/12/index.php?action_kouhyou_detail_004_kani=true&JigyosyoCd=1272402122-00&ServiceCd=150&Type=search", "url2": null }, "geometry": { "type": "Point", "coordinates": [ 140.108632100000023, 35.4799066 ] } },
{ "type": "Feature", "properties": { "内容": "デイサービスセンター和気あいあい【通所介護】千葉県市原市姉崎2580-1社会福祉法人地域福祉の会", "url": "https://www.kaigokensaku.mhlw.go.jp/12/index.php?action_kouhyou_detail_004_kani=true&JigyosyoCd=1272403237-00&ServiceCd=150&Type=search", "url2": "http://www.qolife.or.jp/" }, "geometry": { "type": "Point", "coordinates": [ 140.058200671163974, 35.477804568462574 ] } },
{ "type": "Feature", "properties": { "内容": "ツクイいちはら五井【通所介護】千葉県市原市五井西4-10-1", "url": "https://www.kaigokensaku.mhlw.go.jp/12/index.php?action_kouhyou_detail_004_kani=true&JigyosyoCd=1272403021-00&ServiceCd=150&Type=search", "url2": "https://www.tsukui.net/" }, "geometry": { "type": "Point", "coordinates": [ 140.071778599999988, 35.5151526 ] } },
{ "type": "Feature", "properties": { "内容": "ケアステーションちいきのわ【通所介護】千葉県市原市椎津2644-1", "url": "https://www.kaigokensaku.mhlw.go.jp/12/index.php?action_kouhyou_detail_004_kani=true&JigyosyoCd=1272403112-00&ServiceCd=150&Type=search", "url2": "https://www.chiikinowa.com" }, "geometry": { "type": "Point", "coordinates": [ 140.045129260388194, 35.444661382594539 ] } },
{ "type": "Feature", "properties": { "内容": "指定通所介護事業所春【通所介護】千葉県市原市菊間２６２番地", "url": "https://www.kaigokensaku.mhlw.go.jp/12/index.php?action_kouhyou_detail_004_kani=true&JigyosyoCd=1272402072-00&ServiceCd=150&Type=search", "url2": null }, "geometry": { "type": "Point", "coordinates": [ 140.1291794, 35.5304923 ] } },
{ "type": "Feature", "properties": { "内容": "あけぼのデイサービスセンター【通所介護】千葉県市原市宮原４９７", "url": "https://www.kaigokensaku.mhlw.go.jp/12/index.php?action_kouhyou_detail_004_kani=true&JigyosyoCd=1272401660-00&ServiceCd=150&Type=search", "url2": null }, "geometry": { "type": "Point", "coordinates": [ 140.094170108598291, 35.474953229286591 ] } },
{ "type": "Feature", "properties": { "内容": "ツクイいちはら姉ヶ崎【通所介護】千葉県市原市姉崎西2-3-8", "url": "https://www.kaigokensaku.mhlw.go.jp/12/index.php?action_kouhyou_detail_004_kani=true&JigyosyoCd=1272404011-00&ServiceCd=150&Type=search", "url2": "https://www.tsukui.net/" }, "geometry": { "type": "Point", "coordinates": [ 140.040304600000013, 35.4788678 ] } },
{ "type": "Feature", "properties": { "内容": "ヤックスデイサービスセンター姉崎【通所介護】千葉県市原市姉崎2101　ヤックスドラッグ姉崎店内", "url": "https://www.kaigokensaku.mhlw.go.jp/12/index.php?action_kouhyou_detail_004_kani=true&JigyosyoCd=1272402205-00&ServiceCd=150&Type=search", "url2": "https://care-yacs.co.jp/" }, "geometry": { "type": "Point", "coordinates": [ 140.043479899999966, 35.4709067 ] } },
{ "type": "Feature", "properties": { "内容": "日夕苑デイサービスセンター【通所介護】千葉県市原市柏原２７１－１", "url": "https://www.kaigokensaku.mhlw.go.jp/12/index.php?action_kouhyou_detail_004_kani=true&JigyosyoCd=1272400373-00&ServiceCd=150&Type=search", "url2": "http://www.nissekien.or.jp" }, "geometry": { "type": "Point", "coordinates": [ 140.064241300000049, 35.485702 ] } },
{ "type": "Feature", "properties": { "内容": "イリーゼ市原デイサービスセンター【通所介護】千葉県市原市市原408-5", "url": "https://www.kaigokensaku.mhlw.go.jp/12/index.php?action_kouhyou_detail_004_kani=true&JigyosyoCd=1272405018-00&ServiceCd=150&Type=search", "url2": "https://www.hitowa.com/" }, "geometry": { "type": "Point", "coordinates": [ 140.123731, 35.5250677 ] } },
{ "type": "Feature", "properties": { "内容": "デイサービス友乃家君塚【通所介護】千葉県市原市君塚4-4-8", "url": "https://www.kaigokensaku.mhlw.go.jp/12/index.php?action_kouhyou_detail_004_kani=true&JigyosyoCd=1272404094-00&ServiceCd=150&Type=search", "url2": "https://tomonoiechiba.com/" }, "geometry": { "type": "Point", "coordinates": [ 140.1041654, 35.5254397 ] } },
{ "type": "Feature", "properties": { "内容": "ケアパートナー流山【通所介護】千葉県流山市市野谷３５５－２ヴェルジール市野谷", "url": "https://www.kaigokensaku.mhlw.go.jp/12/index.php?action_kouhyou_detail_004_kani=true&JigyosyoCd=1272502350-00&ServiceCd=150&Type=search", "url2": "http://www.care-partner.com/" }, "geometry": { "type": "Point", "coordinates": [ 139.918400006190495, 35.862285521564083 ] } },
{ "type": "Feature", "properties": { "内容": "リハプライド流山【通所介護】千葉県流山市西初石4-1423-11", "url": "https://www.kaigokensaku.mhlw.go.jp/12/index.php?action_kouhyou_detail_004_kani=true&JigyosyoCd=1272502830-00&ServiceCd=150&Type=search", "url2": "https://www.rehapride.co.jp/nagareyama/" }, "geometry": { "type": "Point", "coordinates": [ 139.91656320000007, 35.8780611 ] } },
{ "type": "Feature", "properties": { "内容": "あずみ苑駒木台【通所介護】千葉県流山市駒木台107-1", "url": "https://www.kaigokensaku.mhlw.go.jp/12/index.php?action_kouhyou_detail_004_kani=true&JigyosyoCd=1272503358-00&ServiceCd=150&Type=search", "url2": "https://www.azumien.jp/search/komakidai/" }, "geometry": { "type": "Point", "coordinates": [ 139.930322499999988, 35.8872019 ] } },
{ "type": "Feature", "properties": { "内容": "ツクイ流山おおたかの森【通所介護】千葉県流山市おおたかの森西四丁目18番地の13", "url": "https://www.kaigokensaku.mhlw.go.jp/12/index.php?action_kouhyou_detail_004_kani=true&JigyosyoCd=1272501998-00&ServiceCd=150&Type=search", "url2": "https://www.tsukui.net/" }, "geometry": { "type": "Point", "coordinates": [ 139.91833249391911, 35.876616949552165 ] } },
{ "type": "Feature", "properties": { "内容": "デイサービスセンター　エクラシア流山おおたかの森【通所介護】千葉県流山市おおたかの森東4-44-2エクラシア流山おおたかの森", "url": "https://www.kaigokensaku.mhlw.go.jp/12/index.php?action_kouhyou_detail_004_kani=true&JigyosyoCd=1272503572-00&ServiceCd=150&Type=search", "url2": "https://www.welloff.co.jp/" }, "geometry": { "type": "Point", "coordinates": [ 139.934139829318269, 35.87448491370143 ] } },
{ "type": "Feature", "properties": { "内容": "デイサービスセンターほのぼの館はなみずき【通所介護】千葉県流山市大畔534番地", "url": "https://www.kaigokensaku.mhlw.go.jp/12/index.php?action_kouhyou_detail_004_kani=true&JigyosyoCd=1272501105-00&ServiceCd=150&Type=search", "url2": "http://www.honobono-k.jp/" }, "geometry": { "type": "Point", "coordinates": [ 139.914928, 35.873582 ] } },
{ "type": "Feature", "properties": { "内容": "デイホーム　さくらの家【通所介護】千葉県流山市鰭ヶ崎13111階", "url": "https://www.kaigokensaku.mhlw.go.jp/12/index.php?action_kouhyou_detail_004_kani=true&JigyosyoCd=1272503259-00&ServiceCd=150&Type=search", "url2": "https://kankeisha.jp/" }, "geometry": { "type": "Point", "coordinates": [ 139.910203700000011, 35.8400382 ] } },
{ "type": "Feature", "properties": { "内容": "リバーパレス流山デイサービスセンター【通所介護】千葉県流山市西深井１４２", "url": "https://www.kaigokensaku.mhlw.go.jp/12/index.php?action_kouhyou_detail_004_kani=true&JigyosyoCd=1272500347-00&ServiceCd=150&Type=search", "url2": "http://kyokuyukai.or.jp/publics/index/57/" }, "geometry": { "type": "Point", "coordinates": [ 139.893473299999982, 35.9075843 ] } },
{ "type": "Feature", "properties": { "内容": "健康倶楽部江戸川台デイサービスセンター【通所介護】千葉県流山市美原4-198", "url": "https://www.kaigokensaku.mhlw.go.jp/12/index.php?action_kouhyou_detail_004_kani=true&JigyosyoCd=1272501402-00&ServiceCd=150&Type=search", "url2": "https://camellia-kai.com/" }, "geometry": { "type": "Point", "coordinates": [ 139.9052309, 35.8999606 ] } },
{ "type": "Feature", "properties": { "内容": "流山ケアセンターそよ風【通所介護】千葉県流山市加三丁目１番9", "url": "https://www.kaigokensaku.mhlw.go.jp/12/index.php?action_kouhyou_detail_004_kani=true&JigyosyoCd=1272501949-00&ServiceCd=150&Type=search", "url2": null }, "geometry": { "type": "Point", "coordinates": [ 139.907571630314123, 35.859991030087031 ] } },
{ "type": "Feature", "properties": { "内容": "トレーニングケア　M【通所介護】千葉県流山市三輪野山二丁目335-8", "url": "https://www.kaigokensaku.mhlw.go.jp/12/index.php?action_kouhyou_detail_004_kani=true&JigyosyoCd=1272503127-00&ServiceCd=150&Type=search", "url2": "https://www.miwatore-m0910.jp/" }, "geometry": { "type": "Point", "coordinates": [ 139.9089727, 35.8625335 ] } },
{ "type": "Feature", "properties": { "内容": "楽楽館パワリハスタジオ【通所介護】千葉県流山市南流山1-24-6菅生レジデンス", "url": "https://www.kaigokensaku.mhlw.go.jp/12/index.php?action_kouhyou_detail_004_kani=true&JigyosyoCd=1272501915-00&ServiceCd=150&Type=search", "url2": "http://rakuraku-kan.com/" }, "geometry": { "type": "Point", "coordinates": [ 139.9099046, 35.836721 ] } },
{ "type": "Feature", "properties": { "内容": "大樹デイサービス流山【通所介護】千葉県流山市南流山２丁目２５番地５号", "url": "https://www.kaigokensaku.mhlw.go.jp/12/index.php?action_kouhyou_detail_004_kani=true&JigyosyoCd=1272502657-00&ServiceCd=150&Type=search", "url2": "https://www.taiju-ds.co.jp/" }, "geometry": { "type": "Point", "coordinates": [ 139.900598806809626, 35.835948810016049 ] } },
{ "type": "Feature", "properties": { "内容": "ニチイケアセンター流山北【通所介護】千葉県流山市東初石4-187-19", "url": "https://www.kaigokensaku.mhlw.go.jp/12/index.php?action_kouhyou_detail_004_kani=true&JigyosyoCd=1272500214-00&ServiceCd=150&Type=search", "url2": "https://www.nichiigakkan.co.jp/" }, "geometry": { "type": "Point", "coordinates": [ 139.923480241139288, 35.884093462708165 ] } },
{ "type": "Feature", "properties": { "内容": "デイサービス　シルバーカレッジ流山校【通所介護】千葉県流山市平和台4-294-1", "url": "https://www.kaigokensaku.mhlw.go.jp/12/index.php?action_kouhyou_detail_004_kani=true&JigyosyoCd=1272501683-00&ServiceCd=150&Type=search", "url2": "https://www.clover-commu.com/" }, "geometry": { "type": "Point", "coordinates": [ 139.905920499999979, 35.8513399 ] } },
{ "type": "Feature", "properties": { "内容": "デイサービスセンターこまぎ安心館【通所介護】千葉県流山市駒木649番地の3", "url": "https://www.kaigokensaku.mhlw.go.jp/12/index.php?action_kouhyou_detail_004_kani=true&JigyosyoCd=1272501527-00&ServiceCd=150&Type=search", "url2": "https://tensenkai.jp/komagi_anshinkan/" }, "geometry": { "type": "Point", "coordinates": [ 139.9345035, 35.8852971 ] } },
{ "type": "Feature", "properties": { "内容": "秋桜ヴィレッジ初石デイサービスセンター【通所介護】千葉県流山市東初石3-139-1秋桜ヴィレッジ初石", "url": "https://www.kaigokensaku.mhlw.go.jp/12/index.php?action_kouhyou_detail_004_kani=true&JigyosyoCd=1272502327-00&ServiceCd=150&Type=search", "url2": "https://www.mother-like.co.jp/" }, "geometry": { "type": "Point", "coordinates": [ 139.924940699999979, 35.8826916 ] } },
{ "type": "Feature", "properties": { "内容": "体を動かすデイ「匠」江戸川台【通所介護】千葉県流山市江戸川台東2-259", "url": "https://www.kaigokensaku.mhlw.go.jp/12/index.php?action_kouhyou_detail_004_kani=true&JigyosyoCd=1272502376-00&ServiceCd=150&Type=search", "url2": "https://www.takumi-care.com/" }, "geometry": { "type": "Point", "coordinates": [ 139.910972, 35.900366 ] } },
{ "type": "Feature", "properties": { "内容": "ニチイライフケア松ケ丘公園デイサービスセンター【通所介護】千葉県流山市松ヶ丘4-496-1ニチイメゾン松ケ丘公園", "url": "https://www.kaigokensaku.mhlw.go.jp/12/index.php?action_kouhyou_detail_004_kani=true&JigyosyoCd=1272503622-00&ServiceCd=150&Type=search", "url2": "https://www.nichii-carepalace.co.jp" }, "geometry": { "type": "Point", "coordinates": [ 139.9029533, 35.8563392 ] } },
{ "type": "Feature", "properties": { "内容": "デイサービスセンター春の苑【通所介護】千葉県流山市東深井５２０－１", "url": "https://www.kaigokensaku.mhlw.go.jp/12/index.php?action_kouhyou_detail_004_kani=true&JigyosyoCd=1272501147-00&ServiceCd=150&Type=search", "url2": "https://www.akagimanyo.com/" }, "geometry": { "type": "Point", "coordinates": [ 139.91305710000006, 35.9158473 ] } },
{ "type": "Feature", "properties": { "内容": "楽楽館第２パワリハスタジオ【通所介護】千葉県流山市駒木台205-4", "url": "https://www.kaigokensaku.mhlw.go.jp/12/index.php?action_kouhyou_detail_004_kani=true&JigyosyoCd=1272503085-00&ServiceCd=150&Type=search", "url2": "http://rakuraku-kan.com/" }, "geometry": { "type": "Point", "coordinates": [ 139.9337994, 35.8873052 ] } },
{ "type": "Feature", "properties": { "内容": "デイサービス和楽久流山【通所介護】千葉県流山市西深井593-1和楽久流山", "url": "https://www.kaigokensaku.mhlw.go.jp/12/index.php?action_kouhyou_detail_004_kani=true&JigyosyoCd=1272502483-00&ServiceCd=150&Type=search", "url2": null }, "geometry": { "type": "Point", "coordinates": [ 139.903307199999972, 35.9099931 ] } },
{ "type": "Feature", "properties": { "内容": "生活クラブ風の村デイサービスセンター流山【通所介護】千葉県流山市東深井20-29", "url": "https://www.kaigokensaku.mhlw.go.jp/12/index.php?action_kouhyou_detail_004_kani=true&JigyosyoCd=1272502095-00&ServiceCd=150&Type=search", "url2": "https://kazenomura.jp/" }, "geometry": { "type": "Point", "coordinates": [ 139.902761400000031, 35.9059263 ] } },
{ "type": "Feature", "properties": { "内容": "流山市デイサービスセンター【通所介護】千葉県流山市平和台２丁目１番地の２", "url": "https://www.kaigokensaku.mhlw.go.jp/12/index.php?action_kouhyou_detail_004_kani=true&JigyosyoCd=1272500487-00&ServiceCd=150&Type=search", "url2": "https://www.nagareyamashakyo.com/" }, "geometry": { "type": "Point", "coordinates": [ 139.9032102, 35.8548793 ] } },
{ "type": "Feature", "properties": { "内容": "マザアスデイサービスセンター【通所介護】千葉県流山市向小金2-432マザアスケアセンター南柏", "url": "https://www.kaigokensaku.mhlw.go.jp/12/index.php?action_kouhyou_detail_004_kani=true&JigyosyoCd=1272501907-00&ServiceCd=150&Type=search", "url2": "https://motherth.com/" }, "geometry": { "type": "Point", "coordinates": [ 139.950848819357361, 35.841739999405 ] } },
{ "type": "Feature", "properties": { "内容": "ご長寿くらぶ流山おおたかの森デイサービスセンター【通所介護】千葉県流山市おおたかの森東4-35-6ご長寿くらぶ　流山おおたかの森", "url": "https://www.kaigokensaku.mhlw.go.jp/12/index.php?action_kouhyou_detail_004_kani=true&JigyosyoCd=1272502772-00&ServiceCd=150&Type=search", "url2": "http://gotyoujyuclub.com/" }, "geometry": { "type": "Point", "coordinates": [ 139.933432450540181, 35.872744533443822 ] } },
{ "type": "Feature", "properties": { "内容": "ご長寿くらぶ流山・木デイサービスセンター【通所介護】千葉県流山市木一丁目２５番地の１", "url": "https://www.kaigokensaku.mhlw.go.jp/12/index.php?action_kouhyou_detail_004_kani=true&JigyosyoCd=1272502780-00&ServiceCd=150&Type=search", "url2": "http://gotyoujyuclub.com/" }, "geometry": { "type": "Point", "coordinates": [ 139.894030850926214, 35.834549538930645 ] } },
{ "type": "Feature", "properties": { "内容": "アースサポート南流山【通所介護】千葉県流山市南流山10丁目22番地の12", "url": "https://www.kaigokensaku.mhlw.go.jp/12/index.php?action_kouhyou_detail_004_kani=true&JigyosyoCd=1272502962-00&ServiceCd=150&Type=search", "url2": "https://www.earthsupport.co.jp/" }, "geometry": { "type": "Point", "coordinates": [ 139.900661099999979, 35.8320854 ] } },
{ "type": "Feature", "properties": { "内容": "デイサービス　ソラスト流山【通所介護】千葉県流山市名都借1068－8", "url": "https://www.kaigokensaku.mhlw.go.jp/12/index.php?action_kouhyou_detail_004_kani=true&JigyosyoCd=1272502558-00&ServiceCd=150&Type=search", "url2": "https://www.solasto.co.jp/" }, "geometry": { "type": "Point", "coordinates": [ 139.940723700000035, 35.8467149 ] } },
{ "type": "Feature", "properties": { "内容": "エスケアステーション流山デイサービス【通所介護】千葉県流山市おおたかの森北三丁目8番地の11", "url": "https://www.kaigokensaku.mhlw.go.jp/12/index.php?action_kouhyou_detail_004_kani=true&JigyosyoCd=1272501972-00&ServiceCd=150&Type=search", "url2": "https://www.s-caremate.co.jp/" }, "geometry": { "type": "Point", "coordinates": [ 139.927809900000085, 35.881064200000012 ] } },
{ "type": "Feature", "properties": { "内容": "ほんわ花デイ　千葉流山【通所介護】千葉県流山市松ヶ丘2-330-110正栄ビル", "url": "https://www.kaigokensaku.mhlw.go.jp/12/index.php?action_kouhyou_detail_004_kani=true&JigyosyoCd=1272503549-00&ServiceCd=150&Type=search", "url2": "https://si1208.com/" }, "geometry": { "type": "Point", "coordinates": [ 139.902953300000036, 35.8563392 ] } },
{ "type": "Feature", "properties": { "内容": "デイサービスセンターあざみ苑【通所介護】千葉県流山市野々下2丁目488番地5", "url": "https://www.kaigokensaku.mhlw.go.jp/12/index.php?action_kouhyou_detail_004_kani=true&JigyosyoCd=1272500198-00&ServiceCd=150&Type=search", "url2": null }, "geometry": { "type": "Point", "coordinates": [ 139.932463, 35.8586487 ] } },
{ "type": "Feature", "properties": { "内容": "デイサービスセンターはまなす苑【通所介護】千葉県流山市こうのす台269番地1", "url": "https://www.kaigokensaku.mhlw.go.jp/12/index.php?action_kouhyou_detail_004_kani=true&JigyosyoCd=1272500990-00&ServiceCd=150&Type=search", "url2": "http://www.nagareyamaakebonokai.or.jp/hamanasuen/top.html" }, "geometry": { "type": "Point", "coordinates": [ 139.919179200000031, 35.9090482 ] } },
{ "type": "Feature", "properties": { "内容": "デイサービス美晴らしの里【通所介護】千葉県流山市名都借1126", "url": "https://www.kaigokensaku.mhlw.go.jp/12/index.php?action_kouhyou_detail_004_kani=true&JigyosyoCd=1272503275-00&ServiceCd=150&Type=search", "url2": "https://www.miharashinosato.jp/" }, "geometry": { "type": "Point", "coordinates": [ 139.942977899999988, 35.8505269 ] } },
{ "type": "Feature", "properties": { "内容": "デイサービスセンターでいご【通所介護】千葉県流山市こうのす台634番地1", "url": "https://www.kaigokensaku.mhlw.go.jp/12/index.php?action_kouhyou_detail_004_kani=true&JigyosyoCd=1272502475-00&ServiceCd=150&Type=search", "url2": "http://www.nagareyamaakebonokai.or.jp/deigo/top.html" }, "geometry": { "type": "Point", "coordinates": [ 139.918968328619684, 35.909859967241317 ] } },
{ "type": "Feature", "properties": { "内容": "リハプライド江戸川台【通所介護】千葉県流山市江戸川台東3-623-33江戸川台東クリニックモール1F-B", "url": "https://www.kaigokensaku.mhlw.go.jp/12/index.php?action_kouhyou_detail_004_kani=true&JigyosyoCd=1272503663-00&ServiceCd=150&Type=search", "url2": "https://www.rehapride.co.jp/edogawadai/" }, "geometry": { "type": "Point", "coordinates": [ 139.917588200000012, 35.9020117 ] } },
{ "type": "Feature", "properties": { "内容": "デイサービスたいよう【通所介護】千葉県流山市青田52-1", "url": "https://www.kaigokensaku.mhlw.go.jp/12/index.php?action_kouhyou_detail_004_kani=true&JigyosyoCd=1272500792-00&ServiceCd=150&Type=search", "url2": "https://www.respect-nagareyama.com/" }, "geometry": { "type": "Point", "coordinates": [ 139.923490300000026, 35.8988581 ] } },
{ "type": "Feature", "properties": { "内容": "ブルーミングケア千葉流山【通所介護】千葉県流山市市野谷401－1ブルーミングケア千葉流山", "url": "https://www.kaigokensaku.mhlw.go.jp/12/index.php?action_kouhyou_detail_004_kani=true&JigyosyoCd=1272503598-00&ServiceCd=150&Type=search", "url2": null }, "geometry": { "type": "Point", "coordinates": [ 139.917311500000011, 35.8606043 ] } },
{ "type": "Feature", "properties": { "内容": "ういずユーデイサービス一歩【通所介護】千葉県八千代市村上2811-1", "url": "https://www.kaigokensaku.mhlw.go.jp/12/index.php?action_kouhyou_detail_004_kani=true&JigyosyoCd=1272602879-00&ServiceCd=150&Type=search", "url2": "http://withyou-care.co.jp/m_yasuragi/index.html" }, "geometry": { "type": "Point", "coordinates": [ 140.115175300000033, 35.7285598 ] } },
{ "type": "Feature", "properties": { "内容": "デイサービスセンターエクラシア八千代高津【通所介護】千葉県八千代市高津１５１８－２エクラシア八千代高津", "url": "https://www.kaigokensaku.mhlw.go.jp/12/index.php?action_kouhyou_detail_004_kani=true&JigyosyoCd=1272603885-00&ServiceCd=150&Type=search", "url2": "http://www.eclasia.co.jp/" }, "geometry": { "type": "Point", "coordinates": [ 140.0857928, 35.7156741 ] } },
{ "type": "Feature", "properties": { "内容": "デイサービス愛敬【通所介護】千葉県八千代市米本２２０７－８", "url": "https://www.kaigokensaku.mhlw.go.jp/12/index.php?action_kouhyou_detail_004_kani=true&JigyosyoCd=1272601764-00&ServiceCd=150&Type=search", "url2": "http://aikeico.jp/" }, "geometry": { "type": "Point", "coordinates": [ 140.114781059385649, 35.755522700227118 ] } },
{ "type": "Feature", "properties": { "内容": "デイサービス・元気庵新川店本館【通所介護】千葉県八千代市萱田1787", "url": "https://www.kaigokensaku.mhlw.go.jp/12/index.php?action_kouhyou_detail_004_kani=true&JigyosyoCd=1272603398-00&ServiceCd=150&Type=search", "url2": "https://www.genki-gh.co.jp/" }, "geometry": { "type": "Point", "coordinates": [ 140.1104105, 35.7277073 ] } },
{ "type": "Feature", "properties": { "内容": "八千代ケアコミュニティそよ風【通所介護】千葉県八千代市大和田新田917-6", "url": "https://www.kaigokensaku.mhlw.go.jp/12/index.php?action_kouhyou_detail_004_kani=true&JigyosyoCd=1272602309-00&ServiceCd=150&Type=search", "url2": "https://www.sykz.co.jp/" }, "geometry": { "type": "Point", "coordinates": [ 140.083410299999969, 35.7253094 ] } },
{ "type": "Feature", "properties": { "内容": "ベルグランデ通所介護事業所【通所介護】千葉県八千代市緑が丘１－３－２グレースコート八千代緑ヶ丘", "url": "https://www.kaigokensaku.mhlw.go.jp/12/index.php?action_kouhyou_detail_004_kani=true&JigyosyoCd=1272601632-00&ServiceCd=150&Type=search", "url2": "http://www.gracecourt.co.jp" }, "geometry": { "type": "Point", "coordinates": [ 140.075180199999977, 35.7307863 ] } },
{ "type": "Feature", "properties": { "内容": "リハビリデイ大和田【通所介護】千葉県八千代市大和田130-2", "url": "https://www.kaigokensaku.mhlw.go.jp/12/index.php?action_kouhyou_detail_004_kani=true&JigyosyoCd=1272603695-00&ServiceCd=150&Type=search", "url2": "https://ds-ikoi.net/" }, "geometry": { "type": "Point", "coordinates": [ 140.1049485, 35.717399 ] } },
{ "type": "Feature", "properties": { "内容": "ツクイ八千代大和田【通所介護】千葉県八千代市大和田1024-1エスポワール1階", "url": "https://www.kaigokensaku.mhlw.go.jp/12/index.php?action_kouhyou_detail_004_kani=true&JigyosyoCd=1272603224-00&ServiceCd=150&Type=search", "url2": "https://www.tsukui.net/home-care/2724/" }, "geometry": { "type": "Point", "coordinates": [ 140.1091073, 35.7117767 ] } },
{ "type": "Feature", "properties": { "内容": "リハビリデイサービス　のどか【通所介護】千葉県八千代市大和田新田138-6", "url": "https://www.kaigokensaku.mhlw.go.jp/12/index.php?action_kouhyou_detail_004_kani=true&JigyosyoCd=1272603950-00&ServiceCd=150&Type=search", "url2": null }, "geometry": { "type": "Point", "coordinates": [ 140.089118900000017, 35.72317480000001 ] } },
{ "type": "Feature", "properties": { "内容": "勝田台デイサービスセンター【通所介護】千葉県八千代市勝田753-2", "url": "https://www.kaigokensaku.mhlw.go.jp/12/index.php?action_kouhyou_detail_004_kani=true&JigyosyoCd=1272600451-00&ServiceCd=150&Type=search", "url2": "http://www.katsutadai.or.jp" }, "geometry": { "type": "Point", "coordinates": [ 140.126331599999958, 35.7057816 ] } },
{ "type": "Feature", "properties": { "内容": "ニチイライフケア八千代緑が丘デイサービスセンター【通所介護】千葉県八千代市緑ヶ丘西7-8-1", "url": "https://www.kaigokensaku.mhlw.go.jp/12/index.php?action_kouhyou_detail_004_kani=true&JigyosyoCd=1272604024-00&ServiceCd=150&Type=search", "url2": "https://www.nichii-carepalace.co.jp/" }, "geometry": { "type": "Point", "coordinates": [ 140.0703318, 35.7404393 ] } },
{ "type": "Feature", "properties": { "内容": "愛生苑デイサービスかがやき【通所介護】千葉県八千代市大和田新田３４６－１", "url": "https://www.kaigokensaku.mhlw.go.jp/12/index.php?action_kouhyou_detail_004_kani=true&JigyosyoCd=1272600907-00&ServiceCd=150&Type=search", "url2": "http://www.aiseien.or.jp" }, "geometry": { "type": "Point", "coordinates": [ 140.098241899999948, 35.7246709 ] } },
{ "type": "Feature", "properties": { "内容": "デイサービスセンター　はなみずき【通所介護】千葉県八千代市島田台９９８－４", "url": "https://www.kaigokensaku.mhlw.go.jp/12/index.php?action_kouhyou_detail_004_kani=true&JigyosyoCd=1272600162-00&ServiceCd=150&Type=search", "url2": "http://seimeikai-hanamizuki.com/" }, "geometry": { "type": "Point", "coordinates": [ 140.0980151, 35.7702923 ] } },
{ "type": "Feature", "properties": { "内容": "勝田台ケアセンターそよ風【通所介護】千葉県八千代市下市場1-14-17", "url": "https://www.kaigokensaku.mhlw.go.jp/12/index.php?action_kouhyou_detail_004_kani=true&JigyosyoCd=1272601772-00&ServiceCd=150&Type=search", "url2": "http://www.sykz.co.jp" }, "geometry": { "type": "Point", "coordinates": [ 140.117475900000045, 35.7180608 ] } },
{ "type": "Feature", "properties": { "内容": "コープみらい高津第１デイサービスセンター【通所介護】千葉県八千代市大和田新田15-1-18　１F", "url": "https://www.kaigokensaku.mhlw.go.jp/12/index.php?action_kouhyou_detail_004_kani=true&JigyosyoCd=1272602234-00&ServiceCd=150&Type=search", "url2": "http://mirai.coopnet.or.jp/service/welfare/" }, "geometry": { "type": "Point", "coordinates": [ 140.078040212177513, 35.72043657424603 ] } },
{ "type": "Feature", "properties": { "内容": "あずみ苑勝田台【通所介護】千葉県八千代市下市場1-6-37", "url": "https://www.kaigokensaku.mhlw.go.jp/12/index.php?action_kouhyou_detail_004_kani=true&JigyosyoCd=1272602770-00&ServiceCd=150&Type=search", "url2": "http://www.azumien.jp/search/katsutadai/" }, "geometry": { "type": "Point", "coordinates": [ 140.118967500000053, 35.7163527 ] } },
{ "type": "Feature", "properties": { "内容": "ういず・ユー村上ホープリビングデイサービス【通所介護】千葉県八千代市村上南1-1-13パルファミールビル1階", "url": "https://www.kaigokensaku.mhlw.go.jp/12/index.php?action_kouhyou_detail_004_kani=true&JigyosyoCd=1272601939-00&ServiceCd=150&Type=search", "url2": "http://www.withyou-care.co.jp" }, "geometry": { "type": "Point", "coordinates": [ 140.120636099999956, 35.7230521 ] } },
{ "type": "Feature", "properties": { "内容": "あおぞらの里八千代デイサービスセンター【通所介護】千葉県八千代市高津699-1", "url": "https://www.kaigokensaku.mhlw.go.jp/12/index.php?action_kouhyou_detail_004_kani=true&JigyosyoCd=1272600469-00&ServiceCd=150&Type=search", "url2": "https://www.cedar-group.co.jp/" }, "geometry": { "type": "Point", "coordinates": [ 140.084519, 35.7178909 ] } },
{ "type": "Feature", "properties": { "内容": "美香苑デイサービスセンター【通所介護】千葉県八千代市村上６４１特別養護老人ホーム美香苑", "url": "https://www.kaigokensaku.mhlw.go.jp/12/index.php?action_kouhyou_detail_004_kani=true&JigyosyoCd=1272600196-00&ServiceCd=150&Type=search", "url2": "https://www.bikou.net/" }, "geometry": { "type": "Point", "coordinates": [ 140.119379, 35.7426503 ] } },
{ "type": "Feature", "properties": { "内容": "デイサービスセンターケアサポートやちよ【通所介護】千葉県八千代市大和田新田926-2", "url": "https://www.kaigokensaku.mhlw.go.jp/12/index.php?action_kouhyou_detail_004_kani=true&JigyosyoCd=1272602416-00&ServiceCd=150&Type=search", "url2": "http://www.care-support.biz" }, "geometry": { "type": "Point", "coordinates": [ 140.080761371688823, 35.724407275615235 ] } },
{ "type": "Feature", "properties": { "内容": "ニチイケアセンター　八千代緑が丘【通所介護】千葉県八千代市大和田新田66-7", "url": "https://www.kaigokensaku.mhlw.go.jp/12/index.php?action_kouhyou_detail_004_kani=true&JigyosyoCd=1272600600-00&ServiceCd=150&Type=search", "url2": "http://www.nichiigakkan.co.jp" }, "geometry": { "type": "Point", "coordinates": [ 140.072000500000058, 35.7213373 ] } },
{ "type": "Feature", "properties": { "内容": "リアンデイサービスやちよ【通所介護】千葉県八千代市八千代台北5-3-17", "url": "https://www.kaigokensaku.mhlw.go.jp/12/index.php?action_kouhyou_detail_004_kani=true&JigyosyoCd=1272602655-00&ServiceCd=150&Type=search", "url2": "https://lien-care.com/" }, "geometry": { "type": "Point", "coordinates": [ 140.090039725964289, 35.70463878820474 ] } },
{ "type": "Feature", "properties": { "内容": "リハビリスタジオてぃーだ八千代高津【通所介護】千葉県八千代市大和田新田60-6てぃだまちベース", "url": "https://www.kaigokensaku.mhlw.go.jp/12/index.php?action_kouhyou_detail_004_kani=true&JigyosyoCd=1272603091-00&ServiceCd=150&Type=search", "url2": "https://www.tida-ds.com/branch/tidayachiyo/" }, "geometry": { "type": "Point", "coordinates": [ 140.075440914120918, 35.720762670142669 ] } },
{ "type": "Feature", "properties": { "内容": "52間の縁側のいしいさん家【通所介護】千葉県八千代市米本1318-1", "url": "https://www.kaigokensaku.mhlw.go.jp/12/index.php?action_kouhyou_detail_004_kani=true&JigyosyoCd=1272603547-00&ServiceCd=150&Type=search", "url2": "https://www.ishiisanchi.com/" }, "geometry": { "type": "Point", "coordinates": [ 140.1163752, 35.7566479 ] } },
{ "type": "Feature", "properties": { "内容": "デイサービス「レビーやちよ」【通所介護】千葉県八千代市大和田新田408-12", "url": "https://www.kaigokensaku.mhlw.go.jp/12/index.php?action_kouhyou_detail_004_kani=true&JigyosyoCd=1272601426-00&ServiceCd=150&Type=search", "url2": "http://www.levee-care.co.jp" }, "geometry": { "type": "Point", "coordinates": [ 140.092078799999967, 35.7251263 ] } },
{ "type": "Feature", "properties": { "内容": "グリーンヒル指定通所介護【通所介護】千葉県八千代市上高野2058－5", "url": "https://www.kaigokensaku.mhlw.go.jp/12/index.php?action_kouhyou_detail_004_kani=true&JigyosyoCd=1272600121-00&ServiceCd=150&Type=search", "url2": "http://www.greenhill.or.jp" }, "geometry": { "type": "Point", "coordinates": [ 140.127306399999952, 35.7372204 ] } },
{ "type": "Feature", "properties": { "内容": "デイサービス楽笑村上【通所介護】千葉県八千代市村上1113-1村上団地2-8-101", "url": "https://www.kaigokensaku.mhlw.go.jp/12/index.php?action_kouhyou_detail_004_kani=true&JigyosyoCd=1272604008-00&ServiceCd=150&Type=search", "url2": null }, "geometry": { "type": "Point", "coordinates": [ 140.122419762565613, 35.728794617507695 ] } },
{ "type": "Feature", "properties": { "内容": "リハプライド　八千代中央【通所介護】千葉県八千代市大和田新田510-2プログレス花通B1", "url": "https://www.kaigokensaku.mhlw.go.jp/12/index.php?action_kouhyou_detail_004_kani=true&JigyosyoCd=1272602200-00&ServiceCd=150&Type=search", "url2": "https://www.rehapride.co.jp/yachiyochuo/" }, "geometry": { "type": "Point", "coordinates": [ 140.098249900000042, 35.7293843 ] } },
{ "type": "Feature", "properties": { "内容": "八千代フィットネスデイサービス【通所介護】千葉県八千代市上高野１７３０－１", "url": "https://www.kaigokensaku.mhlw.go.jp/12/index.php?action_kouhyou_detail_004_kani=true&JigyosyoCd=1272600675-00&ServiceCd=150&Type=search", "url2": "http://www.yachiyofitnessdeisa-bisu.com" }, "geometry": { "type": "Point", "coordinates": [ 140.1275455, 35.7347318 ] } },
{ "type": "Feature", "properties": { "内容": "癒しのデイサービス八千代台【通所介護】千葉県八千代市八千代台西９－１４－２", "url": "https://www.kaigokensaku.mhlw.go.jp/12/index.php?action_kouhyou_detail_004_kani=true&JigyosyoCd=1272601475-00&ServiceCd=150&Type=search", "url2": "https://www.riei.co.jp/" }, "geometry": { "type": "Point", "coordinates": [ 140.082603299999988, 35.6950363 ] } },
{ "type": "Feature", "properties": { "内容": "ういず・ユーデイサービス　リハリバイブ緑が丘【通所介護】千葉県八千代市緑が丘西7-4-3", "url": "https://www.kaigokensaku.mhlw.go.jp/12/index.php?action_kouhyou_detail_004_kani=true&JigyosyoCd=1272603265-00&ServiceCd=150&Type=search", "url2": "http://withyou-care.co.jp/y_midori/index.html#id03" }, "geometry": { "type": "Point", "coordinates": [ 140.0745413, 35.7416828 ] } },
{ "type": "Feature", "properties": { "内容": "デイサービス　ココファン八千代緑が丘【通所介護】千葉県八千代市緑が丘2-7-11ココファン八千代緑が丘", "url": "https://www.kaigokensaku.mhlw.go.jp/12/index.php?action_kouhyou_detail_004_kani=true&JigyosyoCd=1272603174-00&ServiceCd=150&Type=search", "url2": "https://www.cocofump.co.jp/" }, "geometry": { "type": "Point", "coordinates": [ 140.0703479, 35.7246885 ] } },
{ "type": "Feature", "properties": { "内容": "元気サロン・保品【通所介護】千葉県八千代市保品１９１５－２０", "url": "https://www.kaigokensaku.mhlw.go.jp/12/index.php?action_kouhyou_detail_004_kani=true&JigyosyoCd=1272604065-00&ServiceCd=150&Type=search", "url2": null }, "geometry": { "type": "Point", "coordinates": [ 140.127511381614653, 35.759308824910342 ] } },
{ "type": "Feature", "properties": { "内容": "デイサービスラスベガス八千代【通所介護】千葉県八千代市緑が丘西2-13-3ｉｓｍ緑が丘3階", "url": "https://www.kaigokensaku.mhlw.go.jp/12/index.php?action_kouhyou_detail_004_kani=true&JigyosyoCd=1272603646-00&ServiceCd=150&Type=search", "url2": null }, "geometry": { "type": "Point", "coordinates": [ 140.0728487, 35.7334928 ] } },
{ "type": "Feature", "properties": { "内容": "イリーゼ八千代台デイサービスセンター【通所介護】千葉県八千代市八千代台北4-18-14", "url": "https://www.kaigokensaku.mhlw.go.jp/12/index.php?action_kouhyou_detail_004_kani=true&JigyosyoCd=1272604115-00&ServiceCd=150&Type=search", "url2": "https://www.hitowa.com/healthcare/" }, "geometry": { "type": "Point", "coordinates": [ 140.0938899, 35.7059509 ] } },
{ "type": "Feature", "properties": { "内容": "ケアパートナー八千代台【通所介護】千葉県八千代市八千代台南３－２－３０", "url": "https://www.kaigokensaku.mhlw.go.jp/12/index.php?action_kouhyou_detail_004_kani=true&JigyosyoCd=1272601277-00&ServiceCd=150&Type=search", "url2": "http://www.care-partner.com" }, "geometry": { "type": "Point", "coordinates": [ 140.088172500000042, 35.697285 ] } },
{ "type": "Feature", "properties": { "内容": "あずみ苑我孫子【通所介護】千葉県我孫子市柴崎1261-7", "url": "https://www.kaigokensaku.mhlw.go.jp/12/index.php?action_kouhyou_detail_004_kani=true&JigyosyoCd=1272701978-00&ServiceCd=150&Type=search", "url2": "https://www.azumien.jp/" }, "geometry": { "type": "Point", "coordinates": [ 139.56492080000001, 35.6589709 ] } },
{ "type": "Feature", "properties": { "内容": "ご長寿くらぶ我孫子･天王台デイサービスセンター【通所介護】千葉県我孫子市柴崎台1-4-6", "url": "https://www.kaigokensaku.mhlw.go.jp/12/index.php?action_kouhyou_detail_004_kani=true&JigyosyoCd=1272701853-00&ServiceCd=150&Type=search", "url2": "http://gotyoujyuclub.com/" }, "geometry": { "type": "Point", "coordinates": [ 140.0388203, 35.8739792 ] } },
{ "type": "Feature", "properties": { "内容": "デイサービス桜花乃郷　湖北の家【通所介護】千葉県我孫子市湖北台2-12-18", "url": "https://www.kaigokensaku.mhlw.go.jp/12/index.php?action_kouhyou_detail_004_kani=true&JigyosyoCd=1272701895-00&ServiceCd=150&Type=search", "url2": null }, "geometry": { "type": "Point", "coordinates": [ 140.077920799999987, 35.8601647 ] } },
{ "type": "Feature", "properties": { "内容": "デイサービスセンターエクラシア我孫子【通所介護】千葉県我孫子市台田2-1-35", "url": "https://www.kaigokensaku.mhlw.go.jp/12/index.php?action_kouhyou_detail_004_kani=true&JigyosyoCd=1272702182-00&ServiceCd=150&Type=search", "url2": null }, "geometry": { "type": "Point", "coordinates": [ 140.0001603, 35.8742273 ] } },
{ "type": "Feature", "properties": { "内容": "デイサービスセンターはなあかり【通所介護】千葉県我孫子市下ヶ戸1820-3", "url": "https://www.kaigokensaku.mhlw.go.jp/12/index.php?action_kouhyou_detail_004_kani=true&JigyosyoCd=1272702174-00&ServiceCd=150&Type=search", "url2": null }, "geometry": { "type": "Point", "coordinates": [ 140.0497231, 35.870588 ] } },
{ "type": "Feature", "properties": { "内容": "デイサービスいきな俱楽部天王台【通所介護】千葉県我孫子市柴崎台1-1-40ステイタスヒル弐番館B.C号室", "url": "https://www.kaigokensaku.mhlw.go.jp/12/index.php?action_kouhyou_detail_004_kani=true&JigyosyoCd=1272702026-00&ServiceCd=150&Type=search", "url2": "https://hfm-123.com/" }, "geometry": { "type": "Point", "coordinates": [ 140.0379199, 35.8736025 ] } },
{ "type": "Feature", "properties": { "内容": "生活介護事業所ぷらむつりー（共生型）【通所介護】千葉県我孫子市柴崎台3-2-26", "url": "https://www.kaigokensaku.mhlw.go.jp/12/index.php?action_kouhyou_detail_004_kani=true&JigyosyoCd=1272701937-00&ServiceCd=150&Type=search", "url2": "https://www.big-advance.site/s/182/1374" }, "geometry": { "type": "Point", "coordinates": [ 140.041282341802969, 35.877515484746226 ] } },
{ "type": "Feature", "properties": { "内容": "リハビリ型デイサービスあびこ【通所介護】千葉県我孫子市白山2-2-18ヴェイル我孫子101", "url": "https://www.kaigokensaku.mhlw.go.jp/12/index.php?action_kouhyou_detail_004_kani=true&JigyosyoCd=1272702059-00&ServiceCd=150&Type=search", "url2": "https://www.rehadayabiko.com/" }, "geometry": { "type": "Point", "coordinates": [ 140.0079184, 35.8709869 ] } },
{ "type": "Feature", "properties": { "内容": "デイサービスセンターあおいの里・我孫子【通所介護】千葉県我孫子市柴崎216-1", "url": "https://www.kaigokensaku.mhlw.go.jp/12/index.php?action_kouhyou_detail_004_kani=true&JigyosyoCd=1272701424-00&ServiceCd=150&Type=search", "url2": "https://www.aoikai.jp/aoinosato-abiko/" }, "geometry": { "type": "Point", "coordinates": [ 140.034891199999947, 35.8737798 ] } },
{ "type": "Feature", "properties": { "内容": "ツクイあびこ湖北台【通所介護】千葉県我孫子市湖北台6-1-9", "url": "https://www.kaigokensaku.mhlw.go.jp/12/index.php?action_kouhyou_detail_004_kani=true&JigyosyoCd=1272701093-00&ServiceCd=150&Type=search", "url2": "https://www.tsukui.net/search/?officeid=586" }, "geometry": { "type": "Point", "coordinates": [ 140.0673911, 35.86151 ] } },
{ "type": "Feature", "properties": { "内容": "セントケア我孫子デイサービスセンター【通所介護】千葉県我孫子市天王台4-5-1シャトー天王台1F", "url": "https://www.kaigokensaku.mhlw.go.jp/12/index.php?action_kouhyou_detail_004_kani=true&JigyosyoCd=1272700699-00&ServiceCd=150&Type=search", "url2": "https://www.saint-care.com/" }, "geometry": { "type": "Point", "coordinates": [ 140.035891799999945, 35.8718451 ] } },
{ "type": "Feature", "properties": { "内容": "和ぐみデイサービス　布佐【通所介護】千葉県我孫子市布佐2641-1", "url": "https://www.kaigokensaku.mhlw.go.jp/12/index.php?action_kouhyou_detail_004_kani=true&JigyosyoCd=1272701747-00&ServiceCd=150&Type=search", "url2": null }, "geometry": { "type": "Point", "coordinates": [ 140.1329184, 35.8507621 ] } },
{ "type": "Feature", "properties": { "内容": "リハビリデイ天王台【通所介護】千葉県我孫子市下ヶ戸1825-4東我孫子イーストヒルズ1F", "url": "https://www.kaigokensaku.mhlw.go.jp/12/index.php?action_kouhyou_detail_004_kani=true&JigyosyoCd=1272701903-00&ServiceCd=150&Type=search", "url2": null }, "geometry": { "type": "Point", "coordinates": [ 140.0474898, 35.8694076 ] } },
{ "type": "Feature", "properties": { "内容": "天王台ケアセンターそよ風【通所介護】千葉県我孫子市柴崎台3-13-1", "url": "https://www.kaigokensaku.mhlw.go.jp/12/index.php?action_kouhyou_detail_004_kani=true&JigyosyoCd=1272701044-00&ServiceCd=150&Type=search", "url2": "https://www.sykz.co.jp" }, "geometry": { "type": "Point", "coordinates": [ 140.045509399999986, 35.8792932 ] } },
{ "type": "Feature", "properties": { "内容": "デイサービス虎【通所介護】ちばけん我孫子市南新木1-6-3", "url": "https://www.kaigokensaku.mhlw.go.jp/12/index.php?action_kouhyou_detail_004_kani=true&JigyosyoCd=1272700897-00&ServiceCd=150&Type=search", "url2": "https://care-net.biz/12/dandelion/" }, "geometry": { "type": "Point", "coordinates": [ 140.1100255, 35.8619739 ] } },
{ "type": "Feature", "properties": { "内容": "我孫子市根戸デイサービスセンター【通所介護】千葉県我孫子市久寺家361-12特別養護老人ホームつくし野荘", "url": "https://www.kaigokensaku.mhlw.go.jp/12/index.php?action_kouhyou_detail_004_kani=true&JigyosyoCd=1272700301-00&ServiceCd=150&Type=search", "url2": "http://www.eiko-kai.or.jp/publics/index/41/" }, "geometry": { "type": "Point", "coordinates": [ 140.01487305268958, 35.883461301330257 ] } },
{ "type": "Feature", "properties": { "内容": "総合リハビリデイサービス　あびこの家【通所介護】千葉県我孫子市高野山346-5", "url": "https://www.kaigokensaku.mhlw.go.jp/12/index.php?action_kouhyou_detail_004_kani=true&JigyosyoCd=1272701812-00&ServiceCd=150&Type=search", "url2": "http://abikonoie.com/" }, "geometry": { "type": "Point", "coordinates": [ 140.034457800000041, 35.8664394 ] } },
{ "type": "Feature", "properties": { "内容": "くおん苑通所介護事業所【通所介護】千葉県我孫子市日秀208", "url": "https://www.kaigokensaku.mhlw.go.jp/12/index.php?action_kouhyou_detail_004_kani=true&JigyosyoCd=1272700152-00&ServiceCd=150&Type=search", "url2": "http://www.z-kuonen.com" }, "geometry": { "type": "Point", "coordinates": [ 140.088888499999939, 35.8609658 ] } },
{ "type": "Feature", "properties": { "内容": "デイサービスセンター和楽園【通所介護】千葉県我孫子市中峠字篠堤2473番", "url": "https://www.kaigokensaku.mhlw.go.jp/12/index.php?action_kouhyou_detail_004_kani=true&JigyosyoCd=1272700103-00&ServiceCd=150&Type=search", "url2": "http://www.eiko-kai.or.jp/" }, "geometry": { "type": "Point", "coordinates": [ 140.076245200000017, 35.8734473 ] } },
{ "type": "Feature", "properties": { "内容": "デイサービス柴崎【通所介護】千葉県我孫子市柴崎121-3", "url": "https://www.kaigokensaku.mhlw.go.jp/12/index.php?action_kouhyou_detail_004_kani=true&JigyosyoCd=1272700632-00&ServiceCd=150&Type=search", "url2": "https://www.medicalplaza.or.jp/shibazaki/" }, "geometry": { "type": "Point", "coordinates": [ 140.032016399999947, 35.8754017 ] } },
{ "type": "Feature", "properties": { "内容": "デイサービスセンターアクイール【通所介護】千葉県我孫子市岡発戸1498番", "url": "https://www.kaigokensaku.mhlw.go.jp/12/index.php?action_kouhyou_detail_004_kani=true&JigyosyoCd=1272701168-00&ServiceCd=150&Type=search", "url2": "https://www.acomoder.or.jp/" }, "geometry": { "type": "Point", "coordinates": [ 140.060319700000036, 35.8617821 ] } },
{ "type": "Feature", "properties": { "内容": "デイサービスセンターアコモード【通所介護】千葉県我孫子市布佐１５５９－２", "url": "https://www.kaigokensaku.mhlw.go.jp/12/index.php?action_kouhyou_detail_004_kani=true&JigyosyoCd=1272700137-00&ServiceCd=150&Type=search", "url2": "https://www.acomoder.or.jp/" }, "geometry": { "type": "Point", "coordinates": [ 140.12494659999993, 35.8556833 ] } },
{ "type": "Feature", "properties": { "内容": "デイサービス遊遊【通所介護】千葉県鴨川市東１３７７－５", "url": "https://www.kaigokensaku.mhlw.go.jp/12/index.php?action_kouhyou_detail_004_kani=true&JigyosyoCd=1272800739-00&ServiceCd=150&Type=search", "url2": "https://yuyu.co.jp/" }, "geometry": { "type": "Point", "coordinates": [ 140.045307173294077, 35.106225997470816 ] } },
{ "type": "Feature", "properties": { "内容": "デイサービスセンター　ゆうらく【通所介護】千葉県鴨川市成川５－１", "url": "https://www.kaigokensaku.mhlw.go.jp/12/index.php?action_kouhyou_detail_004_kani=true&JigyosyoCd=1272800663-00&ServiceCd=150&Type=search", "url2": "https://yuuraku.themedia.jp" }, "geometry": { "type": "Point", "coordinates": [ 140.038545047221334, 35.128722106178557 ] } },
{ "type": "Feature", "properties": { "内容": "通所介護事業所　四方木くらぶ【通所介護】千葉県鴨川市四方木３９４番地１", "url": "https://www.kaigokensaku.mhlw.go.jp/12/index.php?action_kouhyou_detail_004_kani=true&JigyosyoCd=1272800754-00&ServiceCd=150&Type=search", "url2": null }, "geometry": { "type": "Point", "coordinates": [ 140.13591, 35.175575 ] } },
{ "type": "Feature", "properties": { "内容": "デイサービスセンター　リブボート天津【通所介護】千葉県鴨川市天津2922-2", "url": "https://www.kaigokensaku.mhlw.go.jp/12/index.php?action_kouhyou_detail_004_kani=true&JigyosyoCd=1278500028-00&ServiceCd=150&Type=search", "url2": null }, "geometry": { "type": "Point", "coordinates": [ 140.171841200000017, 35.1303777 ] } },
{ "type": "Feature", "properties": { "内容": "やいろデイサービス【通所介護】千葉県鴨川市八色924-4", "url": "https://www.kaigokensaku.mhlw.go.jp/12/index.php?action_kouhyou_detail_004_kani=true&JigyosyoCd=1272800259-00&ServiceCd=150&Type=search", "url2": "http://www.kamoshakyo.or.jp" }, "geometry": { "type": "Point", "coordinates": [ 140.088001, 35.1232607 ] } },
{ "type": "Feature", "properties": { "内容": "千の風・清澄　デイサービスセンター【通所介護】千葉県鴨川市天津３４６６", "url": "https://www.kaigokensaku.mhlw.go.jp/12/index.php?action_kouhyou_detail_004_kani=true&JigyosyoCd=1272800283-00&ServiceCd=150&Type=search", "url2": "http://www.kenjin.or.jp/sennokaze/index.html" }, "geometry": { "type": "Point", "coordinates": [ 140.1504774, 35.1334017 ] } },
{ "type": "Feature", "properties": { "内容": "ヤックスデイサービスセンター鴨川【通所介護】千葉県鴨川市宮山1707番地", "url": "https://www.kaigokensaku.mhlw.go.jp/12/index.php?action_kouhyou_detail_004_kani=true&JigyosyoCd=1272800721-00&ServiceCd=150&Type=search", "url2": "https://care-yacs.co.jp/" }, "geometry": { "type": "Point", "coordinates": [ 140.0167602, 35.1285625 ] } },
{ "type": "Feature", "properties": { "内容": "あずみ苑鎌ヶ谷【通所介護】千葉県鎌ヶ谷市東道野辺3丁目6-8あずみ苑鎌ヶ谷", "url": "https://www.kaigokensaku.mhlw.go.jp/12/index.php?action_kouhyou_detail_004_kani=true&JigyosyoCd=1272901594-00&ServiceCd=150&Type=search", "url2": "https://www.azumien.jp/search/kamagaya/" }, "geometry": { "type": "Point", "coordinates": [ 139.997633800000017, 35.7525884 ] } },
{ "type": "Feature", "properties": { "内容": "くぬぎ山ケアセンターわかば【通所介護】千葉県鎌ケ谷市初富３５番地４", "url": "https://www.kaigokensaku.mhlw.go.jp/12/index.php?action_kouhyou_detail_004_kani=true&JigyosyoCd=1272901404-00&ServiceCd=150&Type=search", "url2": "https://kouseikai-gr.or.jp/kunugiyama" }, "geometry": { "type": "Point", "coordinates": [ 139.979767699999968, 35.779196899999974 ] } },
{ "type": "Feature", "properties": { "内容": "デイサービスセンターささら【通所介護】千葉県鎌ケ谷市初富1390番地3", "url": "https://www.kaigokensaku.mhlw.go.jp/12/index.php?action_kouhyou_detail_004_kani=true&JigyosyoCd=1272901172-00&ServiceCd=150&Type=search", "url2": "https://sasara-day.com/" }, "geometry": { "type": "Point", "coordinates": [ 139.984381003704812, 35.781679987122885 ] } },
{ "type": "Feature", "properties": { "内容": "ご長寿くらぶ鎌ケ谷デイサービスセンター【通所介護】千葉県鎌ケ谷市北中沢２丁目７番３１号", "url": "https://www.kaigokensaku.mhlw.go.jp/12/index.php?action_kouhyou_detail_004_kani=true&JigyosyoCd=1272902139-00&ServiceCd=150&Type=search", "url2": "http://gotyoujyuclub.com" }, "geometry": { "type": "Point", "coordinates": [ 139.986479374335715, 35.7726138 ] } },
{ "type": "Feature", "properties": { "内容": "癒しのデイサービス鎌ケ谷【通所介護】千葉県鎌ケ谷市東中沢2-1-58", "url": "https://www.kaigokensaku.mhlw.go.jp/12/index.php?action_kouhyou_detail_004_kani=true&JigyosyoCd=1272900778-00&ServiceCd=150&Type=search", "url2": "http://www.riei.co.jp/" }, "geometry": { "type": "Point", "coordinates": [ 139.993445716654804, 35.775875422026843 ] } },
{ "type": "Feature", "properties": { "内容": "デイサービスセンターエクラシア南鎌ヶ谷【通所介護】千葉県鎌ヶ谷市東道野辺4-17-20エクラシア南鎌ヶ谷", "url": "https://www.kaigokensaku.mhlw.go.jp/12/index.php?action_kouhyou_detail_004_kani=true&JigyosyoCd=1272902527-00&ServiceCd=150&Type=search", "url2": "https://www.welloff.co.jp/wp/business/eclasia/" }, "geometry": { "type": "Point", "coordinates": [ 140.003046899999987, 35.7562116 ] } },
{ "type": "Feature", "properties": { "内容": "ゆめふる南佐津間【通所介護】千葉県鎌ケ谷市南佐津間12-5", "url": "https://www.kaigokensaku.mhlw.go.jp/12/index.php?action_kouhyou_detail_004_kani=true&JigyosyoCd=1272902360-00&ServiceCd=150&Type=search", "url2": "https://search.yasashiite.com/detail/tsusyokaigo_minamisatsuma/" }, "geometry": { "type": "Point", "coordinates": [ 140.001630300000016, 35.7953043 ] } },
{ "type": "Feature", "properties": { "内容": "かがやきデイサービス新鎌ケ谷【通所介護】千葉県鎌ケ谷市新鎌ヶ谷1-10-21総合ケアセンター新鎌ヶ谷", "url": "https://www.kaigokensaku.mhlw.go.jp/12/index.php?action_kouhyou_detail_004_kani=true&JigyosyoCd=1272902576-00&ServiceCd=150&Type=search", "url2": "http://www.ymmd.co.jp" }, "geometry": { "type": "Point", "coordinates": [ 139.9986255, 35.777851 ] } },
{ "type": "Feature", "properties": { "内容": "フィットネスリハ　こかげ【通所介護】千葉県鎌ヶ谷市北中沢3-2-3-5", "url": "https://www.kaigokensaku.mhlw.go.jp/12/index.php?action_kouhyou_detail_004_kani=true&JigyosyoCd=1272900836-00&ServiceCd=150&Type=search", "url2": "https://kokagefitness.com/" }, "geometry": { "type": "Point", "coordinates": [ 139.985614299999952, 35.7756248 ] } },
{ "type": "Feature", "properties": { "内容": "初富ケアセンターそよ風【通所介護】千葉県鎌ケ谷市南初富2-9‐66", "url": "https://www.kaigokensaku.mhlw.go.jp/12/index.php?action_kouhyou_detail_004_kani=true&JigyosyoCd=1272902022-00&ServiceCd=150&Type=search", "url2": null }, "geometry": { "type": "Point", "coordinates": [ 140.0075435, 35.7730878 ] } },
{ "type": "Feature", "properties": { "内容": "デイサービスセンター和楽　弐番館【通所介護】千葉県鎌ケ谷市東鎌ケ谷3丁目26－10", "url": "https://www.kaigokensaku.mhlw.go.jp/12/index.php?action_kouhyou_detail_004_kani=true&JigyosyoCd=1272901784-00&ServiceCd=150&Type=search", "url2": "https://waraku-corp.com" }, "geometry": { "type": "Point", "coordinates": [ 140.025865899999985, 35.763260500000023 ] } },
{ "type": "Feature", "properties": { "内容": "鎌ケ谷翔裕園　デイサービスセンター【通所介護】千葉県鎌ケ谷市初富字東野848番地10", "url": "https://www.kaigokensaku.mhlw.go.jp/12/index.php?action_kouhyou_detail_004_kani=true&JigyosyoCd=1272900133-00&ServiceCd=150&Type=search", "url2": "https://cyoujyunosato.jp/" }, "geometry": { "type": "Point", "coordinates": [ 140.014679309201028, 35.778041833750144 ] } },
{ "type": "Feature", "properties": { "内容": "新鎌ヶ谷ケアセンターそよ風【通所介護】千葉県鎌ヶ谷市初富本町1-13-10", "url": "https://www.kaigokensaku.mhlw.go.jp/12/index.php?action_kouhyou_detail_004_kani=true&JigyosyoCd=1272901123-00&ServiceCd=150&Type=search", "url2": "https://corp.sykz.co.jp/" }, "geometry": { "type": "Point", "coordinates": [ 139.997376900000063, 35.7758751 ] } },
{ "type": "Feature", "properties": { "内容": "デイサービスひまり館【通所介護】千葉県鎌ケ谷市初富855-1", "url": "https://www.kaigokensaku.mhlw.go.jp/12/index.php?action_kouhyou_detail_004_kani=true&JigyosyoCd=1272901651-00&ServiceCd=150&Type=search", "url2": "http://www.cocoansu.com" }, "geometry": { "type": "Point", "coordinates": [ 140.027126100000032, 35.7803142 ] } },
{ "type": "Feature", "properties": { "内容": "デイサービスセンター和楽【通所介護】千葉県鎌ヶ谷市中沢1337-55", "url": "https://www.kaigokensaku.mhlw.go.jp/12/index.php?action_kouhyou_detail_004_kani=true&JigyosyoCd=1272900786-00&ServiceCd=150&Type=search", "url2": "https://waraku-corp.com/" }, "geometry": { "type": "Point", "coordinates": [ 139.984301531738339, 35.768271310690601 ] } },
{ "type": "Feature", "properties": { "内容": "デイサービスセンターケアサポートかまがや【通所介護】千葉県鎌ケ谷市東鎌ケ谷1-5-27", "url": "https://www.kaigokensaku.mhlw.go.jp/12/index.php?action_kouhyou_detail_004_kani=true&JigyosyoCd=1272901503-00&ServiceCd=150&Type=search", "url2": null }, "geometry": { "type": "Point", "coordinates": [ 140.016916900000069, 35.7643518 ] } },
{ "type": "Feature", "properties": { "内容": "ニチイケアセンター鎌ヶ谷【通所介護】千葉県鎌ヶ谷市富岡1-9-18", "url": "https://www.kaigokensaku.mhlw.go.jp/12/index.php?action_kouhyou_detail_004_kani=true&JigyosyoCd=1272900109-00&ServiceCd=150&Type=search", "url2": "http://www.nichiigakkan.co.jp" }, "geometry": { "type": "Point", "coordinates": [ 139.9992521, 35.7673611 ] } },
{ "type": "Feature", "properties": { "内容": "リハビリぞうさんデイサービス【通所介護】千葉県鎌ケ谷市南初富4-16-37　1階", "url": "https://www.kaigokensaku.mhlw.go.jp/12/index.php?action_kouhyou_detail_004_kani=true&JigyosyoCd=1272901701-00&ServiceCd=150&Type=search", "url2": "https://whospitality.jp" }, "geometry": { "type": "Point", "coordinates": [ 140.004093757202895, 35.767680835144759 ] } },
{ "type": "Feature", "properties": { "内容": "特別養護老人ホーム慈祐苑【通所介護】千葉県鎌ケ谷市道野辺214-4", "url": "https://www.kaigokensaku.mhlw.go.jp/12/index.php?action_kouhyou_detail_004_kani=true&JigyosyoCd=1272900075-00&ServiceCd=150&Type=search", "url2": "http://care-net.biz/12/keibikai" }, "geometry": { "type": "Point", "coordinates": [ 139.989595799999961, 35.7531881 ] } },
{ "type": "Feature", "properties": { "内容": "デイサービスエイム鎌ヶ谷【通所介護】千葉県鎌ケ谷市軽井沢2048", "url": "https://www.kaigokensaku.mhlw.go.jp/12/index.php?action_kouhyou_detail_004_kani=true&JigyosyoCd=1272902089-00&ServiceCd=150&Type=search", "url2": null }, "geometry": { "type": "Point", "coordinates": [ 140.016031135283384, 35.789600557059607 ] } },
{ "type": "Feature", "properties": { "内容": "デイサービス軽井沢【通所介護】千葉県鎌ヶ谷市軽井沢1986-51", "url": "https://www.kaigokensaku.mhlw.go.jp/12/index.php?action_kouhyou_detail_004_kani=true&JigyosyoCd=1272900372-00&ServiceCd=150&Type=search", "url2": "https://www.day-karuizawa.jp/" }, "geometry": { "type": "Point", "coordinates": [ 140.01613, 35.7865743 ] } },
{ "type": "Feature", "properties": { "内容": "デイサービスセンター　初富の里【通所介護】千葉県鎌ヶ谷市東初富一丁目４番３号", "url": "https://www.kaigokensaku.mhlw.go.jp/12/index.php?action_kouhyou_detail_004_kani=true&JigyosyoCd=1272900919-00&ServiceCd=150&Type=search", "url2": "https://youandi.takaminefukushikai.com" }, "geometry": { "type": "Point", "coordinates": [ 140.012308699999949, 35.7730258 ] } },
{ "type": "Feature", "properties": { "内容": "ファミリア鎌ケ谷【通所介護】千葉県鎌ケ谷市初富800-541", "url": "https://www.kaigokensaku.mhlw.go.jp/12/index.php?action_kouhyou_detail_004_kani=true&JigyosyoCd=1272902311-00&ServiceCd=150&Type=search", "url2": "https://toho-familiar.com/" }, "geometry": { "type": "Point", "coordinates": [ 140.0207416, 35.7748675 ] } },
{ "type": "Feature", "properties": { "内容": "あおぞらの里　鎌ケ谷　デイサービスセンター【通所介護】千葉県鎌ケ谷市東鎌ケ谷２－２１－２２", "url": "https://www.kaigokensaku.mhlw.go.jp/12/index.php?action_kouhyou_detail_004_kani=true&JigyosyoCd=1272900331-00&ServiceCd=150&Type=search", "url2": "http://www.cedar-web.com" }, "geometry": { "type": "Point", "coordinates": [ 140.015175499999941, 35.762313 ] } },
{ "type": "Feature", "properties": { "内容": "らいおんハートリハビリデイサービス鎌ヶ谷【通所介護】千葉県鎌ヶ谷市道野辺中央5-1-73らいおんハートリハビリデイサービス鎌ヶ谷", "url": "https://www.kaigokensaku.mhlw.go.jp/12/index.php?action_kouhyou_detail_004_kani=true&JigyosyoCd=1272902329-00&ServiceCd=150&Type=search", "url2": null }, "geometry": { "type": "Point", "coordinates": [ 139.99620250000001, 35.7625066 ] } },
{ "type": "Feature", "properties": { "内容": "ブルーミングケア鎌ヶ谷大仏【通所介護】千葉県鎌ケ谷市南鎌ケ谷2-1-71-18", "url": "https://www.kaigokensaku.mhlw.go.jp/12/index.php?action_kouhyou_detail_004_kani=true&JigyosyoCd=1272902485-00&ServiceCd=150&Type=search", "url2": null }, "geometry": { "type": "Point", "coordinates": [ 140.006667, 35.748511800000017 ] } },
{ "type": "Feature", "properties": { "内容": "デイサービスセンターさつまの里【通所介護】千葉県鎌ケ谷市佐津間989番地1", "url": "https://www.kaigokensaku.mhlw.go.jp/12/index.php?action_kouhyou_detail_004_kani=true&JigyosyoCd=1272901248-00&ServiceCd=150&Type=search", "url2": "http://takaminefukushikai.com" }, "geometry": { "type": "Point", "coordinates": [ 140.009460799999943, 35.7969703 ] } },
{ "type": "Feature", "properties": { "内容": "ケアステーションあさひ君津【通所介護】千葉県君津市常代二丁目16番2号", "url": "https://www.kaigokensaku.mhlw.go.jp/12/index.php?action_kouhyou_detail_004_kani=true&JigyosyoCd=1273001436-00&ServiceCd=150&Type=search", "url2": "http://www.vati.co.jp/" }, "geometry": { "type": "Point", "coordinates": [ 139.922134, 35.3091976 ] } },
{ "type": "Feature", "properties": { "内容": "ケアセンターおびつ【通所介護】千葉県君津市三田４０１", "url": "https://www.kaigokensaku.mhlw.go.jp/12/index.php?action_kouhyou_detail_004_kani=true&JigyosyoCd=1273000859-00&ServiceCd=150&Type=search", "url2": null }, "geometry": { "type": "Point", "coordinates": [ 140.060197, 35.3327847 ] } },
{ "type": "Feature", "properties": { "内容": "居宅サービス事業所上総園【通所介護】千葉県君津市広岡３７５番地", "url": "https://www.kaigokensaku.mhlw.go.jp/12/index.php?action_kouhyou_detail_004_kani=true&JigyosyoCd=1273000115-00&ServiceCd=150&Type=search", "url2": "http://www.kazusaen.jp" }, "geometry": { "type": "Point", "coordinates": [ 140.0550409, 35.2519737 ] } },
{ "type": "Feature", "properties": { "内容": "半日リハデイすまいる・きみつ【通所介護】千葉県君津市南久保2-14-5富士フィーストビル2階", "url": "https://www.kaigokensaku.mhlw.go.jp/12/index.php?action_kouhyou_detail_004_kani=true&JigyosyoCd=1273001535-00&ServiceCd=150&Type=search", "url2": "https://www.smile-rs.jp/" }, "geometry": { "type": "Point", "coordinates": [ 139.905801600000018, 35.3267285 ] } },
{ "type": "Feature", "properties": { "内容": "上総園ふれあいデイサービスセンター【通所介護】千葉県君津市久保3-1-1君津市保健福祉センターふれあい館2階", "url": "https://www.kaigokensaku.mhlw.go.jp/12/index.php?action_kouhyou_detail_004_kani=true&JigyosyoCd=1273001394-00&ServiceCd=150&Type=search", "url2": "http://www.kazusaen.jp" }, "geometry": { "type": "Point", "coordinates": [ 139.904090499999938, 35.330955699999983 ] } },
{ "type": "Feature", "properties": { "内容": "デイサービスみのり【通所介護】千葉県君津市宮下１丁目３番２８号", "url": "https://www.kaigokensaku.mhlw.go.jp/12/index.php?action_kouhyou_detail_004_kani=true&JigyosyoCd=1273000818-00&ServiceCd=150&Type=search", "url2": "https://yamamikaigo.jp/" }, "geometry": { "type": "Point", "coordinates": [ 139.927445, 35.3016015 ] } },
{ "type": "Feature", "properties": { "内容": "通所サービスセンター山の手フラワーヒル【通所介護】千葉県君津市大山野８７５番地", "url": "https://www.kaigokensaku.mhlw.go.jp/12/index.php?action_kouhyou_detail_004_kani=true&JigyosyoCd=1273000040-00&ServiceCd=150&Type=search", "url2": "http://xn--u9j4kia4flw5g9265bi9k.com/" }, "geometry": { "type": "Point", "coordinates": [ 139.930853800000023, 35.2816239 ] } },
{ "type": "Feature", "properties": { "内容": "デイサービスパープルKimitsu【通所介護】千葉県君津市中島635-1デイサービス　パープルKimitsu", "url": "https://www.kaigokensaku.mhlw.go.jp/12/index.php?action_kouhyou_detail_004_kani=true&JigyosyoCd=1273001451-00&ServiceCd=150&Type=search", "url2": "https://marumi-do.com/" }, "geometry": { "type": "Point", "coordinates": [ 139.960920499999929, 35.3052518 ] } },
{ "type": "Feature", "properties": { "内容": "デイサービス四季のアトリエ【通所介護】千葉県君津市南子安1164-1サービス付き高齢者向け住宅マインハウゼ君津", "url": "https://www.kaigokensaku.mhlw.go.jp/12/index.php?action_kouhyou_detail_004_kani=true&JigyosyoCd=1273001410-00&ServiceCd=150&Type=search", "url2": "http://www.berg-japan.jp/" }, "geometry": { "type": "Point", "coordinates": [ 139.925151606173699, 35.332632422814861 ] } },
{ "type": "Feature", "properties": { "内容": "ウィステリアガーデン【通所介護】千葉県君津市八重原１７２番２７５", "url": "https://www.kaigokensaku.mhlw.go.jp/12/index.php?action_kouhyou_detail_004_kani=true&JigyosyoCd=1273001345-00&ServiceCd=150&Type=search", "url2": "http://sf-sanyukai.com/" }, "geometry": { "type": "Point", "coordinates": [ 139.9357549, 35.3272206 ] } },
{ "type": "Feature", "properties": { "内容": "トータルリハセンター・ライフ　イオンタウン君津【通所介護】千葉県君津市中野5-17-1イオンタウン君津内C-1", "url": "https://www.kaigokensaku.mhlw.go.jp/12/index.php?action_kouhyou_detail_004_kani=true&JigyosyoCd=1273001543-00&ServiceCd=150&Type=search", "url2": "https://trc-life.jimdofree.com/" }, "geometry": { "type": "Point", "coordinates": [ 139.883715033590732, 35.334121585418799 ] } },
{ "type": "Feature", "properties": { "内容": "山っ子デイサービス幸の家【通所介護】千葉県君津市東日笠１０２－１", "url": "https://www.kaigokensaku.mhlw.go.jp/12/index.php?action_kouhyou_detail_004_kani=true&JigyosyoCd=1273000669-00&ServiceCd=150&Type=search", "url2": null }, "geometry": { "type": "Point", "coordinates": [ 139.998476500000038, 35.2407836 ] } },
{ "type": "Feature", "properties": { "内容": "アビタシオン君津デイサービスセンター【通所介護】千葉県君津市⼋重原1338-1", "url": "https://www.kaigokensaku.mhlw.go.jp/12/index.php?action_kouhyou_detail_004_kani=true&JigyosyoCd=1273001618-00&ServiceCd=150&Type=search", "url2": "https://www.habitation.co.jp/kimitsu/" }, "geometry": { "type": "Point", "coordinates": [ 139.902478699999989, 35.3304451 ] } },
{ "type": "Feature", "properties": { "内容": "デイサービスセンター夢の郷【通所介護】千葉県君津市杉谷３番１介護老人福祉施設夢の郷", "url": "https://www.kaigokensaku.mhlw.go.jp/12/index.php?action_kouhyou_detail_004_kani=true&JigyosyoCd=1273001329-00&ServiceCd=150&Type=search", "url2": "https://tsubasa-shishinkai.com" }, "geometry": { "type": "Point", "coordinates": [ 139.911787600000025, 35.311425 ] } },
{ "type": "Feature", "properties": { "内容": "デイサービスセンターひばり【通所介護】千葉県君津市三直５２２番地", "url": "https://www.kaigokensaku.mhlw.go.jp/12/index.php?action_kouhyou_detail_004_kani=true&JigyosyoCd=1273000354-00&ServiceCd=150&Type=search", "url2": "https://www.ryujukai.org/" }, "geometry": { "type": "Point", "coordinates": [ 139.932680162565561, 35.313402995307214 ] } },
{ "type": "Feature", "properties": { "内容": "なのはなメイト君津【通所介護】千葉県君津市中野５－１１－１", "url": "https://www.kaigokensaku.mhlw.go.jp/12/index.php?action_kouhyou_detail_004_kani=true&JigyosyoCd=1273000313-00&ServiceCd=150&Type=search", "url2": "http://nanohanameito.com/" }, "geometry": { "type": "Point", "coordinates": [ 139.884431100000029, 35.3353491 ] } },
{ "type": "Feature", "properties": { "内容": "ライフ・サポート夢ここち【通所介護】千葉県君津市上新田５２２－２", "url": "https://www.kaigokensaku.mhlw.go.jp/12/index.php?action_kouhyou_detail_004_kani=true&JigyosyoCd=1273000578-00&ServiceCd=150&Type=search", "url2": null }, "geometry": { "type": "Point", "coordinates": [ 140.063207992948264, 35.311746847546225 ] } },
{ "type": "Feature", "properties": { "内容": "つばさデイサービスセンター貞元【通所介護】千葉県君津市貞元４９５", "url": "https://www.kaigokensaku.mhlw.go.jp/12/index.php?action_kouhyou_detail_004_kani=true&JigyosyoCd=1273000743-00&ServiceCd=150&Type=search", "url2": "http://allkaigo.com/" }, "geometry": { "type": "Point", "coordinates": [ 139.911037699999952, 35.3127304 ] } },
{ "type": "Feature", "properties": { "内容": "ひかりデイサービスセンター【通所介護】千葉県君津市台１－５－１", "url": "https://www.kaigokensaku.mhlw.go.jp/12/index.php?action_kouhyou_detail_004_kani=true&JigyosyoCd=1273001212-00&ServiceCd=150&Type=search", "url2": null }, "geometry": { "type": "Point", "coordinates": [ 139.8988799, 35.3289669 ] } },
{ "type": "Feature", "properties": { "内容": "つばさデイサービスセンター君津【通所介護】千葉県君津市人見　3-6-19", "url": "https://www.kaigokensaku.mhlw.go.jp/12/index.php?action_kouhyou_detail_004_kani=true&JigyosyoCd=1273000594-00&ServiceCd=150&Type=search", "url2": "http://allkaigo.com/" }, "geometry": { "type": "Point", "coordinates": [ 139.871524099999988, 35.3314969 ] } },
{ "type": "Feature", "properties": { "内容": "ヤックスデイサービス小櫃【通所介護】千葉県君津市末吉1054-1ヤックスドラッグ小櫃店敷地内", "url": "https://www.kaigokensaku.mhlw.go.jp/12/index.php?action_kouhyou_detail_004_kani=true&JigyosyoCd=1273001550-00&ServiceCd=150&Type=search", "url2": null }, "geometry": { "type": "Point", "coordinates": [ 140.060544299999947, 35.3275326 ] } },
{ "type": "Feature", "properties": { "内容": "デイサービスなべさん家【通所介護】千葉県富津市相野谷５７６－３", "url": "https://www.kaigokensaku.mhlw.go.jp/12/index.php?action_kouhyou_detail_004_kani=true&JigyosyoCd=1273101194-00&ServiceCd=150&Type=search", "url2": null }, "geometry": { "type": "Point", "coordinates": [ 139.8784643, 35.3047146 ] } },
{ "type": "Feature", "properties": { "内容": "オアシス慶寿泉の郷【通所介護】千葉県富津市岩本724-2", "url": "https://www.kaigokensaku.mhlw.go.jp/12/index.php?action_kouhyou_detail_004_kani=true&JigyosyoCd=1273100899-00&ServiceCd=150&Type=search", "url2": "https://oasis-keiju.jp/" }, "geometry": { "type": "Point", "coordinates": [ 139.9244804, 35.2039715 ] } },
{ "type": "Feature", "properties": { "内容": "デイサービスセンター岬【通所介護】千葉県富津市大堀2140", "url": "https://www.kaigokensaku.mhlw.go.jp/12/index.php?action_kouhyou_detail_004_kani=true&JigyosyoCd=1273100576-00&ServiceCd=150&Type=search", "url2": "https://dsmisaki.exblog.jp/" }, "geometry": { "type": "Point", "coordinates": [ 139.8567673, 35.3290833 ] } },
{ "type": "Feature", "properties": { "内容": "望みの門　デイサービスセンター【通所介護】千葉県富津市川名1436", "url": "https://www.kaigokensaku.mhlw.go.jp/12/index.php?action_kouhyou_detail_004_kani=true&JigyosyoCd=1273100238-00&ServiceCd=150&Type=search", "url2": "https://www.nozominomon.or.jp/" }, "geometry": { "type": "Point", "coordinates": [ 139.827608428974912, 35.306482570061071 ] } },
{ "type": "Feature", "properties": { "内容": "おり鶴デイサービスセンター青堀【通所介護】千葉県富津市大堀2-14-25", "url": "https://www.kaigokensaku.mhlw.go.jp/12/index.php?action_kouhyou_detail_004_kani=true&JigyosyoCd=1273100527-00&ServiceCd=150&Type=search", "url2": null }, "geometry": { "type": "Point", "coordinates": [ 139.855729940475499, 35.332623125963643 ] } },
{ "type": "Feature", "properties": { "内容": "デイサービスセンター金谷の里【通所介護】千葉県富津市金谷1912番地2", "url": "https://www.kaigokensaku.mhlw.go.jp/12/index.php?action_kouhyou_detail_004_kani=true&JigyosyoCd=1273100105-00&ServiceCd=150&Type=search", "url2": "http://onseikai.com" }, "geometry": { "type": "Point", "coordinates": [ 139.824165300000033, 35.175946800000034 ] } },
{ "type": "Feature", "properties": { "内容": "つつじ苑デイサービスセンター【通所介護】千葉県富津市上飯野１４２６番３", "url": "https://www.kaigokensaku.mhlw.go.jp/12/index.php?action_kouhyou_detail_004_kani=true&JigyosyoCd=1273100063-00&ServiceCd=150&Type=search", "url2": "http://s-satsukikai.or.jp/tsutsuji/" }, "geometry": { "type": "Point", "coordinates": [ 139.867300300000011, 35.315016 ] } },
{ "type": "Feature", "properties": { "内容": "デイサービスわたしたちの生きる証【通所介護】千葉県富津市字熊ノ下274", "url": "https://www.kaigokensaku.mhlw.go.jp/12/index.php?action_kouhyou_detail_004_kani=true&JigyosyoCd=1273101046-00&ServiceCd=150&Type=search", "url2": "http://watashitachinoikiruakashi.jp/" }, "geometry": { "type": "Point", "coordinates": [ 139.905940099999953, 35.2192387 ] } },
{ "type": "Feature", "properties": { "内容": "介護の家ひまわり【通所介護】千葉県富津市八幡164-3", "url": "https://www.kaigokensaku.mhlw.go.jp/12/index.php?action_kouhyou_detail_004_kani=true&JigyosyoCd=1273100469-00&ServiceCd=150&Type=search", "url2": "http://sv-shinmaiko.com/" }, "geometry": { "type": "Point", "coordinates": [ 139.868173754631044, 35.248880150938383 ] } },
{ "type": "Feature", "properties": { "内容": "ヤックスデイサービスセンター富津【通所介護】千葉県富津市千種新田1244", "url": "https://www.kaigokensaku.mhlw.go.jp/12/index.php?action_kouhyou_detail_004_kani=true&JigyosyoCd=1273100402-00&ServiceCd=150&Type=search", "url2": null }, "geometry": { "type": "Point", "coordinates": [ 139.8592463, 35.3002043 ] } },
{ "type": "Feature", "properties": { "内容": "ツクイ浦安東野【通所介護】千葉県浦安市東野3-4-1アクロスプラザ浦安東野２F", "url": "https://www.kaigokensaku.mhlw.go.jp/12/index.php?action_kouhyou_detail_004_kani=true&JigyosyoCd=1273201440-00&ServiceCd=150&Type=search", "url2": "https://www.tsukui.net/home-care/2728/" }, "geometry": { "type": "Point", "coordinates": [ 139.8929618, 35.6472436 ] } },
{ "type": "Feature", "properties": { "内容": "癒しのデイサービス浦安北栄【通所介護】千葉県浦安市北栄３－３８－２５", "url": "https://www.kaigokensaku.mhlw.go.jp/12/index.php?action_kouhyou_detail_004_kani=true&JigyosyoCd=1273200350-00&ServiceCd=150&Type=search", "url2": "http://www.riei.co.jp/" }, "geometry": { "type": "Point", "coordinates": [ 139.900167099999976, 35.667729300000019 ] } },
{ "type": "Feature", "properties": { "内容": "らいおんハートリハビリデイサービス夢のみずうみ村【通所介護】千葉県浦安市当代島2-13-27", "url": "https://www.kaigokensaku.mhlw.go.jp/12/index.php?action_kouhyou_detail_004_kani=true&JigyosyoCd=1273201499-00&ServiceCd=150&Type=search", "url2": "https://lion-heart.co/html/mizuumimura.html" }, "geometry": { "type": "Point", "coordinates": [ 139.890055100000012, 35.6693561 ] } },
{ "type": "Feature", "properties": { "内容": "ポラリスデイサービスセンター浦安富岡【通所介護】千葉県浦安市富岡3-2-6アスマチ浦安富岡", "url": "https://www.kaigokensaku.mhlw.go.jp/12/index.php?action_kouhyou_detail_004_kani=true&JigyosyoCd=1273201564-00&ServiceCd=150&Type=search", "url2": "https://www.polaris.care/office/" }, "geometry": { "type": "Point", "coordinates": [ 139.901006599999988, 35.6427821 ] } },
{ "type": "Feature", "properties": { "内容": "こうゆうデイサービス【通所介護】千葉県浦安市堀江6-13-24", "url": "https://www.kaigokensaku.mhlw.go.jp/12/index.php?action_kouhyou_detail_004_kani=true&JigyosyoCd=1273200459-00&ServiceCd=150&Type=search", "url2": "http://koyukaigo.com" }, "geometry": { "type": "Point", "coordinates": [ 139.894440300000042, 35.6529279 ] } },
{ "type": "Feature", "properties": { "内容": "デイサービスしずか【通所介護】千葉県浦安市当代島3丁目10番地35号", "url": "https://www.kaigokensaku.mhlw.go.jp/12/index.php?action_kouhyou_detail_004_kani=true&JigyosyoCd=1273201036-00&ServiceCd=150&Type=search", "url2": "http://www.issei-kai.org" }, "geometry": { "type": "Point", "coordinates": [ 139.89255090000006, 35.6722316 ] } },
{ "type": "Feature", "properties": { "内容": "浦安市猫実高齢者デイサービスセンター【通所介護】千葉県浦安市猫実１－２－５", "url": "https://www.kaigokensaku.mhlw.go.jp/12/index.php?action_kouhyou_detail_004_kani=true&JigyosyoCd=1273200152-00&ServiceCd=150&Type=search", "url2": "http://www.seirei.or.jp/urayasushitakasu/elderly/day/" }, "geometry": { "type": "Point", "coordinates": [ 139.90073689999997, 35.654564 ] } },
{ "type": "Feature", "properties": { "内容": "浦安市高洲高齢者デイサービスセンター【通所介護】千葉県浦安市高洲９－３－１", "url": "https://www.kaigokensaku.mhlw.go.jp/12/index.php?action_kouhyou_detail_004_kani=true&JigyosyoCd=1273200178-00&ServiceCd=150&Type=search", "url2": "https://www.seirei.or.jp/urayasushitakasu/elderly/day/" }, "geometry": { "type": "Point", "coordinates": [ 139.919375, 35.6310028 ] } },
{ "type": "Feature", "properties": { "内容": "リボン虹デイサービス【通所介護】千葉県浦安市北栄3-17-3レイグランデ1階", "url": "https://www.kaigokensaku.mhlw.go.jp/12/index.php?action_kouhyou_detail_004_kani=true&JigyosyoCd=1273201432-00&ServiceCd=150&Type=search", "url2": "https://sogoriha.com/service/day-service/" }, "geometry": { "type": "Point", "coordinates": [ 139.902812400000016, 35.6652129 ] } },
{ "type": "Feature", "properties": { "内容": "浦安リハビリデイステーション　富岡【通所介護】千葉県浦安市富岡4-1-111階", "url": "https://www.kaigokensaku.mhlw.go.jp/12/index.php?action_kouhyou_detail_004_kani=true&JigyosyoCd=1273201523-00&ServiceCd=150&Type=search", "url2": "http://one-to-one1001.com/office/rehabili-day-station.html" }, "geometry": { "type": "Point", "coordinates": [ 139.9019179, 35.6455734 ] } },
{ "type": "Feature", "properties": { "内容": "浦安リハビリデイステーション市役所前【通所介護】千葉県浦安市海楽１－６－５５－１階", "url": "https://www.kaigokensaku.mhlw.go.jp/12/index.php?action_kouhyou_detail_004_kani=true&JigyosyoCd=1273201408-00&ServiceCd=150&Type=search", "url2": "http://one-to-one1001.com/office/urayasu-rehabili-station.html" }, "geometry": { "type": "Point", "coordinates": [ 139.904565400000024, 35.6526011 ] } },
{ "type": "Feature", "properties": { "内容": "らいおんハートことばのデイサービス【通所介護】千葉県浦安市当代島2-13-27", "url": "https://www.kaigokensaku.mhlw.go.jp/12/index.php?action_kouhyou_detail_004_kani=true&JigyosyoCd=1273201598-00&ServiceCd=150&Type=search", "url2": "https://kotoba.lion-heart.co" }, "geometry": { "type": "Point", "coordinates": [ 139.890011500000014, 35.6691495 ] } },
{ "type": "Feature", "properties": { "内容": "浦安リハビリデイステーション　カルチャースクール＆SPA【通所介護】千葉県浦安市猫実2-32-16", "url": "https://www.kaigokensaku.mhlw.go.jp/12/index.php?action_kouhyou_detail_004_kani=true&JigyosyoCd=1273201515-00&ServiceCd=150&Type=search", "url2": "http://www.one-to-one1001.com/spa/" }, "geometry": { "type": "Point", "coordinates": [ 139.898836, 35.6611579 ] } },
{ "type": "Feature", "properties": { "内容": "癒しのデイサービス浦安ふじみ【通所介護】千葉県浦安市富士見２-２１-３６", "url": "https://www.kaigokensaku.mhlw.go.jp/12/index.php?action_kouhyou_detail_004_kani=true&JigyosyoCd=1273200574-00&ServiceCd=150&Type=search", "url2": "https://www.riei.co.jp/" }, "geometry": { "type": "Point", "coordinates": [ 139.887840899999986, 35.6507669 ] } },
{ "type": "Feature", "properties": { "内容": "特別養護老人ホーム四街道苑【通所介護】千葉県四街道市鹿放ヶ丘593-3", "url": "https://www.kaigokensaku.mhlw.go.jp/12/index.php?action_kouhyou_detail_004_kani=true&JigyosyoCd=1273301372-00&ServiceCd=150&Type=search", "url2": "http://www.itsukikai.com" }, "geometry": { "type": "Point", "coordinates": [ 140.151761500000021, 35.6861545 ] } },
{ "type": "Feature", "properties": { "内容": "あいの里【通所介護】千葉県四街道市内黒田214-1", "url": "https://www.kaigokensaku.mhlw.go.jp/12/index.php?action_kouhyou_detail_004_kani=true&JigyosyoCd=1273300606-00&ServiceCd=150&Type=search", "url2": "https://www.ainosato.life" }, "geometry": { "type": "Point", "coordinates": [ 140.1741442, 35.6912699 ] } },
{ "type": "Feature", "properties": { "内容": "うえの里【通所介護】千葉県四街道市中野74-1", "url": "https://www.kaigokensaku.mhlw.go.jp/12/index.php?action_kouhyou_detail_004_kani=true&JigyosyoCd=1273301364-00&ServiceCd=150&Type=search", "url2": "https://www.ainosato.life/uenosato/" }, "geometry": { "type": "Point", "coordinates": [ 140.188218, 35.655883699999983 ] } },
{ "type": "Feature", "properties": { "内容": "リハプライド四街道【通所介護】千葉県四街道市美しが丘3-7-16タイガーズガーデン美しが丘1階", "url": "https://www.kaigokensaku.mhlw.go.jp/12/index.php?action_kouhyou_detail_004_kani=true&JigyosyoCd=1273301554-00&ServiceCd=150&Type=search", "url2": "https://rehapride.co.jp/yotsukaido/" }, "geometry": { "type": "Point", "coordinates": [ 140.158990527734289, 35.65517453380091 ] } },
{ "type": "Feature", "properties": { "内容": "癒しのデイサービス四街道【通所介護】千葉県四街道市大日288-1四街道正和ビル２F", "url": "https://www.kaigokensaku.mhlw.go.jp/12/index.php?action_kouhyou_detail_004_kani=true&JigyosyoCd=1273301042-00&ServiceCd=150&Type=search", "url2": "https://riei-kaigo.jp/service/day-yotsukaido/" }, "geometry": { "type": "Point", "coordinates": [ 140.162843587171864, 35.670699156055576 ] } },
{ "type": "Feature", "properties": { "内容": "デイサービスセンターあさひ園【通所介護】千葉県四街道市山梨字東根柄内１４８８番１", "url": "https://www.kaigokensaku.mhlw.go.jp/12/index.php?action_kouhyou_detail_004_kani=true&JigyosyoCd=1273300119-00&ServiceCd=150&Type=search", "url2": "https://www.asahikai-asahien.com/dayservice" }, "geometry": { "type": "Point", "coordinates": [ 140.196120900000011, 35.6753378 ] } },
{ "type": "Feature", "properties": { "内容": "寿デイサービスセンター【通所介護】千葉県四街道市大日282-2江口ビル", "url": "https://www.kaigokensaku.mhlw.go.jp/12/index.php?action_kouhyou_detail_004_kani=true&JigyosyoCd=1273300184-00&ServiceCd=150&Type=search", "url2": "https://www.sms-kotobuki.co.jp/" }, "geometry": { "type": "Point", "coordinates": [ 140.16177289999996, 35.6695715 ] } },
{ "type": "Feature", "properties": { "内容": "あすみの丘デイサービスセンター【通所介護】千葉県四街道市大日１６２３－１", "url": "https://www.kaigokensaku.mhlw.go.jp/12/index.php?action_kouhyou_detail_004_kani=true&JigyosyoCd=1273300150-00&ServiceCd=150&Type=search", "url2": "http://www.asuminooka.or.jp" }, "geometry": { "type": "Point", "coordinates": [ 140.166353599999979, 35.69069630000002 ] } },
{ "type": "Feature", "properties": { "内容": "ブルーミングケアハートフルりはびり舎四街道【通所介護】千葉県四街道市鹿渡1124－8", "url": "https://www.kaigokensaku.mhlw.go.jp/12/index.php?action_kouhyou_detail_004_kani=true&JigyosyoCd=1273301588-00&ServiceCd=150&Type=search", "url2": "https://www.motto-rehabilisha.com" }, "geometry": { "type": "Point", "coordinates": [ 140.175184303041078, 35.66470648889436 ] } },
{ "type": "Feature", "properties": { "内容": "四街道ケアセンター　そよ風【通所介護】千葉県四街道市物井字金鋳塚１５９６－４", "url": "https://www.kaigokensaku.mhlw.go.jp/12/index.php?action_kouhyou_detail_004_kani=true&JigyosyoCd=1273300317-00&ServiceCd=150&Type=search", "url2": "https://www.sykz.co.jp/" }, "geometry": { "type": "Point", "coordinates": [ 140.190376499999957, 35.6932427 ] } },
{ "type": "Feature", "properties": { "内容": "コープみらい四街道デイサービスセンター【通所介護】千葉県四街道市大日1793-15", "url": "https://www.kaigokensaku.mhlw.go.jp/12/index.php?action_kouhyou_detail_004_kani=true&JigyosyoCd=1273301125-00&ServiceCd=150&Type=search", "url2": "https://mirai.coopnet.or.jp/service/welfare/" }, "geometry": { "type": "Point", "coordinates": [ 140.1589983, 35.66886860000001 ] } },
{ "type": "Feature", "properties": { "内容": "リバーサイドデイサービスセンター【通所介護】千葉県四街道市小名木101-9", "url": "https://www.kaigokensaku.mhlw.go.jp/12/index.php?action_kouhyou_detail_004_kani=true&JigyosyoCd=1273301018-00&ServiceCd=150&Type=search", "url2": "http://www.souju-kai.or.jp/soujuen/" }, "geometry": { "type": "Point", "coordinates": [ 140.185558899999933, 35.6577216 ] } },
{ "type": "Feature", "properties": { "内容": "ツクイもねの里【通所介護】千葉県四街道市もねの里3-2-10", "url": "https://www.kaigokensaku.mhlw.go.jp/12/index.php?action_kouhyou_detail_004_kani=true&JigyosyoCd=1273300770-00&ServiceCd=150&Type=search", "url2": "http://www.tsukui.net/" }, "geometry": { "type": "Point", "coordinates": [ 140.189619799999946, 35.6889396 ] } },
{ "type": "Feature", "properties": { "内容": "きわみデイサービスセンター【通所介護】千葉県四街道市大日1681-1", "url": "https://www.kaigokensaku.mhlw.go.jp/12/index.php?action_kouhyou_detail_004_kani=true&JigyosyoCd=1273300457-00&ServiceCd=150&Type=search", "url2": "https://keitoku.or.jp" }, "geometry": { "type": "Point", "coordinates": [ 140.152739800000063, 35.6801138 ] } },
{ "type": "Feature", "properties": { "内容": "おとの里【通所介護】千葉県袖ケ浦市野里1507", "url": "https://www.kaigokensaku.mhlw.go.jp/12/index.php?action_kouhyou_detail_004_kani=true&JigyosyoCd=1273400976-00&ServiceCd=150&Type=search", "url2": null }, "geometry": { "type": "Point", "coordinates": [ 140.047262010450737, 35.403086567995921 ] } },
{ "type": "Feature", "properties": { "内容": "デイサービスセンター　サニーヒル【通所介護】千葉県袖ヶ浦市久保田857番地9", "url": "https://www.kaigokensaku.mhlw.go.jp/12/index.php?action_kouhyou_detail_004_kani=true&JigyosyoCd=1273400109-00&ServiceCd=150&Type=search", "url2": "https://www.sunny-hill.or.jp/" }, "geometry": { "type": "Point", "coordinates": [ 140.009663300000057, 35.4449489 ] } },
{ "type": "Feature", "properties": { "内容": "通所介護ベストケア【通所介護】千葉県袖ケ浦市大曽根1183-1", "url": "https://www.kaigokensaku.mhlw.go.jp/12/index.php?action_kouhyou_detail_004_kani=true&JigyosyoCd=1273401099-00&ServiceCd=150&Type=search", "url2": "https://lifesupport-saiki.jp/day-care/" }, "geometry": { "type": "Point", "coordinates": [ 140.01838589999997, 35.416522 ] } },
{ "type": "Feature", "properties": { "内容": "瑞穂デイサービスセンター【通所介護】千葉県袖ケ浦市野里1452-4", "url": "https://www.kaigokensaku.mhlw.go.jp/12/index.php?action_kouhyou_detail_004_kani=true&JigyosyoCd=1273400471-00&ServiceCd=150&Type=search", "url2": "http://care-net.biz/12/mizuho/" }, "geometry": { "type": "Point", "coordinates": [ 140.051170599999978, 35.401805 ] } },
{ "type": "Feature", "properties": { "内容": "袖ケ浦菜の花苑デイサービスセンター【通所介護】千葉県袖ヶ浦市神納４１８１番２０", "url": "https://www.kaigokensaku.mhlw.go.jp/12/index.php?action_kouhyou_detail_004_kani=true&JigyosyoCd=1273400125-00&ServiceCd=150&Type=search", "url2": "http://s-satsukikai.or.jp/nanohana/dayservice.html" }, "geometry": { "type": "Point", "coordinates": [ 139.990217700000017, 35.4378321 ] } },
{ "type": "Feature", "properties": { "内容": "デイサービスひまわり【通所介護】千葉県八街市上砂328番地2", "url": "https://www.kaigokensaku.mhlw.go.jp/12/index.php?action_kouhyou_detail_004_kani=true&JigyosyoCd=1273500999-00&ServiceCd=150&Type=search", "url2": null }, "geometry": { "type": "Point", "coordinates": [ 140.2933461, 35.5851365 ] } },
{ "type": "Feature", "properties": { "内容": "デイサービス和【通所介護】千葉県八街市八街へ199-1875", "url": "https://www.kaigokensaku.mhlw.go.jp/12/index.php?action_kouhyou_detail_004_kani=true&JigyosyoCd=1273501179-00&ServiceCd=150&Type=search", "url2": null }, "geometry": { "type": "Point", "coordinates": [ 140.307267799999977, 35.635512 ] } },
{ "type": "Feature", "properties": { "内容": "デイサービス　すみれ【通所介護】千葉県八街市東吉田561-62", "url": "https://www.kaigokensaku.mhlw.go.jp/12/index.php?action_kouhyou_detail_004_kani=true&JigyosyoCd=1273501310-00&ServiceCd=150&Type=search", "url2": null }, "geometry": { "type": "Point", "coordinates": [ 140.313122199999952, 35.6465831 ] } },
{ "type": "Feature", "properties": { "内容": "デイサービス凛華【通所介護】千葉県八街市八街ほ262-2", "url": "https://www.kaigokensaku.mhlw.go.jp/12/index.php?action_kouhyou_detail_004_kani=true&JigyosyoCd=1273501146-00&ServiceCd=150&Type=search", "url2": null }, "geometry": { "type": "Point", "coordinates": [ 140.318061651095604, 35.660036657823802 ] } },
{ "type": "Feature", "properties": { "内容": "生活クラブ風の村デイサービスセンター　八街【通所介護】千葉県八街市東吉田912番地８", "url": "https://www.kaigokensaku.mhlw.go.jp/12/index.php?action_kouhyou_detail_004_kani=true&JigyosyoCd=1273500163-00&ServiceCd=150&Type=search", "url2": "https://kazenomura.jp/" }, "geometry": { "type": "Point", "coordinates": [ 140.2925488, 35.6389048 ] } },
{ "type": "Feature", "properties": { "内容": "デイサービス　なでしこ【通所介護】千葉県八街市滝台１８１０番地", "url": "https://www.kaigokensaku.mhlw.go.jp/12/index.php?action_kouhyou_detail_004_kani=true&JigyosyoCd=1273501393-00&ServiceCd=150&Type=search", "url2": null }, "geometry": { "type": "Point", "coordinates": [ 140.30698719999998, 35.5833426 ] } },
{ "type": "Feature", "properties": { "内容": "ヤックスデイサービスセンター八街【通所介護】千葉県八街市八街は11-1", "url": "https://www.kaigokensaku.mhlw.go.jp/12/index.php?action_kouhyou_detail_004_kani=true&JigyosyoCd=1273500239-00&ServiceCd=150&Type=search", "url2": null }, "geometry": { "type": "Point", "coordinates": [ 140.307365, 35.6970907 ] } },
{ "type": "Feature", "properties": { "内容": "ヤックスデイサービス八街東【通所介護】千葉県八街市文違301-3836", "url": "https://www.kaigokensaku.mhlw.go.jp/12/index.php?action_kouhyou_detail_004_kani=true&JigyosyoCd=1273501385-00&ServiceCd=150&Type=search", "url2": null }, "geometry": { "type": "Point", "coordinates": [ 140.3175675, 35.6741865 ] } },
{ "type": "Feature", "properties": { "内容": "リハビリデイ雷鳥【通所介護】千葉県印西市草深138", "url": "https://www.kaigokensaku.mhlw.go.jp/12/index.php?action_kouhyou_detail_004_kani=true&JigyosyoCd=1273601029-00&ServiceCd=150&Type=search", "url2": "https://chibashintoshi.or.jp/" }, "geometry": { "type": "Point", "coordinates": [ 140.14268340000001, 35.7976467 ] } },
{ "type": "Feature", "properties": { "内容": "千葉ニュータウンデイサービスセンター【通所介護】千葉県印西市内野1-5-6", "url": "https://www.kaigokensaku.mhlw.go.jp/12/index.php?action_kouhyou_detail_004_kani=true&JigyosyoCd=1273600252-00&ServiceCd=150&Type=search", "url2": null }, "geometry": { "type": "Point", "coordinates": [ 140.124449499999969, 35.7967668 ] } },
{ "type": "Feature", "properties": { "内容": "デイサービスセンターアインキューゲル【通所介護】千葉県印西市中央南1-7-4", "url": "https://www.kaigokensaku.mhlw.go.jp/12/index.php?action_kouhyou_detail_004_kani=true&JigyosyoCd=1273600831-00&ServiceCd=150&Type=search", "url2": null }, "geometry": { "type": "Point", "coordinates": [ 140.118114699999978, 35.79879720000001 ] } },
{ "type": "Feature", "properties": { "内容": "ゆかり印西デイサービスセンターつくしんぼ【通所介護】千葉県印西市木下１６４９", "url": "https://www.kaigokensaku.mhlw.go.jp/12/index.php?action_kouhyou_detail_004_kani=true&JigyosyoCd=1273600740-00&ServiceCd=150&Type=search", "url2": "https://yukari-gr.jp/" }, "geometry": { "type": "Point", "coordinates": [ 140.145998599999984, 35.8403224 ] } },
{ "type": "Feature", "properties": { "内容": "デイサービスセンター印西【通所介護】千葉県印西市草深225-5", "url": "https://www.kaigokensaku.mhlw.go.jp/12/index.php?action_kouhyou_detail_004_kani=true&JigyosyoCd=1273600781-00&ServiceCd=150&Type=search", "url2": "http://shououkai.or.jp/" }, "geometry": { "type": "Point", "coordinates": [ 140.150695056483528, 35.792550758166144 ] } },
{ "type": "Feature", "properties": { "内容": "印西舞姫ケアセンターそよ風【通所介護】千葉県印西市舞姫1－1－25", "url": "https://www.kaigokensaku.mhlw.go.jp/12/index.php?action_kouhyou_detail_004_kani=true&JigyosyoCd=1273601094-00&ServiceCd=150&Type=search", "url2": "https://corp.sykz.co.jp/" }, "geometry": { "type": "Point", "coordinates": [ 140.202981473680097, 35.786682400060926 ] } },
{ "type": "Feature", "properties": { "内容": "老人デイサービスセンター　ホワイトヴィラ印西【通所介護】千葉県印西市大森2216-3", "url": "https://www.kaigokensaku.mhlw.go.jp/12/index.php?action_kouhyou_detail_004_kani=true&JigyosyoCd=1273600070-00&ServiceCd=150&Type=search", "url2": "https://hokutotaizankai.com/inzai/" }, "geometry": { "type": "Point", "coordinates": [ 140.150449200000025, 35.8268888 ] } },
{ "type": "Feature", "properties": { "内容": "フレンズ印西デイサービスセンター【通所介護】千葉県印西市草深2302-3", "url": "https://www.kaigokensaku.mhlw.go.jp/12/index.php?action_kouhyou_detail_004_kani=true&JigyosyoCd=1273600823-00&ServiceCd=150&Type=search", "url2": "http://friends-inzai.info" }, "geometry": { "type": "Point", "coordinates": [ 140.162834, 35.7961422 ] } },
{ "type": "Feature", "properties": { "内容": "印旛晴山苑デイサービスセンター【通所介護】千葉県印西市大廻187", "url": "https://www.kaigokensaku.mhlw.go.jp/12/index.php?action_kouhyou_detail_004_kani=true&JigyosyoCd=1274100096-00&ServiceCd=150&Type=search", "url2": "https://seizan-kai.or.jp/inba/" }, "geometry": { "type": "Point", "coordinates": [ 140.178649800000017, 35.7784726 ] } },
{ "type": "Feature", "properties": { "内容": "プレーゲ印西牧の原通所介護事業所【通所介護】千葉県印西市牧の原1－3", "url": "https://www.kaigokensaku.mhlw.go.jp/12/index.php?action_kouhyou_detail_004_kani=true&JigyosyoCd=1273600609-00&ServiceCd=150&Type=search", "url2": "http://www.rikushinkai.com/" }, "geometry": { "type": "Point", "coordinates": [ 140.162586599999941, 35.8057938 ] } },
{ "type": "Feature", "properties": { "内容": "プレーゲ本埜通所介護事業所【通所介護】千葉県印西市笠神1620", "url": "https://www.kaigokensaku.mhlw.go.jp/12/index.php?action_kouhyou_detail_004_kani=true&JigyosyoCd=1274300035-00&ServiceCd=150&Type=search", "url2": "http://www.rikushinkai.com/" }, "geometry": { "type": "Point", "coordinates": [ 140.209765800000014, 35.8267982 ] } },
{ "type": "Feature", "properties": { "内容": "通所介護事業所ハートヴィレッヂ【通所介護】千葉県印西市武西1269-1", "url": "https://www.kaigokensaku.mhlw.go.jp/12/index.php?action_kouhyou_detail_004_kani=true&JigyosyoCd=1273600328-00&ServiceCd=150&Type=search", "url2": "https://ryushinkai.or.jp" }, "geometry": { "type": "Point", "coordinates": [ 140.1096437, 35.7891622 ] } },
{ "type": "Feature", "properties": { "内容": "デイサービスセンター　スターダスト【通所介護】千葉県印西市高花2-3-6住宅型有料老人ホーム　トワイライト内", "url": "https://www.kaigokensaku.mhlw.go.jp/12/index.php?action_kouhyou_detail_004_kani=true&JigyosyoCd=1273600872-00&ServiceCd=150&Type=search", "url2": "https://www.prologue-ltd.jp/" }, "geometry": { "type": "Point", "coordinates": [ 140.140918699999929, 35.7964836 ] } },
{ "type": "Feature", "properties": { "内容": "桜台デイサービスセンター【通所介護】千葉県白井市桜台2-7-3", "url": "https://www.kaigokensaku.mhlw.go.jp/12/index.php?action_kouhyou_detail_004_kani=true&JigyosyoCd=1274200094-00&ServiceCd=150&Type=search", "url2": "http://shououkai.or.jp/" }, "geometry": { "type": "Point", "coordinates": [ 140.10384410000006, 35.7987805 ] } },
{ "type": "Feature", "properties": { "内容": "楽リハデイサービスセンター白井【通所介護】千葉県白井市根235番2号リハモードヴィラ白井", "url": "https://www.kaigokensaku.mhlw.go.jp/12/index.php?action_kouhyou_detail_004_kani=true&JigyosyoCd=1274200888-00&ServiceCd=150&Type=search", "url2": "https://www.greenlife-inc.co.jp" }, "geometry": { "type": "Point", "coordinates": [ 140.0391713, 35.7744646 ] } },
{ "type": "Feature", "properties": { "内容": "白井ケアセンターそよ風【通所介護】千葉県白井市西白井2-10-17", "url": "https://www.kaigokensaku.mhlw.go.jp/12/index.php?action_kouhyou_detail_004_kani=true&JigyosyoCd=1274200227-00&ServiceCd=150&Type=search", "url2": "https://www.sykz.co.jp/" }, "geometry": { "type": "Point", "coordinates": [ 140.028029899999979, 35.7949164 ] } },
{ "type": "Feature", "properties": { "内容": "デイホームおてだま【通所介護】千葉県白井市根1369番地2", "url": "https://www.kaigokensaku.mhlw.go.jp/12/index.php?action_kouhyou_detail_004_kani=true&JigyosyoCd=1274200334-00&ServiceCd=150&Type=search", "url2": "http://hp.kaipoke.biz/6g5/15031/detail_0004.html" }, "geometry": { "type": "Point", "coordinates": [ 140.040859899999987, 35.7900913 ] } },
{ "type": "Feature", "properties": { "内容": "ツクイ西白井【通所介護】千葉県白井市根1707-1", "url": "https://www.kaigokensaku.mhlw.go.jp/12/index.php?action_kouhyou_detail_004_kani=true&JigyosyoCd=1274200714-00&ServiceCd=150&Type=search", "url2": "https://www.tsukui.net/" }, "geometry": { "type": "Point", "coordinates": [ 140.029493900000034, 35.7859638 ] } },
{ "type": "Feature", "properties": { "内容": "菊華園デイサービスセンター【通所介護】千葉県白井市神々廻１０３０番地", "url": "https://www.kaigokensaku.mhlw.go.jp/12/index.php?action_kouhyou_detail_004_kani=true&JigyosyoCd=1274200060-00&ServiceCd=150&Type=search", "url2": "http://www.kikaen.or.jp/" }, "geometry": { "type": "Point", "coordinates": [ 140.078816299999971, 35.8000301 ] } },
{ "type": "Feature", "properties": { "内容": "リハビリデイしろい【通所介護】千葉県白井市根1738-8", "url": "https://www.kaigokensaku.mhlw.go.jp/12/index.php?action_kouhyou_detail_004_kani=true&JigyosyoCd=1274200789-00&ServiceCd=150&Type=search", "url2": "https://www.day-karuizawa.jp/" }, "geometry": { "type": "Point", "coordinates": [ 140.0345499, 35.7906572 ] } },
{ "type": "Feature", "properties": { "内容": "リハビリデイサービス日吉台【通所介護】千葉県富里市日吉台５－４３－２リハビリデイサービス日吉台", "url": "https://www.kaigokensaku.mhlw.go.jp/12/index.php?action_kouhyou_detail_004_kani=true&JigyosyoCd=1274000544-00&ServiceCd=150&Type=search", "url2": "http://www.rehacare-s.co.jp" }, "geometry": { "type": "Point", "coordinates": [ 140.31481789999998, 35.7607012 ] } },
{ "type": "Feature", "properties": { "内容": "ソルシアス・フィットネス成田【通所介護】千葉県富里市日吉台2-4-3成田コリンズ", "url": "https://www.kaigokensaku.mhlw.go.jp/12/index.php?action_kouhyou_detail_004_kani=true&JigyosyoCd=1274000874-00&ServiceCd=150&Type=search", "url2": null }, "geometry": { "type": "Point", "coordinates": [ 140.320731099999961, 35.7737548 ] } },
{ "type": "Feature", "properties": { "内容": "あずみ苑中沢【通所介護】千葉県富里市中沢359-32", "url": "https://www.kaigokensaku.mhlw.go.jp/12/index.php?action_kouhyou_detail_004_kani=true&JigyosyoCd=1274000809-00&ServiceCd=150&Type=search", "url2": "https://www.azumien.jp/" }, "geometry": { "type": "Point", "coordinates": [ 140.317828600000041, 35.7292525 ] } },
{ "type": "Feature", "properties": { "内容": "デイサービスセンター九十九荘【通所介護】千葉県富里市立沢新田192-16", "url": "https://www.kaigokensaku.mhlw.go.jp/12/index.php?action_kouhyou_detail_004_kani=true&JigyosyoCd=1274000064-00&ServiceCd=150&Type=search", "url2": "http://kiyosatokai.or.jp/" }, "geometry": { "type": "Point", "coordinates": [ 140.341119599999956, 35.7164319 ] } },
{ "type": "Feature", "properties": { "内容": "あい愛葉山ホーム【通所介護】千葉県富里市御料1139-33", "url": "https://www.kaigokensaku.mhlw.go.jp/12/index.php?action_kouhyou_detail_004_kani=true&JigyosyoCd=1274000197-00&ServiceCd=150&Type=search", "url2": "http://aiai-narita.com/blog-entry-20.html" }, "geometry": { "type": "Point", "coordinates": [ 140.358650799999964, 35.7236922 ] } },
{ "type": "Feature", "properties": { "内容": "リハプライド　富里【通所介護】千葉県富里市七栄533-170", "url": "https://www.kaigokensaku.mhlw.go.jp/12/index.php?action_kouhyou_detail_004_kani=true&JigyosyoCd=1274000726-00&ServiceCd=150&Type=search", "url2": "https://www.rehapride.co.jp/tomisato/" }, "geometry": { "type": "Point", "coordinates": [ 140.306783499999938, 35.7479166 ] } },
{ "type": "Feature", "properties": { "内容": "CSKスーパーデイサービス【通所介護】千葉県富里市日吉倉13-8CSKビルディング", "url": "https://www.kaigokensaku.mhlw.go.jp/12/index.php?action_kouhyou_detail_004_kani=true&JigyosyoCd=1274000635-00&ServiceCd=150&Type=search", "url2": "http://www.e-nicework.co.jp/" }, "geometry": { "type": "Point", "coordinates": [ 140.323913400000038, 35.7759272 ] } },
{ "type": "Feature", "properties": { "内容": "デイサービスセンターハートフルりはびり舎【通所介護】千葉県富里市七栄646-195", "url": "https://www.kaigokensaku.mhlw.go.jp/12/index.php?action_kouhyou_detail_004_kani=true&JigyosyoCd=1274000361-00&ServiceCd=150&Type=search", "url2": "https://www.motto-rehabilisha.com/" }, "geometry": { "type": "Point", "coordinates": [ 140.3386385, 35.7421868 ] } },
{ "type": "Feature", "properties": { "内容": "隠れ家デイサービス「夢乃」【通所介護】千葉県富里市御料字葉山909-17", "url": "https://www.kaigokensaku.mhlw.go.jp/12/index.php?action_kouhyou_detail_004_kani=true&JigyosyoCd=1274000353-00&ServiceCd=150&Type=search", "url2": "https://ezmailnippon3.wixsite.com/yumeno-day" }, "geometry": { "type": "Point", "coordinates": [ 140.35408069999994, 35.7296045 ] } },
{ "type": "Feature", "properties": { "内容": "運動リハビリデイサービスハッスルスマイル富里【通所介護】千葉県富里市十倉433-26", "url": "https://www.kaigokensaku.mhlw.go.jp/12/index.php?action_kouhyou_detail_004_kani=true&JigyosyoCd=1274000650-00&ServiceCd=150&Type=search", "url2": null }, "geometry": { "type": "Point", "coordinates": [ 140.3554236, 35.7109996 ] } },
{ "type": "Feature", "properties": { "内容": "有限会社ほのぼの指定通所介護事業所【通所介護】南房総市富浦町多田良１０７７－２", "url": "https://www.kaigokensaku.mhlw.go.jp/12/index.php?action_kouhyou_detail_004_kani=true&JigyosyoCd=1278800030-00&ServiceCd=150&Type=search", "url2": "http://honobonocareservice.web.fc2.com/" }, "geometry": { "type": "Point", "coordinates": [ 139.831519800000024, 35.0383521 ] } },
{ "type": "Feature", "properties": { "内容": "三芳光陽園指定通所介護事業所【通所介護】千葉県南房総市上堀280", "url": "https://www.kaigokensaku.mhlw.go.jp/12/index.php?action_kouhyou_detail_004_kani=true&JigyosyoCd=1278000037-00&ServiceCd=150&Type=search", "url2": "http://hakukou-kai.or.jp/" }, "geometry": { "type": "Point", "coordinates": [ 139.889051699999982, 35.0302178 ] } },
{ "type": "Feature", "properties": { "内容": "おもいやりの郷デイサービスセンター【通所介護】千葉県南房総市白浜町滝口7216-8", "url": "https://www.kaigokensaku.mhlw.go.jp/12/index.php?action_kouhyou_detail_004_kani=true&JigyosyoCd=1278100043-00&ServiceCd=150&Type=search", "url2": "https://omoiyarinosato.com/" }, "geometry": { "type": "Point", "coordinates": [ 139.880144100000052, 34.904328 ] } },
{ "type": "Feature", "properties": { "内容": "デイサービスセンターあそぼ【通所介護】千葉県南房総市千倉町平舘640-1番地", "url": "https://www.kaigokensaku.mhlw.go.jp/12/index.php?action_kouhyou_detail_004_kani=true&JigyosyoCd=1278200066-00&ServiceCd=150&Type=search", "url2": null }, "geometry": { "type": "Point", "coordinates": [ 139.958963499999982, 34.9541816 ] } },
{ "type": "Feature", "properties": { "内容": "ディサービスセンターリブ丸山【通所介護】千葉県南房総市川谷302-5特別養護老人ホームリブ丸山", "url": "https://www.kaigokensaku.mhlw.go.jp/12/index.php?action_kouhyou_detail_004_kani=true&JigyosyoCd=1278300031-00&ServiceCd=150&Type=search", "url2": "http://www.live-yuzu.ne.jp" }, "geometry": { "type": "Point", "coordinates": [ 139.95917970000005, 35.0583842 ] } },
{ "type": "Feature", "properties": { "内容": "デイサービスセンター「伏姫の郷」【通所介護】千葉県南房総市平久里下字宮崎１１２９－２", "url": "https://www.kaigokensaku.mhlw.go.jp/12/index.php?action_kouhyou_detail_004_kani=true&JigyosyoCd=1277800080-00&ServiceCd=150&Type=search", "url2": "https://freshbreeze.jp" }, "geometry": { "type": "Point", "coordinates": [ 139.91356559999997, 35.0964917 ] } },
{ "type": "Feature", "properties": { "内容": "デイサービスのぼう平磯【通所介護】千葉県南房総市千倉町平磯2179-6", "url": "https://www.kaigokensaku.mhlw.go.jp/12/index.php?action_kouhyou_detail_004_kani=true&JigyosyoCd=1278800287-00&ServiceCd=150&Type=search", "url2": "http://nobow.co.jp" }, "geometry": { "type": "Point", "coordinates": [ 139.958122234393272, 34.937590457250742 ] } },
{ "type": "Feature", "properties": { "内容": "デイサービスセンターびわの郷【通所介護】千葉県南房総市富浦町深名1170-1", "url": "https://www.kaigokensaku.mhlw.go.jp/12/index.php?action_kouhyou_detail_004_kani=true&JigyosyoCd=1277700025-00&ServiceCd=150&Type=search", "url2": "http://www.8910.or.jp" }, "geometry": { "type": "Point", "coordinates": [ 139.851612599999953, 35.0532338 ] } },
{ "type": "Feature", "properties": { "内容": "ヤックスデイサービス丸山【通所介護】千葉県南房総市加茂2651-1", "url": "https://www.kaigokensaku.mhlw.go.jp/12/index.php?action_kouhyou_detail_004_kani=true&JigyosyoCd=1278800493-00&ServiceCd=150&Type=search", "url2": "https://yacs.jp/" }, "geometry": { "type": "Point", "coordinates": [ 139.955516791957081, 35.013218125148626 ] } },
{ "type": "Feature", "properties": { "内容": "デイサービスセンター花の里【通所介護】千葉県南房総市和田町松田８０８", "url": "https://www.kaigokensaku.mhlw.go.jp/12/index.php?action_kouhyou_detail_004_kani=true&JigyosyoCd=1278400021-00&ServiceCd=150&Type=search", "url2": "http://www.ikumikai.org/hananosato/index.html" }, "geometry": { "type": "Point", "coordinates": [ 139.989325099999974, 35.0263618 ] } },
{ "type": "Feature", "properties": { "内容": "デイサービスがじゅまる【通所介護】千葉県匝瑳市飯倉2012-1", "url": "https://www.kaigokensaku.mhlw.go.jp/12/index.php?action_kouhyou_detail_004_kani=true&JigyosyoCd=1278700339-00&ServiceCd=150&Type=search", "url2": null }, "geometry": { "type": "Point", "coordinates": [ 140.514984199999958, 35.6964819 ] } },
{ "type": "Feature", "properties": { "内容": "九十九里ホーム飯高デイサービスセンター【通所介護】千葉県匝瑳市小高446-11九十九里ホーム飯高デイサービスセンター", "url": "https://www.kaigokensaku.mhlw.go.jp/12/index.php?action_kouhyou_detail_004_kani=true&JigyosyoCd=1278700214-00&ServiceCd=150&Type=search", "url2": null }, "geometry": { "type": "Point", "coordinates": [ 140.524652400000036, 35.749853 ] } },
{ "type": "Feature", "properties": { "内容": "瑞穂園デイサービスセンター【通所介護】千葉県匝瑳市八日市場ニ81番地3", "url": "https://www.kaigokensaku.mhlw.go.jp/12/index.php?action_kouhyou_detail_004_kani=true&JigyosyoCd=1278700156-00&ServiceCd=150&Type=search", "url2": "https://www.99-home.com/" }, "geometry": { "type": "Point", "coordinates": [ 140.560977099999945, 35.6902634 ] } },
{ "type": "Feature", "properties": { "内容": "ケアサロン悠々【通所介護】千葉県匝瑳市八日市場イ2804番地の3", "url": "https://www.kaigokensaku.mhlw.go.jp/12/index.php?action_kouhyou_detail_004_kani=true&JigyosyoCd=1278700057-00&ServiceCd=150&Type=search", "url2": "https://www.99-home.com/" }, "geometry": { "type": "Point", "coordinates": [ 140.546611100000064, 35.700234 ] } },
{ "type": "Feature", "properties": { "内容": "九十九里ホームデイサービスセンター【通所介護】千葉県匝瑳市飯倉１９番地の１", "url": "https://www.kaigokensaku.mhlw.go.jp/12/index.php?action_kouhyou_detail_004_kani=true&JigyosyoCd=1271900092-00&ServiceCd=150&Type=search", "url2": "https://www.99-home.com/" }, "geometry": { "type": "Point", "coordinates": [ 140.523799899999972, 35.6865467 ] } },
{ "type": "Feature", "properties": { "内容": "太陽の家デイサービスセンター【通所介護】千葉県匝瑳市春海6387", "url": "https://www.kaigokensaku.mhlw.go.jp/12/index.php?action_kouhyou_detail_004_kani=true&JigyosyoCd=1278700404-00&ServiceCd=150&Type=search", "url2": "https://www.99-home.com" }, "geometry": { "type": "Point", "coordinates": [ 140.5860092, 35.7334218 ] } },
{ "type": "Feature", "properties": { "内容": "リハビリデイサービスエール【通所介護】千葉県香取市野田８４８", "url": "https://www.kaigokensaku.mhlw.go.jp/12/index.php?action_kouhyou_detail_004_kani=true&JigyosyoCd=1278900392-00&ServiceCd=150&Type=search", "url2": null }, "geometry": { "type": "Point", "coordinates": [ 140.597204599999941, 35.8550397 ] } },
{ "type": "Feature", "properties": { "内容": "リハプライド香取【通所介護】千葉県香取市大倉5799-3", "url": "https://www.kaigokensaku.mhlw.go.jp/12/index.php?action_kouhyou_detail_004_kani=true&JigyosyoCd=1278900822-00&ServiceCd=150&Type=search", "url2": null }, "geometry": { "type": "Point", "coordinates": [ 140.560150400000026, 35.894396700000023 ] } },
{ "type": "Feature", "properties": { "内容": "デイサービスセンターじゅらく【通所介護】千葉県香取市佐原ホ323-2", "url": "https://www.kaigokensaku.mhlw.go.jp/12/index.php?action_kouhyou_detail_004_kani=true&JigyosyoCd=1271400259-00&ServiceCd=150&Type=search", "url2": "https://aikukai.com" }, "geometry": { "type": "Point", "coordinates": [ 140.485675600000036, 35.8952382 ] } },
{ "type": "Feature", "properties": { "内容": "香取市ひまわり苑デイサービスセンター【通所介護】千葉県香取市津宮4102", "url": "https://www.kaigokensaku.mhlw.go.jp/12/index.php?action_kouhyou_detail_004_kani=true&JigyosyoCd=1278900228-00&ServiceCd=150&Type=search", "url2": "https://e-houseikai.or.jp/himawarien/" }, "geometry": { "type": "Point", "coordinates": [ 140.53763, 35.9024276 ] } },
{ "type": "Feature", "properties": { "内容": "デイサービスリゲインライフ【通所介護】千葉県香取市小見川５５８０－２", "url": "https://www.kaigokensaku.mhlw.go.jp/12/index.php?action_kouhyou_detail_004_kani=true&JigyosyoCd=1278900814-00&ServiceCd=150&Type=search", "url2": "https://www.regainlife-omigawa5580-2.com/" }, "geometry": { "type": "Point", "coordinates": [ 140.608242531877096, 35.859976109608951 ] } },
{ "type": "Feature", "properties": { "内容": "朝日屋【通所介護】千葉県香取市野田200-1", "url": "https://www.kaigokensaku.mhlw.go.jp/12/index.php?action_kouhyou_detail_004_kani=true&JigyosyoCd=1274800133-00&ServiceCd=150&Type=search", "url2": "https://rakutendo.net/" }, "geometry": { "type": "Point", "coordinates": [ 140.600451499999963, 35.8515792 ] } },
{ "type": "Feature", "properties": { "内容": "ニチイケアセンター北佐原【通所介護】千葉県香取市篠原ロ字天洲1821-2", "url": "https://www.kaigokensaku.mhlw.go.jp/12/index.php?action_kouhyou_detail_004_kani=true&JigyosyoCd=1271400150-00&ServiceCd=150&Type=search", "url2": "https://www.nichiigakkan.co.jp/" }, "geometry": { "type": "Point", "coordinates": [ 140.517618, 35.91214 ] } },
{ "type": "Feature", "properties": { "内容": "デイサービスセンター　なないろ【通所介護】千葉県香取市佐原ロ2097-471", "url": "https://www.kaigokensaku.mhlw.go.jp/12/index.php?action_kouhyou_detail_004_kani=true&JigyosyoCd=1278900665-00&ServiceCd=150&Type=search", "url2": null }, "geometry": { "type": "Point", "coordinates": [ 140.497182841139193, 35.902690190302927 ] } },
{ "type": "Feature", "properties": { "内容": "香取市なのはな苑デイサービスセンター【通所介護】千葉県香取市大崎２１４", "url": "https://www.kaigokensaku.mhlw.go.jp/12/index.php?action_kouhyou_detail_004_kani=true&JigyosyoCd=1278900202-00&ServiceCd=150&Type=search", "url2": "https://rakutendo.net/" }, "geometry": { "type": "Point", "coordinates": [ 140.492752600000017, 35.8675895 ] } },
{ "type": "Feature", "properties": { "内容": "デイサービスセンター水都苑【通所介護】千葉県香取市小見川６７６－２", "url": "https://www.kaigokensaku.mhlw.go.jp/12/index.php?action_kouhyou_detail_004_kani=true&JigyosyoCd=1274800026-00&ServiceCd=150&Type=search", "url2": "http://suitoen.jp" }, "geometry": { "type": "Point", "coordinates": [ 140.615419200000019, 35.8495107 ] } },
{ "type": "Feature", "properties": { "内容": "デイサービス　和心【通所介護】千葉県香取市五郷内2077", "url": "https://www.kaigokensaku.mhlw.go.jp/12/index.php?action_kouhyou_detail_004_kani=true&JigyosyoCd=1278900251-00&ServiceCd=150&Type=search", "url2": null }, "geometry": { "type": "Point", "coordinates": [ 140.626674399999956, 35.8227651 ] } },
{ "type": "Feature", "properties": { "内容": "デイサービスセンター東総あやめ苑【通所介護】千葉県香取市佐原イ１２５７番地１", "url": "https://www.kaigokensaku.mhlw.go.jp/12/index.php?action_kouhyou_detail_004_kani=true&JigyosyoCd=1278900293-00&ServiceCd=150&Type=search", "url2": null }, "geometry": { "type": "Point", "coordinates": [ 140.486348639147991, 35.882502821912048 ] } },
{ "type": "Feature", "properties": { "内容": "九十九里ホーム山田デイサービスセンター【通所介護】千葉県香取市大角１５４５－１６", "url": "https://www.kaigokensaku.mhlw.go.jp/12/index.php?action_kouhyou_detail_004_kani=true&JigyosyoCd=1274900032-00&ServiceCd=150&Type=search", "url2": "https://www.99-home.com/" }, "geometry": { "type": "Point", "coordinates": [ 140.5552735, 35.7828236 ] } },
{ "type": "Feature", "properties": { "内容": "かとりの郷福楽園デイサービスセンター【通所介護】千葉県香取市内野448-1", "url": "https://www.kaigokensaku.mhlw.go.jp/12/index.php?action_kouhyou_detail_004_kani=true&JigyosyoCd=1278900616-00&ServiceCd=150&Type=search", "url2": "https://e-houseikai.or.jp" }, "geometry": { "type": "Point", "coordinates": [ 130.65684239999996, 33.5419227 ] } },
{ "type": "Feature", "properties": { "内容": "デイサービスセンター杜の家くりもと【通所介護】千葉県香取市岩部869番60", "url": "https://www.kaigokensaku.mhlw.go.jp/12/index.php?action_kouhyou_detail_004_kani=true&JigyosyoCd=1275000071-00&ServiceCd=150&Type=search", "url2": "https://www.gakudan.org/" }, "geometry": { "type": "Point", "coordinates": [ 140.517096600000059, 35.812619 ] } },
{ "type": "Feature", "properties": { "内容": "デイサービスセンターすこやかさん【通所介護】千葉県香取市与倉869-1", "url": "https://www.kaigokensaku.mhlw.go.jp/12/index.php?action_kouhyou_detail_004_kani=true&JigyosyoCd=1271400218-00&ServiceCd=150&Type=search", "url2": "http://sukoyakasan.com/" }, "geometry": { "type": "Point", "coordinates": [ 140.471301899999958, 35.8731379 ] } },
{ "type": "Feature", "properties": { "内容": "栗源デイサービスセンター【通所介護】千葉県香取市岩部946番1栗源デイサービスセンター", "url": "https://www.kaigokensaku.mhlw.go.jp/12/index.php?action_kouhyou_detail_004_kani=true&JigyosyoCd=1275000014-00&ServiceCd=150&Type=search", "url2": "http://youkikai.org" }, "geometry": { "type": "Point", "coordinates": [ 140.50116, 35.809994 ] } },
{ "type": "Feature", "properties": { "内容": "通所介護香取の杜中々【通所介護】千葉県香取市小見川5598-1", "url": "https://www.kaigokensaku.mhlw.go.jp/12/index.php?action_kouhyou_detail_004_kani=true&JigyosyoCd=1278900095-00&ServiceCd=150&Type=search", "url2": null }, "geometry": { "type": "Point", "coordinates": [ 140.612055400000031, 35.8623893 ] } },
{ "type": "Feature", "properties": { "内容": "ヤックスデイサービス小見川【通所介護】千葉県香取市小見川666-2", "url": "https://www.kaigokensaku.mhlw.go.jp/12/index.php?action_kouhyou_detail_004_kani=true&JigyosyoCd=1278900855-00&ServiceCd=150&Type=search", "url2": null }, "geometry": { "type": "Point", "coordinates": [ 140.61437950228796, 35.849381399334206 ] } },
{ "type": "Feature", "properties": { "内容": "デイサービスセンター海【通所介護】千葉県山武市蓮沼二５０３２番地", "url": "https://www.kaigokensaku.mhlw.go.jp/12/index.php?action_kouhyou_detail_004_kani=true&JigyosyoCd=1276200035-00&ServiceCd=150&Type=search", "url2": "http://minorinomura.or.jp/" }, "geometry": { "type": "Point", "coordinates": [ 140.482414699999907, 35.5942591 ] } },
{ "type": "Feature", "properties": { "内容": "デイサービス紙ふうせん【通所介護】千葉県山武市埴谷967-1", "url": "https://www.kaigokensaku.mhlw.go.jp/12/index.php?action_kouhyou_detail_004_kani=true&JigyosyoCd=1279000226-00&ServiceCd=150&Type=search", "url2": "http://kami-fuusen.net/" }, "geometry": { "type": "Point", "coordinates": [ 140.375086, 35.652803799999965 ] } },
{ "type": "Feature", "properties": { "内容": "姫島デイサービスセンター【通所介護】千葉県山武市姫島270-1", "url": "https://www.kaigokensaku.mhlw.go.jp/12/index.php?action_kouhyou_detail_004_kani=true&JigyosyoCd=1276000070-00&ServiceCd=150&Type=search", "url2": "https://www.josn.jp/" }, "geometry": { "type": "Point", "coordinates": [ 140.389260499999978, 35.58975190000001 ] } },
{ "type": "Feature", "properties": { "内容": "デイホームはんや【通所介護】千葉県山武市埴谷１０９１", "url": "https://www.kaigokensaku.mhlw.go.jp/12/index.php?action_kouhyou_detail_004_kani=true&JigyosyoCd=1279000135-00&ServiceCd=150&Type=search", "url2": null }, "geometry": { "type": "Point", "coordinates": [ 140.3733916, 35.653673199999986 ] } },
{ "type": "Feature", "properties": { "内容": "桔梗ケ丘シルバーホーム【通所介護】千葉県山武市松尾町田越７５６－６", "url": "https://www.kaigokensaku.mhlw.go.jp/12/index.php?action_kouhyou_detail_004_kani=true&JigyosyoCd=1276300033-00&ServiceCd=150&Type=search", "url2": "http:www.kikyou.jp" }, "geometry": { "type": "Point", "coordinates": [ 140.44385520000003, 35.6301122 ] } },
{ "type": "Feature", "properties": { "内容": "デイサービスセンター北総長寿苑【通所介護】千葉県山武市木原814-1", "url": "https://www.kaigokensaku.mhlw.go.jp/12/index.php?action_kouhyou_detail_004_kani=true&JigyosyoCd=1276100045-00&ServiceCd=150&Type=search", "url2": "https://www.juyoukai.jp/" }, "geometry": { "type": "Point", "coordinates": [ 140.3536686, 35.6484536 ] } },
{ "type": "Feature", "properties": { "内容": "デイサービスオットマン【通所介護】千葉県山武市成東165－2", "url": "https://www.kaigokensaku.mhlw.go.jp/12/index.php?action_kouhyou_detail_004_kani=true&JigyosyoCd=1279000614-00&ServiceCd=150&Type=search", "url2": "https://www.ottoman-cares.co.jp/" }, "geometry": { "type": "Point", "coordinates": [ 140.4101421, 35.6005626 ] } },
{ "type": "Feature", "properties": { "内容": "デイサービスセンター愛恵苑【通所介護】千葉県いすみ市岬町中滝１６９２－３", "url": "https://www.kaigokensaku.mhlw.go.jp/12/index.php?action_kouhyou_detail_004_kani=true&JigyosyoCd=1277600118-00&ServiceCd=150&Type=search", "url2": "https://aikeikai-misaki.com" }, "geometry": { "type": "Point", "coordinates": [ 140.35657029999993, 35.3020664 ] } },
{ "type": "Feature", "properties": { "内容": "デイサービスいすみ苑【通所介護】千葉県いすみ市能実615番地", "url": "https://www.kaigokensaku.mhlw.go.jp/12/index.php?action_kouhyou_detail_004_kani=true&JigyosyoCd=1277300040-00&ServiceCd=150&Type=search", "url2": "https://koujyu-kai.jp/" }, "geometry": { "type": "Point", "coordinates": [ 140.306632900000068, 35.3166485 ] } },
{ "type": "Feature", "properties": { "内容": "シルバーガーデンデイサービスセンター【通所介護】千葉県いすみ市新田若山深堀入会地９番地", "url": "https://www.kaigokensaku.mhlw.go.jp/12/index.php?action_kouhyou_detail_004_kani=true&JigyosyoCd=1277500029-00&ServiceCd=150&Type=search", "url2": "http://isumisilvergarden.web.fc2.com/" }, "geometry": { "type": "Point", "coordinates": [ 140.373631700000033, 35.2386601 ] } },
{ "type": "Feature", "properties": { "内容": "デイサービスセンターふきのとう【通所介護】千葉県いすみ市作田西台７７０番地１", "url": "https://www.kaigokensaku.mhlw.go.jp/12/index.php?action_kouhyou_detail_004_kani=true&JigyosyoCd=1277300107-00&ServiceCd=150&Type=search", "url2": "https://fcs-fukinotou.co.jp/" }, "geometry": { "type": "Point", "coordinates": [ 140.280321700000059, 35.293745199999989 ] } },
{ "type": "Feature", "properties": { "内容": "コンパスウォークいすみ【通所介護】千葉県いすみ市岬町井沢1922-2", "url": "https://www.kaigokensaku.mhlw.go.jp/12/index.php?action_kouhyou_detail_004_kani=true&JigyosyoCd=1278600554-00&ServiceCd=150&Type=search", "url2": "https://keigo-group.co.jp/shop/chibaken/1863/" }, "geometry": { "type": "Point", "coordinates": [ 140.393558700000028, 35.289733200000022 ] } },
{ "type": "Feature", "properties": { "内容": "ヤックスデイサービス大原【通所介護】千葉県いすみ市若山49", "url": "https://www.kaigokensaku.mhlw.go.jp/12/index.php?action_kouhyou_detail_004_kani=true&JigyosyoCd=1277500102-00&ServiceCd=150&Type=search", "url2": null }, "geometry": { "type": "Point", "coordinates": [ 140.394020947021204, 35.264238558781997 ] } },
{ "type": "Feature", "properties": { "内容": "ヤックスデイサービスいすみ岬【通所介護】千葉県いすみ市岬町和泉2100-2", "url": "https://www.kaigokensaku.mhlw.go.jp/12/index.php?action_kouhyou_detail_004_kani=true&JigyosyoCd=1278600539-00&ServiceCd=150&Type=search", "url2": null }, "geometry": { "type": "Point", "coordinates": [ 140.4026407, 35.3126577 ] } },
{ "type": "Feature", "properties": { "内容": "デイサービスセンター杜の街【通所介護】千葉県大網白里市南飯塚404-14", "url": "https://www.kaigokensaku.mhlw.go.jp/12/index.php?action_kouhyou_detail_004_kani=true&JigyosyoCd=1275800439-00&ServiceCd=150&Type=search", "url2": "https://huku-hokuto.jp/" }, "geometry": { "type": "Point", "coordinates": [ 140.346599800000035, 35.5020196 ] } },
{ "type": "Feature", "properties": { "内容": "しらさとデイサービスセンター杜の街【通所介護】千葉県大網白里市南今泉298-1", "url": "https://www.kaigokensaku.mhlw.go.jp/12/index.php?action_kouhyou_detail_004_kani=true&JigyosyoCd=1275800579-00&ServiceCd=150&Type=search", "url2": null }, "geometry": { "type": "Point", "coordinates": [ 140.414832499999989, 35.4875727 ] } },
{ "type": "Feature", "properties": { "内容": "セントケアデイサービス大網【通所介護】千葉県大網白里市大網327-2", "url": "https://www.kaigokensaku.mhlw.go.jp/12/index.php?action_kouhyou_detail_004_kani=true&JigyosyoCd=1279200099-00&ServiceCd=150&Type=search", "url2": "https://www.saint-care.com/chiba/" }, "geometry": { "type": "Point", "coordinates": [ 140.32335683439328, 35.524696768547805 ] } },
{ "type": "Feature", "properties": { "内容": "デイサービストマト【通所介護】千葉県大網白里市永田160-2", "url": "https://www.kaigokensaku.mhlw.go.jp/12/index.php?action_kouhyou_detail_004_kani=true&JigyosyoCd=1275800678-00&ServiceCd=150&Type=search", "url2": "http://www.minnano-tomato.com/" }, "geometry": { "type": "Point", "coordinates": [ 140.308210593729171, 35.502240470360128 ] } },
{ "type": "Feature", "properties": { "内容": "季美の森デイサービスセンター【通所介護】千葉県大網白里市季美の森南1-30-8", "url": "https://www.kaigokensaku.mhlw.go.jp/12/index.php?action_kouhyou_detail_004_kani=true&JigyosyoCd=1279200412-00&ServiceCd=150&Type=search", "url2": "https://www.seikikai.net/" }, "geometry": { "type": "Point", "coordinates": [ 140.292446337889857, 35.554031321194181 ] } },
{ "type": "Feature", "properties": { "内容": "デイサービスレクリー【通所介護】千葉県大網白里市北今泉３０４５番地", "url": "https://www.kaigokensaku.mhlw.go.jp/12/index.php?action_kouhyou_detail_004_kani=true&JigyosyoCd=1275800611-00&ServiceCd=150&Type=search", "url2": "https://www.placer.cc/" }, "geometry": { "type": "Point", "coordinates": [ 140.420858599999974, 35.499352 ] } },
{ "type": "Feature", "properties": { "内容": "アンズデイサービスセンター【通所介護】千葉県大網白里市柳橋437-1", "url": "https://www.kaigokensaku.mhlw.go.jp/12/index.php?action_kouhyou_detail_004_kani=true&JigyosyoCd=1279200602-00&ServiceCd=150&Type=search", "url2": null }, "geometry": { "type": "Point", "coordinates": [ 140.3645357, 35.5053701 ] } },
{ "type": "Feature", "properties": { "内容": "おおあみ緑の里デイサービスセンター【通所介護】千葉県大網白里市柿餅268－2", "url": "https://www.kaigokensaku.mhlw.go.jp/12/index.php?action_kouhyou_detail_004_kani=true&JigyosyoCd=1275800744-00&ServiceCd=150&Type=search", "url2": "http://www.midorinosato.org/" }, "geometry": { "type": "Point", "coordinates": [ 140.351015500000017, 35.516721 ] } },
{ "type": "Feature", "properties": { "内容": "デイサービスさんぽ道【通所介護】千葉県大網白里市南横川3138－132", "url": "https://www.kaigokensaku.mhlw.go.jp/12/index.php?action_kouhyou_detail_004_kani=true&JigyosyoCd=1275800512-00&ServiceCd=150&Type=search", "url2": "http://care-net.biz/12/sanpomichi" }, "geometry": { "type": "Point", "coordinates": [ 140.347691899999973, 35.4935124 ] } },
{ "type": "Feature", "properties": { "内容": "ヤックスデイサービスセンター大網【通所介護】千葉県大網白里市柿餅３４ヤックスケアタウン大網増穂店内", "url": "https://www.kaigokensaku.mhlw.go.jp/12/index.php?action_kouhyou_detail_004_kani=true&JigyosyoCd=1275800850-00&ServiceCd=150&Type=search", "url2": null }, "geometry": { "type": "Point", "coordinates": [ 140.351168499999972, 35.5094274 ] } },
{ "type": "Feature", "properties": { "内容": "りんごの歌　大網【通所介護】千葉県大網白里市大網515長門コーポ１F", "url": "https://www.kaigokensaku.mhlw.go.jp/12/index.php?action_kouhyou_detail_004_kani=true&JigyosyoCd=1279200511-00&ServiceCd=150&Type=search", "url2": "https://www.well-resource.net/" }, "geometry": { "type": "Point", "coordinates": [ 140.3296589, 35.5261345 ] } },
{ "type": "Feature", "properties": { "内容": "そよかぜ学校【通所介護】千葉県大網白里市みどりが丘3-16-12", "url": "https://www.kaigokensaku.mhlw.go.jp/12/index.php?action_kouhyou_detail_004_kani=true&JigyosyoCd=1279200552-00&ServiceCd=150&Type=search", "url2": null }, "geometry": { "type": "Point", "coordinates": [ 140.31658010000001, 35.5433045 ] } },
{ "type": "Feature", "properties": { "内容": "デイサービス　仙寿【通所介護】千葉県印旛郡酒々井町上岩橋1378", "url": "https://www.kaigokensaku.mhlw.go.jp/12/index.php?action_kouhyou_detail_004_kani=true&JigyosyoCd=1273900298-00&ServiceCd=150&Type=search", "url2": null }, "geometry": { "type": "Point", "coordinates": [ 140.280069732540824, 35.733354627085966 ] } },
{ "type": "Feature", "properties": { "内容": "デイサービス白鞘【通所介護】千葉県印旛郡酒々井町伊篠字越徳154－11", "url": "https://www.kaigokensaku.mhlw.go.jp/12/index.php?action_kouhyou_detail_004_kani=true&JigyosyoCd=1273900397-00&ServiceCd=150&Type=search", "url2": null }, "geometry": { "type": "Point", "coordinates": [ 140.286572726383326, 35.743560168883725 ] } },
{ "type": "Feature", "properties": { "内容": "栄白翠園デイサービスセンター【通所介護】千葉県印旛郡栄町酒直1335番地", "url": "https://www.kaigokensaku.mhlw.go.jp/12/index.php?action_kouhyou_detail_004_kani=true&JigyosyoCd=1274400074-00&ServiceCd=150&Type=search", "url2": "http://hakusuien.jp/" }, "geometry": { "type": "Point", "coordinates": [ 140.2601406, 35.8309716 ] } },
{ "type": "Feature", "properties": { "内容": "ヤックスデイサービス安食【通所介護】千葉県印旛郡栄町安食947-5ヤックスドラッグ安食店内", "url": "https://www.kaigokensaku.mhlw.go.jp/12/index.php?action_kouhyou_detail_004_kani=true&JigyosyoCd=1274400249-00&ServiceCd=150&Type=search", "url2": null }, "geometry": { "type": "Point", "coordinates": [ 140.251211, 35.8315991 ] } },
{ "type": "Feature", "properties": { "内容": "デイサービス希望【通所介護】千葉県香取郡神崎町四季の丘26-4", "url": "https://www.kaigokensaku.mhlw.go.jp/12/index.php?action_kouhyou_detail_004_kani=true&JigyosyoCd=1274600079-00&ServiceCd=150&Type=search", "url2": "http://katorisangyou.com/kibou/index.html" }, "geometry": { "type": "Point", "coordinates": [ 140.413884202516186, 35.889266138677456 ] } },
{ "type": "Feature", "properties": { "内容": "デイサービスセンターじょうもんの郷【通所介護】千葉県香取郡神崎町神崎神宿６６番地１０号", "url": "https://www.kaigokensaku.mhlw.go.jp/12/index.php?action_kouhyou_detail_004_kani=true&JigyosyoCd=1274600053-00&ServiceCd=150&Type=search", "url2": "http://www.koubun.or.jp/publics/index/16/" }, "geometry": { "type": "Point", "coordinates": [ 140.399846599999989, 35.896952400000011 ] } },
{ "type": "Feature", "properties": { "内容": "神崎町社会福祉協議会　通所介護事業所【通所介護】千葉県香取郡神崎町神崎本宿９６番地", "url": "https://www.kaigokensaku.mhlw.go.jp/12/index.php?action_kouhyou_detail_004_kani=true&JigyosyoCd=1274600012-00&ServiceCd=150&Type=search", "url2": "http://www.kozaki-shakyo.jp/" }, "geometry": { "type": "Point", "coordinates": [ 140.402812600000061, 35.9017135 ] } },
{ "type": "Feature", "properties": { "内容": "多古特別養護老人ホーム【通所介護】千葉県香取郡多古町南玉造４６０－３６", "url": "https://www.kaigokensaku.mhlw.go.jp/12/index.php?action_kouhyou_detail_004_kani=true&JigyosyoCd=1275100012-00&ServiceCd=150&Type=search", "url2": "http://hakkousou.or.jp/tako/" }, "geometry": { "type": "Point", "coordinates": [ 140.520536, 35.7556606 ] } },
{ "type": "Feature", "properties": { "内容": "国保多古中央病院【通所介護】千葉県香取郡多古町多古388-1", "url": "https://www.kaigokensaku.mhlw.go.jp/12/index.php?action_kouhyou_detail_004_kani=true&JigyosyoCd=1213010386-00&ServiceCd=150&Type=search", "url2": "http://www.takochu.tako.chiba.jp/" }, "geometry": { "type": "Point", "coordinates": [ 140.471852, 35.7381917 ] } },
{ "type": "Feature", "properties": { "内容": "ヤックスデイサービス多古【通所介護】千葉県香取郡多古町多古1038-1", "url": "https://www.kaigokensaku.mhlw.go.jp/12/index.php?action_kouhyou_detail_004_kani=true&JigyosyoCd=1275100210-00&ServiceCd=150&Type=search", "url2": null }, "geometry": { "type": "Point", "coordinates": [ 140.468990100000013, 35.7313656 ] } },
{ "type": "Feature", "properties": { "内容": "デイサービスセンター多古新町ハウス【通所介護】千葉県香取郡多古町多古2686番1", "url": "https://www.kaigokensaku.mhlw.go.jp/12/index.php?action_kouhyou_detail_004_kani=true&JigyosyoCd=1275100228-00&ServiceCd=150&Type=search", "url2": "https://makinomikai.jp/" }, "geometry": { "type": "Point", "coordinates": [ 140.4653908, 35.7399258 ] } },
{ "type": "Feature", "properties": { "内容": "東庄町デイサービスセンター【通所介護】千葉県香取郡東庄町石出2692-4", "url": "https://www.kaigokensaku.mhlw.go.jp/12/index.php?action_kouhyou_detail_004_kani=true&JigyosyoCd=1275300026-00&ServiceCd=150&Type=search", "url2": "https://rakutendo.net/service/daycare/day-tonosho" }, "geometry": { "type": "Point", "coordinates": [ 140.697703700000034, 35.8200895 ] } },
{ "type": "Feature", "properties": { "内容": "デイサービスセンターアイケア【通所介護】千葉県山武郡九十九里町真亀1674和楽久　九十九里", "url": "https://www.kaigokensaku.mhlw.go.jp/12/index.php?action_kouhyou_detail_004_kani=true&JigyosyoCd=1275900403-00&ServiceCd=150&Type=search", "url2": "http://www.i-care-service.com" }, "geometry": { "type": "Point", "coordinates": [ 140.42211640000005, 35.5076288 ] } },
{ "type": "Feature", "properties": { "内容": "通所介護事業所シルバーシャドウ【通所介護】千葉県山武郡九十九里町片貝2705-7", "url": "https://www.kaigokensaku.mhlw.go.jp/12/index.php?action_kouhyou_detail_004_kani=true&JigyosyoCd=1275900510-00&ServiceCd=150&Type=search", "url2": null }, "geometry": { "type": "Point", "coordinates": [ 140.437972699999989, 35.5328054 ] } },
{ "type": "Feature", "properties": { "内容": "デイサービスセンター時の村10号館白ゆり【通所介護】千葉県山武郡九十九里町下貝塚886番地1", "url": "https://www.kaigokensaku.mhlw.go.jp/12/index.php?action_kouhyou_detail_004_kani=true&JigyosyoCd=1275900130-00&ServiceCd=150&Type=search", "url2": "http://care-net.biz/12/shirayuri/" }, "geometry": { "type": "Point", "coordinates": [ 140.433201867984025, 35.513772081386819 ] } },
{ "type": "Feature", "properties": { "内容": "九十九里園デイサービスセンター【通所介護】千葉県山武郡九十九里町粟生1532番1", "url": "https://www.kaigokensaku.mhlw.go.jp/12/index.php?action_kouhyou_detail_004_kani=true&JigyosyoCd=1275900049-00&ServiceCd=150&Type=search", "url2": null }, "geometry": { "type": "Point", "coordinates": [ 140.4318816, 35.5252463 ] } },
{ "type": "Feature", "properties": { "内容": "デイサービスセンターはまなす苑【通所介護】千葉県九十九里町真亀１８３６", "url": "https://www.kaigokensaku.mhlw.go.jp/12/index.php?action_kouhyou_detail_004_kani=true&JigyosyoCd=1275900486-00&ServiceCd=150&Type=search", "url2": null }, "geometry": { "type": "Point", "coordinates": [ 140.414002, 35.5109732 ] } },
{ "type": "Feature", "properties": { "内容": "楽天堂そら【通所介護】千葉県山武郡芝山町菱田1087-5", "url": "https://www.kaigokensaku.mhlw.go.jp/12/index.php?action_kouhyou_detail_004_kani=true&JigyosyoCd=1276500061-00&ServiceCd=150&Type=search", "url2": "https://rakutendo.net/" }, "geometry": { "type": "Point", "coordinates": [ 140.408480599999962, 35.7493186 ] } },
{ "type": "Feature", "properties": { "内容": "社会福祉法人東和福祉会デイサービスセンター三愛【通所介護】千葉県山武郡横芝光町栗山2700", "url": "https://www.kaigokensaku.mhlw.go.jp/12/index.php?action_kouhyou_detail_004_kani=true&JigyosyoCd=1279100372-00&ServiceCd=150&Type=search", "url2": "http://care-net.biz/12/sanai-touwa/" }, "geometry": { "type": "Point", "coordinates": [ 140.4952418, 35.658234 ] } },
{ "type": "Feature", "properties": { "内容": "ふぁみりーデイサービス【通所介護】千葉県山武郡横芝光町宮川６９６９－６", "url": "https://www.kaigokensaku.mhlw.go.jp/12/index.php?action_kouhyou_detail_004_kani=true&JigyosyoCd=1279100091-00&ServiceCd=150&Type=search", "url2": null }, "geometry": { "type": "Point", "coordinates": [ 140.510630939286784, 35.670914150947965 ] } },
{ "type": "Feature", "properties": { "内容": "運動型デイサービス和み【通所介護】千葉県山武郡横芝光町原方２４６１番地５", "url": "https://www.kaigokensaku.mhlw.go.jp/12/index.php?action_kouhyou_detail_004_kani=true&JigyosyoCd=1279100331-00&ServiceCd=150&Type=search", "url2": "https://group-hikari.jimdofree.com/" }, "geometry": { "type": "Point", "coordinates": [ 140.516278053945314, 35.642181930121325 ] } },
{ "type": "Feature", "properties": { "内容": "癒し処さくら【通所介護】千葉県山武郡横芝光町栗山4498-1", "url": "https://www.kaigokensaku.mhlw.go.jp/12/index.php?action_kouhyou_detail_004_kani=true&JigyosyoCd=1276400163-00&ServiceCd=150&Type=search", "url2": "https://www.gureisu.jp/" }, "geometry": { "type": "Point", "coordinates": [ 140.501944699999967, 35.6441083 ] } },
{ "type": "Feature", "properties": { "内容": "デイサービスセンター吉祥苑【通所介護】千葉県山武郡横芝光町寺方780-1", "url": "https://www.kaigokensaku.mhlw.go.jp/12/index.php?action_kouhyou_detail_004_kani=true&JigyosyoCd=1276400080-00&ServiceCd=150&Type=search", "url2": "https://www.kissyoen.net/" }, "geometry": { "type": "Point", "coordinates": [ 140.461145441912805, 35.67645849792541 ] } },
{ "type": "Feature", "properties": { "内容": "第二松丘園デイサービスセンター【通所介護】千葉県山武郡横芝光町宮川１２１０３－１", "url": "https://www.kaigokensaku.mhlw.go.jp/12/index.php?action_kouhyou_detail_004_kani=true&JigyosyoCd=1275600029-00&ServiceCd=150&Type=search", "url2": "https://www.99-home.com/" }, "geometry": { "type": "Point", "coordinates": [ 140.503985100000023, 35.6577655 ] } },
{ "type": "Feature", "properties": { "内容": "ヤックスデイサービス横芝光【通所介護】横芝光町横芝２１４８－１", "url": "https://www.kaigokensaku.mhlw.go.jp/12/index.php?action_kouhyou_detail_004_kani=true&JigyosyoCd=1279100265-00&ServiceCd=150&Type=search", "url2": null }, "geometry": { "type": "Point", "coordinates": [ 140.4859535, 35.660933 ] } },
{ "type": "Feature", "properties": { "内容": "デイサービスセンター一宮苑【通所介護】千葉県長生郡一宮町一宮３８９", "url": "https://www.kaigokensaku.mhlw.go.jp/12/index.php?action_kouhyou_detail_004_kani=true&JigyosyoCd=1276600036-00&ServiceCd=150&Type=search", "url2": "http://www.ichinomiyaen.jp/" }, "geometry": { "type": "Point", "coordinates": [ 140.382164334448021, 35.381912134394661 ] } },
{ "type": "Feature", "properties": { "内容": "デイサービスセンターゆかり【通所介護】千葉県長生郡長生村七井土1497-1", "url": "https://www.kaigokensaku.mhlw.go.jp/12/index.php?action_kouhyou_detail_004_kani=true&JigyosyoCd=1276800206-00&ServiceCd=150&Type=search", "url2": "http://www.active-pp.com" }, "geometry": { "type": "Point", "coordinates": [ 140.323122300000023, 35.3996076 ] } },
{ "type": "Feature", "properties": { "内容": "デイサービスセンター　だるまさん【通所介護】千葉県長生郡長生村宮成3496", "url": "https://www.kaigokensaku.mhlw.go.jp/12/index.php?action_kouhyou_detail_004_kani=true&JigyosyoCd=1276800073-00&ServiceCd=150&Type=search", "url2": "http://www.daruma-3.com" }, "geometry": { "type": "Point", "coordinates": [ 140.3382755, 35.4183802 ] } },
{ "type": "Feature", "properties": { "内容": "老人デイサービス　まきの木苑【通所介護】千葉県長生郡長生村七井土下田台１７８９－１", "url": "https://www.kaigokensaku.mhlw.go.jp/12/index.php?action_kouhyou_detail_004_kani=true&JigyosyoCd=1276800115-00&ServiceCd=150&Type=search", "url2": "http://www.makinokien.com" }, "geometry": { "type": "Point", "coordinates": [ 140.337343, 35.391862 ] } },
{ "type": "Feature", "properties": { "内容": "デイサービスセンターひかり【通所介護】千葉県長生郡長生村驚３８８－１", "url": "https://www.kaigokensaku.mhlw.go.jp/12/index.php?action_kouhyou_detail_004_kani=true&JigyosyoCd=1276800255-00&ServiceCd=150&Type=search", "url2": "http://www.taiyou-corp.com" }, "geometry": { "type": "Point", "coordinates": [ 140.374629300000038, 35.4168151 ] } },
{ "type": "Feature", "properties": { "内容": "デイサービスセンターかしま【通所介護】千葉県長生郡長生村一松丁2447-1", "url": "https://www.kaigokensaku.mhlw.go.jp/12/index.php?action_kouhyou_detail_004_kani=true&JigyosyoCd=1276800388-00&ServiceCd=150&Type=search", "url2": "https://www.shian-72.com/daycare" }, "geometry": { "type": "Point", "coordinates": [ 140.3861913, 35.4076843 ] } },
{ "type": "Feature", "properties": { "内容": "さくら・デイサービス【通所介護】千葉県長生郡白子町中里3389-2", "url": "https://www.kaigokensaku.mhlw.go.jp/12/index.php?action_kouhyou_detail_004_kani=true&JigyosyoCd=1276900345-00&ServiceCd=150&Type=search", "url2": "http://hp.kaipoke.biz/cpa/" }, "geometry": { "type": "Point", "coordinates": [ 140.383599128311118, 35.431776551519512 ] } },
{ "type": "Feature", "properties": { "内容": "デイサービスセンターはまひるがお【通所介護】千葉県長生郡白子町古所5421-1", "url": "https://www.kaigokensaku.mhlw.go.jp/12/index.php?action_kouhyou_detail_004_kani=true&JigyosyoCd=1276900055-00&ServiceCd=150&Type=search", "url2": null }, "geometry": { "type": "Point", "coordinates": [ 140.3839825, 35.4470696 ] } },
{ "type": "Feature", "properties": { "内容": "デイサービスうたし苑【通所介護】千葉県長生郡長柄町榎本７３－２", "url": "https://www.kaigokensaku.mhlw.go.jp/12/index.php?action_kouhyou_detail_004_kani=true&JigyosyoCd=1277000137-00&ServiceCd=150&Type=search", "url2": null }, "geometry": { "type": "Point", "coordinates": [ 140.258928020407069, 35.42856881859381 ] } },
{ "type": "Feature", "properties": { "内容": "デイサービスセンター　上埴生の郷【通所介護】千葉県長生郡長南町長南1980-2", "url": "https://www.kaigokensaku.mhlw.go.jp/12/index.php?action_kouhyou_detail_004_kani=true&JigyosyoCd=1277100168-00&ServiceCd=150&Type=search", "url2": "http://www.shinwakaigo.org" }, "geometry": { "type": "Point", "coordinates": [ 140.2362842, 35.3894065 ] } },
{ "type": "Feature", "properties": { "内容": "デイサービスセンター　びおとーぷ【通所介護】千葉県長生郡長南町長南1471番地", "url": "https://www.kaigokensaku.mhlw.go.jp/12/index.php?action_kouhyou_detail_004_kani=true&JigyosyoCd=1277100085-00&ServiceCd=150&Type=search", "url2": "https://shafuku-kyouseikai.or.jp/biotope/" }, "geometry": { "type": "Point", "coordinates": [ 140.236881499999981, 35.3993661 ] } },
{ "type": "Feature", "properties": { "内容": "ヤックスデイサービス長南【通所介護】千葉県長生郡長南町千田264ヤックスドラッグ長南店内", "url": "https://www.kaigokensaku.mhlw.go.jp/12/index.php?action_kouhyou_detail_004_kani=true&JigyosyoCd=1277100259-00&ServiceCd=150&Type=search", "url2": null }, "geometry": { "type": "Point", "coordinates": [ 140.238218989688079, 35.405720128567339 ] } },
{ "type": "Feature", "properties": { "内容": "セントケア　大多喜【通所介護】千葉県夷隅郡大多喜町横山字大久保612-1", "url": "https://www.kaigokensaku.mhlw.go.jp/12/index.php?action_kouhyou_detail_004_kani=true&JigyosyoCd=1277200075-00&ServiceCd=150&Type=search", "url2": null }, "geometry": { "type": "Point", "coordinates": [ 140.240402, 35.303688 ] } },
{ "type": "Feature", "properties": { "内容": "リハビリデイサービス　もみじ【通所介護】千葉県夷隅郡大多喜町船子856番地", "url": "https://www.kaigokensaku.mhlw.go.jp/12/index.php?action_kouhyou_detail_004_kani=true&JigyosyoCd=1277200158-00&ServiceCd=150&Type=search", "url2": null }, "geometry": { "type": "Point", "coordinates": [ 140.2517959, 35.2891166 ] } },
{ "type": "Feature", "properties": { "内容": "デイサービスセンター外房【通所介護】千葉県夷隅郡御宿町久保７９６", "url": "https://www.kaigokensaku.mhlw.go.jp/12/index.php?action_kouhyou_detail_004_kani=true&JigyosyoCd=1277400022-00&ServiceCd=150&Type=search", "url2": "https://kaigosisetu-sotobou.com/" }, "geometry": { "type": "Point", "coordinates": [ 140.360093900000038, 35.201285 ] } },
{ "type": "Feature", "properties": { "内容": "ケアセンターさざなみ大六【通所介護】千葉県安房郡鋸南町大六86-1", "url": "https://www.kaigokensaku.mhlw.go.jp/12/index.php?action_kouhyou_detail_004_kani=true&JigyosyoCd=1277900179-00&ServiceCd=150&Type=search", "url2": "https://www.sazanamicare.com" }, "geometry": { "type": "Point", "coordinates": [ 139.833375899999965, 35.1204383 ] } },
{ "type": "Feature", "properties": { "内容": "鋸南町デイサービスセンター【通所介護】千葉県安房郡鋸南町保田５６０", "url": "https://www.kaigokensaku.mhlw.go.jp/12/index.php?action_kouhyou_detail_004_kani=true&JigyosyoCd=1277900187-00&ServiceCd=150&Type=search", "url2": null }, "geometry": { "type": "Point", "coordinates": [ 139.842413500000021, 35.1404662 ] } },
{ "type": "Feature", "properties": { "内容": "ヤックスデイサービス鋸南【通所介護】千葉県安房郡鋸南町下佐久間437-1", "url": "https://www.kaigokensaku.mhlw.go.jp/12/index.php?action_kouhyou_detail_004_kani=true&JigyosyoCd=1277900260-00&ServiceCd=150&Type=search", "url2": null }, "geometry": { "type": "Point", "coordinates": [ 139.840477581307312, 35.105572080553273 ] } }
]
}
