{
"type": "FeatureCollection",
"name": "geo_12_認知症対応型共同生活介護",
"crs": { "type": "name", "properties": { "name": "urn:ogc:def:crs:OGC:1.3:CRS84" } },
"features": [
{ "type": "Feature", "properties": { "内容": "ツクイ蘇我サンフラワー【認知症対応型共同生活介護】千葉市中央区南町3-3-15", "url2": "https://www.kaigokensaku.mhlw.go.jp/12/index.php?action_kouhyou_detail_004_kani=true&JigyosyoCd=1290100021-00&ServiceCd=320&Type=search" }, "geometry": { "type": "Point", "coordinates": [ 140.134696599999984, 35.579029 ] } },
{ "type": "Feature", "properties": { "内容": "グループホーム羽衣【認知症対応型共同生活介護】千葉県千葉市中央区椿森４丁目４－６", "url2": "https://www.kaigokensaku.mhlw.go.jp/12/index.php?action_kouhyou_detail_004_kani=true&JigyosyoCd=1290100229-00&ServiceCd=320&Type=search" }, "geometry": { "type": "Point", "coordinates": [ 140.122479800000065, 35.623843 ] } },
{ "type": "Feature", "properties": { "内容": "グループホーム赤かぶ園【認知症対応型共同生活介護】千葉県千葉市中央区赤井町３３－１", "url2": "https://www.kaigokensaku.mhlw.go.jp/12/index.php?action_kouhyou_detail_004_kani=true&JigyosyoCd=1270101395-00&ServiceCd=320&Type=search" }, "geometry": { "type": "Point", "coordinates": [ 140.150477700000039, 35.5701064 ] } },
{ "type": "Feature", "properties": { "内容": "グループホーム暮らしの里さくら苑【認知症対応型共同生活介護】千葉県千葉市中央区都町6-9-70グループホーム暮らしの里さくら苑", "url2": "https://www.kaigokensaku.mhlw.go.jp/12/index.php?action_kouhyou_detail_004_kani=true&JigyosyoCd=1290100195-00&ServiceCd=320&Type=search" }, "geometry": { "type": "Point", "coordinates": [ 140.146720599999981, 35.6145121 ] } },
{ "type": "Feature", "properties": { "内容": "レビーグループホーム白雲館【認知症対応型共同生活介護】千葉県千葉市中央区弁天3-17-2", "url2": "https://www.kaigokensaku.mhlw.go.jp/12/index.php?action_kouhyou_detail_004_kani=true&JigyosyoCd=1270101569-00&ServiceCd=320&Type=search" }, "geometry": { "type": "Point", "coordinates": [ 140.111387799999989, 35.6205452 ] } },
{ "type": "Feature", "properties": { "内容": "グループホームハーモニーそが【認知症対応型共同生活介護】千葉県千葉市中央区蘇我4-22-11", "url2": "https://www.kaigokensaku.mhlw.go.jp/12/index.php?action_kouhyou_detail_004_kani=true&JigyosyoCd=1270101619-00&ServiceCd=320&Type=search" }, "geometry": { "type": "Point", "coordinates": [ 140.137374, 35.5658051 ] } },
{ "type": "Feature", "properties": { "内容": "グループホームピアポート千寿苑【認知症対応型共同生活介護】千葉県千葉市中央区問屋町６－４", "url2": "https://www.kaigokensaku.mhlw.go.jp/12/index.php?action_kouhyou_detail_004_kani=true&JigyosyoCd=1290100013-00&ServiceCd=320&Type=search" }, "geometry": { "type": "Point", "coordinates": [ 140.111254499999973, 35.6006459 ] } },
{ "type": "Feature", "properties": { "内容": "セントケアホーム千葉中央【認知症対応型共同生活介護】千葉市中央区宮崎２－８－１３", "url2": "https://www.kaigokensaku.mhlw.go.jp/12/index.php?action_kouhyou_detail_004_kani=true&JigyosyoCd=1290100054-00&ServiceCd=320&Type=search" }, "geometry": { "type": "Point", "coordinates": [ 140.138451799999984, 35.5829204 ] } },
{ "type": "Feature", "properties": { "内容": "セントケアホーム浜野【認知症対応型共同生活介護】千葉県千葉市中央区村田町1178-1", "url2": "https://www.kaigokensaku.mhlw.go.jp/12/index.php?action_kouhyou_detail_004_kani=true&JigyosyoCd=1290100062-00&ServiceCd=320&Type=search" }, "geometry": { "type": "Point", "coordinates": [ 140.1338639, 35.5507623 ] } },
{ "type": "Feature", "properties": { "内容": "プラチナホーム都の杜なのはな【認知症対応型共同生活介護】千葉県千葉市中央区道場南2-12-8プラチナホーム都の杜なのはな", "url2": "https://www.kaigokensaku.mhlw.go.jp/12/index.php?action_kouhyou_detail_004_kani=true&JigyosyoCd=1290100138-00&ServiceCd=320&Type=search" }, "geometry": { "type": "Point", "coordinates": [ 140.133420038852393, 35.612423146480246 ] } },
{ "type": "Feature", "properties": { "内容": "グループホームさくら【認知症対応型共同生活介護】南町２－１１－５", "url2": "https://www.kaigokensaku.mhlw.go.jp/12/index.php?action_kouhyou_detail_004_kani=true&JigyosyoCd=1270100702-00&ServiceCd=320&Type=search" }, "geometry": { "type": "Point", "coordinates": [ 140.133663500000011, 35.5823343 ] } },
{ "type": "Feature", "properties": { "内容": "ニチイケアセンター本千葉【認知症対応型共同生活介護】千葉県千葉市中央区長洲２－２５－１７", "url2": "https://www.kaigokensaku.mhlw.go.jp/12/index.php?action_kouhyou_detail_004_kani=true&JigyosyoCd=1290100179-00&ServiceCd=320&Type=search" }, "geometry": { "type": "Point", "coordinates": [ 140.122470499999963, 35.5989775 ] } },
{ "type": "Feature", "properties": { "内容": "グループホームたのしい家　千葉中央【認知症対応型共同生活介護】千葉県千葉市中央区院内2-15-7", "url2": "https://www.kaigokensaku.mhlw.go.jp/12/index.php?action_kouhyou_detail_004_kani=true&JigyosyoCd=1290100187-00&ServiceCd=320&Type=search" }, "geometry": { "type": "Point", "coordinates": [ 140.124606, 35.6115033 ] } },
{ "type": "Feature", "properties": { "内容": "アットホームケア仁戸名【認知症対応型共同生活介護】千葉県千葉市仁戸名町507-4", "url2": "https://www.kaigokensaku.mhlw.go.jp/12/index.php?action_kouhyou_detail_004_kani=true&JigyosyoCd=1290100211-00&ServiceCd=320&Type=search" }, "geometry": { "type": "Point", "coordinates": [ 140.159783100000027, 35.5883507 ] } },
{ "type": "Feature", "properties": { "内容": "アットホームケア千葉中央【認知症対応型共同生活介護】千葉県千葉市中央区星久喜町１５５－５", "url2": "https://www.kaigokensaku.mhlw.go.jp/12/index.php?action_kouhyou_detail_004_kani=true&JigyosyoCd=1270101197-00&ServiceCd=320&Type=search" }, "geometry": { "type": "Point", "coordinates": [ 140.148562500000025, 35.6038771 ] } },
{ "type": "Feature", "properties": { "内容": "グループホームきらら都町【認知症対応型共同生活介護】千葉県千葉市中央区都町5-29-50グループホームきらら都町", "url2": "https://www.kaigokensaku.mhlw.go.jp/12/index.php?action_kouhyou_detail_004_kani=true&JigyosyoCd=1290100039-00&ServiceCd=320&Type=search" }, "geometry": { "type": "Point", "coordinates": [ 140.1496434, 35.6107308 ] } },
{ "type": "Feature", "properties": { "内容": "セントケアホーム蘇我【認知症対応型共同生活介護】千葉県千葉市中央区蘇我2-5-3", "url2": "https://www.kaigokensaku.mhlw.go.jp/12/index.php?action_kouhyou_detail_004_kani=true&JigyosyoCd=1290100047-00&ServiceCd=320&Type=search" }, "geometry": { "type": "Point", "coordinates": [ 140.132119, 35.573171 ] } },
{ "type": "Feature", "properties": { "内容": "グループホーム　千葉寒川の家【認知症対応型共同生活介護】千葉県千葉市中央区寒川町1-249-2", "url2": "https://www.kaigokensaku.mhlw.go.jp/12/index.php?action_kouhyou_detail_004_kani=true&JigyosyoCd=1290100237-00&ServiceCd=320&Type=search" }, "geometry": { "type": "Point", "coordinates": [ 140.118415199999959, 35.5973107 ] } },
{ "type": "Feature", "properties": { "内容": "グループホーム千葉末広の家【認知症対応型共同生活介護】千葉県千葉市中央区末広4-23-3グループホーム千葉末広の家", "url2": "https://www.kaigokensaku.mhlw.go.jp/12/index.php?action_kouhyou_detail_004_kani=true&JigyosyoCd=1290100252-00&ServiceCd=320&Type=search" }, "geometry": { "type": "Point", "coordinates": [ 140.128995813491883, 35.589123450763367 ] } },
{ "type": "Feature", "properties": { "内容": "大森台ケアセンターそよ風【認知症対応型共同生活介護】千葉県千葉市中央区大森町250-1", "url2": "https://www.kaigokensaku.mhlw.go.jp/12/index.php?action_kouhyou_detail_004_kani=true&JigyosyoCd=1270101825-00&ServiceCd=320&Type=search" }, "geometry": { "type": "Point", "coordinates": [ 140.143900799999983, 35.5769515 ] } },
{ "type": "Feature", "properties": { "内容": "ニチイケアセンター蘇我【認知症対応型共同生活介護】千葉市中央区鵜の森町12-12", "url2": "https://www.kaigokensaku.mhlw.go.jp/12/index.php?action_kouhyou_detail_004_kani=true&JigyosyoCd=1290100153-00&ServiceCd=320&Type=search" }, "geometry": { "type": "Point", "coordinates": [ 140.140084871163964, 35.574445311306235 ] } },
{ "type": "Feature", "properties": { "内容": "ニチイケアセンター千葉浜野【認知症対応型共同生活介護】千葉県千葉市中央区村田町７９９－１", "url2": "https://www.kaigokensaku.mhlw.go.jp/12/index.php?action_kouhyou_detail_004_kani=true&JigyosyoCd=1290100161-00&ServiceCd=320&Type=search" }, "geometry": { "type": "Point", "coordinates": [ 140.131272500000023, 35.5489719 ] } },
{ "type": "Feature", "properties": { "内容": "グループホームゆう希苑【認知症対応型共同生活介護】千葉市花見川区天戸町1366", "url2": "https://www.kaigokensaku.mhlw.go.jp/12/index.php?action_kouhyou_detail_004_kani=true&JigyosyoCd=1270201260-00&ServiceCd=320&Type=search" }, "geometry": { "type": "Point", "coordinates": [ 140.09226149999995, 35.6799033 ] } },
{ "type": "Feature", "properties": { "内容": "グループホーム　アリス【認知症対応型共同生活介護】天戸町６８８－１", "url2": "https://www.kaigokensaku.mhlw.go.jp/12/index.php?action_kouhyou_detail_004_kani=true&JigyosyoCd=1290200045-00&ServiceCd=320&Type=search" }, "geometry": { "type": "Point", "coordinates": [ 140.088914700000032, 35.6759841 ] } },
{ "type": "Feature", "properties": { "内容": "医療法人社団　小羊会　グループホーム横戸【認知症対応型共同生活介護】千葉県千葉市花見川区横戸町　１１２３－４", "url2": "https://www.kaigokensaku.mhlw.go.jp/12/index.php?action_kouhyou_detail_004_kani=true&JigyosyoCd=1270200627-00&ServiceCd=320&Type=search" }, "geometry": { "type": "Point", "coordinates": [ 140.118416, 35.702354 ] } },
{ "type": "Feature", "properties": { "内容": "グループホームひかり千葉花見川【認知症対応型共同生活介護】千葉県千葉市花見川区犢橋町1621-1", "url2": "https://www.kaigokensaku.mhlw.go.jp/12/index.php?action_kouhyou_detail_004_kani=true&JigyosyoCd=1290200128-00&ServiceCd=320&Type=search" }, "geometry": { "type": "Point", "coordinates": [ 140.102507800000012, 35.6793202 ] } },
{ "type": "Feature", "properties": { "内容": "グループホーム　あんしん苑【認知症対応型共同生活介護】千葉県千葉市花見川区横戸町８９３－１", "url2": "https://www.kaigokensaku.mhlw.go.jp/12/index.php?action_kouhyou_detail_004_kani=true&JigyosyoCd=1270201070-00&ServiceCd=320&Type=search" }, "geometry": { "type": "Point", "coordinates": [ 140.119530400000031, 35.6935578 ] } },
{ "type": "Feature", "properties": { "内容": "グループホーム・ゆうゆう【認知症対応型共同生活介護】千葉県千葉市花見川区犢橋町１２番地３", "url2": "https://www.kaigokensaku.mhlw.go.jp/12/index.php?action_kouhyou_detail_004_kani=true&JigyosyoCd=1270201203-00&ServiceCd=320&Type=search" }, "geometry": { "type": "Point", "coordinates": [ 140.112996, 35.6716047 ] } },
{ "type": "Feature", "properties": { "内容": "グループホームきらら朝日ヶ丘【認知症対応型共同生活介護】千葉県千葉市花見川区朝日ヶ丘3-9-33", "url2": "https://www.kaigokensaku.mhlw.go.jp/12/index.php?action_kouhyou_detail_004_kani=true&JigyosyoCd=1290200011-00&ServiceCd=320&Type=search" }, "geometry": { "type": "Point", "coordinates": [ 140.08424930000001, 35.6575882 ] } },
{ "type": "Feature", "properties": { "内容": "グループホーム　ゆかりの里【認知症対応型共同生活介護】千葉県千葉市花見川区千種町３８０－６", "url2": "https://www.kaigokensaku.mhlw.go.jp/12/index.php?action_kouhyou_detail_004_kani=true&JigyosyoCd=1270200932-00&ServiceCd=320&Type=search" }, "geometry": { "type": "Point", "coordinates": [ 140.120557500000018, 35.6797476 ] } },
{ "type": "Feature", "properties": { "内容": "グループホーム　よされ【認知症対応型共同生活介護】千葉県千葉市花見川区宇那谷町１２３番地１３", "url2": "https://www.kaigokensaku.mhlw.go.jp/12/index.php?action_kouhyou_detail_004_kani=true&JigyosyoCd=1290200029-00&ServiceCd=320&Type=search" }, "geometry": { "type": "Point", "coordinates": [ 140.136499800000024, 35.6903773 ] } },
{ "type": "Feature", "properties": { "内容": "グループホームガーデンコート千葉さつきが丘【認知症対応型共同生活介護】千葉県千葉市花見川区畑町73番地", "url2": "https://www.kaigokensaku.mhlw.go.jp/12/index.php?action_kouhyou_detail_004_kani=true&JigyosyoCd=1290200037-00&ServiceCd=320&Type=search" }, "geometry": { "type": "Point", "coordinates": [ 140.089994700000034, 35.6659016 ] } },
{ "type": "Feature", "properties": { "内容": "グループホームつどい「荻原家」【認知症対応型共同生活介護】千葉県千葉市花見川区武石町1-824", "url2": "https://www.kaigokensaku.mhlw.go.jp/12/index.php?action_kouhyou_detail_004_kani=true&JigyosyoCd=1270201211-00&ServiceCd=320&Type=search" }, "geometry": { "type": "Point", "coordinates": [ 140.064506199999983, 35.6634632 ] } },
{ "type": "Feature", "properties": { "内容": "花梨の郷【認知症対応型共同生活介護】千葉市花見川区千種町１１１－１", "url2": "https://www.kaigokensaku.mhlw.go.jp/12/index.php?action_kouhyou_detail_004_kani=true&JigyosyoCd=1270200551-00&ServiceCd=320&Type=search" }, "geometry": { "type": "Point", "coordinates": [ 140.1082242, 35.6776777 ] } },
{ "type": "Feature", "properties": { "内容": "グループホームリブ花見川【認知症対応型共同生活介護】千葉県千葉市花見川区花見川３－２９－２０１", "url2": "https://www.kaigokensaku.mhlw.go.jp/12/index.php?action_kouhyou_detail_004_kani=true&JigyosyoCd=1270200171-00&ServiceCd=320&Type=search" }, "geometry": { "type": "Point", "coordinates": [ 140.0957133, 35.688794 ] } },
{ "type": "Feature", "properties": { "内容": "グループホームひまわり【認知症対応型共同生活介護】千葉県千葉市花見川区幕張町５－２２５", "url2": "https://www.kaigokensaku.mhlw.go.jp/12/index.php?action_kouhyou_detail_004_kani=true&JigyosyoCd=1270200668-00&ServiceCd=320&Type=search" }, "geometry": { "type": "Point", "coordinates": [ 140.059559700000023, 35.6557808 ] } },
{ "type": "Feature", "properties": { "内容": "グループホームはなみの家【認知症対応型共同生活介護】千葉市花見川区大日町1386-2", "url2": "https://www.kaigokensaku.mhlw.go.jp/12/index.php?action_kouhyou_detail_004_kani=true&JigyosyoCd=1290200052-00&ServiceCd=320&Type=search" }, "geometry": { "type": "Point", "coordinates": [ 140.12669690000007, 35.6832843 ] } },
{ "type": "Feature", "properties": { "内容": "花と幸せ家族【認知症対応型共同生活介護】千種町154-5", "url2": "https://www.kaigokensaku.mhlw.go.jp/12/index.php?action_kouhyou_detail_004_kani=true&JigyosyoCd=1290200318-00&ServiceCd=320&Type=search" }, "geometry": { "type": "Point", "coordinates": [ 140.111551, 35.675921 ] } },
{ "type": "Feature", "properties": { "内容": "グループホーム　めぐみの丘II【認知症対応型共同生活介護】千葉県千葉市花見川区三角町178-25", "url2": "https://www.kaigokensaku.mhlw.go.jp/12/index.php?action_kouhyou_detail_004_kani=true&JigyosyoCd=1270200890-00&ServiceCd=320&Type=search" }, "geometry": { "type": "Point", "coordinates": [ 140.111297499999978, 35.6860502 ] } },
{ "type": "Feature", "properties": { "内容": "グループホームちぐさの家【認知症対応型共同生活介護】千葉県千葉市花見川区千種町150-1", "url2": "https://www.kaigokensaku.mhlw.go.jp/12/index.php?action_kouhyou_detail_004_kani=true&JigyosyoCd=1270201054-00&ServiceCd=320&Type=search" }, "geometry": { "type": "Point", "coordinates": [ 140.110609899999986, 35.6760569 ] } },
{ "type": "Feature", "properties": { "内容": "タムスグル－プホーム花見川【認知症対応型共同生活介護】千葉県千葉市花見川区柏井町１１３２‐１", "url2": "https://www.kaigokensaku.mhlw.go.jp/12/index.php?action_kouhyou_detail_004_kani=true&JigyosyoCd=1290200078-00&ServiceCd=320&Type=search" }, "geometry": { "type": "Point", "coordinates": [ 140.104348399999907, 35.698446 ] } },
{ "type": "Feature", "properties": { "内容": "畑町ケアセンターそよ風【認知症対応型共同生活介護】千葉県千葉市花見川区畑町1334-1", "url2": "https://www.kaigokensaku.mhlw.go.jp/12/index.php?action_kouhyou_detail_004_kani=true&JigyosyoCd=1290200102-00&ServiceCd=320&Type=search" }, "geometry": { "type": "Point", "coordinates": [ 140.0798701, 35.6668276 ] } },
{ "type": "Feature", "properties": { "内容": "グループホーム・たんぽぽ【認知症対応型共同生活介護】千葉県千葉市花見川区朝日ヶ丘3-2-61", "url2": "https://www.kaigokensaku.mhlw.go.jp/12/index.php?action_kouhyou_detail_004_kani=true&JigyosyoCd=1290200169-00&ServiceCd=320&Type=search" }, "geometry": { "type": "Point", "coordinates": [ 140.086776699999973, 35.655558600000035 ] } },
{ "type": "Feature", "properties": { "内容": "ガーデンコート幕張【認知症対応型共同生活介護】千葉県千葉市花見川区幕張町1-5027", "url2": "https://www.kaigokensaku.mhlw.go.jp/12/index.php?action_kouhyou_detail_004_kani=true&JigyosyoCd=1290200292-00&ServiceCd=320&Type=search" }, "geometry": { "type": "Point", "coordinates": [ 140.044261632344586, 35.663678800771194 ] } },
{ "type": "Feature", "properties": { "内容": "グループホームガーデンコート花島【認知症対応型共同生活介護】千葉県千葉市花見川区花島町481-8", "url2": "https://www.kaigokensaku.mhlw.go.jp/12/index.php?action_kouhyou_detail_004_kani=true&JigyosyoCd=1290200193-00&ServiceCd=320&Type=search" }, "geometry": { "type": "Point", "coordinates": [ 140.094878039950572, 35.68306066898419 ] } },
{ "type": "Feature", "properties": { "内容": "ニチイケアセンター千葉花見川【認知症対応型共同生活介護】千葉県千葉市花見川区犢橋町１６２１－１", "url2": "https://www.kaigokensaku.mhlw.go.jp/12/index.php?action_kouhyou_detail_004_kani=true&JigyosyoCd=1290200375-00&ServiceCd=320&Type=search" }, "geometry": { "type": "Point", "coordinates": [ 140.102544599999987, 35.6793049 ] } },
{ "type": "Feature", "properties": { "内容": "愛の家グループホーム千葉黒砂台【認知症対応型共同生活介護】千葉県千葉市稲毛区黒砂台2-2-1", "url2": "https://www.kaigokensaku.mhlw.go.jp/12/index.php?action_kouhyou_detail_004_kani=true&JigyosyoCd=1290300092-00&ServiceCd=320&Type=search" }, "geometry": { "type": "Point", "coordinates": [ 140.0945405, 35.6298012 ] } },
{ "type": "Feature", "properties": { "内容": "ニチイケアセンター稲毛【認知症対応型共同生活介護】千葉県千葉市稲毛区稲毛5丁目230－1", "url2": "https://www.kaigokensaku.mhlw.go.jp/12/index.php?action_kouhyou_detail_004_kani=true&JigyosyoCd=1290300076-00&ServiceCd=320&Type=search" }, "geometry": { "type": "Point", "coordinates": [ 140.075999700000011, 35.6423532 ] } },
{ "type": "Feature", "properties": { "内容": "シルバーライン宮野木【認知症対応型共同生活介護】千葉県千葉市稲毛区宮野木町1092-2メディカルモール3・4階", "url2": "https://www.kaigokensaku.mhlw.go.jp/12/index.php?action_kouhyou_detail_004_kani=true&JigyosyoCd=1290300357-00&ServiceCd=320&Type=search" }, "geometry": { "type": "Point", "coordinates": [ 140.0978466, 35.6548789 ] } },
{ "type": "Feature", "properties": { "内容": "シルバーライン稲毛【認知症対応型共同生活介護】稲毛東2-12-14", "url2": "https://www.kaigokensaku.mhlw.go.jp/12/index.php?action_kouhyou_detail_004_kani=true&JigyosyoCd=1290300365-00&ServiceCd=320&Type=search" }, "geometry": { "type": "Point", "coordinates": [ 140.088645500000013, 35.6361337 ] } },
{ "type": "Feature", "properties": { "内容": "グループホームサロンドグリーン長沼原【認知症対応型共同生活介護】千葉県千葉市稲毛区長沼原町161-1", "url2": "https://www.kaigokensaku.mhlw.go.jp/12/index.php?action_kouhyou_detail_004_kani=true&JigyosyoCd=1270300807-00&ServiceCd=320&Type=search" }, "geometry": { "type": "Point", "coordinates": [ 140.128972699999963, 35.6672337 ] } },
{ "type": "Feature", "properties": { "内容": "稲毛グループホーム【認知症対応型共同生活介護】千葉市稲毛区園生町153-1", "url2": "https://www.kaigokensaku.mhlw.go.jp/12/index.php?action_kouhyou_detail_004_kani=true&JigyosyoCd=1270300740-00&ServiceCd=320&Type=search" }, "geometry": { "type": "Point", "coordinates": [ 140.101722500000051, 35.6478352 ] } },
{ "type": "Feature", "properties": { "内容": "いこい宮野木【認知症対応型共同生活介護】宮野木町1092-2", "url2": "https://www.kaigokensaku.mhlw.go.jp/12/index.php?action_kouhyou_detail_004_kani=true&JigyosyoCd=1290300449-00&ServiceCd=320&Type=search" }, "geometry": { "type": "Point", "coordinates": [ 140.0978666, 35.6548658 ] } },
{ "type": "Feature", "properties": { "内容": "グループホームガーデンコート稲毛園生【認知症対応型共同生活介護】千葉県千葉市稲毛区園生町815-1", "url2": "https://www.kaigokensaku.mhlw.go.jp/12/index.php?action_kouhyou_detail_004_kani=true&JigyosyoCd=1290300035-00&ServiceCd=320&Type=search" }, "geometry": { "type": "Point", "coordinates": [ 140.105793700000049, 35.6453352 ] } },
{ "type": "Feature", "properties": { "内容": "いなげケアセンターそよ風【認知症対応型共同生活介護】千葉県千葉市稲毛区穴川3-6-12", "url2": "https://www.kaigokensaku.mhlw.go.jp/12/index.php?action_kouhyou_detail_004_kani=true&JigyosyoCd=1270300534-00&ServiceCd=320&Type=search" }, "geometry": { "type": "Point", "coordinates": [ 140.108077500000036, 35.6373814 ] } },
{ "type": "Feature", "properties": { "内容": "生活クラブ風の村グループホーム作草部【認知症対応型共同生活介護】作草部1-15-17", "url2": "https://www.kaigokensaku.mhlw.go.jp/12/index.php?action_kouhyou_detail_004_kani=true&JigyosyoCd=1290300225-00&ServiceCd=320&Type=search" }, "geometry": { "type": "Point", "coordinates": [ 140.115207528836095, 35.627745586755637 ] } },
{ "type": "Feature", "properties": { "内容": "グループホームひこうせん【認知症対応型共同生活介護】千葉県千葉市稲毛区萩台町632-40", "url2": "https://www.kaigokensaku.mhlw.go.jp/12/index.php?action_kouhyou_detail_004_kani=true&JigyosyoCd=1290300191-00&ServiceCd=320&Type=search" }, "geometry": { "type": "Point", "coordinates": [ 140.118861709808328, 35.643561282855131 ] } },
{ "type": "Feature", "properties": { "内容": "せらび千葉稲毛【認知症対応型共同生活介護】千葉県千葉市稲毛区宮野木町2125-7せらび千葉稲毛", "url2": "https://www.kaigokensaku.mhlw.go.jp/12/index.php?action_kouhyou_detail_004_kani=true&JigyosyoCd=1290300050-00&ServiceCd=320&Type=search" }, "geometry": { "type": "Point", "coordinates": [ 140.1107686, 35.6630001 ] } },
{ "type": "Feature", "properties": { "内容": "愛の家グループホーム千葉園生【認知症対応型共同生活介護】千葉県千葉市稲毛区園生町406-88", "url2": "https://www.kaigokensaku.mhlw.go.jp/12/index.php?action_kouhyou_detail_004_kani=true&JigyosyoCd=1290300134-00&ServiceCd=320&Type=search" }, "geometry": { "type": "Point", "coordinates": [ 140.12297030000002, 35.653643699999982 ] } },
{ "type": "Feature", "properties": { "内容": "グループホームゆるいの里【認知症対応型共同生活介護】千葉市若葉区中田町２３４８－１", "url2": "https://www.kaigokensaku.mhlw.go.jp/12/index.php?action_kouhyou_detail_004_kani=true&JigyosyoCd=1290400058-00&ServiceCd=320&Type=search" }, "geometry": { "type": "Point", "coordinates": [ 140.2226935, 35.6014026 ] } },
{ "type": "Feature", "properties": { "内容": "グループホーム月の里【認知症対応型共同生活介護】千葉県千葉市若葉区中野町７２７－１", "url2": "https://www.kaigokensaku.mhlw.go.jp/12/index.php?action_kouhyou_detail_004_kani=true&JigyosyoCd=1290400066-00&ServiceCd=320&Type=search" }, "geometry": { "type": "Point", "coordinates": [ 140.264997600000015, 35.5800832 ] } },
{ "type": "Feature", "properties": { "内容": "グループホーム　星の里【認知症対応型共同生活介護】千葉県千葉市若葉区野呂町７３８番２", "url2": "https://www.kaigokensaku.mhlw.go.jp/12/index.php?action_kouhyou_detail_004_kani=true&JigyosyoCd=1270401118-00&ServiceCd=320&Type=search" }, "geometry": { "type": "Point", "coordinates": [ 140.237703199999942, 35.5813538 ] } },
{ "type": "Feature", "properties": { "内容": "グループホーム　木もれ陽【認知症対応型共同生活介護】千葉市若葉区大宮町3099-1", "url2": "https://www.kaigokensaku.mhlw.go.jp/12/index.php?action_kouhyou_detail_004_kani=true&JigyosyoCd=1290400033-00&ServiceCd=320&Type=search" }, "geometry": { "type": "Point", "coordinates": [ 140.181583899999964, 35.601796 ] } },
{ "type": "Feature", "properties": { "内容": "グループホーム宮田【認知症対応型共同生活介護】千葉県千葉市中田町１０４１－１", "url2": "https://www.kaigokensaku.mhlw.go.jp/12/index.php?action_kouhyou_detail_004_kani=true&JigyosyoCd=1270401027-00&ServiceCd=320&Type=search" }, "geometry": { "type": "Point", "coordinates": [ 140.223014400000011, 35.5935998 ] } },
{ "type": "Feature", "properties": { "内容": "グループホーム中野【認知症対応型共同生活介護】千葉市若葉区中田町1111", "url2": "https://www.kaigokensaku.mhlw.go.jp/12/index.php?action_kouhyou_detail_004_kani=true&JigyosyoCd=1290400017-00&ServiceCd=320&Type=search" }, "geometry": { "type": "Point", "coordinates": [ 140.282606100000066, 35.5726735 ] } },
{ "type": "Feature", "properties": { "内容": "グループホームみつわ台桜レジデンス【認知症対応型共同生活介護】千葉市若葉区みつわ台1-1-4", "url2": "https://www.kaigokensaku.mhlw.go.jp/12/index.php?action_kouhyou_detail_004_kani=true&JigyosyoCd=1270400920-00&ServiceCd=320&Type=search" }, "geometry": { "type": "Point", "coordinates": [ 140.127275200000014, 35.6327023 ] } },
{ "type": "Feature", "properties": { "内容": "シャローム若葉グループホーム虹の家【認知症対応型共同生活介護】千葉県千葉市若葉区若松2170-8", "url2": "https://www.kaigokensaku.mhlw.go.jp/12/index.php?action_kouhyou_detail_004_kani=true&JigyosyoCd=1270401043-00&ServiceCd=320&Type=search" }, "geometry": { "type": "Point", "coordinates": [ 140.174280900000014, 35.6347466 ] } },
{ "type": "Feature", "properties": { "内容": "グループホーム　緑彩苑【認知症対応型共同生活介護】千葉市若葉区中野町1872", "url2": "https://www.kaigokensaku.mhlw.go.jp/12/index.php?action_kouhyou_detail_004_kani=true&JigyosyoCd=1270401142-00&ServiceCd=320&Type=search" }, "geometry": { "type": "Point", "coordinates": [ 140.2647968, 35.5777752 ] } },
{ "type": "Feature", "properties": { "内容": "グループホームひだまりの家【認知症対応型共同生活介護】千葉市若葉区東寺山町１０６７－９", "url2": "https://www.kaigokensaku.mhlw.go.jp/12/index.php?action_kouhyou_detail_004_kani=true&JigyosyoCd=1270400664-00&ServiceCd=320&Type=search" }, "geometry": { "type": "Point", "coordinates": [ 140.138377100000071, 35.6348776 ] } },
{ "type": "Feature", "properties": { "内容": "グループホームぽかぽか【認知症対応型共同生活介護】大宮町3099-1グループホームぽかぽか", "url2": "https://www.kaigokensaku.mhlw.go.jp/12/index.php?action_kouhyou_detail_004_kani=true&JigyosyoCd=1290400397-00&ServiceCd=320&Type=search" }, "geometry": { "type": "Point", "coordinates": [ 140.17511, 35.586132 ] } },
{ "type": "Feature", "properties": { "内容": "グループホームノーマライ心の花【認知症対応型共同生活介護】千葉県千葉市若葉区下田町1263‐2", "url2": "https://www.kaigokensaku.mhlw.go.jp/12/index.php?action_kouhyou_detail_004_kani=true&JigyosyoCd=1270400656-00&ServiceCd=320&Type=search" }, "geometry": { "type": "Point", "coordinates": [ 140.195307321094788, 35.627936736997398 ] } },
{ "type": "Feature", "properties": { "内容": "ノーマライ心の花御成【認知症対応型共同生活介護】千葉市若葉区下田町１２６３－５６", "url2": "https://www.kaigokensaku.mhlw.go.jp/12/index.php?action_kouhyou_detail_004_kani=true&JigyosyoCd=1270400821-00&ServiceCd=320&Type=search" }, "geometry": { "type": "Point", "coordinates": [ 140.1955051, 35.6281631 ] } },
{ "type": "Feature", "properties": { "内容": "グループホームつどい「黒子家」【認知症対応型共同生活介護】千葉市若葉区源町５６３－５", "url2": "https://www.kaigokensaku.mhlw.go.jp/12/index.php?action_kouhyou_detail_004_kani=true&JigyosyoCd=1270401183-00&ServiceCd=320&Type=search" }, "geometry": { "type": "Point", "coordinates": [ 140.134514200000012, 35.6497036 ] } },
{ "type": "Feature", "properties": { "内容": "グループホーム　さくらんぼ【認知症対応型共同生活介護】千葉市若葉区野呂町１７９３－３５５", "url2": "https://www.kaigokensaku.mhlw.go.jp/12/index.php?action_kouhyou_detail_004_kani=true&JigyosyoCd=1290400074-00&ServiceCd=320&Type=search" }, "geometry": { "type": "Point", "coordinates": [ 140.225392699999929, 35.5858118 ] } },
{ "type": "Feature", "properties": { "内容": "愛の家グループホーム　千葉小倉【認知症対応型共同生活介護】千葉市若葉区小倉町1802-15", "url2": "https://www.kaigokensaku.mhlw.go.jp/12/index.php?action_kouhyou_detail_004_kani=true&JigyosyoCd=1270401134-00&ServiceCd=320&Type=search" }, "geometry": { "type": "Point", "coordinates": [ 140.171469699999989, 35.6334414 ] } },
{ "type": "Feature", "properties": { "内容": "ちば若葉グループホームそよ風【認知症対応型共同生活介護】千葉県千葉市若葉区若松町531－642", "url2": "https://www.kaigokensaku.mhlw.go.jp/12/index.php?action_kouhyou_detail_004_kani=true&JigyosyoCd=1290401197-00&ServiceCd=320&Type=search" }, "geometry": { "type": "Point", "coordinates": [ 140.146999, 35.6445486 ] } },
{ "type": "Feature", "properties": { "内容": "アットホームケア桜木【認知症対応型共同生活介護】千葉県千葉市若葉区桜木４－１９－３２", "url2": "https://www.kaigokensaku.mhlw.go.jp/12/index.php?action_kouhyou_detail_004_kani=true&JigyosyoCd=1270400623-00&ServiceCd=320&Type=search" }, "geometry": { "type": "Point", "coordinates": [ 140.1577304, 35.626789 ] } },
{ "type": "Feature", "properties": { "内容": "ニチイケアセンター都賀【認知症対応型共同生活介護】千葉県千葉市若葉区都賀4-10-18", "url2": "https://www.kaigokensaku.mhlw.go.jp/12/index.php?action_kouhyou_detail_004_kani=true&JigyosyoCd=1290400124-00&ServiceCd=320&Type=search" }, "geometry": { "type": "Point", "coordinates": [ 140.152566699999966, 35.6337437 ] } },
{ "type": "Feature", "properties": { "内容": "グループホーム佐和の杜【認知症対応型共同生活介護】千葉県千葉市若葉区佐和町322-88", "url2": "https://www.kaigokensaku.mhlw.go.jp/12/index.php?action_kouhyou_detail_004_kani=true&JigyosyoCd=1270400698-00&ServiceCd=320&Type=search" }, "geometry": { "type": "Point", "coordinates": [ 140.20590530000004, 35.5819768 ] } },
{ "type": "Feature", "properties": { "内容": "グループホームわかばの家【認知症対応型共同生活介護】千葉県千葉市若葉区東寺山町399-1", "url2": "https://www.kaigokensaku.mhlw.go.jp/12/index.php?action_kouhyou_detail_004_kani=true&JigyosyoCd=1270401126-00&ServiceCd=320&Type=search" }, "geometry": { "type": "Point", "coordinates": [ 140.1312011, 35.6300536 ] } },
{ "type": "Feature", "properties": { "内容": "アースサポートグループホーム　若葉【認知症対応型共同生活介護】千葉県千葉市若葉区大宮町3094番地2アースサポートグループホーム若葉", "url2": "https://www.kaigokensaku.mhlw.go.jp/12/index.php?action_kouhyou_detail_004_kani=true&JigyosyoCd=1290400348-00&ServiceCd=320&Type=search" }, "geometry": { "type": "Point", "coordinates": [ 140.18222190000003, 35.602444200000015 ] } },
{ "type": "Feature", "properties": { "内容": "グループホームつどい「福井家」【認知症対応型共同生活介護】桜木8-13-11", "url2": "https://www.kaigokensaku.mhlw.go.jp/12/index.php?action_kouhyou_detail_004_kani=true&JigyosyoCd=1290400264-00&ServiceCd=320&Type=search" }, "geometry": { "type": "Point", "coordinates": [ 140.162168171827659, 35.628606108142478 ] } },
{ "type": "Feature", "properties": { "内容": "グループホームおもとの郷御成台【認知症対応型共同生活介護】千葉県千葉市若葉区御成台３‐２", "url2": "https://www.kaigokensaku.mhlw.go.jp/12/index.php?action_kouhyou_detail_004_kani=true&JigyosyoCd=1290400082-00&ServiceCd=320&Type=search" }, "geometry": { "type": "Point", "coordinates": [ 140.199942, 35.634661 ] } },
{ "type": "Feature", "properties": { "内容": "ひよりの里【認知症対応型共同生活介護】千葉県千葉市若葉区小倉町８７５－９", "url2": "https://www.kaigokensaku.mhlw.go.jp/12/index.php?action_kouhyou_detail_004_kani=true&JigyosyoCd=1270400912-00&ServiceCd=320&Type=search" }, "geometry": { "type": "Point", "coordinates": [ 140.176914200000027, 35.6254972 ] } },
{ "type": "Feature", "properties": { "内容": "さわやかグループはなみずき【認知症対応型共同生活介護】千葉市緑区越智町822-63さわやかグループホームはなみずき", "url2": "https://www.kaigokensaku.mhlw.go.jp/12/index.php?action_kouhyou_detail_004_kani=true&JigyosyoCd=1290500105-00&ServiceCd=320&Type=search" }, "geometry": { "type": "Point", "coordinates": [ 140.23592020000001, 35.5359282 ] } },
{ "type": "Feature", "properties": { "内容": "レビーグループホームおゆみ野苑【認知症対応型共同生活介護】千葉市緑区おゆみ野南６－４８－２", "url2": "https://www.kaigokensaku.mhlw.go.jp/12/index.php?action_kouhyou_detail_004_kani=true&JigyosyoCd=1270500570-00&ServiceCd=320&Type=search" }, "geometry": { "type": "Point", "coordinates": [ 140.181103, 35.540778 ] } },
{ "type": "Feature", "properties": { "内容": "グループホーム　のどか【認知症対応型共同生活介護】千葉県千葉市緑区誉田町１丁目111番地1", "url2": "https://www.kaigokensaku.mhlw.go.jp/12/index.php?action_kouhyou_detail_004_kani=true&JigyosyoCd=1290500030-00&ServiceCd=320&Type=search" }, "geometry": { "type": "Point", "coordinates": [ 140.19402070000001, 35.5544034 ] } },
{ "type": "Feature", "properties": { "内容": "グループホーム　暮らしの里【認知症対応型共同生活介護】千葉県千葉市緑区大膳野町4-141グループホーム暮らしの里", "url2": "https://www.kaigokensaku.mhlw.go.jp/12/index.php?action_kouhyou_detail_004_kani=true&JigyosyoCd=1270500521-00&ServiceCd=320&Type=search" }, "geometry": { "type": "Point", "coordinates": [ 140.2027162, 35.5439815 ] } },
{ "type": "Feature", "properties": { "内容": "グループホーム木かげ【認知症対応型共同生活介護】千葉県千葉市土気町１５００－１", "url2": "https://www.kaigokensaku.mhlw.go.jp/12/index.php?action_kouhyou_detail_004_kani=true&JigyosyoCd=1270500760-00&ServiceCd=320&Type=search" }, "geometry": { "type": "Point", "coordinates": [ 140.272471399999972, 35.5360603 ] } },
{ "type": "Feature", "properties": { "内容": "グループホーム　ききょう苑【認知症対応型共同生活介護】千葉県千葉市緑区あすみが丘8-6-1", "url2": "https://www.kaigokensaku.mhlw.go.jp/12/index.php?action_kouhyou_detail_004_kani=true&JigyosyoCd=1270500810-00&ServiceCd=320&Type=search" }, "geometry": { "type": "Point", "coordinates": [ 140.270755900000012, 35.5204877 ] } },
{ "type": "Feature", "properties": { "内容": "グループホームソラスト土気【認知症対応型共同生活介護】千葉県千葉市緑区土気町４４６－６", "url2": "https://www.kaigokensaku.mhlw.go.jp/12/index.php?action_kouhyou_detail_004_kani=true&JigyosyoCd=1270500687-00&ServiceCd=320&Type=search" }, "geometry": { "type": "Point", "coordinates": [ 140.2866445, 35.5276149 ] } },
{ "type": "Feature", "properties": { "内容": "アット・ホームケアあすみが丘【認知症対応型共同生活介護】あすみが丘９－５５－５", "url2": "https://www.kaigokensaku.mhlw.go.jp/12/index.php?action_kouhyou_detail_004_kani=true&JigyosyoCd=1270500398-00&ServiceCd=320&Type=search" }, "geometry": { "type": "Point", "coordinates": [ 140.267497899999967, 35.5125297 ] } },
{ "type": "Feature", "properties": { "内容": "グループホーム　あさぎり【認知症対応型共同生活介護】千葉市緑区大木戸町１２００－６９", "url2": "https://www.kaigokensaku.mhlw.go.jp/12/index.php?action_kouhyou_detail_004_kani=true&JigyosyoCd=1270500349-00&ServiceCd=320&Type=search" }, "geometry": { "type": "Point", "coordinates": [ 140.2326802, 35.5084464 ] } },
{ "type": "Feature", "properties": { "内容": "グループホームみどりの家【認知症対応型共同生活介護】千葉県千葉市緑区誉田町2-11-105", "url2": "https://www.kaigokensaku.mhlw.go.jp/12/index.php?action_kouhyou_detail_004_kani=true&JigyosyoCd=1290500014-00&ServiceCd=320&Type=search" }, "geometry": { "type": "Point", "coordinates": [ 140.221344499999987, 35.5444486 ] } },
{ "type": "Feature", "properties": { "内容": "グループホームつどい「根本家」【認知症対応型共同生活介護】千葉県千葉市緑区椎名崎町671-3", "url2": "https://www.kaigokensaku.mhlw.go.jp/12/index.php?action_kouhyou_detail_004_kani=true&JigyosyoCd=1270500653-00&ServiceCd=320&Type=search" }, "geometry": { "type": "Point", "coordinates": [ 140.163803300000012, 35.5486421 ] } },
{ "type": "Feature", "properties": { "内容": "グループホームかえで【認知症対応型共同生活介護】千葉県千葉市緑区高田町1084-2", "url2": "https://www.kaigokensaku.mhlw.go.jp/12/index.php?action_kouhyou_detail_004_kani=true&JigyosyoCd=1270500752-00&ServiceCd=320&Type=search" }, "geometry": { "type": "Point", "coordinates": [ 140.22313, 35.5505927 ] } },
{ "type": "Feature", "properties": { "内容": "グループホーム　あおぞら誉田【認知症対応型共同生活介護】千葉県千葉市緑区誉田町２－２９－６", "url2": "https://www.kaigokensaku.mhlw.go.jp/12/index.php?action_kouhyou_detail_004_kani=true&JigyosyoCd=1270500786-00&ServiceCd=320&Type=search" }, "geometry": { "type": "Point", "coordinates": [ 140.2052434, 35.5548055 ] } },
{ "type": "Feature", "properties": { "内容": "グループホームいきいきの家稲毛海岸【認知症対応型共同生活介護】千葉県千葉市美浜区磯辺1-50-2", "url2": "https://www.kaigokensaku.mhlw.go.jp/12/index.php?action_kouhyou_detail_004_kani=true&JigyosyoCd=1290600053-00&ServiceCd=320&Type=search" }, "geometry": { "type": "Point", "coordinates": [ 140.062734500000033, 35.6274681 ] } },
{ "type": "Feature", "properties": { "内容": "千葉県千葉市美浜区真砂4-2-8　セザール検見川浜3階【認知症対応型共同生活介護】千葉県千葉市美浜区真砂4-2-8セザール検見川浜3階", "url2": "https://www.kaigokensaku.mhlw.go.jp/12/index.php?action_kouhyou_detail_004_kani=true&JigyosyoCd=1290600079-00&ServiceCd=320&Type=search" }, "geometry": { "type": "Point", "coordinates": [ 140.0598099, 35.6369927 ] } },
{ "type": "Feature", "properties": { "内容": "プラチナホームなのはな幕張【認知症対応型共同生活介護】千葉県千葉市美浜区幕張西6-15-12", "url2": "https://www.kaigokensaku.mhlw.go.jp/12/index.php?action_kouhyou_detail_004_kani=true&JigyosyoCd=1290600111-00&ServiceCd=320&Type=search" }, "geometry": { "type": "Point", "coordinates": [ 140.032334, 35.6636819 ] } },
{ "type": "Feature", "properties": { "内容": "グループホーム　明生苑【認知症対応型共同生活介護】千葉県千葉市美浜区高浜1-11-4グループホーム明生苑", "url2": "https://www.kaigokensaku.mhlw.go.jp/12/index.php?action_kouhyou_detail_004_kani=true&JigyosyoCd=1290600038-00&ServiceCd=320&Type=search" }, "geometry": { "type": "Point", "coordinates": [ 140.0749774, 35.621601199999986 ] } },
{ "type": "Feature", "properties": { "内容": "セイワ美浜グループホーム【認知症対応型共同生活介護】千葉市美浜区磯辺2-21-2", "url2": "https://www.kaigokensaku.mhlw.go.jp/12/index.php?action_kouhyou_detail_004_kani=true&JigyosyoCd=1270600313-00&ServiceCd=320&Type=search" }, "geometry": { "type": "Point", "coordinates": [ 140.0614957, 35.6264965 ] } },
{ "type": "Feature", "properties": { "内容": "グループホームふくろう【認知症対応型共同生活介護】千葉県銚子市春日町１１６９", "url2": "https://www.kaigokensaku.mhlw.go.jp/12/index.php?action_kouhyou_detail_004_kani=true&JigyosyoCd=1290700069-00&ServiceCd=320&Type=search" }, "geometry": { "type": "Point", "coordinates": [ 140.8162142, 35.7192824 ] } },
{ "type": "Feature", "properties": { "内容": "グループホーム銀河【認知症対応型共同生活介護】千葉県銚子市黒生町７２４９－３", "url2": "https://www.kaigokensaku.mhlw.go.jp/12/index.php?action_kouhyou_detail_004_kani=true&JigyosyoCd=1290700036-00&ServiceCd=320&Type=search" }, "geometry": { "type": "Point", "coordinates": [ 140.862837500000069, 35.7332659 ] } },
{ "type": "Feature", "properties": { "内容": "グループホーム銀河橋本【認知症対応型共同生活介護】千葉県銚子市橋本町1978-1", "url2": "https://www.kaigokensaku.mhlw.go.jp/12/index.php?action_kouhyou_detail_004_kani=true&JigyosyoCd=1290700119-00&ServiceCd=320&Type=search" }, "geometry": { "type": "Point", "coordinates": [ 140.847538699999973, 35.7350069 ] } },
{ "type": "Feature", "properties": { "内容": "グループホームかすが苑【認知症対応型共同生活介護】千葉県銚子市小浜町２６４０－２", "url2": "https://www.kaigokensaku.mhlw.go.jp/12/index.php?action_kouhyou_detail_004_kani=true&JigyosyoCd=1270700188-00&ServiceCd=320&Type=search" }, "geometry": { "type": "Point", "coordinates": [ 140.772620400000051, 35.7225199 ] } },
{ "type": "Feature", "properties": { "内容": "グループホーム双葉【認知症対応型共同生活介護】千葉県銚子市松本町2丁目810-10", "url2": "https://www.kaigokensaku.mhlw.go.jp/12/index.php?action_kouhyou_detail_004_kani=true&JigyosyoCd=1270700303-00&ServiceCd=320&Type=search" }, "geometry": { "type": "Point", "coordinates": [ 140.816830500000037, 35.7307425 ] } },
{ "type": "Feature", "properties": { "内容": "グループホームやわら余山町【認知症対応型共同生活介護】千葉県銚子市余山町193", "url2": "https://www.kaigokensaku.mhlw.go.jp/12/index.php?action_kouhyou_detail_004_kani=true&JigyosyoCd=1290700234-00&ServiceCd=320&Type=search" }, "geometry": { "type": "Point", "coordinates": [ 140.776738599999987, 35.7509878 ] } },
{ "type": "Feature", "properties": { "内容": "グループホームやわら【認知症対応型共同生活介護】千葉県銚子市後飯町3-18", "url2": "https://www.kaigokensaku.mhlw.go.jp/12/index.php?action_kouhyou_detail_004_kani=true&JigyosyoCd=1290700150-00&ServiceCd=320&Type=search" }, "geometry": { "type": "Point", "coordinates": [ 140.843737972421991, 35.732284510829516 ] } },
{ "type": "Feature", "properties": { "内容": "グループホームいきいきの家市川【認知症対応型共同生活介護】千葉県市川市原木2-16-17", "url2": "https://www.kaigokensaku.mhlw.go.jp/12/index.php?action_kouhyou_detail_004_kani=true&JigyosyoCd=1290800893-00&ServiceCd=320&Type=search" }, "geometry": { "type": "Point", "coordinates": [ 139.944861399999979, 35.69868850000001 ] } },
{ "type": "Feature", "properties": { "内容": "グループホーム　フィルハート市川大野【認知症対応型共同生活介護】千葉県市川市南大野２丁目３０番１７号", "url2": "https://www.kaigokensaku.mhlw.go.jp/12/index.php?action_kouhyou_detail_004_kani=true&JigyosyoCd=1270800814-00&ServiceCd=320&Type=search" }, "geometry": { "type": "Point", "coordinates": [ 139.952665499999966, 35.7486881 ] } },
{ "type": "Feature", "properties": { "内容": "コンフォートフィオーレ曽谷【認知症対応型共同生活介護】千葉県市川市曽谷5-2-12", "url2": "https://www.kaigokensaku.mhlw.go.jp/12/index.php?action_kouhyou_detail_004_kani=true&JigyosyoCd=1290800695-00&ServiceCd=320&Type=search" }, "geometry": { "type": "Point", "coordinates": [ 139.92940150000004, 35.7450446 ] } },
{ "type": "Feature", "properties": { "内容": "愛の家グループホーム南行徳【認知症対応型共同生活介護】千葉県市川市福栄３－１５－１５", "url2": "https://www.kaigokensaku.mhlw.go.jp/12/index.php?action_kouhyou_detail_004_kani=true&JigyosyoCd=1290800117-00&ServiceCd=320&Type=search" }, "geometry": { "type": "Point", "coordinates": [ 139.907682900000026, 35.6730677 ] } },
{ "type": "Feature", "properties": { "内容": "愛の家グループホーム市川国分【認知症対応型共同生活介護】千葉県市川市国分2-10-20", "url2": "https://www.kaigokensaku.mhlw.go.jp/12/index.php?action_kouhyou_detail_004_kani=true&JigyosyoCd=1290800059-00&ServiceCd=320&Type=search" }, "geometry": { "type": "Point", "coordinates": [ 139.917286900000022, 35.7411616 ] } },
{ "type": "Feature", "properties": { "内容": "ヒューマンライフケア市川真間グループホーム【認知症対応型共同生活介護】千葉県市川市真間5-15-13", "url2": "https://www.kaigokensaku.mhlw.go.jp/12/index.php?action_kouhyou_detail_004_kani=true&JigyosyoCd=1290800612-00&ServiceCd=320&Type=search" }, "geometry": { "type": "Point", "coordinates": [ 139.910584, 35.743352 ] } },
{ "type": "Feature", "properties": { "内容": "グループホームたのしい家　本八幡【認知症対応型共同生活介護】千葉県市川市平田1-1-19", "url2": "https://www.kaigokensaku.mhlw.go.jp/12/index.php?action_kouhyou_detail_004_kani=true&JigyosyoCd=1290800141-00&ServiceCd=320&Type=search" }, "geometry": { "type": "Point", "coordinates": [ 139.924910400000044, 35.7255165 ] } },
{ "type": "Feature", "properties": { "内容": "グループホーム市川【認知症対応型共同生活介護】千葉県市川市須和田1-11-13", "url2": "https://www.kaigokensaku.mhlw.go.jp/12/index.php?action_kouhyou_detail_004_kani=true&JigyosyoCd=1290800174-00&ServiceCd=320&Type=search" }, "geometry": { "type": "Point", "coordinates": [ 139.923138, 35.7365007 ] } },
{ "type": "Feature", "properties": { "内容": "愛・グループホーム幸【認知症対応型共同生活介護】千葉県市川市幸２－３－２３", "url2": "https://www.kaigokensaku.mhlw.go.jp/12/index.php?action_kouhyou_detail_004_kani=true&JigyosyoCd=1290800356-00&ServiceCd=320&Type=search" }, "geometry": { "type": "Point", "coordinates": [ 139.927279299999981, 35.679306400000016 ] } },
{ "type": "Feature", "properties": { "内容": "グループホーム親愛【認知症対応型共同生活介護】千葉県市川市曽谷4-4-10", "url2": "https://www.kaigokensaku.mhlw.go.jp/12/index.php?action_kouhyou_detail_004_kani=true&JigyosyoCd=1290800125-00&ServiceCd=320&Type=search" }, "geometry": { "type": "Point", "coordinates": [ 139.930056499999978, 35.7464381 ] } },
{ "type": "Feature", "properties": { "内容": "愛・グループホーム市川国府台【認知症対応型共同生活介護】千葉県市川市国府台5-22-2", "url2": "https://www.kaigokensaku.mhlw.go.jp/12/index.php?action_kouhyou_detail_004_kani=true&JigyosyoCd=1290800190-00&ServiceCd=320&Type=search" }, "geometry": { "type": "Point", "coordinates": [ 139.90455959999997, 35.7505121 ] } },
{ "type": "Feature", "properties": { "内容": "市川グループホーム　そよ風【認知症対応型共同生活介護】千葉県市川市本北方2-27-7", "url2": "https://www.kaigokensaku.mhlw.go.jp/12/index.php?action_kouhyou_detail_004_kani=true&JigyosyoCd=1290800075-00&ServiceCd=320&Type=search" }, "geometry": { "type": "Point", "coordinates": [ 139.945783300000016, 35.7313626 ] } },
{ "type": "Feature", "properties": { "内容": "愛・グループホーム北方町【認知症対応型共同生活介護】千葉県市川市北方町4-1899-7", "url2": "https://www.kaigokensaku.mhlw.go.jp/12/index.php?action_kouhyou_detail_004_kani=true&JigyosyoCd=1290800273-00&ServiceCd=320&Type=search" }, "geometry": { "type": "Point", "coordinates": [ 139.960119347885097, 35.732647157773449 ] } },
{ "type": "Feature", "properties": { "内容": "すがの親愛ホーム【認知症対応型共同生活介護】千葉県市川市菅野5-2-12", "url2": "https://www.kaigokensaku.mhlw.go.jp/12/index.php?action_kouhyou_detail_004_kani=true&JigyosyoCd=1290800240-00&ServiceCd=320&Type=search" }, "geometry": { "type": "Point", "coordinates": [ 139.925586642293183, 35.733608723393331 ] } },
{ "type": "Feature", "properties": { "内容": "グループホームつどい「伊勢宿家」【認知症対応型共同生活介護】千葉県市川市伊勢宿14-16", "url2": "https://www.kaigokensaku.mhlw.go.jp/12/index.php?action_kouhyou_detail_004_kani=true&JigyosyoCd=1290800778-00&ServiceCd=320&Type=search" }, "geometry": { "type": "Point", "coordinates": [ 139.915608099999986, 35.6868488 ] } },
{ "type": "Feature", "properties": { "内容": "ニッケ　てとて市川【認知症対応型共同生活介護】千葉県市川市北方1-3-7てとて市川", "url2": "https://www.kaigokensaku.mhlw.go.jp/12/index.php?action_kouhyou_detail_004_kani=true&JigyosyoCd=1290800620-00&ServiceCd=320&Type=search" }, "geometry": { "type": "Point", "coordinates": [ 139.937143174756301, 35.722158411201953 ] } },
{ "type": "Feature", "properties": { "内容": "ミモザ市川国分【認知症対応型共同生活介護】千葉県市川市国分2-9-10ミモザ市川国分", "url2": "https://www.kaigokensaku.mhlw.go.jp/12/index.php?action_kouhyou_detail_004_kani=true&JigyosyoCd=1290800398-00&ServiceCd=320&Type=search" }, "geometry": { "type": "Point", "coordinates": [ 139.915569529019422, 35.741108466877257 ] } },
{ "type": "Feature", "properties": { "内容": "癒しの市川おにだか館グループホーム【認知症対応型共同生活介護】千葉県市川市鬼高1-6-2", "url2": "https://www.kaigokensaku.mhlw.go.jp/12/index.php?action_kouhyou_detail_004_kani=true&JigyosyoCd=1270801580-00&ServiceCd=320&Type=search" }, "geometry": { "type": "Point", "coordinates": [ 139.933676600000013, 35.7127741 ] } },
{ "type": "Feature", "properties": { "内容": "グループホームきらら市川妙典【認知症対応型共同生活介護】千葉県市川市塩焼4-14-22", "url2": "https://www.kaigokensaku.mhlw.go.jp/12/index.php?action_kouhyou_detail_004_kani=true&JigyosyoCd=1270800970-00&ServiceCd=320&Type=search" }, "geometry": { "type": "Point", "coordinates": [ 139.932635900000037, 35.6855746 ] } },
{ "type": "Feature", "properties": { "内容": "セントケアホーム市川大和田【認知症対応型共同生活介護】千葉県市川市大和田5‐6‐5", "url2": "https://www.kaigokensaku.mhlw.go.jp/12/index.php?action_kouhyou_detail_004_kani=true&JigyosyoCd=1290800208-00&ServiceCd=320&Type=search" }, "geometry": { "type": "Point", "coordinates": [ 139.914864200000011, 35.7134935 ] } },
{ "type": "Feature", "properties": { "内容": "グループホームきらら南行徳【認知症対応型共同生活介護】市川市南行徳.3-18-21", "url2": "https://www.kaigokensaku.mhlw.go.jp/12/index.php?action_kouhyou_detail_004_kani=true&JigyosyoCd=1290800109-00&ServiceCd=320&Type=search" }, "geometry": { "type": "Point", "coordinates": [ 139.9000254, 35.6704513 ] } },
{ "type": "Feature", "properties": { "内容": "愛・グループホーム市川南【認知症対応型共同生活介護】千葉県市川市市川南　4-7-22", "url2": "https://www.kaigokensaku.mhlw.go.jp/12/index.php?action_kouhyou_detail_004_kani=true&JigyosyoCd=1290800166-00&ServiceCd=320&Type=search" }, "geometry": { "type": "Point", "coordinates": [ 139.9016924, 35.7268356 ] } },
{ "type": "Feature", "properties": { "内容": "ミモザ西船橋【認知症対応型共同生活介護】千葉県船橋市海神町南１－７３５－１", "url2": "https://www.kaigokensaku.mhlw.go.jp/12/index.php?action_kouhyou_detail_004_kani=true&JigyosyoCd=1290900347-00&ServiceCd=320&Type=search" }, "geometry": { "type": "Point", "coordinates": [ 139.960766299999932, 35.7024889 ] } },
{ "type": "Feature", "properties": { "内容": "愛の家グループホーム船橋坪井東【認知症対応型共同生活介護】千葉県船橋市坪井東3-23-6", "url2": "https://www.kaigokensaku.mhlw.go.jp/12/index.php?action_kouhyou_detail_004_kani=true&JigyosyoCd=1290900677-00&ServiceCd=320&Type=search" }, "geometry": { "type": "Point", "coordinates": [ 140.06186219999995, 35.7267836 ] } },
{ "type": "Feature", "properties": { "内容": "けあふるタウン日香里【認知症対応型共同生活介護】千葉県船橋市みやぎ台1-13-1", "url2": "https://www.kaigokensaku.mhlw.go.jp/12/index.php?action_kouhyou_detail_004_kani=true&JigyosyoCd=1290900032-00&ServiceCd=320&Type=search" }, "geometry": { "type": "Point", "coordinates": [ 140.0348292, 35.7573806 ] } },
{ "type": "Feature", "properties": { "内容": "コンフォートフィオーレ船橋宮本【認知症対応型共同生活介護】千葉県船橋市宮本１－２－１５", "url2": "https://www.kaigokensaku.mhlw.go.jp/12/index.php?action_kouhyou_detail_004_kani=true&JigyosyoCd=1290900958-00&ServiceCd=320&Type=search" }, "geometry": { "type": "Point", "coordinates": [ 139.992631, 35.7007938 ] } },
{ "type": "Feature", "properties": { "内容": "グループホームつどい「古和釜」【認知症対応型共同生活介護】千葉県船橋市松が丘3-63-23", "url2": "https://www.kaigokensaku.mhlw.go.jp/12/index.php?action_kouhyou_detail_004_kani=true&JigyosyoCd=1290901600-00&ServiceCd=320&Type=search" }, "geometry": { "type": "Point", "coordinates": [ 140.050746299999986, 35.7391908 ] } },
{ "type": "Feature", "properties": { "内容": "グループホームつどい「松が丘」【認知症対応型共同生活介護】千葉県船橋市松が丘3-63-30", "url2": "https://www.kaigokensaku.mhlw.go.jp/12/index.php?action_kouhyou_detail_004_kani=true&JigyosyoCd=1290901592-00&ServiceCd=320&Type=search" }, "geometry": { "type": "Point", "coordinates": [ 140.0508677, 35.7391061 ] } },
{ "type": "Feature", "properties": { "内容": "グループホームアスカみずきⅠ【認知症対応型共同生活介護】千葉県船橋飯山満町1-206", "url2": "https://www.kaigokensaku.mhlw.go.jp/12/index.php?action_kouhyou_detail_004_kani=true&JigyosyoCd=1290900511-00&ServiceCd=320&Type=search" }, "geometry": { "type": "Point", "coordinates": [ 140.014136600000029, 35.7162812 ] } },
{ "type": "Feature", "properties": { "内容": "グループホームアスカみずきⅡ【認知症対応型共同生活介護】千葉県船橋市飯山満町1-206", "url2": "https://www.kaigokensaku.mhlw.go.jp/12/index.php?action_kouhyou_detail_004_kani=true&JigyosyoCd=1290900529-00&ServiceCd=320&Type=search" }, "geometry": { "type": "Point", "coordinates": [ 140.014136600000029, 35.7162812 ] } },
{ "type": "Feature", "properties": { "内容": "グループホームゆう希苑かなすぎ【認知症対応型共同生活介護】千葉県船橋市金杉町８８２－３", "url2": "https://www.kaigokensaku.mhlw.go.jp/12/index.php?action_kouhyou_detail_004_kani=true&JigyosyoCd=1290900412-00&ServiceCd=320&Type=search" }, "geometry": { "type": "Point", "coordinates": [ 140.001723299999981, 35.733893 ] } },
{ "type": "Feature", "properties": { "内容": "コンフォートフィオーレ船橋【認知症対応型共同生活介護】千葉県船橋市栄町１丁目６－２４", "url2": "https://www.kaigokensaku.mhlw.go.jp/12/index.php?action_kouhyou_detail_004_kani=true&JigyosyoCd=1290900644-00&ServiceCd=320&Type=search" }, "geometry": { "type": "Point", "coordinates": [ 139.976979839950559, 35.693747360459639 ] } },
{ "type": "Feature", "properties": { "内容": "グループホーム　いろり【認知症対応型共同生活介護】千葉県船橋市三山5-15-6", "url2": "https://www.kaigokensaku.mhlw.go.jp/12/index.php?action_kouhyou_detail_004_kani=true&JigyosyoCd=1290900917-00&ServiceCd=320&Type=search" }, "geometry": { "type": "Point", "coordinates": [ 140.050964499999964, 35.7044887 ] } },
{ "type": "Feature", "properties": { "内容": "グループホームカラン【認知症対応型共同生活介護】千葉県船橋市中野木２－３２－３", "url2": "https://www.kaigokensaku.mhlw.go.jp/12/index.php?action_kouhyou_detail_004_kani=true&JigyosyoCd=1290900719-00&ServiceCd=320&Type=search" }, "geometry": { "type": "Point", "coordinates": [ 140.015909400000027, 35.7034991 ] } },
{ "type": "Feature", "properties": { "内容": "グループホームつどい「船橋」【認知症対応型共同生活介護】千葉県船橋市金杉9-8-22", "url2": "https://www.kaigokensaku.mhlw.go.jp/12/index.php?action_kouhyou_detail_004_kani=true&JigyosyoCd=1290901659-00&ServiceCd=320&Type=search" }, "geometry": { "type": "Point", "coordinates": [ 140.0075493, 35.7305574 ] } },
{ "type": "Feature", "properties": { "内容": "グループホームゆう希苑まごめざわ【認知症対応型共同生活介護】千葉県船橋市上山町３－６１６－１", "url2": "https://www.kaigokensaku.mhlw.go.jp/12/index.php?action_kouhyou_detail_004_kani=true&JigyosyoCd=1290900263-00&ServiceCd=320&Type=search" }, "geometry": { "type": "Point", "coordinates": [ 139.983713800000032, 35.7390171 ] } },
{ "type": "Feature", "properties": { "内容": "グループホームめいと船橋小室【認知症対応型共同生活介護】千葉県船橋市小室町5077", "url2": "https://www.kaigokensaku.mhlw.go.jp/12/index.php?action_kouhyou_detail_004_kani=true&JigyosyoCd=1290900685-00&ServiceCd=320&Type=search" }, "geometry": { "type": "Point", "coordinates": [ 140.07437, 35.7875287 ] } },
{ "type": "Feature", "properties": { "内容": "ライブラリ船橋【認知症対応型共同生活介護】千葉県船橋市本町5丁目19番地海老川マンション１階、２階", "url2": "https://www.kaigokensaku.mhlw.go.jp/12/index.php?action_kouhyou_detail_004_kani=true&JigyosyoCd=1290901311-00&ServiceCd=320&Type=search" }, "geometry": { "type": "Point", "coordinates": [ 139.9906996, 35.7014325 ] } },
{ "type": "Feature", "properties": { "内容": "愛の家グループホーム船橋二子【認知症対応型共同生活介護】千葉県船橋市二子町629-2", "url2": "https://www.kaigokensaku.mhlw.go.jp/12/index.php?action_kouhyou_detail_004_kani=true&JigyosyoCd=1290900149-00&ServiceCd=320&Type=search" }, "geometry": { "type": "Point", "coordinates": [ 139.946750599999973, 35.7086745 ] } },
{ "type": "Feature", "properties": { "内容": "グループホームつどい「新船橋」【認知症対応型共同生活介護】千葉県船橋市北本町2－18－31グループホームつどい「新船橋」", "url2": "https://www.kaigokensaku.mhlw.go.jp/12/index.php?action_kouhyou_detail_004_kani=true&JigyosyoCd=1290901386-00&ServiceCd=320&Type=search" }, "geometry": { "type": "Point", "coordinates": [ 139.9838957, 35.7168444 ] } },
{ "type": "Feature", "properties": { "内容": "セントケアホーム夏見【認知症対応型共同生活介護】千葉県船橋市夏見5-6-9", "url2": "https://www.kaigokensaku.mhlw.go.jp/12/index.php?action_kouhyou_detail_004_kani=true&JigyosyoCd=1290900313-00&ServiceCd=320&Type=search" }, "geometry": { "type": "Point", "coordinates": [ 139.994688799999949, 35.70989 ] } },
{ "type": "Feature", "properties": { "内容": "ニチイケアセンター咲が丘【認知症対応型共同生活介護】千葉県船橋市咲が丘3-2-1", "url2": "https://www.kaigokensaku.mhlw.go.jp/12/index.php?action_kouhyou_detail_004_kani=true&JigyosyoCd=1290900255-00&ServiceCd=320&Type=search" }, "geometry": { "type": "Point", "coordinates": [ 140.022358299999951, 35.7571109 ] } },
{ "type": "Feature", "properties": { "内容": "グループホームさくら館【認知症対応型共同生活介護】千葉県船橋市習志野台8-55-1", "url2": "https://www.kaigokensaku.mhlw.go.jp/12/index.php?action_kouhyou_detail_004_kani=true&JigyosyoCd=1290900107-00&ServiceCd=320&Type=search" }, "geometry": { "type": "Point", "coordinates": [ 140.064144545036925, 35.718860282112765 ] } },
{ "type": "Feature", "properties": { "内容": "グループホームなしの郷【認知症対応型共同生活介護】千葉県船橋市大穴北7-22-2", "url2": "https://www.kaigokensaku.mhlw.go.jp/12/index.php?action_kouhyou_detail_004_kani=true&JigyosyoCd=1290901261-00&ServiceCd=320&Type=search" }, "geometry": { "type": "Point", "coordinates": [ 140.053183100000012, 35.74807 ] } },
{ "type": "Feature", "properties": { "内容": "グループホームたか音の杜【認知症対応型共同生活介護】千葉県船橋市高根台2-10-30", "url2": "https://www.kaigokensaku.mhlw.go.jp/12/index.php?action_kouhyou_detail_004_kani=true&JigyosyoCd=1290900545-00&ServiceCd=320&Type=search" }, "geometry": { "type": "Point", "coordinates": [ 140.033495, 35.7323604 ] } },
{ "type": "Feature", "properties": { "内容": "ニチイケアセンター夏見台【認知症対応型共同生活介護】千葉県船橋市夏見台4-15-50", "url2": "https://www.kaigokensaku.mhlw.go.jp/12/index.php?action_kouhyou_detail_004_kani=true&JigyosyoCd=1290900354-00&ServiceCd=320&Type=search" }, "geometry": { "type": "Point", "coordinates": [ 139.993696799999952, 35.7226358 ] } },
{ "type": "Feature", "properties": { "内容": "グループホームゆう希苑ふなばし【認知症対応型共同生活介護】千葉県船橋市金杉８－２４－１１", "url2": "https://www.kaigokensaku.mhlw.go.jp/12/index.php?action_kouhyou_detail_004_kani=true&JigyosyoCd=1290900123-00&ServiceCd=320&Type=search" }, "geometry": { "type": "Point", "coordinates": [ 140.013802599999963, 35.7304409 ] } },
{ "type": "Feature", "properties": { "内容": "ウェルミー高根台【認知症対応型共同生活介護】千葉県船橋市高根台２－２－１７", "url2": "https://www.kaigokensaku.mhlw.go.jp/12/index.php?action_kouhyou_detail_004_kani=true&JigyosyoCd=1290900206-00&ServiceCd=320&Type=search" }, "geometry": { "type": "Point", "coordinates": [ 140.031656099999964, 35.7345769 ] } },
{ "type": "Feature", "properties": { "内容": "グループホームひまわり新高根【認知症対応型共同生活介護】千葉県船橋市新高根２－２４－７", "url2": "https://www.kaigokensaku.mhlw.go.jp/12/index.php?action_kouhyou_detail_004_kani=true&JigyosyoCd=1290900396-00&ServiceCd=320&Type=search" }, "geometry": { "type": "Point", "coordinates": [ 140.0217629, 35.7281108 ] } },
{ "type": "Feature", "properties": { "内容": "グループホームひまわり山手【認知症対応型共同生活介護】千葉県船橋市山手３－５－２２", "url2": "https://www.kaigokensaku.mhlw.go.jp/12/index.php?action_kouhyou_detail_004_kani=true&JigyosyoCd=1290900404-00&ServiceCd=320&Type=search" }, "geometry": { "type": "Point", "coordinates": [ 139.979431400000067, 35.7176558 ] } },
{ "type": "Feature", "properties": { "内容": "ディアフレンドならしの【認知症対応型共同生活介護】千葉県船橋市習志野1-13-17", "url2": "https://www.kaigokensaku.mhlw.go.jp/12/index.php?action_kouhyou_detail_004_kani=true&JigyosyoCd=1290900016-00&ServiceCd=320&Type=search" }, "geometry": { "type": "Point", "coordinates": [ 140.057638399999973, 35.7118964 ] } },
{ "type": "Feature", "properties": { "内容": "グループホームゆう希苑つかだ【認知症対応型共同生活介護】千葉県船橋市前貝塚町444番地１", "url2": "https://www.kaigokensaku.mhlw.go.jp/12/index.php?action_kouhyou_detail_004_kani=true&JigyosyoCd=1290900248-00&ServiceCd=320&Type=search" }, "geometry": { "type": "Point", "coordinates": [ 139.98640869999997, 35.722019100000011 ] } },
{ "type": "Feature", "properties": { "内容": "グループホーム　ひだまりの家【認知症対応型共同生活介護】千葉県船橋市習志野台2-62-34", "url2": "https://www.kaigokensaku.mhlw.go.jp/12/index.php?action_kouhyou_detail_004_kani=true&JigyosyoCd=1290900339-00&ServiceCd=320&Type=search" }, "geometry": { "type": "Point", "coordinates": [ 140.048513400000047, 35.7266917 ] } },
{ "type": "Feature", "properties": { "内容": "グループホーム船橋笑寿苑【認知症対応型共同生活介護】千葉県船橋市大穴北4-25-15", "url2": "https://www.kaigokensaku.mhlw.go.jp/12/index.php?action_kouhyou_detail_004_kani=true&JigyosyoCd=1290900560-00&ServiceCd=320&Type=search" }, "geometry": { "type": "Point", "coordinates": [ 140.048333700000057, 35.7519868 ] } },
{ "type": "Feature", "properties": { "内容": "グループホームハピネス【認知症対応型共同生活介護】千葉県船橋市古和釜町207番地", "url2": "https://www.kaigokensaku.mhlw.go.jp/12/index.php?action_kouhyou_detail_004_kani=true&JigyosyoCd=1270903055-00&ServiceCd=320&Type=search" }, "geometry": { "type": "Point", "coordinates": [ 140.062668900000062, 35.7467624 ] } },
{ "type": "Feature", "properties": { "内容": "コミュニティホームみさき【認知症対応型共同生活介護】千葉県船橋市二和東2丁目8番5号", "url2": "https://www.kaigokensaku.mhlw.go.jp/12/index.php?action_kouhyou_detail_004_kani=true&JigyosyoCd=1290900636-00&ServiceCd=320&Type=search" }, "geometry": { "type": "Point", "coordinates": [ 140.026319606781499, 35.746987444230498 ] } },
{ "type": "Feature", "properties": { "内容": "ふなばし翔裕館【認知症対応型共同生活介護】千葉県船橋市松が丘5-32-1", "url2": "https://www.kaigokensaku.mhlw.go.jp/12/index.php?action_kouhyou_detail_004_kani=true&JigyosyoCd=1290901162-00&ServiceCd=320&Type=search" }, "geometry": { "type": "Point", "coordinates": [ 140.051465, 35.7365841 ] } },
{ "type": "Feature", "properties": { "内容": "ニチイケアセンター西船橋【認知症対応型共同生活介護】千葉県船橋市西船3-7-33", "url2": "https://www.kaigokensaku.mhlw.go.jp/12/index.php?action_kouhyou_detail_004_kani=true&JigyosyoCd=1290900230-00&ServiceCd=320&Type=search" }, "geometry": { "type": "Point", "coordinates": [ 139.963604699999962, 35.713064 ] } },
{ "type": "Feature", "properties": { "内容": "ニチイケアセンター東船橋【認知症対応型共同生活介護】千葉県船橋市東船橋2-17-17", "url2": "https://www.kaigokensaku.mhlw.go.jp/12/index.php?action_kouhyou_detail_004_kani=true&JigyosyoCd=1290901477-00&ServiceCd=320&Type=search" }, "geometry": { "type": "Point", "coordinates": [ 140.003517755819701, 35.702434593180342 ] } },
{ "type": "Feature", "properties": { "内容": "グループホームきらら船橋飯山満【認知症対応型共同生活介護】千葉県船橋市新高根1-8-21", "url2": "https://www.kaigokensaku.mhlw.go.jp/12/index.php?action_kouhyou_detail_004_kani=true&JigyosyoCd=1290901626-00&ServiceCd=320&Type=search" }, "geometry": { "type": "Point", "coordinates": [ 140.0214924, 35.722588400000014 ] } },
{ "type": "Feature", "properties": { "内容": "ぐるうぷほうむ礎【認知症対応型共同生活介護】千葉県船橋市行田３丁目２番２２号", "url2": "https://www.kaigokensaku.mhlw.go.jp/12/index.php?action_kouhyou_detail_004_kani=true&JigyosyoCd=1270901588-00&ServiceCd=320&Type=search" }, "geometry": { "type": "Point", "coordinates": [ 139.970631899999944, 35.7182642 ] } },
{ "type": "Feature", "properties": { "内容": "グループホームきらら船橋宮本【認知症対応型共同生活介護】千葉県船橋市宮本8-1-22", "url2": "https://www.kaigokensaku.mhlw.go.jp/12/index.php?action_kouhyou_detail_004_kani=true&JigyosyoCd=1290900669-00&ServiceCd=320&Type=search" }, "geometry": { "type": "Point", "coordinates": [ 139.9981252, 35.6928031 ] } },
{ "type": "Feature", "properties": { "内容": "グループホーム楽家薬園台【認知症対応型共同生活介護】千葉県船橋市薬円台1-18-8", "url2": "https://www.kaigokensaku.mhlw.go.jp/12/index.php?action_kouhyou_detail_004_kani=true&JigyosyoCd=1290900628-00&ServiceCd=320&Type=search" }, "geometry": { "type": "Point", "coordinates": [ 140.041283909192629, 35.709091809668074 ] } },
{ "type": "Feature", "properties": { "内容": "ヒューマンライフケア船橋グループホーム【認知症対応型共同生活介護】千葉県船橋市夏見台5丁目１２－１５", "url2": "https://www.kaigokensaku.mhlw.go.jp/12/index.php?action_kouhyou_detail_004_kani=true&JigyosyoCd=1290901204-00&ServiceCd=320&Type=search" }, "geometry": { "type": "Point", "coordinates": [ 139.99318489999996, 35.7262081 ] } },
{ "type": "Feature", "properties": { "内容": "グループホーム椛舎【認知症対応型共同生活介護】千葉県船橋市三咲7-24-15", "url2": "https://www.kaigokensaku.mhlw.go.jp/12/index.php?action_kouhyou_detail_004_kani=true&JigyosyoCd=1290900701-00&ServiceCd=320&Type=search" }, "geometry": { "type": "Point", "coordinates": [ 140.038258700000029, 35.7480094 ] } },
{ "type": "Feature", "properties": { "内容": "グループホーム　ガーデンコート西船橋【認知症対応型共同生活介護】千葉県船橋市西船2-34-20", "url2": "https://www.kaigokensaku.mhlw.go.jp/12/index.php?action_kouhyou_detail_004_kani=true&JigyosyoCd=1290900057-00&ServiceCd=320&Type=search" }, "geometry": { "type": "Point", "coordinates": [ 139.967579399999977, 35.7159952 ] } },
{ "type": "Feature", "properties": { "内容": "グループホームガーデンコート前原東【認知症対応型共同生活介護】千葉県船橋市前原東5-42-35ガーデンコート前原東", "url2": "https://www.kaigokensaku.mhlw.go.jp/12/index.php?action_kouhyou_detail_004_kani=true&JigyosyoCd=1290900651-00&ServiceCd=320&Type=search" }, "geometry": { "type": "Point", "coordinates": [ 140.034557800000016, 35.7021246 ] } },
{ "type": "Feature", "properties": { "内容": "グループホーム　ガーデンコート船橋三山【認知症対応型共同生活介護】千葉県船橋市三山5-57-12", "url2": "https://www.kaigokensaku.mhlw.go.jp/12/index.php?action_kouhyou_detail_004_kani=true&JigyosyoCd=1290900222-00&ServiceCd=320&Type=search" }, "geometry": { "type": "Point", "coordinates": [ 140.057075, 35.7056304 ] } },
{ "type": "Feature", "properties": { "内容": "愛の家グループホーム船橋海神【認知症対応型共同生活介護】千葉県船橋市海神5-29-20", "url2": "https://www.kaigokensaku.mhlw.go.jp/12/index.php?action_kouhyou_detail_004_kani=true&JigyosyoCd=1290900131-00&ServiceCd=320&Type=search" }, "geometry": { "type": "Point", "coordinates": [ 140.003485700000027, 35.6974303 ] } },
{ "type": "Feature", "properties": { "内容": "ミモザ船橋【認知症対応型共同生活介護】千葉県船橋市行田町77ミモザ船橋", "url2": "https://www.kaigokensaku.mhlw.go.jp/12/index.php?action_kouhyou_detail_004_kani=true&JigyosyoCd=1290900479-00&ServiceCd=320&Type=search" }, "geometry": { "type": "Point", "coordinates": [ 139.977493200000026, 35.7232866 ] } },
{ "type": "Feature", "properties": { "内容": "グループホーム光ハイツ【認知症対応型共同生活介護】千葉県船橋市飯山満町3-1589-1", "url2": "https://www.kaigokensaku.mhlw.go.jp/12/index.php?action_kouhyou_detail_004_kani=true&JigyosyoCd=1290900180-00&ServiceCd=320&Type=search" }, "geometry": { "type": "Point", "coordinates": [ 140.0313046, 35.7137956 ] } },
{ "type": "Feature", "properties": { "内容": "愛の家グループホーム館山亀ヶ原弐番館【認知症対応型共同生活介護】千葉県館山市亀ヶ原1010-5", "url2": "https://www.kaigokensaku.mhlw.go.jp/12/index.php?action_kouhyou_detail_004_kani=true&JigyosyoCd=1291000279-00&ServiceCd=320&Type=search" }, "geometry": { "type": "Point", "coordinates": [ 139.8816085, 35.0184814 ] } },
{ "type": "Feature", "properties": { "内容": "愛の家グループホーム館山亀ヶ原【認知症対応型共同生活介護】千葉県館山市亀ヶ原1010-1", "url2": "https://www.kaigokensaku.mhlw.go.jp/12/index.php?action_kouhyou_detail_004_kani=true&JigyosyoCd=1291000154-00&ServiceCd=320&Type=search" }, "geometry": { "type": "Point", "coordinates": [ 139.89081, 35.0211831 ] } },
{ "type": "Feature", "properties": { "内容": "グループホーム相浜ガーデン【認知症対応型共同生活介護】千葉県館山市相浜75-1", "url2": "https://www.kaigokensaku.mhlw.go.jp/12/index.php?action_kouhyou_detail_004_kani=true&JigyosyoCd=1291000105-00&ServiceCd=320&Type=search" }, "geometry": { "type": "Point", "coordinates": [ 139.830017199999929, 34.9272022 ] } },
{ "type": "Feature", "properties": { "内容": "グループホーム安布里ガーデン【認知症対応型共同生活介護】千葉県館山市安布里237-2", "url2": "https://www.kaigokensaku.mhlw.go.jp/12/index.php?action_kouhyou_detail_004_kani=true&JigyosyoCd=1291000162-00&ServiceCd=320&Type=search" }, "geometry": { "type": "Point", "coordinates": [ 139.882049325054595, 34.987132953113715 ] } },
{ "type": "Feature", "properties": { "内容": "グループホーム広瀬ガーデン【認知症対応型共同生活介護】千葉県館山市広瀬368-1", "url2": "https://www.kaigokensaku.mhlw.go.jp/12/index.php?action_kouhyou_detail_004_kani=true&JigyosyoCd=1291000055-00&ServiceCd=320&Type=search" }, "geometry": { "type": "Point", "coordinates": [ 139.905056, 35.0074657 ] } },
{ "type": "Feature", "properties": { "内容": "グループホーム古茂口の家【認知症対応型共同生活介護】千葉県館山市古茂口６８", "url2": "https://www.kaigokensaku.mhlw.go.jp/12/index.php?action_kouhyou_detail_004_kani=true&JigyosyoCd=1291000147-00&ServiceCd=320&Type=search" }, "geometry": { "type": "Point", "coordinates": [ 139.885231122831783, 34.977595771728353 ] } },
{ "type": "Feature", "properties": { "内容": "グループホーム堂の下ガーデン【認知症対応型共同生活介護】千葉県館山市船形827-11", "url2": "https://www.kaigokensaku.mhlw.go.jp/12/index.php?action_kouhyou_detail_004_kani=true&JigyosyoCd=1271000216-00&ServiceCd=320&Type=search" }, "geometry": { "type": "Point", "coordinates": [ 139.843329499999982, 35.030400299999982 ] } },
{ "type": "Feature", "properties": { "内容": "グループホーム　ふるさと・木更津【認知症対応型共同生活介護】千葉県木更津市太田４－１－２１", "url2": "https://www.kaigokensaku.mhlw.go.jp/12/index.php?action_kouhyou_detail_004_kani=true&JigyosyoCd=1271100719-00&ServiceCd=320&Type=search" }, "geometry": { "type": "Point", "coordinates": [ 139.942952600000012, 35.3797989 ] } },
{ "type": "Feature", "properties": { "内容": "フォレストヒル【認知症対応型共同生活介護】千葉県木更津市清見台東1-22-15", "url2": "https://www.kaigokensaku.mhlw.go.jp/12/index.php?action_kouhyou_detail_004_kani=true&JigyosyoCd=1291100301-00&ServiceCd=320&Type=search" }, "geometry": { "type": "Point", "coordinates": [ 139.950956728311183, 35.386808525605041 ] } },
{ "type": "Feature", "properties": { "内容": "グループホーム大地の家【認知症対応型共同生活介護】千葉県木更津市久津間1112-2", "url2": "https://www.kaigokensaku.mhlw.go.jp/12/index.php?action_kouhyou_detail_004_kani=true&JigyosyoCd=1271100776-00&ServiceCd=320&Type=search" }, "geometry": { "type": "Point", "coordinates": [ 139.916725199999973, 35.4164211 ] } },
{ "type": "Feature", "properties": { "内容": "グループホーム時の村18号館【認知症対応型共同生活介護】千葉県木更津市万石654-2", "url2": "https://www.kaigokensaku.mhlw.go.jp/12/index.php?action_kouhyou_detail_004_kani=true&JigyosyoCd=1291100095-00&ServiceCd=320&Type=search" }, "geometry": { "type": "Point", "coordinates": [ 139.927789851103938, 35.417424058973339 ] } },
{ "type": "Feature", "properties": { "内容": "グループホームきずな　HANARE【認知症対応型共同生活介護】千葉県木更津市下郡９８４－２", "url2": "https://www.kaigokensaku.mhlw.go.jp/12/index.php?action_kouhyou_detail_004_kani=true&JigyosyoCd=1291100277-00&ServiceCd=320&Type=search" }, "geometry": { "type": "Point", "coordinates": [ 140.0488326, 35.3551 ] } },
{ "type": "Feature", "properties": { "内容": "グループホームおりびおヴィレッジ【認知症対応型共同生活介護】千葉県木更津市港南台1-31-5", "url2": "https://www.kaigokensaku.mhlw.go.jp/12/index.php?action_kouhyou_detail_004_kani=true&JigyosyoCd=1271100792-00&ServiceCd=320&Type=search" }, "geometry": { "type": "Point", "coordinates": [ 139.9151362, 35.3532638 ] } },
{ "type": "Feature", "properties": { "内容": "グループホーム請西苑【認知症対応型共同生活介護】千葉県木更津市請西1377番地2", "url2": "https://www.kaigokensaku.mhlw.go.jp/12/index.php?action_kouhyou_detail_004_kani=true&JigyosyoCd=1291100053-00&ServiceCd=320&Type=search" }, "geometry": { "type": "Point", "coordinates": [ 139.938606, 35.3639236 ] } },
{ "type": "Feature", "properties": { "内容": "セントケアホーム木更津おおくぼ【認知症対応型共同生活介護】千葉県木更津市大久保6-12-1", "url2": "https://www.kaigokensaku.mhlw.go.jp/12/index.php?action_kouhyou_detail_004_kani=true&JigyosyoCd=1291100145-00&ServiceCd=320&Type=search" }, "geometry": { "type": "Point", "coordinates": [ 139.938365800000014, 35.3409501 ] } },
{ "type": "Feature", "properties": { "内容": "グループホームマーガレット【認知症対応型共同生活介護】千葉県松戸市八ヶ崎５－２９－１６", "url2": "https://www.kaigokensaku.mhlw.go.jp/12/index.php?action_kouhyou_detail_004_kani=true&JigyosyoCd=1271201277-00&ServiceCd=320&Type=search" }, "geometry": { "type": "Point", "coordinates": [ 139.936481299999969, 35.8070504 ] } },
{ "type": "Feature", "properties": { "内容": "松戸ナーシングヴィラそよ風【認知症対応型共同生活介護】千葉県松戸市常盤平５－２４－２", "url2": "https://www.kaigokensaku.mhlw.go.jp/12/index.php?action_kouhyou_detail_004_kani=true&JigyosyoCd=1291200242-00&ServiceCd=320&Type=search" }, "geometry": { "type": "Point", "coordinates": [ 139.9617465, 35.7949391 ] } },
{ "type": "Feature", "properties": { "内容": "せらび小金原公園【認知症対応型共同生活介護】千葉県松戸市小金原4-38-6せらび小金原公園", "url2": "https://www.kaigokensaku.mhlw.go.jp/12/index.php?action_kouhyou_detail_004_kani=true&JigyosyoCd=1291200705-00&ServiceCd=320&Type=search" }, "geometry": { "type": "Point", "coordinates": [ 139.942577300000011, 35.820527299999981 ] } },
{ "type": "Feature", "properties": { "内容": "マザアスホーム　だんらん松戸【認知症対応型共同生活介護】千葉県松戸市小金原４－２９－１７", "url2": "https://www.kaigokensaku.mhlw.go.jp/12/index.php?action_kouhyou_detail_004_kani=true&JigyosyoCd=1271202952-00&ServiceCd=320&Type=search" }, "geometry": { "type": "Point", "coordinates": [ 139.943091200000026, 35.8222601 ] } },
{ "type": "Feature", "properties": { "内容": "コーサングループホーム【認知症対応型共同生活介護】千葉県松戸市五香１－９－２１", "url2": "https://www.kaigokensaku.mhlw.go.jp/12/index.php?action_kouhyou_detail_004_kani=true&JigyosyoCd=1291200309-00&ServiceCd=320&Type=search" }, "geometry": { "type": "Point", "coordinates": [ 139.967620799999963, 35.7952531 ] } },
{ "type": "Feature", "properties": { "内容": "和名ケ谷ほたるの里【認知症対応型共同生活介護】千葉県松戸市和名ケ谷664-1", "url2": "https://www.kaigokensaku.mhlw.go.jp/12/index.php?action_kouhyou_detail_004_kani=true&JigyosyoCd=1291200598-00&ServiceCd=320&Type=search" }, "geometry": { "type": "Point", "coordinates": [ 139.932120921488945, 35.775183860103738 ] } },
{ "type": "Feature", "properties": { "内容": "グループホームワカバまつど【認知症対応型共同生活介護】千葉県松戸市胡録台284-51", "url2": "https://www.kaigokensaku.mhlw.go.jp/12/index.php?action_kouhyou_detail_004_kani=true&JigyosyoCd=1271201301-00&ServiceCd=320&Type=search" }, "geometry": { "type": "Point", "coordinates": [ 139.911547306637573, 35.781178963182398 ] } },
{ "type": "Feature", "properties": { "内容": "グループホーム　あじさい【認知症対応型共同生活介護】千葉県松戸市五香西５－３－１４", "url2": "https://www.kaigokensaku.mhlw.go.jp/12/index.php?action_kouhyou_detail_004_kani=true&JigyosyoCd=1291200093-00&ServiceCd=320&Type=search" }, "geometry": { "type": "Point", "coordinates": [ 139.9565, 35.78842 ] } },
{ "type": "Feature", "properties": { "内容": "元気ホーム北松戸【認知症対応型共同生活介護】千葉県松戸市中和倉468-2", "url2": "https://www.kaigokensaku.mhlw.go.jp/12/index.php?action_kouhyou_detail_004_kani=true&JigyosyoCd=1291200341-00&ServiceCd=320&Type=search" }, "geometry": { "type": "Point", "coordinates": [ 139.924529300000017, 35.8063553 ] } },
{ "type": "Feature", "properties": { "内容": "愛の家グループホーム東松戸【認知症対応型共同生活介護】千葉県松戸市高塚新田３９１－６", "url2": "https://www.kaigokensaku.mhlw.go.jp/12/index.php?action_kouhyou_detail_004_kani=true&JigyosyoCd=1291200127-00&ServiceCd=320&Type=search" }, "geometry": { "type": "Point", "coordinates": [ 139.9297449, 35.7695384 ] } },
{ "type": "Feature", "properties": { "内容": "グループホームあゆみ【認知症対応型共同生活介護】千葉県松戸市大金平5－365－1", "url2": "https://www.kaigokensaku.mhlw.go.jp/12/index.php?action_kouhyou_detail_004_kani=true&JigyosyoCd=1291200754-00&ServiceCd=320&Type=search" }, "geometry": { "type": "Point", "coordinates": [ 139.9181347, 35.8407225 ] } },
{ "type": "Feature", "properties": { "内容": "愛の家グループホーム松戸小金原【認知症対応型共同生活介護】千葉県松戸市小金原8-13-1", "url2": "https://www.kaigokensaku.mhlw.go.jp/12/index.php?action_kouhyou_detail_004_kani=true&JigyosyoCd=1291200317-00&ServiceCd=320&Type=search" }, "geometry": { "type": "Point", "coordinates": [ 139.939722399999937, 35.814205300000019 ] } },
{ "type": "Feature", "properties": { "内容": "エスケアホーム松戸【認知症対応型共同生活介護】千葉県松戸市馬橋２８４４番エスケアホーム松戸", "url2": "https://www.kaigokensaku.mhlw.go.jp/12/index.php?action_kouhyou_detail_004_kani=true&JigyosyoCd=1291200325-00&ServiceCd=320&Type=search" }, "geometry": { "type": "Point", "coordinates": [ 139.922240188252317, 35.812180184650543 ] } },
{ "type": "Feature", "properties": { "内容": "グループホームむつみ【認知症対応型共同生活介護】千葉県松戸市六実1-47-2", "url2": "https://www.kaigokensaku.mhlw.go.jp/12/index.php?action_kouhyou_detail_004_kani=true&JigyosyoCd=1291200077-00&ServiceCd=320&Type=search" }, "geometry": { "type": "Point", "coordinates": [ 139.97054049999997, 35.7945763 ] } },
{ "type": "Feature", "properties": { "内容": "グループホームさざんか【認知症対応型共同生活介護】千葉県松戸市幸田２丁目１４０", "url2": "https://www.kaigokensaku.mhlw.go.jp/12/index.php?action_kouhyou_detail_004_kani=true&JigyosyoCd=1271202002-00&ServiceCd=320&Type=search" }, "geometry": { "type": "Point", "coordinates": [ 139.922686500000026, 35.8451503 ] } },
{ "type": "Feature", "properties": { "内容": "グループホーム　さくら草【認知症対応型共同生活介護】千葉県松戸市千駄堀１７６６番地１号グループホームさくら草", "url2": "https://www.kaigokensaku.mhlw.go.jp/12/index.php?action_kouhyou_detail_004_kani=true&JigyosyoCd=1271202960-00&ServiceCd=320&Type=search" }, "geometry": { "type": "Point", "coordinates": [ 139.929879199999959, 35.7998286 ] } },
{ "type": "Feature", "properties": { "内容": "愛の家グループホーム松戸常盤平【認知症対応型共同生活介護】千葉県松戸市常盤平7-11-2愛の家グループホーム松戸常盤平", "url2": "https://www.kaigokensaku.mhlw.go.jp/12/index.php?action_kouhyou_detail_004_kani=true&JigyosyoCd=1291200796-00&ServiceCd=320&Type=search" }, "geometry": { "type": "Point", "coordinates": [ 139.9545654, 35.7962637 ] } },
{ "type": "Feature", "properties": { "内容": "グループホームユーカリ新松戸【認知症対応型共同生活介護】千葉県松戸市新松戸6-186", "url2": "https://www.kaigokensaku.mhlw.go.jp/12/index.php?action_kouhyou_detail_004_kani=true&JigyosyoCd=1291200028-00&ServiceCd=320&Type=search" }, "geometry": { "type": "Point", "coordinates": [ 139.909999400000061, 35.8239003 ] } },
{ "type": "Feature", "properties": { "内容": "グループホームユーカリ新松戸弐番館【認知症対応型共同生活介護】千葉県松戸市新松戸6-191", "url2": "https://www.kaigokensaku.mhlw.go.jp/12/index.php?action_kouhyou_detail_004_kani=true&JigyosyoCd=1291200648-00&ServiceCd=320&Type=search" }, "geometry": { "type": "Point", "coordinates": [ 139.9098434, 35.8237592 ] } },
{ "type": "Feature", "properties": { "内容": "グループホームかがやき新松戸【認知症対応型共同生活介護】千葉県松戸市旭町4-1150-3", "url2": "https://www.kaigokensaku.mhlw.go.jp/12/index.php?action_kouhyou_detail_004_kani=true&JigyosyoCd=1271202754-00&ServiceCd=320&Type=search" }, "geometry": { "type": "Point", "coordinates": [ 139.900114199999962, 35.825364 ] } },
{ "type": "Feature", "properties": { "内容": "グループホーム蒼生【認知症対応型共同生活介護】千葉県松戸市松戸新田２６５－２", "url2": "https://www.kaigokensaku.mhlw.go.jp/12/index.php?action_kouhyou_detail_004_kani=true&JigyosyoCd=1271202887-00&ServiceCd=320&Type=search" }, "geometry": { "type": "Point", "coordinates": [ 139.923230200000035, 35.7909626 ] } },
{ "type": "Feature", "properties": { "内容": "グループホームめいと中金杉【認知症対応型共同生活介護】千葉県松戸市中金杉2-72グループホームめいと中金杉", "url2": "https://www.kaigokensaku.mhlw.go.jp/12/index.php?action_kouhyou_detail_004_kani=true&JigyosyoCd=1271202606-00&ServiceCd=320&Type=search" }, "geometry": { "type": "Point", "coordinates": [ 139.926141899999948, 35.841265 ] } },
{ "type": "Feature", "properties": { "内容": "グループホームいきいきの家松戸【認知症対応型共同生活介護】千葉県松戸市根木内119-1グループホーム　いきいきの家松戸", "url2": "https://www.kaigokensaku.mhlw.go.jp/12/index.php?action_kouhyou_detail_004_kani=true&JigyosyoCd=1291200358-00&ServiceCd=320&Type=search" }, "geometry": { "type": "Point", "coordinates": [ 139.942985200000066, 35.8318201 ] } },
{ "type": "Feature", "properties": { "内容": "グループホームたんぽぽの小道【認知症対応型共同生活介護】千葉県松戸市五香4-54-20", "url2": "https://www.kaigokensaku.mhlw.go.jp/12/index.php?action_kouhyou_detail_004_kani=true&JigyosyoCd=1291200283-00&ServiceCd=320&Type=search" }, "geometry": { "type": "Point", "coordinates": [ 139.979577899999981, 35.7920648 ] } },
{ "type": "Feature", "properties": { "内容": "ニチイケアセンター河原塚【認知症対応型共同生活介護】千葉県松戸市和名ヶ谷9-2", "url2": "https://www.kaigokensaku.mhlw.go.jp/12/index.php?action_kouhyou_detail_004_kani=true&JigyosyoCd=1291200200-00&ServiceCd=320&Type=search" }, "geometry": { "type": "Point", "coordinates": [ 139.936549099999979, 35.780695 ] } },
{ "type": "Feature", "properties": { "内容": "松戸グループホームそよ風【認知症対応型共同生活介護】千葉県松戸市馬橋５３０－２", "url2": "https://www.kaigokensaku.mhlw.go.jp/12/index.php?action_kouhyou_detail_004_kani=true&JigyosyoCd=1291200259-00&ServiceCd=320&Type=search" }, "geometry": { "type": "Point", "coordinates": [ 139.909533099999976, 35.8120684 ] } },
{ "type": "Feature", "properties": { "内容": "グループホームガーデンコート常盤平【認知症対応型共同生活介護】千葉県松戸市常盤平1-13-7", "url2": "https://www.kaigokensaku.mhlw.go.jp/12/index.php?action_kouhyou_detail_004_kani=true&JigyosyoCd=1271202424-00&ServiceCd=320&Type=search" }, "geometry": { "type": "Point", "coordinates": [ 139.9489251, 35.8043293 ] } },
{ "type": "Feature", "properties": { "内容": "グループホームガーデンコート矢切【認知症対応型共同生活介護】千葉県松戸市下矢切99-10", "url2": "https://www.kaigokensaku.mhlw.go.jp/12/index.php?action_kouhyou_detail_004_kani=true&JigyosyoCd=1271202978-00&ServiceCd=320&Type=search" }, "geometry": { "type": "Point", "coordinates": [ 139.901152599999932, 35.7580613 ] } },
{ "type": "Feature", "properties": { "内容": "認知症対応型共同生活介護　サンパティオ【認知症対応型共同生活介護】千葉県松戸市旭町2丁目271番地-2", "url2": "https://www.kaigokensaku.mhlw.go.jp/12/index.php?action_kouhyou_detail_004_kani=true&JigyosyoCd=1291200499-00&ServiceCd=320&Type=search" }, "geometry": { "type": "Point", "coordinates": [ 139.899852201106569, 35.817961526222405 ] } },
{ "type": "Feature", "properties": { "内容": "グループホームなかよし【認知症対応型共同生活介護】千葉県松戸市小山97-8", "url2": "https://www.kaigokensaku.mhlw.go.jp/12/index.php?action_kouhyou_detail_004_kani=true&JigyosyoCd=1291200630-00&ServiceCd=320&Type=search" }, "geometry": { "type": "Point", "coordinates": [ 139.8963946, 35.7748802 ] } },
{ "type": "Feature", "properties": { "内容": "グループホーム　みくに松戸の園【認知症対応型共同生活介護】千葉県松戸市栄町西5丁目１３２４", "url2": "https://www.kaigokensaku.mhlw.go.jp/12/index.php?action_kouhyou_detail_004_kani=true&JigyosyoCd=1271202762-00&ServiceCd=320&Type=search" }, "geometry": { "type": "Point", "coordinates": [ 139.890954400000055, 35.8085271 ] } },
{ "type": "Feature", "properties": { "内容": "グループホーム　みくに　栄の園【認知症対応型共同生活介護】千葉県松戸市栄町西5‐1397", "url2": "https://www.kaigokensaku.mhlw.go.jp/12/index.php?action_kouhyou_detail_004_kani=true&JigyosyoCd=1291200234-00&ServiceCd=320&Type=search" }, "geometry": { "type": "Point", "coordinates": [ 139.891334899999947, 35.8089687 ] } },
{ "type": "Feature", "properties": { "内容": "セントケアホーム矢切【認知症対応型共同生活介護】千葉県松戸市下矢切99-11セントケアホーム矢切", "url2": "https://www.kaigokensaku.mhlw.go.jp/12/index.php?action_kouhyou_detail_004_kani=true&JigyosyoCd=1291200184-00&ServiceCd=320&Type=search" }, "geometry": { "type": "Point", "coordinates": [ 139.901130299999977, 35.7586501 ] } },
{ "type": "Feature", "properties": { "内容": "グループホームあおぞら【認知症対応型共同生活介護】千葉県松戸市秋山48-5", "url2": "https://www.kaigokensaku.mhlw.go.jp/12/index.php?action_kouhyou_detail_004_kani=true&JigyosyoCd=1291200440-00&ServiceCd=320&Type=search" }, "geometry": { "type": "Point", "coordinates": [ 139.925386900000035, 35.7657103 ] } },
{ "type": "Feature", "properties": { "内容": "グループホーム　あいあい松戸【認知症対応型共同生活介護】千葉県松戸市松戸896-3", "url2": "https://www.kaigokensaku.mhlw.go.jp/12/index.php?action_kouhyou_detail_004_kani=true&JigyosyoCd=1271202770-00&ServiceCd=320&Type=search" }, "geometry": { "type": "Point", "coordinates": [ 139.911479099999951, 35.7747645 ] } },
{ "type": "Feature", "properties": { "内容": "愛の家グループホーム松戸上本郷【認知症対応型共同生活介護】千葉県松戸市上本郷２８１８", "url2": "https://www.kaigokensaku.mhlw.go.jp/12/index.php?action_kouhyou_detail_004_kani=true&JigyosyoCd=1291200168-00&ServiceCd=320&Type=search" }, "geometry": { "type": "Point", "coordinates": [ 139.913966699999946, 35.7945255 ] } },
{ "type": "Feature", "properties": { "内容": "ミモザ新松戸【認知症対応型共同生活介護】千葉県新松戸4丁目119-2", "url2": "https://www.kaigokensaku.mhlw.go.jp/12/index.php?action_kouhyou_detail_004_kani=true&JigyosyoCd=1291200655-00&ServiceCd=320&Type=search" }, "geometry": { "type": "Point", "coordinates": [ 139.9158683, 35.82768990000001 ] } },
{ "type": "Feature", "properties": { "内容": "グループホームひなたぼっこ【認知症対応型共同生活介護】千葉県松戸市金ヶ作１９９－２", "url2": "https://www.kaigokensaku.mhlw.go.jp/12/index.php?action_kouhyou_detail_004_kani=true&JigyosyoCd=1271202689-00&ServiceCd=320&Type=search" }, "geometry": { "type": "Point", "coordinates": [ 139.947299899999962, 35.8093675 ] } },
{ "type": "Feature", "properties": { "内容": "グループホームたんぽぽの家【認知症対応型共同生活介護】千葉県松戸市六高台7-9", "url2": "https://www.kaigokensaku.mhlw.go.jp/12/index.php?action_kouhyou_detail_004_kani=true&JigyosyoCd=1291200150-00&ServiceCd=320&Type=search" }, "geometry": { "type": "Point", "coordinates": [ 139.9829856, 35.7975006 ] } },
{ "type": "Feature", "properties": { "内容": "新松戸グループホーム【認知症対応型共同生活介護】千葉県松戸市新松戸北１－３－３", "url2": "https://www.kaigokensaku.mhlw.go.jp/12/index.php?action_kouhyou_detail_004_kani=true&JigyosyoCd=1291200838-00&ServiceCd=320&Type=search" }, "geometry": { "type": "Point", "coordinates": [ 139.9167134, 35.8310005 ] } },
{ "type": "Feature", "properties": { "内容": "麗翠堂グループホーム【認知症対応型共同生活介護】千葉県野田市瀬戸965-1", "url2": "https://www.kaigokensaku.mhlw.go.jp/12/index.php?action_kouhyou_detail_004_kani=true&JigyosyoCd=1291300182-00&ServiceCd=320&Type=search" }, "geometry": { "type": "Point", "coordinates": [ 139.9212966, 35.9430554 ] } },
{ "type": "Feature", "properties": { "内容": "グループホームバンヤンツリー関宿【認知症対応型共同生活介護】千葉県野田市木間ヶ瀬４８７７－１", "url2": "https://www.kaigokensaku.mhlw.go.jp/12/index.php?action_kouhyou_detail_004_kani=true&JigyosyoCd=1291300083-00&ServiceCd=320&Type=search" }, "geometry": { "type": "Point", "coordinates": [ 139.8261129, 36.021431 ] } },
{ "type": "Feature", "properties": { "内容": "グループホーム　ソラスト川間【認知症対応型共同生活介護】千葉県野田市中里1564-2", "url2": "https://www.kaigokensaku.mhlw.go.jp/12/index.php?action_kouhyou_detail_004_kani=true&JigyosyoCd=1291300224-00&ServiceCd=320&Type=search" }, "geometry": { "type": "Point", "coordinates": [ 139.848844900000017, 36.0003203 ] } },
{ "type": "Feature", "properties": { "内容": "グループホームけやきの杜【認知症対応型共同生活介護】千葉県野田市山崎1448-1", "url2": "https://www.kaigokensaku.mhlw.go.jp/12/index.php?action_kouhyou_detail_004_kani=true&JigyosyoCd=1291300109-00&ServiceCd=320&Type=search" }, "geometry": { "type": "Point", "coordinates": [ 139.880617199999961, 35.9310505 ] } },
{ "type": "Feature", "properties": { "内容": "グループホーム菜の花【認知症対応型共同生活介護】千葉県野田市宮崎207-5", "url2": "https://www.kaigokensaku.mhlw.go.jp/12/index.php?action_kouhyou_detail_004_kani=true&JigyosyoCd=1291300158-00&ServiceCd=320&Type=search" }, "geometry": { "type": "Point", "coordinates": [ 139.8821408, 35.95492 ] } },
{ "type": "Feature", "properties": { "内容": "グループホームせいしん【認知症対応型共同生活介護】千葉県野田市中根２０７", "url2": "https://www.kaigokensaku.mhlw.go.jp/12/index.php?action_kouhyou_detail_004_kani=true&JigyosyoCd=1271300525-00&ServiceCd=320&Type=search" }, "geometry": { "type": "Point", "coordinates": [ 139.875203, 35.9432213 ] } },
{ "type": "Feature", "properties": { "内容": "グループホーム　コスモス茂原【認知症対応型共同生活介護】千葉県茂原市東茂原12", "url2": "https://www.kaigokensaku.mhlw.go.jp/12/index.php?action_kouhyou_detail_004_kani=true&JigyosyoCd=1271500694-00&ServiceCd=320&Type=search" }, "geometry": { "type": "Point", "coordinates": [ 140.318036399999983, 35.4148829 ] } },
{ "type": "Feature", "properties": { "内容": "グループホーム　輝の杜【認知症対応型共同生活介護】千葉県茂原市緑ヶ丘４丁目３番地２", "url2": "https://www.kaigokensaku.mhlw.go.jp/12/index.php?action_kouhyou_detail_004_kani=true&JigyosyoCd=1271500884-00&ServiceCd=320&Type=search" }, "geometry": { "type": "Point", "coordinates": [ 140.260587100000066, 35.4395914 ] } },
{ "type": "Feature", "properties": { "内容": "グループホーム時の村11号館【認知症対応型共同生活介護】千葉県茂原市三ヶ谷1293-1", "url2": "https://www.kaigokensaku.mhlw.go.jp/12/index.php?action_kouhyou_detail_004_kani=true&JigyosyoCd=1271500777-00&ServiceCd=320&Type=search" }, "geometry": { "type": "Point", "coordinates": [ 140.31057629999998, 35.3970848 ] } },
{ "type": "Feature", "properties": { "内容": "グループホームフローラもばら【認知症対応型共同生活介護】千葉県茂原市谷本1127－1", "url2": "https://www.kaigokensaku.mhlw.go.jp/12/index.php?action_kouhyou_detail_004_kani=true&JigyosyoCd=1271500595-00&ServiceCd=320&Type=search" }, "geometry": { "type": "Point", "coordinates": [ 140.324762700000065, 35.4386796 ] } },
{ "type": "Feature", "properties": { "内容": "グループホームもばら和光苑【認知症対応型共同生活介護】千葉県茂原市鷲巣456-1", "url2": "https://www.kaigokensaku.mhlw.go.jp/12/index.php?action_kouhyou_detail_004_kani=true&JigyosyoCd=1271500975-00&ServiceCd=320&Type=search" }, "geometry": { "type": "Point", "coordinates": [ 140.2788941, 35.4201976 ] } },
{ "type": "Feature", "properties": { "内容": "グループホームガーデンコート茂原【認知症対応型共同生活介護】千葉県茂原市高師2144-11", "url2": "https://www.kaigokensaku.mhlw.go.jp/12/index.php?action_kouhyou_detail_004_kani=true&JigyosyoCd=1271500397-00&ServiceCd=320&Type=search" }, "geometry": { "type": "Point", "coordinates": [ 140.29206750000003, 35.4371538 ] } },
{ "type": "Feature", "properties": { "内容": "グループホームサクラビア成田【認知症対応型共同生活介護】千葉県成田市寺台２５１－２０", "url2": "https://www.kaigokensaku.mhlw.go.jp/12/index.php?action_kouhyou_detail_004_kani=true&JigyosyoCd=1271600544-00&ServiceCd=320&Type=search" }, "geometry": { "type": "Point", "coordinates": [ 140.327465399999937, 35.7897007 ] } },
{ "type": "Feature", "properties": { "内容": "ゆかり成田不動ヶ岡ガーデンハウスさっちゃんの家【認知症対応型共同生活介護】千葉県成田市不動ヶ岡2034-97", "url2": "https://www.kaigokensaku.mhlw.go.jp/12/index.php?action_kouhyou_detail_004_kani=true&JigyosyoCd=1291600284-00&ServiceCd=320&Type=search" }, "geometry": { "type": "Point", "coordinates": [ 140.310393299999987, 35.7716154 ] } },
{ "type": "Feature", "properties": { "内容": "グループホームいきいきの家成田【認知症対応型共同生活介護】千葉県成田市宝田362-2", "url2": "https://www.kaigokensaku.mhlw.go.jp/12/index.php?action_kouhyou_detail_004_kani=true&JigyosyoCd=1271600510-00&ServiceCd=320&Type=search" }, "geometry": { "type": "Point", "coordinates": [ 140.310238700000014, 35.8100088 ] } },
{ "type": "Feature", "properties": { "内容": "グループホームなりたの憩【認知症対応型共同生活介護】千葉県成田市飯田町177番地147", "url2": "https://www.kaigokensaku.mhlw.go.jp/12/index.php?action_kouhyou_detail_004_kani=true&JigyosyoCd=1291600185-00&ServiceCd=320&Type=search" }, "geometry": { "type": "Point", "coordinates": [ 140.376395699999989, 35.7438263 ] } },
{ "type": "Feature", "properties": { "内容": "グループホームきらら公津の杜【認知症対応型共同生活介護】千葉県成田市公津の杜5-5-5", "url2": "https://www.kaigokensaku.mhlw.go.jp/12/index.php?action_kouhyou_detail_004_kani=true&JigyosyoCd=1291600144-00&ServiceCd=320&Type=search" }, "geometry": { "type": "Point", "coordinates": [ 140.28543, 35.7569432 ] } },
{ "type": "Feature", "properties": { "内容": "グループホームまんざきの家玲光苑【認知症対応型共同生活介護】千葉県成田市松崎２５９", "url2": "https://www.kaigokensaku.mhlw.go.jp/12/index.php?action_kouhyou_detail_004_kani=true&JigyosyoCd=1291600094-00&ServiceCd=320&Type=search" }, "geometry": { "type": "Point", "coordinates": [ 140.29029689999993, 35.8067059 ] } },
{ "type": "Feature", "properties": { "内容": "グループホーム成田苑【認知症対応型共同生活介護】千葉県成田市大室1784-12", "url2": "https://www.kaigokensaku.mhlw.go.jp/12/index.php?action_kouhyou_detail_004_kani=true&JigyosyoCd=1291600342-00&ServiceCd=320&Type=search" }, "geometry": { "type": "Point", "coordinates": [ 140.3811949, 35.8128512 ] } },
{ "type": "Feature", "properties": { "内容": "セントケアホーム佐倉【認知症対応型共同生活介護】千葉県佐倉市江原50", "url2": "https://www.kaigokensaku.mhlw.go.jp/12/index.php?action_kouhyou_detail_004_kani=true&JigyosyoCd=1291700050-00&ServiceCd=320&Type=search" }, "geometry": { "type": "Point", "coordinates": [ 140.2064125, 35.7296683 ] } },
{ "type": "Feature", "properties": { "内容": "グループホームユーカリ優都ぴあ【認知症対応型共同生活介護】千葉県佐倉市青菅１０２３－６", "url2": "https://www.kaigokensaku.mhlw.go.jp/12/index.php?action_kouhyou_detail_004_kani=true&JigyosyoCd=1291700076-00&ServiceCd=320&Type=search" }, "geometry": { "type": "Point", "coordinates": [ 140.143040700000029, 35.743598 ] } },
{ "type": "Feature", "properties": { "内容": "グループホームつどい「佐倉」【認知症対応型共同生活介護】千葉県佐倉市山崎190-17", "url2": "https://www.kaigokensaku.mhlw.go.jp/12/index.php?action_kouhyou_detail_004_kani=true&JigyosyoCd=1291700399-00&ServiceCd=320&Type=search" }, "geometry": { "type": "Point", "coordinates": [ 140.2257373, 35.7256247 ] } },
{ "type": "Feature", "properties": { "内容": "グループホームさくらの家【認知症対応型共同生活介護】千葉県佐倉市西志津7-14-3グループホームさくらの家", "url2": "https://www.kaigokensaku.mhlw.go.jp/12/index.php?action_kouhyou_detail_004_kani=true&JigyosyoCd=1291700308-00&ServiceCd=320&Type=search" }, "geometry": { "type": "Point", "coordinates": [ 140.140038800000013, 35.7041132 ] } },
{ "type": "Feature", "properties": { "内容": "グループホームつどい「井野原」【認知症対応型共同生活介護】千葉県佐倉市井野1394-10", "url2": "https://www.kaigokensaku.mhlw.go.jp/12/index.php?action_kouhyou_detail_004_kani=true&JigyosyoCd=1291700282-00&ServiceCd=320&Type=search" }, "geometry": { "type": "Point", "coordinates": [ 140.1435309, 35.7205781 ] } },
{ "type": "Feature", "properties": { "内容": "さくらケアセンターそよ風【認知症対応型共同生活介護】千葉県佐倉市六崎1525-1", "url2": "https://www.kaigokensaku.mhlw.go.jp/12/index.php?action_kouhyou_detail_004_kani=true&JigyosyoCd=1271700435-00&ServiceCd=320&Type=search" }, "geometry": { "type": "Point", "coordinates": [ 140.2206649, 35.7042482 ] } },
{ "type": "Feature", "properties": { "内容": "愛の家グループホーム佐倉西志津【認知症対応型共同生活介護】千葉県佐倉市西志津1-16-15", "url2": "https://www.kaigokensaku.mhlw.go.jp/12/index.php?action_kouhyou_detail_004_kani=true&JigyosyoCd=1291700100-00&ServiceCd=320&Type=search" }, "geometry": { "type": "Point", "coordinates": [ 140.140668199999936, 35.7167477 ] } },
{ "type": "Feature", "properties": { "内容": "グループホームシャロームきこえ【認知症対応型共同生活介護】千葉県佐倉市染井野4-5-4", "url2": "https://www.kaigokensaku.mhlw.go.jp/12/index.php?action_kouhyou_detail_004_kani=true&JigyosyoCd=1291700035-00&ServiceCd=320&Type=search" }, "geometry": { "type": "Point", "coordinates": [ 140.192328500000031, 35.7167276 ] } },
{ "type": "Feature", "properties": { "内容": "愛の家グループホームさくらじょうざ【認知症対応型共同生活介護】千葉県佐倉市上座1166-7", "url2": "https://www.kaigokensaku.mhlw.go.jp/12/index.php?action_kouhyou_detail_004_kani=true&JigyosyoCd=1291700431-00&ServiceCd=320&Type=search" }, "geometry": { "type": "Point", "coordinates": [ 140.1632646, 35.726735 ] } },
{ "type": "Feature", "properties": { "内容": "グループホームガーデンコート東金【認知症対応型共同生活介護】千葉県東金市北之幸谷13-5", "url2": "https://www.kaigokensaku.mhlw.go.jp/12/index.php?action_kouhyou_detail_004_kani=true&JigyosyoCd=1271800326-00&ServiceCd=320&Type=search" }, "geometry": { "type": "Point", "coordinates": [ 140.376786042119676, 35.556877951433286 ] } },
{ "type": "Feature", "properties": { "内容": "五根の家・グループホーム【認知症対応型共同生活介護】千葉県東金市台方1034番地1", "url2": "https://www.kaigokensaku.mhlw.go.jp/12/index.php?action_kouhyou_detail_004_kani=true&JigyosyoCd=1291800157-00&ServiceCd=320&Type=search" }, "geometry": { "type": "Point", "coordinates": [ 140.3492923, 35.5493418 ] } },
{ "type": "Feature", "properties": { "内容": "グループホームゆりの木苑【認知症対応型共同生活介護】千葉県東金市家徳752-12", "url2": "https://www.kaigokensaku.mhlw.go.jp/12/index.php?action_kouhyou_detail_004_kani=true&JigyosyoCd=1271800284-00&ServiceCd=320&Type=search" }, "geometry": { "type": "Point", "coordinates": [ 140.401546400000029, 35.551612100000014 ] } },
{ "type": "Feature", "properties": { "内容": "グループホーム咲顔【認知症対応型共同生活介護】千葉県東金市東金１３７１－１", "url2": "https://www.kaigokensaku.mhlw.go.jp/12/index.php?action_kouhyou_detail_004_kani=true&JigyosyoCd=1271800581-00&ServiceCd=320&Type=search" }, "geometry": { "type": "Point", "coordinates": [ 140.357776599999966, 35.5595299 ] } },
{ "type": "Feature", "properties": { "内容": "グループホーム旅路【認知症対応型共同生活介護】千葉県東金市家之子1671-31", "url2": "https://www.kaigokensaku.mhlw.go.jp/12/index.php?action_kouhyou_detail_004_kani=true&JigyosyoCd=1271800193-00&ServiceCd=320&Type=search" }, "geometry": { "type": "Point", "coordinates": [ 140.380344700000023, 35.5961759 ] } },
{ "type": "Feature", "properties": { "内容": "けあビジョンホーム東金【認知症対応型共同生活介護】千葉県東金市砂古瀬424番地14けあビジョンホーム東金", "url2": "https://www.kaigokensaku.mhlw.go.jp/12/index.php?action_kouhyou_detail_004_kani=true&JigyosyoCd=1291800124-00&ServiceCd=320&Type=search" }, "geometry": { "type": "Point", "coordinates": [ 140.379602500000033, 35.5142129 ] } },
{ "type": "Feature", "properties": { "内容": "グループホームめぐみの丘ラポール【認知症対応型共同生活介護】千葉県旭市下永井487番地", "url2": "https://www.kaigokensaku.mhlw.go.jp/12/index.php?action_kouhyou_detail_004_kani=true&JigyosyoCd=1292000120-00&ServiceCd=320&Type=search" }, "geometry": { "type": "Point", "coordinates": [ 140.731466500000039, 35.6937506 ] } },
{ "type": "Feature", "properties": { "内容": "グループホーム恵天堂【認知症対応型共同生活介護】千葉県旭市蛇園2532-9", "url2": "https://www.kaigokensaku.mhlw.go.jp/12/index.php?action_kouhyou_detail_004_kani=true&JigyosyoCd=1292000013-00&ServiceCd=320&Type=search" }, "geometry": { "type": "Point", "coordinates": [ 140.703675100000027, 35.7193462 ] } },
{ "type": "Feature", "properties": { "内容": "けあビジョンホーム旭【認知症対応型共同生活介護】千葉県旭市仁玉2090-1", "url2": "https://www.kaigokensaku.mhlw.go.jp/12/index.php?action_kouhyou_detail_004_kani=true&JigyosyoCd=1292000112-00&ServiceCd=320&Type=search" }, "geometry": { "type": "Point", "coordinates": [ 140.627636, 35.702033 ] } },
{ "type": "Feature", "properties": { "内容": "やすらぎ園認知症高齢者グループホームまどい【認知症対応型共同生活介護】千葉県旭市イ３９２５番２", "url2": "https://www.kaigokensaku.mhlw.go.jp/12/index.php?action_kouhyou_detail_004_kani=true&JigyosyoCd=1272000116-00&ServiceCd=320&Type=search" }, "geometry": { "type": "Point", "coordinates": [ 140.671719937959296, 35.726204733731592 ] } },
{ "type": "Feature", "properties": { "内容": "スイートホームうなかみ【認知症対応型共同生活介護】千葉県旭市蛇園3060-1", "url2": "https://www.kaigokensaku.mhlw.go.jp/12/index.php?action_kouhyou_detail_004_kani=true&JigyosyoCd=1272000298-00&ServiceCd=320&Type=search" }, "geometry": { "type": "Point", "coordinates": [ 140.69183709999993, 35.7242341 ] } },
{ "type": "Feature", "properties": { "内容": "グループホームふれ愛【認知症対応型共同生活介護】千葉県旭市萬力318番地", "url2": "https://www.kaigokensaku.mhlw.go.jp/12/index.php?action_kouhyou_detail_004_kani=true&JigyosyoCd=1275200051-00&ServiceCd=320&Type=search" }, "geometry": { "type": "Point", "coordinates": [ 140.585978800000021, 35.752293 ] } },
{ "type": "Feature", "properties": { "内容": "グループホームあかしや【認知症対応型共同生活介護】千葉県習志野市東習志野3-12-1", "url2": "https://www.kaigokensaku.mhlw.go.jp/12/index.php?action_kouhyou_detail_004_kani=true&JigyosyoCd=1272100304-00&ServiceCd=320&Type=search" }, "geometry": { "type": "Point", "coordinates": [ 140.0718435, 35.695657 ] } },
{ "type": "Feature", "properties": { "内容": "愛・グループホーム奏の杜【認知症対応型共同生活介護】千葉県習志野市奏の杜2丁目16番8号", "url2": "https://www.kaigokensaku.mhlw.go.jp/12/index.php?action_kouhyou_detail_004_kani=true&JigyosyoCd=1292100250-00&ServiceCd=320&Type=search" }, "geometry": { "type": "Point", "coordinates": [ 140.011787799999979, 35.6903363 ] } },
{ "type": "Feature", "properties": { "内容": "グループホームメタセ【認知症対応型共同生活介護】千葉県習志野市新栄1-10-2", "url2": "https://www.kaigokensaku.mhlw.go.jp/12/index.php?action_kouhyou_detail_004_kani=true&JigyosyoCd=1272100221-00&ServiceCd=320&Type=search" }, "geometry": { "type": "Point", "coordinates": [ 140.0623501, 35.6898463 ] } },
{ "type": "Feature", "properties": { "内容": "グループホーム「谷津居宅サービスセンター」【認知症対応型共同生活介護】千葉県習志野市谷津２－２３－１１", "url2": "https://www.kaigokensaku.mhlw.go.jp/12/index.php?action_kouhyou_detail_004_kani=true&JigyosyoCd=1292100060-00&ServiceCd=320&Type=search" }, "geometry": { "type": "Point", "coordinates": [ 140.009935499999983, 35.6829126 ] } },
{ "type": "Feature", "properties": { "内容": "グループホーム大久保【認知症対応型共同生活介護】千葉県習志野市屋敷3－1－12", "url2": "https://www.kaigokensaku.mhlw.go.jp/12/index.php?action_kouhyou_detail_004_kani=true&JigyosyoCd=1292100318-00&ServiceCd=320&Type=search" }, "geometry": { "type": "Point", "coordinates": [ 140.055471, 35.684419 ] } },
{ "type": "Feature", "properties": { "内容": "グループホーム秋津【認知症対応型共同生活介護】千葉県習志野市秋津４－６－７", "url2": "https://www.kaigokensaku.mhlw.go.jp/12/index.php?action_kouhyou_detail_004_kani=true&JigyosyoCd=1292100011-00&ServiceCd=320&Type=search" }, "geometry": { "type": "Point", "coordinates": [ 140.011183, 35.6722806 ] } },
{ "type": "Feature", "properties": { "内容": "グループホーム　谷津苑【認知症対応型共同生活介護】千葉県習志野市秋津５－５－６", "url2": "https://www.kaigokensaku.mhlw.go.jp/12/index.php?action_kouhyou_detail_004_kani=true&JigyosyoCd=1292100037-00&ServiceCd=320&Type=search" }, "geometry": { "type": "Point", "coordinates": [ 140.00733880000007, 35.6745359 ] } },
{ "type": "Feature", "properties": { "内容": "グループホーム津田沼【認知症対応型共同生活介護】千葉県習志野市藤崎4-10-8", "url2": "https://www.kaigokensaku.mhlw.go.jp/12/index.php?action_kouhyou_detail_004_kani=true&JigyosyoCd=1292100300-00&ServiceCd=320&Type=search" }, "geometry": { "type": "Point", "coordinates": [ 140.036378398147576, 35.69351658962227 ] } },
{ "type": "Feature", "properties": { "内容": "グループホーム　実籾パークサイドテラス【認知症対応型共同生活介護】千葉県習志野市実籾23番8号", "url2": "https://www.kaigokensaku.mhlw.go.jp/12/index.php?action_kouhyou_detail_004_kani=true&JigyosyoCd=1292100383-00&ServiceCd=320&Type=search" }, "geometry": { "type": "Point", "coordinates": [ 140.061973580144553, 35.68252255874755 ] } },
{ "type": "Feature", "properties": { "内容": "グループホームつどい「本大久保」【認知症対応型共同生活介護】千葉県習志野市本大久保2-9-17", "url2": "https://www.kaigokensaku.mhlw.go.jp/12/index.php?action_kouhyou_detail_004_kani=true&JigyosyoCd=1292100292-00&ServiceCd=320&Type=search" }, "geometry": { "type": "Point", "coordinates": [ 140.0449183, 35.6847266 ] } },
{ "type": "Feature", "properties": { "内容": "愛の家グループホーム習志野奏の杜【認知症対応型共同生活介護】千葉県習志野市谷津7-12-45", "url2": "https://www.kaigokensaku.mhlw.go.jp/12/index.php?action_kouhyou_detail_004_kani=true&JigyosyoCd=1292100102-00&ServiceCd=320&Type=search" }, "geometry": { "type": "Point", "coordinates": [ 140.016351334393306, 35.692275189863963 ] } },
{ "type": "Feature", "properties": { "内容": "小規模多機能・グループホーム楽家習志野【認知症対応型共同生活介護】千葉県習志野市東習志野５－５－５", "url2": "https://www.kaigokensaku.mhlw.go.jp/12/index.php?action_kouhyou_detail_004_kani=true&JigyosyoCd=1292100128-00&ServiceCd=320&Type=search" }, "geometry": { "type": "Point", "coordinates": [ 140.077403996295146, 35.690351998183914 ] } },
{ "type": "Feature", "properties": { "内容": "愛・グループホーム鷺沼台【認知症対応型共同生活介護】千葉県習志野市鷺沼台4-7-18", "url2": "https://www.kaigokensaku.mhlw.go.jp/12/index.php?action_kouhyou_detail_004_kani=true&JigyosyoCd=1292100136-00&ServiceCd=320&Type=search" }, "geometry": { "type": "Point", "coordinates": [ 140.039780975356621, 35.677848848739522 ] } },
{ "type": "Feature", "properties": { "内容": "グループホームさんぽみち柏【認知症対応型共同生活介護】千葉県柏市布施新町3-28-20", "url2": "https://www.kaigokensaku.mhlw.go.jp/12/index.php?action_kouhyou_detail_004_kani=true&JigyosyoCd=1272200799-00&ServiceCd=320&Type=search" }, "geometry": { "type": "Point", "coordinates": [ 140.006394799999953, 35.8878119 ] } },
{ "type": "Feature", "properties": { "内容": "グループホームつどい「松葉町」【認知症対応型共同生活介護】千葉県柏市松葉町3-17-6", "url2": "https://www.kaigokensaku.mhlw.go.jp/12/index.php?action_kouhyou_detail_004_kani=true&JigyosyoCd=1292200795-00&ServiceCd=320&Type=search" }, "geometry": { "type": "Point", "coordinates": [ 139.9678468, 35.8866309 ] } },
{ "type": "Feature", "properties": { "内容": "グループホーム増尾【認知症対応型共同生活介護】千葉県柏市増尾749", "url2": "https://www.kaigokensaku.mhlw.go.jp/12/index.php?action_kouhyou_detail_004_kani=true&JigyosyoCd=1292200027-00&ServiceCd=320&Type=search" }, "geometry": { "type": "Point", "coordinates": [ 139.9879022, 35.8403863 ] } },
{ "type": "Feature", "properties": { "内容": "マザアスホームだんらん柏・増尾台【認知症対応型共同生活介護】千葉県柏市増尾台2-31-70", "url2": "https://www.kaigokensaku.mhlw.go.jp/12/index.php?action_kouhyou_detail_004_kani=true&JigyosyoCd=1292200183-00&ServiceCd=320&Type=search" }, "geometry": { "type": "Point", "coordinates": [ 139.968957700000033, 35.8233533 ] } },
{ "type": "Feature", "properties": { "内容": "グループホーム風早の里【認知症対応型共同生活介護】千葉県柏市塚崎997-3", "url2": "https://www.kaigokensaku.mhlw.go.jp/12/index.php?action_kouhyou_detail_004_kani=true&JigyosyoCd=1292200076-00&ServiceCd=320&Type=search" }, "geometry": { "type": "Point", "coordinates": [ 140.003070500000035, 35.8321375 ] } },
{ "type": "Feature", "properties": { "内容": "グループホーム・オアシス【認知症対応型共同生活介護】千葉県柏市柏下218", "url2": "https://www.kaigokensaku.mhlw.go.jp/12/index.php?action_kouhyou_detail_004_kani=true&JigyosyoCd=1272201136-00&ServiceCd=320&Type=search" }, "geometry": { "type": "Point", "coordinates": [ 139.981216600000039, 35.8712037 ] } },
{ "type": "Feature", "properties": { "内容": "グループホーム沼南の里【認知症対応型共同生活介護】千葉県柏市藤ヶ谷1086番地7沼南の里", "url2": "https://www.kaigokensaku.mhlw.go.jp/12/index.php?action_kouhyou_detail_004_kani=true&JigyosyoCd=1292200407-00&ServiceCd=320&Type=search" }, "geometry": { "type": "Point", "coordinates": [ 140.027591642805419, 35.807954471251222 ] } },
{ "type": "Feature", "properties": { "内容": "ニチイケアセンター南柏【認知症対応型共同生活介護】千葉県柏市富里3-3-42", "url2": "https://www.kaigokensaku.mhlw.go.jp/12/index.php?action_kouhyou_detail_004_kani=true&JigyosyoCd=1292200126-00&ServiceCd=320&Type=search" }, "geometry": { "type": "Point", "coordinates": [ 139.962579799999958, 35.853384 ] } },
{ "type": "Feature", "properties": { "内容": "ニチイケアセンター藤心【認知症対応型共同生活介護】千葉県柏市藤心1-26-28", "url2": "https://www.kaigokensaku.mhlw.go.jp/12/index.php?action_kouhyou_detail_004_kani=true&JigyosyoCd=1292200175-00&ServiceCd=320&Type=search" }, "geometry": { "type": "Point", "coordinates": [ 139.9926838, 35.8276051 ] } },
{ "type": "Feature", "properties": { "内容": "グループホーム陽だまり【認知症対応型共同生活介護】千葉県柏市高田９９９－２２", "url2": "https://www.kaigokensaku.mhlw.go.jp/12/index.php?action_kouhyou_detail_004_kani=true&JigyosyoCd=1272200922-00&ServiceCd=320&Type=search" }, "geometry": { "type": "Point", "coordinates": [ 139.966576, 35.8747444 ] } },
{ "type": "Feature", "properties": { "内容": "グループホーム陽だまり寿の家【認知症対応型共同生活介護】千葉県柏市十余二２５４－１３６", "url2": "https://www.kaigokensaku.mhlw.go.jp/12/index.php?action_kouhyou_detail_004_kani=true&JigyosyoCd=1272201912-00&ServiceCd=320&Type=search" }, "geometry": { "type": "Point", "coordinates": [ 139.96623139999997, 35.8795825 ] } },
{ "type": "Feature", "properties": { "内容": "ミアヘルサホームだんらん柏・酒井根【認知症対応型共同生活介護】千葉県柏市酒井根21-6", "url2": "https://www.kaigokensaku.mhlw.go.jp/12/index.php?action_kouhyou_detail_004_kani=true&JigyosyoCd=1292200696-00&ServiceCd=320&Type=search" }, "geometry": { "type": "Point", "coordinates": [ 139.9613048, 35.8193335 ] } },
{ "type": "Feature", "properties": { "内容": "ツクイ柏塚崎グループホーム【認知症対応型共同生活介護】千葉県柏市塚崎1020‐2", "url2": "https://www.kaigokensaku.mhlw.go.jp/12/index.php?action_kouhyou_detail_004_kani=true&JigyosyoCd=1292200787-00&ServiceCd=320&Type=search" }, "geometry": { "type": "Point", "coordinates": [ 140.001532409786961, 35.830895017818449 ] } },
{ "type": "Feature", "properties": { "内容": "グループホーム沼風苑【認知症対応型共同生活介護】千葉県柏市箕輪５８８", "url2": "https://www.kaigokensaku.mhlw.go.jp/12/index.php?action_kouhyou_detail_004_kani=true&JigyosyoCd=1273800118-00&ServiceCd=320&Type=search" }, "geometry": { "type": "Point", "coordinates": [ 140.018348899999978, 35.8534959 ] } },
{ "type": "Feature", "properties": { "内容": "グループホーム輝陽園【認知症対応型共同生活介護】千葉県柏市酒井根６９－１", "url2": "https://www.kaigokensaku.mhlw.go.jp/12/index.php?action_kouhyou_detail_004_kani=true&JigyosyoCd=1292200365-00&ServiceCd=320&Type=search" }, "geometry": { "type": "Point", "coordinates": [ 139.964889099999937, 35.822822 ] } },
{ "type": "Feature", "properties": { "内容": "ＳＯＭＰＯケアそんぽの家ＧＨ柏【認知症対応型共同生活介護】千葉県柏市柏1007-1そんぽの家ＧＨ柏", "url2": "https://www.kaigokensaku.mhlw.go.jp/12/index.php?action_kouhyou_detail_004_kani=true&JigyosyoCd=1292200621-00&ServiceCd=320&Type=search" }, "geometry": { "type": "Point", "coordinates": [ 139.985174599999937, 35.8651936 ] } },
{ "type": "Feature", "properties": { "内容": "大津川八幡苑グループホームせむろ【認知症対応型共同生活介護】千葉県柏市藤心271-1", "url2": "https://www.kaigokensaku.mhlw.go.jp/12/index.php?action_kouhyou_detail_004_kani=true&JigyosyoCd=1292200357-00&ServiceCd=320&Type=search" }, "geometry": { "type": "Point", "coordinates": [ 139.994036754453305, 35.823897132342729 ] } },
{ "type": "Feature", "properties": { "内容": "グループホームぬくもりの家船戸【認知症対応型共同生活介護】千葉県柏市船戸１７３９番地の４", "url2": "https://www.kaigokensaku.mhlw.go.jp/12/index.php?action_kouhyou_detail_004_kani=true&JigyosyoCd=1292200134-00&ServiceCd=320&Type=search" }, "geometry": { "type": "Point", "coordinates": [ 139.943837300000041, 35.9144572 ] } },
{ "type": "Feature", "properties": { "内容": "プラチナホームなのはな旭【認知症対応型共同生活介護】千葉県柏市旭町8丁目2番29号", "url2": "https://www.kaigokensaku.mhlw.go.jp/12/index.php?action_kouhyou_detail_004_kani=true&JigyosyoCd=1292200118-00&ServiceCd=320&Type=search" }, "geometry": { "type": "Point", "coordinates": [ 139.95444150000003, 35.8618823 ] } },
{ "type": "Feature", "properties": { "内容": "グループホームぬくもりの家【認知症対応型共同生活介護】千葉県柏市大室２４４番地の１", "url2": "https://www.kaigokensaku.mhlw.go.jp/12/index.php?action_kouhyou_detail_004_kani=true&JigyosyoCd=1292200019-00&ServiceCd=320&Type=search" }, "geometry": { "type": "Point", "coordinates": [ 139.960419600000023, 35.9009791 ] } },
{ "type": "Feature", "properties": { "内容": "愛の家グループホーム柏の葉【認知症対応型共同生活介護】千葉県柏市正連寺380-1", "url2": "https://www.kaigokensaku.mhlw.go.jp/12/index.php?action_kouhyou_detail_004_kani=true&JigyosyoCd=1292200951-00&ServiceCd=320&Type=search" }, "geometry": { "type": "Point", "coordinates": [ 139.956225, 35.8989322 ] } },
{ "type": "Feature", "properties": { "内容": "グループホームつどい「柏たなか」【認知症対応型共同生活介護】千葉県柏市大室2-8-9", "url2": "https://www.kaigokensaku.mhlw.go.jp/12/index.php?action_kouhyou_detail_004_kani=true&JigyosyoCd=1292200985-00&ServiceCd=320&Type=search" }, "geometry": { "type": "Point", "coordinates": [ 139.9607795, 35.9099582 ] } },
{ "type": "Feature", "properties": { "内容": "八幡苑グループホーム睡人亭【認知症対応型共同生活介護】千葉県柏市篠籠田１３８９－２", "url2": "https://www.kaigokensaku.mhlw.go.jp/12/index.php?action_kouhyou_detail_004_kani=true&JigyosyoCd=1272201961-00&ServiceCd=320&Type=search" }, "geometry": { "type": "Point", "coordinates": [ 139.947216900000058, 35.8695835 ] } },
{ "type": "Feature", "properties": { "内容": "グループホームマザーズガーデン【認知症対応型共同生活介護】千葉県柏市布施1106-5", "url2": "https://www.kaigokensaku.mhlw.go.jp/12/index.php?action_kouhyou_detail_004_kani=true&JigyosyoCd=1292200431-00&ServiceCd=320&Type=search" }, "geometry": { "type": "Point", "coordinates": [ 140.002572315791298, 35.886467346184247 ] } },
{ "type": "Feature", "properties": { "内容": "グループホームめいと北柏【認知症対応型共同生活介護】千葉県柏市北柏3-6-16", "url2": "https://www.kaigokensaku.mhlw.go.jp/12/index.php?action_kouhyou_detail_004_kani=true&JigyosyoCd=1292200738-00&ServiceCd=320&Type=search" }, "geometry": { "type": "Point", "coordinates": [ 139.9873326, 35.8737059 ] } },
{ "type": "Feature", "properties": { "内容": "グループホーム豊四季台【認知症対応型共同生活介護】千葉県柏市豊四季台三丁目１－４", "url2": "https://www.kaigokensaku.mhlw.go.jp/12/index.php?action_kouhyou_detail_004_kani=true&JigyosyoCd=1292200167-00&ServiceCd=320&Type=search" }, "geometry": { "type": "Point", "coordinates": [ 139.957538399999976, 35.8630349 ] } },
{ "type": "Feature", "properties": { "内容": "グループホームなごみの家【認知症対応型共同生活介護】千葉県柏市大室161-7", "url2": "https://www.kaigokensaku.mhlw.go.jp/12/index.php?action_kouhyou_detail_004_kani=true&JigyosyoCd=1272200856-00&ServiceCd=320&Type=search" }, "geometry": { "type": "Point", "coordinates": [ 139.957872400000042, 35.9032898 ] } },
{ "type": "Feature", "properties": { "内容": "グループホームなごみの里【認知症対応型共同生活介護】千葉県柏市花野井90-1", "url2": "https://www.kaigokensaku.mhlw.go.jp/12/index.php?action_kouhyou_detail_004_kani=true&JigyosyoCd=1272201490-00&ServiceCd=320&Type=search" }, "geometry": { "type": "Point", "coordinates": [ 139.9558505, 35.8986349 ] } },
{ "type": "Feature", "properties": { "内容": "グループホーム光ヶ丘の里【認知症対応型共同生活介護】千葉県柏市光ヶ丘２－２５－４１", "url2": "https://www.kaigokensaku.mhlw.go.jp/12/index.php?action_kouhyou_detail_004_kani=true&JigyosyoCd=1272201417-00&ServiceCd=320&Type=search" }, "geometry": { "type": "Point", "coordinates": [ 139.951586522090111, 35.827700278691118 ] } },
{ "type": "Feature", "properties": { "内容": "グループホームココファン柏豊四季台【認知症対応型共同生活介護】千葉県柏市豊四季台1-3-1ココファン柏豊四季台", "url2": "https://www.kaigokensaku.mhlw.go.jp/12/index.php?action_kouhyou_detail_004_kani=true&JigyosyoCd=1292200332-00&ServiceCd=320&Type=search" }, "geometry": { "type": "Point", "coordinates": [ 139.956954422615041, 35.865406531570031 ] } },
{ "type": "Feature", "properties": { "内容": "グループホーム時の村12号館【認知症対応型共同生活介護】千葉県勝浦市上植野925-1", "url2": "https://www.kaigokensaku.mhlw.go.jp/12/index.php?action_kouhyou_detail_004_kani=true&JigyosyoCd=1272300144-00&ServiceCd=320&Type=search" }, "geometry": { "type": "Point", "coordinates": [ 140.228859300000011, 35.1497318 ] } },
{ "type": "Feature", "properties": { "内容": "グループホーム時の村16号館【認知症対応型共同生活介護】千葉県勝浦市上植野925-1", "url2": "https://www.kaigokensaku.mhlw.go.jp/12/index.php?action_kouhyou_detail_004_kani=true&JigyosyoCd=1292300017-00&ServiceCd=320&Type=search" }, "geometry": { "type": "Point", "coordinates": [ 140.228975399999968, 35.1496588 ] } },
{ "type": "Feature", "properties": { "内容": "さんわケアサービスグループホーム勝浦【認知症対応型共同生活介護】千葉県勝浦市沢倉645-7アンダンテ勝浦", "url2": "https://www.kaigokensaku.mhlw.go.jp/12/index.php?action_kouhyou_detail_004_kani=true&JigyosyoCd=1292300025-00&ServiceCd=320&Type=search" }, "geometry": { "type": "Point", "coordinates": [ 140.320211147360141, 35.146132855828156 ] } },
{ "type": "Feature", "properties": { "内容": "グループホーム桜咲～sakusaku～【認知症対応型共同生活介護】千葉県市原市牛久717-1", "url2": "https://www.kaigokensaku.mhlw.go.jp/12/index.php?action_kouhyou_detail_004_kani=true&JigyosyoCd=1292400361-00&ServiceCd=320&Type=search" }, "geometry": { "type": "Point", "coordinates": [ 140.1399841, 35.4028241 ] } },
{ "type": "Feature", "properties": { "内容": "ミモザ市原【認知症対応型共同生活介護】千葉県市原市東国分寺台1-11-7ミモザ市原", "url2": "https://www.kaigokensaku.mhlw.go.jp/12/index.php?action_kouhyou_detail_004_kani=true&JigyosyoCd=1292400197-00&ServiceCd=320&Type=search" }, "geometry": { "type": "Point", "coordinates": [ 140.119352154631088, 35.494093938445793 ] } },
{ "type": "Feature", "properties": { "内容": "グループホームピウあさひ五所【認知症対応型共同生活介護】千葉県市原市旭五所7番地1", "url2": "https://www.kaigokensaku.mhlw.go.jp/12/index.php?action_kouhyou_detail_004_kani=true&JigyosyoCd=1292400163-00&ServiceCd=320&Type=search" }, "geometry": { "type": "Point", "coordinates": [ 140.117788564417992, 35.529760618534354 ] } },
{ "type": "Feature", "properties": { "内容": "グループホームピウ八幡【認知症対応型共同生活介護】千葉県市原市八幡125番地1", "url2": "https://www.kaigokensaku.mhlw.go.jp/12/index.php?action_kouhyou_detail_004_kani=true&JigyosyoCd=1272400928-00&ServiceCd=320&Type=search" }, "geometry": { "type": "Point", "coordinates": [ 140.117921012268454, 35.529946810953085 ] } },
{ "type": "Feature", "properties": { "内容": "グループホームつどい「中村家」【認知症対応型共同生活介護】千葉県市原市ちはら台西1-20-5", "url2": "https://www.kaigokensaku.mhlw.go.jp/12/index.php?action_kouhyou_detail_004_kani=true&JigyosyoCd=1292400205-00&ServiceCd=320&Type=search" }, "geometry": { "type": "Point", "coordinates": [ 140.165109700000016, 35.5344338 ] } },
{ "type": "Feature", "properties": { "内容": "つどい姉崎【認知症対応型共同生活介護】千葉県市原市椎津1374-1", "url2": "https://www.kaigokensaku.mhlw.go.jp/12/index.php?action_kouhyou_detail_004_kani=true&JigyosyoCd=1292400528-00&ServiceCd=320&Type=search" }, "geometry": { "type": "Point", "coordinates": [ 140.0311676, 35.4630654 ] } },
{ "type": "Feature", "properties": { "内容": "愛の家グループホーム　市原国分寺台【認知症対応型共同生活介護】千葉県市原市国分寺台中央4-1-5", "url2": "https://www.kaigokensaku.mhlw.go.jp/12/index.php?action_kouhyou_detail_004_kani=true&JigyosyoCd=1292400080-00&ServiceCd=320&Type=search" }, "geometry": { "type": "Point", "coordinates": [ 140.1206949, 35.500793 ] } },
{ "type": "Feature", "properties": { "内容": "愛の家グループホーム市原五井西【認知症対応型共同生活介護】千葉県市原市五井西6-2-1", "url2": "https://www.kaigokensaku.mhlw.go.jp/12/index.php?action_kouhyou_detail_004_kani=true&JigyosyoCd=1292400148-00&ServiceCd=320&Type=search" }, "geometry": { "type": "Point", "coordinates": [ 140.0689817, 35.5123581 ] } },
{ "type": "Feature", "properties": { "内容": "愛の家グループホーム市原能満【認知症対応型共同生活介護】千葉県市原市能満2089-8愛の家グループホーム市原能満", "url2": "https://www.kaigokensaku.mhlw.go.jp/12/index.php?action_kouhyou_detail_004_kani=true&JigyosyoCd=1292400122-00&ServiceCd=320&Type=search" }, "geometry": { "type": "Point", "coordinates": [ 140.1473992, 35.4864341 ] } },
{ "type": "Feature", "properties": { "内容": "グループホームひと結び【認知症対応型共同生活介護】千葉県市原市喜多823-1", "url2": "https://www.kaigokensaku.mhlw.go.jp/12/index.php?action_kouhyou_detail_004_kani=true&JigyosyoCd=1292400429-00&ServiceCd=320&Type=search" }, "geometry": { "type": "Point", "coordinates": [ 140.18329868398169, 35.500708752102895 ] } },
{ "type": "Feature", "properties": { "内容": "グループホーム明日花【認知症対応型共同生活介護】千葉県市原市能満1532-260", "url2": "https://www.kaigokensaku.mhlw.go.jp/12/index.php?action_kouhyou_detail_004_kani=true&JigyosyoCd=1292400304-00&ServiceCd=320&Type=search" }, "geometry": { "type": "Point", "coordinates": [ 140.138723498950185, 35.494426180083288 ] } },
{ "type": "Feature", "properties": { "内容": "グループホーム花笑～はなえみ～【認知症対応型共同生活介護】千葉県市原市菊間1443-1", "url2": "https://www.kaigokensaku.mhlw.go.jp/12/index.php?action_kouhyou_detail_004_kani=true&JigyosyoCd=1292400486-00&ServiceCd=320&Type=search" }, "geometry": { "type": "Point", "coordinates": [ 140.153697071163919, 35.531460214296523 ] } },
{ "type": "Feature", "properties": { "内容": "グループホームぬくもりの家今富【認知症対応型共同生活介護】千葉県市原市今富678-4", "url2": "https://www.kaigokensaku.mhlw.go.jp/12/index.php?action_kouhyou_detail_004_kani=true&JigyosyoCd=1292400098-00&ServiceCd=320&Type=search" }, "geometry": { "type": "Point", "coordinates": [ 140.090417, 35.4745405 ] } },
{ "type": "Feature", "properties": { "内容": "グループホームぬくもりの家君塚【認知症対応型共同生活介護】千葉県市原市君塚３－２２－１", "url2": "https://www.kaigokensaku.mhlw.go.jp/12/index.php?action_kouhyou_detail_004_kani=true&JigyosyoCd=1272401173-00&ServiceCd=320&Type=search" }, "geometry": { "type": "Point", "coordinates": [ 140.10595109999997, 35.5243064 ] } },
{ "type": "Feature", "properties": { "内容": "グループホーム清流【認知症対応型共同生活介護】千葉県市原市勝間下五反目337番4", "url2": "https://www.kaigokensaku.mhlw.go.jp/12/index.php?action_kouhyou_detail_004_kani=true&JigyosyoCd=1272401041-00&ServiceCd=320&Type=search" }, "geometry": { "type": "Point", "coordinates": [ 140.165109499999971, 35.4785493 ] } },
{ "type": "Feature", "properties": { "内容": "グループホームきくまの家【認知症対応型共同生活介護】千葉県市原市菊間2394-2グループホームきくまの家", "url2": "https://www.kaigokensaku.mhlw.go.jp/12/index.php?action_kouhyou_detail_004_kani=true&JigyosyoCd=1292400312-00&ServiceCd=320&Type=search" }, "geometry": { "type": "Point", "coordinates": [ 140.135915231877135, 35.53398917440208 ] } },
{ "type": "Feature", "properties": { "内容": "グループホーム和気あいあい【認知症対応型共同生活介護】千葉県市原市姉崎2580-1", "url2": "https://www.kaigokensaku.mhlw.go.jp/12/index.php?action_kouhyou_detail_004_kani=true&JigyosyoCd=1292400338-00&ServiceCd=320&Type=search" }, "geometry": { "type": "Point", "coordinates": [ 140.0581544, 35.4778224 ] } },
{ "type": "Feature", "properties": { "内容": "はなまるホーム光風台【認知症対応型共同生活介護】千葉県市原市光風台4-377", "url2": "https://www.kaigokensaku.mhlw.go.jp/12/index.php?action_kouhyou_detail_004_kani=true&JigyosyoCd=1292400106-00&ServiceCd=320&Type=search" }, "geometry": { "type": "Point", "coordinates": [ 140.1009497, 35.4455226 ] } },
{ "type": "Feature", "properties": { "内容": "グループホームニコニコット【認知症対応型共同生活介護】千葉県市原市有秋台東2丁目4番10ニコニコット", "url2": "https://www.kaigokensaku.mhlw.go.jp/12/index.php?action_kouhyou_detail_004_kani=true&JigyosyoCd=1292400130-00&ServiceCd=320&Type=search" }, "geometry": { "type": "Point", "coordinates": [ 140.054119899475154, 35.45101155368878 ] } },
{ "type": "Feature", "properties": { "内容": "グループホームガーデンコートちはら台【認知症対応型共同生活介護】千葉県市原市ちはら台東9-11-4", "url2": "https://www.kaigokensaku.mhlw.go.jp/12/index.php?action_kouhyou_detail_004_kani=true&JigyosyoCd=1292400072-00&ServiceCd=320&Type=search" }, "geometry": { "type": "Point", "coordinates": [ 140.196604699999966, 35.5418083 ] } },
{ "type": "Feature", "properties": { "内容": "クララ清流【認知症対応型共同生活介護】千葉県流山市古間木３１３－２１", "url2": "https://www.kaigokensaku.mhlw.go.jp/12/index.php?action_kouhyou_detail_004_kani=true&JigyosyoCd=1292500020-00&ServiceCd=320&Type=search" }, "geometry": { "type": "Point", "coordinates": [ 139.930924399999981, 35.855438 ] } },
{ "type": "Feature", "properties": { "内容": "クララ清流弐番館【認知症対応型共同生活介護】千葉県流山市古間木３１３－６", "url2": "https://www.kaigokensaku.mhlw.go.jp/12/index.php?action_kouhyou_detail_004_kani=true&JigyosyoCd=1292500145-00&ServiceCd=320&Type=search" }, "geometry": { "type": "Point", "coordinates": [ 139.9306494, 35.8554213 ] } },
{ "type": "Feature", "properties": { "内容": "グループホームソラスト流山【認知症対応型共同生活介護】千葉県流山市名都借1068－8", "url2": "https://www.kaigokensaku.mhlw.go.jp/12/index.php?action_kouhyou_detail_004_kani=true&JigyosyoCd=1292500228-00&ServiceCd=320&Type=search" }, "geometry": { "type": "Point", "coordinates": [ 139.940723700000035, 35.8467149 ] } },
{ "type": "Feature", "properties": { "内容": "愛の家グループホーム南流山【認知症対応型共同生活介護】千葉県流山市鰭ヶ崎１３１１", "url2": "https://www.kaigokensaku.mhlw.go.jp/12/index.php?action_kouhyou_detail_004_kani=true&JigyosyoCd=1292500053-00&ServiceCd=320&Type=search" }, "geometry": { "type": "Point", "coordinates": [ 139.910132299999987, 35.840051 ] } },
{ "type": "Feature", "properties": { "内容": "愛の家グループホーム流山美原【認知症対応型共同生活介護】千葉県流山市美原4-218-8", "url2": "https://www.kaigokensaku.mhlw.go.jp/12/index.php?action_kouhyou_detail_004_kani=true&JigyosyoCd=1292500079-00&ServiceCd=320&Type=search" }, "geometry": { "type": "Point", "coordinates": [ 139.9046975, 35.9021463 ] } },
{ "type": "Feature", "properties": { "内容": "グループホーム花いちもんめ翠【認知症対応型共同生活介護】千葉県流山市東初石4-245-77", "url2": "https://www.kaigokensaku.mhlw.go.jp/12/index.php?action_kouhyou_detail_004_kani=true&JigyosyoCd=1292500152-00&ServiceCd=320&Type=search" }, "geometry": { "type": "Point", "coordinates": [ 139.921861986508276, 35.885040238670463 ] } },
{ "type": "Feature", "properties": { "内容": "グループホーム花いちもんめ紫【認知症対応型共同生活介護】千葉県流山市東初石3-129-104", "url2": "https://www.kaigokensaku.mhlw.go.jp/12/index.php?action_kouhyou_detail_004_kani=true&JigyosyoCd=1272500644-00&ServiceCd=320&Type=search" }, "geometry": { "type": "Point", "coordinates": [ 139.924747560814922, 35.882177534488036 ] } },
{ "type": "Feature", "properties": { "内容": "マザアスホームだんらん流山【認知症対応型共同生活介護】千葉県流山市向小金２－５６１－１", "url2": "https://www.kaigokensaku.mhlw.go.jp/12/index.php?action_kouhyou_detail_004_kani=true&JigyosyoCd=1272500628-00&ServiceCd=320&Type=search" }, "geometry": { "type": "Point", "coordinates": [ 139.94434590000003, 35.8390497 ] } },
{ "type": "Feature", "properties": { "内容": "グループホーム　わたしの家【認知症対応型共同生活介護】千葉県流山市西深井176-1", "url2": "https://www.kaigokensaku.mhlw.go.jp/12/index.php?action_kouhyou_detail_004_kani=true&JigyosyoCd=1272500511-00&ServiceCd=320&Type=search" }, "geometry": { "type": "Point", "coordinates": [ 139.8934815, 35.9088703 ] } },
{ "type": "Feature", "properties": { "内容": "グループホームガーデンコート南流山【認知症対応型共同生活介護】千葉県流山市南流山10-28-9", "url2": "https://www.kaigokensaku.mhlw.go.jp/12/index.php?action_kouhyou_detail_004_kani=true&JigyosyoCd=1292500178-00&ServiceCd=320&Type=search" }, "geometry": { "type": "Point", "coordinates": [ 139.9000029, 35.8310716 ] } },
{ "type": "Feature", "properties": { "内容": "おおたかの森グループホームあぜみち【認知症対応型共同生活介護】千葉県流山市大畔５３４番地", "url2": "https://www.kaigokensaku.mhlw.go.jp/12/index.php?action_kouhyou_detail_004_kani=true&JigyosyoCd=1292500012-00&ServiceCd=320&Type=search" }, "geometry": { "type": "Point", "coordinates": [ 139.914928, 35.873582 ] } },
{ "type": "Feature", "properties": { "内容": "グループホーム　こころ【認知症対応型共同生活介護】千葉県八千代市大和田新田487－７", "url2": "https://www.kaigokensaku.mhlw.go.jp/12/index.php?action_kouhyou_detail_004_kani=true&JigyosyoCd=1292600119-00&ServiceCd=320&Type=search" }, "geometry": { "type": "Point", "coordinates": [ 140.090664800000013, 35.7308867 ] } },
{ "type": "Feature", "properties": { "内容": "グループホーム美乃里【認知症対応型共同生活介護】千葉県八千代市村上573-5", "url2": "https://www.kaigokensaku.mhlw.go.jp/12/index.php?action_kouhyou_detail_004_kani=true&JigyosyoCd=1272600972-00&ServiceCd=320&Type=search" }, "geometry": { "type": "Point", "coordinates": [ 140.118848500000013, 35.7430558 ] } },
{ "type": "Feature", "properties": { "内容": "やちよ台ケアセンターそよ風【認知症対応型共同生活介護】千葉県八千代市八千代台南３－２－３２", "url2": "https://www.kaigokensaku.mhlw.go.jp/12/index.php?action_kouhyou_detail_004_kani=true&JigyosyoCd=1292600077-00&ServiceCd=320&Type=search" }, "geometry": { "type": "Point", "coordinates": [ 140.088444699999968, 35.6973988 ] } },
{ "type": "Feature", "properties": { "内容": "ニチイケアセンター　八千代勝田台【認知症対応型共同生活介護】千葉県八千代市勝田台南3-5-13", "url2": "https://www.kaigokensaku.mhlw.go.jp/12/index.php?action_kouhyou_detail_004_kani=true&JigyosyoCd=1292600101-00&ServiceCd=320&Type=search" }, "geometry": { "type": "Point", "coordinates": [ 140.1163987, 35.7131585 ] } },
{ "type": "Feature", "properties": { "内容": "グループホームなごみ【認知症対応型共同生活介護】千葉県八千代市緑が丘2-17-1", "url2": "https://www.kaigokensaku.mhlw.go.jp/12/index.php?action_kouhyou_detail_004_kani=true&JigyosyoCd=1292600192-00&ServiceCd=320&Type=search" }, "geometry": { "type": "Point", "coordinates": [ 140.068639599999983, 35.7223177 ] } },
{ "type": "Feature", "properties": { "内容": "グループホーム悠々やちよ【認知症対応型共同生活介護】千葉県八千代市保品２０７０－５", "url2": "https://www.kaigokensaku.mhlw.go.jp/12/index.php?action_kouhyou_detail_004_kani=true&JigyosyoCd=1292600036-00&ServiceCd=320&Type=search" }, "geometry": { "type": "Point", "coordinates": [ 140.133034299999963, 35.7641762 ] } },
{ "type": "Feature", "properties": { "内容": "グループホーム島田【認知症対応型共同生活介護】千葉県八千代市島田４０－３２", "url2": "https://www.kaigokensaku.mhlw.go.jp/12/index.php?action_kouhyou_detail_004_kani=true&JigyosyoCd=1292600127-00&ServiceCd=320&Type=search" }, "geometry": { "type": "Point", "coordinates": [ 140.095099600000026, 35.7634983 ] } },
{ "type": "Feature", "properties": { "内容": "愛の家グループホーム八千代大和田新田【認知症対応型共同生活介護】千葉県八千代市大和田新田487-7", "url2": "https://www.kaigokensaku.mhlw.go.jp/12/index.php?action_kouhyou_detail_004_kani=true&JigyosyoCd=1292600630-00&ServiceCd=320&Type=search" }, "geometry": { "type": "Point", "coordinates": [ 140.0906965, 35.7308372 ] } },
{ "type": "Feature", "properties": { "内容": "愛の家グループホーム　八千代高津【認知症対応型共同生活介護】千葉県八千代市高津850-16", "url2": "https://www.kaigokensaku.mhlw.go.jp/12/index.php?action_kouhyou_detail_004_kani=true&JigyosyoCd=1292600143-00&ServiceCd=320&Type=search" }, "geometry": { "type": "Point", "coordinates": [ 140.074314500000014, 35.7163685 ] } },
{ "type": "Feature", "properties": { "内容": "湖北台ケアガーデンワカバ【認知症対応型共同生活介護】千葉県我孫子市湖北台10-9-21", "url2": "https://www.kaigokensaku.mhlw.go.jp/12/index.php?action_kouhyou_detail_004_kani=true&JigyosyoCd=1292700133-00&ServiceCd=320&Type=search" }, "geometry": { "type": "Point", "coordinates": [ 140.0633967, 35.8679814 ] } },
{ "type": "Feature", "properties": { "内容": "グル－プホ－ム　ガ－デンコ－ト我孫子北【認知症対応型共同生活介護】千葉県我孫子市久寺家307-1ガ－デンコ－ト我孫子北", "url2": "https://www.kaigokensaku.mhlw.go.jp/12/index.php?action_kouhyou_detail_004_kani=true&JigyosyoCd=1292700190-00&ServiceCd=320&Type=search" }, "geometry": { "type": "Point", "coordinates": [ 140.012552705522438, 35.883142954948475 ] } },
{ "type": "Feature", "properties": { "内容": "めいとグループホームこほく【認知症対応型共同生活介護】千葉県我孫子市中峠２９６４番地１", "url2": "https://www.kaigokensaku.mhlw.go.jp/12/index.php?action_kouhyou_detail_004_kani=true&JigyosyoCd=1292700091-00&ServiceCd=320&Type=search" }, "geometry": { "type": "Point", "coordinates": [ 140.079942100000039, 35.8734668 ] } },
{ "type": "Feature", "properties": { "内容": "グルーホームアンダンテ【認知症対応型共同生活介護】千葉県我孫子市布佐１１５２－１", "url2": "https://www.kaigokensaku.mhlw.go.jp/12/index.php?action_kouhyou_detail_004_kani=true&JigyosyoCd=1292700208-00&ServiceCd=320&Type=search" }, "geometry": { "type": "Point", "coordinates": [ 140.129268549290515, 35.85797147416465 ] } },
{ "type": "Feature", "properties": { "内容": "グループホームワカバあびこ【認知症対応型共同生活介護】千葉県我孫子市岡発戸590-1", "url2": "https://www.kaigokensaku.mhlw.go.jp/12/index.php?action_kouhyou_detail_004_kani=true&JigyosyoCd=1272700426-00&ServiceCd=320&Type=search" }, "geometry": { "type": "Point", "coordinates": [ 140.060672580616057, 35.870630851403725 ] } },
{ "type": "Feature", "properties": { "内容": "グループホームじょんから【認知症対応型共同生活介護】千葉県我孫子市布佐3078-9", "url2": "https://www.kaigokensaku.mhlw.go.jp/12/index.php?action_kouhyou_detail_004_kani=true&JigyosyoCd=1272700566-00&ServiceCd=320&Type=search" }, "geometry": { "type": "Point", "coordinates": [ 140.138456899999937, 35.8508872 ] } },
{ "type": "Feature", "properties": { "内容": "グループホーム南新木のおうち【認知症対応型共同生活介護】千葉県我孫子市新木2585-5", "url2": "https://www.kaigokensaku.mhlw.go.jp/12/index.php?action_kouhyou_detail_004_kani=true&JigyosyoCd=1292700018-00&ServiceCd=320&Type=search" }, "geometry": { "type": "Point", "coordinates": [ 140.096723900000029, 35.86221 ] } },
{ "type": "Feature", "properties": { "内容": "グループホームあらきのお家【認知症対応型共同生活介護】千葉県我孫子市新木1454-1", "url2": "https://www.kaigokensaku.mhlw.go.jp/12/index.php?action_kouhyou_detail_004_kani=true&JigyosyoCd=1272700343-00&ServiceCd=320&Type=search" }, "geometry": { "type": "Point", "coordinates": [ 140.102937099999963, 35.8675564 ] } },
{ "type": "Feature", "properties": { "内容": "めいとグループホームふさ【認知症対応型共同生活介護】千葉県我孫子市布佐2198番地", "url2": "https://www.kaigokensaku.mhlw.go.jp/12/index.php?action_kouhyou_detail_004_kani=true&JigyosyoCd=1292700141-00&ServiceCd=320&Type=search" }, "geometry": { "type": "Point", "coordinates": [ 140.130538, 35.8512342 ] } },
{ "type": "Feature", "properties": { "内容": "グループホーム寿【認知症対応型共同生活介護】千葉県我孫子市寿２－１６－５", "url2": "https://www.kaigokensaku.mhlw.go.jp/12/index.php?action_kouhyou_detail_004_kani=true&JigyosyoCd=1292700042-00&ServiceCd=320&Type=search" }, "geometry": { "type": "Point", "coordinates": [ 140.025142100000039, 35.8677104 ] } },
{ "type": "Feature", "properties": { "内容": "グループホーム新あらきのおうち【認知症対応型共同生活介護】千葉県我孫子市新木1484", "url2": "https://www.kaigokensaku.mhlw.go.jp/12/index.php?action_kouhyou_detail_004_kani=true&JigyosyoCd=1292700216-00&ServiceCd=320&Type=search" }, "geometry": { "type": "Point", "coordinates": [ 140.102906500000017, 35.8670037 ] } },
{ "type": "Feature", "properties": { "内容": "グループホーム　ガーデンコート天王台【認知症対応型共同生活介護】千葉県我孫子市柴崎台3-9-19", "url2": "https://www.kaigokensaku.mhlw.go.jp/12/index.php?action_kouhyou_detail_004_kani=true&JigyosyoCd=1292700067-00&ServiceCd=320&Type=search" }, "geometry": { "type": "Point", "coordinates": [ 140.042770799999971, 35.8775406 ] } },
{ "type": "Feature", "properties": { "内容": "グループホームヴィスタリオ【認知症対応型共同生活介護】千葉県我孫子市柴崎121－3", "url2": "https://www.kaigokensaku.mhlw.go.jp/12/index.php?action_kouhyou_detail_004_kani=true&JigyosyoCd=1272700624-00&ServiceCd=320&Type=search" }, "geometry": { "type": "Point", "coordinates": [ 140.032016399999947, 35.8754017 ] } },
{ "type": "Feature", "properties": { "内容": "グループホーム　まきの家【認知症対応型共同生活介護】千葉県鴨川市広場１６６５", "url2": "https://www.kaigokensaku.mhlw.go.jp/12/index.php?action_kouhyou_detail_004_kani=true&JigyosyoCd=1272800267-00&ServiceCd=320&Type=search" }, "geometry": { "type": "Point", "coordinates": [ 140.109457099999986, 35.1214547 ] } },
{ "type": "Feature", "properties": { "内容": "グループホームいきいきの家鴨川【認知症対応型共同生活介護】千葉県鴨川市古畑３１７－１", "url2": "https://www.kaigokensaku.mhlw.go.jp/12/index.php?action_kouhyou_detail_004_kani=true&JigyosyoCd=1272800226-00&ServiceCd=320&Type=search" }, "geometry": { "type": "Point", "coordinates": [ 139.96929984655759, 35.143231861195972 ] } },
{ "type": "Feature", "properties": { "内容": "グループホーム　花水神【認知症対応型共同生活介護】千葉県鴨川市東江見３９５－２", "url2": "https://www.kaigokensaku.mhlw.go.jp/12/index.php?action_kouhyou_detail_004_kani=true&JigyosyoCd=1292800057-00&ServiceCd=320&Type=search" }, "geometry": { "type": "Point", "coordinates": [ 140.06300669999996, 35.0592103 ] } },
{ "type": "Feature", "properties": { "内容": "グループホーム　エバーグリーンクラブ【認知症対応型共同生活介護】千葉県鴨川市太海2175-1", "url2": "https://www.kaigokensaku.mhlw.go.jp/12/index.php?action_kouhyou_detail_004_kani=true&JigyosyoCd=1292800016-00&ServiceCd=320&Type=search" }, "geometry": { "type": "Point", "coordinates": [ 140.097055893254037, 35.080533518548044 ] } },
{ "type": "Feature", "properties": { "内容": "グループホームはつとみ【認知症対応型共同生活介護】千葉県鎌ヶ谷市初富２０４－４", "url2": "https://www.kaigokensaku.mhlw.go.jp/12/index.php?action_kouhyou_detail_004_kani=true&JigyosyoCd=1272900430-00&ServiceCd=320&Type=search" }, "geometry": { "type": "Point", "coordinates": [ 139.98881080000001, 35.7829104 ] } },
{ "type": "Feature", "properties": { "内容": "グループホームあじさい鎌ヶ谷【認知症対応型共同生活介護】千葉県鎌ケ谷市西佐津間2-11-5-6", "url2": "https://www.kaigokensaku.mhlw.go.jp/12/index.php?action_kouhyou_detail_004_kani=true&JigyosyoCd=1292900063-00&ServiceCd=320&Type=search" }, "geometry": { "type": "Point", "coordinates": [ 139.996784100000013, 35.7989923 ] } },
{ "type": "Feature", "properties": { "内容": "認知症対応型共同生活介護事業所リーベン鎌ヶ谷【認知症対応型共同生活介護】千葉県鎌ケ谷市丸山3-17-18", "url2": "https://www.kaigokensaku.mhlw.go.jp/12/index.php?action_kouhyou_detail_004_kani=true&JigyosyoCd=1292900030-00&ServiceCd=320&Type=search" }, "geometry": { "type": "Point", "coordinates": [ 140.004635300000018, 35.7597296 ] } },
{ "type": "Feature", "properties": { "内容": "グループホームききょうの家【認知症対応型共同生活介護】千葉県鎌ケ谷市中央一丁目８番２０号", "url2": "https://www.kaigokensaku.mhlw.go.jp/12/index.php?action_kouhyou_detail_004_kani=true&JigyosyoCd=1292900089-00&ServiceCd=320&Type=search" }, "geometry": { "type": "Point", "coordinates": [ 140.000854501852444, 35.773459947661863 ] } },
{ "type": "Feature", "properties": { "内容": "セントケアホーム君津【認知症対応型共同生活介護】千葉県君津市大和田4-2-14", "url2": "https://www.kaigokensaku.mhlw.go.jp/12/index.php?action_kouhyou_detail_004_kani=true&JigyosyoCd=1293000020-00&ServiceCd=320&Type=search" }, "geometry": { "type": "Point", "coordinates": [ 139.8791809, 35.3355435 ] } },
{ "type": "Feature", "properties": { "内容": "ニチイケアセンターひとみ【認知症対応型共同生活介護】千葉県君津市人見2-6-8", "url2": "https://www.kaigokensaku.mhlw.go.jp/12/index.php?action_kouhyou_detail_004_kani=true&JigyosyoCd=1293000095-00&ServiceCd=320&Type=search" }, "geometry": { "type": "Point", "coordinates": [ 139.8779622681229, 35.33297851980727 ] } },
{ "type": "Feature", "properties": { "内容": "やすらぎメゾン・尾車【認知症対応型共同生活介護】千葉県君津市尾車648-2", "url2": "https://www.kaigokensaku.mhlw.go.jp/12/index.php?action_kouhyou_detail_004_kani=true&JigyosyoCd=1293000111-00&ServiceCd=320&Type=search" }, "geometry": { "type": "Point", "coordinates": [ 139.945452700000033, 35.2879121 ] } },
{ "type": "Feature", "properties": { "内容": "グループホーム　ふくふく【認知症対応型共同生活介護】千葉県君津市貞元495", "url2": "https://www.kaigokensaku.mhlw.go.jp/12/index.php?action_kouhyou_detail_004_kani=true&JigyosyoCd=1293000038-00&ServiceCd=320&Type=search" }, "geometry": { "type": "Point", "coordinates": [ 139.911037699999952, 35.3127304 ] } },
{ "type": "Feature", "properties": { "内容": "グループホーム富士見苑【認知症対応型共同生活介護】千葉県富津市篠部2310-3", "url2": "https://www.kaigokensaku.mhlw.go.jp/12/index.php?action_kouhyou_detail_004_kani=true&JigyosyoCd=1273100295-00&ServiceCd=320&Type=search" }, "geometry": { "type": "Point", "coordinates": [ 139.843650199999956, 35.2957238 ] } },
{ "type": "Feature", "properties": { "内容": "グループホームわかくさ【認知症対応型共同生活介護】千葉県富津市千種新田６７６－６", "url2": "https://www.kaigokensaku.mhlw.go.jp/12/index.php?action_kouhyou_detail_004_kani=true&JigyosyoCd=1273100386-00&ServiceCd=320&Type=search" }, "geometry": { "type": "Point", "coordinates": [ 139.853949599999964, 35.2946271 ] } },
{ "type": "Feature", "properties": { "内容": "グループホーム天羽苑【認知症対応型共同生活介護】千葉県富津市不入斗224-1", "url2": "https://www.kaigokensaku.mhlw.go.jp/12/index.php?action_kouhyou_detail_004_kani=true&JigyosyoCd=1293100028-00&ServiceCd=320&Type=search" }, "geometry": { "type": "Point", "coordinates": [ 139.8956253, 35.2112121 ] } },
{ "type": "Feature", "properties": { "内容": "グループホーム憩いの里富津【認知症対応型共同生活介護】千葉県富津市青木2丁目20番16", "url2": "https://www.kaigokensaku.mhlw.go.jp/12/index.php?action_kouhyou_detail_004_kani=true&JigyosyoCd=1293100010-00&ServiceCd=320&Type=search" }, "geometry": { "type": "Point", "coordinates": [ 139.846201488746573, 35.325607543855334 ] } },
{ "type": "Feature", "properties": { "内容": "かずさ三条の里【認知症対応型共同生活介護】千葉県富津市下飯野９９８", "url2": "https://www.kaigokensaku.mhlw.go.jp/12/index.php?action_kouhyou_detail_004_kani=true&JigyosyoCd=1273100329-00&ServiceCd=320&Type=search" }, "geometry": { "type": "Point", "coordinates": [ 139.861728200000016, 35.3227926 ] } },
{ "type": "Feature", "properties": { "内容": "グループホームきらら新浦安【認知症対応型共同生活介護】千葉県浦安市明海2-12-1", "url2": "https://www.kaigokensaku.mhlw.go.jp/12/index.php?action_kouhyou_detail_004_kani=true&JigyosyoCd=1293200182-00&ServiceCd=320&Type=search" }, "geometry": { "type": "Point", "coordinates": [ 139.917324600000029, 35.6428906 ] } },
{ "type": "Feature", "properties": { "内容": "グループホームしずか荘【認知症対応型共同生活介護】千葉県浦安市当代島3丁目10番35号", "url2": "https://www.kaigokensaku.mhlw.go.jp/12/index.php?action_kouhyou_detail_004_kani=true&JigyosyoCd=1293200083-00&ServiceCd=320&Type=search" }, "geometry": { "type": "Point", "coordinates": [ 139.8923565, 35.6719011 ] } },
{ "type": "Feature", "properties": { "内容": "グループホームきらら浦安富士見【認知症対応型共同生活介護】千葉県浦安市富士見5-15-11-1", "url2": "https://www.kaigokensaku.mhlw.go.jp/12/index.php?action_kouhyou_detail_004_kani=true&JigyosyoCd=1293200125-00&ServiceCd=320&Type=search" }, "geometry": { "type": "Point", "coordinates": [ 139.8878803, 35.6427103 ] } },
{ "type": "Feature", "properties": { "内容": "グループホームきらら浦安海楽【認知症対応型共同生活介護】千葉県浦安市海楽2-6-12", "url2": "https://www.kaigokensaku.mhlw.go.jp/12/index.php?action_kouhyou_detail_004_kani=true&JigyosyoCd=1293200158-00&ServiceCd=320&Type=search" }, "geometry": { "type": "Point", "coordinates": [ 139.9072112, 35.6594885 ] } },
{ "type": "Feature", "properties": { "内容": "グループホーム　きらら　当代島【認知症対応型共同生活介護】千葉県浦安市当代島2-22-29グループホームきらら当代島", "url2": "https://www.kaigokensaku.mhlw.go.jp/12/index.php?action_kouhyou_detail_004_kani=true&JigyosyoCd=1293200067-00&ServiceCd=320&Type=search" }, "geometry": { "type": "Point", "coordinates": [ 139.887732, 35.6709623 ] } },
{ "type": "Feature", "properties": { "内容": "癒しの浦安いまがわ館グループホーム【認知症対応型共同生活介護】千葉県浦安市今川２－１３－１０", "url2": "https://www.kaigokensaku.mhlw.go.jp/12/index.php?action_kouhyou_detail_004_kani=true&JigyosyoCd=1293200018-00&ServiceCd=320&Type=search" }, "geometry": { "type": "Point", "coordinates": [ 139.90921979999996, 35.6417516 ] } },
{ "type": "Feature", "properties": { "内容": "癒しの浦安ふじみ館グループホーム【認知症対応型共同生活介護】千葉県浦安市富士見2-21-36", "url2": "https://www.kaigokensaku.mhlw.go.jp/12/index.php?action_kouhyou_detail_004_kani=true&JigyosyoCd=1273200582-00&ServiceCd=320&Type=search" }, "geometry": { "type": "Point", "coordinates": [ 139.887840899999986, 35.6507669 ] } },
{ "type": "Feature", "properties": { "内容": "グループホームものいの家【認知症対応型共同生活介護】千葉県四街道市物井1806-12", "url2": "https://www.kaigokensaku.mhlw.go.jp/12/index.php?action_kouhyou_detail_004_kani=true&JigyosyoCd=1293300057-00&ServiceCd=320&Type=search" }, "geometry": { "type": "Point", "coordinates": [ 140.182423699999958, 35.687758800000019 ] } },
{ "type": "Feature", "properties": { "内容": "チェリーコートグループホーム【認知症対応型共同生活介護】千葉県四街道市大日526-2", "url2": "https://www.kaigokensaku.mhlw.go.jp/12/index.php?action_kouhyou_detail_004_kani=true&JigyosyoCd=1293300016-00&ServiceCd=320&Type=search" }, "geometry": { "type": "Point", "coordinates": [ 140.166605345013409, 35.680090070318165 ] } },
{ "type": "Feature", "properties": { "内容": "四街道ケアセンターそよ風【認知症対応型共同生活介護】千葉県四街道市物井字金鋳塚１５９６－４", "url2": "https://www.kaigokensaku.mhlw.go.jp/12/index.php?action_kouhyou_detail_004_kani=true&JigyosyoCd=1273300317-00&ServiceCd=320&Type=search" }, "geometry": { "type": "Point", "coordinates": [ 140.190376499999957, 35.6932427 ] } },
{ "type": "Feature", "properties": { "内容": "はなまるホーム四街道【認知症対応型共同生活介護】千葉県四街道市鹿渡593はなまるホーム四街道", "url2": "https://www.kaigokensaku.mhlw.go.jp/12/index.php?action_kouhyou_detail_004_kani=true&JigyosyoCd=1293300107-00&ServiceCd=320&Type=search" }, "geometry": { "type": "Point", "coordinates": [ 140.1688471, 35.6633978 ] } },
{ "type": "Feature", "properties": { "内容": "グループホームよしおか【認知症対応型共同生活介護】千葉県四街道市吉岡1803-5", "url2": "https://www.kaigokensaku.mhlw.go.jp/12/index.php?action_kouhyou_detail_004_kani=true&JigyosyoCd=1293300032-00&ServiceCd=320&Type=search" }, "geometry": { "type": "Point", "coordinates": [ 140.1888358, 35.6284772 ] } },
{ "type": "Feature", "properties": { "内容": "愛の家グループホーム四街道物井【認知症対応型共同生活介護】千葉県四街道市物井1252-4", "url2": "https://www.kaigokensaku.mhlw.go.jp/12/index.php?action_kouhyou_detail_004_kani=true&JigyosyoCd=1293300172-00&ServiceCd=320&Type=search" }, "geometry": { "type": "Point", "coordinates": [ 140.192367135581947, 35.691949213591109 ] } },
{ "type": "Feature", "properties": { "内容": "グループホーム憩【認知症対応型共同生活介護】千葉県袖ケ浦市横田１７０８番地１", "url2": "https://www.kaigokensaku.mhlw.go.jp/12/index.php?action_kouhyou_detail_004_kani=true&JigyosyoCd=1273400307-00&ServiceCd=320&Type=search" }, "geometry": { "type": "Point", "coordinates": [ 140.025709199999937, 35.3967139 ] } },
{ "type": "Feature", "properties": { "内容": "グループホーム憩新棟【認知症対応型共同生活介護】千葉県袖ケ浦市横田１７０９－３", "url2": "https://www.kaigokensaku.mhlw.go.jp/12/index.php?action_kouhyou_detail_004_kani=true&JigyosyoCd=1293400014-00&ServiceCd=320&Type=search" }, "geometry": { "type": "Point", "coordinates": [ 140.025628600000033, 35.3964584 ] } },
{ "type": "Feature", "properties": { "内容": "グループホームあおぞら【認知症対応型共同生活介護】千葉県袖ケ浦市神納2416-2", "url2": "https://www.kaigokensaku.mhlw.go.jp/12/index.php?action_kouhyou_detail_004_kani=true&JigyosyoCd=1293400113-00&ServiceCd=320&Type=search" }, "geometry": { "type": "Point", "coordinates": [ 139.987465863817363, 35.431078274781804 ] } },
{ "type": "Feature", "properties": { "内容": "グループホームならわの家【認知症対応型共同生活介護】千葉県袖ヶ浦市奈良輪７１８－１", "url2": "https://www.kaigokensaku.mhlw.go.jp/12/index.php?action_kouhyou_detail_004_kani=true&JigyosyoCd=1273400265-00&ServiceCd=320&Type=search" }, "geometry": { "type": "Point", "coordinates": [ 139.964206900000022, 35.4344269 ] } },
{ "type": "Feature", "properties": { "内容": "楠の杜八街【認知症対応型共同生活介護】千葉県八街市文違３０１－４４３４", "url2": "https://www.kaigokensaku.mhlw.go.jp/12/index.php?action_kouhyou_detail_004_kani=true&JigyosyoCd=1293500086-00&ServiceCd=320&Type=search" }, "geometry": { "type": "Point", "coordinates": [ 140.308158, 35.6738224 ] } },
{ "type": "Feature", "properties": { "内容": "ゆかり（愉花里）八街【認知症対応型共同生活介護】千葉県八街市八街ほ２４６－５", "url2": "https://www.kaigokensaku.mhlw.go.jp/12/index.php?action_kouhyou_detail_004_kani=true&JigyosyoCd=1293500011-00&ServiceCd=320&Type=search" }, "geometry": { "type": "Point", "coordinates": [ 140.317796199999947, 35.6607371 ] } },
{ "type": "Feature", "properties": { "内容": "グループホームはつらつ宮の原【認知症対応型共同生活介護】千葉県八街市山田台宮ノ原９６６番地２", "url2": "https://www.kaigokensaku.mhlw.go.jp/12/index.php?action_kouhyou_detail_004_kani=true&JigyosyoCd=1273500155-00&ServiceCd=320&Type=search" }, "geometry": { "type": "Point", "coordinates": [ 140.282435299999946, 35.586219 ] } },
{ "type": "Feature", "properties": { "内容": "グループホーム　にこにこ滝台【認知症対応型共同生活介護】千葉県八街市滝台1807番地グループホームにこにこ滝台", "url2": "https://www.kaigokensaku.mhlw.go.jp/12/index.php?action_kouhyou_detail_004_kani=true&JigyosyoCd=1273500312-00&ServiceCd=320&Type=search" }, "geometry": { "type": "Point", "coordinates": [ 140.3074326, 35.583388 ] } },
{ "type": "Feature", "properties": { "内容": "グループホーム　白寿【認知症対応型共同生活介護】千葉県八街市東吉田561-74", "url2": "https://www.kaigokensaku.mhlw.go.jp/12/index.php?action_kouhyou_detail_004_kani=true&JigyosyoCd=1293500078-00&ServiceCd=320&Type=search" }, "geometry": { "type": "Point", "coordinates": [ 140.311736200000041, 35.6470719 ] } },
{ "type": "Feature", "properties": { "内容": "グループホーム　つくしの里【認知症対応型共同生活介護】千葉県八街市榎戸３８５－１8", "url2": "https://www.kaigokensaku.mhlw.go.jp/12/index.php?action_kouhyou_detail_004_kani=true&JigyosyoCd=1293500060-00&ServiceCd=320&Type=search" }, "geometry": { "type": "Point", "coordinates": [ 140.297077801852396, 35.689705850718155 ] } },
{ "type": "Feature", "properties": { "内容": "グループホームこまくさ【認知症対応型共同生活介護】千葉県印西市草深137－1", "url2": "https://www.kaigokensaku.mhlw.go.jp/12/index.php?action_kouhyou_detail_004_kani=true&JigyosyoCd=1293600043-00&ServiceCd=320&Type=search" }, "geometry": { "type": "Point", "coordinates": [ 140.142982399999937, 35.7975334 ] } },
{ "type": "Feature", "properties": { "内容": "愛の家グループホーム印西木下【認知症対応型共同生活介護】千葉県印西市木下東3-12-15", "url2": "https://www.kaigokensaku.mhlw.go.jp/12/index.php?action_kouhyou_detail_004_kani=true&JigyosyoCd=1293600050-00&ServiceCd=320&Type=search" }, "geometry": { "type": "Point", "coordinates": [ 140.166833, 35.842514 ] } },
{ "type": "Feature", "properties": { "内容": "グループホームあいや【認知症対応型共同生活介護】千葉県印西市草深1132-8", "url2": "https://www.kaigokensaku.mhlw.go.jp/12/index.php?action_kouhyou_detail_004_kani=true&JigyosyoCd=1273600377-00&ServiceCd=320&Type=search" }, "geometry": { "type": "Point", "coordinates": [ 140.133716199999981, 35.8051853 ] } },
{ "type": "Feature", "properties": { "内容": "グループホーム秋桜【認知症対応型共同生活介護】千葉県印西市小林4095番地1", "url2": "https://www.kaigokensaku.mhlw.go.jp/12/index.php?action_kouhyou_detail_004_kani=true&JigyosyoCd=1273600203-00&ServiceCd=320&Type=search" }, "geometry": { "type": "Point", "coordinates": [ 140.198622500000056, 35.822662 ] } },
{ "type": "Feature", "properties": { "内容": "グループホームフォーレストヴィラ【認知症対応型共同生活介護】千葉県印西市戸神６２４－２", "url2": "https://www.kaigokensaku.mhlw.go.jp/12/index.php?action_kouhyou_detail_004_kani=true&JigyosyoCd=1293600159-00&ServiceCd=320&Type=search" }, "geometry": { "type": "Point", "coordinates": [ 140.119223078493548, 35.79162209825941 ] } },
{ "type": "Feature", "properties": { "内容": "グループホームうさぎの家【認知症対応型共同生活介護】千葉県印西市小林１６４４番地１", "url2": "https://www.kaigokensaku.mhlw.go.jp/12/index.php?action_kouhyou_detail_004_kani=true&JigyosyoCd=1293600027-00&ServiceCd=320&Type=search" }, "geometry": { "type": "Point", "coordinates": [ 140.197455799999943, 35.8266975 ] } },
{ "type": "Feature", "properties": { "内容": "グループホームいきいきの家印西【認知症対応型共同生活介護】千葉県印西市吉高3139番グループホーム　いきいきの家印西", "url2": "https://www.kaigokensaku.mhlw.go.jp/12/index.php?action_kouhyou_detail_004_kani=true&JigyosyoCd=1293600076-00&ServiceCd=320&Type=search" }, "geometry": { "type": "Point", "coordinates": [ 140.2250468378204, 35.789169815608091 ] } },
{ "type": "Feature", "properties": { "内容": "グループホームスピリット【認知症対応型共同生活介護】千葉県印西市大森２２２８－１", "url2": "https://www.kaigokensaku.mhlw.go.jp/12/index.php?action_kouhyou_detail_004_kani=true&JigyosyoCd=1273600260-00&ServiceCd=320&Type=search" }, "geometry": { "type": "Point", "coordinates": [ 140.149490199999974, 35.8272964 ] } },
{ "type": "Feature", "properties": { "内容": "グループホーム　サクラビア【認知症対応型共同生活介護】千葉県白井市白井４３６－２", "url2": "https://www.kaigokensaku.mhlw.go.jp/12/index.php?action_kouhyou_detail_004_kani=true&JigyosyoCd=1274200151-00&ServiceCd=320&Type=search" }, "geometry": { "type": "Point", "coordinates": [ 140.062076299999944, 35.7978965 ] } },
{ "type": "Feature", "properties": { "内容": "グループホーム福美園【認知症対応型共同生活介護】千葉県白井市河原子字砂久保前216-4", "url2": "https://www.kaigokensaku.mhlw.go.jp/12/index.php?action_kouhyou_detail_004_kani=true&JigyosyoCd=1274200243-00&ServiceCd=320&Type=search" }, "geometry": { "type": "Point", "coordinates": [ 140.06283970000004, 35.8177965 ] } },
{ "type": "Feature", "properties": { "内容": "白井の家参番館【認知症対応型共同生活介護】千葉県白井市白井350-4", "url2": "https://www.kaigokensaku.mhlw.go.jp/12/index.php?action_kouhyou_detail_004_kani=true&JigyosyoCd=1294200025-00&ServiceCd=320&Type=search" }, "geometry": { "type": "Point", "coordinates": [ 140.0662662, 35.802319 ] } },
{ "type": "Feature", "properties": { "内容": "白井グループホーム【認知症対応型共同生活介護】千葉県白井市谷田２４１番地", "url2": "https://www.kaigokensaku.mhlw.go.jp/12/index.php?action_kouhyou_detail_004_kani=true&JigyosyoCd=1274200136-00&ServiceCd=320&Type=search" }, "geometry": { "type": "Point", "coordinates": [ 140.091834799999987, 35.7864348 ] } },
{ "type": "Feature", "properties": { "内容": "ニチイケアセンター西白井【認知症対応型共同生活介護】千葉県白井市西白井3-14-9", "url2": "https://www.kaigokensaku.mhlw.go.jp/12/index.php?action_kouhyou_detail_004_kani=true&JigyosyoCd=1294200181-00&ServiceCd=320&Type=search" }, "geometry": { "type": "Point", "coordinates": [ 140.0314018, 35.8004669 ] } },
{ "type": "Feature", "properties": { "内容": "愛の家グループホーム白井冨士【認知症対応型共同生活介護】千葉県白井市冨士73-89", "url2": "https://www.kaigokensaku.mhlw.go.jp/12/index.php?action_kouhyou_detail_004_kani=true&JigyosyoCd=1294200082-00&ServiceCd=320&Type=search" }, "geometry": { "type": "Point", "coordinates": [ 140.021896500000025, 35.7708624 ] } },
{ "type": "Feature", "properties": { "内容": "こころあいホーム【認知症対応型共同生活介護】千葉県富里市御料1139-32", "url2": "https://www.kaigokensaku.mhlw.go.jp/12/index.php?action_kouhyou_detail_004_kani=true&JigyosyoCd=1274000254-00&ServiceCd=320&Type=search" }, "geometry": { "type": "Point", "coordinates": [ 140.358703500000047, 35.7238366 ] } },
{ "type": "Feature", "properties": { "内容": "グループホームおたがいさま【認知症対応型共同生活介護】千葉県富里市御料６９４番地３", "url2": "https://www.kaigokensaku.mhlw.go.jp/12/index.php?action_kouhyou_detail_004_kani=true&JigyosyoCd=1274000213-00&ServiceCd=320&Type=search" }, "geometry": { "type": "Point", "coordinates": [ 140.367255900000032, 35.7172933 ] } },
{ "type": "Feature", "properties": { "内容": "グループホーム安房穂【認知症対応型共同生活介護】千葉県南房総市和田町黒岩9-1", "url2": "https://www.kaigokensaku.mhlw.go.jp/12/index.php?action_kouhyou_detail_004_kani=true&JigyosyoCd=1278400096-00&ServiceCd=320&Type=search" }, "geometry": { "type": "Point", "coordinates": [ 139.992080922293098, 35.045655766545764 ] } },
{ "type": "Feature", "properties": { "内容": "グループホームリブ丸山【認知症対応型共同生活介護】千葉県南房総市川谷302-8グループホームリブ丸山", "url2": "https://www.kaigokensaku.mhlw.go.jp/12/index.php?action_kouhyou_detail_004_kani=true&JigyosyoCd=1278300098-00&ServiceCd=320&Type=search" }, "geometry": { "type": "Point", "coordinates": [ 139.959438, 35.0586258 ] } },
{ "type": "Feature", "properties": { "内容": "グループホームやつかガーデン【認知症対応型共同生活介護】千葉県南房総市富浦町深名656-1", "url2": "https://www.kaigokensaku.mhlw.go.jp/12/index.php?action_kouhyou_detail_004_kani=true&JigyosyoCd=1298800077-00&ServiceCd=320&Type=search" }, "geometry": { "type": "Point", "coordinates": [ 139.851881933278833, 35.040301607674593 ] } },
{ "type": "Feature", "properties": { "内容": "グループホーム　なぎホーム白浜【認知症対応型共同生活介護】千葉県南房総市白浜町根本1736-2", "url2": "https://www.kaigokensaku.mhlw.go.jp/12/index.php?action_kouhyou_detail_004_kani=true&JigyosyoCd=1298800135-00&ServiceCd=320&Type=search" }, "geometry": { "type": "Point", "coordinates": [ 139.8448664, 34.908421 ] } },
{ "type": "Feature", "properties": { "内容": "グループホーム夢ほーむ【認知症対応型共同生活介護】千葉県南房総市千倉町南朝夷1661", "url2": "https://www.kaigokensaku.mhlw.go.jp/12/index.php?action_kouhyou_detail_004_kani=true&JigyosyoCd=1298800028-00&ServiceCd=320&Type=search" }, "geometry": { "type": "Point", "coordinates": [ 139.95595789999993, 34.9595087 ] } },
{ "type": "Feature", "properties": { "内容": "グループホーム美しの里【認知症対応型共同生活介護】千葉県南房総市和田町松田７１５番地１", "url2": "https://www.kaigokensaku.mhlw.go.jp/12/index.php?action_kouhyou_detail_004_kani=true&JigyosyoCd=1278400088-00&ServiceCd=320&Type=search" }, "geometry": { "type": "Point", "coordinates": [ 139.988055799999984, 35.0239121 ] } },
{ "type": "Feature", "properties": { "内容": "グループホーム天鼓【認知症対応型共同生活介護】千葉県匝瑳市飯倉台10-15", "url2": "https://www.kaigokensaku.mhlw.go.jp/12/index.php?action_kouhyou_detail_004_kani=true&JigyosyoCd=1271900258-00&ServiceCd=320&Type=search" }, "geometry": { "type": "Point", "coordinates": [ 140.522244099999966, 35.6903434 ] } },
{ "type": "Feature", "properties": { "内容": "グループホーム希望の里【認知症対応型共同生活介護】千葉県匝瑳市栢田８６４５", "url2": "https://www.kaigokensaku.mhlw.go.jp/12/index.php?action_kouhyou_detail_004_kani=true&JigyosyoCd=1298700012-00&ServiceCd=320&Type=search" }, "geometry": { "type": "Point", "coordinates": [ 140.556615299999976, 35.6349223 ] } },
{ "type": "Feature", "properties": { "内容": "グループホーム第2希望の里【認知症対応型共同生活介護】千葉県匝瑳市栢田8645-2", "url2": "https://www.kaigokensaku.mhlw.go.jp/12/index.php?action_kouhyou_detail_004_kani=true&JigyosyoCd=1298700103-00&ServiceCd=320&Type=search" }, "geometry": { "type": "Point", "coordinates": [ 140.556711499999977, 35.6349941 ] } },
{ "type": "Feature", "properties": { "内容": "グループホーム楠の杜【認知症対応型共同生活介護】千葉県匝瑳市飯倉台一丁目４番１２号", "url2": "https://www.kaigokensaku.mhlw.go.jp/12/index.php?action_kouhyou_detail_004_kani=true&JigyosyoCd=1271900266-00&ServiceCd=320&Type=search" }, "geometry": { "type": "Point", "coordinates": [ 140.518818626289402, 35.690767067832702 ] } },
{ "type": "Feature", "properties": { "内容": "グループホームいきいきの家くりもと【認知症対応型共同生活介護】千葉県香取市高萩765-1", "url2": "https://www.kaigokensaku.mhlw.go.jp/12/index.php?action_kouhyou_detail_004_kani=true&JigyosyoCd=1275000089-00&ServiceCd=320&Type=search" }, "geometry": { "type": "Point", "coordinates": [ 140.530778700000042, 35.8136607 ] } },
{ "type": "Feature", "properties": { "内容": "グループホームたすけあい【認知症対応型共同生活介護】千葉県香取市岩部１０９５－１", "url2": "https://www.kaigokensaku.mhlw.go.jp/12/index.php?action_kouhyou_detail_004_kani=true&JigyosyoCd=1275000097-00&ServiceCd=320&Type=search" }, "geometry": { "type": "Point", "coordinates": [ 140.510746899999958, 35.8163682 ] } },
{ "type": "Feature", "properties": { "内容": "グループホームじゅらく【認知症対応型共同生活介護】千葉県香取市佐原ホ323-2", "url2": "https://www.kaigokensaku.mhlw.go.jp/12/index.php?action_kouhyou_detail_004_kani=true&JigyosyoCd=1271400267-00&ServiceCd=320&Type=search" }, "geometry": { "type": "Point", "coordinates": [ 140.485675600000036, 35.8952382 ] } },
{ "type": "Feature", "properties": { "内容": "グループホームあんじん【認知症対応型共同生活介護】千葉県香取市佐原イ１６７９－１", "url2": "https://www.kaigokensaku.mhlw.go.jp/12/index.php?action_kouhyou_detail_004_kani=true&JigyosyoCd=1298900125-00&ServiceCd=320&Type=search" }, "geometry": { "type": "Point", "coordinates": [ 140.494668384786223, 35.887795813604377 ] } },
{ "type": "Feature", "properties": { "内容": "グループホーム杜の家くりもと【認知症対応型共同生活介護】千葉県香取市岩部869番60", "url2": "https://www.kaigokensaku.mhlw.go.jp/12/index.php?action_kouhyou_detail_004_kani=true&JigyosyoCd=1298900042-00&ServiceCd=320&Type=search" }, "geometry": { "type": "Point", "coordinates": [ 140.517096600000059, 35.812619 ] } },
{ "type": "Feature", "properties": { "内容": "グループホームいきいきの家香取【認知症対応型共同生活介護】千葉県香取市玉造1-4-1", "url2": "https://www.kaigokensaku.mhlw.go.jp/12/index.php?action_kouhyou_detail_004_kani=true&JigyosyoCd=1298900083-00&ServiceCd=320&Type=search" }, "geometry": { "type": "Point", "coordinates": [ 140.483586899999978, 35.8928218 ] } },
{ "type": "Feature", "properties": { "内容": "グループホーム山里【認知症対応型共同生活介護】千葉県香取市新里1182-12", "url2": "https://www.kaigokensaku.mhlw.go.jp/12/index.php?action_kouhyou_detail_004_kani=true&JigyosyoCd=1274900073-00&ServiceCd=320&Type=search" }, "geometry": { "type": "Point", "coordinates": [ 140.5550151, 35.780504499999985 ] } },
{ "type": "Feature", "properties": { "内容": "グループホームたすけあい心【認知症対応型共同生活介護】千葉県香取市岩部1095-4", "url2": "https://www.kaigokensaku.mhlw.go.jp/12/index.php?action_kouhyou_detail_004_kani=true&JigyosyoCd=1298900182-00&ServiceCd=320&Type=search" }, "geometry": { "type": "Point", "coordinates": [ 140.510791399999988, 35.8163281 ] } },
{ "type": "Feature", "properties": { "内容": "グループホームおみがわの憩【認知症対応型共同生活介護】千葉県香取市野田７１４", "url2": "https://www.kaigokensaku.mhlw.go.jp/12/index.php?action_kouhyou_detail_004_kani=true&JigyosyoCd=1298900109-00&ServiceCd=320&Type=search" }, "geometry": { "type": "Point", "coordinates": [ 140.592619, 35.8567254 ] } },
{ "type": "Feature", "properties": { "内容": "グループホーム日下部【認知症対応型共同生活介護】千葉県香取市府馬3490-1", "url2": "https://www.kaigokensaku.mhlw.go.jp/12/index.php?action_kouhyou_detail_004_kani=true&JigyosyoCd=1298900034-00&ServiceCd=320&Type=search" }, "geometry": { "type": "Point", "coordinates": [ 140.607299, 35.7900272 ] } },
{ "type": "Feature", "properties": { "内容": "グループホーム　あすなろ【認知症対応型共同生活介護】千葉県香取市玉造483-2", "url2": "https://www.kaigokensaku.mhlw.go.jp/12/index.php?action_kouhyou_detail_004_kani=true&JigyosyoCd=1298900141-00&ServiceCd=320&Type=search" }, "geometry": { "type": "Point", "coordinates": [ 140.4813102, 35.8918097 ] } },
{ "type": "Feature", "properties": { "内容": "グループホームすこやかさん【認知症対応型共同生活介護】千葉県香取市与倉869-1", "url2": "https://www.kaigokensaku.mhlw.go.jp/12/index.php?action_kouhyou_detail_004_kani=true&JigyosyoCd=1271400226-00&ServiceCd=320&Type=search" }, "geometry": { "type": "Point", "coordinates": [ 140.471108780950914, 35.873150940627674 ] } },
{ "type": "Feature", "properties": { "内容": "グループホーム香取の杜中々【認知症対応型共同生活介護】千葉県香取市小見川5598-1", "url2": "https://www.kaigokensaku.mhlw.go.jp/12/index.php?action_kouhyou_detail_004_kani=true&JigyosyoCd=1298900067-00&ServiceCd=320&Type=search" }, "geometry": { "type": "Point", "coordinates": [ 140.612055400000031, 35.8623893 ] } },
{ "type": "Feature", "properties": { "内容": "グループホームスマイル【認知症対応型共同生活介護】千葉県香取市佐原イ1689-2", "url2": "https://www.kaigokensaku.mhlw.go.jp/12/index.php?action_kouhyou_detail_004_kani=true&JigyosyoCd=1271400184-00&ServiceCd=320&Type=search" }, "geometry": { "type": "Point", "coordinates": [ 140.495596500000033, 35.8874562 ] } },
{ "type": "Feature", "properties": { "内容": "グループホーム太陽【認知症対応型共同生活介護】千葉県山武市白幡702-2", "url2": "https://www.kaigokensaku.mhlw.go.jp/12/index.php?action_kouhyou_detail_004_kani=true&JigyosyoCd=1276000120-00&ServiceCd=320&Type=search" }, "geometry": { "type": "Point", "coordinates": [ 140.434072199999946, 35.5733546 ] } },
{ "type": "Feature", "properties": { "内容": "グループホームあおぞら【認知症対応型共同生活介護】千葉県山武市白幡702-2", "url2": "https://www.kaigokensaku.mhlw.go.jp/12/index.php?action_kouhyou_detail_004_kani=true&JigyosyoCd=1299000081-00&ServiceCd=320&Type=search" }, "geometry": { "type": "Point", "coordinates": [ 140.43411, 35.573305500000011 ] } },
{ "type": "Feature", "properties": { "内容": "グループホームはすぬま【認知症対応型共同生活介護】千葉県山武市蓮沼ロ2783-7", "url2": "https://www.kaigokensaku.mhlw.go.jp/12/index.php?action_kouhyou_detail_004_kani=true&JigyosyoCd=1276200076-00&ServiceCd=320&Type=search" }, "geometry": { "type": "Point", "coordinates": [ 140.507165399999963, 35.5945466 ] } },
{ "type": "Feature", "properties": { "内容": "グループホームなるとう【認知症対応型共同生活介護】千葉県山武市殿台２７１－１", "url2": "https://www.kaigokensaku.mhlw.go.jp/12/index.php?action_kouhyou_detail_004_kani=true&JigyosyoCd=1299000024-00&ServiceCd=320&Type=search" }, "geometry": { "type": "Point", "coordinates": [ 140.41544220000003, 35.6040581 ] } },
{ "type": "Feature", "properties": { "内容": "グループホームまつお【認知症対応型共同生活介護】千葉県山武市松尾町松尾32-1", "url2": "https://www.kaigokensaku.mhlw.go.jp/12/index.php?action_kouhyou_detail_004_kani=true&JigyosyoCd=1299000057-00&ServiceCd=320&Type=search" }, "geometry": { "type": "Point", "coordinates": [ 140.45377910000002, 35.636492100000019 ] } },
{ "type": "Feature", "properties": { "内容": "グループホーム憩の家【認知症対応型共同生活介護】千葉県山武市本須賀３８４１－２", "url2": "https://www.kaigokensaku.mhlw.go.jp/12/index.php?action_kouhyou_detail_004_kani=true&JigyosyoCd=1276000112-00&ServiceCd=320&Type=search" }, "geometry": { "type": "Point", "coordinates": [ 140.470569399999931, 35.556102 ] } },
{ "type": "Feature", "properties": { "内容": "共生ホームたけんこグループホーム【認知症対応型共同生活介護】千葉県いすみ市山田5897", "url2": "https://www.kaigokensaku.mhlw.go.jp/12/index.php?action_kouhyou_detail_004_kani=true&JigyosyoCd=1298600063-00&ServiceCd=320&Type=search" }, "geometry": { "type": "Point", "coordinates": [ 140.312066700000059, 35.2423356 ] } },
{ "type": "Feature", "properties": { "内容": "グループホーム菜の花【認知症対応型共同生活介護】千葉県いすみ市大原10035", "url2": "https://www.kaigokensaku.mhlw.go.jp/12/index.php?action_kouhyou_detail_004_kani=true&JigyosyoCd=1277500151-00&ServiceCd=320&Type=search" }, "geometry": { "type": "Point", "coordinates": [ 140.399027199999978, 35.2513308 ] } },
{ "type": "Feature", "properties": { "内容": "グループホームいきいきの家いすみ【認知症対応型共同生活介護】千葉県いすみ市岬町桑田２５３８グループホームいきいきの家いすみ", "url2": "https://www.kaigokensaku.mhlw.go.jp/12/index.php?action_kouhyou_detail_004_kani=true&JigyosyoCd=1298600014-00&ServiceCd=320&Type=search" }, "geometry": { "type": "Point", "coordinates": [ 140.351909500000033, 35.3076631 ] } },
{ "type": "Feature", "properties": { "内容": "グループホーム　いすみの憩【認知症対応型共同生活介護】千葉県いすみ市岬町江場土2584-30", "url2": "https://www.kaigokensaku.mhlw.go.jp/12/index.php?action_kouhyou_detail_004_kani=true&JigyosyoCd=1298600139-00&ServiceCd=320&Type=search" }, "geometry": { "type": "Point", "coordinates": [ 140.39804, 35.30855 ] } },
{ "type": "Feature", "properties": { "内容": "グループホームいきいきの家岬【認知症対応型共同生活介護】千葉県いすみ市岬町和泉330-1グループホーム　いきいきの家岬", "url2": "https://www.kaigokensaku.mhlw.go.jp/12/index.php?action_kouhyou_detail_004_kani=true&JigyosyoCd=1277600084-00&ServiceCd=320&Type=search" }, "geometry": { "type": "Point", "coordinates": [ 140.40331318776623, 35.323496699451091 ] } },
{ "type": "Feature", "properties": { "内容": "グループホーム大網しあわせの家【認知症対応型共同生活介護】千葉県大網白里市南横川3148‐20グループホーム大網しあわせの家", "url2": "https://www.kaigokensaku.mhlw.go.jp/12/index.php?action_kouhyou_detail_004_kani=true&JigyosyoCd=1275800165-00&ServiceCd=320&Type=search" }, "geometry": { "type": "Point", "coordinates": [ 140.350305635582004, 35.493967275851254 ] } },
{ "type": "Feature", "properties": { "内容": "グループホーム緑の風【認知症対応型共同生活介護】千葉県大網白里市南横川3786-1", "url2": "https://www.kaigokensaku.mhlw.go.jp/12/index.php?action_kouhyou_detail_004_kani=true&JigyosyoCd=1275800082-00&ServiceCd=320&Type=search" }, "geometry": { "type": "Point", "coordinates": [ 140.346866699999964, 35.498628400000015 ] } },
{ "type": "Feature", "properties": { "内容": "グループホーム杜の街【認知症対応型共同生活介護】千葉県大網白里市南飯塚404-11", "url2": "https://www.kaigokensaku.mhlw.go.jp/12/index.php?action_kouhyou_detail_004_kani=true&JigyosyoCd=1275800116-00&ServiceCd=320&Type=search" }, "geometry": { "type": "Point", "coordinates": [ 140.347296899999947, 35.503527800000015 ] } },
{ "type": "Feature", "properties": { "内容": "ほほえみの里かきつばた【認知症対応型共同生活介護】千葉県大網白里市池田１０２－1", "url2": "https://www.kaigokensaku.mhlw.go.jp/12/index.php?action_kouhyou_detail_004_kani=true&JigyosyoCd=1299200012-00&ServiceCd=320&Type=search" }, "geometry": { "type": "Point", "coordinates": [ 140.3019306, 35.5218157 ] } },
{ "type": "Feature", "properties": { "内容": "グループホームふじき野【認知症対応型共同生活介護】千葉県印旛郡酒々井町ふじき野３－２０－３", "url2": "https://www.kaigokensaku.mhlw.go.jp/12/index.php?action_kouhyou_detail_004_kani=true&JigyosyoCd=1273900082-00&ServiceCd=320&Type=search" }, "geometry": { "type": "Point", "coordinates": [ 140.276915499999973, 35.7228798 ] } },
{ "type": "Feature", "properties": { "内容": "グループホームはるかぜ【認知症対応型共同生活介護】千葉県印旛郡栄町竜角寺台４－１８－１グループホームはるかぜ", "url2": "https://www.kaigokensaku.mhlw.go.jp/12/index.php?action_kouhyou_detail_004_kani=true&JigyosyoCd=1294400013-00&ServiceCd=320&Type=search" }, "geometry": { "type": "Point", "coordinates": [ 140.279938499999957, 35.8271143 ] } },
{ "type": "Feature", "properties": { "内容": "グループホーム　ひばりの里【認知症対応型共同生活介護】千葉県印旛郡栄町安食２４２１番地", "url2": "https://www.kaigokensaku.mhlw.go.jp/12/index.php?action_kouhyou_detail_004_kani=true&JigyosyoCd=1274400033-00&ServiceCd=320&Type=search" }, "geometry": { "type": "Point", "coordinates": [ 140.249086199999965, 35.834418 ] } },
{ "type": "Feature", "properties": { "内容": "グループホーム宝の里【認知症対応型共同生活介護】千葉県香取郡神崎町新365", "url2": "https://www.kaigokensaku.mhlw.go.jp/12/index.php?action_kouhyou_detail_004_kani=true&JigyosyoCd=1294600018-00&ServiceCd=320&Type=search" }, "geometry": { "type": "Point", "coordinates": [ 140.421195, 35.8776745 ] } },
{ "type": "Feature", "properties": { "内容": "多古グループホーム【認知症対応型共同生活介護】千葉県香取郡多古町南玉造460-81多古グループホーム", "url2": "https://www.kaigokensaku.mhlw.go.jp/12/index.php?action_kouhyou_detail_004_kani=true&JigyosyoCd=1295100026-00&ServiceCd=320&Type=search" }, "geometry": { "type": "Point", "coordinates": [ 140.520422100000019, 35.755721700000024 ] } },
{ "type": "Feature", "properties": { "内容": "グループホーム日の出【認知症対応型共同生活介護】千葉県山武郡九十九里町片貝２５８２－９", "url2": "https://www.kaigokensaku.mhlw.go.jp/12/index.php?action_kouhyou_detail_004_kani=true&JigyosyoCd=1275900122-00&ServiceCd=320&Type=search" }, "geometry": { "type": "Point", "coordinates": [ 140.436489299999948, 35.5346538 ] } },
{ "type": "Feature", "properties": { "内容": "ゆうなぎ九十九里【認知症対応型共同生活介護】千葉県山武郡九十九里町小関２３１６番地１", "url2": "https://www.kaigokensaku.mhlw.go.jp/12/index.php?action_kouhyou_detail_004_kani=true&JigyosyoCd=1275900213-00&ServiceCd=320&Type=search" }, "geometry": { "type": "Point", "coordinates": [ 140.452396099999987, 35.538576 ] } },
{ "type": "Feature", "properties": { "内容": "プラチナホーム芝山なのはな【認知症対応型共同生活介護】千葉県山武郡芝山町新井田445-293", "url2": "https://www.kaigokensaku.mhlw.go.jp/12/index.php?action_kouhyou_detail_004_kani=true&JigyosyoCd=1296500018-00&ServiceCd=320&Type=search" }, "geometry": { "type": "Point", "coordinates": [ 140.3865667, 35.6945271 ] } },
{ "type": "Feature", "properties": { "内容": "グループホーム光【認知症対応型共同生活介護】千葉県山武郡横芝光町原方２４８６", "url2": "https://www.kaigokensaku.mhlw.go.jp/12/index.php?action_kouhyou_detail_004_kani=true&JigyosyoCd=1275600128-00&ServiceCd=320&Type=search" }, "geometry": { "type": "Point", "coordinates": [ 140.5167573, 35.6422411 ] } },
{ "type": "Feature", "properties": { "内容": "グループホーム第二松丘園【認知症対応型共同生活介護】千葉県山武郡横芝光町宮川12103-1", "url2": "https://www.kaigokensaku.mhlw.go.jp/12/index.php?action_kouhyou_detail_004_kani=true&JigyosyoCd=1299100048-00&ServiceCd=320&Type=search" }, "geometry": { "type": "Point", "coordinates": [ 140.503985100000023, 35.6577655 ] } },
{ "type": "Feature", "properties": { "内容": "プラチナホーム一宮なのはな【認知症対応型共同生活介護】千葉県長生郡一宮町船頭給249-1", "url2": "https://www.kaigokensaku.mhlw.go.jp/12/index.php?action_kouhyou_detail_004_kani=true&JigyosyoCd=1276600093-00&ServiceCd=320&Type=search" }, "geometry": { "type": "Point", "coordinates": [ 140.367262, 35.38468 ] } },
{ "type": "Feature", "properties": { "内容": "グループホーム　ハートライフ一宮【認知症対応型共同生活介護】千葉県長生郡一宮町船頭給２３０－５", "url2": "https://www.kaigokensaku.mhlw.go.jp/12/index.php?action_kouhyou_detail_004_kani=true&JigyosyoCd=1276600119-00&ServiceCd=320&Type=search" }, "geometry": { "type": "Point", "coordinates": [ 140.367639700000041, 35.3827969 ] } },
{ "type": "Feature", "properties": { "内容": "グループホーム時の村17号館【認知症対応型共同生活介護】千葉県長生郡睦沢町上之郷2635番地2", "url2": "https://www.kaigokensaku.mhlw.go.jp/12/index.php?action_kouhyou_detail_004_kani=true&JigyosyoCd=1296700022-00&ServiceCd=320&Type=search" }, "geometry": { "type": "Point", "coordinates": [ 140.314973276447631, 35.360427869301319 ] } },
{ "type": "Feature", "properties": { "内容": "グループホーム時の村14号館【認知症対応型共同生活介護】千葉県長生郡睦沢町川島757番地3", "url2": "https://www.kaigokensaku.mhlw.go.jp/12/index.php?action_kouhyou_detail_004_kani=true&JigyosyoCd=1296700014-00&ServiceCd=320&Type=search" }, "geometry": { "type": "Point", "coordinates": [ 140.339611881316387, 35.377900423478955 ] } },
{ "type": "Feature", "properties": { "内容": "グループホーム　だるまさん【認知症対応型共同生活介護】千葉県長生郡長生村宮成3496", "url2": "https://www.kaigokensaku.mhlw.go.jp/12/index.php?action_kouhyou_detail_004_kani=true&JigyosyoCd=1276800081-00&ServiceCd=320&Type=search" }, "geometry": { "type": "Point", "coordinates": [ 140.3382755, 35.4183802 ] } },
{ "type": "Feature", "properties": { "内容": "グループホーム時の村15号館【認知症対応型共同生活介護】千葉県長生郡白子町北高根3906-4", "url2": "https://www.kaigokensaku.mhlw.go.jp/12/index.php?action_kouhyou_detail_004_kani=true&JigyosyoCd=1296900036-00&ServiceCd=320&Type=search" }, "geometry": { "type": "Point", "coordinates": [ 140.349234396958991, 35.438879517695646 ] } },
{ "type": "Feature", "properties": { "内容": "ゆうなぎ白子【認知症対応型共同生活介護】千葉県長生郡白子町幸治３０７９番地３", "url2": "https://www.kaigokensaku.mhlw.go.jp/12/index.php?action_kouhyou_detail_004_kani=true&JigyosyoCd=1296900051-00&ServiceCd=320&Type=search" }, "geometry": { "type": "Point", "coordinates": [ 140.3928146, 35.4257754 ] } },
{ "type": "Feature", "properties": { "内容": "グループホーム紅ばな【認知症対応型共同生活介護】千葉県長生郡長南町長南1979-1", "url2": "https://www.kaigokensaku.mhlw.go.jp/12/index.php?action_kouhyou_detail_004_kani=true&JigyosyoCd=1297100016-00&ServiceCd=320&Type=search" }, "geometry": { "type": "Point", "coordinates": [ 140.237010717415671, 35.389859872109525 ] } },
{ "type": "Feature", "properties": { "内容": "グループホーム上埴生の郷【認知症対応型共同生活介護】千葉県長生郡長南町長南1980-2", "url2": "https://www.kaigokensaku.mhlw.go.jp/12/index.php?action_kouhyou_detail_004_kani=true&JigyosyoCd=1277100184-00&ServiceCd=320&Type=search" }, "geometry": { "type": "Point", "coordinates": [ 140.236665073680143, 35.389620789490657 ] } },
{ "type": "Feature", "properties": { "内容": "グループホーム風鈴花おおたき【認知症対応型共同生活介護】千葉県夷隅郡大多喜町横山１０３２－１", "url2": "https://www.kaigokensaku.mhlw.go.jp/12/index.php?action_kouhyou_detail_004_kani=true&JigyosyoCd=1297200022-00&ServiceCd=320&Type=search" }, "geometry": { "type": "Point", "coordinates": [ 140.243741099999966, 35.294587 ] } },
{ "type": "Feature", "properties": { "内容": "グループホーム　風鈴花【認知症対応型共同生活介護】千葉県夷隅郡大多喜町横山1032-1", "url2": "https://www.kaigokensaku.mhlw.go.jp/12/index.php?action_kouhyou_detail_004_kani=true&JigyosyoCd=1297200014-00&ServiceCd=320&Type=search" }, "geometry": { "type": "Point", "coordinates": [ 140.245292599999971, 35.2961801 ] } },
{ "type": "Feature", "properties": { "内容": "グループホーム和季【認知症対応型共同生活介護】千葉県安房郡鋸南町保田３３４－２", "url2": "https://www.kaigokensaku.mhlw.go.jp/12/index.php?action_kouhyou_detail_004_kani=true&JigyosyoCd=1297900019-00&ServiceCd=320&Type=search" }, "geometry": { "type": "Point", "coordinates": [ 139.840152499999931, 35.139969 ] } }
]
}
