{
"type": "FeatureCollection",
"name": "geo_12_特定福祉用具販売",
"crs": { "type": "name", "properties": { "name": "urn:ogc:def:crs:OGC:1.3:CRS84" } },
"features": [
{ "type": "Feature", "properties": { "内容": "介護用品の店　陽だまり【特定福祉用具販売】千葉市中央区富士見２－２４－１　千葉ショッピングセンター", "url": "https://www.kaigokensaku.mhlw.go.jp/12/index.php?action_kouhyou_detail_004_kani=true&JigyosyoCd=1270100223-00&ServiceCd=410&Type=search", "url2": "http://www.sutekki-ya.com/" }, "geometry": { "type": "Point", "coordinates": [ 140.1161442, 35.6108958 ] } },
{ "type": "Feature", "properties": { "内容": "日本ウイール・チェアー株式会社　千葉支店【特定福祉用具販売】千葉市中央区鵜の森町１２－１１（鵜の森ビル）", "url": "https://www.kaigokensaku.mhlw.go.jp/12/index.php?action_kouhyou_detail_004_kani=true&JigyosyoCd=1270100538-00&ServiceCd=410&Type=search", "url2": "http://www.nihon-wheelchaiars.co.jp" }, "geometry": { "type": "Point", "coordinates": [ 140.139648500000021, 35.5743072 ] } },
{ "type": "Feature", "properties": { "内容": "やさしい手住環境事業部千葉営業所【特定福祉用具販売】千葉県千葉市中央区院内1-9-1亜土ビル101", "url": "https://www.kaigokensaku.mhlw.go.jp/12/index.php?action_kouhyou_detail_004_kani=true&JigyosyoCd=1270104407-00&ServiceCd=410&Type=search", "url2": "http://www.yasasiite.com" }, "geometry": { "type": "Point", "coordinates": [ 140.1230557, 35.6128366 ] } },
{ "type": "Feature", "properties": { "内容": "福祉用具あいか【特定福祉用具販売】千葉県千葉市中央区長洲1-24-12今井ビル３階", "url": "https://www.kaigokensaku.mhlw.go.jp/12/index.php?action_kouhyou_detail_004_kani=true&JigyosyoCd=1270105511-00&ServiceCd=410&Type=search", "url2": "http://www.aika-p.com/" }, "geometry": { "type": "Point", "coordinates": [ 140.121524099999988, 35.602101 ] } },
{ "type": "Feature", "properties": { "内容": "セントケアりまいんちば【特定福祉用具販売】蘇我2-5-3", "url": "https://www.kaigokensaku.mhlw.go.jp/12/index.php?action_kouhyou_detail_004_kani=true&JigyosyoCd=1270105750-00&ServiceCd=410&Type=search", "url2": "https://www.saint-care.com/rimain/" }, "geometry": { "type": "Point", "coordinates": [ 140.132444, 35.5731987 ] } },
{ "type": "Feature", "properties": { "内容": "カインドクルー【特定福祉用具販売】千葉県千葉市中央区蘇我3-29-18", "url": "https://www.kaigokensaku.mhlw.go.jp/12/index.php?action_kouhyou_detail_004_kani=true&JigyosyoCd=1270105255-00&ServiceCd=410&Type=search", "url2": "https://k-crew.co.jp" }, "geometry": { "type": "Point", "coordinates": [ 140.1300111, 35.5673886 ] } },
{ "type": "Feature", "properties": { "内容": "カシダス千葉【特定福祉用具販売】千葉県千葉市中央区椿森1-22-5", "url": "https://www.kaigokensaku.mhlw.go.jp/12/index.php?action_kouhyou_detail_004_kani=true&JigyosyoCd=1270103912-00&ServiceCd=410&Type=search", "url2": "http://www.kashidasu.co.jp" }, "geometry": { "type": "Point", "coordinates": [ 140.112770599999948, 35.61008360000001 ] } },
{ "type": "Feature", "properties": { "内容": "フェイバーケア【特定福祉用具販売】天戸町1472-2", "url": "https://www.kaigokensaku.mhlw.go.jp/12/index.php?action_kouhyou_detail_004_kani=true&JigyosyoCd=1270203811-00&ServiceCd=410&Type=search", "url2": "https://favor0801.com/" }, "geometry": { "type": "Point", "coordinates": [ 140.0878107, 35.6840943 ] } },
{ "type": "Feature", "properties": { "内容": "Ｈａｎａ福祉用具花見川【特定福祉用具販売】千葉県千葉市花見川区幕張本郷2-41-5", "url": "https://www.kaigokensaku.mhlw.go.jp/12/index.php?action_kouhyou_detail_004_kani=true&JigyosyoCd=1270204132-00&ServiceCd=410&Type=search", "url2": "https://kt-group.jp/office/hana%e8%8a%b1%e8%a6%8b%e5%b7%9d/" }, "geometry": { "type": "Point", "coordinates": [ 140.0452439, 35.6694311 ] } },
{ "type": "Feature", "properties": { "内容": "株式会社福祉協同サービス　千葉営業所【特定福祉用具販売】千葉県千葉市花見川区幕張町5-417-65　1階", "url": "https://www.kaigokensaku.mhlw.go.jp/12/index.php?action_kouhyou_detail_004_kani=true&JigyosyoCd=1270202029-00&ServiceCd=410&Type=search", "url2": "https://fukushi-ks.com" }, "geometry": { "type": "Point", "coordinates": [ 140.051065166410069, 35.654397137044967 ] } },
{ "type": "Feature", "properties": { "内容": "株式会社　星医療酸器　千葉支店【特定福祉用具販売】千葉県千葉市稲毛区山王町305-10", "url": "https://www.kaigokensaku.mhlw.go.jp/12/index.php?action_kouhyou_detail_004_kani=true&JigyosyoCd=1270300542-00&ServiceCd=410&Type=search", "url2": "http://www.hosi.co.jp" }, "geometry": { "type": "Point", "coordinates": [ 140.137744500000053, 35.6617519 ] } },
{ "type": "Feature", "properties": { "内容": "ダスキンヘルスレント千葉西ステーション【特定福祉用具販売】千葉県千葉市稲毛区轟町5-5-23", "url": "https://www.kaigokensaku.mhlw.go.jp/12/index.php?action_kouhyou_detail_004_kani=true&JigyosyoCd=1270300336-00&ServiceCd=410&Type=search", "url2": "http://www.kasite.net/health/station/kanto/index2.html#tiba" }, "geometry": { "type": "Point", "coordinates": [ 140.112763500000028, 35.6304856 ] } },
{ "type": "Feature", "properties": { "内容": "フランスベッド株式会社メディカル千葉営業所【特定福祉用具販売】千葉県千葉市稲毛区長沼町１２４－８", "url": "https://www.kaigokensaku.mhlw.go.jp/12/index.php?action_kouhyou_detail_004_kani=true&JigyosyoCd=1270301219-00&ServiceCd=410&Type=search", "url2": "http://www.francebed.co.jp" }, "geometry": { "type": "Point", "coordinates": [ 140.1226203, 35.6606149 ] } },
{ "type": "Feature", "properties": { "内容": "株式会社マツカワ住器【特定福祉用具販売】千葉県千葉市稲毛区小仲台7-9-5", "url": "https://www.kaigokensaku.mhlw.go.jp/12/index.php?action_kouhyou_detail_004_kani=true&JigyosyoCd=1270300955-00&ServiceCd=410&Type=search", "url2": "http://www.matsukawa4126.co.jp/" }, "geometry": { "type": "Point", "coordinates": [ 140.088779599999953, 35.6450877 ] } },
{ "type": "Feature", "properties": { "内容": "福祉用具つむぎ【特定福祉用具販売】千葉県千葉市稲毛区柏台1-5-105号", "url": "https://www.kaigokensaku.mhlw.go.jp/12/index.php?action_kouhyou_detail_004_kani=true&JigyosyoCd=1270302415-00&ServiceCd=410&Type=search", "url2": null }, "geometry": { "type": "Point", "coordinates": [ 140.110546500000027, 35.6526711 ] } },
{ "type": "Feature", "properties": { "内容": "パナソニックエイジフリー介護チェーン千葉西【特定福祉用具販売】千葉県千葉市稲毛区弥生町２－１１－１０２ハイブリッジビル", "url": "https://www.kaigokensaku.mhlw.go.jp/12/index.php?action_kouhyou_detail_004_kani=true&JigyosyoCd=1270302050-00&ServiceCd=410&Type=search", "url2": null }, "geometry": { "type": "Point", "coordinates": [ 140.10273989999996, 35.6243249 ] } },
{ "type": "Feature", "properties": { "内容": "癒しのレンタルステーション稲毛園生【特定福祉用具販売】千葉県千葉市稲毛区園生町268-3", "url": "https://www.kaigokensaku.mhlw.go.jp/12/index.php?action_kouhyou_detail_004_kani=true&JigyosyoCd=1270302498-00&ServiceCd=410&Type=search", "url2": "https://riei-kaigo.jp/" }, "geometry": { "type": "Point", "coordinates": [ 140.106976841663339, 35.650176454530808 ] } },
{ "type": "Feature", "properties": { "内容": "パーク穴川【特定福祉用具販売】千葉県千葉市稲毛区穴川2-3-24土橋ビル2階", "url": "https://www.kaigokensaku.mhlw.go.jp/12/index.php?action_kouhyou_detail_004_kani=true&JigyosyoCd=1270302902-00&ServiceCd=410&Type=search", "url2": "https://www.sakura-park.co.jp/" }, "geometry": { "type": "Point", "coordinates": [ 140.1062236, 35.6350571 ] } },
{ "type": "Feature", "properties": { "内容": "株式会社トーカイ　千葉支店【特定福祉用具販売】千葉県千葉市稲毛区山王町３３４番地", "url": "https://www.kaigokensaku.mhlw.go.jp/12/index.php?action_kouhyou_detail_004_kani=true&JigyosyoCd=1270300013-00&ServiceCd=410&Type=search", "url2": "http://www.tokai-corp.com/" }, "geometry": { "type": "Point", "coordinates": [ 140.1403353, 35.6603611 ] } },
{ "type": "Feature", "properties": { "内容": "生活クラブ風の村福祉用具事業部【特定福祉用具販売】千葉県千葉市稲毛区作草部町601-3", "url": "https://www.kaigokensaku.mhlw.go.jp/12/index.php?action_kouhyou_detail_004_kani=true&JigyosyoCd=1270302175-00&ServiceCd=410&Type=search", "url2": "http://kazenomura.jp/" }, "geometry": { "type": "Point", "coordinates": [ 140.117191150336595, 35.624611908641178 ] } },
{ "type": "Feature", "properties": { "内容": "ライフケアタカサ千葉支店【特定福祉用具販売】千葉県千葉市稲毛区園生町987-19", "url": "https://www.kaigokensaku.mhlw.go.jp/12/index.php?action_kouhyou_detail_004_kani=true&JigyosyoCd=1270300021-00&ServiceCd=410&Type=search", "url2": "http://www.takasa.co.jp" }, "geometry": { "type": "Point", "coordinates": [ 140.1087033, 35.6414634 ] } },
{ "type": "Feature", "properties": { "内容": "株式会社　シルバーとっぷ【特定福祉用具販売】千葉市稲毛区長沼原町654-1", "url": "https://www.kaigokensaku.mhlw.go.jp/12/index.php?action_kouhyou_detail_004_kani=true&JigyosyoCd=1270300187-00&ServiceCd=410&Type=search", "url2": "http://www.silvertop.org" }, "geometry": { "type": "Point", "coordinates": [ 140.131305300000037, 35.6645768 ] } },
{ "type": "Feature", "properties": { "内容": "アイテム福祉用具【特定福祉用具販売】千葉県千葉市稲毛区園生町781-1ダイアパレス稲毛緑園都市B棟425号", "url": "https://www.kaigokensaku.mhlw.go.jp/12/index.php?action_kouhyou_detail_004_kani=true&JigyosyoCd=1270302688-00&ServiceCd=410&Type=search", "url2": null }, "geometry": { "type": "Point", "coordinates": [ 140.1075553, 35.6460699 ] } },
{ "type": "Feature", "properties": { "内容": "介護ショップとまと【特定福祉用具販売】千葉市若葉区千城台東1-4-10", "url": "https://www.kaigokensaku.mhlw.go.jp/12/index.php?action_kouhyou_detail_004_kani=true&JigyosyoCd=1270400177-00&ServiceCd=410&Type=search", "url2": null }, "geometry": { "type": "Point", "coordinates": [ 140.191498799999977, 35.6198336 ] } },
{ "type": "Feature", "properties": { "内容": "シャローム若葉福祉用具貸与事業所【特定福祉用具販売】千葉市若葉区若松町　２１７０－８", "url": "https://www.kaigokensaku.mhlw.go.jp/12/index.php?action_kouhyou_detail_004_kani=true&JigyosyoCd=1270401076-00&ServiceCd=410&Type=search", "url2": "http://www.shalomwakaba.com" }, "geometry": { "type": "Point", "coordinates": [ 140.174280900000014, 35.6347466 ] } },
{ "type": "Feature", "properties": { "内容": "マーチン介護サービス若葉【特定福祉用具販売】千葉県千葉市若葉区都賀4-9-5　クレインハイツ都賀102号", "url": "https://www.kaigokensaku.mhlw.go.jp/12/index.php?action_kouhyou_detail_004_kani=true&JigyosyoCd=1270401589-00&ServiceCd=410&Type=search", "url2": null }, "geometry": { "type": "Point", "coordinates": [ 140.15306970000006, 35.6341755 ] } },
{ "type": "Feature", "properties": { "内容": "オアシスレンタルステーション【特定福祉用具販売】千葉県千葉市若葉区御成台１－１４－９", "url": "https://www.kaigokensaku.mhlw.go.jp/12/index.php?action_kouhyou_detail_004_kani=true&JigyosyoCd=1270402637-00&ServiceCd=410&Type=search", "url2": null }, "geometry": { "type": "Point", "coordinates": [ 140.194420499999978, 35.6252638 ] } },
{ "type": "Feature", "properties": { "内容": "千葉ムツミ福祉用具高品【特定福祉用具販売】千葉県千葉市若葉区高品町1591-5三恭ビル0001号室", "url": "https://www.kaigokensaku.mhlw.go.jp/12/index.php?action_kouhyou_detail_004_kani=true&JigyosyoCd=1270402124-00&ServiceCd=410&Type=search", "url2": "http://www.kt-group.co.jp" }, "geometry": { "type": "Point", "coordinates": [ 140.132424499999985, 35.6204769 ] } },
{ "type": "Feature", "properties": { "内容": "ぽかぽか介護おてんとさん【特定福祉用具販売】千葉県千葉市緑区あすみが丘1-23-8　緑川ビル2階", "url": "https://www.kaigokensaku.mhlw.go.jp/12/index.php?action_kouhyou_detail_004_kani=true&JigyosyoCd=1270501206-00&ServiceCd=410&Type=search", "url2": "http://www.otentosan.co.jp/" }, "geometry": { "type": "Point", "coordinates": [ 140.269024299999955, 35.5302766 ] } },
{ "type": "Feature", "properties": { "内容": "ケアウェル千葉店【特定福祉用具販売】千葉市緑区おゆみ野３丁目２３－９", "url": "https://www.kaigokensaku.mhlw.go.jp/12/index.php?action_kouhyou_detail_004_kani=true&JigyosyoCd=1270501107-00&ServiceCd=410&Type=search", "url2": "http://www.pipcarewell.co.jp" }, "geometry": { "type": "Point", "coordinates": [ 140.176680300000044, 35.5624366 ] } },
{ "type": "Feature", "properties": { "内容": "有限会社　トータル介護サービスアイ　千葉営業所【特定福祉用具販売】千葉市緑区あすみが丘2－41－11", "url": "https://www.kaigokensaku.mhlw.go.jp/12/index.php?action_kouhyou_detail_004_kani=true&JigyosyoCd=1270500281-00&ServiceCd=410&Type=search", "url2": "http://www012.upp.so-net.ne.jp/tcs-ai/" }, "geometry": { "type": "Point", "coordinates": [ 140.269252899999969, 35.521923 ] } },
{ "type": "Feature", "properties": { "内容": "スマイルケア【特定福祉用具販売】千葉県千葉市緑区おゆみ野2-3-8カサイビル101", "url": "https://www.kaigokensaku.mhlw.go.jp/12/index.php?action_kouhyou_detail_004_kani=true&JigyosyoCd=1270501032-00&ServiceCd=410&Type=search", "url2": "http://smilecare1165.co.jp" }, "geometry": { "type": "Point", "coordinates": [ 140.1750025, 35.564678 ] } },
{ "type": "Feature", "properties": { "内容": "株式会社　ヤマシタコーポレーション　千葉ショールーム【特定福祉用具販売】千葉県千葉市緑区おゆみ野中央９－６", "url": "https://www.kaigokensaku.mhlw.go.jp/12/index.php?action_kouhyou_detail_004_kani=true&JigyosyoCd=1270501289-00&ServiceCd=410&Type=search", "url2": "http://www.yco.co.jp" }, "geometry": { "type": "Point", "coordinates": [ 140.180555700000014, 35.5461273 ] } },
{ "type": "Feature", "properties": { "内容": "三希工房　猫の手【特定福祉用具販売】千葉県千葉市緑区おゆみ野5-32-11-105", "url": "https://www.kaigokensaku.mhlw.go.jp/12/index.php?action_kouhyou_detail_004_kani=true&JigyosyoCd=1270501412-00&ServiceCd=410&Type=search", "url2": "http://www.miki-kb.com" }, "geometry": { "type": "Point", "coordinates": [ 140.186597099999972, 35.5547876 ] } },
{ "type": "Feature", "properties": { "内容": "アビリティーズ・ケアネット株式会社千葉営業所【特定福祉用具販売】千葉県千葉市緑区平山町477-1", "url": "https://www.kaigokensaku.mhlw.go.jp/12/index.php?action_kouhyou_detail_004_kani=true&JigyosyoCd=1270501776-00&ServiceCd=410&Type=search", "url2": "http://www.abilities.jp/" }, "geometry": { "type": "Point", "coordinates": [ 140.2028004, 35.5824175 ] } },
{ "type": "Feature", "properties": { "内容": "カイゴバンク【特定福祉用具販売】千葉県千葉市緑区東山科町14-32", "url": "https://www.kaigokensaku.mhlw.go.jp/12/index.php?action_kouhyou_detail_004_kani=true&JigyosyoCd=1270501438-00&ServiceCd=410&Type=search", "url2": "http://www.kaigobank.co.jp" }, "geometry": { "type": "Point", "coordinates": [ 140.191990300000043, 35.5804067 ] } },
{ "type": "Feature", "properties": { "内容": "株式会社　イノベイションオブメディカルサービス　千葉営業所【特定福祉用具販売】千葉県千葉市緑区古市場町718番地1号", "url": "https://www.kaigokensaku.mhlw.go.jp/12/index.php?action_kouhyou_detail_004_kani=true&JigyosyoCd=1270502048-00&ServiceCd=410&Type=search", "url2": "http://www.ims-inc.co.jp/company/" }, "geometry": { "type": "Point", "coordinates": [ 140.1429291, 35.5486302 ] } },
{ "type": "Feature", "properties": { "内容": "パナソニックエイジフリー介護チェーン千葉東【特定福祉用具販売】千葉県千葉市緑区おゆみ野南2-20-6-1Aラ・ツエム１Ａ", "url": "https://www.kaigokensaku.mhlw.go.jp/12/index.php?action_kouhyou_detail_004_kani=true&JigyosyoCd=1270501883-00&ServiceCd=410&Type=search", "url2": null }, "geometry": { "type": "Point", "coordinates": [ 140.167169800000011, 35.5502405 ] } },
{ "type": "Feature", "properties": { "内容": "ダスキンヘルスレント千葉東ステーション【特定福祉用具販売】千葉市緑区おゆみ野1-18", "url": "https://www.kaigokensaku.mhlw.go.jp/12/index.php?action_kouhyou_detail_004_kani=true&JigyosyoCd=1270502410-00&ServiceCd=410&Type=search", "url2": "https://hr.dra.co.jp/manager/" }, "geometry": { "type": "Point", "coordinates": [ 140.1599612, 35.5619561 ] } },
{ "type": "Feature", "properties": { "内容": "株式会社至誠堂　Hanaムツミ福祉用具【特定福祉用具販売】千葉県千葉市緑区誉田町2丁目27-10", "url": "https://www.kaigokensaku.mhlw.go.jp/12/index.php?action_kouhyou_detail_004_kani=true&JigyosyoCd=1270502097-00&ServiceCd=410&Type=search", "url2": "http://kt-group.jp" }, "geometry": { "type": "Point", "coordinates": [ 140.202118299999967, 35.5496346 ] } },
{ "type": "Feature", "properties": { "内容": "イオンリテール株式会社イオンマリンピア店【特定福祉用具販売】千葉市美浜区高洲３－１３－１", "url": "https://www.kaigokensaku.mhlw.go.jp/12/index.php?action_kouhyou_detail_004_kani=true&JigyosyoCd=1270600586-00&ServiceCd=410&Type=search", "url2": "http://shop.aeon.jp/store/01/0106850/" }, "geometry": { "type": "Point", "coordinates": [ 140.0731869, 35.6284647 ] } },
{ "type": "Feature", "properties": { "内容": "かぜのおと福祉用具【特定福祉用具販売】中瀬2-6-1ﾜｰﾙﾄﾞﾋﾞｼﾞﾈｽｶﾞｰﾃﾞﾝﾏﾘﾌﾞｳｴｽﾄ20階", "url": "https://www.kaigokensaku.mhlw.go.jp/12/index.php?action_kouhyou_detail_004_kani=true&JigyosyoCd=1270601402-00&ServiceCd=410&Type=search", "url2": "https://kaigo-kaze.com/" }, "geometry": { "type": "Point", "coordinates": [ 140.0391971, 35.6494402 ] } },
{ "type": "Feature", "properties": { "内容": "株式会社フロンティア千葉営業所【特定福祉用具販売】千葉県千葉市美浜区新港42-4", "url": "https://www.kaigokensaku.mhlw.go.jp/12/index.php?action_kouhyou_detail_004_kani=true&JigyosyoCd=1270600735-00&ServiceCd=410&Type=search", "url2": "http://www.frontier-ph.com" }, "geometry": { "type": "Point", "coordinates": [ 140.093833, 35.6110957 ] } },
{ "type": "Feature", "properties": { "内容": "シェアーハピネス・とね【特定福祉用具販売】千葉県銚子市笠上町６１０９番地の４", "url": "https://www.kaigokensaku.mhlw.go.jp/12/index.php?action_kouhyou_detail_004_kani=true&JigyosyoCd=1270701350-00&ServiceCd=410&Type=search", "url2": null }, "geometry": { "type": "Point", "coordinates": [ 140.8543103, 35.731692 ] } },
{ "type": "Feature", "properties": { "内容": "フランスベッド株式会社　メディカル銚子営業所【特定福祉用具販売】千葉県銚子市春日町105番地アステルサポート株式会社　2F", "url": "https://www.kaigokensaku.mhlw.go.jp/12/index.php?action_kouhyou_detail_004_kani=true&JigyosyoCd=1270701467-00&ServiceCd=410&Type=search", "url2": "https://www.francebed.co.jp/" }, "geometry": { "type": "Point", "coordinates": [ 140.825062973016344, 35.724502500000021 ] } },
{ "type": "Feature", "properties": { "内容": "フタバ薬局介護事業部【特定福祉用具販売】千葉県銚子市西芝町１３番地６", "url": "https://www.kaigokensaku.mhlw.go.jp/12/index.php?action_kouhyou_detail_004_kani=true&JigyosyoCd=1270700931-00&ServiceCd=410&Type=search", "url2": "https://www.medycs.jp/" }, "geometry": { "type": "Point", "coordinates": [ 140.827711239967357, 35.730772530857443 ] } },
{ "type": "Feature", "properties": { "内容": "セット市川営業所【特定福祉用具販売】千葉県市川市国府台3-11-1", "url": "https://www.kaigokensaku.mhlw.go.jp/12/index.php?action_kouhyou_detail_004_kani=true&JigyosyoCd=1270805805-00&ServiceCd=410&Type=search", "url2": "https://si-setichikawa.net/" }, "geometry": { "type": "Point", "coordinates": [ 139.9003169, 35.7489259 ] } },
{ "type": "Feature", "properties": { "内容": "ペアレント市川営業所【特定福祉用具販売】千葉県市川市市川2-6-18太田ビル201", "url": "https://www.kaigokensaku.mhlw.go.jp/12/index.php?action_kouhyou_detail_004_kani=true&JigyosyoCd=1270806308-00&ServiceCd=410&Type=search", "url2": "https://www.perfect-rental.co.jp/" }, "geometry": { "type": "Point", "coordinates": [ 139.9050871, 35.7311058 ] } },
{ "type": "Feature", "properties": { "内容": "パナソニックエイジフリーショップ市川【特定福祉用具販売】千葉県市川市鬼越2-11-1オーテックビル0001号", "url": "https://www.kaigokensaku.mhlw.go.jp/12/index.php?action_kouhyou_detail_004_kani=true&JigyosyoCd=1270802323-00&ServiceCd=410&Type=search", "url2": "https://t-fbm.com" }, "geometry": { "type": "Point", "coordinates": [ 139.939665947451886, 35.717285671399615 ] } },
{ "type": "Feature", "properties": { "内容": "福祉用具すみれ【特定福祉用具販売】千葉県市川市中国分２－１１－６", "url": "https://www.kaigokensaku.mhlw.go.jp/12/index.php?action_kouhyou_detail_004_kani=true&JigyosyoCd=1270803636-00&ServiceCd=410&Type=search", "url2": "http://www.uedaiin.or.jp" }, "geometry": { "type": "Point", "coordinates": [ 139.91086329999996, 35.7504986 ] } },
{ "type": "Feature", "properties": { "内容": "ダスキンヘルスレント市川ステーション【特定福祉用具販売】千葉県市川市田尻5-5-1センテビル", "url": "https://www.kaigokensaku.mhlw.go.jp/12/index.php?action_kouhyou_detail_004_kani=true&JigyosyoCd=1270805706-00&ServiceCd=410&Type=search", "url2": "https://healthrent.duskin.jp/" }, "geometry": { "type": "Point", "coordinates": [ 139.930829499999987, 35.7033618 ] } },
{ "type": "Feature", "properties": { "内容": "フランスベッド株式会社　メディカル市川営業所【特定福祉用具販売】千葉県市川市妙典6-4-19", "url": "https://www.kaigokensaku.mhlw.go.jp/12/index.php?action_kouhyou_detail_004_kani=true&JigyosyoCd=1270805524-00&ServiceCd=410&Type=search", "url2": "https://www.francebed.co.jp/" }, "geometry": { "type": "Point", "coordinates": [ 139.930355762565654, 35.692547540580144 ] } },
{ "type": "Feature", "properties": { "内容": "介護のパムコ【特定福祉用具販売】千葉県市川市南八幡4-2-5いちかわ情報プラザ301", "url": "https://www.kaigokensaku.mhlw.go.jp/12/index.php?action_kouhyou_detail_004_kani=true&JigyosyoCd=1270800145-00&ServiceCd=410&Type=search", "url2": "http://www.pamcos.co.jp/" }, "geometry": { "type": "Point", "coordinates": [ 139.926498400000014, 35.7206039 ] } },
{ "type": "Feature", "properties": { "内容": "新日本設備株式会社京葉ガスホームケアショップ市川【特定福祉用具販売】千葉県市川市堀之内3丁目18番20号", "url": "https://www.kaigokensaku.mhlw.go.jp/12/index.php?action_kouhyou_detail_004_kani=true&JigyosyoCd=1270804204-00&ServiceCd=410&Type=search", "url2": "http://sinnihonsetubi.jp" }, "geometry": { "type": "Point", "coordinates": [ 139.9139567, 35.7623647 ] } },
{ "type": "Feature", "properties": { "内容": "ファーマシーアオノ薬局【特定福祉用具販売】千葉県市川市相之川４－１５－１", "url": "https://www.kaigokensaku.mhlw.go.jp/12/index.php?action_kouhyou_detail_004_kani=true&JigyosyoCd=1270805318-00&ServiceCd=410&Type=search", "url2": "http://www.aono-pharm.co.jp/" }, "geometry": { "type": "Point", "coordinates": [ 139.90096410000001, 35.6722622 ] } },
{ "type": "Feature", "properties": { "内容": "株式会社ヤマシタ　市川営業所【特定福祉用具販売】千葉県市川市新田4－12‐16大貫ビル３階", "url": "https://www.kaigokensaku.mhlw.go.jp/12/index.php?action_kouhyou_detail_004_kani=true&JigyosyoCd=1270805441-00&ServiceCd=410&Type=search", "url2": "https://www.yco.co.jp/" }, "geometry": { "type": "Point", "coordinates": [ 139.90839230000006, 35.7261717 ] } },
{ "type": "Feature", "properties": { "内容": "シルバン介護センター・福祉用具【特定福祉用具販売】千葉県市川市宮久保3-15-15", "url": "https://www.kaigokensaku.mhlw.go.jp/12/index.php?action_kouhyou_detail_004_kani=true&JigyosyoCd=1270805052-00&ServiceCd=410&Type=search", "url2": "http://www.shiruban.co.jp" }, "geometry": { "type": "Point", "coordinates": [ 139.938017473665525, 35.735012582778644 ] } },
{ "type": "Feature", "properties": { "内容": "ケア・スポットかんどり【特定福祉用具販売】千葉県市川市香取2-9-11", "url": "https://www.kaigokensaku.mhlw.go.jp/12/index.php?action_kouhyou_detail_004_kani=true&JigyosyoCd=1270805565-00&ServiceCd=410&Type=search", "url2": "https://www.care-spot.co.jp/" }, "geometry": { "type": "Point", "coordinates": [ 139.9085124, 35.6781913 ] } },
{ "type": "Feature", "properties": { "内容": "レンティケアサービス市川【特定福祉用具販売】千葉県市川市東大和田1-7-7", "url": "https://www.kaigokensaku.mhlw.go.jp/12/index.php?action_kouhyou_detail_004_kani=true&JigyosyoCd=1270801929-00&ServiceCd=410&Type=search", "url2": "https://www.renty.co.jp/" }, "geometry": { "type": "Point", "coordinates": [ 139.925553582221795, 35.715646988655045 ] } },
{ "type": "Feature", "properties": { "内容": "株式会社ビッグハート【特定福祉用具販売】千葉県市川市柏井町4-362-5", "url": "https://www.kaigokensaku.mhlw.go.jp/12/index.php?action_kouhyou_detail_004_kani=true&JigyosyoCd=1270805045-00&ServiceCd=410&Type=search", "url2": "http://www.bigheart-group.com/" }, "geometry": { "type": "Point", "coordinates": [ 139.970480400000042, 35.7509872 ] } },
{ "type": "Feature", "properties": { "内容": "有限会社　アルファメディカル市川営業所【特定福祉用具販売】千葉県市川市市川南2-6-4ヴェルディール市川南4-101", "url": "https://www.kaigokensaku.mhlw.go.jp/12/index.php?action_kouhyou_detail_004_kani=true&JigyosyoCd=1270805128-00&ServiceCd=410&Type=search", "url2": "http://www.uam.co.jp/" }, "geometry": { "type": "Point", "coordinates": [ 139.904323881659082, 35.723631325729585 ] } },
{ "type": "Feature", "properties": { "内容": "ウエルアイ【特定福祉用具販売】千葉県市川市大和田4-6-20", "url": "https://www.kaigokensaku.mhlw.go.jp/12/index.php?action_kouhyou_detail_004_kani=true&JigyosyoCd=1270801812-00&ServiceCd=410&Type=search", "url2": "http://www.wellai.co.jp/" }, "geometry": { "type": "Point", "coordinates": [ 139.920033399999966, 35.713038200000014 ] } },
{ "type": "Feature", "properties": { "内容": "ライフアドバンスセノバいちかわ【特定福祉用具販売】千葉県市川市南大野3-3-13", "url": "https://www.kaigokensaku.mhlw.go.jp/12/index.php?action_kouhyou_detail_004_kani=true&JigyosyoCd=1270800731-00&ServiceCd=410&Type=search", "url2": "https://senoba.co.jp/" }, "geometry": { "type": "Point", "coordinates": [ 139.957141219218414, 35.746520504439324 ] } },
{ "type": "Feature", "properties": { "内容": "ふぅじ【特定福祉用具販売】千葉県市川市本北方2-5-14", "url": "https://www.kaigokensaku.mhlw.go.jp/12/index.php?action_kouhyou_detail_004_kani=true&JigyosyoCd=1270804568-00&ServiceCd=410&Type=search", "url2": null }, "geometry": { "type": "Point", "coordinates": [ 139.943538940510138, 35.730052243461124 ] } },
{ "type": "Feature", "properties": { "内容": "はあとふる・ほのか【特定福祉用具販売】千葉県市川市平田2－6－1", "url": "https://www.kaigokensaku.mhlw.go.jp/12/index.php?action_kouhyou_detail_004_kani=true&JigyosyoCd=1270801051-00&ServiceCd=410&Type=search", "url2": "http://www.haatofuru-honoka.jp/" }, "geometry": { "type": "Point", "coordinates": [ 139.920488299999988, 35.7255733 ] } },
{ "type": "Feature", "properties": { "内容": "株式会社　東京酸器介護センター【特定福祉用具販売】千葉県船橋市前原西6-6-44", "url": "https://www.kaigokensaku.mhlw.go.jp/12/index.php?action_kouhyou_detail_004_kani=true&JigyosyoCd=1270901463-00&ServiceCd=410&Type=search", "url2": null }, "geometry": { "type": "Point", "coordinates": [ 140.021660823942511, 35.701455430799079 ] } },
{ "type": "Feature", "properties": { "内容": "丸美ライフサービス福祉用具事業部【特定福祉用具販売】千葉県船橋市本町2-26-21", "url": "https://www.kaigokensaku.mhlw.go.jp/12/index.php?action_kouhyou_detail_004_kani=true&JigyosyoCd=1270904731-00&ServiceCd=410&Type=search", "url2": "http://www.marumi-life.co.jp" }, "geometry": { "type": "Point", "coordinates": [ 139.982943552392612, 35.698679267074496 ] } },
{ "type": "Feature", "properties": { "内容": "合同会社ウェルワン【特定福祉用具販売】千葉県船橋市習志野台4-24-5-1", "url": "https://www.kaigokensaku.mhlw.go.jp/12/index.php?action_kouhyou_detail_004_kani=true&JigyosyoCd=1270909532-00&ServiceCd=410&Type=search", "url2": "http://hp.kaipoke.biz/1wn/" }, "geometry": { "type": "Point", "coordinates": [ 140.048490557672125, 35.719164197783755 ] } },
{ "type": "Feature", "properties": { "内容": "まいむケアサポート【特定福祉用具販売】千葉県船橋市本中山1-7-10　キョウエイビル３階", "url": "https://www.kaigokensaku.mhlw.go.jp/12/index.php?action_kouhyou_detail_004_kani=true&JigyosyoCd=1270902313-00&ServiceCd=410&Type=search", "url2": null }, "geometry": { "type": "Point", "coordinates": [ 139.945851700000048, 35.7157046 ] } },
{ "type": "Feature", "properties": { "内容": "SOMPOケア船橋福祉用具【特定福祉用具販売】千葉県船橋市本町7-11-5KDX船橋ﾋﾞﾙ5F", "url": "https://www.kaigokensaku.mhlw.go.jp/12/index.php?action_kouhyou_detail_004_kani=true&JigyosyoCd=1270910787-00&ServiceCd=410&Type=search", "url2": "https://www.sompocare.com" }, "geometry": { "type": "Point", "coordinates": [ 139.984388, 35.703873400000056 ] } },
{ "type": "Feature", "properties": { "内容": "株式会社フロンティア　船橋営業所【特定福祉用具販売】千葉県船橋市海神町2-3-17メゾン海神101", "url": "https://www.kaigokensaku.mhlw.go.jp/12/index.php?action_kouhyou_detail_004_kani=true&JigyosyoCd=1270908559-00&ServiceCd=410&Type=search", "url2": "https://www.frontier-ph.com" }, "geometry": { "type": "Point", "coordinates": [ 139.973174, 35.6986 ] } },
{ "type": "Feature", "properties": { "内容": "スペースケア　船橋営業所【特定福祉用具販売】千葉県船橋市栄町1－21－28", "url": "https://www.kaigokensaku.mhlw.go.jp/12/index.php?action_kouhyou_detail_004_kani=true&JigyosyoCd=1270900226-00&ServiceCd=410&Type=search", "url2": "http://www.spacecare.co.jp" }, "geometry": { "type": "Point", "coordinates": [ 139.974988100000019, 35.6907508 ] } },
{ "type": "Feature", "properties": { "内容": "株式会社ヤマシタ南船橋営業所【特定福祉用具販売】千葉県船橋市西浦2-5-4株式会社ヤマシタ千葉オペレーションセンター内", "url": "https://www.kaigokensaku.mhlw.go.jp/12/index.php?action_kouhyou_detail_004_kani=true&JigyosyoCd=1270910795-00&ServiceCd=410&Type=search", "url2": "https://www.yco.co.jp/" }, "geometry": { "type": "Point", "coordinates": [ 139.968029199999989, 35.6891141 ] } },
{ "type": "Feature", "properties": { "内容": "日本パムコ株式会社船橋営業所【特定福祉用具販売】千葉県船橋市三山8-2-4", "url": "https://www.kaigokensaku.mhlw.go.jp/12/index.php?action_kouhyou_detail_004_kani=true&JigyosyoCd=1270907767-00&ServiceCd=410&Type=search", "url2": "http://www.pamcos.co.jp/" }, "geometry": { "type": "Point", "coordinates": [ 140.055469899999906, 35.6967703 ] } },
{ "type": "Feature", "properties": { "内容": "ライフサポートスマイル【特定福祉用具販売】千葉県船橋市前原西2-17-12ＤＯＧＯ津田沼ビル202", "url": "https://www.kaigokensaku.mhlw.go.jp/12/index.php?action_kouhyou_detail_004_kani=true&JigyosyoCd=1270906256-00&ServiceCd=410&Type=search", "url2": null }, "geometry": { "type": "Point", "coordinates": [ 140.0185198, 35.6923639 ] } },
{ "type": "Feature", "properties": { "内容": "あいふれんど千葉店【特定福祉用具販売】千葉県船橋市北本町2-66-20", "url": "https://www.kaigokensaku.mhlw.go.jp/12/index.php?action_kouhyou_detail_004_kani=true&JigyosyoCd=1270901471-00&ServiceCd=410&Type=search", "url2": "https://aifurend.total-medical.jp/" }, "geometry": { "type": "Point", "coordinates": [ 139.984050700000012, 35.7136452 ] } },
{ "type": "Feature", "properties": { "内容": "京葉ガスホームケアショップ船橋【特定福祉用具販売】千葉県船橋市市場5-1-16ケージェイリビング株式会社　市場事務所", "url": "https://www.kaigokensaku.mhlw.go.jp/12/index.php?action_kouhyou_detail_004_kani=true&JigyosyoCd=1270907551-00&ServiceCd=410&Type=search", "url2": "https://keiyogas-ss.jp/kj-living/" }, "geometry": { "type": "Point", "coordinates": [ 139.999243865078967, 35.704652360161354 ] } },
{ "type": "Feature", "properties": { "内容": "パナソニックエイジフリーショップ千葉船橋【特定福祉用具販売】千葉県船橋市習志野台1-6-7LIGHTS1階A号室", "url": "https://www.kaigokensaku.mhlw.go.jp/12/index.php?action_kouhyou_detail_004_kani=true&JigyosyoCd=1270907783-00&ServiceCd=410&Type=search", "url2": "http://sumai.panasonic.jp/agefree/map/detail.php?id=169" }, "geometry": { "type": "Point", "coordinates": [ 140.037667199999987, 35.726225 ] } },
{ "type": "Feature", "properties": { "内容": "株式会社トーカイ千葉西営業所【特定福祉用具販売】千葉県船橋市印内町628番1", "url": "https://www.kaigokensaku.mhlw.go.jp/12/index.php?action_kouhyou_detail_004_kani=true&JigyosyoCd=1270905902-00&ServiceCd=410&Type=search", "url2": "https://www.tokai-corp.com" }, "geometry": { "type": "Point", "coordinates": [ 139.957485899999938, 35.7046443 ] } },
{ "type": "Feature", "properties": { "内容": "さわやかケア船橋・福祉用具【特定福祉用具販売】千葉県船橋市本中山2-10-1ミレニティ中山4階", "url": "https://www.kaigokensaku.mhlw.go.jp/12/index.php?action_kouhyou_detail_004_kani=true&JigyosyoCd=1270903568-00&ServiceCd=410&Type=search", "url2": "https://www.welcia-partners.co.jp" }, "geometry": { "type": "Point", "coordinates": [ 139.94413940000004, 35.7142949 ] } },
{ "type": "Feature", "properties": { "内容": "アースサポート西船橋【特定福祉用具販売】千葉県船橋市西船5丁目18番19号", "url": "https://www.kaigokensaku.mhlw.go.jp/12/index.php?action_kouhyou_detail_004_kani=true&JigyosyoCd=1270910027-00&ServiceCd=410&Type=search", "url2": "https://www.earthsupport.co.jp/" }, "geometry": { "type": "Point", "coordinates": [ 139.9549448, 35.7111199 ] } },
{ "type": "Feature", "properties": { "内容": "有限会社筑後メディカル船橋事業所【特定福祉用具販売】千葉県船橋市前原東2-10-3ウェルズ21津田沼パート8D", "url": "https://www.kaigokensaku.mhlw.go.jp/12/index.php?action_kouhyou_detail_004_kani=true&JigyosyoCd=1270903477-00&ServiceCd=410&Type=search", "url2": null }, "geometry": { "type": "Point", "coordinates": [ 140.028932400000031, 35.6951169 ] } },
{ "type": "Feature", "properties": { "内容": "カシダス船橋【特定福祉用具販売】千葉県船橋市山野町190-3", "url": "https://www.kaigokensaku.mhlw.go.jp/12/index.php?action_kouhyou_detail_004_kani=true&JigyosyoCd=1270905910-00&ServiceCd=410&Type=search", "url2": "http://www.kashidasu.co.jp/" }, "geometry": { "type": "Point", "coordinates": [ 139.965452281670423, 35.703130071287681 ] } },
{ "type": "Feature", "properties": { "内容": "レビー・ケア株式会社「レビー船橋」【特定福祉用具販売】千葉県船橋市上山町1-157-1", "url": "https://www.kaigokensaku.mhlw.go.jp/12/index.php?action_kouhyou_detail_004_kani=true&JigyosyoCd=1270900721-00&ServiceCd=410&Type=search", "url2": "http://www.levee-care.co.jp" }, "geometry": { "type": "Point", "coordinates": [ 139.971601, 35.7278657 ] } },
{ "type": "Feature", "properties": { "内容": "ペアレント・ホームケア親おもい【特定福祉用具販売】千葉県船橋市薬円台6-11-11", "url": "https://www.kaigokensaku.mhlw.go.jp/12/index.php?action_kouhyou_detail_004_kani=true&JigyosyoCd=1270902438-00&ServiceCd=410&Type=search", "url2": "http://oyaomoi.com/" }, "geometry": { "type": "Point", "coordinates": [ 140.038890199999969, 35.7114821 ] } },
{ "type": "Feature", "properties": { "内容": "アビリティーズ・ケアネット株式会社　千葉東葛営業所【特定福祉用具販売】千葉県船橋市丸山5-30-3　第六松宮ビル１階", "url": "https://www.kaigokensaku.mhlw.go.jp/12/index.php?action_kouhyou_detail_004_kani=true&JigyosyoCd=1270902784-00&ServiceCd=410&Type=search", "url2": "http://www.abilities.jp" }, "geometry": { "type": "Point", "coordinates": [ 139.9928241, 35.743343900000035 ] } },
{ "type": "Feature", "properties": { "内容": "ダスキン　ヘルスレント船橋ステーション【特定福祉用具販売】千葉県船橋市高根台6-43-2ブックオフ駐車場内", "url": "https://www.kaigokensaku.mhlw.go.jp/12/index.php?action_kouhyou_detail_004_kani=true&JigyosyoCd=1270908328-00&ServiceCd=410&Type=search", "url2": "https://www.duskin-hozumi.com/" }, "geometry": { "type": "Point", "coordinates": [ 140.036353299999973, 35.7283747 ] } },
{ "type": "Feature", "properties": { "内容": "きぬせん福祉用具研究会【特定福祉用具販売】千葉県船橋市船橋市海神4-9-18", "url": "https://www.kaigokensaku.mhlw.go.jp/12/index.php?action_kouhyou_detail_004_kani=true&JigyosyoCd=1270905845-00&ServiceCd=410&Type=search", "url2": "https://kinusen.net/" }, "geometry": { "type": "Point", "coordinates": [ 139.974788200000035, 35.7108035 ] } },
{ "type": "Feature", "properties": { "内容": "フランスベッド株式会社　メディカル船橋営業所【特定福祉用具販売】千葉県船橋市北本町1-7-6-2F", "url": "https://www.kaigokensaku.mhlw.go.jp/12/index.php?action_kouhyou_detail_004_kani=true&JigyosyoCd=1270904558-00&ServiceCd=410&Type=search", "url2": "http://www.francebed.co.jp" }, "geometry": { "type": "Point", "coordinates": [ 139.981674646208148, 35.708429198769849 ] } },
{ "type": "Feature", "properties": { "内容": "セントケアりまいん船橋【特定福祉用具販売】千葉県船橋市栄町1-6-14102", "url": "https://www.kaigokensaku.mhlw.go.jp/12/index.php?action_kouhyou_detail_004_kani=true&JigyosyoCd=1270910878-00&ServiceCd=410&Type=search", "url2": null }, "geometry": { "type": "Point", "coordinates": [ 139.976531900000026, 35.692709200000017 ] } },
{ "type": "Feature", "properties": { "内容": "オーケーサービス船橋営業所【特定福祉用具販売】千葉県船橋市飯山満町2-1015-1-7-2街区1画地ＤＡＩＣＨＩ　ＧＡＲＡＧＥ　ＨＡＳＡＭＡ　Ａ号室", "url": "https://www.kaigokensaku.mhlw.go.jp/12/index.php?action_kouhyou_detail_004_kani=true&JigyosyoCd=1270908740-00&ServiceCd=410&Type=search", "url2": "http://www.oks-chiba.com" }, "geometry": { "type": "Point", "coordinates": [ 140.021070300000019, 35.7133252 ] } },
{ "type": "Feature", "properties": { "内容": "ライフケアタカサ船橋支店【特定福祉用具販売】千葉県船橋市三咲2-9-37", "url": "https://www.kaigokensaku.mhlw.go.jp/12/index.php?action_kouhyou_detail_004_kani=true&JigyosyoCd=1270901752-00&ServiceCd=410&Type=search", "url2": "http://www.takasa.co.jp" }, "geometry": { "type": "Point", "coordinates": [ 140.029083735937547, 35.751864342200136 ] } },
{ "type": "Feature", "properties": { "内容": "チヤフルキョウエイ館山事業所【特定福祉用具販売】千葉県館山市長須賀447-6", "url": "https://www.kaigokensaku.mhlw.go.jp/12/index.php?action_kouhyou_detail_004_kani=true&JigyosyoCd=1271001149-00&ServiceCd=410&Type=search", "url2": "https://www.chiyaful672-7.com" }, "geometry": { "type": "Point", "coordinates": [ 140.399508700000069, 35.5273901 ] } },
{ "type": "Feature", "properties": { "内容": "すりーえす【特定福祉用具販売】千葉県館山市沼1623-1", "url": "https://www.kaigokensaku.mhlw.go.jp/12/index.php?action_kouhyou_detail_004_kani=true&JigyosyoCd=1271000943-00&ServiceCd=410&Type=search", "url2": "https://www.makinomi.co.jp/" }, "geometry": { "type": "Point", "coordinates": [ 139.845648944180311, 34.982243704548203 ] } },
{ "type": "Feature", "properties": { "内容": "チヤフルキョウエイ木更津事業所【特定福祉用具販売】千葉県木更津市東太田1-9-27", "url": "https://www.kaigokensaku.mhlw.go.jp/12/index.php?action_kouhyou_detail_004_kani=true&JigyosyoCd=1271103135-00&ServiceCd=410&Type=search", "url2": "https://www.chiyaful672-7.com" }, "geometry": { "type": "Point", "coordinates": [ 139.951225315483128, 35.377103772102281 ] } },
{ "type": "Feature", "properties": { "内容": "アイリーライフ木更津【特定福祉用具販売】千葉県木更津市太田4-20-8", "url": "https://www.kaigokensaku.mhlw.go.jp/12/index.php?action_kouhyou_detail_004_kani=true&JigyosyoCd=1271102897-00&ServiceCd=410&Type=search", "url2": null }, "geometry": { "type": "Point", "coordinates": [ 139.943558599999989, 35.3773 ] } },
{ "type": "Feature", "properties": { "内容": "有限会社アビリティサービス木更津【特定福祉用具販売】千葉県木更津市真舟５－５－４", "url": "https://www.kaigokensaku.mhlw.go.jp/12/index.php?action_kouhyou_detail_004_kani=true&JigyosyoCd=1271101782-00&ServiceCd=410&Type=search", "url2": "http://park19.wakwak.com/~abi/" }, "geometry": { "type": "Point", "coordinates": [ 139.9307066, 35.3640152 ] } },
{ "type": "Feature", "properties": { "内容": "ライフケアタカサ木更津支店【特定福祉用具販売】千葉県木更津市請西南3-1-7", "url": "https://www.kaigokensaku.mhlw.go.jp/12/index.php?action_kouhyou_detail_004_kani=true&JigyosyoCd=1271102863-00&ServiceCd=410&Type=search", "url2": "http://www.takasa.co.jp/" }, "geometry": { "type": "Point", "coordinates": [ 139.942908499999987, 35.3585597 ] } },
{ "type": "Feature", "properties": { "内容": "ふきのとう木更津【特定福祉用具販売】千葉県木更津市長須賀1740-1", "url": "https://www.kaigokensaku.mhlw.go.jp/12/index.php?action_kouhyou_detail_004_kani=true&JigyosyoCd=1271102657-00&ServiceCd=410&Type=search", "url2": "https://fcs-fukinotou.co.jp/" }, "geometry": { "type": "Point", "coordinates": [ 139.938714565117493, 35.397314624221046 ] } },
{ "type": "Feature", "properties": { "内容": "有限会社ウエルネス上総【特定福祉用具販売】千葉県木更津市大和1丁目4番10号　102", "url": "https://www.kaigokensaku.mhlw.go.jp/12/index.php?action_kouhyou_detail_004_kani=true&JigyosyoCd=1271100552-00&ServiceCd=410&Type=search", "url2": null }, "geometry": { "type": "Point", "coordinates": [ 139.9280374, 35.379499 ] } },
{ "type": "Feature", "properties": { "内容": "カシダス木更津【特定福祉用具販売】千葉県木更津市大和2-4-1VIOS木更津A号室", "url": "https://www.kaigokensaku.mhlw.go.jp/12/index.php?action_kouhyou_detail_004_kani=true&JigyosyoCd=1271101741-00&ServiceCd=410&Type=search", "url2": "https://www.kashidasu.co.jp/" }, "geometry": { "type": "Point", "coordinates": [ 139.934912299999951, 35.4133856 ] } },
{ "type": "Feature", "properties": { "内容": "セントケアりまいん木更津【特定福祉用具販売】千葉県木更津市畑沢南3-13-19", "url": "https://www.kaigokensaku.mhlw.go.jp/12/index.php?action_kouhyou_detail_004_kani=true&JigyosyoCd=1271102988-00&ServiceCd=410&Type=search", "url2": "https://www.saint-care.com/center/4612/" }, "geometry": { "type": "Point", "coordinates": [ 139.9072306, 35.3414841 ] } },
{ "type": "Feature", "properties": { "内容": "たくみケアサポート【特定福祉用具販売】千葉県松戸市西馬橋広手町101-1", "url": "https://www.kaigokensaku.mhlw.go.jp/12/index.php?action_kouhyou_detail_004_kani=true&JigyosyoCd=1271204677-00&ServiceCd=410&Type=search", "url2": null }, "geometry": { "type": "Point", "coordinates": [ 139.907195117979256, 35.814040949882205 ] } },
{ "type": "Feature", "properties": { "内容": "株式会社ユジュライフ　福祉事業所【特定福祉用具販売】千葉県松戸市小金きよしヶ丘2丁目1-7エスポワール103号室", "url": "https://www.kaigokensaku.mhlw.go.jp/12/index.php?action_kouhyou_detail_004_kani=true&JigyosyoCd=1271209007-00&ServiceCd=410&Type=search", "url2": null }, "geometry": { "type": "Point", "coordinates": [ 139.9351388, 35.8285692 ] } },
{ "type": "Feature", "properties": { "内容": "なぎ福祉サービス【特定福祉用具販売】千葉県松戸市大金平５丁目３６５番８号", "url": "https://www.kaigokensaku.mhlw.go.jp/12/index.php?action_kouhyou_detail_004_kani=true&JigyosyoCd=1271208827-00&ServiceCd=410&Type=search", "url2": null }, "geometry": { "type": "Point", "coordinates": [ 139.918261172877493, 35.840797958997214 ] } },
{ "type": "Feature", "properties": { "内容": "マムズケア【特定福祉用具販売】千葉県松戸市根木内716-14-5", "url": "https://www.kaigokensaku.mhlw.go.jp/12/index.php?action_kouhyou_detail_004_kani=true&JigyosyoCd=1271209171-00&ServiceCd=410&Type=search", "url2": "https://www.mam-care.com/" }, "geometry": { "type": "Point", "coordinates": [ 139.946584153967308, 35.830916977455161 ] } },
{ "type": "Feature", "properties": { "内容": "株式会社KDケアサービス【特定福祉用具販売】千葉県松戸市根木内624-2", "url": "https://www.kaigokensaku.mhlw.go.jp/12/index.php?action_kouhyou_detail_004_kani=true&JigyosyoCd=1271209254-00&ServiceCd=410&Type=search", "url2": "https://kd-care.co.jp/" }, "geometry": { "type": "Point", "coordinates": [ 139.948660728172285, 35.828680737388794 ] } },
{ "type": "Feature", "properties": { "内容": "ケアウェル松戸店【特定福祉用具販売】千葉県松戸市竹ヶ花西町３０４－１４", "url": "https://www.kaigokensaku.mhlw.go.jp/12/index.php?action_kouhyou_detail_004_kani=true&JigyosyoCd=1271207134-00&ServiceCd=410&Type=search", "url2": "http://carewell.co.jp" }, "geometry": { "type": "Point", "coordinates": [ 139.902348399999937, 35.7928568 ] } },
{ "type": "Feature", "properties": { "内容": "元気介護サービス【特定福祉用具販売】千葉県松戸市中根517", "url": "https://www.kaigokensaku.mhlw.go.jp/12/index.php?action_kouhyou_detail_004_kani=true&JigyosyoCd=1271200097-00&ServiceCd=410&Type=search", "url2": "http://www.genki-matsudo.com/" }, "geometry": { "type": "Point", "coordinates": [ 139.917282600000021, 35.8060385 ] } },
{ "type": "Feature", "properties": { "内容": "福祉用具あい【特定福祉用具販売】千葉県松戸市常盤平2-26-16", "url": "https://www.kaigokensaku.mhlw.go.jp/12/index.php?action_kouhyou_detail_004_kani=true&JigyosyoCd=1271206896-00&ServiceCd=410&Type=search", "url2": "http://hp.kaipoke.biz/rr8/" }, "geometry": { "type": "Point", "coordinates": [ 139.94702540000003, 35.7995047 ] } },
{ "type": "Feature", "properties": { "内容": "福祉用具レンタル事業所　ひぐらし【特定福祉用具販売】千葉県松戸市松戸1679中台ビル１０１", "url": "https://www.kaigokensaku.mhlw.go.jp/12/index.php?action_kouhyou_detail_004_kani=true&JigyosyoCd=1271201327-00&ServiceCd=410&Type=search", "url2": "https://www.higurashi1679.com/" }, "geometry": { "type": "Point", "coordinates": [ 139.896218759385647, 35.778492748217658 ] } },
{ "type": "Feature", "properties": { "内容": "株式会社かんきょう　千葉西支店【特定福祉用具販売】千葉県松戸市中根長津町247番地の1", "url": "https://www.kaigokensaku.mhlw.go.jp/12/index.php?action_kouhyou_detail_004_kani=true&JigyosyoCd=1271208256-00&ServiceCd=410&Type=search", "url2": "https://www.kankyonet.co.jp/" }, "geometry": { "type": "Point", "coordinates": [ 139.913025900000036, 35.8096633 ] } },
{ "type": "Feature", "properties": { "内容": "エンジョイ・ライフケアサポート【特定福祉用具販売】千葉県松戸市新松戸3-150ハイツオオフチ102", "url": "https://www.kaigokensaku.mhlw.go.jp/12/index.php?action_kouhyou_detail_004_kani=true&JigyosyoCd=1271205724-00&ServiceCd=410&Type=search", "url2": "http://www.enjoylife-cs.com/" }, "geometry": { "type": "Point", "coordinates": [ 139.917293200000017, 35.823767 ] } },
{ "type": "Feature", "properties": { "内容": "セントケアりまいん東葛【特定福祉用具販売】千葉県松戸市馬橋2436-4", "url": "https://www.kaigokensaku.mhlw.go.jp/12/index.php?action_kouhyou_detail_004_kani=true&JigyosyoCd=1271209361-00&ServiceCd=410&Type=search", "url2": null }, "geometry": { "type": "Point", "coordinates": [ 139.923540800000012, 35.8135212 ] } },
{ "type": "Feature", "properties": { "内容": "株式会社　ワカバ【特定福祉用具販売】千葉県松戸市松戸１８９７", "url": "https://www.kaigokensaku.mhlw.go.jp/12/index.php?action_kouhyou_detail_004_kani=true&JigyosyoCd=1271200584-00&ServiceCd=410&Type=search", "url2": "http://www.wakaba-gh.co.jp" }, "geometry": { "type": "Point", "coordinates": [ 139.896388099999967, 35.7843745 ] } },
{ "type": "Feature", "properties": { "内容": "フランスベッド株式会社　メディカル松戸営業所【特定福祉用具販売】千葉県松戸市千駄堀1489ジュネス八柱1F", "url": "https://www.kaigokensaku.mhlw.go.jp/12/index.php?action_kouhyou_detail_004_kani=true&JigyosyoCd=1271204164-00&ServiceCd=410&Type=search", "url2": "http://www.francebed.co.jp" }, "geometry": { "type": "Point", "coordinates": [ 139.935108, 35.7915908 ] } },
{ "type": "Feature", "properties": { "内容": "パナソニックエイジフリーショップ松戸中央【特定福祉用具販売】千葉県松戸市岩瀬632-2", "url": "https://www.kaigokensaku.mhlw.go.jp/12/index.php?action_kouhyou_detail_004_kani=true&JigyosyoCd=1271204701-00&ServiceCd=410&Type=search", "url2": "https://bousai-toukatsu-kaigo.jp/" }, "geometry": { "type": "Point", "coordinates": [ 139.909423100000026, 35.7806753 ] } },
{ "type": "Feature", "properties": { "内容": "株式会社星医療酸器松戸営業所【特定福祉用具販売】千葉県松戸市馬橋3388番地", "url": "https://www.kaigokensaku.mhlw.go.jp/12/index.php?action_kouhyou_detail_004_kani=true&JigyosyoCd=1271208249-00&ServiceCd=410&Type=search", "url2": "http://www.hosi.co.jp/" }, "geometry": { "type": "Point", "coordinates": [ 139.924427556636829, 35.814677170632542 ] } },
{ "type": "Feature", "properties": { "内容": "まごころ福祉サービス【特定福祉用具販売】千葉県松戸市大金平5-347まごころレジデンス大金平", "url": "https://www.kaigokensaku.mhlw.go.jp/12/index.php?action_kouhyou_detail_004_kani=true&JigyosyoCd=1271207183-00&ServiceCd=410&Type=search", "url2": null }, "geometry": { "type": "Point", "coordinates": [ 139.9196042, 35.8376158 ] } },
{ "type": "Feature", "properties": { "内容": "株式会社　ハンドベル・ケア　千葉営業所【特定福祉用具販売】千葉県松戸市新松戸1-245", "url": "https://www.kaigokensaku.mhlw.go.jp/12/index.php?action_kouhyou_detail_004_kani=true&JigyosyoCd=1271200683-00&ServiceCd=410&Type=search", "url2": "http://www.handbell-care.com" }, "geometry": { "type": "Point", "coordinates": [ 139.920204773541286, 35.830218915023501 ] } },
{ "type": "Feature", "properties": { "内容": "ダスキンヘルスレント松戸ステーション【特定福祉用具販売】千葉県松戸市小金上総町18-1", "url": "https://www.kaigokensaku.mhlw.go.jp/12/index.php?action_kouhyou_detail_004_kani=true&JigyosyoCd=1271202291-00&ServiceCd=410&Type=search", "url2": "https://healthrent.duskin.jp/" }, "geometry": { "type": "Point", "coordinates": [ 139.932115684361293, 35.825347886332665 ] } },
{ "type": "Feature", "properties": { "内容": "有限会社　アルファメディカル【特定福祉用具販売】千葉県松戸市西馬橋蔵元町１７４－１", "url": "https://www.kaigokensaku.mhlw.go.jp/12/index.php?action_kouhyou_detail_004_kani=true&JigyosyoCd=1271200261-00&ServiceCd=410&Type=search", "url2": "http://www.uam.co.jp/" }, "geometry": { "type": "Point", "coordinates": [ 139.91218559999993, 35.8133515 ] } },
{ "type": "Feature", "properties": { "内容": "たんぽぽ介護サポートセンター福祉用具【特定福祉用具販売】千葉県松戸市常盤平5-16-1", "url": "https://www.kaigokensaku.mhlw.go.jp/12/index.php?action_kouhyou_detail_004_kani=true&JigyosyoCd=1271203034-00&ServiceCd=410&Type=search", "url2": "http://care-net.biz/12/tanpopo/" }, "geometry": { "type": "Point", "coordinates": [ 139.961554799999931, 35.796916600000017 ] } },
{ "type": "Feature", "properties": { "内容": "プラス・ラブ【特定福祉用具販売】千葉県松戸市小金きよしヶ丘3-12-2", "url": "https://www.kaigokensaku.mhlw.go.jp/12/index.php?action_kouhyou_detail_004_kani=true&JigyosyoCd=1271206748-00&ServiceCd=410&Type=search", "url2": null }, "geometry": { "type": "Point", "coordinates": [ 139.934699899999941, 35.8280728 ] } },
{ "type": "Feature", "properties": { "内容": "株式会社　仁済　福祉用具貸与事業所【特定福祉用具販売】千葉県松戸市北松戸1-1-14ユーカリハイツ102", "url": "https://www.kaigokensaku.mhlw.go.jp/12/index.php?action_kouhyou_detail_004_kani=true&JigyosyoCd=1271208520-00&ServiceCd=410&Type=search", "url2": "https://www.jinsai.co.jp/" }, "geometry": { "type": "Point", "coordinates": [ 139.912403300000051, 35.8025833 ] } },
{ "type": "Feature", "properties": { "内容": "めいとケア福祉用具レンタル【特定福祉用具販売】千葉県松戸市常盤平2－24－2", "url": "https://www.kaigokensaku.mhlw.go.jp/12/index.php?action_kouhyou_detail_004_kani=true&JigyosyoCd=1271201418-00&ServiceCd=410&Type=search", "url2": "https://www.mate-care.co.jp/" }, "geometry": { "type": "Point", "coordinates": [ 139.951622300000054, 35.7990494 ] } },
{ "type": "Feature", "properties": { "内容": "メデカル・シンパシィ株式会社【特定福祉用具販売】千葉県松戸市常盤平3-1-2", "url": "https://www.kaigokensaku.mhlw.go.jp/12/index.php?action_kouhyou_detail_004_kani=true&JigyosyoCd=1271201590-00&ServiceCd=410&Type=search", "url2": "http://m-sympathy.com/" }, "geometry": { "type": "Point", "coordinates": [ 139.9514388, 35.8035767 ] } },
{ "type": "Feature", "properties": { "内容": "ソネット千葉【特定福祉用具販売】千葉県松戸市岩瀬167-4", "url": "https://www.kaigokensaku.mhlw.go.jp/12/index.php?action_kouhyou_detail_004_kani=true&JigyosyoCd=1271208314-00&ServiceCd=410&Type=search", "url2": "http://www.sonnette.biz" }, "geometry": { "type": "Point", "coordinates": [ 139.909483099999989, 35.7826545 ] } },
{ "type": "Feature", "properties": { "内容": "介護ショップ　「ビーバー」【特定福祉用具販売】千葉県野田市清水68ｺﾏﾋﾞﾙ　3F", "url": "https://www.kaigokensaku.mhlw.go.jp/12/index.php?action_kouhyou_detail_004_kani=true&JigyosyoCd=1271300244-00&ServiceCd=410&Type=search", "url2": "http://yasasuma.com/" }, "geometry": { "type": "Point", "coordinates": [ 139.861868301318196, 35.948527843900983 ] } },
{ "type": "Feature", "properties": { "内容": "のだ介護サービス【特定福祉用具販売】千葉県野田市関宿元町103", "url": "https://www.kaigokensaku.mhlw.go.jp/12/index.php?action_kouhyou_detail_004_kani=true&JigyosyoCd=1271302067-00&ServiceCd=410&Type=search", "url2": null }, "geometry": { "type": "Point", "coordinates": [ 139.783804168717211, 36.078966654448365 ] } },
{ "type": "Feature", "properties": { "内容": "サポートアイテムF＆E【特定福祉用具販売】千葉県野田市船形902-12", "url": "https://www.kaigokensaku.mhlw.go.jp/12/index.php?action_kouhyou_detail_004_kani=true&JigyosyoCd=1271302661-00&ServiceCd=410&Type=search", "url2": "https://miraibest.biz/" }, "geometry": { "type": "Point", "coordinates": [ 139.8679704, 35.9849199 ] } },
{ "type": "Feature", "properties": { "内容": "陽だまり【特定福祉用具販売】千葉県野田市尾崎１１０９－３", "url": "https://www.kaigokensaku.mhlw.go.jp/12/index.php?action_kouhyou_detail_004_kani=true&JigyosyoCd=1271300202-00&ServiceCd=410&Type=search", "url2": "http://www.wheelchair-bike.com" }, "geometry": { "type": "Point", "coordinates": [ 139.83671019999997, 35.986985 ] } },
{ "type": "Feature", "properties": { "内容": "介護ショップ関宿【特定福祉用具販売】千葉県野田市関宿江戸町557番地", "url": "https://www.kaigokensaku.mhlw.go.jp/12/index.php?action_kouhyou_detail_004_kani=true&JigyosyoCd=1271301655-00&ServiceCd=410&Type=search", "url2": null }, "geometry": { "type": "Point", "coordinates": [ 139.782916300000011, 36.0841899 ] } },
{ "type": "Feature", "properties": { "内容": "福祉用具店TOMO福【特定福祉用具販売】千葉県野田市上花輪1434-27", "url": "https://www.kaigokensaku.mhlw.go.jp/12/index.php?action_kouhyou_detail_004_kani=true&JigyosyoCd=1271302422-00&ServiceCd=410&Type=search", "url2": null }, "geometry": { "type": "Point", "coordinates": [ 139.870756300000011, 35.9389064 ] } },
{ "type": "Feature", "properties": { "内容": "ファーストリンク・一期一会【特定福祉用具販売】千葉県野田市中根225-15", "url": "https://www.kaigokensaku.mhlw.go.jp/12/index.php?action_kouhyou_detail_004_kani=true&JigyosyoCd=1271302695-00&ServiceCd=410&Type=search", "url2": "https://www.forrest-gump.info" }, "geometry": { "type": "Point", "coordinates": [ 139.8793413, 35.944280700000014 ] } },
{ "type": "Feature", "properties": { "内容": "トータルサポート・ノダ指定福祉用具貸与事業所【特定福祉用具販売】千葉県野田市柳沢24番地", "url": "https://www.kaigokensaku.mhlw.go.jp/12/index.php?action_kouhyou_detail_004_kani=true&JigyosyoCd=1271300079-00&ServiceCd=410&Type=search", "url2": "http://www.ts-noda.co.jp" }, "geometry": { "type": "Point", "coordinates": [ 139.868659924081385, 35.954158621474029 ] } },
{ "type": "Feature", "properties": { "内容": "ダスキンヘルスレント野田ステーション【特定福祉用具販売】千葉県野田市柳沢24", "url": "https://www.kaigokensaku.mhlw.go.jp/12/index.php?action_kouhyou_detail_004_kani=true&JigyosyoCd=1271300863-00&ServiceCd=410&Type=search", "url2": "https://healthrent.duskin.jp/" }, "geometry": { "type": "Point", "coordinates": [ 139.867683599999964, 35.9534812 ] } },
{ "type": "Feature", "properties": { "内容": "セレクト【特定福祉用具販売】千葉県茂原市大芝440-8", "url": "https://www.kaigokensaku.mhlw.go.jp/12/index.php?action_kouhyou_detail_004_kani=true&JigyosyoCd=1271501411-00&ServiceCd=410&Type=search", "url2": "http://select-care.net/" }, "geometry": { "type": "Point", "coordinates": [ 140.3170146, 35.4041789 ] } },
{ "type": "Feature", "properties": { "内容": "あんしん車いす【特定福祉用具販売】千葉県茂原市茂原１８５", "url": "https://www.kaigokensaku.mhlw.go.jp/12/index.php?action_kouhyou_detail_004_kani=true&JigyosyoCd=1271502211-00&ServiceCd=410&Type=search", "url2": "https://www.chibasekiyu.co.jp/" }, "geometry": { "type": "Point", "coordinates": [ 140.289018, 35.4260915 ] } },
{ "type": "Feature", "properties": { "内容": "リンクス福祉用具【特定福祉用具販売】千葉県茂原市東茂原15-13", "url": "https://www.kaigokensaku.mhlw.go.jp/12/index.php?action_kouhyou_detail_004_kani=true&JigyosyoCd=1271502500-00&ServiceCd=410&Type=search", "url2": "https://kt-group.jp/" }, "geometry": { "type": "Point", "coordinates": [ 140.323427287421993, 35.41311195354573 ] } },
{ "type": "Feature", "properties": { "内容": "ライフケアタカサ茂原支店【特定福祉用具販売】千葉県茂原市国府関1426-3", "url": "https://www.kaigokensaku.mhlw.go.jp/12/index.php?action_kouhyou_detail_004_kani=true&JigyosyoCd=1271500835-00&ServiceCd=410&Type=search", "url2": "http://www.takasa.co.jp" }, "geometry": { "type": "Point", "coordinates": [ 140.258132786331686, 35.449735149833955 ] } },
{ "type": "Feature", "properties": { "内容": "有限会社　今井設備工業【特定福祉用具販売】千葉県茂原市高師台3-6-16", "url": "https://www.kaigokensaku.mhlw.go.jp/12/index.php?action_kouhyou_detail_004_kani=true&JigyosyoCd=1271501403-00&ServiceCd=410&Type=search", "url2": "http://www.imai-s.co.jp" }, "geometry": { "type": "Point", "coordinates": [ 140.2903298, 35.4380653 ] } },
{ "type": "Feature", "properties": { "内容": "有限会社　石田水道工事店　介護福祉部【特定福祉用具販売】千葉県茂原市小林2941－18", "url": "https://www.kaigokensaku.mhlw.go.jp/12/index.php?action_kouhyou_detail_004_kani=true&JigyosyoCd=1271500256-00&ServiceCd=410&Type=search", "url2": "https://www.ishida-mobara.jp/" }, "geometry": { "type": "Point", "coordinates": [ 140.303562699999929, 35.4481858 ] } },
{ "type": "Feature", "properties": { "内容": "株式会社ニチモ【特定福祉用具販売】千葉県茂原市八千代2丁目5番地5", "url": "https://www.kaigokensaku.mhlw.go.jp/12/index.php?action_kouhyou_detail_004_kani=true&JigyosyoCd=1271501338-00&ServiceCd=410&Type=search", "url2": "http://nichimo.org" }, "geometry": { "type": "Point", "coordinates": [ 140.2968158, 35.4228529 ] } },
{ "type": "Feature", "properties": { "内容": "福祉用具エムアイ【特定福祉用具販売】千葉県茂原市鷲巣715-2メゾンクレールB103", "url": "https://www.kaigokensaku.mhlw.go.jp/12/index.php?action_kouhyou_detail_004_kani=true&JigyosyoCd=1271502609-00&ServiceCd=410&Type=search", "url2": null }, "geometry": { "type": "Point", "coordinates": [ 140.279877699999986, 35.422936800000031 ] } },
{ "type": "Feature", "properties": { "内容": "ヤックスレンタルサービス茂原【特定福祉用具販売】千葉県茂原市谷本1810-1", "url": "https://www.kaigokensaku.mhlw.go.jp/12/index.php?action_kouhyou_detail_004_kani=true&JigyosyoCd=1271502674-00&ServiceCd=410&Type=search", "url2": "https://care-yacs.co.jp/office/" }, "geometry": { "type": "Point", "coordinates": [ 140.325061799999986, 35.4455174 ] } },
{ "type": "Feature", "properties": { "内容": "株式会社トーカイ　茂原営業所【特定福祉用具販売】千葉県茂原市高師３４７番地１", "url": "https://www.kaigokensaku.mhlw.go.jp/12/index.php?action_kouhyou_detail_004_kani=true&JigyosyoCd=1271500900-00&ServiceCd=410&Type=search", "url2": "https://www.tokai-corp.com/" }, "geometry": { "type": "Point", "coordinates": [ 140.300735700000018, 35.4320243 ] } },
{ "type": "Feature", "properties": { "内容": "フランスベッド株式会社メディカル成田営業所【特定福祉用具販売】千葉県成田市囲護台2-2-9", "url": "https://www.kaigokensaku.mhlw.go.jp/12/index.php?action_kouhyou_detail_004_kani=true&JigyosyoCd=1271600809-00&ServiceCd=410&Type=search", "url2": "https://www.francebed.co.jp/" }, "geometry": { "type": "Point", "coordinates": [ 140.309217799999942, 35.7781823 ] } },
{ "type": "Feature", "properties": { "内容": "かなでの杜成田【特定福祉用具販売】千葉県成田市東町156-6稲垣ビル101", "url": "https://www.kaigokensaku.mhlw.go.jp/12/index.php?action_kouhyou_detail_004_kani=true&JigyosyoCd=1271601658-00&ServiceCd=410&Type=search", "url2": "https://kanadeno-mori.com/" }, "geometry": { "type": "Point", "coordinates": [ 140.32213, 35.778812 ] } },
{ "type": "Feature", "properties": { "内容": "ライフケアタカサ成田支店【特定福祉用具販売】千葉県成田市公津の杜1丁目25-15", "url": "https://www.kaigokensaku.mhlw.go.jp/12/index.php?action_kouhyou_detail_004_kani=true&JigyosyoCd=1271600932-00&ServiceCd=410&Type=search", "url2": "http://www.takasa.co.jp" }, "geometry": { "type": "Point", "coordinates": [ 140.297719799999982, 35.7631815 ] } },
{ "type": "Feature", "properties": { "内容": "パナソニックエイジフリーショップ佐倉【特定福祉用具販売】千葉県佐倉市王子台2-26-12東丘ビル102", "url": "https://www.kaigokensaku.mhlw.go.jp/12/index.php?action_kouhyou_detail_004_kani=true&JigyosyoCd=1271702589-00&ServiceCd=410&Type=search", "url2": "https://sumai.panasonic.jp/agefree/map/detail.php?id=341" }, "geometry": { "type": "Point", "coordinates": [ 140.183684399999947, 35.7281926 ] } },
{ "type": "Feature", "properties": { "内容": "ヘルスケアさくら【特定福祉用具販売】千葉県佐倉市栄町10-17HB佐倉1F", "url": "https://www.kaigokensaku.mhlw.go.jp/12/index.php?action_kouhyou_detail_004_kani=true&JigyosyoCd=1271703041-00&ServiceCd=410&Type=search", "url2": null }, "geometry": { "type": "Point", "coordinates": [ 140.231525400000038, 35.7238864 ] } },
{ "type": "Feature", "properties": { "内容": "e-style【特定福祉用具販売】千葉県佐倉市本町23‐7", "url": "https://www.kaigokensaku.mhlw.go.jp/12/index.php?action_kouhyou_detail_004_kani=true&JigyosyoCd=1271703090-00&ServiceCd=410&Type=search", "url2": "http://hp.kaipoke.biz/2us/" }, "geometry": { "type": "Point", "coordinates": [ 140.2432193, 35.7192244 ] } },
{ "type": "Feature", "properties": { "内容": "ベル・テンポ株式会社【特定福祉用具販売】千葉県佐倉市王子台4-17-3", "url": "https://www.kaigokensaku.mhlw.go.jp/12/index.php?action_kouhyou_detail_004_kani=true&JigyosyoCd=1271703173-00&ServiceCd=410&Type=search", "url2": null }, "geometry": { "type": "Point", "coordinates": [ 140.1822693, 35.7246742 ] } },
{ "type": "Feature", "properties": { "内容": "ノーヴェル【特定福祉用具販売】千葉県佐倉市鏑木町1-7-48", "url": "https://www.kaigokensaku.mhlw.go.jp/12/index.php?action_kouhyou_detail_004_kani=true&JigyosyoCd=1271703355-00&ServiceCd=410&Type=search", "url2": "https://kabunove1.wixsite.com/nove1" }, "geometry": { "type": "Point", "coordinates": [ 140.224942, 35.7136787 ] } },
{ "type": "Feature", "properties": { "内容": "オーケーサービス佐倉営業所【特定福祉用具販売】千葉県佐倉市王子台1-20-15", "url": "https://www.kaigokensaku.mhlw.go.jp/12/index.php?action_kouhyou_detail_004_kani=true&JigyosyoCd=1271701474-00&ServiceCd=410&Type=search", "url2": "http://www.oks-chiba.com" }, "geometry": { "type": "Point", "coordinates": [ 140.182653800000026, 35.73147 ] } },
{ "type": "Feature", "properties": { "内容": "シルバー・エース【特定福祉用具販売】千葉県佐倉市井野1087-1", "url": "https://www.kaigokensaku.mhlw.go.jp/12/index.php?action_kouhyou_detail_004_kani=true&JigyosyoCd=1271700492-00&ServiceCd=410&Type=search", "url2": "https://ace-interior.net/" }, "geometry": { "type": "Point", "coordinates": [ 140.1454781, 35.7246443 ] } },
{ "type": "Feature", "properties": { "内容": "株式会社寿サービス【特定福祉用具販売】千葉県佐倉市上志津1781-21スペース１ビル２０１号室", "url": "https://www.kaigokensaku.mhlw.go.jp/12/index.php?action_kouhyou_detail_004_kani=true&JigyosyoCd=1271701284-00&ServiceCd=410&Type=search", "url2": null }, "geometry": { "type": "Point", "coordinates": [ 140.1489904, 35.7195565 ] } },
{ "type": "Feature", "properties": { "内容": "総合福祉ショッププライマリー【特定福祉用具販売】千葉県佐倉市中志津3-34-11-103", "url": "https://www.kaigokensaku.mhlw.go.jp/12/index.php?action_kouhyou_detail_004_kani=true&JigyosyoCd=1272602937-00&ServiceCd=410&Type=search", "url2": "https://www.1st-kaigo.jp/" }, "geometry": { "type": "Point", "coordinates": [ 140.1585269, 35.7135053 ] } },
{ "type": "Feature", "properties": { "内容": "きこえのて【特定福祉用具販売】千葉県佐倉市王子台3-15-15", "url": "https://www.kaigokensaku.mhlw.go.jp/12/index.php?action_kouhyou_detail_004_kani=true&JigyosyoCd=1271702902-00&ServiceCd=410&Type=search", "url2": "http://www.shalom-kikoe.jp/" }, "geometry": { "type": "Point", "coordinates": [ 140.1806254, 35.725992799999979 ] } },
{ "type": "Feature", "properties": { "内容": "スペースケア佐倉営業所【特定福祉用具販売】千葉県佐倉市稲荷台1-2-7", "url": "https://www.kaigokensaku.mhlw.go.jp/12/index.php?action_kouhyou_detail_004_kani=true&JigyosyoCd=1271701383-00&ServiceCd=410&Type=search", "url2": "http://www.spacecare.co.jp" }, "geometry": { "type": "Point", "coordinates": [ 140.183195299999966, 35.732892 ] } },
{ "type": "Feature", "properties": { "内容": "有限会社バウハウス【特定福祉用具販売】千葉県佐倉市ユーカリが丘2-3-1", "url": "https://www.kaigokensaku.mhlw.go.jp/12/index.php?action_kouhyou_detail_004_kani=true&JigyosyoCd=1271702910-00&ServiceCd=410&Type=search", "url2": null }, "geometry": { "type": "Point", "coordinates": [ 140.154446299999989, 35.7312407 ] } },
{ "type": "Feature", "properties": { "内容": "パラメディカル株式会社【特定福祉用具販売】千葉県東金市田間3-54-9", "url": "https://www.kaigokensaku.mhlw.go.jp/12/index.php?action_kouhyou_detail_004_kani=true&JigyosyoCd=1271800045-00&ServiceCd=410&Type=search", "url2": "https://paramedical.co.jp/" }, "geometry": { "type": "Point", "coordinates": [ 140.375689955494607, 35.570745640797419 ] } },
{ "type": "Feature", "properties": { "内容": "有限会社サンライフ【特定福祉用具販売】千葉県東金市西中271-1", "url": "https://www.kaigokensaku.mhlw.go.jp/12/index.php?action_kouhyou_detail_004_kani=true&JigyosyoCd=1271800508-00&ServiceCd=410&Type=search", "url2": null }, "geometry": { "type": "Point", "coordinates": [ 140.374330590466798, 35.527152725119713 ] } },
{ "type": "Feature", "properties": { "内容": "有限会社アドラップ【特定福祉用具販売】千葉県旭市イ4644小松屋シーズ２階", "url": "https://www.kaigokensaku.mhlw.go.jp/12/index.php?action_kouhyou_detail_004_kani=true&JigyosyoCd=1272000157-00&ServiceCd=410&Type=search", "url2": "https://adlup.net/" }, "geometry": { "type": "Point", "coordinates": [ 140.660439699999984, 35.725025 ] } },
{ "type": "Feature", "properties": { "内容": "チヤフルキョウエイ旭事業所【特定福祉用具販売】千葉県旭市イ171-1", "url": "https://www.kaigokensaku.mhlw.go.jp/12/index.php?action_kouhyou_detail_004_kani=true&JigyosyoCd=1272000835-00&ServiceCd=410&Type=search", "url2": "https://www.chiyaful672-7.com/" }, "geometry": { "type": "Point", "coordinates": [ 140.6761636, 35.7214842 ] } },
{ "type": "Feature", "properties": { "内容": "ヤックスレンタルサービス旭【特定福祉用具販売】千葉県旭市イ２０７４－１", "url": "https://www.kaigokensaku.mhlw.go.jp/12/index.php?action_kouhyou_detail_004_kani=true&JigyosyoCd=1272001007-00&ServiceCd=410&Type=search", "url2": null }, "geometry": { "type": "Point", "coordinates": [ 140.6715934, 35.7229521 ] } },
{ "type": "Feature", "properties": { "内容": "福祉用具事業所なごやか【特定福祉用具販売】千葉県旭市三川字狢野15001番地2", "url": "https://www.kaigokensaku.mhlw.go.jp/12/index.php?action_kouhyou_detail_004_kani=true&JigyosyoCd=1272001072-00&ServiceCd=410&Type=search", "url2": "https://nagoyaka-kaigo.jp/" }, "geometry": { "type": "Point", "coordinates": [ 140.724144, 35.7300362 ] } },
{ "type": "Feature", "properties": { "内容": "福祉用具ハチケア【特定福祉用具販売】千葉県習志野市津田沼3-4-23", "url": "https://www.kaigokensaku.mhlw.go.jp/12/index.php?action_kouhyou_detail_004_kani=true&JigyosyoCd=1272102573-00&ServiceCd=410&Type=search", "url2": null }, "geometry": { "type": "Point", "coordinates": [ 140.0251131, 35.6849165 ] } },
{ "type": "Feature", "properties": { "内容": "レンティケアサービス習志野【特定福祉用具販売】千葉県習志野市芝園２－６－７", "url": "https://www.kaigokensaku.mhlw.go.jp/12/index.php?action_kouhyou_detail_004_kani=true&JigyosyoCd=1272100866-00&ServiceCd=410&Type=search", "url2": "http://www.renty.co.jp" }, "geometry": { "type": "Point", "coordinates": [ 140.021151599999939, 35.6586295 ] } },
{ "type": "Feature", "properties": { "内容": "あゆみコーポレーション【特定福祉用具販売】千葉県習志野市香澄5-12-2", "url": "https://www.kaigokensaku.mhlw.go.jp/12/index.php?action_kouhyou_detail_004_kani=true&JigyosyoCd=1272100924-00&ServiceCd=410&Type=search", "url2": "http://www.ayumi-cp.com" }, "geometry": { "type": "Point", "coordinates": [ 140.025045699999964, 35.6637873 ] } },
{ "type": "Feature", "properties": { "内容": "フクシクリエイト【特定福祉用具販売】千葉県習志野市屋敷3-7-42", "url": "https://www.kaigokensaku.mhlw.go.jp/12/index.php?action_kouhyou_detail_004_kani=true&JigyosyoCd=1272102557-00&ServiceCd=410&Type=search", "url2": "https://fukushicreate.com/about" }, "geometry": { "type": "Point", "coordinates": [ 140.055186, 35.6828552 ] } },
{ "type": "Feature", "properties": { "内容": "カイト福祉用具【特定福祉用具販売】千葉県習志野市津田沼1－2－19つるやビル5階", "url": "https://www.kaigokensaku.mhlw.go.jp/12/index.php?action_kouhyou_detail_004_kani=true&JigyosyoCd=1272102193-00&ServiceCd=410&Type=search", "url2": "https://www.kaito-co.net" }, "geometry": { "type": "Point", "coordinates": [ 140.0216522, 35.6910015 ] } },
{ "type": "Feature", "properties": { "内容": "グッドスペース善庵【特定福祉用具販売】千葉県習志野市鷺沼台3-13-26", "url": "https://www.kaigokensaku.mhlw.go.jp/12/index.php?action_kouhyou_detail_004_kani=true&JigyosyoCd=1272102581-00&ServiceCd=410&Type=search", "url2": "https://www.zenko-yoshian.net/" }, "geometry": { "type": "Point", "coordinates": [ 140.040595200000013, 35.6806239 ] } },
{ "type": "Feature", "properties": { "内容": "みどりの家【特定福祉用具販売】千葉県柏市南増尾7-1-36ウィステリア101", "url": "https://www.kaigokensaku.mhlw.go.jp/12/index.php?action_kouhyou_detail_004_kani=true&JigyosyoCd=1272203637-00&ServiceCd=410&Type=search", "url2": null }, "geometry": { "type": "Point", "coordinates": [ 139.960543599999937, 35.8120335 ] } },
{ "type": "Feature", "properties": { "内容": "ハウスケアネット【特定福祉用具販売】千葉県柏市泉町2番6号", "url": "https://www.kaigokensaku.mhlw.go.jp/12/index.php?action_kouhyou_detail_004_kani=true&JigyosyoCd=1272205897-00&ServiceCd=410&Type=search", "url2": "https://www.kashiwa-kensetsu.co.jp/" }, "geometry": { "type": "Point", "coordinates": [ 139.969137400000022, 35.8587443 ] } },
{ "type": "Feature", "properties": { "内容": "リノテックハウス【特定福祉用具販売】千葉県柏市増尾1-5-17", "url": "https://www.kaigokensaku.mhlw.go.jp/12/index.php?action_kouhyou_detail_004_kani=true&JigyosyoCd=1272207711-00&ServiceCd=410&Type=search", "url2": "https://www.linotechouse.com/" }, "geometry": { "type": "Point", "coordinates": [ 139.976611600000012, 35.8307814 ] } },
{ "type": "Feature", "properties": { "内容": "いろはケンキョーケアサービス【特定福祉用具販売】千葉県柏市大島田444番地1", "url": "https://www.kaigokensaku.mhlw.go.jp/12/index.php?action_kouhyou_detail_004_kani=true&JigyosyoCd=1272206754-00&ServiceCd=410&Type=search", "url2": "https://www.iroha-kenkyo.co.jp" }, "geometry": { "type": "Point", "coordinates": [ 140.007517399999983, 35.8391465 ] } },
{ "type": "Feature", "properties": { "内容": "福祉用具ステーションハーベスト【特定福祉用具販売】千葉県柏市高柳1460-1フラットワン　A号室", "url": "https://www.kaigokensaku.mhlw.go.jp/12/index.php?action_kouhyou_detail_004_kani=true&JigyosyoCd=1272207026-00&ServiceCd=410&Type=search", "url2": null }, "geometry": { "type": "Point", "coordinates": [ 139.9533324, 35.844456200000018 ] } },
{ "type": "Feature", "properties": { "内容": "福祉用具ほほえみ【特定福祉用具販売】千葉県柏市高柳新田２番３６", "url": "https://www.kaigokensaku.mhlw.go.jp/12/index.php?action_kouhyou_detail_004_kani=true&JigyosyoCd=1272204908-00&ServiceCd=410&Type=search", "url2": null }, "geometry": { "type": "Point", "coordinates": [ 139.992356200000017, 35.809238200000024 ] } },
{ "type": "Feature", "properties": { "内容": "株式会社ヤマシタ　柏営業所【特定福祉用具販売】千葉県柏市宿連寺357-6", "url": "https://www.kaigokensaku.mhlw.go.jp/12/index.php?action_kouhyou_detail_004_kani=true&JigyosyoCd=1272204122-00&ServiceCd=410&Type=search", "url2": "https://www.yco.co.jp/" }, "geometry": { "type": "Point", "coordinates": [ 139.981065899999976, 35.890723 ] } },
{ "type": "Feature", "properties": { "内容": "株式会社日本ドライ介護用品のスマイル柏営業所【特定福祉用具販売】千葉県柏市しいの木台5-8-7", "url": "https://www.kaigokensaku.mhlw.go.jp/12/index.php?action_kouhyou_detail_004_kani=true&JigyosyoCd=1272203421-00&ServiceCd=410&Type=search", "url2": "http://www.jp-dry.co.jp/" }, "geometry": { "type": "Point", "coordinates": [ 139.98808710000003, 35.809802 ] } },
{ "type": "Feature", "properties": { "内容": "株式会社フロンティア　柏営業所【特定福祉用具販売】千葉県柏市高柳1-5-5オーガスタ101", "url": "https://www.kaigokensaku.mhlw.go.jp/12/index.php?action_kouhyou_detail_004_kani=true&JigyosyoCd=1272206663-00&ServiceCd=410&Type=search", "url2": "https://www.frontier-ph.com/" }, "geometry": { "type": "Point", "coordinates": [ 139.99771480000004, 35.8085593 ] } },
{ "type": "Feature", "properties": { "内容": "サポート柏【特定福祉用具販売】千葉県柏市根戸421-3ワコーレ北柏102", "url": "https://www.kaigokensaku.mhlw.go.jp/12/index.php?action_kouhyou_detail_004_kani=true&JigyosyoCd=1272206044-00&ServiceCd=410&Type=search", "url2": null }, "geometry": { "type": "Point", "coordinates": [ 139.989946, 35.8829022 ] } },
{ "type": "Feature", "properties": { "内容": "ケアショップマスターズサポート【特定福祉用具販売】千葉県柏市高田393番地1", "url": "https://www.kaigokensaku.mhlw.go.jp/12/index.php?action_kouhyou_detail_004_kani=true&JigyosyoCd=1272206960-00&ServiceCd=410&Type=search", "url2": null }, "geometry": { "type": "Point", "coordinates": [ 139.9510891, 35.8751162 ] } },
{ "type": "Feature", "properties": { "内容": "スペースケア柏営業所【特定福祉用具販売】千葉県柏市十余二248-36", "url": "https://www.kaigokensaku.mhlw.go.jp/12/index.php?action_kouhyou_detail_004_kani=true&JigyosyoCd=1272201037-00&ServiceCd=410&Type=search", "url2": "https://www.spacecare.co.jp/" }, "geometry": { "type": "Point", "coordinates": [ 139.9654703, 35.8808018 ] } },
{ "type": "Feature", "properties": { "内容": "パナソニックエイジフリーショップ柏中央【特定福祉用具販売】千葉県柏市根戸1788-1", "url": "https://www.kaigokensaku.mhlw.go.jp/12/index.php?action_kouhyou_detail_004_kani=true&JigyosyoCd=1272204114-00&ServiceCd=410&Type=search", "url2": "https://bousai-toukatsu-kaigo.jp/" }, "geometry": { "type": "Point", "coordinates": [ 139.992096812303231, 35.877285219637102 ] } },
{ "type": "Feature", "properties": { "内容": "介護用品　わかば【特定福祉用具販売】千葉県柏市大井768-1シティーパル104", "url": "https://www.kaigokensaku.mhlw.go.jp/12/index.php?action_kouhyou_detail_004_kani=true&JigyosyoCd=1272206416-00&ServiceCd=410&Type=search", "url2": null }, "geometry": { "type": "Point", "coordinates": [ 140.003542299999935, 35.8465911 ] } },
{ "type": "Feature", "properties": { "内容": "東京サンメディカル柏営業所【特定福祉用具販売】千葉県柏市酒井根21-2　2階", "url": "https://www.kaigokensaku.mhlw.go.jp/12/index.php?action_kouhyou_detail_004_kani=true&JigyosyoCd=1272207083-00&ServiceCd=410&Type=search", "url2": "https://t-sunme.jp/" }, "geometry": { "type": "Point", "coordinates": [ 139.9613086, 35.8193372 ] } },
{ "type": "Feature", "properties": { "内容": "エンゼル・サービス【特定福祉用具販売】千葉県柏市中央町1-1柏セントラルプラザ1階", "url": "https://www.kaigokensaku.mhlw.go.jp/12/index.php?action_kouhyou_detail_004_kani=true&JigyosyoCd=1272200351-00&ServiceCd=410&Type=search", "url2": "http://www.angel-service.net" }, "geometry": { "type": "Point", "coordinates": [ 139.97234370000001, 35.8594812 ] } },
{ "type": "Feature", "properties": { "内容": "福祉用具和気あいあい【特定福祉用具販売】千葉県柏市松葉町３−２４−７", "url": "https://www.kaigokensaku.mhlw.go.jp/12/index.php?action_kouhyou_detail_004_kani=true&JigyosyoCd=1272206770-00&ServiceCd=410&Type=search", "url2": "https://www.wakiaiai-kaigo.jp/" }, "geometry": { "type": "Point", "coordinates": [ 139.9661629, 35.8864644 ] } },
{ "type": "Feature", "properties": { "内容": "フランスベッド株式会社　メディカル柏営業所【特定福祉用具販売】千葉県柏市柏インター東2-3", "url": "https://www.kaigokensaku.mhlw.go.jp/12/index.php?action_kouhyou_detail_004_kani=true&JigyosyoCd=1272207042-00&ServiceCd=410&Type=search", "url2": "https://www.francebed.co.jp/" }, "geometry": { "type": "Point", "coordinates": [ 139.938969199999974, 35.910539200000017 ] } },
{ "type": "Feature", "properties": { "内容": "ライフケアタカサ柏営業所【特定福祉用具販売】千葉県柏市花野井767-1103", "url": "https://www.kaigokensaku.mhlw.go.jp/12/index.php?action_kouhyou_detail_004_kani=true&JigyosyoCd=1272206929-00&ServiceCd=410&Type=search", "url2": "https://www.takasa.co.jp/" }, "geometry": { "type": "Point", "coordinates": [ 139.9673148, 35.8968275 ] } },
{ "type": "Feature", "properties": { "内容": "ケアパートナー柏・ふくしようぐセンター【特定福祉用具販売】千葉県柏市豊町2-2-2", "url": "https://www.kaigokensaku.mhlw.go.jp/12/index.php?action_kouhyou_detail_004_kani=true&JigyosyoCd=1272205616-00&ServiceCd=410&Type=search", "url2": "https://www.care-partner.com/" }, "geometry": { "type": "Point", "coordinates": [ 139.959093281171306, 35.849298160591786 ] } },
{ "type": "Feature", "properties": { "内容": "有限会社アルファメディカル柏営業所【特定福祉用具販売】千葉県柏市北柏3-14-19", "url": "https://www.kaigokensaku.mhlw.go.jp/12/index.php?action_kouhyou_detail_004_kani=true&JigyosyoCd=1272205137-00&ServiceCd=410&Type=search", "url2": "http://www.uam.co.jp/" }, "geometry": { "type": "Point", "coordinates": [ 139.987137235534675, 35.871857126784789 ] } },
{ "type": "Feature", "properties": { "内容": "マザアスケア福祉用具事業所【特定福祉用具販売】千葉県柏市南柏中央３－１０", "url": "https://www.kaigokensaku.mhlw.go.jp/12/index.php?action_kouhyou_detail_004_kani=true&JigyosyoCd=1272203439-00&ServiceCd=410&Type=search", "url2": "https://motherth.com/" }, "geometry": { "type": "Point", "coordinates": [ 139.953794900000048, 35.8434994 ] } },
{ "type": "Feature", "properties": { "内容": "サンパートナー【特定福祉用具販売】千葉県柏市松葉町４－１０北柏ショッピングセンターⅠ期B棟５号室", "url": "https://www.kaigokensaku.mhlw.go.jp/12/index.php?action_kouhyou_detail_004_kani=true&JigyosyoCd=1272201391-00&ServiceCd=410&Type=search", "url2": "https://www.sun-sp.jp/" }, "geometry": { "type": "Point", "coordinates": [ 139.970405005857799, 35.889393092154506 ] } },
{ "type": "Feature", "properties": { "内容": "介護用品販売・レンタル　ひなた【特定福祉用具販売】千葉県柏市北柏３－２－１", "url": "https://www.kaigokensaku.mhlw.go.jp/12/index.php?action_kouhyou_detail_004_kani=true&JigyosyoCd=1272203967-00&ServiceCd=410&Type=search", "url2": null }, "geometry": { "type": "Point", "coordinates": [ 139.9881944, 35.874964 ] } },
{ "type": "Feature", "properties": { "内容": "介護エキスプレスシルバーワン【特定福祉用具販売】千葉県市原市五井5180", "url": "https://www.kaigokensaku.mhlw.go.jp/12/index.php?action_kouhyou_detail_004_kani=true&JigyosyoCd=1272401256-00&ServiceCd=410&Type=search", "url2": "http://www.ekaigo.co.jp" }, "geometry": { "type": "Point", "coordinates": [ 140.087415792757611, 35.519246267740165 ] } },
{ "type": "Feature", "properties": { "内容": "福祉用具サンフラワー【特定福祉用具販売】千葉県市原市東国分寺台3-11-3", "url": "https://www.kaigokensaku.mhlw.go.jp/12/index.php?action_kouhyou_detail_004_kani=true&JigyosyoCd=1272403716-00&ServiceCd=410&Type=search", "url2": null }, "geometry": { "type": "Point", "coordinates": [ 140.12555569999995, 35.4905943 ] } },
{ "type": "Feature", "properties": { "内容": "フランスベッド株式会社　メディカル市原営業所【特定福祉用具販売】千葉県市原市五井中央東2-13-10ベイショア五井　101号室", "url": "https://www.kaigokensaku.mhlw.go.jp/12/index.php?action_kouhyou_detail_004_kani=true&JigyosyoCd=1272403971-00&ServiceCd=410&Type=search", "url2": "https://www.francebed.co.jp/" }, "geometry": { "type": "Point", "coordinates": [ 140.09147962120943, 35.5123615768454 ] } },
{ "type": "Feature", "properties": { "内容": "スペースケア市原営業所【特定福祉用具販売】千葉県市原市君塚5-23-12", "url": "https://www.kaigokensaku.mhlw.go.jp/12/index.php?action_kouhyou_detail_004_kani=true&JigyosyoCd=1272400704-00&ServiceCd=410&Type=search", "url2": "https://www.spacecare.co.jp/" }, "geometry": { "type": "Point", "coordinates": [ 140.100673899999947, 35.5216816 ] } },
{ "type": "Feature", "properties": { "内容": "有限会社　トータルサポートサービス【特定福祉用具販売】千葉県市原市山田橋３－１－２６　２０２号", "url": "https://www.kaigokensaku.mhlw.go.jp/12/index.php?action_kouhyou_detail_004_kani=true&JigyosyoCd=1272401181-00&ServiceCd=410&Type=search", "url2": null }, "geometry": { "type": "Point", "coordinates": [ 140.124506352206112, 35.503059455469263 ] } },
{ "type": "Feature", "properties": { "内容": "ダスキンヘルスレント　市原ステーション【特定福祉用具販売】千葉県市原市青柳２丁目２番地６", "url": "https://www.kaigokensaku.mhlw.go.jp/12/index.php?action_kouhyou_detail_004_kani=true&JigyosyoCd=1272404862-00&ServiceCd=410&Type=search", "url2": "https://hr-ichihara.dra.co.jp/" }, "geometry": { "type": "Point", "coordinates": [ 140.0547838, 35.5000954 ] } },
{ "type": "Feature", "properties": { "内容": "有限会社ジェイド【特定福祉用具販売】千葉県市原市牛久７５－２", "url": "https://www.kaigokensaku.mhlw.go.jp/12/index.php?action_kouhyou_detail_004_kani=true&JigyosyoCd=1272400514-00&ServiceCd=410&Type=search", "url2": null }, "geometry": { "type": "Point", "coordinates": [ 140.1467297, 35.3980133 ] } },
{ "type": "Feature", "properties": { "内容": "ライフケアタカサ本店【特定福祉用具販売】千葉県市原市玉前西2-1-3", "url": "https://www.kaigokensaku.mhlw.go.jp/12/index.php?action_kouhyou_detail_004_kani=true&JigyosyoCd=1272400092-00&ServiceCd=410&Type=search", "url2": "http://www.takasa.co.jp" }, "geometry": { "type": "Point", "coordinates": [ 140.071624499999984, 35.5209473 ] } },
{ "type": "Feature", "properties": { "内容": "やさしい手京葉福祉用具事業部【特定福祉用具販売】千葉県市原市能満2-10", "url": "https://www.kaigokensaku.mhlw.go.jp/12/index.php?action_kouhyou_detail_004_kani=true&JigyosyoCd=1272400811-00&ServiceCd=410&Type=search", "url2": null }, "geometry": { "type": "Point", "coordinates": [ 140.129618599999958, 35.522035 ] } },
{ "type": "Feature", "properties": { "内容": "株式会社　プラス　千葉営業所【特定福祉用具販売】千葉県市原市馬立818", "url": "https://www.kaigokensaku.mhlw.go.jp/12/index.php?action_kouhyou_detail_004_kani=true&JigyosyoCd=1272404631-00&ServiceCd=410&Type=search", "url2": null }, "geometry": { "type": "Point", "coordinates": [ 140.115627530688471, 35.423912772913674 ] } },
{ "type": "Feature", "properties": { "内容": "介護ショップケア・サポート千葉【特定福祉用具販売】千葉県市原市姉崎323", "url": "https://www.kaigokensaku.mhlw.go.jp/12/index.php?action_kouhyou_detail_004_kani=true&JigyosyoCd=1272400050-00&ServiceCd=410&Type=search", "url2": "https://kt-group.jp" }, "geometry": { "type": "Point", "coordinates": [ 140.040461163229367, 35.475977740763859 ] } },
{ "type": "Feature", "properties": { "内容": "福祉用具ひまわり千葉営業所【特定福祉用具販売】千葉県流山市鰭ヶ崎1311-1F", "url": "https://www.kaigokensaku.mhlw.go.jp/12/index.php?action_kouhyou_detail_004_kani=true&JigyosyoCd=1272503234-00&ServiceCd=410&Type=search", "url2": null }, "geometry": { "type": "Point", "coordinates": [ 139.910191700000013, 35.8400388 ] } },
{ "type": "Feature", "properties": { "内容": "ニチイライフケア松ヶ丘公園レンタルサービス【特定福祉用具販売】千葉県流山市松ヶ丘4‐496‐1ニチイメゾン松ヶ丘公園", "url": "https://www.kaigokensaku.mhlw.go.jp/12/index.php?action_kouhyou_detail_004_kani=true&JigyosyoCd=1272503648-00&ServiceCd=410&Type=search", "url2": "https://www.nichii-carepalace.co.jp/" }, "geometry": { "type": "Point", "coordinates": [ 139.94563935050968, 35.849180409927726 ] } },
{ "type": "Feature", "properties": { "内容": "株式会社福祉協同サービス流山営業所【特定福祉用具販売】千葉県流山市前平井155レヴケイヴ１階", "url": "https://www.kaigokensaku.mhlw.go.jp/12/index.php?action_kouhyou_detail_004_kani=true&JigyosyoCd=1272501253-00&ServiceCd=410&Type=search", "url2": "https://fukushi-ks.com/" }, "geometry": { "type": "Point", "coordinates": [ 139.916317307011013, 35.853491455240977 ] } },
{ "type": "Feature", "properties": { "内容": "パナソニックエイジフリー介護チェーン流山・野田【特定福祉用具販売】千葉県流山市流山５－１２", "url": "https://www.kaigokensaku.mhlw.go.jp/12/index.php?action_kouhyou_detail_004_kani=true&JigyosyoCd=1272500610-00&ServiceCd=410&Type=search", "url2": "https://sumai.panasonic.jp/agefree/map/detail.php?id=144" }, "geometry": { "type": "Point", "coordinates": [ 139.898383, 35.8517104 ] } },
{ "type": "Feature", "properties": { "内容": "福祉のニッカ流山営業所【特定福祉用具販売】千葉県流山市平和台3-2-41", "url": "https://www.kaigokensaku.mhlw.go.jp/12/index.php?action_kouhyou_detail_004_kani=true&JigyosyoCd=1272500339-00&ServiceCd=410&Type=search", "url2": "https://www.nikkamicron.co.jp/" }, "geometry": { "type": "Point", "coordinates": [ 139.901418799999988, 35.8512327 ] } },
{ "type": "Feature", "properties": { "内容": "有限会社アサヒテクノ福祉事業部沙羅【特定福祉用具販売】千葉県流山市西深井821-26中村コーポⅡ105", "url": "https://www.kaigokensaku.mhlw.go.jp/12/index.php?action_kouhyou_detail_004_kani=true&JigyosyoCd=1272501113-00&ServiceCd=410&Type=search", "url2": null }, "geometry": { "type": "Point", "coordinates": [ 139.930870700000014, 35.8819003 ] } },
{ "type": "Feature", "properties": { "内容": "アルトアーク福祉用具サービス【特定福祉用具販売】千葉県流山市こうのす台262-2", "url": "https://www.kaigokensaku.mhlw.go.jp/12/index.php?action_kouhyou_detail_004_kani=true&JigyosyoCd=1272501485-00&ServiceCd=410&Type=search", "url2": null }, "geometry": { "type": "Point", "coordinates": [ 139.9166907, 35.9063679 ] } },
{ "type": "Feature", "properties": { "内容": "株式会社日本ドライ　介護用品のスマイル流山営業所【特定福祉用具販売】千葉県流山市加2-8-11", "url": "https://www.kaigokensaku.mhlw.go.jp/12/index.php?action_kouhyou_detail_004_kani=true&JigyosyoCd=1272503556-00&ServiceCd=410&Type=search", "url2": "https://jp-dry.co.jp/" }, "geometry": { "type": "Point", "coordinates": [ 139.9080621, 35.8594544 ] } },
{ "type": "Feature", "properties": { "内容": "ふくちゃん【特定福祉用具販売】千葉県流山市江戸川台東1-72", "url": "https://www.kaigokensaku.mhlw.go.jp/12/index.php?action_kouhyou_detail_004_kani=true&JigyosyoCd=1272503309-00&ServiceCd=410&Type=search", "url2": null }, "geometry": { "type": "Point", "coordinates": [ 139.911036120237725, 35.896942454430295 ] } },
{ "type": "Feature", "properties": { "内容": "オーケーサービス【特定福祉用具販売】千葉県八千代市吉橋1113-1", "url": "https://www.kaigokensaku.mhlw.go.jp/12/index.php?action_kouhyou_detail_004_kani=true&JigyosyoCd=1272600253-00&ServiceCd=410&Type=search", "url2": "http://www.oks-chiba.com" }, "geometry": { "type": "Point", "coordinates": [ 140.07871810000006, 35.7392661 ] } },
{ "type": "Feature", "properties": { "内容": "古川建商株式会社【特定福祉用具販売】千葉県八千代市勝田831-4", "url": "https://www.kaigokensaku.mhlw.go.jp/12/index.php?action_kouhyou_detail_004_kani=true&JigyosyoCd=1272600089-00&ServiceCd=410&Type=search", "url2": "https://furukawa-kensho.com/" }, "geometry": { "type": "Point", "coordinates": [ 140.122523620146779, 35.70809265836531 ] } },
{ "type": "Feature", "properties": { "内容": "ヤックスレンタルサービス八千代【特定福祉用具販売】千葉県八千代市大和田新田326-1", "url": "https://www.kaigokensaku.mhlw.go.jp/12/index.php?action_kouhyou_detail_004_kani=true&JigyosyoCd=1272603687-00&ServiceCd=410&Type=search", "url2": "https://care-yacs.co.jp/office/" }, "geometry": { "type": "Point", "coordinates": [ 140.098633816532214, 35.721571564028444 ] } },
{ "type": "Feature", "properties": { "内容": "クローバー【特定福祉用具販売】千葉県我孫子市古戸250-5", "url": "https://www.kaigokensaku.mhlw.go.jp/12/index.php?action_kouhyou_detail_004_kani=true&JigyosyoCd=1272701820-00&ServiceCd=410&Type=search", "url2": null }, "geometry": { "type": "Point", "coordinates": [ 140.094547799999987, 35.8686196 ] } },
{ "type": "Feature", "properties": { "内容": "野口株式会社介護ショップ「ハーティケア」我孫子店【特定福祉用具販売】千葉県我孫子市我孫子４－３－２０", "url": "https://www.kaigokensaku.mhlw.go.jp/12/index.php?action_kouhyou_detail_004_kani=true&JigyosyoCd=1272700467-00&ServiceCd=410&Type=search", "url2": "https://www.noguchi-net.co.jp/" }, "geometry": { "type": "Point", "coordinates": [ 140.0098299, 35.875526 ] } },
{ "type": "Feature", "properties": { "内容": "介護用品店ゆとりっぷ【特定福祉用具販売】千葉県我孫子市根戸962番地29", "url": "https://www.kaigokensaku.mhlw.go.jp/12/index.php?action_kouhyou_detail_004_kani=true&JigyosyoCd=1272700954-00&ServiceCd=410&Type=search", "url2": "https://yu-trip.com/" }, "geometry": { "type": "Point", "coordinates": [ 140.000817, 35.8793224 ] } },
{ "type": "Feature", "properties": { "内容": "いろはレンタルサービス【特定福祉用具販売】千葉県我孫子市湖北台1-12-71F", "url": "https://www.kaigokensaku.mhlw.go.jp/12/index.php?action_kouhyou_detail_004_kani=true&JigyosyoCd=1272701788-00&ServiceCd=410&Type=search", "url2": null }, "geometry": { "type": "Point", "coordinates": [ 140.0782098, 35.8664359 ] } },
{ "type": "Feature", "properties": { "内容": "イーアス我孫子【特定福祉用具販売】千葉県我孫子市我孫子1-21-21", "url": "https://www.kaigokensaku.mhlw.go.jp/12/index.php?action_kouhyou_detail_004_kani=true&JigyosyoCd=1272701762-00&ServiceCd=410&Type=search", "url2": "http://eas-c.jp" }, "geometry": { "type": "Point", "coordinates": [ 140.015147231696631, 35.874617131357134 ] } },
{ "type": "Feature", "properties": { "内容": "OHANAレンタル【特定福祉用具販売】千葉県我孫子市台田2‐10‐6サニーレジデンス1号室", "url": "https://www.kaigokensaku.mhlw.go.jp/12/index.php?action_kouhyou_detail_004_kani=true&JigyosyoCd=1272702042-00&ServiceCd=410&Type=search", "url2": "https://medicares.jp" }, "geometry": { "type": "Point", "coordinates": [ 139.999418600000013, 35.8745595 ] } },
{ "type": "Feature", "properties": { "内容": "ぐりーんあっぷる【特定福祉用具販売】千葉県我孫子市泉11番24号ジーメゾン泉エルデ102号室", "url": "https://www.kaigokensaku.mhlw.go.jp/12/index.php?action_kouhyou_detail_004_kani=true&JigyosyoCd=1272702224-00&ServiceCd=410&Type=search", "url2": null }, "geometry": { "type": "Point", "coordinates": [ 140.030853, 35.8723123 ] } },
{ "type": "Feature", "properties": { "内容": "チヤフルキョウエイ鴨川事業所【特定福祉用具販売】千葉県鴨川市滑谷65-1", "url": "https://www.kaigokensaku.mhlw.go.jp/12/index.php?action_kouhyou_detail_004_kani=true&JigyosyoCd=1272800390-00&ServiceCd=410&Type=search", "url2": "https://www.chiyaful672-7.com" }, "geometry": { "type": "Point", "coordinates": [ 140.091254204775481, 35.108321727549139 ] } },
{ "type": "Feature", "properties": { "内容": "亀楽株式会社【特定福祉用具販売】千葉県鴨川市東町582-8", "url": "https://www.kaigokensaku.mhlw.go.jp/12/index.php?action_kouhyou_detail_004_kani=true&JigyosyoCd=1272800770-00&ServiceCd=410&Type=search", "url2": null }, "geometry": { "type": "Point", "coordinates": [ 140.122842600000013, 35.1220983 ] } },
{ "type": "Feature", "properties": { "内容": "介護ショップふきのとう【特定福祉用具販売】千葉県鴨川市花房46番地1", "url": "https://www.kaigokensaku.mhlw.go.jp/12/index.php?action_kouhyou_detail_004_kani=true&JigyosyoCd=1272800176-00&ServiceCd=410&Type=search", "url2": "https://fcs-fukinotou.co.jp/" }, "geometry": { "type": "Point", "coordinates": [ 140.085420699999986, 35.1208804 ] } },
{ "type": "Feature", "properties": { "内容": "亀田コミュニティケアサービス【特定福祉用具販売】千葉県鴨川市東町1623-1", "url": "https://www.kaigokensaku.mhlw.go.jp/12/index.php?action_kouhyou_detail_004_kani=true&JigyosyoCd=1272800168-00&ServiceCd=410&Type=search", "url2": null }, "geometry": { "type": "Point", "coordinates": [ 140.114988001374883, 35.123705207435364 ] } },
{ "type": "Feature", "properties": { "内容": "いいケアツール【特定福祉用具販売】千葉県鎌ヶ谷市くぬぎ山五丁目6番5号クロスロード104号室", "url": "https://www.kaigokensaku.mhlw.go.jp/12/index.php?action_kouhyou_detail_004_kani=true&JigyosyoCd=1272901974-00&ServiceCd=410&Type=search", "url2": null }, "geometry": { "type": "Point", "coordinates": [ 139.979307814554772, 35.783708852771404 ] } },
{ "type": "Feature", "properties": { "内容": "かりレル【特定福祉用具販売】千葉県鎌ケ谷市初富23-71", "url": "https://www.kaigokensaku.mhlw.go.jp/12/index.php?action_kouhyou_detail_004_kani=true&JigyosyoCd=1272902543-00&ServiceCd=410&Type=search", "url2": "https://carekarin.co.jp/" }, "geometry": { "type": "Point", "coordinates": [ 139.9829523, 35.7817172 ] } },
{ "type": "Feature", "properties": { "内容": "ウイングレンタルサービス【特定福祉用具販売】千葉県鎌ケ谷市鎌ケ谷1-5-33", "url": "https://www.kaigokensaku.mhlw.go.jp/12/index.php?action_kouhyou_detail_004_kani=true&JigyosyoCd=1272900612-00&ServiceCd=410&Type=search", "url2": "https://wing-kaigo.jp/" }, "geometry": { "type": "Point", "coordinates": [ 140.0132843, 35.7594855 ] } },
{ "type": "Feature", "properties": { "内容": "株式会社ヤマシタ船橋営業所【特定福祉用具販売】千葉県鎌ケ谷市鎌ヶ谷4-6-79", "url": "https://www.kaigokensaku.mhlw.go.jp/12/index.php?action_kouhyou_detail_004_kani=true&JigyosyoCd=1272901669-00&ServiceCd=410&Type=search", "url2": "https://www.ycota.jp/" }, "geometry": { "type": "Point", "coordinates": [ 140.011848500000042, 35.7562246 ] } },
{ "type": "Feature", "properties": { "内容": "ぞうさん福祉用具【特定福祉用具販売】千葉県鎌ケ谷市新鎌ケ谷1-10-32MA-SAKURAⅡ3階", "url": "https://www.kaigokensaku.mhlw.go.jp/12/index.php?action_kouhyou_detail_004_kani=true&JigyosyoCd=1272902402-00&ServiceCd=410&Type=search", "url2": "https://whospitality.jp/assistive-technology.html" }, "geometry": { "type": "Point", "coordinates": [ 139.999228499999987, 35.7775283 ] } },
{ "type": "Feature", "properties": { "内容": "福祉用具スプリング【特定福祉用具販売】千葉県鎌ヶ谷市南初富4-12-21", "url": "https://www.kaigokensaku.mhlw.go.jp/12/index.php?action_kouhyou_detail_004_kani=true&JigyosyoCd=1272902287-00&ServiceCd=410&Type=search", "url2": null }, "geometry": { "type": "Point", "coordinates": [ 140.00755594603271, 35.768341005518231 ] } },
{ "type": "Feature", "properties": { "内容": "あったかホーム　福祉用具【特定福祉用具販売】千葉県鎌ケ谷市丸山1-1-3", "url": "https://www.kaigokensaku.mhlw.go.jp/12/index.php?action_kouhyou_detail_004_kani=true&JigyosyoCd=1272901834-00&ServiceCd=410&Type=search", "url2": "https://attaka-home.com/" }, "geometry": { "type": "Point", "coordinates": [ 140.007481900000016, 35.7646848 ] } },
{ "type": "Feature", "properties": { "内容": "福祉用具の樹【特定福祉用具販売】千葉県鎌ケ谷市東道野辺2-10-8メゾン鎌ケ谷101", "url": "https://www.kaigokensaku.mhlw.go.jp/12/index.php?action_kouhyou_detail_004_kani=true&JigyosyoCd=1272902600-00&ServiceCd=410&Type=search", "url2": null }, "geometry": { "type": "Point", "coordinates": [ 139.9989376, 35.7599461 ] } },
{ "type": "Feature", "properties": { "内容": "サボワール有限会社　ベル福祉用具貸与事業所【特定福祉用具販売】千葉県君津市中島270番地１", "url": "https://www.kaigokensaku.mhlw.go.jp/12/index.php?action_kouhyou_detail_004_kani=true&JigyosyoCd=1273000297-00&ServiceCd=410&Type=search", "url2": "https://savwar.jp/" }, "geometry": { "type": "Point", "coordinates": [ 139.9552645, 35.3063847 ] } },
{ "type": "Feature", "properties": { "内容": "株式会社　ノバ・メディクス【特定福祉用具販売】千葉県君津市東坂田4-8-23", "url": "https://www.kaigokensaku.mhlw.go.jp/12/index.php?action_kouhyou_detail_004_kani=true&JigyosyoCd=1273000073-00&ServiceCd=410&Type=search", "url2": "https://www.novamedics.jp" }, "geometry": { "type": "Point", "coordinates": [ 139.895654200000024, 35.336120700000031 ] } },
{ "type": "Feature", "properties": { "内容": "株式会社オールプロジェクト【特定福祉用具販売】千葉県君津市人見3-6-19", "url": "https://www.kaigokensaku.mhlw.go.jp/12/index.php?action_kouhyou_detail_004_kani=true&JigyosyoCd=1273000586-00&ServiceCd=410&Type=search", "url2": "http://allkaigo.com" }, "geometry": { "type": "Point", "coordinates": [ 139.871524099999988, 35.3314969 ] } },
{ "type": "Feature", "properties": { "内容": "有限会社スミレホーム【特定福祉用具販売】千葉県富津市下飯野７８５－１", "url": "https://www.kaigokensaku.mhlw.go.jp/12/index.php?action_kouhyou_detail_004_kani=true&JigyosyoCd=1273100436-00&ServiceCd=410&Type=search", "url2": "https://sumirehome.sakura.ne.jp/" }, "geometry": { "type": "Point", "coordinates": [ 139.8577371, 35.3202763 ] } },
{ "type": "Feature", "properties": { "内容": "藤野トーヨー住器株式会社【特定福祉用具販売】千葉県富津市湊７６９番地", "url": "https://www.kaigokensaku.mhlw.go.jp/12/index.php?action_kouhyou_detail_004_kani=true&JigyosyoCd=1273101020-00&ServiceCd=410&Type=search", "url2": "https://www.lixil-madolier.jp/5000044/" }, "geometry": { "type": "Point", "coordinates": [ 139.873204399999963, 35.2227743 ] } },
{ "type": "Feature", "properties": { "内容": "有限会社　ヒラシマ【特定福祉用具販売】千葉県富津市金谷2222-21", "url": "https://www.kaigokensaku.mhlw.go.jp/12/index.php?action_kouhyou_detail_004_kani=true&JigyosyoCd=1273100428-00&ServiceCd=410&Type=search", "url2": null }, "geometry": { "type": "Point", "coordinates": [ 139.82339879999995, 35.1673427 ] } },
{ "type": "Feature", "properties": { "内容": "有限会社　総合福祉サービス【特定福祉用具販売】千葉県浦安市海楽1-3-13", "url": "https://www.kaigokensaku.mhlw.go.jp/12/index.php?action_kouhyou_detail_004_kani=true&JigyosyoCd=1273200046-00&ServiceCd=410&Type=search", "url2": null }, "geometry": { "type": "Point", "coordinates": [ 139.903422800000044, 35.6529503 ] } },
{ "type": "Feature", "properties": { "内容": "ケアハピＱＯＬ【特定福祉用具販売】千葉県浦安市堀江5-14-31瑞穂荘101", "url": "https://www.kaigokensaku.mhlw.go.jp/12/index.php?action_kouhyou_detail_004_kani=true&JigyosyoCd=1273201481-00&ServiceCd=410&Type=search", "url2": null }, "geometry": { "type": "Point", "coordinates": [ 139.8899798, 35.6555651 ] } },
{ "type": "Feature", "properties": { "内容": "ユーケアＯｎｅ【特定福祉用具販売】千葉県浦安市堀江6-9-1-102Rita新浦安", "url": "https://www.kaigokensaku.mhlw.go.jp/12/index.php?action_kouhyou_detail_004_kani=true&JigyosyoCd=1273201531-00&ServiceCd=410&Type=search", "url2": "https://www.united-care.net/" }, "geometry": { "type": "Point", "coordinates": [ 139.896893157753681, 35.65257939308767 ] } },
{ "type": "Feature", "properties": { "内容": "有限会社ユウアイ【特定福祉用具販売】千葉県浦安市今川2-11-23", "url": "https://www.kaigokensaku.mhlw.go.jp/12/index.php?action_kouhyou_detail_004_kani=true&JigyosyoCd=1273200707-00&ServiceCd=410&Type=search", "url2": null }, "geometry": { "type": "Point", "coordinates": [ 139.909761500000059, 35.6413294 ] } },
{ "type": "Feature", "properties": { "内容": "ライフケアタカサ浦安営業所【特定福祉用具販売】千葉県浦安市北栄2-5-20", "url": "https://www.kaigokensaku.mhlw.go.jp/12/index.php?action_kouhyou_detail_004_kani=true&JigyosyoCd=1273201614-00&ServiceCd=410&Type=search", "url2": "http://www.takasa.co.jp" }, "geometry": { "type": "Point", "coordinates": [ 139.8940692, 35.6679245 ] } },
{ "type": "Feature", "properties": { "内容": "株式会社ケアサポート・わ【特定福祉用具販売】千葉県四街道市大日富士見ヶ丘2055-22", "url": "https://www.kaigokensaku.mhlw.go.jp/12/index.php?action_kouhyou_detail_004_kani=true&JigyosyoCd=1273300804-00&ServiceCd=410&Type=search", "url2": "https://www.caresupport-wa.net/" }, "geometry": { "type": "Point", "coordinates": [ 140.14968054533847, 35.699670136980089 ] } },
{ "type": "Feature", "properties": { "内容": "有限会社アクアネットワークジャパン【特定福祉用具販売】千葉県袖ヶ浦市横田3661", "url": "https://www.kaigokensaku.mhlw.go.jp/12/index.php?action_kouhyou_detail_004_kani=true&JigyosyoCd=1273400299-00&ServiceCd=410&Type=search", "url2": null }, "geometry": { "type": "Point", "coordinates": [ 140.0139441, 35.3860039 ] } },
{ "type": "Feature", "properties": { "内容": "Freeliving【特定福祉用具販売】千葉県八街市八街へ199-1293", "url": "https://www.kaigokensaku.mhlw.go.jp/12/index.php?action_kouhyou_detail_004_kani=true&JigyosyoCd=1273501278-00&ServiceCd=410&Type=search", "url2": null }, "geometry": { "type": "Point", "coordinates": [ 140.311509200000046, 35.633904 ] } },
{ "type": "Feature", "properties": { "内容": "ヤックスレンタルサービス八街【特定福祉用具販売】千葉県八街市八街ほ844-1", "url": "https://www.kaigokensaku.mhlw.go.jp/12/index.php?action_kouhyou_detail_004_kani=true&JigyosyoCd=1273500940-00&ServiceCd=410&Type=search", "url2": "https://care-yacs.co.jp/" }, "geometry": { "type": "Point", "coordinates": [ 140.3088524, 35.657452600000035 ] } },
{ "type": "Feature", "properties": { "内容": "ケアサポートささき【特定福祉用具販売】千葉県八街市八街ほ239番地", "url": "https://www.kaigokensaku.mhlw.go.jp/12/index.php?action_kouhyou_detail_004_kani=true&JigyosyoCd=1273500320-00&ServiceCd=410&Type=search", "url2": null }, "geometry": { "type": "Point", "coordinates": [ 140.317796161238107, 35.661239066858123 ] } },
{ "type": "Feature", "properties": { "内容": "福祉用具貸与・販売夕顔【特定福祉用具販売】千葉県八街市上砂330番地3", "url": "https://www.kaigokensaku.mhlw.go.jp/12/index.php?action_kouhyou_detail_004_kani=true&JigyosyoCd=1273501047-00&ServiceCd=410&Type=search", "url2": null }, "geometry": { "type": "Point", "coordinates": [ 140.292138, 35.5842727 ] } },
{ "type": "Feature", "properties": { "内容": "エルサポート【特定福祉用具販売】千葉県八街市八街は47-48", "url": "https://www.kaigokensaku.mhlw.go.jp/12/index.php?action_kouhyou_detail_004_kani=true&JigyosyoCd=1273501328-00&ServiceCd=410&Type=search", "url2": null }, "geometry": { "type": "Point", "coordinates": [ 140.294020199999977, 35.6819175 ] } },
{ "type": "Feature", "properties": { "内容": "千葉ニュータウン福祉ステーション【特定福祉用具販売】千葉県印西市若萩１－２－２－２Ｆ", "url": "https://www.kaigokensaku.mhlw.go.jp/12/index.php?action_kouhyou_detail_004_kani=true&JigyosyoCd=1273600435-00&ServiceCd=410&Type=search", "url2": null }, "geometry": { "type": "Point", "coordinates": [ 140.202731553967226, 35.788868242528224 ] } },
{ "type": "Feature", "properties": { "内容": "ケアリング福祉用具【特定福祉用具販売】千葉県印西市小林1811-1", "url": "https://www.kaigokensaku.mhlw.go.jp/12/index.php?action_kouhyou_detail_004_kani=true&JigyosyoCd=1273601060-00&ServiceCd=410&Type=search", "url2": null }, "geometry": { "type": "Point", "coordinates": [ 140.192756409786995, 35.829785003600186 ] } },
{ "type": "Feature", "properties": { "内容": "まいすたいる【特定福祉用具販売】千葉県印西市鹿黒658-4", "url": "https://www.kaigokensaku.mhlw.go.jp/12/index.php?action_kouhyou_detail_004_kani=true&JigyosyoCd=1273601045-00&ServiceCd=410&Type=search", "url2": "http://hp.kaipoke.biz/8b0/" }, "geometry": { "type": "Point", "coordinates": [ 140.1362315, 35.8202588 ] } },
{ "type": "Feature", "properties": { "内容": "チヤフルキョウエイ富里事業所【特定福祉用具販売】千葉県富里市七栄６３９－９８", "url": "https://www.kaigokensaku.mhlw.go.jp/12/index.php?action_kouhyou_detail_004_kani=true&JigyosyoCd=1274000411-00&ServiceCd=410&Type=search", "url2": "https://www.chiyaful672-7.com" }, "geometry": { "type": "Point", "coordinates": [ 140.321246200000019, 35.7389233 ] } },
{ "type": "Feature", "properties": { "内容": "メディカルホームコーポレーション【特定福祉用具販売】千葉県富里市大和２１１－４７", "url": "https://www.kaigokensaku.mhlw.go.jp/12/index.php?action_kouhyou_detail_004_kani=true&JigyosyoCd=1274000569-00&ServiceCd=410&Type=search", "url2": "http://www.medical-h.com/company.html" }, "geometry": { "type": "Point", "coordinates": [ 140.34587590000001, 35.7579326 ] } },
{ "type": "Feature", "properties": { "内容": "株式会社ほっと・ケアライフ【特定福祉用具販売】千葉県南房総市市部170-3", "url": "https://www.kaigokensaku.mhlw.go.jp/12/index.php?action_kouhyou_detail_004_kani=true&JigyosyoCd=1277800056-00&ServiceCd=410&Type=search", "url2": "https://hotcarelife.jimdofree.com/" }, "geometry": { "type": "Point", "coordinates": [ 139.8487131, 35.0948429 ] } },
{ "type": "Feature", "properties": { "内容": "つのだ家具株式会社介護事業部【特定福祉用具販売】千葉県匝瑳市八日市場イ－７１４", "url": "https://www.kaigokensaku.mhlw.go.jp/12/index.php?action_kouhyou_detail_004_kani=true&JigyosyoCd=1271900191-00&ServiceCd=410&Type=search", "url2": null }, "geometry": { "type": "Point", "coordinates": [ 140.5432366, 35.6964873 ] } },
{ "type": "Feature", "properties": { "内容": "株式会社あきら【特定福祉用具販売】千葉県匝瑳市上谷中2168", "url": "https://www.kaigokensaku.mhlw.go.jp/12/index.php?action_kouhyou_detail_004_kani=true&JigyosyoCd=1278700180-00&ServiceCd=410&Type=search", "url2": "https://daiwa-kagu.shopinfo.jp/" }, "geometry": { "type": "Point", "coordinates": [ 140.566275499999961, 35.7078613 ] } },
{ "type": "Feature", "properties": { "内容": "プリーズ匝瑳【特定福祉用具販売】千葉県匝瑳市八日市場イ83", "url": "https://www.kaigokensaku.mhlw.go.jp/12/index.php?action_kouhyou_detail_004_kani=true&JigyosyoCd=1278700313-00&ServiceCd=410&Type=search", "url2": "https://please-1222.com" }, "geometry": { "type": "Point", "coordinates": [ 140.551614100000052, 35.6997882 ] } },
{ "type": "Feature", "properties": { "内容": "健康福祉プラザ【特定福祉用具販売】千葉県香取市野田848", "url": "https://www.kaigokensaku.mhlw.go.jp/12/index.php?action_kouhyou_detail_004_kani=true&JigyosyoCd=1278900343-00&ServiceCd=410&Type=search", "url2": null }, "geometry": { "type": "Point", "coordinates": [ 140.597204599999941, 35.8550397 ] } },
{ "type": "Feature", "properties": { "内容": "ドリームライフ【特定福祉用具販売】千葉県香取市北3-8-3", "url": "https://www.kaigokensaku.mhlw.go.jp/12/index.php?action_kouhyou_detail_004_kani=true&JigyosyoCd=1271400325-00&ServiceCd=410&Type=search", "url2": "http://www.katorisangyou.com/" }, "geometry": { "type": "Point", "coordinates": [ 140.4959103, 35.8982547 ] } },
{ "type": "Feature", "properties": { "内容": "水郷エスコート【特定福祉用具販売】千葉県香取市北2-14-2笹本ビル201", "url": "https://www.kaigokensaku.mhlw.go.jp/12/index.php?action_kouhyou_detail_004_kani=true&JigyosyoCd=1278900798-00&ServiceCd=410&Type=search", "url2": "https://www.egaonowa.com/" }, "geometry": { "type": "Point", "coordinates": [ 140.4939338, 35.8995369 ] } },
{ "type": "Feature", "properties": { "内容": "株式会社SEISHO【特定福祉用具販売】千葉県香取市本郷244-1丸神ビル２F", "url": "https://www.kaigokensaku.mhlw.go.jp/12/index.php?action_kouhyou_detail_004_kani=true&JigyosyoCd=1278900830-00&ServiceCd=410&Type=search", "url2": "https://sites.google.com/view/seishocoltd" }, "geometry": { "type": "Point", "coordinates": [ 140.601686300000011, 35.8496912 ] } },
{ "type": "Feature", "properties": { "内容": "メディカルショップすがや【特定福祉用具販売】千葉県香取市小見川906", "url": "https://www.kaigokensaku.mhlw.go.jp/12/index.php?action_kouhyou_detail_004_kani=true&JigyosyoCd=1274800141-00&ServiceCd=410&Type=search", "url2": null }, "geometry": { "type": "Point", "coordinates": [ 140.606187, 35.8500602 ] } },
{ "type": "Feature", "properties": { "内容": "有限会社あん心商亊【特定福祉用具販売】千葉県香取市谷中934-1", "url": "https://www.kaigokensaku.mhlw.go.jp/12/index.php?action_kouhyou_detail_004_kani=true&JigyosyoCd=1271400291-00&ServiceCd=410&Type=search", "url2": null }, "geometry": { "type": "Point", "coordinates": [ 140.446926100000042, 35.8912208 ] } },
{ "type": "Feature", "properties": { "内容": "ライフケアタカサ山武支店【特定福祉用具販売】千葉県山武市松尾町八田22-1", "url": "https://www.kaigokensaku.mhlw.go.jp/12/index.php?action_kouhyou_detail_004_kani=true&JigyosyoCd=1279000580-00&ServiceCd=410&Type=search", "url2": "http://www.takasa.co.jp" }, "geometry": { "type": "Point", "coordinates": [ 140.4760119, 35.6552516 ] } },
{ "type": "Feature", "properties": { "内容": "セントケアりまいん成東【特定福祉用具販売】千葉県山武市成東499-3IMCⅣﾋﾞﾙ　2階", "url": "https://www.kaigokensaku.mhlw.go.jp/12/index.php?action_kouhyou_detail_004_kani=true&JigyosyoCd=1279000507-00&ServiceCd=410&Type=search", "url2": "https://www.saint-care.com/" }, "geometry": { "type": "Point", "coordinates": [ 140.407985200000013, 35.6009669 ] } },
{ "type": "Feature", "properties": { "内容": "有限会社コミュニティ・ケア杜の街【特定福祉用具販売】千葉県大網白里市南飯塚404-4", "url": "https://www.kaigokensaku.mhlw.go.jp/12/index.php?action_kouhyou_detail_004_kani=true&JigyosyoCd=1279200115-00&ServiceCd=410&Type=search", "url2": null }, "geometry": { "type": "Point", "coordinates": [ 140.346480299999939, 35.5030612 ] } },
{ "type": "Feature", "properties": { "内容": "株式会社優ケア【特定福祉用具販売】千葉県大網白里市駒込785-2", "url": "https://www.kaigokensaku.mhlw.go.jp/12/index.php?action_kouhyou_detail_004_kani=true&JigyosyoCd=1275800660-00&ServiceCd=410&Type=search", "url2": "https://www.youcare.co.jp/" }, "geometry": { "type": "Point", "coordinates": [ 140.3076026, 35.5196744 ] } },
{ "type": "Feature", "properties": { "内容": "有限会社四つ葉【特定福祉用具販売】千葉県大網白里市みずほ台1-8-10", "url": "https://www.kaigokensaku.mhlw.go.jp/12/index.php?action_kouhyou_detail_004_kani=true&JigyosyoCd=1275800157-00&ServiceCd=410&Type=search", "url2": null }, "geometry": { "type": "Point", "coordinates": [ 140.3037779, 35.5181245 ] } },
{ "type": "Feature", "properties": { "内容": "イーグルケアサービス【特定福祉用具販売】千葉県印旛郡栄町安食3664番地", "url": "https://www.kaigokensaku.mhlw.go.jp/12/index.php?action_kouhyou_detail_004_kani=true&JigyosyoCd=1274400280-00&ServiceCd=410&Type=search", "url2": null }, "geometry": { "type": "Point", "coordinates": [ 140.2366165, 35.8394732 ] } },
{ "type": "Feature", "properties": { "内容": "ダスキンヘルスレント千葉香取ステーション【特定福祉用具販売】千葉県香取郡東庄町石出46-2", "url": "https://www.kaigokensaku.mhlw.go.jp/12/index.php?action_kouhyou_detail_004_kani=true&JigyosyoCd=1275300158-00&ServiceCd=410&Type=search", "url2": "https://healthrent.duskin.jp/" }, "geometry": { "type": "Point", "coordinates": [ 140.71143840000002, 35.821848 ] } },
{ "type": "Feature", "properties": { "内容": "チヤフルキョウエイ事業所【特定福祉用具販売】千葉県山武郡九十九里西野1595-1", "url": "https://www.kaigokensaku.mhlw.go.jp/12/index.php?action_kouhyou_detail_004_kani=true&JigyosyoCd=1275900015-00&ServiceCd=410&Type=search", "url2": "https://www.chiyaful672-7.com" }, "geometry": { "type": "Point", "coordinates": [ 140.392934021426441, 35.52835703157799 ] } },
{ "type": "Feature", "properties": { "内容": "プラチナハウス【特定福祉用具販売】千葉県長生郡白子町中里4542-2", "url": "https://www.kaigokensaku.mhlw.go.jp/12/index.php?action_kouhyou_detail_004_kani=true&JigyosyoCd=1276900220-00&ServiceCd=410&Type=search", "url2": "https://lakes21.co.jp/" }, "geometry": { "type": "Point", "coordinates": [ 140.394283323172118, 35.433134015699643 ] } },
{ "type": "Feature", "properties": { "内容": "株式会社クローバーライフ　茂原営業所【特定福祉用具販売】千葉県長生郡長柄町山之郷646番地116", "url": "https://www.kaigokensaku.mhlw.go.jp/12/index.php?action_kouhyou_detail_004_kani=true&JigyosyoCd=1277000186-00&ServiceCd=410&Type=search", "url2": null }, "geometry": { "type": "Point", "coordinates": [ 140.2317971, 35.4812772 ] } }
]
}
