{
"type": "FeatureCollection",
"name": "geo_12_訪問看護",
"crs": { "type": "name", "properties": { "name": "urn:ogc:def:crs:OGC:1.3:CRS84" } },
"features": [
{ "type": "Feature", "properties": { "内容": "訪問看護ステーションひとみ【訪問看護】千葉県千葉市中央区生実町2547－1サンライフ2号101", "url": "https://www.kaigokensaku.mhlw.go.jp/12/index.php?action_kouhyou_detail_004_kani=true&JigyosyoCd=1260190611-00&ServiceCd=130&Type=search", "url2": null }, "geometry": { "type": "Point", "coordinates": [ 140.159710600000039, 35.5642085 ] } },
{ "type": "Feature", "properties": { "内容": "訪問看護ステーションデューン千葉【訪問看護】千葉県千葉市中央区新宿1-5-13東光ハイツ103", "url": "https://www.kaigokensaku.mhlw.go.jp/12/index.php?action_kouhyou_detail_004_kani=true&JigyosyoCd=1260190546-00&ServiceCd=130&Type=search", "url2": "http://www.nfield.co.jp/" }, "geometry": { "type": "Point", "coordinates": [ 140.112682750297182, 35.60532879061531 ] } },
{ "type": "Feature", "properties": { "内容": "富家千葉訪問看護ステーション【訪問看護】千葉県千葉市中央区村田町1120番地ライブガーデン千葉浜野内", "url": "https://www.kaigokensaku.mhlw.go.jp/12/index.php?action_kouhyou_detail_004_kani=true&JigyosyoCd=1260190793-00&ServiceCd=130&Type=search", "url2": null }, "geometry": { "type": "Point", "coordinates": [ 140.135897200000045, 35.5511317 ] } },
{ "type": "Feature", "properties": { "内容": "ハルミ訪問看護ステーション【訪問看護】千葉県千葉市中央区矢作町　955-1", "url": "https://www.kaigokensaku.mhlw.go.jp/12/index.php?action_kouhyou_detail_004_kani=true&JigyosyoCd=1260191015-00&ServiceCd=130&Type=search", "url2": "https：//www.harumi.co/" }, "geometry": { "type": "Point", "coordinates": [ 140.139268899999934, 35.6023245 ] } },
{ "type": "Feature", "properties": { "内容": "独立行政法人地域医療機能推進機構千葉病院【訪問看護】千葉県千葉市中央区仁戸名町682", "url": "https://www.kaigokensaku.mhlw.go.jp/12/index.php?action_kouhyou_detail_004_kani=true&JigyosyoCd=1210110635-00&ServiceCd=130&Type=search", "url2": "https://chiba.jcho.go.jp" }, "geometry": { "type": "Point", "coordinates": [ 140.162776, 35.582857 ] } },
{ "type": "Feature", "properties": { "内容": "東千葉駅前訪問看護ステーション【訪問看護】千葉市中央区要町１－８栗山ビル503号", "url": "https://www.kaigokensaku.mhlw.go.jp/12/index.php?action_kouhyou_detail_004_kani=true&JigyosyoCd=1260191338-00&ServiceCd=130&Type=search", "url2": "http://home-medical.online/" }, "geometry": { "type": "Point", "coordinates": [ 140.121456700000039, 35.6161035 ] } },
{ "type": "Feature", "properties": { "内容": "かしわど訪問看護ステーション【訪問看護】千葉県千葉市中央区長洲2丁目20番地27号", "url": "https://www.kaigokensaku.mhlw.go.jp/12/index.php?action_kouhyou_detail_004_kani=true&JigyosyoCd=1260190165-00&ServiceCd=130&Type=search", "url2": null }, "geometry": { "type": "Point", "coordinates": [ 140.123900899999967, 35.6004552 ] } },
{ "type": "Feature", "properties": { "内容": "GTLナーシングサービス千葉みなと／駅前通【訪問看護】千葉県千葉市中央区中央港１丁目１５番８号", "url": "https://www.kaigokensaku.mhlw.go.jp/12/index.php?action_kouhyou_detail_004_kani=true&JigyosyoCd=1260191775-00&ServiceCd=130&Type=search", "url2": "https://www.gtl-daiwa.co.jp/" }, "geometry": { "type": "Point", "coordinates": [ 140.1035755, 35.6050808 ] } },
{ "type": "Feature", "properties": { "内容": "そらのいろ訪問看護ステーション千葉中央【訪問看護】亥鼻1－7－10サンフラット亥鼻302", "url": "https://www.kaigokensaku.mhlw.go.jp/12/index.php?action_kouhyou_detail_004_kani=true&JigyosyoCd=1260191700-00&ServiceCd=130&Type=search", "url2": null }, "geometry": { "type": "Point", "coordinates": [ 140.1277639, 35.6046586 ] } },
{ "type": "Feature", "properties": { "内容": "千葉診訪問看護ステーション【訪問看護】千葉県千葉市中央区院内1丁目8-8GOLIATHビル3階", "url": "https://www.kaigokensaku.mhlw.go.jp/12/index.php?action_kouhyou_detail_004_kani=true&JigyosyoCd=1260191650-00&ServiceCd=130&Type=search", "url2": "https://www.chibasin.or.jp/" }, "geometry": { "type": "Point", "coordinates": [ 140.1236663, 35.6128318 ] } },
{ "type": "Feature", "properties": { "内容": "今井町診療所【訪問看護】千葉市中央区白旗２－４－１０", "url": "https://www.kaigokensaku.mhlw.go.jp/12/index.php?action_kouhyou_detail_004_kani=true&JigyosyoCd=1210114553-00&ServiceCd=130&Type=search", "url2": "https://www.imaicho-clinic.or.jp" }, "geometry": { "type": "Point", "coordinates": [ 140.140473, 35.5790449 ] } },
{ "type": "Feature", "properties": { "内容": "医療法人社団　福生会　まごころかん訪問看護ステーション【訪問看護】道場南1-15-23", "url": "https://www.kaigokensaku.mhlw.go.jp/12/index.php?action_kouhyou_detail_004_kani=true&JigyosyoCd=1260191833-00&ServiceCd=130&Type=search", "url2": "https://saito-rosai.or.jp" }, "geometry": { "type": "Point", "coordinates": [ 140.1311499, 35.6122242 ] } },
{ "type": "Feature", "properties": { "内容": "独立行政法人地域医療機能推進機構千葉病院附属訪問看護ステーション【訪問看護】仁戸名町682", "url": "https://www.kaigokensaku.mhlw.go.jp/12/index.php?action_kouhyou_detail_004_kani=true&JigyosyoCd=1260191593-00&ServiceCd=130&Type=search", "url2": "https://chiba.jcho.go.jp/" }, "geometry": { "type": "Point", "coordinates": [ 140.162776, 35.582857 ] } },
{ "type": "Feature", "properties": { "内容": "みやこ訪問看護ステーション【訪問看護】千葉県千葉市中央区都町2-13-1　両総ビル1階", "url": "https://www.kaigokensaku.mhlw.go.jp/12/index.php?action_kouhyou_detail_004_kani=true&JigyosyoCd=1260190876-00&ServiceCd=130&Type=search", "url2": null }, "geometry": { "type": "Point", "coordinates": [ 140.13984134736026, 35.610905561218054 ] } },
{ "type": "Feature", "properties": { "内容": "訪問看護ファミリー・ホスピス東千葉【訪問看護】道場南1丁目5番2号", "url": "https://www.kaigokensaku.mhlw.go.jp/12/index.php?action_kouhyou_detail_004_kani=true&JigyosyoCd=1260191957-00&ServiceCd=130&Type=search", "url2": null }, "geometry": { "type": "Point", "coordinates": [ 140.128300206745877, 35.613020016566502 ] } },
{ "type": "Feature", "properties": { "内容": "青葉訪問看護ステーション【訪問看護】千葉県千葉市中央区大森町514－236", "url": "https://www.kaigokensaku.mhlw.go.jp/12/index.php?action_kouhyou_detail_004_kani=true&JigyosyoCd=1260191031-00&ServiceCd=130&Type=search", "url2": "https://aoba-houkan.com/" }, "geometry": { "type": "Point", "coordinates": [ 140.152068662704409, 35.583228873872102 ] } },
{ "type": "Feature", "properties": { "内容": "セントケア訪問看護ステーションちば【訪問看護】千葉県千葉市中央区蘇我2-5-3", "url": "https://www.kaigokensaku.mhlw.go.jp/12/index.php?action_kouhyou_detail_004_kani=true&JigyosyoCd=1260191056-00&ServiceCd=130&Type=search", "url2": null }, "geometry": { "type": "Point", "coordinates": [ 140.132119, 35.573171 ] } },
{ "type": "Feature", "properties": { "内容": "訪問看護ステーションAmour【訪問看護】生実町2503-5", "url": "https://www.kaigokensaku.mhlw.go.jp/12/index.php?action_kouhyou_detail_004_kani=true&JigyosyoCd=1260191353-00&ServiceCd=130&Type=search", "url2": null }, "geometry": { "type": "Point", "coordinates": [ 140.1545363, 35.5631755 ] } },
{ "type": "Feature", "properties": { "内容": "井上記念訪問看護ステーション【訪問看護】千葉県千葉市中央区新田町1-16井上記念病院", "url": "https://www.kaigokensaku.mhlw.go.jp/12/index.php?action_kouhyou_detail_004_kani=true&JigyosyoCd=1260191205-00&ServiceCd=130&Type=search", "url2": "https://www.inouemh.or.jp/houkan" }, "geometry": { "type": "Point", "coordinates": [ 140.115779300000014, 35.6089284 ] } },
{ "type": "Feature", "properties": { "内容": "タキ訪問看護ステーション【訪問看護】中央4丁目10-16ci-22ビル504", "url": "https://www.kaigokensaku.mhlw.go.jp/12/index.php?action_kouhyou_detail_004_kani=true&JigyosyoCd=1260192096-00&ServiceCd=130&Type=search", "url2": null }, "geometry": { "type": "Point", "coordinates": [ 140.8808927, 38.2569764 ] } },
{ "type": "Feature", "properties": { "内容": "訪問看護ステーション　ＡＭＡＮＥＫＵ千葉【訪問看護】千葉県千葉市中央区星久喜町1158-7　CI-2　1階101号室", "url": "https://www.kaigokensaku.mhlw.go.jp/12/index.php?action_kouhyou_detail_004_kani=true&JigyosyoCd=1260191999-00&ServiceCd=130&Type=search", "url2": null }, "geometry": { "type": "Point", "coordinates": [ 140.1473809, 35.5946031 ] } },
{ "type": "Feature", "properties": { "内容": "SOU訪問看護ステーション若松【訪問看護】千葉県千葉市若葉区若松町912‐3", "url": "https://www.kaigokensaku.mhlw.go.jp/12/index.php?action_kouhyou_detail_004_kani=true&JigyosyoCd=1260191916-00&ServiceCd=130&Type=search", "url2": "https:/www.service.sou-seniorcare.co.jp/facility/ns-sou_wakamatsu/" }, "geometry": { "type": "Point", "coordinates": [ 140.1539339, 35.6536047 ] } },
{ "type": "Feature", "properties": { "内容": "訪問看護ステーションpookle川戸【訪問看護】千葉県千葉市中央区川戸町510‐1", "url": "https://www.kaigokensaku.mhlw.go.jp/12/index.php?action_kouhyou_detail_004_kani=true&JigyosyoCd=1260192187-00&ServiceCd=130&Type=search", "url2": "https://kotan-freeva.com" }, "geometry": { "type": "Point", "coordinates": [ 140.165314599999988, 35.5843941 ] } },
{ "type": "Feature", "properties": { "内容": "千葉メディカルセンター訪問看護ステーション【訪問看護】千葉県千葉市中央区南町1丁目7番1号千葉メディカルセンター内１階", "url": "https://www.kaigokensaku.mhlw.go.jp/12/index.php?action_kouhyou_detail_004_kani=true&JigyosyoCd=1260190538-00&ServiceCd=130&Type=search", "url2": "https://www.seikeikai-cmc.jp" }, "geometry": { "type": "Point", "coordinates": [ 140.130845608459481, 35.584575732153887 ] } },
{ "type": "Feature", "properties": { "内容": "エブリー訪問看護ステーション【訪問看護】千葉県千葉市中央区仁戸名町367コーポまつき202", "url": "https://www.kaigokensaku.mhlw.go.jp/12/index.php?action_kouhyou_detail_004_kani=true&JigyosyoCd=1260191361-00&ServiceCd=130&Type=search", "url2": "https://www.loopcare-every.com/" }, "geometry": { "type": "Point", "coordinates": [ 140.156191167541607, 35.588921686248206 ] } },
{ "type": "Feature", "properties": { "内容": "訪問看護ステーション　かなで【訪問看護】千葉県千葉市中央区出洲港3-1ロイヤルステージ本千葉513号", "url": "https://www.kaigokensaku.mhlw.go.jp/12/index.php?action_kouhyou_detail_004_kani=true&JigyosyoCd=1260191668-00&ServiceCd=130&Type=search", "url2": "https://www.yosol-kanade.com/" }, "geometry": { "type": "Point", "coordinates": [ 140.116254700000013, 35.5987923 ] } },
{ "type": "Feature", "properties": { "内容": "あいず訪問看護ステーション千葉【訪問看護】千葉県千葉市中央区今井2丁目14-13布施ビルⅡ101号室", "url": "https://www.kaigokensaku.mhlw.go.jp/12/index.php?action_kouhyou_detail_004_kani=true&JigyosyoCd=1260191692-00&ServiceCd=130&Type=search", "url2": null }, "geometry": { "type": "Point", "coordinates": [ 140.1285139, 35.5798 ] } },
{ "type": "Feature", "properties": { "内容": "青い羽訪問看護ステーション【訪問看護】千葉県千葉市中央区祐光1丁目6番4号アウレリオ東千葉103号室", "url": "https://www.kaigokensaku.mhlw.go.jp/12/index.php?action_kouhyou_detail_004_kani=true&JigyosyoCd=1260192062-00&ServiceCd=130&Type=search", "url2": null }, "geometry": { "type": "Point", "coordinates": [ 140.127614599999987, 35.6178138 ] } },
{ "type": "Feature", "properties": { "内容": "SOU訪問看護ステーション蘇我【訪問看護】星久喜町1219-25", "url": "https://www.kaigokensaku.mhlw.go.jp/12/index.php?action_kouhyou_detail_004_kani=true&JigyosyoCd=1260192070-00&ServiceCd=130&Type=search", "url2": null }, "geometry": { "type": "Point", "coordinates": [ 140.1532305, 35.5895289 ] } },
{ "type": "Feature", "properties": { "内容": "千葉市医師会立訪問看護ステーション【訪問看護】千葉市中央区椿森5-4-3", "url": "https://www.kaigokensaku.mhlw.go.jp/12/index.php?action_kouhyou_detail_004_kani=true&JigyosyoCd=1260190074-00&ServiceCd=130&Type=search", "url2": "http://www.chiba-city-med.or.jp/" }, "geometry": { "type": "Point", "coordinates": [ 140.121913690111171, 35.618086801293742 ] } },
{ "type": "Feature", "properties": { "内容": "カンナ訪問看護ステーション【訪問看護】千葉県千葉市中央区川戸町328-1", "url": "https://www.kaigokensaku.mhlw.go.jp/12/index.php?action_kouhyou_detail_004_kani=true&JigyosyoCd=1260190447-00&ServiceCd=130&Type=search", "url2": "www17.plala.or.jp/kanna_hokan/" }, "geometry": { "type": "Point", "coordinates": [ 140.16968619388976, 35.582833764789598 ] } },
{ "type": "Feature", "properties": { "内容": "ドットライフ蘇我（訪問看護・リハビリ）【訪問看護】千葉県千葉市中央区今井1-4‐18‐1　2階", "url": "https://www.kaigokensaku.mhlw.go.jp/12/index.php?action_kouhyou_detail_004_kani=true&JigyosyoCd=1260191296-00&ServiceCd=130&Type=search", "url2": "https://pj.dotline-jp.com/hokan/" }, "geometry": { "type": "Point", "coordinates": [ 140.127064341664124, 35.585062689348604 ] } },
{ "type": "Feature", "properties": { "内容": "医心館訪問看護ステーション千葉駅前【訪問看護】千葉県千葉市中央区弁天2丁目2番3号", "url": "https://www.kaigokensaku.mhlw.go.jp/12/index.php?action_kouhyou_detail_004_kani=true&JigyosyoCd=1260191577-00&ServiceCd=130&Type=search", "url2": null }, "geometry": { "type": "Point", "coordinates": [ 140.11533080000001, 35.6140944 ] } },
{ "type": "Feature", "properties": { "内容": "医心館訪問看護ステーション蘇我【訪問看護】今井1丁目14番21号", "url": "https://www.kaigokensaku.mhlw.go.jp/12/index.php?action_kouhyou_detail_004_kani=true&JigyosyoCd=1260191387-00&ServiceCd=130&Type=search", "url2": null }, "geometry": { "type": "Point", "coordinates": [ 140.1295517, 35.5830467 ] } },
{ "type": "Feature", "properties": { "内容": "訪問看護ステーションデューン幕張【訪問看護】千葉県千葉市花見川区幕張本郷1丁目5-4幕張本郷三興ビル302号室", "url": "https://www.kaigokensaku.mhlw.go.jp/12/index.php?action_kouhyou_detail_004_kani=true&JigyosyoCd=1260190827-00&ServiceCd=130&Type=search", "url2": null }, "geometry": { "type": "Point", "coordinates": [ 140.040158824020409, 35.673269453570349 ] } },
{ "type": "Feature", "properties": { "内容": "麦わら訪問看護ステーション【訪問看護】千葉県千葉市花見川区西小中台5-14-505", "url": "https://www.kaigokensaku.mhlw.go.jp/12/index.php?action_kouhyou_detail_004_kani=true&JigyosyoCd=1260191163-00&ServiceCd=130&Type=search", "url2": "http://hp.kaipoke.biz/6pb/" }, "geometry": { "type": "Point", "coordinates": [ 140.087314600000013, 35.6527703 ] } },
{ "type": "Feature", "properties": { "内容": "訪問看護リハビリステーションかんごふやさん【訪問看護】千葉県千葉市花見川区南花園２－３－５第７花園ビル１０１", "url": "https://www.kaigokensaku.mhlw.go.jp/12/index.php?action_kouhyou_detail_004_kani=true&JigyosyoCd=1260190751-00&ServiceCd=130&Type=search", "url2": "http://hp.kaipoke.biz/y8p/index.html" }, "geometry": { "type": "Point", "coordinates": [ 140.073179900000014, 35.650529300000017 ] } },
{ "type": "Feature", "properties": { "内容": "なたね訪問看護ステーション【訪問看護】千葉県千葉市花見川区西小中台2-20-204", "url": "https://www.kaigokensaku.mhlw.go.jp/12/index.php?action_kouhyou_detail_004_kani=true&JigyosyoCd=1260191510-00&ServiceCd=130&Type=search", "url2": null }, "geometry": { "type": "Point", "coordinates": [ 140.0858203, 35.6529844 ] } },
{ "type": "Feature", "properties": { "内容": "DS訪問看護ステーション千葉【訪問看護】千葉県千葉市花見川区幕張本郷２－５－１タカソープラザ４０８", "url": "https://www.kaigokensaku.mhlw.go.jp/12/index.php?action_kouhyou_detail_004_kani=true&JigyosyoCd=1260191122-00&ServiceCd=130&Type=search", "url2": "https://www.selrea.co.jp/" }, "geometry": { "type": "Point", "coordinates": [ 140.043110537715563, 35.670313552490015 ] } },
{ "type": "Feature", "properties": { "内容": "みやのぎ訪問看護ステーション【訪問看護】千葉県千葉市花見川区宮野木台1-5-12", "url": "https://www.kaigokensaku.mhlw.go.jp/12/index.php?action_kouhyou_detail_004_kani=true&JigyosyoCd=1260190223-00&ServiceCd=130&Type=search", "url2": "http://www.keiyukai.or.jp" }, "geometry": { "type": "Point", "coordinates": [ 140.091754069975309, 35.6556425 ] } },
{ "type": "Feature", "properties": { "内容": "ゆうあい訪問看護ステーション【訪問看護】千葉県千葉市花見川区柏井町800-1", "url": "https://www.kaigokensaku.mhlw.go.jp/12/index.php?action_kouhyou_detail_004_kani=true&JigyosyoCd=1260190082-00&ServiceCd=130&Type=search", "url2": "http://www.saisei.or.jp/station" }, "geometry": { "type": "Point", "coordinates": [ 140.103340765097357, 35.688640220874802 ] } },
{ "type": "Feature", "properties": { "内容": "訪問看護ステーションフレンド【訪問看護】千葉県千葉市花見川区畑町432-1畑町MHビル102号室", "url": "https://www.kaigokensaku.mhlw.go.jp/12/index.php?action_kouhyou_detail_004_kani=true&JigyosyoCd=1260191064-00&ServiceCd=130&Type=search", "url2": null }, "geometry": { "type": "Point", "coordinates": [ 140.084832199999937, 35.661669 ] } },
{ "type": "Feature", "properties": { "内容": "えるさぽ訪問看護ステーション【訪問看護】千葉県千葉市花見川区浪花町908-44メゾンセレーザ202", "url": "https://www.kaigokensaku.mhlw.go.jp/12/index.php?action_kouhyou_detail_004_kani=true&JigyosyoCd=1260191239-00&ServiceCd=130&Type=search", "url2": "https://lampus-inc.com/erusapo/" }, "geometry": { "type": "Point", "coordinates": [ 140.066266199999973, 35.6573688 ] } },
{ "type": "Feature", "properties": { "内容": "シュガーハート・花見川訪問看護ステーション【訪問看護】千葉県千葉市花見川区花園1-7-15SS小川ビル3階", "url": "https://www.kaigokensaku.mhlw.go.jp/12/index.php?action_kouhyou_detail_004_kani=true&JigyosyoCd=1260191254-00&ServiceCd=130&Type=search", "url2": "http://www.altidea.com" }, "geometry": { "type": "Point", "coordinates": [ 140.0739321, 35.6521378 ] } },
{ "type": "Feature", "properties": { "内容": "コスモス訪問看護ステーション【訪問看護】千葉県千葉市花見川区宮野木台3丁目13－4", "url": "https://www.kaigokensaku.mhlw.go.jp/12/index.php?action_kouhyou_detail_004_kani=true&JigyosyoCd=1260191858-00&ServiceCd=130&Type=search", "url2": null }, "geometry": { "type": "Point", "coordinates": [ 140.0939924, 35.659966 ] } },
{ "type": "Feature", "properties": { "内容": "花見川訪問看護ステーション【訪問看護】千葉県千葉市花見川区天戸町1495番地4", "url": "https://www.kaigokensaku.mhlw.go.jp/12/index.php?action_kouhyou_detail_004_kani=true&JigyosyoCd=1260190108-00&ServiceCd=130&Type=search", "url2": "https://www.hanamigawa-hk.com" }, "geometry": { "type": "Point", "coordinates": [ 140.092525599999988, 35.6854397 ] } },
{ "type": "Feature", "properties": { "内容": "訪問看護ステーション　ハートフル幕張【訪問看護】花園3-5-7", "url": "https://www.kaigokensaku.mhlw.go.jp/12/index.php?action_kouhyou_detail_004_kani=true&JigyosyoCd=1260191379-00&ServiceCd=130&Type=search", "url2": "http://platinum-care.jp/hc/makuhari/" }, "geometry": { "type": "Point", "coordinates": [ 140.093456, 35.628078 ] } },
{ "type": "Feature", "properties": { "内容": "まくはり訪問看護ステーション【訪問看護】千葉県千葉市花見川区幕張町5-392-3", "url": "https://www.kaigokensaku.mhlw.go.jp/12/index.php?action_kouhyou_detail_004_kani=true&JigyosyoCd=1260190025-00&ServiceCd=130&Type=search", "url2": "http://www.min-iren-c.or.jp/" }, "geometry": { "type": "Point", "coordinates": [ 140.059478300000023, 35.6527884 ] } },
{ "type": "Feature", "properties": { "内容": "Aile訪問看護ステーション【訪問看護】千葉県千葉市花見川区検見川町1-521ハレクラニ102", "url": "https://www.kaigokensaku.mhlw.go.jp/12/index.php?action_kouhyou_detail_004_kani=true&JigyosyoCd=1260192104-00&ServiceCd=130&Type=search", "url2": "https://green192358.studio.site" }, "geometry": { "type": "Point", "coordinates": [ 140.0632951, 35.6516891 ] } },
{ "type": "Feature", "properties": { "内容": "訪問看護ステーションみのり【訪問看護】千葉県千葉市花見川区横戸台５１－３", "url": "https://www.kaigokensaku.mhlw.go.jp/12/index.php?action_kouhyou_detail_004_kani=true&JigyosyoCd=1260192112-00&ServiceCd=130&Type=search", "url2": "https://hokan-minori.com/#contents" }, "geometry": { "type": "Point", "coordinates": [ 140.1130882, 35.7008917 ] } },
{ "type": "Feature", "properties": { "内容": "グッドタイム訪問看護ステーション・幕張【訪問看護】千葉県千葉市花見川区幕張町6-77-17グッドタイムナーシングホーム幕張弐番館", "url": "https://www.kaigokensaku.mhlw.go.jp/12/index.php?action_kouhyou_detail_004_kani=true&JigyosyoCd=1260191627-00&ServiceCd=130&Type=search", "url2": null }, "geometry": { "type": "Point", "coordinates": [ 140.060681100000011, 35.6618986 ] } },
{ "type": "Feature", "properties": { "内容": "コメット訪問看護ステーション【訪問看護】浪花町958-1", "url": "https://www.kaigokensaku.mhlw.go.jp/12/index.php?action_kouhyou_detail_004_kani=true&JigyosyoCd=1260191007-00&ServiceCd=130&Type=search", "url2": "http://comet-st.com/" }, "geometry": { "type": "Point", "coordinates": [ 140.068509696519612, 35.657535305856314 ] } },
{ "type": "Feature", "properties": { "内容": "訪問看護ステーション　ゆめ【訪問看護】千葉県千葉市花見川区畑町759フォレストビル102", "url": "https://www.kaigokensaku.mhlw.go.jp/12/index.php?action_kouhyou_detail_004_kani=true&JigyosyoCd=1260191767-00&ServiceCd=130&Type=search", "url2": null }, "geometry": { "type": "Point", "coordinates": [ 140.079007584655756, 35.659860941217175 ] } },
{ "type": "Feature", "properties": { "内容": "ドットライフ幕張（訪問看護・リハビリ）【訪問看護】千葉県千葉市花見川区幕張本郷6丁目26-14須藤ビル３F", "url": "https://www.kaigokensaku.mhlw.go.jp/12/index.php?action_kouhyou_detail_004_kani=true&JigyosyoCd=1260191213-00&ServiceCd=130&Type=search", "url2": "https://pj.dotline-jp.com/hokan/" }, "geometry": { "type": "Point", "coordinates": [ 140.043983123425249, 35.673816161714385 ] } },
{ "type": "Feature", "properties": { "内容": "ドットライフ花見川（訪問看護・リハビリ）【訪問看護】千葉県千葉市花見川区横戸町1-84ヴェルト横戸", "url": "https://www.kaigokensaku.mhlw.go.jp/12/index.php?action_kouhyou_detail_004_kani=true&JigyosyoCd=1260191304-00&ServiceCd=130&Type=search", "url2": "https://www.dotline-jp.com/rehabili/" }, "geometry": { "type": "Point", "coordinates": [ 140.092188799999974, 35.6908409 ] } },
{ "type": "Feature", "properties": { "内容": "あおぞらの里　花見川訪問看護ステーション【訪問看護】千葉県千葉市花見川区畑町455-5ハイネス高橋202", "url": "https://www.kaigokensaku.mhlw.go.jp/12/index.php?action_kouhyou_detail_004_kani=true&JigyosyoCd=1260192039-00&ServiceCd=130&Type=search", "url2": "http://www.cedar-web.com/" }, "geometry": { "type": "Point", "coordinates": [ 140.087355910144254, 35.660249275579837 ] } },
{ "type": "Feature", "properties": { "内容": "訪問看護ステーションリハビリ道場天台【訪問看護】千葉県千葉市稲毛区天台4-2-262F", "url": "https://www.kaigokensaku.mhlw.go.jp/12/index.php?action_kouhyou_detail_004_kani=true&JigyosyoCd=1260190835-00&ServiceCd=130&Type=search", "url2": "https://care-net.biz/12/physicaldojo/" }, "geometry": { "type": "Point", "coordinates": [ 140.113590700000032, 35.6378817 ] } },
{ "type": "Feature", "properties": { "内容": "ゆいはーと訪問看護リハビリステーション【訪問看護】千葉県千葉市稲毛区山王町140-15トシケンハイムA207", "url": "https://www.kaigokensaku.mhlw.go.jp/12/index.php?action_kouhyou_detail_004_kani=true&JigyosyoCd=1260190744-00&ServiceCd=130&Type=search", "url2": "http://cocosharing.com/" }, "geometry": { "type": "Point", "coordinates": [ 140.141927500000065, 35.664946 ] } },
{ "type": "Feature", "properties": { "内容": "シームレスケア訪問看護ステーション【訪問看護】千葉県千葉市稲毛区穴川4-13-28-201", "url": "https://www.kaigokensaku.mhlw.go.jp/12/index.php?action_kouhyou_detail_004_kani=true&JigyosyoCd=1260191106-00&ServiceCd=130&Type=search", "url2": "https://seamless-care.com" }, "geometry": { "type": "Point", "coordinates": [ 140.108161399999972, 35.6366612 ] } },
{ "type": "Feature", "properties": { "内容": "生活クラブ風の村訪問看護ステーション稲毛【訪問看護】千葉県千葉市稲毛区園生町1107-7", "url": "https://www.kaigokensaku.mhlw.go.jp/12/index.php?action_kouhyou_detail_004_kani=true&JigyosyoCd=1260190512-00&ServiceCd=130&Type=search", "url2": "http://kazenomura.jp/" }, "geometry": { "type": "Point", "coordinates": [ 140.10270188759273, 35.641227146196648 ] } },
{ "type": "Feature", "properties": { "内容": "西千葉整形外科　訪問看護ステーション【訪問看護】千葉県千葉市稲毛区作草部1-12-5", "url": "https://www.kaigokensaku.mhlw.go.jp/12/index.php?action_kouhyou_detail_004_kani=true&JigyosyoCd=1260190496-00&ServiceCd=130&Type=search", "url2": "http://www.i-seikei.jp/" }, "geometry": { "type": "Point", "coordinates": [ 140.114482899999985, 35.6283417 ] } },
{ "type": "Feature", "properties": { "内容": "いーね訪問看護ステーション　いなげ【訪問看護】千葉県千葉市稲毛区園生町576-6斉木ビル2F", "url": "https://www.kaigokensaku.mhlw.go.jp/12/index.php?action_kouhyou_detail_004_kani=true&JigyosyoCd=1260191460-00&ServiceCd=130&Type=search", "url2": "https://ene-kango.com/" }, "geometry": { "type": "Point", "coordinates": [ 140.1081384, 35.647381 ] } },
{ "type": "Feature", "properties": { "内容": "EMBYメディカルステーション【訪問看護】千葉県千葉市稲毛区緑町1-6-16テレグラフィアみどり台1号棟", "url": "https://www.kaigokensaku.mhlw.go.jp/12/index.php?action_kouhyou_detail_004_kani=true&JigyosyoCd=1260191932-00&ServiceCd=130&Type=search", "url2": "https://emby0920.com" }, "geometry": { "type": "Point", "coordinates": [ 140.09839, 35.6245153 ] } },
{ "type": "Feature", "properties": { "内容": "SOU訪問看護ステーション西千葉【訪問看護】千葉市稲毛区緑町1-18-3新日本オフィスビル302", "url": "https://www.kaigokensaku.mhlw.go.jp/12/index.php?action_kouhyou_detail_004_kani=true&JigyosyoCd=1260191585-00&ServiceCd=130&Type=search", "url2": "https://www.altidea.com" }, "geometry": { "type": "Point", "coordinates": [ 140.0996074, 35.6240942 ] } },
{ "type": "Feature", "properties": { "内容": "しゅんしん訪問看護ステーション【訪問看護】稲毛町5-8-6", "url": "https://www.kaigokensaku.mhlw.go.jp/12/index.php?action_kouhyou_detail_004_kani=true&JigyosyoCd=1260191411-00&ServiceCd=130&Type=search", "url2": "https://shunshinhoukan.com/" }, "geometry": { "type": "Point", "coordinates": [ 140.0760306, 35.6409736 ] } },
{ "type": "Feature", "properties": { "内容": "咲楽訪問看護ステーション【訪問看護】千葉県千葉市稲毛区天台5-28-15", "url": "https://www.kaigokensaku.mhlw.go.jp/12/index.php?action_kouhyou_detail_004_kani=true&JigyosyoCd=1260191981-00&ServiceCd=130&Type=search", "url2": "feliz2023.jp" }, "geometry": { "type": "Point", "coordinates": [ 140.113854071163956, 35.641135374420834 ] } },
{ "type": "Feature", "properties": { "内容": "訪問看護ステーションすずの音【訪問看護】小仲台6丁目26-1向原マンション105号室", "url": "https://www.kaigokensaku.mhlw.go.jp/12/index.php?action_kouhyou_detail_004_kani=true&JigyosyoCd=1260191908-00&ServiceCd=130&Type=search", "url2": "https://suzunone-sta.jp/" }, "geometry": { "type": "Point", "coordinates": [ 140.093828, 35.6413006 ] } },
{ "type": "Feature", "properties": { "内容": "訪問看護ステーション　はるのね【訪問看護】千葉県千葉市稲毛区小仲台４丁目4-1ヴェルテ稲毛101", "url": "https://www.kaigokensaku.mhlw.go.jp/12/index.php?action_kouhyou_detail_004_kani=true&JigyosyoCd=1260192153-00&ServiceCd=130&Type=search", "url2": null }, "geometry": { "type": "Point", "coordinates": [ 140.100949599999979, 35.6384664 ] } },
{ "type": "Feature", "properties": { "内容": "山王訪問看護ステーション【訪問看護】千葉県千葉市稲毛区山王町168-8アーバンケアセンター内", "url": "https://www.kaigokensaku.mhlw.go.jp/12/index.php?action_kouhyou_detail_004_kani=true&JigyosyoCd=1260190595-00&ServiceCd=130&Type=search", "url2": null }, "geometry": { "type": "Point", "coordinates": [ 140.139338396958948, 35.6661546560075 ] } },
{ "type": "Feature", "properties": { "内容": "セコム千葉訪問看護ステーション【訪問看護】千葉県千葉市稲毛区小仲台2-6-5中元ビル501号室", "url": "https://www.kaigokensaku.mhlw.go.jp/12/index.php?action_kouhyou_detail_004_kani=true&JigyosyoCd=1260190231-00&ServiceCd=130&Type=search", "url2": "http://medical.secom.co.jp/" }, "geometry": { "type": "Point", "coordinates": [ 140.093755858891257, 35.638226891438698 ] } },
{ "type": "Feature", "properties": { "内容": "さかいリハ訪問看護ステーション・千葉【訪問看護】千葉県千葉市稲毛区緑町1-23-12緑町ハイリビング壱番館101号室", "url": "https://www.kaigokensaku.mhlw.go.jp/12/index.php?action_kouhyou_detail_004_kani=true&JigyosyoCd=1260190330-00&ServiceCd=130&Type=search", "url2": "https://sakaireha.com/" }, "geometry": { "type": "Point", "coordinates": [ 140.100578256123327, 35.624341553692645 ] } },
{ "type": "Feature", "properties": { "内容": "医心館訪問看護ステーション稲毛【訪問看護】千葉県千葉市稲毛区稲毛東3丁目4番17号", "url": "https://www.kaigokensaku.mhlw.go.jp/12/index.php?action_kouhyou_detail_004_kani=true&JigyosyoCd=1260191551-00&ServiceCd=130&Type=search", "url2": null }, "geometry": { "type": "Point", "coordinates": [ 140.0897692, 35.6359884 ] } },
{ "type": "Feature", "properties": { "内容": "SOMPOケア　千葉作草部訪問看護【訪問看護】千葉市稲毛区作草部町578-11階", "url": "https://www.kaigokensaku.mhlw.go.jp/12/index.php?action_kouhyou_detail_004_kani=true&JigyosyoCd=1260191478-00&ServiceCd=130&Type=search", "url2": "https://www.sompocare.com" }, "geometry": { "type": "Point", "coordinates": [ 140.1197896, 35.6251856 ] } },
{ "type": "Feature", "properties": { "内容": "訪問看護ステーションよりより【訪問看護】千葉県千葉市稲毛区稲毛東1-10-23", "url": "https://www.kaigokensaku.mhlw.go.jp/12/index.php?action_kouhyou_detail_004_kani=true&JigyosyoCd=1260192047-00&ServiceCd=130&Type=search", "url2": "https://yoriyori.care/" }, "geometry": { "type": "Point", "coordinates": [ 140.088225899999969, 35.633392 ] } },
{ "type": "Feature", "properties": { "内容": "緑が丘訪問看護ステーション【訪問看護】千葉市稲毛区宮野木町1752-15", "url": "https://www.kaigokensaku.mhlw.go.jp/12/index.php?action_kouhyou_detail_004_kani=true&JigyosyoCd=1260190207-00&ServiceCd=130&Type=search", "url2": "http://www.suzuki-cl.net/" }, "geometry": { "type": "Point", "coordinates": [ 140.109277099999986, 35.6579481 ] } },
{ "type": "Feature", "properties": { "内容": "あゆみ訪問看護ステーション【訪問看護】千葉県千葉市稲毛区六方町120-7", "url": "https://www.kaigokensaku.mhlw.go.jp/12/index.php?action_kouhyou_detail_004_kani=true&JigyosyoCd=1260190801-00&ServiceCd=130&Type=search", "url2": "https://ayumihoukan.studio.site" }, "geometry": { "type": "Point", "coordinates": [ 140.14420020561613, 35.654235953637439 ] } },
{ "type": "Feature", "properties": { "内容": "ソワン訪問看護ステーション【訪問看護】千葉県千葉市美浜区中瀬2丁目6番1ワールドビジネスガーデンマリブウエスト20階（A2003号室）", "url": "https://www.kaigokensaku.mhlw.go.jp/12/index.php?action_kouhyou_detail_004_kani=true&JigyosyoCd=1260191734-00&ServiceCd=130&Type=search", "url2": "https://attaka-home.com/" }, "geometry": { "type": "Point", "coordinates": [ 140.038852148410029, 35.648320390629685 ] } },
{ "type": "Feature", "properties": { "内容": "サンウェルズ稲毛訪問看護ステーション【訪問看護】千葉県千葉市稲毛区稲毛東2丁目18番12号", "url": "https://www.kaigokensaku.mhlw.go.jp/12/index.php?action_kouhyou_detail_004_kani=true&JigyosyoCd=1260192161-00&ServiceCd=130&Type=search", "url2": "https://sunwels.jp/pdh/facility/pdhouse-inage/" }, "geometry": { "type": "Point", "coordinates": [ 140.0878911, 35.6371375 ] } },
{ "type": "Feature", "properties": { "内容": "わかば訪問看護ステーション【訪問看護】千葉県千葉市若葉区西都賀2丁目5番2号2階", "url": "https://www.kaigokensaku.mhlw.go.jp/12/index.php?action_kouhyou_detail_004_kani=true&JigyosyoCd=1260190645-00&ServiceCd=130&Type=search", "url2": "http://www2.hp-ez.com/hp/wakaba-houmonn" }, "geometry": { "type": "Point", "coordinates": [ 140.145672399999967, 35.6368317 ] } },
{ "type": "Feature", "properties": { "内容": "若葉の丘訪問看護ステーション【訪問看護】千葉県千葉市若葉区小倉町1763番地12", "url": "https://www.kaigokensaku.mhlw.go.jp/12/index.php?action_kouhyou_detail_004_kani=true&JigyosyoCd=1260190942-00&ServiceCd=130&Type=search", "url2": "http://www.wakaba-oka.jp/" }, "geometry": { "type": "Point", "coordinates": [ 140.164526600000045, 35.6323023 ] } },
{ "type": "Feature", "properties": { "内容": "訪問看護ステーションあいび【訪問看護】愛生町１０８番地１４", "url": "https://www.kaigokensaku.mhlw.go.jp/12/index.php?action_kouhyou_detail_004_kani=true&JigyosyoCd=1260191221-00&ServiceCd=130&Type=search", "url2": "http://hp.kaipoke.biz/sh2/" }, "geometry": { "type": "Point", "coordinates": [ 140.1327459, 35.6532655 ] } },
{ "type": "Feature", "properties": { "内容": "レジリエ訪問看護ステーション【訪問看護】千葉県千葉市若葉区桜木北３丁目１６－１０ベルハイム１F", "url": "https://www.kaigokensaku.mhlw.go.jp/12/index.php?action_kouhyou_detail_004_kani=true&JigyosyoCd=1260191635-00&ServiceCd=130&Type=search", "url2": "https://www.resilie.llc/" }, "geometry": { "type": "Point", "coordinates": [ 140.159605506745919, 35.637901017595226 ] } },
{ "type": "Feature", "properties": { "内容": "訪問看護ステーションれんげの花【訪問看護】殿台町80-1TONOオフィス105号", "url": "https://www.kaigokensaku.mhlw.go.jp/12/index.php?action_kouhyou_detail_004_kani=true&JigyosyoCd=1260191676-00&ServiceCd=130&Type=search", "url2": null }, "geometry": { "type": "Point", "coordinates": [ 140.126407699999987, 35.6308277 ] } },
{ "type": "Feature", "properties": { "内容": "訪問看護ステーションあすか【訪問看護】千葉市若葉区貝塚町1065-1ガーデンコート貝塚Ｂ101", "url": "https://www.kaigokensaku.mhlw.go.jp/12/index.php?action_kouhyou_detail_004_kani=true&JigyosyoCd=1260190322-00&ServiceCd=130&Type=search", "url2": null }, "geometry": { "type": "Point", "coordinates": [ 140.142087, 35.623655 ] } },
{ "type": "Feature", "properties": { "内容": "あみ訪問看護ステーション【訪問看護】千葉県千葉市若葉区若松町531-578", "url": "https://www.kaigokensaku.mhlw.go.jp/12/index.php?action_kouhyou_detail_004_kani=true&JigyosyoCd=1260190769-00&ServiceCd=130&Type=search", "url2": null }, "geometry": { "type": "Point", "coordinates": [ 140.146035932540826, 35.645912329007594 ] } },
{ "type": "Feature", "properties": { "内容": "Hana訪問看護ステーションさくら【訪問看護】品町1587-3菊泉ビル102号菊泉ビル102号", "url": "https://www.kaigokensaku.mhlw.go.jp/12/index.php?action_kouhyou_detail_004_kani=true&JigyosyoCd=1260191965-00&ServiceCd=130&Type=search", "url2": null }, "geometry": { "type": "Point", "coordinates": [ 140.13445, 35.621277 ] } },
{ "type": "Feature", "properties": { "内容": "DS訪問看護ステーション西都賀【訪問看護】千葉県千葉市若葉区西都賀3-13-21", "url": "https://www.kaigokensaku.mhlw.go.jp/12/index.php?action_kouhyou_detail_004_kani=true&JigyosyoCd=1260192054-00&ServiceCd=130&Type=search", "url2": "https://selrea.co.jp/" }, "geometry": { "type": "Point", "coordinates": [ 140.148887300000013, 35.6386144 ] } },
{ "type": "Feature", "properties": { "内容": "ふくろう訪問看護ステーション【訪問看護】千葉県千葉市若葉区若松町959-6", "url": "https://www.kaigokensaku.mhlw.go.jp/12/index.php?action_kouhyou_detail_004_kani=true&JigyosyoCd=1260191395-00&ServiceCd=130&Type=search", "url2": null }, "geometry": { "type": "Point", "coordinates": [ 140.1542454, 35.6507119 ] } },
{ "type": "Feature", "properties": { "内容": "訪問看護ステーションこもれび【訪問看護】千葉県千葉市若葉区大宮台4-5-11", "url": "https://www.kaigokensaku.mhlw.go.jp/12/index.php?action_kouhyou_detail_004_kani=true&JigyosyoCd=1260191742-00&ServiceCd=130&Type=search", "url2": "https://komorebeee.com/" }, "geometry": { "type": "Point", "coordinates": [ 140.182547699999986, 35.5910235 ] } },
{ "type": "Feature", "properties": { "内容": "元気ナース・千葉【訪問看護】小倉台2-1037-10", "url": "https://www.kaigokensaku.mhlw.go.jp/12/index.php?action_kouhyou_detail_004_kani=true&JigyosyoCd=1260192021-00&ServiceCd=130&Type=search", "url2": null }, "geometry": { "type": "Point", "coordinates": [ 140.1742447, 35.6286621 ] } },
{ "type": "Feature", "properties": { "内容": "訪問看護ステーション加曽利【訪問看護】千葉県千葉市若葉区加曽利町1835-1厨房棟3階", "url": "https://www.kaigokensaku.mhlw.go.jp/12/index.php?action_kouhyou_detail_004_kani=true&JigyosyoCd=1260190181-00&ServiceCd=130&Type=search", "url2": null }, "geometry": { "type": "Point", "coordinates": [ 140.171769248996043, 35.617659651918885 ] } },
{ "type": "Feature", "properties": { "内容": "訪問看護ステーションみっつの輪【訪問看護】千葉県千葉市若葉区若松町531-130", "url": "https://www.kaigokensaku.mhlw.go.jp/12/index.php?action_kouhyou_detail_004_kani=true&JigyosyoCd=1260190629-00&ServiceCd=130&Type=search", "url2": "http://www.mitsuwadaibyoin.or.jp/" }, "geometry": { "type": "Point", "coordinates": [ 140.148377699999969, 35.6441584 ] } },
{ "type": "Feature", "properties": { "内容": "クラーチ訪問看護ステーション千葉【訪問看護】千葉県千葉市若葉区東寺山町７９０−１", "url": "https://www.kaigokensaku.mhlw.go.jp/12/index.php?action_kouhyou_detail_004_kani=true&JigyosyoCd=1260190652-00&ServiceCd=130&Type=search", "url2": null }, "geometry": { "type": "Point", "coordinates": [ 140.129881239208999, 35.624881530833619 ] } },
{ "type": "Feature", "properties": { "内容": "ドットライフ都賀（訪問看護・リハビリ）【訪問看護】千葉県千葉市若葉区西都賀4-15-15　バードランド101", "url": "https://www.kaigokensaku.mhlw.go.jp/12/index.php?action_kouhyou_detail_004_kani=true&JigyosyoCd=1260191023-00&ServiceCd=130&Type=search", "url2": "https://pj.dotline-jp.com/hokan/" }, "geometry": { "type": "Point", "coordinates": [ 140.153559948548974, 35.638190775955941 ] } },
{ "type": "Feature", "properties": { "内容": "訪問看護ステーションかがやき【訪問看護】千葉市若葉区小倉台2-12-3", "url": "https://www.kaigokensaku.mhlw.go.jp/12/index.php?action_kouhyou_detail_004_kani=true&JigyosyoCd=1260190124-00&ServiceCd=130&Type=search", "url2": "http://www.meysey.com/" }, "geometry": { "type": "Point", "coordinates": [ 140.172920299999987, 35.6248084 ] } },
{ "type": "Feature", "properties": { "内容": "ドットライフ千城台（訪問看護・リハビリ）【訪問看護】千葉県千葉市若葉区千城台北2丁目15-7", "url": "https://www.kaigokensaku.mhlw.go.jp/12/index.php?action_kouhyou_detail_004_kani=true&JigyosyoCd=1260191643-00&ServiceCd=130&Type=search", "url2": "https://www.dotline-jp.com/rehabili/" }, "geometry": { "type": "Point", "coordinates": [ 140.123651500000022, 35.5954811 ] } },
{ "type": "Feature", "properties": { "内容": "訪問看護ステーションエーテル【訪問看護】千葉県千葉市若葉区大宮台2丁目1番2号ウォールナッツビル203", "url": "https://www.kaigokensaku.mhlw.go.jp/12/index.php?action_kouhyou_detail_004_kani=true&JigyosyoCd=1260192203-00&ServiceCd=130&Type=search", "url2": "https://aether-nursing.jp/" }, "geometry": { "type": "Point", "coordinates": [ 140.183364899999987, 35.5920489 ] } },
{ "type": "Feature", "properties": { "内容": "医療法人社団淳英会　おゆみの中央病院訪問看護ステーション【訪問看護】千葉県千葉市緑区おゆみ野南6丁目49番地9", "url": "https://www.kaigokensaku.mhlw.go.jp/12/index.php?action_kouhyou_detail_004_kani=true&JigyosyoCd=1210122820-00&ServiceCd=130&Type=search", "url2": "http//www.oyumino-sentral.jp/" }, "geometry": { "type": "Point", "coordinates": [ 140.18295569999998, 35.5400031 ] } },
{ "type": "Feature", "properties": { "内容": "訪問看護ステーション　坂の上外科【訪問看護】千葉市緑区土気町311", "url": "https://www.kaigokensaku.mhlw.go.jp/12/index.php?action_kouhyou_detail_004_kani=true&JigyosyoCd=1260190157-00&ServiceCd=130&Type=search", "url2": null }, "geometry": { "type": "Point", "coordinates": [ 140.28024860000005, 35.5294393 ] } },
{ "type": "Feature", "properties": { "内容": "独立行政法人国立病院機構しもやぎ訪問看護ステーション【訪問看護】千葉県千葉市緑区辺田町578", "url": "https://www.kaigokensaku.mhlw.go.jp/12/index.php?action_kouhyou_detail_004_kani=true&JigyosyoCd=1260190967-00&ServiceCd=130&Type=search", "url2": "https://www.simofusa-pc.jp" }, "geometry": { "type": "Point", "coordinates": [ 140.1880582, 35.5612479 ] } },
{ "type": "Feature", "properties": { "内容": "訪問看護ステーションあやめ誉田【訪問看護】誉田町２丁目24-128グリーンハイムⅡ　201号", "url": "https://www.kaigokensaku.mhlw.go.jp/12/index.php?action_kouhyou_detail_004_kani=true&JigyosyoCd=1260191312-00&ServiceCd=130&Type=search", "url2": "http://www.firstnurse.co.jp" }, "geometry": { "type": "Point", "coordinates": [ 140.2116087, 35.5479654 ] } },
{ "type": "Feature", "properties": { "内容": "医療法人社団　紫雲会　ちばみなみ訪問看護ステーション【訪問看護】千葉県千葉市緑区高田町401-5", "url": "https://www.kaigokensaku.mhlw.go.jp/12/index.php?action_kouhyou_detail_004_kani=true&JigyosyoCd=1260191270-00&ServiceCd=130&Type=search", "url2": "http://www.chibaminami-hp.jp" }, "geometry": { "type": "Point", "coordinates": [ 140.2192924, 35.5668352 ] } },
{ "type": "Feature", "properties": { "内容": "誉田訪問看護ステーション【訪問看護】千葉県千葉市緑区高田町1084武村内科医院", "url": "https://www.kaigokensaku.mhlw.go.jp/12/index.php?action_kouhyou_detail_004_kani=true&JigyosyoCd=1260190140-00&ServiceCd=130&Type=search", "url2": "http://sowaen.or.jp" }, "geometry": { "type": "Point", "coordinates": [ 140.224216, 35.5512566 ] } },
{ "type": "Feature", "properties": { "内容": "訪問看護ステーショングリーン【訪問看護】千葉市緑区誉田町2-20-68第一コーポＡ棟101", "url": "https://www.kaigokensaku.mhlw.go.jp/12/index.php?action_kouhyou_detail_004_kani=true&JigyosyoCd=1260191288-00&ServiceCd=130&Type=search", "url2": "https://so-green.jp/green2/our/" }, "geometry": { "type": "Point", "coordinates": [ 140.219359200277722, 35.548838975458445 ] } },
{ "type": "Feature", "properties": { "内容": "訪問看護ぴいす【訪問看護】千葉県千葉市緑区平山町2005-2　びぃ～ぼ・ぽこあぽこ内", "url": "https://www.kaigokensaku.mhlw.go.jp/12/index.php?action_kouhyou_detail_004_kani=true&JigyosyoCd=1260191155-00&ServiceCd=130&Type=search", "url2": null }, "geometry": { "type": "Point", "coordinates": [ 140.18094192828957, 35.573818370538014 ] } },
{ "type": "Feature", "properties": { "内容": "あおい訪問看護ステーション【訪問看護】千葉県千葉市緑区あすみが丘東5-21-21", "url": "https://www.kaigokensaku.mhlw.go.jp/12/index.php?action_kouhyou_detail_004_kani=true&JigyosyoCd=1260191346-00&ServiceCd=130&Type=search", "url2": "https://aoinursest.wixsite.com/aoiaoitori" }, "geometry": { "type": "Point", "coordinates": [ 140.275330003513659, 35.518598870631457 ] } },
{ "type": "Feature", "properties": { "内容": "やまゆり訪問看護ステーション【訪問看護】千葉県千葉市緑区平山町1926-30クレールコート２０３", "url": "https://www.kaigokensaku.mhlw.go.jp/12/index.php?action_kouhyou_detail_004_kani=true&JigyosyoCd=1260191783-00&ServiceCd=130&Type=search", "url2": null }, "geometry": { "type": "Point", "coordinates": [ 140.1701744, 35.57528 ] } },
{ "type": "Feature", "properties": { "内容": "なごみの陽訪問看護ステーション【訪問看護】千葉県千葉市緑区おゆみ野中央7丁目35-3", "url": "https://www.kaigokensaku.mhlw.go.jp/12/index.php?action_kouhyou_detail_004_kani=true&JigyosyoCd=1260190439-00&ServiceCd=130&Type=search", "url2": "https://www.nagominohi.jp" }, "geometry": { "type": "Point", "coordinates": [ 140.1778974, 35.5487214 ] } },
{ "type": "Feature", "properties": { "内容": "在宅看護センターよもぎ【訪問看護】おゆみ野中央4-23-13サンライフ3号202", "url": "https://www.kaigokensaku.mhlw.go.jp/12/index.php?action_kouhyou_detail_004_kani=true&JigyosyoCd=1260191445-00&ServiceCd=130&Type=search", "url2": "https://www.yomoginurse.net" }, "geometry": { "type": "Point", "coordinates": [ 140.174280399999986, 35.5523619 ] } },
{ "type": "Feature", "properties": { "内容": "訪問看護ステーション　春の日【訪問看護】誉田町1-794-122", "url": "https://www.kaigokensaku.mhlw.go.jp/12/index.php?action_kouhyou_detail_004_kani=true&JigyosyoCd=1260191262-00&ServiceCd=130&Type=search", "url2": null }, "geometry": { "type": "Point", "coordinates": [ 140.199741100000011, 35.5470579 ] } },
{ "type": "Feature", "properties": { "内容": "土気訪問看護ステーション【訪問看護】千葉県千葉市緑区土気町1632番地6", "url": "https://www.kaigokensaku.mhlw.go.jp/12/index.php?action_kouhyou_detail_004_kani=true&JigyosyoCd=1260190116-00&ServiceCd=130&Type=search", "url2": "https://www.shigenseisyuukai.com/houmonkango/index.html" }, "geometry": { "type": "Point", "coordinates": [ 140.272728491401722, 35.531107949054466 ] } },
{ "type": "Feature", "properties": { "内容": "ドットライフ土気（訪問看護・リハビリ）【訪問看護】あすみが丘二丁目17番地152丁目M店舗1階", "url": "https://www.kaigokensaku.mhlw.go.jp/12/index.php?action_kouhyou_detail_004_kani=true&JigyosyoCd=1260191544-00&ServiceCd=130&Type=search", "url2": "https://www.dotline-jp.com/rehabili/" }, "geometry": { "type": "Point", "coordinates": [ 140.2695075, 35.524185 ] } },
{ "type": "Feature", "properties": { "内容": "医療法人社団淳英会　おゆみの中央病院訪問看護ステーション【訪問看護】千葉県千葉市緑区おゆみ野南六丁目49番地9", "url": "https://www.kaigokensaku.mhlw.go.jp/12/index.php?action_kouhyou_detail_004_kani=true&JigyosyoCd=1260190736-00&ServiceCd=130&Type=search", "url2": "https://oyumino-central.jp/department/homecare/" }, "geometry": { "type": "Point", "coordinates": [ 140.182924721951309, 35.539977792195167 ] } },
{ "type": "Feature", "properties": { "内容": "椎名崎訪問看護ステーション【訪問看護】千葉県千葉市緑区おゆみ野南２－１０－４おゆみ野楽隠居倶楽部弐号館", "url": "https://www.kaigokensaku.mhlw.go.jp/12/index.php?action_kouhyou_detail_004_kani=true&JigyosyoCd=1260190785-00&ServiceCd=130&Type=search", "url2": "www.kimeikai.or.jp" }, "geometry": { "type": "Point", "coordinates": [ 140.167466433868441, 35.551743526726035 ] } },
{ "type": "Feature", "properties": { "内容": "訪問看護ステーションふたば・土気【訪問看護】千葉県千葉市緑区土気町1627-103", "url": "https://www.kaigokensaku.mhlw.go.jp/12/index.php?action_kouhyou_detail_004_kani=true&JigyosyoCd=1260191866-00&ServiceCd=130&Type=search", "url2": null }, "geometry": { "type": "Point", "coordinates": [ 140.270407892204275, 35.531263494804598 ] } },
{ "type": "Feature", "properties": { "内容": "医療法人社団賢仁会あすみが丘訪問看護ステーション【訪問看護】千葉県千葉市緑区あすみが丘2-17-5", "url": "https://www.kaigokensaku.mhlw.go.jp/12/index.php?action_kouhyou_detail_004_kani=true&JigyosyoCd=1260190918-00&ServiceCd=130&Type=search", "url2": "https://asumihoukan.com/" }, "geometry": { "type": "Point", "coordinates": [ 140.269793288360546, 35.525104194865726 ] } },
{ "type": "Feature", "properties": { "内容": "しょうじゅクリニック【訪問看護】千葉県千葉市美浜区幸町2-12-1レジデンス内", "url": "https://www.kaigokensaku.mhlw.go.jp/12/index.php?action_kouhyou_detail_004_kani=true&JigyosyoCd=1210122937-00&ServiceCd=130&Type=search", "url2": "http://www.akaedakai.com/" }, "geometry": { "type": "Point", "coordinates": [ 140.092852774868788, 35.621006760667314 ] } },
{ "type": "Feature", "properties": { "内容": "学研ココファンナーシング稲毛海岸【訪問看護】千葉県千葉市美浜区高洲4-5-13", "url": "https://www.kaigokensaku.mhlw.go.jp/12/index.php?action_kouhyou_detail_004_kani=true&JigyosyoCd=1260191569-00&ServiceCd=130&Type=search", "url2": null }, "geometry": { "type": "Point", "coordinates": [ 140.0693877, 35.6308644 ] } },
{ "type": "Feature", "properties": { "内容": "亀田ホームケアサービス幕張【訪問看護】千葉県千葉市美浜区若葉3-1-23パークウェルステイト幕張ベイパーク内1F", "url": "https://www.kaigokensaku.mhlw.go.jp/12/index.php?action_kouhyou_detail_004_kani=true&JigyosyoCd=1260191924-00&ServiceCd=130&Type=search", "url2": null }, "geometry": { "type": "Point", "coordinates": [ 140.0535063, 35.6449328 ] } },
{ "type": "Feature", "properties": { "内容": "看護協会ちば訪問看護ステーション【訪問看護】千葉市美浜区新港249－4", "url": "https://www.kaigokensaku.mhlw.go.jp/12/index.php?action_kouhyou_detail_004_kani=true&JigyosyoCd=1260190017-00&ServiceCd=130&Type=search", "url2": "http://www.cna.or.jp/" }, "geometry": { "type": "Point", "coordinates": [ 140.094841299999985, 35.6135111 ] } },
{ "type": "Feature", "properties": { "内容": "サポートライフケア訪問看護ステーション【訪問看護】千葉県千葉市美浜区高洲4-7-11センターパーク稲毛海岸A棟101号室", "url": "https://www.kaigokensaku.mhlw.go.jp/12/index.php?action_kouhyou_detail_004_kani=true&JigyosyoCd=1260191841-00&ServiceCd=130&Type=search", "url2": "https://bay-village.co.jp/" }, "geometry": { "type": "Point", "coordinates": [ 140.0692764, 35.6292333 ] } },
{ "type": "Feature", "properties": { "内容": "医療法人社団汐風　訪問看護ステーション美波【訪問看護】千葉県千葉市美浜区真砂4-2-5セザール検見川浜1階124区画", "url": "https://www.kaigokensaku.mhlw.go.jp/12/index.php?action_kouhyou_detail_004_kani=true&JigyosyoCd=1260191114-00&ServiceCd=130&Type=search", "url2": "http://shiokaze-chiba.jp/" }, "geometry": { "type": "Point", "coordinates": [ 140.06018615736798, 35.638470709935234 ] } },
{ "type": "Feature", "properties": { "内容": "セントケア訪問看護ステーション美浜【訪問看護】千葉県千葉市美浜区高洲3-5-6ボナージュ稲毛海岸1F", "url": "https://www.kaigokensaku.mhlw.go.jp/12/index.php?action_kouhyou_detail_004_kani=true&JigyosyoCd=1260190355-00&ServiceCd=130&Type=search", "url2": "http://www.saint-care.com/service/visit_nursing/" }, "geometry": { "type": "Point", "coordinates": [ 140.0702426, 35.6263578 ] } },
{ "type": "Feature", "properties": { "内容": "やまねこ訪問看護ステーション【訪問看護】千葉県千葉市美浜区幸町2-10-2201", "url": "https://www.kaigokensaku.mhlw.go.jp/12/index.php?action_kouhyou_detail_004_kani=true&JigyosyoCd=1260190892-00&ServiceCd=130&Type=search", "url2": "http://yamanekohoukan.com" }, "geometry": { "type": "Point", "coordinates": [ 140.095544314096941, 35.61863906982741 ] } },
{ "type": "Feature", "properties": { "内容": "銚子訪問看護ステーションＮＥＷ【訪問看護】千葉県銚子市清水町2775-1", "url": "https://www.kaigokensaku.mhlw.go.jp/12/index.php?action_kouhyou_detail_004_kani=true&JigyosyoCd=1261390061-00&ServiceCd=130&Type=search", "url2": "http://npo-new.org/" }, "geometry": { "type": "Point", "coordinates": [ 140.852766, 35.7333851 ] } },
{ "type": "Feature", "properties": { "内容": "訪問看護ステーション双葉【訪問看護】千葉県銚子市双葉町３番地の６", "url": "https://www.kaigokensaku.mhlw.go.jp/12/index.php?action_kouhyou_detail_004_kani=true&JigyosyoCd=1261390020-00&ServiceCd=130&Type=search", "url2": "https://umimura.jp" }, "geometry": { "type": "Point", "coordinates": [ 140.828664153814316, 35.733393140838217 ] } },
{ "type": "Feature", "properties": { "内容": "医療法人社団明潮会　おうち診療所銚子【訪問看護】千葉県銚子市双葉町6-25おうち診療所ビル2階", "url": "https://www.kaigokensaku.mhlw.go.jp/12/index.php?action_kouhyou_detail_004_kani=true&JigyosyoCd=1211310978-00&ServiceCd=130&Type=search", "url2": "http://ouchishinryojo.com" }, "geometry": { "type": "Point", "coordinates": [ 140.8288641, 35.7322925 ] } },
{ "type": "Feature", "properties": { "内容": "島田訪問看護ステーション【訪問看護】千葉県銚子市浜町5-10", "url": "https://www.kaigokensaku.mhlw.go.jp/12/index.php?action_kouhyou_detail_004_kani=true&JigyosyoCd=1261390012-00&ServiceCd=130&Type=search", "url2": null }, "geometry": { "type": "Point", "coordinates": [ 140.84216420000007, 35.7326459 ] } },
{ "type": "Feature", "properties": { "内容": "あすてるカンゴ銚子【訪問看護】千葉県銚子市春日町105", "url": "https://www.kaigokensaku.mhlw.go.jp/12/index.php?action_kouhyou_detail_004_kani=true&JigyosyoCd=1261390111-00&ServiceCd=130&Type=search", "url2": "https://astelsupport.co.jp/company/" }, "geometry": { "type": "Point", "coordinates": [ 140.824998599999986, 35.7245025 ] } },
{ "type": "Feature", "properties": { "内容": "らいおんハートクリニック押切【訪問看護】千葉県市川市押切3-7さとみの郷", "url": "https://www.kaigokensaku.mhlw.go.jp/12/index.php?action_kouhyou_detail_004_kani=true&JigyosyoCd=1212715522-00&ServiceCd=130&Type=search", "url2": "https://lion-heart.co/" }, "geometry": { "type": "Point", "coordinates": [ 139.912372499999947, 35.6876743 ] } },
{ "type": "Feature", "properties": { "内容": "シトロン訪問看護【訪問看護】千葉県市川市高谷1-4-8エヴァーグリーン市川108", "url": "https://www.kaigokensaku.mhlw.go.jp/12/index.php?action_kouhyou_detail_004_kani=true&JigyosyoCd=1262790434-00&ServiceCd=130&Type=search", "url2": null }, "geometry": { "type": "Point", "coordinates": [ 139.939863699999933, 35.701694 ] } },
{ "type": "Feature", "properties": { "内容": "らいおんハート訪問看護リハビリステーション行徳【訪問看護】千葉県市川市行徳駅前1-5-1メゾンドサンク101", "url": "https://www.kaigokensaku.mhlw.go.jp/12/index.php?action_kouhyou_detail_004_kani=true&JigyosyoCd=1262790533-00&ServiceCd=130&Type=search", "url2": null }, "geometry": { "type": "Point", "coordinates": [ 139.91698690000004, 35.684492 ] } },
{ "type": "Feature", "properties": { "内容": "訪問看護ステーションはーねす【訪問看護】千葉県市川市幸2-12-10グランドマスト市川行徳内", "url": "https://www.kaigokensaku.mhlw.go.jp/12/index.php?action_kouhyou_detail_004_kani=true&JigyosyoCd=1262790350-00&ServiceCd=130&Type=search", "url2": "https://harness-kk.com/" }, "geometry": { "type": "Point", "coordinates": [ 139.92506179999998, 35.6778894 ] } },
{ "type": "Feature", "properties": { "内容": "訪問看護ステーションなのは【訪問看護】千葉県市川市曽谷2-12-3105", "url": "https://www.kaigokensaku.mhlw.go.jp/12/index.php?action_kouhyou_detail_004_kani=true&JigyosyoCd=1262790384-00&ServiceCd=130&Type=search", "url2": "https://nanoha-t.com/" }, "geometry": { "type": "Point", "coordinates": [ 139.933794200000023, 35.745012099999983 ] } },
{ "type": "Feature", "properties": { "内容": "森メンタルクリニック訪問看護ステーション【訪問看護】千葉県市川市行徳駅前2-16-3芝ビル行徳301号室", "url": "https://www.kaigokensaku.mhlw.go.jp/12/index.php?action_kouhyou_detail_004_kani=true&JigyosyoCd=1262790665-00&ServiceCd=130&Type=search", "url2": null }, "geometry": { "type": "Point", "coordinates": [ 139.913467200000014, 35.6824421 ] } },
{ "type": "Feature", "properties": { "内容": "SOU訪問看護ステーション市川【訪問看護】千葉県市川市南八幡5－1－4田中ビル6階", "url": "https://www.kaigokensaku.mhlw.go.jp/12/index.php?action_kouhyou_detail_004_kani=true&JigyosyoCd=1262790681-00&ServiceCd=130&Type=search", "url2": "https://www.service.sou-seniorcare.co.jp/facility/ns-sh_ichikawa/" }, "geometry": { "type": "Point", "coordinates": [ 139.92527, 35.7211696 ] } },
{ "type": "Feature", "properties": { "内容": "訪問看護ステーションMSC千葉市川【訪問看護】千葉県市川市南八幡三丁目14-17billaina404号", "url": "https://www.kaigokensaku.mhlw.go.jp/12/index.php?action_kouhyou_detail_004_kani=true&JigyosyoCd=1262790699-00&ServiceCd=130&Type=search", "url2": "https://msc-10.co.jp/" }, "geometry": { "type": "Point", "coordinates": [ 139.9262062, 35.7180386 ] } },
{ "type": "Feature", "properties": { "内容": "訪問看護ステーションゆうこう【訪問看護】千葉県市川市日之出１７－９アルテ101", "url": "https://www.kaigokensaku.mhlw.go.jp/12/index.php?action_kouhyou_detail_004_kani=true&JigyosyoCd=1262790038-00&ServiceCd=130&Type=search", "url2": "http://www.gyoutokuchuo-hospital.com/" }, "geometry": { "type": "Point", "coordinates": [ 139.921737490178316, 35.676109786921444 ] } },
{ "type": "Feature", "properties": { "内容": "訪問看護ステーションTHENEXT市川【訪問看護】千葉県市川市新田2-11-17パレドール和弘No2-303", "url": "https://www.kaigokensaku.mhlw.go.jp/12/index.php?action_kouhyou_detail_004_kani=true&JigyosyoCd=1262790673-00&ServiceCd=130&Type=search", "url2": "https://nstep-houmonkango.com" }, "geometry": { "type": "Point", "coordinates": [ 139.9137593, 35.7245014 ] } },
{ "type": "Feature", "properties": { "内容": "ウィル訪問看護ステーション市川【訪問看護】千葉県市川市1-22-10オガワビル1階", "url": "https://www.kaigokensaku.mhlw.go.jp/12/index.php?action_kouhyou_detail_004_kani=true&JigyosyoCd=1262790657-00&ServiceCd=130&Type=search", "url2": "https://wyl.co.jp/" }, "geometry": { "type": "Point", "coordinates": [ 139.9501477, 35.7429043 ] } },
{ "type": "Feature", "properties": { "内容": "DS訪問看護ステーション妙典【訪問看護】千葉県市川市塩焼5-7-25ドミール鈴木303", "url": "https://www.kaigokensaku.mhlw.go.jp/12/index.php?action_kouhyou_detail_004_kani=true&JigyosyoCd=1262790517-00&ServiceCd=130&Type=search", "url2": "https://selrea.co.jp/" }, "geometry": { "type": "Point", "coordinates": [ 139.9276207, 35.6846359 ] } },
{ "type": "Feature", "properties": { "内容": "ぞうさん訪問看護ステーション市川大野【訪問看護】千葉県市川市南大野1-1-26", "url": "https://www.kaigokensaku.mhlw.go.jp/12/index.php?action_kouhyou_detail_004_kani=true&JigyosyoCd=1262790467-00&ServiceCd=130&Type=search", "url2": "https://whospitality.jp" }, "geometry": { "type": "Point", "coordinates": [ 139.9521306, 35.7395114 ] } },
{ "type": "Feature", "properties": { "内容": "セコム市川南訪問看護ステーション【訪問看護】千葉県市川市新田4-5-17プラスワンビル１階", "url": "https://www.kaigokensaku.mhlw.go.jp/12/index.php?action_kouhyou_detail_004_kani=true&JigyosyoCd=1262790566-00&ServiceCd=130&Type=search", "url2": "http://www.nurse-secom.com" }, "geometry": { "type": "Point", "coordinates": [ 139.9099728, 35.7279028 ] } },
{ "type": "Feature", "properties": { "内容": "訪問看護ステーション　いまCoCo【訪問看護】千葉県市川市南大野１－４－９松丸コーポ１B", "url": "https://www.kaigokensaku.mhlw.go.jp/12/index.php?action_kouhyou_detail_004_kani=true&JigyosyoCd=1262790558-00&ServiceCd=130&Type=search", "url2": "https://journeys-crew.com/" }, "geometry": { "type": "Point", "coordinates": [ 139.9514507, 35.7402555 ] } },
{ "type": "Feature", "properties": { "内容": "なないろ訪問看護ステーション【訪問看護】千葉県市川市香取1-4-5エステートピアウイング302号", "url": "https://www.kaigokensaku.mhlw.go.jp/12/index.php?action_kouhyou_detail_004_kani=true&JigyosyoCd=1262790574-00&ServiceCd=130&Type=search", "url2": "https://tnf716.com" }, "geometry": { "type": "Point", "coordinates": [ 139.9060006, 35.6806825 ] } },
{ "type": "Feature", "properties": { "内容": "訪問看護ステーションすみれ【訪問看護】千葉県市川市中国分２－１１－６", "url": "https://www.kaigokensaku.mhlw.go.jp/12/index.php?action_kouhyou_detail_004_kani=true&JigyosyoCd=1262790160-00&ServiceCd=130&Type=search", "url2": "http://www.uedaiin.or.jp/" }, "geometry": { "type": "Point", "coordinates": [ 139.910868899999969, 35.7504902 ] } },
{ "type": "Feature", "properties": { "内容": "セコム市川訪問看護ステーション【訪問看護】千葉県市川市南八幡3-3-16アグレ本八幡201号", "url": "https://www.kaigokensaku.mhlw.go.jp/12/index.php?action_kouhyou_detail_004_kani=true&JigyosyoCd=1262790111-00&ServiceCd=130&Type=search", "url2": "http://www.nurse-secom.com" }, "geometry": { "type": "Point", "coordinates": [ 139.928881, 35.719956 ] } },
{ "type": "Feature", "properties": { "内容": "ドットライフ行徳（訪問看護・リハビリ）【訪問看護】千葉県市川市行徳駅前2丁目17-2T・NKビル5階B", "url": "https://www.kaigokensaku.mhlw.go.jp/12/index.php?action_kouhyou_detail_004_kani=true&JigyosyoCd=1262790525-00&ServiceCd=130&Type=search", "url2": "https://www.dotline-jp.com/rehabili/" }, "geometry": { "type": "Point", "coordinates": [ 139.9136723, 35.6831502 ] } },
{ "type": "Feature", "properties": { "内容": "つばさ訪問看護ステーション【訪問看護】千葉県市川市曽谷6丁目3番1号", "url": "https://www.kaigokensaku.mhlw.go.jp/12/index.php?action_kouhyou_detail_004_kani=true&JigyosyoCd=1262790236-00&ServiceCd=130&Type=search", "url2": "https://yoshino-clinic.jp/course_category/visiting-nursing/" }, "geometry": { "type": "Point", "coordinates": [ 139.92628209999998, 35.7391142 ] } },
{ "type": "Feature", "properties": { "内容": "訪問看護よしみケア【訪問看護】千葉県市川市相之川４－１５－１１大場第２ビル２階", "url": "https://www.kaigokensaku.mhlw.go.jp/12/index.php?action_kouhyou_detail_004_kani=true&JigyosyoCd=1262790509-00&ServiceCd=130&Type=search", "url2": "https://care333.kagoyacloud.com/" }, "geometry": { "type": "Point", "coordinates": [ 139.9009172, 35.6721896 ] } },
{ "type": "Feature", "properties": { "内容": "大野中央訪問看護ステーション【訪問看護】千葉県市川市下貝塚3丁目31番2号", "url": "https://www.kaigokensaku.mhlw.go.jp/12/index.php?action_kouhyou_detail_004_kani=true&JigyosyoCd=1262790145-00&ServiceCd=130&Type=search", "url2": "https://www.ransen.or.jp" }, "geometry": { "type": "Point", "coordinates": [ 139.951166, 35.7386783 ] } },
{ "type": "Feature", "properties": { "内容": "訪問看護ステーションNine市川【訪問看護】千葉県市川市相之川2-15-16サントミーグランドマンション401号室", "url": "https://www.kaigokensaku.mhlw.go.jp/12/index.php?action_kouhyou_detail_004_kani=true&JigyosyoCd=1262790723-00&ServiceCd=130&Type=search", "url2": null }, "geometry": { "type": "Point", "coordinates": [ 139.8956961, 35.6776912 ] } },
{ "type": "Feature", "properties": { "内容": "たていし内科【訪問看護】千葉県市川市北方２－５－１２", "url": "https://www.kaigokensaku.mhlw.go.jp/12/index.php?action_kouhyou_detail_004_kani=true&JigyosyoCd=1212714335-00&ServiceCd=130&Type=search", "url2": "http://www.tateishinaika.com/" }, "geometry": { "type": "Point", "coordinates": [ 139.938553599999977, 35.725222 ] } },
{ "type": "Feature", "properties": { "内容": "訪問看護ステーションすばる【訪問看護】千葉県市川市宮久保２丁目１６番１８号", "url": "https://www.kaigokensaku.mhlw.go.jp/12/index.php?action_kouhyou_detail_004_kani=true&JigyosyoCd=1262790590-00&ServiceCd=130&Type=search", "url2": null }, "geometry": { "type": "Point", "coordinates": [ 139.9321273, 35.7383831 ] } },
{ "type": "Feature", "properties": { "内容": "訪問看護ステーション　ミライ【訪問看護】千葉県市川市広尾１丁目４番８号スターコート広尾", "url": "https://www.kaigokensaku.mhlw.go.jp/12/index.php?action_kouhyou_detail_004_kani=true&JigyosyoCd=1262790582-00&ServiceCd=130&Type=search", "url2": "http://www9.plala.or.jp/taramoyan/miraihome/index.html" }, "geometry": { "type": "Point", "coordinates": [ 139.8918123, 35.6783081 ] } },
{ "type": "Feature", "properties": { "内容": "ベストリハ訪問看護ステーション西船橋【訪問看護】千葉県市川市二俣529番地", "url": "https://www.kaigokensaku.mhlw.go.jp/12/index.php?action_kouhyou_detail_004_kani=true&JigyosyoCd=1262790616-00&ServiceCd=130&Type=search", "url2": "https://bestreha.com/" }, "geometry": { "type": "Point", "coordinates": [ 139.9584803, 35.6996762 ] } },
{ "type": "Feature", "properties": { "内容": "訪問看護リハビリステーションホームケア本八幡【訪問看護】千葉県市川市南八幡3-5-15401", "url": "https://www.kaigokensaku.mhlw.go.jp/12/index.php?action_kouhyou_detail_004_kani=true&JigyosyoCd=1262790327-00&ServiceCd=130&Type=search", "url2": "http://www.homecaremotoyawata.com/" }, "geometry": { "type": "Point", "coordinates": [ 139.927824099999981, 35.7204062 ] } },
{ "type": "Feature", "properties": { "内容": "リリー市川訪問看護ステーション【訪問看護】千葉県市川市新田5-15-2", "url": "https://www.kaigokensaku.mhlw.go.jp/12/index.php?action_kouhyou_detail_004_kani=true&JigyosyoCd=1262790715-00&ServiceCd=130&Type=search", "url2": "https://www.mizuhohealthcare.com/" }, "geometry": { "type": "Point", "coordinates": [ 139.9117478, 35.7278996 ] } },
{ "type": "Feature", "properties": { "内容": "訪問看護ステーション　きらきら【訪問看護】千葉県市川市大野町２丁目105-1", "url": "https://www.kaigokensaku.mhlw.go.jp/12/index.php?action_kouhyou_detail_004_kani=true&JigyosyoCd=1262790137-00&ServiceCd=130&Type=search", "url2": "http://keiryukai.or.jp/kirakira/" }, "geometry": { "type": "Point", "coordinates": [ 139.952428223683143, 35.749126833238279 ] } },
{ "type": "Feature", "properties": { "内容": "仁整形外科【訪問看護】千葉県市川市行徳駅前２－１－１１　２Ｆ", "url": "https://www.kaigokensaku.mhlw.go.jp/12/index.php?action_kouhyou_detail_004_kani=true&JigyosyoCd=1212712776-00&ServiceCd=130&Type=search", "url2": "http://www.jin-c.com/" }, "geometry": { "type": "Point", "coordinates": [ 139.913906600000018, 35.683314799999955 ] } },
{ "type": "Feature", "properties": { "内容": "学研ココファン・ナーシング市川【訪問看護】千葉県市川市本北方３－１２－１０学研ココファン市川中山（併設）", "url": "https://www.kaigokensaku.mhlw.go.jp/12/index.php?action_kouhyou_detail_004_kani=true&JigyosyoCd=1262790376-00&ServiceCd=130&Type=search", "url2": null }, "geometry": { "type": "Point", "coordinates": [ 139.950849699999907, 35.7261495 ] } },
{ "type": "Feature", "properties": { "内容": "訪問看護ステーションデューン市川【訪問看護】千葉県市川市南八幡5丁目11-18八幡実業ビル2階", "url": "https://www.kaigokensaku.mhlw.go.jp/12/index.php?action_kouhyou_detail_004_kani=true&JigyosyoCd=1262790335-00&ServiceCd=130&Type=search", "url2": null }, "geometry": { "type": "Point", "coordinates": [ 139.923905099999956, 35.719462 ] } },
{ "type": "Feature", "properties": { "内容": "セントケア訪問看護ステーション市川【訪問看護】千葉県市川市行徳駅前2-20-9ラグナパーク102", "url": "https://www.kaigokensaku.mhlw.go.jp/12/index.php?action_kouhyou_detail_004_kani=true&JigyosyoCd=1262790228-00&ServiceCd=130&Type=search", "url2": "http://www.saint-care.com/" }, "geometry": { "type": "Point", "coordinates": [ 139.912535487280223, 35.683463343764629 ] } },
{ "type": "Feature", "properties": { "内容": "Reo訪問看護ステーション【訪問看護】千葉県市川市市川4-7-7押賀マンション303", "url": "https://www.kaigokensaku.mhlw.go.jp/12/index.php?action_kouhyou_detail_004_kani=true&JigyosyoCd=1262790640-00&ServiceCd=130&Type=search", "url2": "https://www.reoinc.jp/" }, "geometry": { "type": "Point", "coordinates": [ 139.903133099999962, 35.738569500000018 ] } },
{ "type": "Feature", "properties": { "内容": "おおわだ佐多クリニック【訪問看護】千葉県市川市大和田3-25-8", "url": "https://www.kaigokensaku.mhlw.go.jp/12/index.php?action_kouhyou_detail_004_kani=true&JigyosyoCd=1212716124-00&ServiceCd=130&Type=search", "url2": null }, "geometry": { "type": "Point", "coordinates": [ 139.91560579999998, 35.7156876 ] } },
{ "type": "Feature", "properties": { "内容": "いちかわ訪問看護ステーション【訪問看護】千葉県市川市大洲4-10-21市川市民診療所2階", "url": "https://www.kaigokensaku.mhlw.go.jp/12/index.php?action_kouhyou_detail_004_kani=true&JigyosyoCd=1262790020-00&ServiceCd=130&Type=search", "url2": "http://www.min-iren-c.or.jp/kango/itikawa.php" }, "geometry": { "type": "Point", "coordinates": [ 139.908967100000041, 35.7218004 ] } },
{ "type": "Feature", "properties": { "内容": "訪問看護ステーションにじ【訪問看護】千葉県市川市南八幡3-8-14山本ビル1階", "url": "https://www.kaigokensaku.mhlw.go.jp/12/index.php?action_kouhyou_detail_004_kani=true&JigyosyoCd=1262790541-00&ServiceCd=130&Type=search", "url2": null }, "geometry": { "type": "Point", "coordinates": [ 139.928315909192662, 35.719185019012365 ] } },
{ "type": "Feature", "properties": { "内容": "あすてるカンゴ八幡【訪問看護】千葉県市川市八幡3-29-20秋葉ビル205", "url": "https://www.kaigokensaku.mhlw.go.jp/12/index.php?action_kouhyou_detail_004_kani=true&JigyosyoCd=1262790624-00&ServiceCd=130&Type=search", "url2": "https://astelsupport.co.jp/info/astel-kango/yawata/" }, "geometry": { "type": "Point", "coordinates": [ 139.929120200000028, 35.72609970000002 ] } },
{ "type": "Feature", "properties": { "内容": "新行徳ロイヤル訪問看護ステーション【訪問看護】千葉県市川市本行徳５５２５－４丸大行徳ビル２階", "url": "https://www.kaigokensaku.mhlw.go.jp/12/index.php?action_kouhyou_detail_004_kani=true&JigyosyoCd=1262790046-00&ServiceCd=130&Type=search", "url2": "https://gyo-toku.jp/outline/facilities/homon-kango.html" }, "geometry": { "type": "Point", "coordinates": [ 139.931685073979907, 35.680513862855975 ] } },
{ "type": "Feature", "properties": { "内容": "訪問看護ステーションてくてく【訪問看護】千葉県市川市湊新田１丁目６－１２第三吉ビル１０１", "url": "https://www.kaigokensaku.mhlw.go.jp/12/index.php?action_kouhyou_detail_004_kani=true&JigyosyoCd=1262790459-00&ServiceCd=130&Type=search", "url2": "https://psmgmt.co.jp/tktk/" }, "geometry": { "type": "Point", "coordinates": [ 139.911594878250412, 35.680682922601328 ] } },
{ "type": "Feature", "properties": { "内容": "国際医療福祉大学　すがの訪問看護ステーション【訪問看護】千葉県市川市菅野5-11-13", "url": "https://www.kaigokensaku.mhlw.go.jp/12/index.php?action_kouhyou_detail_004_kani=true&JigyosyoCd=1262790749-00&ServiceCd=130&Type=search", "url2": "https://igh.iuhw.ac.jp/homonkango/index.html" }, "geometry": { "type": "Point", "coordinates": [ 139.922374, 35.7336728 ] } },
{ "type": "Feature", "properties": { "内容": "訪問看護ステーションベストスマイル船橋【訪問看護】千葉県船橋市前原東2-8-4-C1", "url": "https://www.kaigokensaku.mhlw.go.jp/12/index.php?action_kouhyou_detail_004_kani=true&JigyosyoCd=1262890994-00&ServiceCd=130&Type=search", "url2": null }, "geometry": { "type": "Point", "coordinates": [ 140.0285313, 35.6939869 ] } },
{ "type": "Feature", "properties": { "内容": "訪問看護ステーション医ごころ西船橋【訪問看護】千葉県船橋市西船五丁目27番3号", "url": "https://www.kaigokensaku.mhlw.go.jp/12/index.php?action_kouhyou_detail_004_kani=true&JigyosyoCd=1262891117-00&ServiceCd=130&Type=search", "url2": null }, "geometry": { "type": "Point", "coordinates": [ 139.9566661, 35.7090097 ] } },
{ "type": "Feature", "properties": { "内容": "訪問看護ステーションやまさん【訪問看護】千葉県船橋市二和東6丁目42-25ディアコート石井101号", "url": "https://www.kaigokensaku.mhlw.go.jp/12/index.php?action_kouhyou_detail_004_kani=true&JigyosyoCd=1262890879-00&ServiceCd=130&Type=search", "url2": "https://yamasan-hokan.com/" }, "geometry": { "type": "Point", "coordinates": [ 140.02895901431404, 35.753345771342886 ] } },
{ "type": "Feature", "properties": { "内容": "いーね訪問看護ステーション　ふなばし【訪問看護】千葉県船橋市三山7-17-1ランデージ津田沼111号室", "url": "https://www.kaigokensaku.mhlw.go.jp/12/index.php?action_kouhyou_detail_004_kani=true&JigyosyoCd=1262891067-00&ServiceCd=130&Type=search", "url2": "https://ene-kango.com/" }, "geometry": { "type": "Point", "coordinates": [ 140.054345500000011, 35.6964147 ] } },
{ "type": "Feature", "properties": { "内容": "アミカ船橋訪問看護ステーション【訪問看護】千葉県船橋市山手3-6-10アミカの郷船橋", "url": "https://www.kaigokensaku.mhlw.go.jp/12/index.php?action_kouhyou_detail_004_kani=true&JigyosyoCd=1262890705-00&ServiceCd=130&Type=search", "url2": "https://kaigo.alsok.co.jp" }, "geometry": { "type": "Point", "coordinates": [ 139.9779799, 35.7177592 ] } },
{ "type": "Feature", "properties": { "内容": "24訪問看護ステーション【訪問看護】千葉県船橋市前貝塚町877-3ロイヤルヒルズE棟　202号室", "url": "https://www.kaigokensaku.mhlw.go.jp/12/index.php?action_kouhyou_detail_004_kani=true&JigyosyoCd=1262891042-00&ServiceCd=130&Type=search", "url2": null }, "geometry": { "type": "Point", "coordinates": [ 139.974954700000012, 35.7265306 ] } },
{ "type": "Feature", "properties": { "内容": "SOU訪問看護ステーション船橋【訪問看護】千葉県船橋市習志野台3-6-4プランドールS・I　1階", "url": "https://www.kaigokensaku.mhlw.go.jp/12/index.php?action_kouhyou_detail_004_kani=true&JigyosyoCd=1262890788-00&ServiceCd=130&Type=search", "url2": "https://www.service.sou-seniorcare.co.jp" }, "geometry": { "type": "Point", "coordinates": [ 140.050711, 35.7193311 ] } },
{ "type": "Feature", "properties": { "内容": "深沢医院【訪問看護】千葉県船橋市前原西2-8-3", "url": "https://www.kaigokensaku.mhlw.go.jp/12/index.php?action_kouhyou_detail_004_kani=true&JigyosyoCd=1212818706-00&ServiceCd=130&Type=search", "url2": "https://www.fukasawa-cl.jp/" }, "geometry": { "type": "Point", "coordinates": [ 140.019788, 35.6927425 ] } },
{ "type": "Feature", "properties": { "内容": "訪問看護ステーション悠凪【訪問看護】千葉県船橋市東船橋2丁目1-7", "url": "https://www.kaigokensaku.mhlw.go.jp/12/index.php?action_kouhyou_detail_004_kani=true&JigyosyoCd=1262891208-00&ServiceCd=130&Type=search", "url2": "https://yunagi.comceed.co.jp/" }, "geometry": { "type": "Point", "coordinates": [ 140.0018432, 35.700669 ] } },
{ "type": "Feature", "properties": { "内容": "きたなら訪問看護リハビリステーション【訪問看護】千葉県船橋市習志野台2-32-1習志野台２丁目ビル301号", "url": "https://www.kaigokensaku.mhlw.go.jp/12/index.php?action_kouhyou_detail_004_kani=true&JigyosyoCd=1262891174-00&ServiceCd=130&Type=search", "url2": null }, "geometry": { "type": "Point", "coordinates": [ 140.04250110000001, 35.7283205 ] } },
{ "type": "Feature", "properties": { "内容": "フラクタル訪問看護　船橋【訪問看護】千葉県船橋市三山６丁目２２−２パレ・ドール小川201", "url": "https://www.kaigokensaku.mhlw.go.jp/12/index.php?action_kouhyou_detail_004_kani=true&JigyosyoCd=1262891190-00&ServiceCd=130&Type=search", "url2": "https://fractal-hokan.com" }, "geometry": { "type": "Point", "coordinates": [ 140.0569399, 35.7024498 ] } },
{ "type": "Feature", "properties": { "内容": "サンウェルズ船橋訪問看護ステーション【訪問看護】千葉県船橋市二子町561", "url": "https://www.kaigokensaku.mhlw.go.jp/12/index.php?action_kouhyou_detail_004_kani=true&JigyosyoCd=1262891166-00&ServiceCd=130&Type=search", "url2": "https://sunwels.jp/" }, "geometry": { "type": "Point", "coordinates": [ 139.9458024, 35.7098048 ] } },
{ "type": "Feature", "properties": { "内容": "フローレンス船橋【訪問看護】千葉県船橋市本町6-3-16レックスマンション103号", "url": "https://www.kaigokensaku.mhlw.go.jp/12/index.php?action_kouhyou_detail_004_kani=true&JigyosyoCd=1262890556-00&ServiceCd=130&Type=search", "url2": "https://florence-n.co.jp/" }, "geometry": { "type": "Point", "coordinates": [ 139.987411, 35.703341300000019 ] } },
{ "type": "Feature", "properties": { "内容": "ウェルフォース訪問看護ステーション船橋【訪問看護】千葉県船橋市行田1-26-31第二森田マンション104", "url": "https://www.kaigokensaku.mhlw.go.jp/12/index.php?action_kouhyou_detail_004_kani=true&JigyosyoCd=1262890812-00&ServiceCd=130&Type=search", "url2": "https://welforce.jp/" }, "geometry": { "type": "Point", "coordinates": [ 139.9749539, 35.7236556 ] } },
{ "type": "Feature", "properties": { "内容": "さくら訪問看護リハビリステーション【訪問看護】千葉県船橋市丸山３－５１－１１", "url": "https://www.kaigokensaku.mhlw.go.jp/12/index.php?action_kouhyou_detail_004_kani=true&JigyosyoCd=1262890549-00&ServiceCd=130&Type=search", "url2": "https://sakurakango.com/" }, "geometry": { "type": "Point", "coordinates": [ 139.992232899999976, 35.753174499999986 ] } },
{ "type": "Feature", "properties": { "内容": "訪問看護かえりえ新高根【訪問看護】千葉県船橋市高根台1-7-8飯田ビル2階", "url": "https://www.kaigokensaku.mhlw.go.jp/12/index.php?action_kouhyou_detail_004_kani=true&JigyosyoCd=1262890457-00&ServiceCd=130&Type=search", "url2": "http://www.yasashiite.com" }, "geometry": { "type": "Point", "coordinates": [ 140.023517800000036, 35.737498 ] } },
{ "type": "Feature", "properties": { "内容": "エール訪問看護ステーション【訪問看護】千葉県船橋市習志野台6－24－10森ビル", "url": "https://www.kaigokensaku.mhlw.go.jp/12/index.php?action_kouhyou_detail_004_kani=true&JigyosyoCd=1262890671-00&ServiceCd=130&Type=search", "url2": "https://hakuukai.or.jp/aile/" }, "geometry": { "type": "Point", "coordinates": [ 140.0529259, 35.7208156 ] } },
{ "type": "Feature", "properties": { "内容": "ココ訪問看護・リハビリステーション藤原【訪問看護】千葉県船橋市藤原7-7-10", "url": "https://www.kaigokensaku.mhlw.go.jp/12/index.php?action_kouhyou_detail_004_kani=true&JigyosyoCd=1262891109-00&ServiceCd=130&Type=search", "url2": "https://coconoki.jp/" }, "geometry": { "type": "Point", "coordinates": [ 139.9888427, 35.7397672 ] } },
{ "type": "Feature", "properties": { "内容": "訪問看護ステーションISGem【訪問看護】千葉県船橋市藤原3-16-17アイエスジー株式会社　本社3階", "url": "https://www.kaigokensaku.mhlw.go.jp/12/index.php?action_kouhyou_detail_004_kani=true&JigyosyoCd=1262891000-00&ServiceCd=130&Type=search", "url2": "https://www.isgnet.jp/isgem/" }, "geometry": { "type": "Point", "coordinates": [ 139.9767919, 35.7424935 ] } },
{ "type": "Feature", "properties": { "内容": "セコム船橋訪問看護ステーション【訪問看護】千葉県船橋市西船４-１１-１０第５田中ビル２０２号室", "url": "https://www.kaigokensaku.mhlw.go.jp/12/index.php?action_kouhyou_detail_004_kani=true&JigyosyoCd=1262890184-00&ServiceCd=130&Type=search", "url2": "http://medical.secom.co.jp/" }, "geometry": { "type": "Point", "coordinates": [ 139.960596696047986, 35.708706674378618 ] } },
{ "type": "Feature", "properties": { "内容": "訪問看護ステーションはな西船橋【訪問看護】千葉県船橋市海神町西1‐1067‐4ヴィレッタ西船102", "url": "https://www.kaigokensaku.mhlw.go.jp/12/index.php?action_kouhyou_detail_004_kani=true&JigyosyoCd=1262890911-00&ServiceCd=130&Type=search", "url2": "https://hana-gr.com" }, "geometry": { "type": "Point", "coordinates": [ 139.9683958, 35.7030311 ] } },
{ "type": "Feature", "properties": { "内容": "くれよん訪問看護リハビリステーション船橋【訪問看護】千葉県船橋市新高根1-8-17", "url": "https://www.kaigokensaku.mhlw.go.jp/12/index.php?action_kouhyou_detail_004_kani=true&JigyosyoCd=1262890713-00&ServiceCd=130&Type=search", "url2": "https://crayon-houmonkango.com/station/funabashi/" }, "geometry": { "type": "Point", "coordinates": [ 140.021284928424052, 35.722756108968753 ] } },
{ "type": "Feature", "properties": { "内容": "さかいリハ訪問看護ステーション・船橋【訪問看護】千葉県船橋市薬円台5-6-6", "url": "https://www.kaigokensaku.mhlw.go.jp/12/index.php?action_kouhyou_detail_004_kani=true&JigyosyoCd=1262890150-00&ServiceCd=130&Type=search", "url2": "http://www.reha.co.jp/" }, "geometry": { "type": "Point", "coordinates": [ 140.038868, 35.7101656 ] } },
{ "type": "Feature", "properties": { "内容": "訪問看護ステーションまめの木【訪問看護】千葉県船橋市三咲5-32-23ウイングスコート201", "url": "https://www.kaigokensaku.mhlw.go.jp/12/index.php?action_kouhyou_detail_004_kani=true&JigyosyoCd=1262891091-00&ServiceCd=130&Type=search", "url2": null }, "geometry": { "type": "Point", "coordinates": [ 140.03051880000001, 35.7481297 ] } },
{ "type": "Feature", "properties": { "内容": "あおい訪問看護ステーション【訪問看護】千葉県船橋市丸山３−１−２−２０２", "url": "https://www.kaigokensaku.mhlw.go.jp/12/index.php?action_kouhyou_detail_004_kani=true&JigyosyoCd=1262890986-00&ServiceCd=130&Type=search", "url2": "https://visitcare-aoi.com/" }, "geometry": { "type": "Point", "coordinates": [ 139.993241700000027, 35.7481595 ] } },
{ "type": "Feature", "properties": { "内容": "ドットライフ船橋（訪問看護・リハビリ）【訪問看護】千葉県船橋市東船橋2-21-6RFIELDSFUNABASHI2階", "url": "https://www.kaigokensaku.mhlw.go.jp/12/index.php?action_kouhyou_detail_004_kani=true&JigyosyoCd=1262890754-00&ServiceCd=130&Type=search", "url2": "https://www.dotline-jp.com/rehabili/" }, "geometry": { "type": "Point", "coordinates": [ 140.003923299999968, 35.7032732 ] } },
{ "type": "Feature", "properties": { "内容": "ぞうさん訪問看護ステーション【訪問看護】千葉県船橋市二和東6-16-16201", "url": "https://www.kaigokensaku.mhlw.go.jp/12/index.php?action_kouhyou_detail_004_kani=true&JigyosyoCd=1262890648-00&ServiceCd=130&Type=search", "url2": "https://whospitality.jp/" }, "geometry": { "type": "Point", "coordinates": [ 140.0228462, 35.7549368 ] } },
{ "type": "Feature", "properties": { "内容": "SOU訪問看護ステーション東船橋【訪問看護】千葉県船橋市東船橋1-35-17", "url": "https://www.kaigokensaku.mhlw.go.jp/12/index.php?action_kouhyou_detail_004_kani=true&JigyosyoCd=1262891133-00&ServiceCd=130&Type=search", "url2": "https://www.service.sou-seniorcare.co.jp" }, "geometry": { "type": "Point", "coordinates": [ 140.0025255, 35.6996349 ] } },
{ "type": "Feature", "properties": { "内容": "カイト訪問看護リハビリステーション【訪問看護】千葉県船橋市前原西2-12-8鈴木生花ビル3F", "url": "https://www.kaigokensaku.mhlw.go.jp/12/index.php?action_kouhyou_detail_004_kani=true&JigyosyoCd=1262890796-00&ServiceCd=130&Type=search", "url2": "https://www.kaito-co.net/" }, "geometry": { "type": "Point", "coordinates": [ 140.022288300000014, 35.6930496 ] } },
{ "type": "Feature", "properties": { "内容": "あるとら訪問看護ステーション【訪問看護】千葉県船橋市田喜野井4-7-72階", "url": "https://www.kaigokensaku.mhlw.go.jp/12/index.php?action_kouhyou_detail_004_kani=true&JigyosyoCd=1262890960-00&ServiceCd=130&Type=search", "url2": "http://kklifeup.co.jp/ultra/" }, "geometry": { "type": "Point", "coordinates": [ 140.0369148, 35.7031408 ] } },
{ "type": "Feature", "properties": { "内容": "DS訪問看護ステーション船橋【訪問看護】千葉県船橋市芝山４丁目３０−１１", "url": "https://www.kaigokensaku.mhlw.go.jp/12/index.php?action_kouhyou_detail_004_kani=true&JigyosyoCd=1262891125-00&ServiceCd=130&Type=search", "url2": "https://selrea.co.jp/" }, "geometry": { "type": "Point", "coordinates": [ 140.0236927, 35.7214936 ] } },
{ "type": "Feature", "properties": { "内容": "エン・メディカルケア訪問看護リハビリステーション【訪問看護】千葉県船橋市本郷町452番地アミカル高橋105", "url": "https://www.kaigokensaku.mhlw.go.jp/12/index.php?action_kouhyou_detail_004_kani=true&JigyosyoCd=1262890846-00&ServiceCd=130&Type=search", "url2": "https://en-medicalcare.com/" }, "geometry": { "type": "Point", "coordinates": [ 139.9542533, 35.7080333 ] } },
{ "type": "Feature", "properties": { "内容": "アテナ訪問看護ステーション【訪問看護】千葉県船橋市西船5-20-1アーバンハイツ梨本103", "url": "https://www.kaigokensaku.mhlw.go.jp/12/index.php?action_kouhyou_detail_004_kani=true&JigyosyoCd=1262890861-00&ServiceCd=130&Type=search", "url2": "http://athenahoukan.com/" }, "geometry": { "type": "Point", "coordinates": [ 139.954375357672149, 35.710744390384754 ] } },
{ "type": "Feature", "properties": { "内容": "訪問看護リハビリステーションヒューマン・ケア総合センター【訪問看護】千葉県船橋市西船4-18-12ベラージュ西船201", "url": "https://www.kaigokensaku.mhlw.go.jp/12/index.php?action_kouhyou_detail_004_kani=true&JigyosyoCd=1262890416-00&ServiceCd=130&Type=search", "url2": "https://www.meigakukan.co.jp/human-care/" }, "geometry": { "type": "Point", "coordinates": [ 139.957521899999961, 35.7097213 ] } },
{ "type": "Feature", "properties": { "内容": "看護クラーク西船橋【訪問看護】千葉県船橋市東中山2-2-19プリマヴェーラ202", "url": "https://www.kaigokensaku.mhlw.go.jp/12/index.php?action_kouhyou_detail_004_kani=true&JigyosyoCd=1262890689-00&ServiceCd=130&Type=search", "url2": null }, "geometry": { "type": "Point", "coordinates": [ 139.9534926, 35.7147351 ] } },
{ "type": "Feature", "properties": { "内容": "訪問看護ステーションデューン船橋【訪問看護】千葉県船橋市本町5-8-5アメニティプラザ104", "url": "https://www.kaigokensaku.mhlw.go.jp/12/index.php?action_kouhyou_detail_004_kani=true&JigyosyoCd=1262890291-00&ServiceCd=130&Type=search", "url2": "http://www.nfield.co.jp" }, "geometry": { "type": "Point", "coordinates": [ 139.988350800000035, 35.703213 ] } },
{ "type": "Feature", "properties": { "内容": "訪問看護ステーションきゃろっと【訪問看護】千葉県船橋市北本町２－６６－２０", "url": "https://www.kaigokensaku.mhlw.go.jp/12/index.php?action_kouhyou_detail_004_kani=true&JigyosyoCd=1262890077-00&ServiceCd=130&Type=search", "url2": null }, "geometry": { "type": "Point", "coordinates": [ 139.984256398611507, 35.713664830504378 ] } },
{ "type": "Feature", "properties": { "内容": "リニエ訪問看護ステーション船橋【訪問看護】千葉県船橋市習志野台4-6-16バイエルン習志野台101", "url": "https://www.kaigokensaku.mhlw.go.jp/12/index.php?action_kouhyou_detail_004_kani=true&JigyosyoCd=1262890697-00&ServiceCd=130&Type=search", "url2": "https://linie-group.jp/office/houmonkango-funabashi/" }, "geometry": { "type": "Point", "coordinates": [ 140.044494500000013, 35.7154679 ] } },
{ "type": "Feature", "properties": { "内容": "サニー訪問看護ステーション【訪問看護】千葉県船橋市本中山1-8-16稲川ビル２階", "url": "https://www.kaigokensaku.mhlw.go.jp/12/index.php?action_kouhyou_detail_004_kani=true&JigyosyoCd=1262890721-00&ServiceCd=130&Type=search", "url2": "http://hp.kaipoke.biz/udh/" }, "geometry": { "type": "Point", "coordinates": [ 139.945219953967296, 35.716614946714685 ] } },
{ "type": "Feature", "properties": { "内容": "訪問看護ステーショントータルケア津田沼【訪問看護】千葉県船橋市前原東4-13-5メゾンドゥティラミス402", "url": "https://www.kaigokensaku.mhlw.go.jp/12/index.php?action_kouhyou_detail_004_kani=true&JigyosyoCd=1262891224-00&ServiceCd=130&Type=search", "url2": "https://lecaldo.co.jp/total-care-tsudanuma/" }, "geometry": { "type": "Point", "coordinates": [ 140.028410900000011, 35.699907 ] } },
{ "type": "Feature", "properties": { "内容": "船橋総合病院附属あい在宅クリニック【訪問看護】千葉県船橋市北本町2-66-20", "url": "https://www.kaigokensaku.mhlw.go.jp/12/index.php?action_kouhyou_detail_004_kani=true&JigyosyoCd=1212818367-00&ServiceCd=130&Type=search", "url2": "http://www.fgh-carrot.com/dept/ai_clinic/" }, "geometry": { "type": "Point", "coordinates": [ 139.9841061, 35.7136676 ] } },
{ "type": "Feature", "properties": { "内容": "志村医院【訪問看護】千葉県船橋市三山８－１－２", "url": "https://www.kaigokensaku.mhlw.go.jp/12/index.php?action_kouhyou_detail_004_kani=true&JigyosyoCd=1212819415-00&ServiceCd=130&Type=search", "url2": "http://www.simura-iin.com" }, "geometry": { "type": "Point", "coordinates": [ 140.054605800000019, 35.6961307 ] } },
{ "type": "Feature", "properties": { "内容": "セコム船橋本町訪問看護ステーション【訪問看護】千葉県船橋市本町1丁目17番3号市川ビル201号室", "url": "https://www.kaigokensaku.mhlw.go.jp/12/index.php?action_kouhyou_detail_004_kani=true&JigyosyoCd=1262890358-00&ServiceCd=130&Type=search", "url2": "http://medical.secom.co.jp/index.html" }, "geometry": { "type": "Point", "coordinates": [ 139.680466, 35.6794051 ] } },
{ "type": "Feature", "properties": { "内容": "医療法人徳洲会　訪問看護ステーションほのぼの【訪問看護】千葉県船橋市高根台2-11-1千葉徳洲会病院内", "url": "https://www.kaigokensaku.mhlw.go.jp/12/index.php?action_kouhyou_detail_004_kani=true&JigyosyoCd=1262890762-00&ServiceCd=130&Type=search", "url2": "https://www.chibatoku.or.jp/" }, "geometry": { "type": "Point", "coordinates": [ 140.0329078, 35.7316079 ] } },
{ "type": "Feature", "properties": { "内容": "あおい鳥訪問看護ステーション【訪問看護】千葉県船橋市三山5-25-1ファミリーハイツK203号室", "url": "https://www.kaigokensaku.mhlw.go.jp/12/index.php?action_kouhyou_detail_004_kani=true&JigyosyoCd=1262891141-00&ServiceCd=130&Type=search", "url2": null }, "geometry": { "type": "Point", "coordinates": [ 140.0524805, 35.7040457 ] } },
{ "type": "Feature", "properties": { "内容": "生活クラブ風の村訪問看護ステーション高根台【訪問看護】千葉県船橋市高根台6丁目2番22号ロイヤルSXビル2F", "url": "https://www.kaigokensaku.mhlw.go.jp/12/index.php?action_kouhyou_detail_004_kani=true&JigyosyoCd=1262890390-00&ServiceCd=130&Type=search", "url2": "http://kazenomura.jp/search/shisetsu/houmon.takanedai.html" }, "geometry": { "type": "Point", "coordinates": [ 140.035218073571741, 35.731951113949549 ] } },
{ "type": "Feature", "properties": { "内容": "医療法人弘仁会　板倉病院【訪問看護】千葉県船橋市本町2-10-1", "url": "https://www.kaigokensaku.mhlw.go.jp/12/index.php?action_kouhyou_detail_004_kani=true&JigyosyoCd=1212810091-00&ServiceCd=130&Type=search", "url2": "http://www.itakura.or.jp" }, "geometry": { "type": "Point", "coordinates": [ 139.982579100000066, 35.6976888 ] } },
{ "type": "Feature", "properties": { "内容": "セコメディック訪問看護ステーション【訪問看護】千葉県船橋市豊富町696-1", "url": "https://www.kaigokensaku.mhlw.go.jp/12/index.php?action_kouhyou_detail_004_kani=true&JigyosyoCd=1262890176-00&ServiceCd=130&Type=search", "url2": "http://www.secomedic.gr.jp/" }, "geometry": { "type": "Point", "coordinates": [ 140.074868599999945, 35.7632979 ] } },
{ "type": "Feature", "properties": { "内容": "前原ハート訪問看護ステーション【訪問看護】千葉県船橋市前原東４－２１－６", "url": "https://www.kaigokensaku.mhlw.go.jp/12/index.php?action_kouhyou_detail_004_kani=true&JigyosyoCd=1262890465-00&ServiceCd=130&Type=search", "url2": "https://maebara-heart.com/" }, "geometry": { "type": "Point", "coordinates": [ 140.026271522090155, 35.698866615286484 ] } },
{ "type": "Feature", "properties": { "内容": "訪問看護　keiナースステーション【訪問看護】千葉県船橋市三山8-7-2-２階", "url": "https://www.kaigokensaku.mhlw.go.jp/12/index.php?action_kouhyou_detail_004_kani=true&JigyosyoCd=1262890838-00&ServiceCd=130&Type=search", "url2": "https://www.simura-iin.com/" }, "geometry": { "type": "Point", "coordinates": [ 140.054566804229722, 35.696083845866795 ] } },
{ "type": "Feature", "properties": { "内容": "ロータス訪問看護ステーション【訪問看護】千葉県船橋市藤原5-23-2", "url": "https://www.kaigokensaku.mhlw.go.jp/12/index.php?action_kouhyou_detail_004_kani=true&JigyosyoCd=1262890085-00&ServiceCd=130&Type=search", "url2": "http://www.itakura.or.jp/" }, "geometry": { "type": "Point", "coordinates": [ 139.982102700000041, 35.7398087 ] } },
{ "type": "Feature", "properties": { "内容": "悠【訪問看護】千葉県船橋市湊町３－１９－５", "url": "https://www.kaigokensaku.mhlw.go.jp/12/index.php?action_kouhyou_detail_004_kani=true&JigyosyoCd=1262890143-00&ServiceCd=130&Type=search", "url2": "http://www.kaigonoyou.com" }, "geometry": { "type": "Point", "coordinates": [ 139.982029300000022, 35.690548 ] } },
{ "type": "Feature", "properties": { "内容": "さかいリハ訪問看護ステーション・西船橋【訪問看護】千葉県船橋市海神町南1-1742-1", "url": "https://www.kaigokensaku.mhlw.go.jp/12/index.php?action_kouhyou_detail_004_kani=true&JigyosyoCd=1262890598-00&ServiceCd=130&Type=search", "url2": "https://sakaireha.com" }, "geometry": { "type": "Point", "coordinates": [ 139.962186200000019, 35.702714800000024 ] } },
{ "type": "Feature", "properties": { "内容": "訪問看護ステーションレ・アーリ船橋【訪問看護】千葉県船橋市北本町2丁目62‐7金子マンション5番館102号室", "url": "https://www.kaigokensaku.mhlw.go.jp/12/index.php?action_kouhyou_detail_004_kani=true&JigyosyoCd=1262890929-00&ServiceCd=130&Type=search", "url2": "http://le-ali.jp/" }, "geometry": { "type": "Point", "coordinates": [ 139.9866183, 35.7168843 ] } },
{ "type": "Feature", "properties": { "内容": "ブルースター船橋【訪問看護】千葉県船橋市三咲5-33-5つぼいやビル１F", "url": "https://www.kaigokensaku.mhlw.go.jp/12/index.php?action_kouhyou_detail_004_kani=true&JigyosyoCd=1262891018-00&ServiceCd=130&Type=search", "url2": "https://wellstar.jp/" }, "geometry": { "type": "Point", "coordinates": [ 140.02948522567749, 35.748632538550019 ] } },
{ "type": "Feature", "properties": { "内容": "セントケア訪問看護ステーション船橋【訪問看護】千葉県船橋市北本町1-10-15", "url": "https://www.kaigokensaku.mhlw.go.jp/12/index.php?action_kouhyou_detail_004_kani=true&JigyosyoCd=1262890408-00&ServiceCd=130&Type=search", "url2": "http://www.saint-care.com/" }, "geometry": { "type": "Point", "coordinates": [ 139.981878942993774, 35.713799248923898 ] } },
{ "type": "Feature", "properties": { "内容": "ＳＯＭＰＯケア　船橋山野　訪問看護【訪問看護】千葉県船橋市本町７－１１－５KDXビル５０２号室", "url": "https://www.kaigokensaku.mhlw.go.jp/12/index.php?action_kouhyou_detail_004_kani=true&JigyosyoCd=1262890531-00&ServiceCd=130&Type=search", "url2": "https:www.sompocare.com/service/zaitaku/kango/Z000698" }, "geometry": { "type": "Point", "coordinates": [ 139.984527135478857, 35.70388584617244 ] } },
{ "type": "Feature", "properties": { "内容": "ハピネス訪問看護ステーション【訪問看護】千葉県船橋市新高根6-38-12ロアジス202", "url": "https://www.kaigokensaku.mhlw.go.jp/12/index.php?action_kouhyou_detail_004_kani=true&JigyosyoCd=1262890630-00&ServiceCd=130&Type=search", "url2": "https://www.care-partner.com/place/happiness_kango/" }, "geometry": { "type": "Point", "coordinates": [ 140.0273743, 35.7250873 ] } },
{ "type": "Feature", "properties": { "内容": "いけだ訪問看護ステーション【訪問看護】千葉県船橋市前原東1-6-4", "url": "https://www.kaigokensaku.mhlw.go.jp/12/index.php?action_kouhyou_detail_004_kani=true&JigyosyoCd=1262890366-00&ServiceCd=130&Type=search", "url2": null }, "geometry": { "type": "Point", "coordinates": [ 140.025556100000017, 35.6926588 ] } },
{ "type": "Feature", "properties": { "内容": "訪問看護ステーションノテ南船橋【訪問看護】千葉県船橋市若松2-3-51特別養護老人ホームノテ南船橋", "url": "https://www.kaigokensaku.mhlw.go.jp/12/index.php?action_kouhyou_detail_004_kani=true&JigyosyoCd=1262891240-00&ServiceCd=130&Type=search", "url2": "https:/www.note.or.jp" }, "geometry": { "type": "Point", "coordinates": [ 139.997295890212996, 35.679847416254887 ] } },
{ "type": "Feature", "properties": { "内容": "みらい訪問看護ステーション【訪問看護】千葉県船橋市海神4-9-22", "url": "https://www.kaigokensaku.mhlw.go.jp/12/index.php?action_kouhyou_detail_004_kani=true&JigyosyoCd=1262891232-00&ServiceCd=130&Type=search", "url2": null }, "geometry": { "type": "Point", "coordinates": [ 139.9740067, 35.7047978 ] } },
{ "type": "Feature", "properties": { "内容": "こどケア訪問看護ステーション船橋【訪問看護】千葉県船橋市南三咲1-32-8カーサ御滝A202", "url": "https://www.kaigokensaku.mhlw.go.jp/12/index.php?action_kouhyou_detail_004_kani=true&JigyosyoCd=1262891158-00&ServiceCd=130&Type=search", "url2": "https://freepos.jp/" }, "geometry": { "type": "Point", "coordinates": [ 140.0212718, 35.7347727 ] } },
{ "type": "Feature", "properties": { "内容": "訪問看護ステーション丸美ライフサービス【訪問看護】千葉県船橋市本町2-26-20", "url": "https://www.kaigokensaku.mhlw.go.jp/12/index.php?action_kouhyou_detail_004_kani=true&JigyosyoCd=1262890259-00&ServiceCd=130&Type=search", "url2": "http://www.marumi-life.co.jp/" }, "geometry": { "type": "Point", "coordinates": [ 139.982972538623017, 35.69868431742519 ] } },
{ "type": "Feature", "properties": { "内容": "訪問看護ステーション「さくら咲くふなばし」【訪問看護】千葉県船橋市習志野台4-10-12", "url": "https://www.kaigokensaku.mhlw.go.jp/12/index.php?action_kouhyou_detail_004_kani=true&JigyosyoCd=1262890747-00&ServiceCd=130&Type=search", "url2": "https://sakurasakuyachiyo.com/" }, "geometry": { "type": "Point", "coordinates": [ 140.0444297, 35.7170975 ] } },
{ "type": "Feature", "properties": { "内容": "船橋中央病院附属訪問看護ステーション【訪問看護】千葉県船橋市海神6-13-10船橋中央病院内　3階", "url": "https://www.kaigokensaku.mhlw.go.jp/12/index.php?action_kouhyou_detail_004_kani=true&JigyosyoCd=1262890564-00&ServiceCd=130&Type=search", "url2": "https://funabashi.jcho.go.jp/" }, "geometry": { "type": "Point", "coordinates": [ 139.969571299999984, 35.7059076 ] } },
{ "type": "Feature", "properties": { "内容": "ふたわ訪問看護ステーション【訪問看護】千葉県船橋市二和東5-1-1二和ふれあいクリニック3階", "url": "https://www.kaigokensaku.mhlw.go.jp/12/index.php?action_kouhyou_detail_004_kani=true&JigyosyoCd=1262890242-00&ServiceCd=130&Type=search", "url2": "https://chiba-kin-ikyo.jp/index.html" }, "geometry": { "type": "Point", "coordinates": [ 140.021425499999964, 35.7509281 ] } },
{ "type": "Feature", "properties": { "内容": "24訪問看護ステーション夏見台【訪問看護】千葉県船橋市夏見台6丁目16番13号　ニフティAI　303号室", "url": "https://www.kaigokensaku.mhlw.go.jp/12/index.php?action_kouhyou_detail_004_kani=true&JigyosyoCd=1262891257-00&ServiceCd=130&Type=search", "url2": null }, "geometry": { "type": "Point", "coordinates": [ 139.9960327, 35.7265798 ] } },
{ "type": "Feature", "properties": { "内容": "船橋市リハビリセンター訪問看護ステーション【訪問看護】千葉県船橋市飯山満町２－５１９－３", "url": "https://www.kaigokensaku.mhlw.go.jp/12/index.php?action_kouhyou_detail_004_kani=true&JigyosyoCd=1262890440-00&ServiceCd=130&Type=search", "url2": "http://www.funabashi-rehacen.com" }, "geometry": { "type": "Point", "coordinates": [ 140.0226781, 35.7058378 ] } },
{ "type": "Feature", "properties": { "内容": "Amoeba訪問看護ステーション【訪問看護】千葉県船橋市習志野台2丁目14番21号MOビル　2階", "url": "https://www.kaigokensaku.mhlw.go.jp/12/index.php?action_kouhyou_detail_004_kani=true&JigyosyoCd=1262890804-00&ServiceCd=130&Type=search", "url2": "https://amoeba-houkan.com/" }, "geometry": { "type": "Point", "coordinates": [ 140.040167980426048, 35.727439680893902 ] } },
{ "type": "Feature", "properties": { "内容": "東武塚田クリニック在宅医療・訪問看護部【訪問看護】千葉県船橋市前貝塚町５６５－１２", "url": "https://www.kaigokensaku.mhlw.go.jp/12/index.php?action_kouhyou_detail_004_kani=true&JigyosyoCd=1212814010-00&ServiceCd=130&Type=search", "url2": "https://www.tobutsukada-cl.com" }, "geometry": { "type": "Point", "coordinates": [ 139.983164399999964, 35.7227329 ] } },
{ "type": "Feature", "properties": { "内容": "アン訪問看護ステーション【訪問看護】千葉県船橋市本町２－２９－９1階", "url": "https://www.kaigokensaku.mhlw.go.jp/12/index.php?action_kouhyou_detail_004_kani=true&JigyosyoCd=1262890523-00&ServiceCd=130&Type=search", "url2": "https://anhoumonkango.wixsite.com/0861" }, "geometry": { "type": "Point", "coordinates": [ 139.984915099999967, 35.6969249 ] } },
{ "type": "Feature", "properties": { "内容": "若葉クリニック【訪問看護】千葉県船橋市上山町1-156-1ベルグプレシャデス船橋112", "url": "https://www.kaigokensaku.mhlw.go.jp/12/index.php?action_kouhyou_detail_004_kani=true&JigyosyoCd=1212818375-00&ServiceCd=130&Type=search", "url2": "https://wakaba-cl.doctorsfile.jp/" }, "geometry": { "type": "Point", "coordinates": [ 139.9704104, 35.7289256 ] } },
{ "type": "Feature", "properties": { "内容": "医心館訪問看護ステーション西船橋Ⅱ【訪問看護】千葉県船橋市印内町636番地１", "url": "https://www.kaigokensaku.mhlw.go.jp/12/index.php?action_kouhyou_detail_004_kani=true&JigyosyoCd=1262891273-00&ServiceCd=130&Type=search", "url2": null }, "geometry": { "type": "Point", "coordinates": [ 139.958260430885559, 35.705786425646046 ] } },
{ "type": "Feature", "properties": { "内容": "ストック訪問看護ステーション【訪問看護】千葉県船橋市西習志野2丁目24-8松本ビル2階B号室", "url": "https://www.kaigokensaku.mhlw.go.jp/12/index.php?action_kouhyou_detail_004_kani=true&JigyosyoCd=1262891265-00&ServiceCd=130&Type=search", "url2": "https://www.stock-houmonkango.com/" }, "geometry": { "type": "Point", "coordinates": [ 140.0399175, 35.7229198 ] } },
{ "type": "Feature", "properties": { "内容": "あったかホーム訪問看護リハビリステーション【訪問看護】千葉県船橋市咲が丘1-25-6イストワール２０３", "url": "https://www.kaigokensaku.mhlw.go.jp/12/index.php?action_kouhyou_detail_004_kani=true&JigyosyoCd=1262890499-00&ServiceCd=130&Type=search", "url2": "https://attaka-home.com/" }, "geometry": { "type": "Point", "coordinates": [ 140.01687, 35.758819 ] } },
{ "type": "Feature", "properties": { "内容": "イリーゼ船橋塚田訪問看護ステーション【訪問看護】千葉県船橋市行田1-40-21", "url": "https://www.kaigokensaku.mhlw.go.jp/12/index.php?action_kouhyou_detail_004_kani=true&JigyosyoCd=1262891281-00&ServiceCd=130&Type=search", "url2": null }, "geometry": { "type": "Point", "coordinates": [ 139.9784855, 35.7226822 ] } },
{ "type": "Feature", "properties": { "内容": "土居内科訪問看護ステーション【訪問看護】千葉県船橋市東中山1-17-12-3土居ビルANNEX", "url": "https://www.kaigokensaku.mhlw.go.jp/12/index.php?action_kouhyou_detail_004_kani=true&JigyosyoCd=1262891026-00&ServiceCd=130&Type=search", "url2": "https://www.doinaika-kango.com/" }, "geometry": { "type": "Point", "coordinates": [ 139.947448531877143, 35.713599478596691 ] } },
{ "type": "Feature", "properties": { "内容": "おあしすリハビリ訪問看護ステーション船橋【訪問看護】千葉県船橋市本町７-1３-8　２階", "url": "https://www.kaigokensaku.mhlw.go.jp/12/index.php?action_kouhyou_detail_004_kani=true&JigyosyoCd=1262890432-00&ServiceCd=130&Type=search", "url2": "https://www.be-oasis2003.com/" }, "geometry": { "type": "Point", "coordinates": [ 139.982675539364664, 35.704095291657914 ] } },
{ "type": "Feature", "properties": { "内容": "すてっぷ訪問看護ステーションみもざ【訪問看護】千葉県館山市八幡535", "url": "https://www.kaigokensaku.mhlw.go.jp/12/index.php?action_kouhyou_detail_004_kani=true&JigyosyoCd=1263690146-00&ServiceCd=130&Type=search", "url2": "https://lifegraffiti8088.wixsite.com/step" }, "geometry": { "type": "Point", "coordinates": [ 139.9328454, 35.7239425 ] } },
{ "type": "Feature", "properties": { "内容": "訪問看護ステーション事業医療法人博正会ナースケア北条【訪問看護】千葉県館山市北条1096番地の1", "url": "https://www.kaigokensaku.mhlw.go.jp/12/index.php?action_kouhyou_detail_004_kani=true&JigyosyoCd=1263690088-00&ServiceCd=130&Type=search", "url2": "https://hojo-byoin.jp/group/nursecare.html" }, "geometry": { "type": "Point", "coordinates": [ 139.869420900000023, 34.993245 ] } },
{ "type": "Feature", "properties": { "内容": "マリア訪問看護ステーション【訪問看護】千葉県館山市北条1180-1", "url": "https://www.kaigokensaku.mhlw.go.jp/12/index.php?action_kouhyou_detail_004_kani=true&JigyosyoCd=1263690153-00&ServiceCd=130&Type=search", "url2": null }, "geometry": { "type": "Point", "coordinates": [ 139.8712463, 34.9977723 ] } },
{ "type": "Feature", "properties": { "内容": "訪問看護ステーション　正観【訪問看護】千葉県館山市下真倉368-2", "url": "https://www.kaigokensaku.mhlw.go.jp/12/index.php?action_kouhyou_detail_004_kani=true&JigyosyoCd=1263690112-00&ServiceCd=130&Type=search", "url2": "https://yaiz.jp/houkan.html" }, "geometry": { "type": "Point", "coordinates": [ 139.8713663, 34.9820079 ] } },
{ "type": "Feature", "properties": { "内容": "訪問看護ステーション　ゆとリハ【訪問看護】千葉県館山市国分911番地の1館山バレー04号室", "url": "https://www.kaigokensaku.mhlw.go.jp/12/index.php?action_kouhyou_detail_004_kani=true&JigyosyoCd=1263690138-00&ServiceCd=130&Type=search", "url2": "https://yutoreha.com/" }, "geometry": { "type": "Point", "coordinates": [ 139.886997429499786, 34.992401631881883 ] } },
{ "type": "Feature", "properties": { "内容": "訪問看護ステーションおひさま【訪問看護】千葉県館山市山本2423-3", "url": "https://www.kaigokensaku.mhlw.go.jp/12/index.php?action_kouhyou_detail_004_kani=true&JigyosyoCd=1263690096-00&ServiceCd=130&Type=search", "url2": "http://www.taiyou-kai.jp/ohisama/index.html" }, "geometry": { "type": "Point", "coordinates": [ 139.8927075, 35.0001217 ] } },
{ "type": "Feature", "properties": { "内容": "訪問看護ステーションたてやま【訪問看護】千葉県館山市北条字段所520番地1", "url": "https://www.kaigokensaku.mhlw.go.jp/12/index.php?action_kouhyou_detail_004_kani=true&JigyosyoCd=1263690120-00&ServiceCd=130&Type=search", "url2": "https://tateyama-hp.com/" }, "geometry": { "type": "Point", "coordinates": [ 139.87517029569247, 34.993333024469749 ] } },
{ "type": "Feature", "properties": { "内容": "訪問看護ステーションセンターキュア【訪問看護】千葉県館山市亀ヶ原751‐1", "url": "https://www.kaigokensaku.mhlw.go.jp/12/index.php?action_kouhyou_detail_004_kani=true&JigyosyoCd=1263690062-00&ServiceCd=130&Type=search", "url2": "https://centercure.com/" }, "geometry": { "type": "Point", "coordinates": [ 139.879619656267749, 35.022431637511154 ] } },
{ "type": "Feature", "properties": { "内容": "ほほえみ訪問看護ステーション【訪問看護】千葉県館山市船形９０９番地", "url": "https://www.kaigokensaku.mhlw.go.jp/12/index.php?action_kouhyou_detail_004_kani=true&JigyosyoCd=1263690021-00&ServiceCd=130&Type=search", "url2": "http://www.kotobuki-kai.com" }, "geometry": { "type": "Point", "coordinates": [ 139.844061099999976, 35.0282927 ] } },
{ "type": "Feature", "properties": { "内容": "なのはな訪問看護ステーション【訪問看護】千葉県館山市沼1604-4", "url": "https://www.kaigokensaku.mhlw.go.jp/12/index.php?action_kouhyou_detail_004_kani=true&JigyosyoCd=1263690013-00&ServiceCd=130&Type=search", "url2": "https://www.keishokai.or.jp/" }, "geometry": { "type": "Point", "coordinates": [ 139.846548500000011, 34.9820725 ] } },
{ "type": "Feature", "properties": { "内容": "かもめ訪問看護ステーション【訪問看護】千葉県木更津市菅生689", "url": "https://www.kaigokensaku.mhlw.go.jp/12/index.php?action_kouhyou_detail_004_kani=true&JigyosyoCd=1261090224-00&ServiceCd=130&Type=search", "url2": "https://rouken.kisarazu-kamome.com/service/" }, "geometry": { "type": "Point", "coordinates": [ 139.968002455819715, 35.392333439385766 ] } },
{ "type": "Feature", "properties": { "内容": "医心館訪問看護ステーション木更津【訪問看護】千葉県木更津市太田４丁目３番11号", "url": "https://www.kaigokensaku.mhlw.go.jp/12/index.php?action_kouhyou_detail_004_kani=true&JigyosyoCd=1261090299-00&ServiceCd=130&Type=search", "url2": null }, "geometry": { "type": "Point", "coordinates": [ 139.943570883054463, 35.3786002542871 ] } },
{ "type": "Feature", "properties": { "内容": "訪問看護ステーションFruli【訪問看護】千葉県木更津市太田三丁目9番15号", "url": "https://www.kaigokensaku.mhlw.go.jp/12/index.php?action_kouhyou_detail_004_kani=true&JigyosyoCd=1261090232-00&ServiceCd=130&Type=search", "url2": "https://www.smilelinks.net" }, "geometry": { "type": "Point", "coordinates": [ 139.939974, 35.3769768 ] } },
{ "type": "Feature", "properties": { "内容": "まり訪問看護ステーション【訪問看護】千葉県木更津市大久保2-19-14", "url": "https://www.kaigokensaku.mhlw.go.jp/12/index.php?action_kouhyou_detail_004_kani=true&JigyosyoCd=1261090133-00&ServiceCd=130&Type=search", "url2": "https://www.mari-homecare-nursing.com/" }, "geometry": { "type": "Point", "coordinates": [ 139.931675035759014, 35.342052901065706 ] } },
{ "type": "Feature", "properties": { "内容": "医療法人社団望星会木更津クリニック　在宅医療部【訪問看護】千葉県木更津市大和1-4-18", "url": "https://www.kaigokensaku.mhlw.go.jp/12/index.php?action_kouhyou_detail_004_kani=true&JigyosyoCd=1211011121-00&ServiceCd=130&Type=search", "url2": "http://www.mtnet.jp/bouseikai/kisarazucl/" }, "geometry": { "type": "Point", "coordinates": [ 139.927759800000018, 35.3796617 ] } },
{ "type": "Feature", "properties": { "内容": "すまいるリハ訪問看護ステーション【訪問看護】千葉県木更津市真舟5-2-3", "url": "https://www.kaigokensaku.mhlw.go.jp/12/index.php?action_kouhyou_detail_004_kani=true&JigyosyoCd=1261090117-00&ServiceCd=130&Type=search", "url2": "https://www.smile-rs.jp/" }, "geometry": { "type": "Point", "coordinates": [ 139.9300399, 35.3663149 ] } },
{ "type": "Feature", "properties": { "内容": "松清医院訪問看護ステーション【訪問看護】千葉県木更津市清見台南1-7-18", "url": "https://www.kaigokensaku.mhlw.go.jp/12/index.php?action_kouhyou_detail_004_kani=true&JigyosyoCd=1261090216-00&ServiceCd=130&Type=search", "url2": null }, "geometry": { "type": "Point", "coordinates": [ 139.949246499999958, 35.382694 ] } },
{ "type": "Feature", "properties": { "内容": "訪問看護ステーションパープル【訪問看護】千葉県木更津市畑沢南2-30-15", "url": "https://www.kaigokensaku.mhlw.go.jp/12/index.php?action_kouhyou_detail_004_kani=true&JigyosyoCd=1261090125-00&ServiceCd=130&Type=search", "url2": null }, "geometry": { "type": "Point", "coordinates": [ 139.900906053183832, 35.341363126938361 ] } },
{ "type": "Feature", "properties": { "内容": "合同会社にじのはな訪問看護【訪問看護】千葉県木更津市高柳3532番1サリサ.ｄ2号室", "url": "https://www.kaigokensaku.mhlw.go.jp/12/index.php?action_kouhyou_detail_004_kani=true&JigyosyoCd=1261090273-00&ServiceCd=130&Type=search", "url2": "https://nijinohana-kango.com/" }, "geometry": { "type": "Point", "coordinates": [ 139.9304732, 35.4003011 ] } },
{ "type": "Feature", "properties": { "内容": "サンライズ訪問看護リハビリステーション【訪問看護】千葉県木更津市清見台東2-3-1", "url": "https://www.kaigokensaku.mhlw.go.jp/12/index.php?action_kouhyou_detail_004_kani=true&JigyosyoCd=1261090265-00&ServiceCd=130&Type=search", "url2": "https://www.sunrise-kisarazu.com/" }, "geometry": { "type": "Point", "coordinates": [ 139.9552251, 35.382491 ] } },
{ "type": "Feature", "properties": { "内容": "木更津内科クリニック【訪問看護】千葉県木更津市請西1-18-22", "url": "https://www.kaigokensaku.mhlw.go.jp/12/index.php?action_kouhyou_detail_004_kani=true&JigyosyoCd=1211011956-00&ServiceCd=130&Type=search", "url2": null }, "geometry": { "type": "Point", "coordinates": [ 139.93246739999995, 35.3716585 ] } },
{ "type": "Feature", "properties": { "内容": "訪問看護ステーションあやめ木更津【訪問看護】千葉県木更津市請西829サンビレッジ木更津B棟101号室", "url": "https://www.kaigokensaku.mhlw.go.jp/12/index.php?action_kouhyou_detail_004_kani=true&JigyosyoCd=1261090240-00&ServiceCd=130&Type=search", "url2": "https://firstnurse.co.jp/" }, "geometry": { "type": "Point", "coordinates": [ 139.938569, 35.3733756 ] } },
{ "type": "Feature", "properties": { "内容": "国保直営総合病院　君津中央病院【訪問看護】千葉県木更津市桜井1010番地", "url": "https://www.kaigokensaku.mhlw.go.jp/12/index.php?action_kouhyou_detail_004_kani=true&JigyosyoCd=1211010149-00&ServiceCd=130&Type=search", "url2": "http://www.hospital.kisarazu.chiba.jp" }, "geometry": { "type": "Point", "coordinates": [ 139.922976899999981, 35.3590076 ] } },
{ "type": "Feature", "properties": { "内容": "グレイト訪問看護ステーション木更津【訪問看護】千葉県木更津市千束台2-19-1グレイト木更津", "url": "https://www.kaigokensaku.mhlw.go.jp/12/index.php?action_kouhyou_detail_004_kani=true&JigyosyoCd=1261090281-00&ServiceCd=130&Type=search", "url2": null }, "geometry": { "type": "Point", "coordinates": [ 139.936907253216873, 35.366935284929163 ] } },
{ "type": "Feature", "properties": { "内容": "セントケア訪問看護ステーション木更津【訪問看護】千葉県木更津市幸町2-1-6", "url": "https://www.kaigokensaku.mhlw.go.jp/12/index.php?action_kouhyou_detail_004_kani=true&JigyosyoCd=1261090091-00&ServiceCd=130&Type=search", "url2": null }, "geometry": { "type": "Point", "coordinates": [ 139.9072306, 35.3414841 ] } },
{ "type": "Feature", "properties": { "内容": "訪問看護ステーションきづな【訪問看護】千葉県木更津市江川523-2", "url": "https://www.kaigokensaku.mhlw.go.jp/12/index.php?action_kouhyou_detail_004_kani=true&JigyosyoCd=1261090208-00&ServiceCd=130&Type=search", "url2": "http://anshinnokizuna.com/" }, "geometry": { "type": "Point", "coordinates": [ 139.920880500000067, 35.4059644 ] } },
{ "type": "Feature", "properties": { "内容": "訪問看護ステーション・シェリール【訪問看護】千葉県木更津市江川999-5カムローズ", "url": "https://www.kaigokensaku.mhlw.go.jp/12/index.php?action_kouhyou_detail_004_kani=true&JigyosyoCd=1261090307-00&ServiceCd=130&Type=search", "url2": "https://camrose.co.jp/" }, "geometry": { "type": "Point", "coordinates": [ 139.917974178573644, 35.410006016431545 ] } },
{ "type": "Feature", "properties": { "内容": "訪問看護ステーション粋々大学いろは【訪問看護】千葉県松戸市小金原3-17-39-103", "url": "https://www.kaigokensaku.mhlw.go.jp/12/index.php?action_kouhyou_detail_004_kani=true&JigyosyoCd=1262490720-00&ServiceCd=130&Type=search", "url2": "http://hp.kaipoke.biz/md2/143755/index_0007.html" }, "geometry": { "type": "Point", "coordinates": [ 139.9487658, 35.8206467 ] } },
{ "type": "Feature", "properties": { "内容": "訪問看護ステーション希望【訪問看護】千葉県松戸市紙敷１丁目１４番地の９", "url": "https://www.kaigokensaku.mhlw.go.jp/12/index.php?action_kouhyou_detail_004_kani=true&JigyosyoCd=1262490985-00&ServiceCd=130&Type=search", "url2": null }, "geometry": { "type": "Point", "coordinates": [ 139.9565373, 35.7768456 ] } },
{ "type": "Feature", "properties": { "内容": "MEDICAREhonest訪問看護ステーション【訪問看護】千葉県松戸市新松戸6-156ラフィーヌ・ジュネスⅠ　101号室", "url": "https://www.kaigokensaku.mhlw.go.jp/12/index.php?action_kouhyou_detail_004_kani=true&JigyosyoCd=1262490993-00&ServiceCd=130&Type=search", "url2": null }, "geometry": { "type": "Point", "coordinates": [ 139.9110818, 35.8244109 ] } },
{ "type": "Feature", "properties": { "内容": "セコム松戸訪問看護ステーション【訪問看護】千葉県松戸市松戸1164-2", "url": "https://www.kaigokensaku.mhlw.go.jp/12/index.php?action_kouhyou_detail_004_kani=true&JigyosyoCd=1262490183-00&ServiceCd=130&Type=search", "url2": "http://www.nurse-secom.com/sp/service.html" }, "geometry": { "type": "Point", "coordinates": [ 139.902284799999961, 35.784855 ] } },
{ "type": "Feature", "properties": { "内容": "まつど訪問看護ステーション【訪問看護】千葉県松戸市六実4-10-1横一ビル2階D号室", "url": "https://www.kaigokensaku.mhlw.go.jp/12/index.php?action_kouhyou_detail_004_kani=true&JigyosyoCd=1262490746-00&ServiceCd=130&Type=search", "url2": "https://llcnayuta.site/" }, "geometry": { "type": "Point", "coordinates": [ 139.997739083584662, 35.793605684983525 ] } },
{ "type": "Feature", "properties": { "内容": "みたらし訪問看護ステーション【訪問看護】千葉県松戸市馬橋3240-2はなみずき通貸家2-3F", "url": "https://www.kaigokensaku.mhlw.go.jp/12/index.php?action_kouhyou_detail_004_kani=true&JigyosyoCd=1262490860-00&ServiceCd=130&Type=search", "url2": "https://kaigo-kaze.com/kaze-info" }, "geometry": { "type": "Point", "coordinates": [ 139.9219339, 35.8153186 ] } },
{ "type": "Feature", "properties": { "内容": "Craft訪問看護ステーション【訪問看護】千葉県松戸市松戸2300番地の3加藤ビル3F号室", "url": "https://www.kaigokensaku.mhlw.go.jp/12/index.php?action_kouhyou_detail_004_kani=true&JigyosyoCd=1262491033-00&ServiceCd=130&Type=search", "url2": "https://craft-houmonkango.com/" }, "geometry": { "type": "Point", "coordinates": [ 139.9083559, 35.7788027 ] } },
{ "type": "Feature", "properties": { "内容": "マナココチ訪問看護ステーション【訪問看護】千葉県松戸市日暮5-191　ビーンズ八柱４０３号ビーンズ八柱403", "url": "https://www.kaigokensaku.mhlw.go.jp/12/index.php?action_kouhyou_detail_004_kani=true&JigyosyoCd=1262490472-00&ServiceCd=130&Type=search", "url2": "https://manakokochi.co.jp/" }, "geometry": { "type": "Point", "coordinates": [ 139.94003410000002, 35.7905778 ] } },
{ "type": "Feature", "properties": { "内容": "とき訪問看護ステーション【訪問看護】千葉県松戸市東松戸3-5-7-101", "url": "https://www.kaigokensaku.mhlw.go.jp/12/index.php?action_kouhyou_detail_004_kani=true&JigyosyoCd=1262490845-00&ServiceCd=130&Type=search", "url2": "https://www.neomylife.homes/" }, "geometry": { "type": "Point", "coordinates": [ 139.942391216754913, 35.771956227882583 ] } },
{ "type": "Feature", "properties": { "内容": "まじめな訪問看護リハビリステーション松戸【訪問看護】千葉県松戸市松戸1401－10", "url": "https://www.kaigokensaku.mhlw.go.jp/12/index.php?action_kouhyou_detail_004_kani=true&JigyosyoCd=1262491058-00&ServiceCd=130&Type=search", "url2": "https://majimena-houkan-matsudo.net/" }, "geometry": { "type": "Point", "coordinates": [ 139.8995864, 35.7807739 ] } },
{ "type": "Feature", "properties": { "内容": "プレミア東松戸訪問看護ステーション【訪問看護】千葉県松戸市紙敷297-2", "url": "https://www.kaigokensaku.mhlw.go.jp/12/index.php?action_kouhyou_detail_004_kani=true&JigyosyoCd=1262491207-00&ServiceCd=130&Type=search", "url2": "http://100.or.jp" }, "geometry": { "type": "Point", "coordinates": [ 139.948176100000012, 35.7687349 ] } },
{ "type": "Feature", "properties": { "内容": "訪問看護ステーションコルディアーレ松戸【訪問看護】千葉県松戸市新松戸4-65-1アイビス新松戸ビル202号室", "url": "https://www.kaigokensaku.mhlw.go.jp/12/index.php?action_kouhyou_detail_004_kani=true&JigyosyoCd=1262491199-00&ServiceCd=130&Type=search", "url2": "https://www.jsh-japan.jp/cordiale-recruit/station_post/%e8%a8%aa%e5%95%8f%e7%9c%8b%e8%ad%b7%e3%82%b9%e3%83%86%e3%83%bc%e3%82%b7%e3%83%a7%e3%83%b3-%e3%82%b3%e3%83%ab%e3%83%87%e3%82%a3%e3%82%a2%e3%83%bc%e3%83%ac%e6%9d%be%e6%88%b8/" }, "geometry": { "type": "Point", "coordinates": [ 139.9165489, 35.8264914 ] } },
{ "type": "Feature", "properties": { "内容": "看護クラーク松戸【訪問看護】千葉県松戸市南花島四丁目61ｰ1", "url": "https://www.kaigokensaku.mhlw.go.jp/12/index.php?action_kouhyou_detail_004_kani=true&JigyosyoCd=1262490910-00&ServiceCd=130&Type=search", "url2": null }, "geometry": { "type": "Point", "coordinates": [ 139.909483099999989, 35.7890402 ] } },
{ "type": "Feature", "properties": { "内容": "北松戸訪問看護ステーション【訪問看護】千葉県松戸市上本郷2089", "url": "https://www.kaigokensaku.mhlw.go.jp/12/index.php?action_kouhyou_detail_004_kani=true&JigyosyoCd=1262490019-00&ServiceCd=130&Type=search", "url2": "http://www.akimoto-hospital.com/" }, "geometry": { "type": "Point", "coordinates": [ 139.914983300000017, 35.7969174 ] } },
{ "type": "Feature", "properties": { "内容": "訪問看護ステーションSEED【訪問看護】千葉県松戸市三矢小台4-14-2サンハイツ川甚403", "url": "https://www.kaigokensaku.mhlw.go.jp/12/index.php?action_kouhyou_detail_004_kani=true&JigyosyoCd=1262490951-00&ServiceCd=130&Type=search", "url2": "https://brave-matsudo.co.jp/seed/" }, "geometry": { "type": "Point", "coordinates": [ 139.9028093, 35.767745 ] } },
{ "type": "Feature", "properties": { "内容": "訪問看護えん【訪問看護】千葉県松戸市上本郷901-1ｽｽﾞｷﾋﾞﾙ401", "url": "https://www.kaigokensaku.mhlw.go.jp/12/index.php?action_kouhyou_detail_004_kani=true&JigyosyoCd=1262491181-00&ServiceCd=130&Type=search", "url2": "https://green070411.studio.site/" }, "geometry": { "type": "Point", "coordinates": [ 139.912368164230344, 35.800433868008454 ] } },
{ "type": "Feature", "properties": { "内容": "いらはら診療所【訪問看護】千葉県松戸市小金原４－３－２", "url": "https://www.kaigokensaku.mhlw.go.jp/12/index.php?action_kouhyou_detail_004_kani=true&JigyosyoCd=1212415024-00&ServiceCd=130&Type=search", "url2": "http://www.irahara.or.jp" }, "geometry": { "type": "Point", "coordinates": [ 139.938812652196702, 35.823194588083183 ] } },
{ "type": "Feature", "properties": { "内容": "訪問看護かえりえ河原塚【訪問看護】千葉県松戸市河原塚69-1", "url": "https://www.kaigokensaku.mhlw.go.jp/12/index.php?action_kouhyou_detail_004_kani=true&JigyosyoCd=1262490464-00&ServiceCd=130&Type=search", "url2": "http://www.yasashiite.com/subdomains/section/420/" }, "geometry": { "type": "Point", "coordinates": [ 139.937473114858221, 35.781315657688275 ] } },
{ "type": "Feature", "properties": { "内容": "訪問看護　ユアナース【訪問看護】千葉県松戸市河原塚４１１－１１", "url": "https://www.kaigokensaku.mhlw.go.jp/12/index.php?action_kouhyou_detail_004_kani=true&JigyosyoCd=1262490647-00&ServiceCd=130&Type=search", "url2": null }, "geometry": { "type": "Point", "coordinates": [ 139.94594630000006, 35.7864708 ] } },
{ "type": "Feature", "properties": { "内容": "セントケア訪問看護ステーション松戸五香【訪問看護】千葉県松戸市五香2-23-2", "url": "https://www.kaigokensaku.mhlw.go.jp/12/index.php?action_kouhyou_detail_004_kani=true&JigyosyoCd=1262491173-00&ServiceCd=130&Type=search", "url2": "https://www.saint-care.com/chiba/" }, "geometry": { "type": "Point", "coordinates": [ 139.972404399999988, 35.7928546 ] } },
{ "type": "Feature", "properties": { "内容": "訪問看護ステーション　ALWAYS新松戸【訪問看護】千葉県松戸市新松戸3-279-1歩荷ビル202", "url": "https://www.kaigokensaku.mhlw.go.jp/12/index.php?action_kouhyou_detail_004_kani=true&JigyosyoCd=1262491066-00&ServiceCd=130&Type=search", "url2": "https://always-ns.jp/" }, "geometry": { "type": "Point", "coordinates": [ 139.91472730000001, 35.8243474 ] } },
{ "type": "Feature", "properties": { "内容": "訪問看護ステーション　レ・アーリ松戸【訪問看護】千葉県松戸市五香3-9-4", "url": "https://www.kaigokensaku.mhlw.go.jp/12/index.php?action_kouhyou_detail_004_kani=true&JigyosyoCd=1262490522-00&ServiceCd=130&Type=search", "url2": "http://hp.kaipoke.biz/t50/" }, "geometry": { "type": "Point", "coordinates": [ 139.976694700000053, 35.7963255 ] } },
{ "type": "Feature", "properties": { "内容": "SOU訪問看護ステーション松戸【訪問看護】千葉県松戸市常盤平陣屋前7-3秋谷ビル102", "url": "https://www.kaigokensaku.mhlw.go.jp/12/index.php?action_kouhyou_detail_004_kani=true&JigyosyoCd=1262491165-00&ServiceCd=130&Type=search", "url2": "https://www.sou-seniorcare.co.jp" }, "geometry": { "type": "Point", "coordinates": [ 139.9407536, 35.7949483 ] } },
{ "type": "Feature", "properties": { "内容": "常盤平訪問看護ステ－ション【訪問看護】千葉県松戸市常盤平7-5-2", "url": "https://www.kaigokensaku.mhlw.go.jp/12/index.php?action_kouhyou_detail_004_kani=true&JigyosyoCd=1262490167-00&ServiceCd=130&Type=search", "url2": "http://www.tokiwakai-chp.com" }, "geometry": { "type": "Point", "coordinates": [ 139.955878390213002, 35.798167994598074 ] } },
{ "type": "Feature", "properties": { "内容": "訪問看護ステーション　フレンドリー松戸【訪問看護】千葉県松戸市胡録台171-1イーストパーク胡録台110号室", "url": "https://www.kaigokensaku.mhlw.go.jp/12/index.php?action_kouhyou_detail_004_kani=true&JigyosyoCd=1262491231-00&ServiceCd=130&Type=search", "url2": null }, "geometry": { "type": "Point", "coordinates": [ 139.913882099999967, 35.783222 ] } },
{ "type": "Feature", "properties": { "内容": "めいと訪問看護ステーション【訪問看護】千葉県松戸市大金平2-67-1", "url": "https://www.kaigokensaku.mhlw.go.jp/12/index.php?action_kouhyou_detail_004_kani=true&JigyosyoCd=1262490514-00&ServiceCd=130&Type=search", "url2": "https://www.mate-care.co.jp/" }, "geometry": { "type": "Point", "coordinates": [ 139.926725300000044, 35.8365019 ] } },
{ "type": "Feature", "properties": { "内容": "ひぐらし訪問看護ステーション【訪問看護】千葉県松戸市八ヶ崎3-60-11", "url": "https://www.kaigokensaku.mhlw.go.jp/12/index.php?action_kouhyou_detail_004_kani=true&JigyosyoCd=1262490449-00&ServiceCd=130&Type=search", "url2": "https://www.plan-west21.com/" }, "geometry": { "type": "Point", "coordinates": [ 139.934033866270539, 35.813057504857355 ] } },
{ "type": "Feature", "properties": { "内容": "梨香台訪問看護ステーション【訪問看護】千葉県松戸市高塚新田512-86", "url": "https://www.kaigokensaku.mhlw.go.jp/12/index.php?action_kouhyou_detail_004_kani=true&JigyosyoCd=1262490480-00&ServiceCd=130&Type=search", "url2": "https://rikoudai.com/" }, "geometry": { "type": "Point", "coordinates": [ -8.24389, 53.41291 ] } },
{ "type": "Feature", "properties": { "内容": "医療法人社団洗心えがお訪問看護ステーション【訪問看護】千葉県松戸市松戸新田２１－２穀物菜館ビル３階", "url": "https://www.kaigokensaku.mhlw.go.jp/12/index.php?action_kouhyou_detail_004_kani=true&JigyosyoCd=1262490613-00&ServiceCd=130&Type=search", "url2": "https://egao-houmon.com/" }, "geometry": { "type": "Point", "coordinates": [ 139.9133632, 35.777713899999981 ] } },
{ "type": "Feature", "properties": { "内容": "医療法人社団洗心　島村トータル・ケア・クリニック【訪問看護】千葉県松戸市松戸新田21-2", "url": "https://www.kaigokensaku.mhlw.go.jp/12/index.php?action_kouhyou_detail_004_kani=true&JigyosyoCd=1212414837-00&ServiceCd=130&Type=search", "url2": "https://stcc.clinic/" }, "geometry": { "type": "Point", "coordinates": [ 139.913365, 35.7777308 ] } },
{ "type": "Feature", "properties": { "内容": "訪問看護ステーション結八柱【訪問看護】千葉県松戸市日暮1－16－２MPARTⅢ日暮ビル1005", "url": "https://www.kaigokensaku.mhlw.go.jp/12/index.php?action_kouhyou_detail_004_kani=true&JigyosyoCd=1262491157-00&ServiceCd=130&Type=search", "url2": "https://houkan-yui-felice.com/" }, "geometry": { "type": "Point", "coordinates": [ 139.9380516, 35.7917067 ] } },
{ "type": "Feature", "properties": { "内容": "まこと訪問看護ステーション【訪問看護】千葉県松戸市小金原4-38-3GOLDFIELDⅢ103", "url": "https://www.kaigokensaku.mhlw.go.jp/12/index.php?action_kouhyou_detail_004_kani=true&JigyosyoCd=1262491249-00&ServiceCd=130&Type=search", "url2": null }, "geometry": { "type": "Point", "coordinates": [ 139.9420156, 35.8205396 ] } },
{ "type": "Feature", "properties": { "内容": "訪問看護リベル　松戸【訪問看護】千葉県松戸市六実2-32-5", "url": "https://www.kaigokensaku.mhlw.go.jp/12/index.php?action_kouhyou_detail_004_kani=true&JigyosyoCd=1262491256-00&ServiceCd=130&Type=search", "url2": null }, "geometry": { "type": "Point", "coordinates": [ 139.9921175, 35.7911059 ] } },
{ "type": "Feature", "properties": { "内容": "セントケア訪問看護ステーション松戸馬橋【訪問看護】千葉県松戸市中根長津町236番地", "url": "https://www.kaigokensaku.mhlw.go.jp/12/index.php?action_kouhyou_detail_004_kani=true&JigyosyoCd=1262490332-00&ServiceCd=130&Type=search", "url2": "https://www.saint-care.com/chiba/" }, "geometry": { "type": "Point", "coordinates": [ 139.913386220515463, 35.809219609205563 ] } },
{ "type": "Feature", "properties": { "内容": "あおぞら診療所【訪問看護】千葉県松戸市緑ケ丘２丁目３５７番地ソフィア１階Ａ・Ｂ号", "url": "https://www.kaigokensaku.mhlw.go.jp/12/index.php?action_kouhyou_detail_004_kani=true&JigyosyoCd=1212413946-00&ServiceCd=130&Type=search", "url2": "http://www.aozora-clinic.or.jp/" }, "geometry": { "type": "Point", "coordinates": [ 139.915292, 35.7887823 ] } },
{ "type": "Feature", "properties": { "内容": "訪問看護楓【訪問看護】千葉県松戸市小金原6-5-13", "url": "https://www.kaigokensaku.mhlw.go.jp/12/index.php?action_kouhyou_detail_004_kani=true&JigyosyoCd=1262490373-00&ServiceCd=130&Type=search", "url2": null }, "geometry": { "type": "Point", "coordinates": [ 139.945839258613546, 35.81871196713859 ] } },
{ "type": "Feature", "properties": { "内容": "訪問看護ステーション音色【訪問看護】千葉県松戸市大金平5-365-82F", "url": "https://www.kaigokensaku.mhlw.go.jp/12/index.php?action_kouhyou_detail_004_kani=true&JigyosyoCd=1262491264-00&ServiceCd=130&Type=search", "url2": null }, "geometry": { "type": "Point", "coordinates": [ 139.91812059999998, 35.840726100000026 ] } },
{ "type": "Feature", "properties": { "内容": "訪問看護ステーションこのはな【訪問看護】千葉県松戸市上矢切412-24", "url": "https://www.kaigokensaku.mhlw.go.jp/12/index.php?action_kouhyou_detail_004_kani=true&JigyosyoCd=1262491132-00&ServiceCd=130&Type=search", "url2": "http://ikomakai.jp/" }, "geometry": { "type": "Point", "coordinates": [ 139.895843899999988, 35.7687227 ] } },
{ "type": "Feature", "properties": { "内容": "ライブラリ松戸訪問看護事業所【訪問看護】千葉県松戸市松戸新田505‐1ライブラリ松戸上本郷", "url": "https://www.kaigokensaku.mhlw.go.jp/12/index.php?action_kouhyou_detail_004_kani=true&JigyosyoCd=1262491215-00&ServiceCd=130&Type=search", "url2": "https://www.living-platform.com" }, "geometry": { "type": "Point", "coordinates": [ 139.919206282803316, 35.787390006305458 ] } },
{ "type": "Feature", "properties": { "内容": "てあてリハビリ訪問看護ステーション松戸【訪問看護】千葉県松戸市常盤平陣屋前4-17トーシン常盤平ビル203号", "url": "https://www.kaigokensaku.mhlw.go.jp/12/index.php?action_kouhyou_detail_004_kani=true&JigyosyoCd=1262490431-00&ServiceCd=130&Type=search", "url2": "http://www.te-ate.com/kango/index.html" }, "geometry": { "type": "Point", "coordinates": [ 139.940773199999967, 35.7956908 ] } },
{ "type": "Feature", "properties": { "内容": "こころ訪問看護ステーション【訪問看護】千葉県松戸市常盤平５-１２-１５チェリービーンズマンション２０２", "url": "https://www.kaigokensaku.mhlw.go.jp/12/index.php?action_kouhyou_detail_004_kani=true&JigyosyoCd=1262490738-00&ServiceCd=130&Type=search", "url2": "https://cocoro-st.com/" }, "geometry": { "type": "Point", "coordinates": [ 139.9645902, 35.7975345 ] } },
{ "type": "Feature", "properties": { "内容": "訪問看護ステーションたいわ松戸【訪問看護】千葉県松戸市大金平5-384-2KMハセガワ101", "url": "https://www.kaigokensaku.mhlw.go.jp/12/index.php?action_kouhyou_detail_004_kani=true&JigyosyoCd=1262490829-00&ServiceCd=130&Type=search", "url2": "https://www.taiwa-mittunowa.com/" }, "geometry": { "type": "Point", "coordinates": [ 139.920772699999986, 35.8378064 ] } },
{ "type": "Feature", "properties": { "内容": "看多機さんしょう訪問看護【訪問看護】千葉県松戸市河原塚411-1幸樹会館", "url": "https://www.kaigokensaku.mhlw.go.jp/12/index.php?action_kouhyou_detail_004_kani=true&JigyosyoCd=1262491116-00&ServiceCd=130&Type=search", "url2": "https://www.kouju-kai.or.jp/office-guide/station-anzu" }, "geometry": { "type": "Point", "coordinates": [ 139.9454011, 35.786654 ] } },
{ "type": "Feature", "properties": { "内容": "ケアンド松戸訪問看護ステーション【訪問看護】千葉県松戸市日暮6-32ｼｰﾊﾞｰﾄﾞⅠ.101号室", "url": "https://www.kaigokensaku.mhlw.go.jp/12/index.php?action_kouhyou_detail_004_kani=true&JigyosyoCd=1262490530-00&ServiceCd=130&Type=search", "url2": "http://care-and.com/" }, "geometry": { "type": "Point", "coordinates": [ 139.943159335071101, 35.792144524117923 ] } },
{ "type": "Feature", "properties": { "内容": "ミモザ訪問看護ステーション【訪問看護】千葉県松戸市日暮3-10-8金子マンション107", "url": "https://www.kaigokensaku.mhlw.go.jp/12/index.php?action_kouhyou_detail_004_kani=true&JigyosyoCd=1262490977-00&ServiceCd=130&Type=search", "url2": "https://mimosa-st.com" }, "geometry": { "type": "Point", "coordinates": [ 139.9363495, 35.790005 ] } },
{ "type": "Feature", "properties": { "内容": "るりいろ訪問看護ステーション松戸【訪問看護】千葉県松戸市東松戸2-28-1イーストヒルズ雅203", "url": "https://www.kaigokensaku.mhlw.go.jp/12/index.php?action_kouhyou_detail_004_kani=true&JigyosyoCd=1262491082-00&ServiceCd=130&Type=search", "url2": "https://ruriiro-houkan.com/" }, "geometry": { "type": "Point", "coordinates": [ 139.9412552, 35.7686689 ] } },
{ "type": "Feature", "properties": { "内容": "東葛クリニック病院　訪問看護室【訪問看護】千葉県松戸市樋野口822番地", "url": "https://www.kaigokensaku.mhlw.go.jp/12/index.php?action_kouhyou_detail_004_kani=true&JigyosyoCd=1212412849-00&ServiceCd=130&Type=search", "url2": "http://www.tokatsu-clinic.jp" }, "geometry": { "type": "Point", "coordinates": [ 139.893565465081792, 35.791553055214123 ] } },
{ "type": "Feature", "properties": { "内容": "ハイネス訪問看護ステーション【訪問看護】千葉県松戸市松戸1291-4コスモ松戸ステーションビュー107", "url": "https://www.kaigokensaku.mhlw.go.jp/12/index.php?action_kouhyou_detail_004_kani=true&JigyosyoCd=1262490241-00&ServiceCd=130&Type=search", "url2": "http:/www.shin-tokyohospital.or.jp" }, "geometry": { "type": "Point", "coordinates": [ 139.900537, 35.7829383 ] } },
{ "type": "Feature", "properties": { "内容": "訪問看護ステーションルーナ【訪問看護】千葉県松戸市南花島3-50-5グレース松戸Ⅱ　305", "url": "https://www.kaigokensaku.mhlw.go.jp/12/index.php?action_kouhyou_detail_004_kani=true&JigyosyoCd=1262491017-00&ServiceCd=130&Type=search", "url2": "https://luna.c-earth.biz/" }, "geometry": { "type": "Point", "coordinates": [ 139.910675, 35.7890666 ] } },
{ "type": "Feature", "properties": { "内容": "訪問看護ステーションあき【訪問看護】千葉県松戸市上矢切236-7", "url": "https://www.kaigokensaku.mhlw.go.jp/12/index.php?action_kouhyou_detail_004_kani=true&JigyosyoCd=1262491025-00&ServiceCd=130&Type=search", "url2": "https://homenursing-aki.jp/" }, "geometry": { "type": "Point", "coordinates": [ 139.897775, 35.7674282 ] } },
{ "type": "Feature", "properties": { "内容": "新松戸ロイヤル訪問看護ステーション【訪問看護】千葉県松戸市新松戸1-412", "url": "https://www.kaigokensaku.mhlw.go.jp/12/index.php?action_kouhyou_detail_004_kani=true&JigyosyoCd=1262490027-00&ServiceCd=130&Type=search", "url2": "http://www.ims.gr.jp/shinmatsudo/hospital/home_visit.html" }, "geometry": { "type": "Point", "coordinates": [ 139.920698300000026, 35.8285053 ] } },
{ "type": "Feature", "properties": { "内容": "あい訪問看護ステーション【訪問看護】千葉県松戸市常盤平１－２０－４", "url": "https://www.kaigokensaku.mhlw.go.jp/12/index.php?action_kouhyou_detail_004_kani=true&JigyosyoCd=1262490225-00&ServiceCd=130&Type=search", "url2": "http://www.doutare.com/aihoumon/" }, "geometry": { "type": "Point", "coordinates": [ 139.950302800000031, 35.8041905 ] } },
{ "type": "Feature", "properties": { "内容": "訪問看護ステーションまゆおり【訪問看護】千葉県松戸市大橋814-1", "url": "https://www.kaigokensaku.mhlw.go.jp/12/index.php?action_kouhyou_detail_004_kani=true&JigyosyoCd=1262490928-00&ServiceCd=130&Type=search", "url2": null }, "geometry": { "type": "Point", "coordinates": [ 139.9206533, 35.7683976 ] } },
{ "type": "Feature", "properties": { "内容": "訪問看護サボテン【訪問看護】千葉県松戸市五香7-3-5", "url": "https://www.kaigokensaku.mhlw.go.jp/12/index.php?action_kouhyou_detail_004_kani=true&JigyosyoCd=1262490266-00&ServiceCd=130&Type=search", "url2": "http://www.earth-saboten.co.jp/" }, "geometry": { "type": "Point", "coordinates": [ 139.968801514958159, 35.797109881041003 ] } },
{ "type": "Feature", "properties": { "内容": "八ヶ崎訪問看護ステーション【訪問看護】千葉県松戸市八ヶ崎4-6-29", "url": "https://www.kaigokensaku.mhlw.go.jp/12/index.php?action_kouhyou_detail_004_kani=true&JigyosyoCd=1262490761-00&ServiceCd=130&Type=search", "url2": null }, "geometry": { "type": "Point", "coordinates": [ 139.9387525, 35.8104455 ] } },
{ "type": "Feature", "properties": { "内容": "エムズ訪問看護ステーション【訪問看護】千葉県松戸市小金原3-17-15山本店舗1号室", "url": "https://www.kaigokensaku.mhlw.go.jp/12/index.php?action_kouhyou_detail_004_kani=true&JigyosyoCd=1262490670-00&ServiceCd=130&Type=search", "url2": "https://emuzu.company/" }, "geometry": { "type": "Point", "coordinates": [ 139.948034325249353, 35.820509657991821 ] } },
{ "type": "Feature", "properties": { "内容": "太陽訪問看護ステーション【訪問看護】千葉県松戸市八ヶ崎4-15-15フォレストメゾン八ヶ崎201号室", "url": "https://www.kaigokensaku.mhlw.go.jp/12/index.php?action_kouhyou_detail_004_kani=true&JigyosyoCd=1262490944-00&ServiceCd=130&Type=search", "url2": "https://solnursingcare.wixsite.com/mysite" }, "geometry": { "type": "Point", "coordinates": [ 139.937867399999988, 35.8116884 ] } },
{ "type": "Feature", "properties": { "内容": "ここね訪問看護ステーション【訪問看護】千葉県松戸市稔台1‐25‐6ハーベストヒル206", "url": "https://www.kaigokensaku.mhlw.go.jp/12/index.php?action_kouhyou_detail_004_kani=true&JigyosyoCd=1262491272-00&ServiceCd=130&Type=search", "url2": "https://www.kokone-nrs.com/" }, "geometry": { "type": "Point", "coordinates": [ 139.9318442, 35.7879025 ] } },
{ "type": "Feature", "properties": { "内容": "訪問看護ステーションミラ【訪問看護】千葉県松戸市常盤平5-2-2パスレルコート305", "url": "https://www.kaigokensaku.mhlw.go.jp/12/index.php?action_kouhyou_detail_004_kani=true&JigyosyoCd=1262491074-00&ServiceCd=130&Type=search", "url2": null }, "geometry": { "type": "Point", "coordinates": [ 139.9639934, 35.799907 ] } },
{ "type": "Feature", "properties": { "内容": "栗ヶ沢訪問看護ステーション【訪問看護】千葉県松戸市栗ヶ沢789-20", "url": "https://www.kaigokensaku.mhlw.go.jp/12/index.php?action_kouhyou_detail_004_kani=true&JigyosyoCd=1262490084-00&ServiceCd=130&Type=search", "url2": "http://www.yayoikai.or.jp/facilities.html" }, "geometry": { "type": "Point", "coordinates": [ 139.953575185111276, 35.811789745777901 ] } },
{ "type": "Feature", "properties": { "内容": "アミカ松戸訪問看護ステーション【訪問看護】千葉県松戸市大谷口43アミカの郷松戸", "url": "https://www.kaigokensaku.mhlw.go.jp/12/index.php?action_kouhyou_detail_004_kani=true&JigyosyoCd=1262490753-00&ServiceCd=130&Type=search", "url2": "https://kaigo.alsok.co.jp/facility/search/detail/284" }, "geometry": { "type": "Point", "coordinates": [ 139.920672700000011, 35.8321906 ] } },
{ "type": "Feature", "properties": { "内容": "訪問看護ステーションよつば【訪問看護】千葉県松戸市小金原4-9-23　２F", "url": "https://www.kaigokensaku.mhlw.go.jp/12/index.php?action_kouhyou_detail_004_kani=true&JigyosyoCd=1262490605-00&ServiceCd=130&Type=search", "url2": "https://lagom-kango.com/" }, "geometry": { "type": "Point", "coordinates": [ 139.936940483718786, 35.821535558705698 ] } },
{ "type": "Feature", "properties": { "内容": "訪問看護ステーションデューン松戸【訪問看護】千葉県松戸市新松戸3-273リベルタビル302", "url": "https://www.kaigokensaku.mhlw.go.jp/12/index.php?action_kouhyou_detail_004_kani=true&JigyosyoCd=1262490407-00&ServiceCd=130&Type=search", "url2": "http://www.nfield.co.jp" }, "geometry": { "type": "Point", "coordinates": [ 139.914873899999975, 35.8252196 ] } },
{ "type": "Feature", "properties": { "内容": "千葉西訪問看護ステーション【訪問看護】千葉県松戸市金ケ作105-1", "url": "https://www.kaigokensaku.mhlw.go.jp/12/index.php?action_kouhyou_detail_004_kani=true&JigyosyoCd=1262490803-00&ServiceCd=130&Type=search", "url2": "https://www.chibanishi-hp.or.jp/" }, "geometry": { "type": "Point", "coordinates": [ 139.9459218, 35.8054129 ] } },
{ "type": "Feature", "properties": { "内容": "ベストリハ訪問看護ステーション松戸東【訪問看護】千葉県松戸市常盤平7丁目30-21常盤平7丁目事務所3階", "url": "https://www.kaigokensaku.mhlw.go.jp/12/index.php?action_kouhyou_detail_004_kani=true&JigyosyoCd=1262491090-00&ServiceCd=130&Type=search", "url2": "https://service.bestreha.com/facility/facility-19176/" }, "geometry": { "type": "Point", "coordinates": [ 139.954987800318776, 35.793832836840501 ] } },
{ "type": "Feature", "properties": { "内容": "リノキノ訪問看護ステーション【訪問看護】千葉県松戸市常盤平5-9-6", "url": "https://www.kaigokensaku.mhlw.go.jp/12/index.php?action_kouhyou_detail_004_kani=true&JigyosyoCd=1262491140-00&ServiceCd=130&Type=search", "url2": null }, "geometry": { "type": "Point", "coordinates": [ 139.9646081, 35.7989203 ] } },
{ "type": "Feature", "properties": { "内容": "訪問看護かえりえ八柱【訪問看護】千葉県松戸市日暮4-3-3", "url": "https://www.kaigokensaku.mhlw.go.jp/12/index.php?action_kouhyou_detail_004_kani=true&JigyosyoCd=1262490563-00&ServiceCd=130&Type=search", "url2": "https://www.yasashiite.com/subdomains/section/504/" }, "geometry": { "type": "Point", "coordinates": [ 139.938284800000019, 35.7882609 ] } },
{ "type": "Feature", "properties": { "内容": "ルポゼ東松戸訪問看護事業所【訪問看護】千葉県松戸市東松戸3-15-16", "url": "https://www.kaigokensaku.mhlw.go.jp/12/index.php?action_kouhyou_detail_004_kani=true&JigyosyoCd=1262490399-00&ServiceCd=130&Type=search", "url2": "http://www.reposer-higashimatsudo.com/" }, "geometry": { "type": "Point", "coordinates": [ 139.940029900000013, 35.770024 ] } },
{ "type": "Feature", "properties": { "内容": "元気訪問看護ステーション【訪問看護】千葉県松戸市中根517", "url": "https://www.kaigokensaku.mhlw.go.jp/12/index.php?action_kouhyou_detail_004_kani=true&JigyosyoCd=1262490316-00&ServiceCd=130&Type=search", "url2": "http://genki-matsudo.com/" }, "geometry": { "type": "Point", "coordinates": [ 139.917282600000021, 35.8060385 ] } },
{ "type": "Feature", "properties": { "内容": "有限会社ヘルスケアサービス訪問看護ステーションゆいまーる【訪問看護】千葉県松戸市八ヶ崎8-21-7", "url": "https://www.kaigokensaku.mhlw.go.jp/12/index.php?action_kouhyou_detail_004_kani=true&JigyosyoCd=1262490506-00&ServiceCd=130&Type=search", "url2": null }, "geometry": { "type": "Point", "coordinates": [ 139.932806300000038, 35.8114219 ] } },
{ "type": "Feature", "properties": { "内容": "訪問看護のメディカライフ松戸【訪問看護】千葉県松戸市高塚新田157ｰ53", "url": "https://www.kaigokensaku.mhlw.go.jp/12/index.php?action_kouhyou_detail_004_kani=true&JigyosyoCd=1262491298-00&ServiceCd=130&Type=search", "url2": "https://medicalife.jp/" }, "geometry": { "type": "Point", "coordinates": [ 139.9425478, 35.749706 ] } },
{ "type": "Feature", "properties": { "内容": "ドットライフ松戸（訪問看護・リハビリ）【訪問看護】千葉県松戸市新松戸3丁目327-1", "url": "https://www.kaigokensaku.mhlw.go.jp/12/index.php?action_kouhyou_detail_004_kani=true&JigyosyoCd=1262490886-00&ServiceCd=130&Type=search", "url2": "https://www.dotline-jp.com/rehabili/" }, "geometry": { "type": "Point", "coordinates": [ 139.9173696, 35.8222469 ] } },
{ "type": "Feature", "properties": { "内容": "訪問看護ステーションククイ【訪問看護】千葉県野田市木間ケ瀬2764-63", "url": "https://www.kaigokensaku.mhlw.go.jp/12/index.php?action_kouhyou_detail_004_kani=true&JigyosyoCd=1262090132-00&ServiceCd=130&Type=search", "url2": "http://hp.kaipoke.biz/7ce/" }, "geometry": { "type": "Point", "coordinates": [ 139.8375718, 36.0173744 ] } },
{ "type": "Feature", "properties": { "内容": "プルメリア看護ステーション野田【訪問看護】千葉県野田市花井1-1-9PLUMERIAナーシング＆ケアホーム野田", "url": "https://www.kaigokensaku.mhlw.go.jp/12/index.php?action_kouhyou_detail_004_kani=true&JigyosyoCd=1262090223-00&ServiceCd=130&Type=search", "url2": null }, "geometry": { "type": "Point", "coordinates": [ 139.881051600000035, 35.938955299999989 ] } },
{ "type": "Feature", "properties": { "内容": "キッコーマン総合病院　在宅医療部【訪問看護】千葉県野田市宮崎100", "url": "https://www.kaigokensaku.mhlw.go.jp/12/index.php?action_kouhyou_detail_004_kani=true&JigyosyoCd=1212010130-00&ServiceCd=130&Type=search", "url2": "https://hospital.kikkoman.co.jp/byouin/index.html" }, "geometry": { "type": "Point", "coordinates": [ 139.8702101, 35.9532256 ] } },
{ "type": "Feature", "properties": { "内容": "訪問看護ステーションはな野田【訪問看護】千葉県野田市尾崎837-41戸田ビル102", "url": "https://www.kaigokensaku.mhlw.go.jp/12/index.php?action_kouhyou_detail_004_kani=true&JigyosyoCd=1262090231-00&ServiceCd=130&Type=search", "url2": null }, "geometry": { "type": "Point", "coordinates": [ 139.8346076, 35.9789487 ] } },
{ "type": "Feature", "properties": { "内容": "ドットライフ野田（訪問看護・リハビリ）【訪問看護】千葉県野田市宮崎133-30SKビル2階", "url": "https://www.kaigokensaku.mhlw.go.jp/12/index.php?action_kouhyou_detail_004_kani=true&JigyosyoCd=1262090280-00&ServiceCd=130&Type=search", "url2": null }, "geometry": { "type": "Point", "coordinates": [ 139.8715722, 35.956598 ] } },
{ "type": "Feature", "properties": { "内容": "エミング野田クリニック【訪問看護】千葉県野田市宮崎81-6", "url": "https://www.kaigokensaku.mhlw.go.jp/12/index.php?action_kouhyou_detail_004_kani=true&JigyosyoCd=1212011385-00&ServiceCd=130&Type=search", "url2": "https://eming.jimdo.com/" }, "geometry": { "type": "Point", "coordinates": [ 139.8728812, 35.9528807 ] } },
{ "type": "Feature", "properties": { "内容": "木野崎訪問看護ステーション【訪問看護】千葉県野田市木野崎1561-1", "url": "https://www.kaigokensaku.mhlw.go.jp/12/index.php?action_kouhyou_detail_004_kani=true&JigyosyoCd=1262090173-00&ServiceCd=130&Type=search", "url2": "https://kinosaki.net" }, "geometry": { "type": "Point", "coordinates": [ 139.9073923, 35.9553033 ] } },
{ "type": "Feature", "properties": { "内容": "さわやか訪問看護ステーション【訪問看護】千葉県野田市野田８４０", "url": "https://www.kaigokensaku.mhlw.go.jp/12/index.php?action_kouhyou_detail_004_kani=true&JigyosyoCd=1262090025-00&ServiceCd=130&Type=search", "url2": "https://nlcc.or.jp/" }, "geometry": { "type": "Point", "coordinates": [ 139.865850300000034, 35.9563642 ] } },
{ "type": "Feature", "properties": { "内容": "ファミリア訪問看護ステーション【訪問看護】千葉県野田市尾崎807-11", "url": "https://www.kaigokensaku.mhlw.go.jp/12/index.php?action_kouhyou_detail_004_kani=true&JigyosyoCd=1262090082-00&ServiceCd=130&Type=search", "url2": "http://familia-kango.com/" }, "geometry": { "type": "Point", "coordinates": [ 139.8299472, 35.9788855 ] } },
{ "type": "Feature", "properties": { "内容": "訪問看護ステーション　ファースト【訪問看護】千葉県野田市山崎2077-1-6ドゥエグマリヌ6", "url": "https://www.kaigokensaku.mhlw.go.jp/12/index.php?action_kouhyou_detail_004_kani=true&JigyosyoCd=1262090306-00&ServiceCd=130&Type=search", "url2": "https://www.grouphome-katsumata.com/" }, "geometry": { "type": "Point", "coordinates": [ 139.898002936245717, 35.927337593219818 ] } },
{ "type": "Feature", "properties": { "内容": "トータルサポート・ノダ指定訪問看護事業所【訪問看護】千葉県野田市柳沢24番地", "url": "https://www.kaigokensaku.mhlw.go.jp/12/index.php?action_kouhyou_detail_004_kani=true&JigyosyoCd=1262090199-00&ServiceCd=130&Type=search", "url2": "http://ts-noda.co.jp" }, "geometry": { "type": "Point", "coordinates": [ 139.8676072, 35.953379 ] } },
{ "type": "Feature", "properties": { "内容": "ラキ訪問看護ステーション【訪問看護】千葉県野田市宮崎123－16", "url": "https://www.kaigokensaku.mhlw.go.jp/12/index.php?action_kouhyou_detail_004_kani=true&JigyosyoCd=1262090090-00&ServiceCd=130&Type=search", "url2": null }, "geometry": { "type": "Point", "coordinates": [ 139.870686299999988, 35.9546728 ] } },
{ "type": "Feature", "properties": { "内容": "訪問看護ステーションはる【訪問看護】千葉県野田市宮崎204-3", "url": "https://www.kaigokensaku.mhlw.go.jp/12/index.php?action_kouhyou_detail_004_kani=true&JigyosyoCd=1262090264-00&ServiceCd=130&Type=search", "url2": "https://haru-ns.com/" }, "geometry": { "type": "Point", "coordinates": [ 139.880994099999981, 35.9547726 ] } },
{ "type": "Feature", "properties": { "内容": "もものはな訪問看護ステーション【訪問看護】千葉県野田市中里1-14", "url": "https://www.kaigokensaku.mhlw.go.jp/12/index.php?action_kouhyou_detail_004_kani=true&JigyosyoCd=1262090207-00&ServiceCd=130&Type=search", "url2": "https://momonohanahoukan.jimdofree.com/" }, "geometry": { "type": "Point", "coordinates": [ 139.844666262396146, 35.99043244619002 ] } },
{ "type": "Feature", "properties": { "内容": "訪問看護ステーションはれのひ【訪問看護】千葉県野田市中根193-20小沢ハイツ中根102", "url": "https://www.kaigokensaku.mhlw.go.jp/12/index.php?action_kouhyou_detail_004_kani=true&JigyosyoCd=1262090314-00&ServiceCd=130&Type=search", "url2": "https://ghippo2020.jimdofree.com/" }, "geometry": { "type": "Point", "coordinates": [ 139.8777059, 35.9404475 ] } },
{ "type": "Feature", "properties": { "内容": "ラウンド＆ケア訪問看護ステーション野田【訪問看護】千葉県野田市山﨑2699-85", "url": "https://www.kaigokensaku.mhlw.go.jp/12/index.php?action_kouhyou_detail_004_kani=true&JigyosyoCd=1262090272-00&ServiceCd=130&Type=search", "url2": null }, "geometry": { "type": "Point", "coordinates": [ 139.904240499999986, 35.9202637 ] } },
{ "type": "Feature", "properties": { "内容": "ナースケアひばり野田店【訪問看護】千葉県野田市中根１５－１８", "url": "https://www.kaigokensaku.mhlw.go.jp/12/index.php?action_kouhyou_detail_004_kani=true&JigyosyoCd=1262090215-00&ServiceCd=130&Type=search", "url2": "http://www.hibari-kango.com/" }, "geometry": { "type": "Point", "coordinates": [ 139.8799761, 35.9468232 ] } },
{ "type": "Feature", "properties": { "内容": "訪問看護ステーションゆい【訪問看護】千葉県野田市山崎1668-2", "url": "https://www.kaigokensaku.mhlw.go.jp/12/index.php?action_kouhyou_detail_004_kani=true&JigyosyoCd=1262090066-00&ServiceCd=130&Type=search", "url2": "https://houmonkango.webnode.jp/" }, "geometry": { "type": "Point", "coordinates": [ 139.889098573730394, 35.930783948993877 ] } },
{ "type": "Feature", "properties": { "内容": "ソエルガーデン野田訪問看護【訪問看護】千葉県野田市中里553-5", "url": "https://www.kaigokensaku.mhlw.go.jp/12/index.php?action_kouhyou_detail_004_kani=true&JigyosyoCd=1262090322-00&ServiceCd=130&Type=search", "url2": "https://www.care-partner.com/place/sg-noda/" }, "geometry": { "type": "Point", "coordinates": [ 139.843171350041871, 35.994721872045389 ] } },
{ "type": "Feature", "properties": { "内容": "訪問看護ステーションあやめ野田【訪問看護】千葉県野田市堤台28番地7コーポ堤台101号室", "url": "https://www.kaigokensaku.mhlw.go.jp/12/index.php?action_kouhyou_detail_004_kani=true&JigyosyoCd=1262090157-00&ServiceCd=130&Type=search", "url2": "https://firstnurse.co.jp/" }, "geometry": { "type": "Point", "coordinates": [ 139.8502675, 35.9467938 ] } },
{ "type": "Feature", "properties": { "内容": "ブライト・ライフ訪問看護　野田【訪問看護】千葉県野田市清水367-12", "url": "https://www.kaigokensaku.mhlw.go.jp/12/index.php?action_kouhyou_detail_004_kani=true&JigyosyoCd=1262090165-00&ServiceCd=130&Type=search", "url2": "https://www.brightlife.co.jp/" }, "geometry": { "type": "Point", "coordinates": [ 139.859847543994192, 35.95684323649008 ] } },
{ "type": "Feature", "properties": { "内容": "訪問看護ステーション　アクトメンタルサポート【訪問看護】千葉県茂原市下永吉964-3", "url": "https://www.kaigokensaku.mhlw.go.jp/12/index.php?action_kouhyou_detail_004_kani=true&JigyosyoCd=1263190147-00&ServiceCd=130&Type=search", "url2": null }, "geometry": { "type": "Point", "coordinates": [ 140.3019731, 35.4080128 ] } },
{ "type": "Feature", "properties": { "内容": "訪問看護ステーションしょうじゅの里茂原【訪問看護】千葉県茂原市高師193-1", "url": "https://www.kaigokensaku.mhlw.go.jp/12/index.php?action_kouhyou_detail_004_kani=true&JigyosyoCd=1263190154-00&ServiceCd=130&Type=search", "url2": "http://www.akaedakai.com/mobara/index.html" }, "geometry": { "type": "Point", "coordinates": [ 140.296751300000011, 35.4395247 ] } },
{ "type": "Feature", "properties": { "内容": "仁訪問看護ステーション【訪問看護】千葉県茂原市高師町3-8-6太陽ビル2F", "url": "https://www.kaigokensaku.mhlw.go.jp/12/index.php?action_kouhyou_detail_004_kani=true&JigyosyoCd=1263190113-00&ServiceCd=130&Type=search", "url2": null }, "geometry": { "type": "Point", "coordinates": [ 140.295750937573246, 35.432185311443675 ] } },
{ "type": "Feature", "properties": { "内容": "訪問看護ステーション空音【訪問看護】千葉県茂原市本納1806-2アイリスⅡ201号室", "url": "https://www.kaigokensaku.mhlw.go.jp/12/index.php?action_kouhyou_detail_004_kani=true&JigyosyoCd=1263190246-00&ServiceCd=130&Type=search", "url2": null }, "geometry": { "type": "Point", "coordinates": [ 140.3059499, 35.4830942 ] } },
{ "type": "Feature", "properties": { "内容": "いこい訪問看護ステーション茂原【訪問看護】千葉県茂原市早野2791-1", "url": "https://www.kaigokensaku.mhlw.go.jp/12/index.php?action_kouhyou_detail_004_kani=true&JigyosyoCd=1263190063-00&ServiceCd=130&Type=search", "url2": "https://ikoimobara.com" }, "geometry": { "type": "Point", "coordinates": [ 140.301236540374077, 35.416842760548221 ] } },
{ "type": "Feature", "properties": { "内容": "一般社団法人茂原市長生郡医師会訪問看護ステーション【訪問看護】千葉県茂原市八千代1-5-4長生郡市保健センター1Ｆ", "url": "https://www.kaigokensaku.mhlw.go.jp/12/index.php?action_kouhyou_detail_004_kani=true&JigyosyoCd=1263190030-00&ServiceCd=130&Type=search", "url2": "https://www.mcishikai.com/" }, "geometry": { "type": "Point", "coordinates": [ 140.298092, 35.423914 ] } },
{ "type": "Feature", "properties": { "内容": "ここから訪問看護リハビリケア茂原【訪問看護】千葉県茂原市谷本1340-30", "url": "https://www.kaigokensaku.mhlw.go.jp/12/index.php?action_kouhyou_detail_004_kani=true&JigyosyoCd=1263190238-00&ServiceCd=130&Type=search", "url2": "https://deffort.co.jp/" }, "geometry": { "type": "Point", "coordinates": [ 140.3221625, 35.4420086 ] } },
{ "type": "Feature", "properties": { "内容": "訪問看護ステーションあかね雲【訪問看護】千葉県茂原市国府関1683-6", "url": "https://www.kaigokensaku.mhlw.go.jp/12/index.php?action_kouhyou_detail_004_kani=true&JigyosyoCd=1263190089-00&ServiceCd=130&Type=search", "url2": "http://www.shinwakaigo.org/" }, "geometry": { "type": "Point", "coordinates": [ 140.260794612907461, 35.448564213200726 ] } },
{ "type": "Feature", "properties": { "内容": "訪問看護ステーション　もちのき【訪問看護】千葉県茂原市早野3009明光ビレッジ101", "url": "https://www.kaigokensaku.mhlw.go.jp/12/index.php?action_kouhyou_detail_004_kani=true&JigyosyoCd=1263190170-00&ServiceCd=130&Type=search", "url2": "https://www.mochinoki.info" }, "geometry": { "type": "Point", "coordinates": [ 140.3004823, 35.4203727 ] } },
{ "type": "Feature", "properties": { "内容": "訪問看護ステーション夢眠もばら【訪問看護】千葉県茂原市上茂原388番10号", "url": "https://www.kaigokensaku.mhlw.go.jp/12/index.php?action_kouhyou_detail_004_kani=true&JigyosyoCd=1263190204-00&ServiceCd=130&Type=search", "url2": "http://muminhome.jp/mobara/" }, "geometry": { "type": "Point", "coordinates": [ 140.272642980118349, 35.424702355063054 ] } },
{ "type": "Feature", "properties": { "内容": "ハーティー訪問看護ステーション【訪問看護】千葉県茂原市七渡620-9101", "url": "https://www.kaigokensaku.mhlw.go.jp/12/index.php?action_kouhyou_detail_004_kani=true&JigyosyoCd=1263190097-00&ServiceCd=130&Type=search", "url2": null }, "geometry": { "type": "Point", "coordinates": [ 140.30866160000005, 35.4573428 ] } },
{ "type": "Feature", "properties": { "内容": "つなぐ訪問看護ステーション【訪問看護】千葉県茂原市粟生野2699-7", "url": "https://www.kaigokensaku.mhlw.go.jp/12/index.php?action_kouhyou_detail_004_kani=true&JigyosyoCd=1263190220-00&ServiceCd=130&Type=search", "url2": "https://tsunagu-houmon.com" }, "geometry": { "type": "Point", "coordinates": [ 140.3535968, 35.475233 ] } },
{ "type": "Feature", "properties": { "内容": "訪問看護ステーションあやめ茂原【訪問看護】千葉県茂原市高師688-23杉田第二ビル3階A", "url": "https://www.kaigokensaku.mhlw.go.jp/12/index.php?action_kouhyou_detail_004_kani=true&JigyosyoCd=1263190188-00&ServiceCd=130&Type=search", "url2": "https://firstnurse.co.jp/" }, "geometry": { "type": "Point", "coordinates": [ 140.304483931286484, 35.424710043771817 ] } },
{ "type": "Feature", "properties": { "内容": "グレイト訪問看護リハビリステーション【訪問看護】千葉県茂原市大芝2-13-2", "url": "https://www.kaigokensaku.mhlw.go.jp/12/index.php?action_kouhyou_detail_004_kani=true&JigyosyoCd=1263190105-00&ServiceCd=130&Type=search", "url2": "http://www.takise.co.jp" }, "geometry": { "type": "Point", "coordinates": [ 140.31222544996703, 35.409144888878615 ] } },
{ "type": "Feature", "properties": { "内容": "茂原訪問看護ステーション【訪問看護】千葉県茂原市下永吉川田　796", "url": "https://www.kaigokensaku.mhlw.go.jp/12/index.php?action_kouhyou_detail_004_kani=true&JigyosyoCd=1263190014-00&ServiceCd=130&Type=search", "url2": "https://mobarachuobyoin.jp/" }, "geometry": { "type": "Point", "coordinates": [ 140.309304, 35.412275 ] } },
{ "type": "Feature", "properties": { "内容": "ハレ訪問看護リハビリステーション【訪問看護】千葉県茂原市町保7-18クレメンティア町保2階", "url": "https://www.kaigokensaku.mhlw.go.jp/12/index.php?action_kouhyou_detail_004_kani=true&JigyosyoCd=1263190121-00&ServiceCd=130&Type=search", "url2": "https://hale-houkan.net/" }, "geometry": { "type": "Point", "coordinates": [ 140.303907, 35.4285486 ] } },
{ "type": "Feature", "properties": { "内容": "ドットライフ成田（訪問看護・リハビリ）【訪問看護】千葉県成田市花崎町963京成成田東口森田ビル　駐車場棟　1階3号室", "url": "https://www.kaigokensaku.mhlw.go.jp/12/index.php?action_kouhyou_detail_004_kani=true&JigyosyoCd=1264390217-00&ServiceCd=130&Type=search", "url2": "https://pj.dotline-jp.com/hokan/" }, "geometry": { "type": "Point", "coordinates": [ 140.31752560000001, 35.7758686 ] } },
{ "type": "Feature", "properties": { "内容": "生活クラブ風の村訪問看護ステーションなりた【訪問看護】千葉県成田市大竹字内沼３７０－５", "url": "https://www.kaigokensaku.mhlw.go.jp/12/index.php?action_kouhyou_detail_004_kani=true&JigyosyoCd=1264390100-00&ServiceCd=130&Type=search", "url2": "https://kazenomura.jp" }, "geometry": { "type": "Point", "coordinates": [ 140.2733936, 35.811809 ] } },
{ "type": "Feature", "properties": { "内容": "ＳＯＭＰＯケア　成田　訪問看護【訪問看護】千葉県成田市飯仲28-18SOMPOケアラヴィーレ成田内併設", "url": "https://www.kaigokensaku.mhlw.go.jp/12/index.php?action_kouhyou_detail_004_kani=true&JigyosyoCd=1264390126-00&ServiceCd=130&Type=search", "url2": null }, "geometry": { "type": "Point", "coordinates": [ 140.2999699, 35.7533213 ] } },
{ "type": "Feature", "properties": { "内容": "訪問看護ステーション　りずらぼ【訪問看護】千葉県成田市本城42-60", "url": "https://www.kaigokensaku.mhlw.go.jp/12/index.php?action_kouhyou_detail_004_kani=true&JigyosyoCd=1264390233-00&ServiceCd=130&Type=search", "url2": null }, "geometry": { "type": "Point", "coordinates": [ 140.371233386508209, 35.741386739073889 ] } },
{ "type": "Feature", "properties": { "内容": "訪問看護ステーションるりから【訪問看護】千葉県成田市飯田町108-282号棟", "url": "https://www.kaigokensaku.mhlw.go.jp/12/index.php?action_kouhyou_detail_004_kani=true&JigyosyoCd=1264390092-00&ServiceCd=130&Type=search", "url2": "https://mic0m.com/office/rurikara/" }, "geometry": { "type": "Point", "coordinates": [ 140.30020812898448, 35.765133770520393 ] } },
{ "type": "Feature", "properties": { "内容": "成田訪問看護ステーション玲光苑【訪問看護】千葉県成田市新町1037-63新町デイサービスセンター玲光苑", "url": "https://www.kaigokensaku.mhlw.go.jp/12/index.php?action_kouhyou_detail_004_kani=true&JigyosyoCd=1264390050-00&ServiceCd=130&Type=search", "url2": "http://www.reikouen.or.jp/" }, "geometry": { "type": "Point", "coordinates": [ 140.311745200000018, 35.7809653 ] } },
{ "type": "Feature", "properties": { "内容": "訪問看護ステーション紅白なりた【訪問看護】千葉県成田市下方685-1", "url": "https://www.kaigokensaku.mhlw.go.jp/12/index.php?action_kouhyou_detail_004_kani=true&JigyosyoCd=1264390183-00&ServiceCd=130&Type=search", "url2": null }, "geometry": { "type": "Point", "coordinates": [ 140.272388600000028, 35.7589669 ] } },
{ "type": "Feature", "properties": { "内容": "看護クラーク成田【訪問看護】千葉県成田市土屋522番3", "url": "https://www.kaigokensaku.mhlw.go.jp/12/index.php?action_kouhyou_detail_004_kani=true&JigyosyoCd=1264390241-00&ServiceCd=130&Type=search", "url2": "https://cuc-hospice.com/rehope/hospice/3134/" }, "geometry": { "type": "Point", "coordinates": [ 140.322586699999988, 35.7919195 ] } },
{ "type": "Feature", "properties": { "内容": "フォレスト訪問看護リハビリステーション【訪問看護】千葉県成田市橋賀台1-9-6", "url": "https://www.kaigokensaku.mhlw.go.jp/12/index.php?action_kouhyou_detail_004_kani=true&JigyosyoCd=1264390159-00&ServiceCd=130&Type=search", "url2": "http://foresthoukan.jp/" }, "geometry": { "type": "Point", "coordinates": [ 140.291684999775356, 35.772277866257106 ] } },
{ "type": "Feature", "properties": { "内容": "訪問看護ステーションあやめ成田【訪問看護】千葉県成田市郷部1211メゾンヴィクトリーC　101号室", "url": "https://www.kaigokensaku.mhlw.go.jp/12/index.php?action_kouhyou_detail_004_kani=true&JigyosyoCd=1264390191-00&ServiceCd=130&Type=search", "url2": "https://firstnurse.co.jp/" }, "geometry": { "type": "Point", "coordinates": [ 140.311039099999988, 35.7874598 ] } },
{ "type": "Feature", "properties": { "内容": "訪問看護ステーション　成田の未来【訪問看護】千葉県成田市飯田町124-59", "url": "https://www.kaigokensaku.mhlw.go.jp/12/index.php?action_kouhyou_detail_004_kani=true&JigyosyoCd=1264390175-00&ServiceCd=130&Type=search", "url2": "http://st-corpo.com" }, "geometry": { "type": "Point", "coordinates": [ 140.2957345, 35.7654311 ] } },
{ "type": "Feature", "properties": { "内容": "セントケア訪問看護ステーション成田【訪問看護】千葉県成田市公津の杜1-13-17日堀ビル201号室", "url": "https://www.kaigokensaku.mhlw.go.jp/12/index.php?action_kouhyou_detail_004_kani=true&JigyosyoCd=1264390167-00&ServiceCd=130&Type=search", "url2": "http://www.saint-care.com/chiba/" }, "geometry": { "type": "Point", "coordinates": [ 140.296224099999989, 35.763030700000016 ] } },
{ "type": "Feature", "properties": { "内容": "つかだファミリークリニック訪問看護ステーション【訪問看護】千葉県成田市郷部292-1クローバーホーム成田Ａ", "url": "https://www.kaigokensaku.mhlw.go.jp/12/index.php?action_kouhyou_detail_004_kani=true&JigyosyoCd=1264390076-00&ServiceCd=130&Type=search", "url2": "https://www.kodoukai.or.jp/" }, "geometry": { "type": "Point", "coordinates": [ 140.3093467, 35.7865415 ] } },
{ "type": "Feature", "properties": { "内容": "ふじの花リハビリ訪問看護ステーション【訪問看護】千葉県成田市並木町25-317クオーレＢ", "url": "https://www.kaigokensaku.mhlw.go.jp/12/index.php?action_kouhyou_detail_004_kani=true&JigyosyoCd=1264390084-00&ServiceCd=130&Type=search", "url2": "https://fuji-no-hana.com/" }, "geometry": { "type": "Point", "coordinates": [ 140.310171739707584, 35.761382677006615 ] } },
{ "type": "Feature", "properties": { "内容": "訪問看護さくらケア【訪問看護】千葉県佐倉市栄町１２－１１０７", "url": "https://www.kaigokensaku.mhlw.go.jp/12/index.php?action_kouhyou_detail_004_kani=true&JigyosyoCd=1264290227-00&ServiceCd=130&Type=search", "url2": null }, "geometry": { "type": "Point", "coordinates": [ 140.2309919, 35.724451 ] } },
{ "type": "Feature", "properties": { "内容": "アイリス訪問看護ステーション【訪問看護】千葉県佐倉市栄町10番地17HB佐倉1F", "url": "https://www.kaigokensaku.mhlw.go.jp/12/index.php?action_kouhyou_detail_004_kani=true&JigyosyoCd=1264290284-00&ServiceCd=130&Type=search", "url2": "https://wellnesspartners.co.jp/" }, "geometry": { "type": "Point", "coordinates": [ 140.23152540000001, 35.7238864 ] } },
{ "type": "Feature", "properties": { "内容": "ういず・ユー白ゆり訪問看護ステーション【訪問看護】千葉県佐倉市西志津4丁目７－８", "url": "https://www.kaigokensaku.mhlw.go.jp/12/index.php?action_kouhyou_detail_004_kani=true&JigyosyoCd=1264290219-00&ServiceCd=130&Type=search", "url2": "https://withyou-care.co.jp/" }, "geometry": { "type": "Point", "coordinates": [ 140.138813199999959, 35.7119943 ] } },
{ "type": "Feature", "properties": { "内容": "さくらリハビリ訪問看護ステーション【訪問看護】千葉県佐倉市新臼井田24-9", "url": "https://www.kaigokensaku.mhlw.go.jp/12/index.php?action_kouhyou_detail_004_kani=true&JigyosyoCd=1264290110-00&ServiceCd=130&Type=search", "url2": "http://www.w-sakura.co.jp" }, "geometry": { "type": "Point", "coordinates": [ 140.189053244109857, 35.732960765981829 ] } },
{ "type": "Feature", "properties": { "内容": "医心館訪問看護ステーション佐倉【訪問看護】千葉県佐倉市下志津字大口787-1", "url": "https://www.kaigokensaku.mhlw.go.jp/12/index.php?action_kouhyou_detail_004_kani=true&JigyosyoCd=1264290334-00&ServiceCd=130&Type=search", "url2": null }, "geometry": { "type": "Point", "coordinates": [ 140.165168670878074, 35.717224560537296 ] } },
{ "type": "Feature", "properties": { "内容": "訪問看護ステーションきずな【訪問看護】千葉県佐倉市井野1025-1メゾンドール105", "url": "https://www.kaigokensaku.mhlw.go.jp/12/index.php?action_kouhyou_detail_004_kani=true&JigyosyoCd=1264290342-00&ServiceCd=130&Type=search", "url2": "https://kizuna-houmon.mystrikingly.com/" }, "geometry": { "type": "Point", "coordinates": [ 140.14390130000001, 35.7289371 ] } },
{ "type": "Feature", "properties": { "内容": "ユーカリが丘訪問看護ステーション【訪問看護】千葉県佐倉市南ユーカリが丘２－１　１００プレシオ南ユーカリが丘1階", "url": "https://www.kaigokensaku.mhlw.go.jp/12/index.php?action_kouhyou_detail_004_kani=true&JigyosyoCd=1264290052-00&ServiceCd=130&Type=search", "url2": "http://yukarihoukan.com" }, "geometry": { "type": "Point", "coordinates": [ 140.156669100000045, 35.7200896 ] } },
{ "type": "Feature", "properties": { "内容": "さくら春色訪問看護ステーション【訪問看護】千葉県佐倉市弥勒町114-4", "url": "https://www.kaigokensaku.mhlw.go.jp/12/index.php?action_kouhyou_detail_004_kani=true&JigyosyoCd=1264290409-00&ServiceCd=130&Type=search", "url2": "https://sakura-haruiroclinic.jp" }, "geometry": { "type": "Point", "coordinates": [ 140.236806880101824, 35.718125539826168 ] } },
{ "type": "Feature", "properties": { "内容": "生活クラブ風の村訪問看護ステーションさくら【訪問看護】千葉県佐倉市山崎５２９－１", "url": "https://www.kaigokensaku.mhlw.go.jp/12/index.php?action_kouhyou_detail_004_kani=true&JigyosyoCd=1264290060-00&ServiceCd=130&Type=search", "url2": "https://kazenomura.jp/" }, "geometry": { "type": "Point", "coordinates": [ 140.224994199999969, 35.7301409 ] } },
{ "type": "Feature", "properties": { "内容": "訪問看護ステーションもりの家【訪問看護】千葉県佐倉市小篠塚1153-1", "url": "https://www.kaigokensaku.mhlw.go.jp/12/index.php?action_kouhyou_detail_004_kani=true&JigyosyoCd=1264290383-00&ServiceCd=130&Type=search", "url2": "https://daisen.or.jp" }, "geometry": { "type": "Point", "coordinates": [ 140.2294358, 35.6876477 ] } },
{ "type": "Feature", "properties": { "内容": "せいれい訪問看護ステーション佐倉【訪問看護】千葉県佐倉市江原台2-36-2", "url": "https://www.kaigokensaku.mhlw.go.jp/12/index.php?action_kouhyou_detail_004_kani=true&JigyosyoCd=1264290094-00&ServiceCd=130&Type=search", "url2": "http://www.seirei.or.jp/sakura/activity/57.html" }, "geometry": { "type": "Point", "coordinates": [ 140.200290600000017, 35.7372143 ] } },
{ "type": "Feature", "properties": { "内容": "クランベリー訪問看護ステーション・佐倉【訪問看護】千葉県佐倉市西志津2-8-7", "url": "https://www.kaigokensaku.mhlw.go.jp/12/index.php?action_kouhyou_detail_004_kani=true&JigyosyoCd=1264290144-00&ServiceCd=130&Type=search", "url2": "https://cranberrynurse.wixsite.com/sakura" }, "geometry": { "type": "Point", "coordinates": [ 140.137109296244972, 35.713905810592443 ] } },
{ "type": "Feature", "properties": { "内容": "指定訪問看護アットリハ宮ノ台【訪問看護】千葉県佐倉市宮ノ台2-1-1", "url": "https://www.kaigokensaku.mhlw.go.jp/12/index.php?action_kouhyou_detail_004_kani=true&JigyosyoCd=1264290375-00&ServiceCd=130&Type=search", "url2": "https://at-care.co.jp" }, "geometry": { "type": "Point", "coordinates": [ 140.147007799999983, 35.741989600000011 ] } },
{ "type": "Feature", "properties": { "内容": "佐倉中央病院【訪問看護】千葉県佐倉市栄町２０－４", "url": "https://www.kaigokensaku.mhlw.go.jp/12/index.php?action_kouhyou_detail_004_kani=true&JigyosyoCd=1214210399-00&ServiceCd=130&Type=search", "url2": "http://www.aishin.or.jp/sakura/aboutus.html" }, "geometry": { "type": "Point", "coordinates": [ 140.228488500000026, 35.72455 ] } },
{ "type": "Feature", "properties": { "内容": "生活クラブ風の村訪問看護ステーションArica【訪問看護】千葉県佐倉市王子台4丁目28番地12号T・第一ビル2階", "url": "https://www.kaigokensaku.mhlw.go.jp/12/index.php?action_kouhyou_detail_004_kani=true&JigyosyoCd=1264290243-00&ServiceCd=130&Type=search", "url2": "https://kazenomura.jp/facility/%E7%94%9F%E6%B4%BB%E3%82%AF%E3%83%A9%E3%83%96%E9%A2%A8%E3%81%AE%E6%9D%91%E8%A8%AA%E5%95%8F%E7%9C%8B%E8%AD%B7%E3%82%B9%E3%83%86%E3%83%BC%E3%82%B7%E3%83%A7%E3%83%B3arica/" }, "geometry": { "type": "Point", "coordinates": [ 140.17951539204779, 35.724128254344997 ] } },
{ "type": "Feature", "properties": { "内容": "訪問看護ステーションデューン佐倉【訪問看護】千葉県佐倉市王子台4丁目13-13サニーコート王子台102号室", "url": "https://www.kaigokensaku.mhlw.go.jp/12/index.php?action_kouhyou_detail_004_kani=true&JigyosyoCd=1264290300-00&ServiceCd=130&Type=search", "url2": null }, "geometry": { "type": "Point", "coordinates": [ 140.181581200000011, 35.7261047 ] } },
{ "type": "Feature", "properties": { "内容": "厚生園訪問看護ステーション【訪問看護】千葉県佐倉市鏑木町320", "url": "https://www.kaigokensaku.mhlw.go.jp/12/index.php?action_kouhyou_detail_004_kani=true&JigyosyoCd=1264290011-00&ServiceCd=130&Type=search", "url2": "https://sakurakouseien.jp/service/visiting-nursing/" }, "geometry": { "type": "Point", "coordinates": [ 140.235519131391158, 35.714463632424426 ] } },
{ "type": "Feature", "properties": { "内容": "セントケア訪問看護ステーション佐倉【訪問看護】千葉県佐倉市寺崎北4-7-6", "url": "https://www.kaigokensaku.mhlw.go.jp/12/index.php?action_kouhyou_detail_004_kani=true&JigyosyoCd=1264290086-00&ServiceCd=130&Type=search", "url2": "https://www.saint-care.com/" }, "geometry": { "type": "Point", "coordinates": [ 140.215225025903123, 35.711568597012125 ] } },
{ "type": "Feature", "properties": { "内容": "ドットライフ佐倉（訪問看護・リハビリ）【訪問看護】千葉県佐倉市表町４－１－７日本企画地所ビル２階", "url": "https://www.kaigokensaku.mhlw.go.jp/12/index.php?action_kouhyou_detail_004_kani=true&JigyosyoCd=1264290292-00&ServiceCd=130&Type=search", "url2": "https://www.dotline-jp.com/" }, "geometry": { "type": "Point", "coordinates": [ 140.231059, 35.7126231 ] } },
{ "type": "Feature", "properties": { "内容": "宍戸内科医院【訪問看護】千葉県佐倉市佐倉市王子台1-18-7", "url": "https://www.kaigokensaku.mhlw.go.jp/12/index.php?action_kouhyou_detail_004_kani=true&JigyosyoCd=1214210738-00&ServiceCd=130&Type=search", "url2": "https://www.sisido.jp/" }, "geometry": { "type": "Point", "coordinates": [ 140.18281115620573, 35.730953408019765 ] } },
{ "type": "Feature", "properties": { "内容": "訪問看護ステーション夢眠ちば【訪問看護】千葉県佐倉市下志津214-1", "url": "https://www.kaigokensaku.mhlw.go.jp/12/index.php?action_kouhyou_detail_004_kani=true&JigyosyoCd=1264290185-00&ServiceCd=130&Type=search", "url2": "http://muminhome.jp/chiba/" }, "geometry": { "type": "Point", "coordinates": [ 140.168281329360951, 35.719458164905767 ] } },
{ "type": "Feature", "properties": { "内容": "訪問看護ステーション「さくら咲くさくら」【訪問看護】千葉県佐倉市王子台3-1-17シャトルビル201", "url": "https://www.kaigokensaku.mhlw.go.jp/12/index.php?action_kouhyou_detail_004_kani=true&JigyosyoCd=1264290268-00&ServiceCd=130&Type=search", "url2": "https://sakurasakuyachiyo.com" }, "geometry": { "type": "Point", "coordinates": [ 140.180609800000013, 35.7289192 ] } },
{ "type": "Feature", "properties": { "内容": "DS訪問看護ステーション佐倉【訪問看護】千葉県佐倉市鏑木仲田町9-11グリーンオフィス佐倉2F", "url": "https://www.kaigokensaku.mhlw.go.jp/12/index.php?action_kouhyou_detail_004_kani=true&JigyosyoCd=1264290326-00&ServiceCd=130&Type=search", "url2": "https://selrea.co.jp/" }, "geometry": { "type": "Point", "coordinates": [ 140.2324209, 35.7158285 ] } },
{ "type": "Feature", "properties": { "内容": "みなもと訪問看護リハビリステーション【訪問看護】千葉県佐倉市石川577-7日清ビル202", "url": "https://www.kaigokensaku.mhlw.go.jp/12/index.php?action_kouhyou_detail_004_kani=true&JigyosyoCd=1264290169-00&ServiceCd=130&Type=search", "url2": "https://www.minamotostation.com/" }, "geometry": { "type": "Point", "coordinates": [ 140.2301615, 35.6952343 ] } },
{ "type": "Feature", "properties": { "内容": "ツクイ・ポピルスガーデン千葉佐倉訪問看護ステーション【訪問看護】千葉県佐倉市上志津148", "url": "https://www.kaigokensaku.mhlw.go.jp/12/index.php?action_kouhyou_detail_004_kani=true&JigyosyoCd=1264290359-00&ServiceCd=130&Type=search", "url2": null }, "geometry": { "type": "Point", "coordinates": [ 140.1459461, 35.7165619 ] } },
{ "type": "Feature", "properties": { "内容": "フラット訪問看護ステーション【訪問看護】千葉県佐倉市王子台1-19-16王子台ビル1階", "url": "https://www.kaigokensaku.mhlw.go.jp/12/index.php?action_kouhyou_detail_004_kani=true&JigyosyoCd=1264290318-00&ServiceCd=130&Type=search", "url2": null }, "geometry": { "type": "Point", "coordinates": [ 140.183242836492923, 35.732207087729229 ] } },
{ "type": "Feature", "properties": { "内容": "訪問看護ステーション　サポートオール【訪問看護】千葉県佐倉市臼井台1257", "url": "https://www.kaigokensaku.mhlw.go.jp/12/index.php?action_kouhyou_detail_004_kani=true&JigyosyoCd=1264290177-00&ServiceCd=130&Type=search", "url2": "http://supportall.info/" }, "geometry": { "type": "Point", "coordinates": [ 140.177948600000036, 35.7346028 ] } },
{ "type": "Feature", "properties": { "内容": "しゃるぅる訪問看護ステーション【訪問看護】千葉県佐倉市臼井田2339番地1カーサ松戸206号室", "url": "https://www.kaigokensaku.mhlw.go.jp/12/index.php?action_kouhyou_detail_004_kani=true&JigyosyoCd=1264290276-00&ServiceCd=130&Type=search", "url2": "https://make-it-better.co.jp/" }, "geometry": { "type": "Point", "coordinates": [ 140.184721700000011, 35.7353782 ] } },
{ "type": "Feature", "properties": { "内容": "SOU訪問看護ステーション佐倉【訪問看護】千葉県佐倉市並木町47-1", "url": "https://www.kaigokensaku.mhlw.go.jp/12/index.php?action_kouhyou_detail_004_kani=true&JigyosyoCd=1264290391-00&ServiceCd=130&Type=search", "url2": null }, "geometry": { "type": "Point", "coordinates": [ 140.225831199999988, 35.7247843 ] } },
{ "type": "Feature", "properties": { "内容": "訪問看護ステーションれんげ草【訪問看護】千葉県東金市東岩崎11-5フォンテ東金102", "url": "https://www.kaigokensaku.mhlw.go.jp/12/index.php?action_kouhyou_detail_004_kani=true&JigyosyoCd=1260890079-00&ServiceCd=130&Type=search", "url2": "http://www.rengeso.net" }, "geometry": { "type": "Point", "coordinates": [ 140.364253400000052, 35.557395700000022 ] } },
{ "type": "Feature", "properties": { "内容": "Habilitate　Visit　Nurse　Station【訪問看護】千葉県東金市東上宿6-1ファインコート102", "url": "https://www.kaigokensaku.mhlw.go.jp/12/index.php?action_kouhyou_detail_004_kani=true&JigyosyoCd=1260890137-00&ServiceCd=130&Type=search", "url2": "https://habista9.com/" }, "geometry": { "type": "Point", "coordinates": [ 140.361717964418034, 35.55743193372615 ] } },
{ "type": "Feature", "properties": { "内容": "訪問看護ステーション　アンカー【訪問看護】千葉県東金市家徳38番地1", "url": "https://www.kaigokensaku.mhlw.go.jp/12/index.php?action_kouhyou_detail_004_kani=true&JigyosyoCd=1260890152-00&ServiceCd=130&Type=search", "url2": "https://asai-healthcare-group.jp/hospital/" }, "geometry": { "type": "Point", "coordinates": [ 140.401036833171105, 35.545049160119483 ] } },
{ "type": "Feature", "properties": { "内容": "セントケア訪問看護ステーション東金【訪問看護】千葉県東金市田間2-38-16", "url": "https://www.kaigokensaku.mhlw.go.jp/12/index.php?action_kouhyou_detail_004_kani=true&JigyosyoCd=1260890095-00&ServiceCd=130&Type=search", "url2": "https://www.saint-care.com/" }, "geometry": { "type": "Point", "coordinates": [ 140.370330247820334, 35.567593739737021 ] } },
{ "type": "Feature", "properties": { "内容": "ケアセンター24訪問看護ステーション【訪問看護】千葉県東金市田間765-6", "url": "https://www.kaigokensaku.mhlw.go.jp/12/index.php?action_kouhyou_detail_004_kani=true&JigyosyoCd=1260890053-00&ServiceCd=130&Type=search", "url2": "https://www.try-24.com/index.html" }, "geometry": { "type": "Point", "coordinates": [ 140.3753405, 35.5721312 ] } },
{ "type": "Feature", "properties": { "内容": "訪問看護みつば【訪問看護】千葉県旭市三川6134-3グランボヌールＡ", "url": "https://www.kaigokensaku.mhlw.go.jp/12/index.php?action_kouhyou_detail_004_kani=true&JigyosyoCd=1261490119-00&ServiceCd=130&Type=search", "url2": null }, "geometry": { "type": "Point", "coordinates": [ 140.689166199999988, 35.70694 ] } },
{ "type": "Feature", "properties": { "内容": "松の里【訪問看護】千葉県旭市西足洗3215", "url": "https://www.kaigokensaku.mhlw.go.jp/12/index.php?action_kouhyou_detail_004_kani=true&JigyosyoCd=1261490127-00&ServiceCd=130&Type=search", "url2": null }, "geometry": { "type": "Point", "coordinates": [ 140.6727486, 35.6974214 ] } },
{ "type": "Feature", "properties": { "内容": "総合病院国保旭中央病院【訪問看護】千葉県旭市イの1326（訪問看護室）2号館1階", "url": "https://www.kaigokensaku.mhlw.go.jp/12/index.php?action_kouhyou_detail_004_kani=true&JigyosyoCd=1211411255-00&ServiceCd=130&Type=search", "url2": "https://www.hospital.asahi.chiba.jp/" }, "geometry": { "type": "Point", "coordinates": [ 140.664020899999969, 35.7177437 ] } },
{ "type": "Feature", "properties": { "内容": "訪問看護ステーション輝【訪問看護】千葉県旭市二１８３４番地１", "url": "https://www.kaigokensaku.mhlw.go.jp/12/index.php?action_kouhyou_detail_004_kani=true&JigyosyoCd=1261490093-00&ServiceCd=130&Type=search", "url2": null }, "geometry": { "type": "Point", "coordinates": [ 140.6456182, 35.7226556 ] } },
{ "type": "Feature", "properties": { "内容": "楽天堂訪問看護ステーション【訪問看護】千葉県旭市イ1662-4", "url": "https://www.kaigokensaku.mhlw.go.jp/12/index.php?action_kouhyou_detail_004_kani=true&JigyosyoCd=1261490028-00&ServiceCd=130&Type=search", "url2": "https://rakutendo.net/" }, "geometry": { "type": "Point", "coordinates": [ 140.663803700000017, 35.7202897 ] } },
{ "type": "Feature", "properties": { "内容": "訪問看護ステーションHEART【訪問看護】千葉県旭市三川字狢野15001番地2", "url": "https://www.kaigokensaku.mhlw.go.jp/12/index.php?action_kouhyou_detail_004_kani=true&JigyosyoCd=1261490101-00&ServiceCd=130&Type=search", "url2": "https://nagoyaka-kaigo.jp/" }, "geometry": { "type": "Point", "coordinates": [ 140.739710863535208, 35.734835817843994 ] } },
{ "type": "Feature", "properties": { "内容": "訪問看護ステーション旭こころとくらしのケアセンター【訪問看護】千葉県旭市横根3501番地飯岡診療所1階　旭こころとくらしのケアセンター2階", "url": "https://www.kaigokensaku.mhlw.go.jp/12/index.php?action_kouhyou_detail_004_kani=true&JigyosyoCd=1261490069-00&ServiceCd=130&Type=search", "url2": null }, "geometry": { "type": "Point", "coordinates": [ 140.7160993, 35.7095505 ] } },
{ "type": "Feature", "properties": { "内容": "田辺病院【訪問看護】千葉県旭市ロの818-2番地", "url": "https://www.kaigokensaku.mhlw.go.jp/12/index.php?action_kouhyou_detail_004_kani=true&JigyosyoCd=1211411313-00&ServiceCd=130&Type=search", "url2": null }, "geometry": { "type": "Point", "coordinates": [ 140.653731799999946, 35.7177213 ] } },
{ "type": "Feature", "properties": { "内容": "訪問リハビリ・看護サービス　モーション旭【訪問看護】千葉県旭市後草１１９６－３", "url": "https://www.kaigokensaku.mhlw.go.jp/12/index.php?action_kouhyou_detail_004_kani=true&JigyosyoCd=1261490077-00&ServiceCd=130&Type=search", "url2": "https://www.randc-shonan.co.jp/" }, "geometry": { "type": "Point", "coordinates": [ 140.68330608147582, 35.719783511134835 ] } },
{ "type": "Feature", "properties": { "内容": "マルハメディカル訪問看護ステーション【訪問看護】千葉県習志野市花咲1-18-11ジュネパレス幕張本郷17　102", "url": "https://www.kaigokensaku.mhlw.go.jp/12/index.php?action_kouhyou_detail_004_kani=true&JigyosyoCd=1260290205-00&ServiceCd=130&Type=search", "url2": "http://hp.kaipoke.biz/yzr/" }, "geometry": { "type": "Point", "coordinates": [ 140.0181337, 35.6864858 ] } },
{ "type": "Feature", "properties": { "内容": "ファミリーナース習志野【訪問看護】千葉県習志野市大久保3-9-12ヴェルト大久保102", "url": "https://www.kaigokensaku.mhlw.go.jp/12/index.php?action_kouhyou_detail_004_kani=true&JigyosyoCd=1260290213-00&ServiceCd=130&Type=search", "url2": "https://familynurse.jp/" }, "geometry": { "type": "Point", "coordinates": [ 140.050074, 35.6909264 ] } },
{ "type": "Feature", "properties": { "内容": "シームレスケア訪問看護ステーション　習志野【訪問看護】千葉県習志野市鷺沼台3-12-181F", "url": "https://www.kaigokensaku.mhlw.go.jp/12/index.php?action_kouhyou_detail_004_kani=true&JigyosyoCd=1260290254-00&ServiceCd=130&Type=search", "url2": "https://seamless-care.com/" }, "geometry": { "type": "Point", "coordinates": [ 140.0402013, 35.6820868 ] } },
{ "type": "Feature", "properties": { "内容": "医療法人社団愛友会新習志野訪問看護ステーション【訪問看護】千葉県習志野市秋津３－５－２", "url": "https://www.kaigokensaku.mhlw.go.jp/12/index.php?action_kouhyou_detail_004_kani=true&JigyosyoCd=1260290072-00&ServiceCd=130&Type=search", "url2": "https://amg.or.jp/section/nursingteam/visit/station/shin_narashino/" }, "geometry": { "type": "Point", "coordinates": [ 140.017968500000052, 35.6690449 ] } },
{ "type": "Feature", "properties": { "内容": "訪問看護ステーションデューン津田沼【訪問看護】千葉県習志野市津田沼3-9-8京成ツダヌマビル4階", "url": "https://www.kaigokensaku.mhlw.go.jp/12/index.php?action_kouhyou_detail_004_kani=true&JigyosyoCd=1260290130-00&ServiceCd=130&Type=search", "url2": "https://www.nfield.co.jp/" }, "geometry": { "type": "Point", "coordinates": [ 140.024600599999985, 35.6855945 ] } },
{ "type": "Feature", "properties": { "内容": "ホープ訪問看護ステーション【訪問看護】千葉県習志野市東習志野2-18-2ベルメゾン101", "url": "https://www.kaigokensaku.mhlw.go.jp/12/index.php?action_kouhyou_detail_004_kani=true&JigyosyoCd=1260290155-00&ServiceCd=130&Type=search", "url2": "http://www.rhope.jp/" }, "geometry": { "type": "Point", "coordinates": [ 140.071677747655627, 35.696050075674123 ] } },
{ "type": "Feature", "properties": { "内容": "精神科訪問看護ステーション　くるみ【訪問看護】千葉県習志野市津田沼３－１７－６シティハウス津田沼１０１", "url": "https://www.kaigokensaku.mhlw.go.jp/12/index.php?action_kouhyou_detail_004_kani=true&JigyosyoCd=1260290098-00&ServiceCd=130&Type=search", "url2": "https://www.noueisya.com/" }, "geometry": { "type": "Point", "coordinates": [ 140.028830587520048, 35.686077129184568 ] } },
{ "type": "Feature", "properties": { "内容": "津田沼訪問看護ステーション【訪問看護】千葉県習志野市谷津１丁目１０番１３号　２階", "url": "https://www.kaigokensaku.mhlw.go.jp/12/index.php?action_kouhyou_detail_004_kani=true&JigyosyoCd=1260290015-00&ServiceCd=130&Type=search", "url2": "http://www.tcgh.jp" }, "geometry": { "type": "Point", "coordinates": [ 140.017982060574354, 35.687471965767074 ] } },
{ "type": "Feature", "properties": { "内容": "谷津訪問看護ステーション【訪問看護】千葉県習志野市谷津４丁目６番２７号谷津古川ビル１階", "url": "https://www.kaigokensaku.mhlw.go.jp/12/index.php?action_kouhyou_detail_004_kani=true&JigyosyoCd=1260290049-00&ServiceCd=130&Type=search", "url2": "http://www.yatsu.or.jp" }, "geometry": { "type": "Point", "coordinates": [ 140.00740129999997, 35.6846553 ] } },
{ "type": "Feature", "properties": { "内容": "コウジー訪問看護リハビリステーション習志野【訪問看護】千葉県習志野市泉町3-1-5ファーストエイド24　103号室", "url": "https://www.kaigokensaku.mhlw.go.jp/12/index.php?action_kouhyou_detail_004_kani=true&JigyosyoCd=1260290171-00&ServiceCd=130&Type=search", "url2": "https://houkan.narashino.cozy-times.com/" }, "geometry": { "type": "Point", "coordinates": [ 140.054907532016017, 35.691139197271255 ] } },
{ "type": "Feature", "properties": { "内容": "あすか訪問看護習志野【訪問看護】千葉県習志野市津田沼7-1-103階", "url": "https://www.kaigokensaku.mhlw.go.jp/12/index.php?action_kouhyou_detail_004_kani=true&JigyosyoCd=1260290239-00&ServiceCd=130&Type=search", "url2": "https://www.kyouseikai2020.com/" }, "geometry": { "type": "Point", "coordinates": [ 140.019456573016384, 35.678192539634431 ] } },
{ "type": "Feature", "properties": { "内容": "社会福祉法人恩賜財団済生会支部千葉県済生会　済生会ならしの訪問看護ステーション【訪問看護】千葉県習志野市泉町１－１－１", "url": "https://www.kaigokensaku.mhlw.go.jp/12/index.php?action_kouhyou_detail_004_kani=true&JigyosyoCd=1260290080-00&ServiceCd=130&Type=search", "url2": "https://www.narashino-houmonkango.jp/" }, "geometry": { "type": "Point", "coordinates": [ 140.047218, 35.6932927 ] } },
{ "type": "Feature", "properties": { "内容": "訪問看護ステーション実籾パークサイドテラス【訪問看護】千葉県習志野市実籾本郷23番8", "url": "https://www.kaigokensaku.mhlw.go.jp/12/index.php?action_kouhyou_detail_004_kani=true&JigyosyoCd=1260290247-00&ServiceCd=130&Type=search", "url2": "https://www.gakudan.org/" }, "geometry": { "type": "Point", "coordinates": [ 140.061990808598352, 35.682514945081074 ] } },
{ "type": "Feature", "properties": { "内容": "SOU訪問看護ステーション習志野【訪問看護】千葉県習志野市本大久保2-10-15ランプリール101", "url": "https://www.kaigokensaku.mhlw.go.jp/12/index.php?action_kouhyou_detail_004_kani=true&JigyosyoCd=1260290122-00&ServiceCd=130&Type=search", "url2": "https://www.service.sou-seniorcare.co.jp/facility/ns-sh_narashino/" }, "geometry": { "type": "Point", "coordinates": [ 140.046993199999946, 35.6858603 ] } },
{ "type": "Feature", "properties": { "内容": "訪問看護リハビリステーションAction+津田沼【訪問看護】千葉県習志野市津田沼4-10-32コーポマローネ205号", "url": "https://www.kaigokensaku.mhlw.go.jp/12/index.php?action_kouhyou_detail_004_kani=true&JigyosyoCd=1260290189-00&ServiceCd=130&Type=search", "url2": "https://action1211.co.jp/" }, "geometry": { "type": "Point", "coordinates": [ 140.0234235, 35.6834317 ] } },
{ "type": "Feature", "properties": { "内容": "訪問看護ステーションあやめ柏【訪問看護】千葉県柏市増尾1-13-23小山台ハイツA", "url": "https://www.kaigokensaku.mhlw.go.jp/12/index.php?action_kouhyou_detail_004_kani=true&JigyosyoCd=1262190544-00&ServiceCd=130&Type=search", "url2": "https://firstnurse.co.jp/" }, "geometry": { "type": "Point", "coordinates": [ 139.9746479, 35.8326895 ] } },
{ "type": "Feature", "properties": { "内容": "訪問看護かえりえ柏たなか【訪問看護】千葉県柏市大室3-17-1", "url": "https://www.kaigokensaku.mhlw.go.jp/12/index.php?action_kouhyou_detail_004_kani=true&JigyosyoCd=1262190668-00&ServiceCd=130&Type=search", "url2": "https://www.yasashiite.com/subdomains/section/813/" }, "geometry": { "type": "Point", "coordinates": [ 139.9621505, 35.9088299 ] } },
{ "type": "Feature", "properties": { "内容": "エル訪問看護リハビリステーション【訪問看護】千葉県柏市北柏1-6-10ビューハイム北柏101", "url": "https://www.kaigokensaku.mhlw.go.jp/12/index.php?action_kouhyou_detail_004_kani=true&JigyosyoCd=1262190551-00&ServiceCd=130&Type=search", "url2": "https://www.el-houmonkango.com/" }, "geometry": { "type": "Point", "coordinates": [ 139.985919500000023, 35.8746055 ] } },
{ "type": "Feature", "properties": { "内容": "サンウェルズ南柏訪問看護ステーション【訪問看護】千葉県柏市豊四季695-138", "url": "https://www.kaigokensaku.mhlw.go.jp/12/index.php?action_kouhyou_detail_004_kani=true&JigyosyoCd=1262190825-00&ServiceCd=130&Type=search", "url2": "https://sunwels.jp/" }, "geometry": { "type": "Point", "coordinates": [ 139.9613348, 35.8467429 ] } },
{ "type": "Feature", "properties": { "内容": "看護クラーク柏南増尾【訪問看護】千葉県柏市南増尾1丁目14番11号", "url": "https://www.kaigokensaku.mhlw.go.jp/12/index.php?action_kouhyou_detail_004_kani=true&JigyosyoCd=1262190577-00&ServiceCd=130&Type=search", "url2": null }, "geometry": { "type": "Point", "coordinates": [ 139.971541300000013, 35.818169699999984 ] } },
{ "type": "Feature", "properties": { "内容": "ハーブランド訪問看護ステーション【訪問看護】千葉県柏市柏3-7-263階", "url": "https://www.kaigokensaku.mhlw.go.jp/12/index.php?action_kouhyou_detail_004_kani=true&JigyosyoCd=1262190841-00&ServiceCd=130&Type=search", "url2": "https://herbland.co.jp/shop/visiting" }, "geometry": { "type": "Point", "coordinates": [ 139.974683842327892, 35.860844832859989 ] } },
{ "type": "Feature", "properties": { "内容": "WELLVY訪問看護ステーション【訪問看護】千葉県柏市高柳1483-13", "url": "https://www.kaigokensaku.mhlw.go.jp/12/index.php?action_kouhyou_detail_004_kani=true&JigyosyoCd=1262190809-00&ServiceCd=130&Type=search", "url2": "https://wellvy-ns.jp" }, "geometry": { "type": "Point", "coordinates": [ 140.1832516, 35.3354155 ] } },
{ "type": "Feature", "properties": { "内容": "医療法人社団悠翔会　悠翔会在宅クリニック柏【訪問看護】千葉県柏市明原4-10-12ココファン柏明原1階", "url": "https://www.kaigokensaku.mhlw.go.jp/12/index.php?action_kouhyou_detail_004_kani=true&JigyosyoCd=1212115673-00&ServiceCd=130&Type=search", "url2": "http://www.yushoukai.jp/" }, "geometry": { "type": "Point", "coordinates": [ 139.962299, 35.8649181 ] } },
{ "type": "Feature", "properties": { "内容": "社会医療法人社団蛍水会　名戸ヶ谷記念病院【訪問看護】千葉県柏市名戸ヶ谷687-4", "url": "https://www.kaigokensaku.mhlw.go.jp/12/index.php?action_kouhyou_detail_004_kani=true&JigyosyoCd=1212116994-00&ServiceCd=130&Type=search", "url2": "https://kinen.nadogaya.com" }, "geometry": { "type": "Point", "coordinates": [ 139.9820019, 35.8452174 ] } },
{ "type": "Feature", "properties": { "内容": "いちか訪問看護ステーション【訪問看護】千葉県柏市逆井848-17MSセジュール101号室", "url": "https://www.kaigokensaku.mhlw.go.jp/12/index.php?action_kouhyou_detail_004_kani=true&JigyosyoCd=1262190585-00&ServiceCd=130&Type=search", "url2": "https://ikiruoto.com" }, "geometry": { "type": "Point", "coordinates": [ 139.98429517132098, 35.823528982893322 ] } },
{ "type": "Feature", "properties": { "内容": "みつばち訪問看護ステーション【訪問看護】千葉県柏市高田184すくすくハウス", "url": "https://www.kaigokensaku.mhlw.go.jp/12/index.php?action_kouhyou_detail_004_kani=true&JigyosyoCd=1262190262-00&ServiceCd=130&Type=search", "url2": "https://www.wanahome.or.jp/" }, "geometry": { "type": "Point", "coordinates": [ 139.946554351832532, 35.876031315650195 ] } },
{ "type": "Feature", "properties": { "内容": "北柏訪問看護ステーション【訪問看護】千葉県柏市柏下265", "url": "https://www.kaigokensaku.mhlw.go.jp/12/index.php?action_kouhyou_detail_004_kani=true&JigyosyoCd=1262190080-00&ServiceCd=130&Type=search", "url2": "https://tensenkai.or.jp/" }, "geometry": { "type": "Point", "coordinates": [ 139.9825664, 35.8719675 ] } },
{ "type": "Feature", "properties": { "内容": "豊四季訪問看護ステーション【訪問看護】千葉県柏市豊四季304-23サンウインド102", "url": "https://www.kaigokensaku.mhlw.go.jp/12/index.php?action_kouhyou_detail_004_kani=true&JigyosyoCd=1262190478-00&ServiceCd=130&Type=search", "url2": "http://www.tokatsu-hp.com/network/houmonkango/kasiwa.html" }, "geometry": { "type": "Point", "coordinates": [ 139.9509696, 35.8627376 ] } },
{ "type": "Feature", "properties": { "内容": "訪問看護ステーション縁福【訪問看護】千葉県柏市松葉町2-28-1パインリーフ101", "url": "https://www.kaigokensaku.mhlw.go.jp/12/index.php?action_kouhyou_detail_004_kani=true&JigyosyoCd=1262190874-00&ServiceCd=130&Type=search", "url2": "https://www.plusf-houmonkango.net/" }, "geometry": { "type": "Point", "coordinates": [ 139.974288800000011, 35.8879735 ] } },
{ "type": "Feature", "properties": { "内容": "クオリティー訪問看護ステーション【訪問看護】千葉県柏市十余二357番地15中央243街区4　2階", "url": "https://www.kaigokensaku.mhlw.go.jp/12/index.php?action_kouhyou_detail_004_kani=true&JigyosyoCd=1262190742-00&ServiceCd=130&Type=search", "url2": "https://qat.co.jp/service/homon/" }, "geometry": { "type": "Point", "coordinates": [ 139.956124925794995, 35.88714864738926 ] } },
{ "type": "Feature", "properties": { "内容": "SOMPOケア　柏　青葉台訪問看護【訪問看護】千葉県柏市青葉台2-16-15そんぽの家S柏青葉台", "url": "https://www.kaigokensaku.mhlw.go.jp/12/index.php?action_kouhyou_detail_004_kani=true&JigyosyoCd=1262190569-00&ServiceCd=130&Type=search", "url2": "https://www.sompocare.com/" }, "geometry": { "type": "Point", "coordinates": [ 139.957639, 35.8126872 ] } },
{ "type": "Feature", "properties": { "内容": "訪問看護リハビリステーション和気あいあい【訪問看護】千葉県柏市松葉町３－２４－７", "url": "https://www.kaigokensaku.mhlw.go.jp/12/index.php?action_kouhyou_detail_004_kani=true&JigyosyoCd=1262190346-00&ServiceCd=130&Type=search", "url2": "https://www.wakiaiai-kaigo.jp/" }, "geometry": { "type": "Point", "coordinates": [ 139.966139856761174, 35.886455800885152 ] } },
{ "type": "Feature", "properties": { "内容": "ベストリハ訪問看護ステーション柏たなか【訪問看護】千葉県柏市大室3丁目16-16シクレッツァカーサKT303", "url": "https://www.kaigokensaku.mhlw.go.jp/12/index.php?action_kouhyou_detail_004_kani=true&JigyosyoCd=1262190833-00&ServiceCd=130&Type=search", "url2": "https://bestreha.com/" }, "geometry": { "type": "Point", "coordinates": [ 139.962061, 35.909907100000019 ] } },
{ "type": "Feature", "properties": { "内容": "訪問看護ステーションひまわり【訪問看護】千葉県柏市大井1849-14", "url": "https://www.kaigokensaku.mhlw.go.jp/12/index.php?action_kouhyou_detail_004_kani=true&JigyosyoCd=1262190163-00&ServiceCd=130&Type=search", "url2": null }, "geometry": { "type": "Point", "coordinates": [ 140.006920030857827, 35.84493261529817 ] } },
{ "type": "Feature", "properties": { "内容": "訪問看護ステーションけやきの木【訪問看護】千葉県柏市西原1-4-4牧野ビル1階", "url": "https://www.kaigokensaku.mhlw.go.jp/12/index.php?action_kouhyou_detail_004_kani=true&JigyosyoCd=1262190189-00&ServiceCd=130&Type=search", "url2": "https://peraichi.com/landing_pages/view/keyakinoki" }, "geometry": { "type": "Point", "coordinates": [ 139.91532940091102, 35.899189312094961 ] } },
{ "type": "Feature", "properties": { "内容": "あらいメンタル・クリニック【訪問看護】千葉県柏市南柏中央2-14-1F", "url": "https://www.kaigokensaku.mhlw.go.jp/12/index.php?action_kouhyou_detail_004_kani=true&JigyosyoCd=1212116234-00&ServiceCd=130&Type=search", "url2": "https://www.araimental.jp/" }, "geometry": { "type": "Point", "coordinates": [ 139.953638164418066, 35.843085576421686 ] } },
{ "type": "Feature", "properties": { "内容": "訪問看護明日葉【訪問看護】千葉県柏市南増尾5-22-31", "url": "https://www.kaigokensaku.mhlw.go.jp/12/index.php?action_kouhyou_detail_004_kani=true&JigyosyoCd=1262190403-00&ServiceCd=130&Type=search", "url2": "https://www.comfort-ashitaba.jp/" }, "geometry": { "type": "Point", "coordinates": [ 139.967478299091226, 35.808670669210329 ] } },
{ "type": "Feature", "properties": { "内容": "医療法人社団あかつき　ホームクリニック柏【訪問看護】千葉県柏市桜台1-8", "url": "https://www.kaigokensaku.mhlw.go.jp/12/index.php?action_kouhyou_detail_004_kani=true&JigyosyoCd=1212115806-00&ServiceCd=130&Type=search", "url2": "https://homeclinic-kashiwa.doctorsfile.jp/" }, "geometry": { "type": "Point", "coordinates": [ 139.980755600000066, 35.858825 ] } },
{ "type": "Feature", "properties": { "内容": "生活クラブ風の村訪問看護ステーション光ヶ丘【訪問看護】千葉県柏市東中新宿4-5-12", "url": "https://www.kaigokensaku.mhlw.go.jp/12/index.php?action_kouhyou_detail_004_kani=true&JigyosyoCd=1262190213-00&ServiceCd=130&Type=search", "url2": "https://kazenomura.jp" }, "geometry": { "type": "Point", "coordinates": [ 139.960446192625113, 35.831335277332762 ] } },
{ "type": "Feature", "properties": { "内容": "訪問看護ステーションビュートゾルフ柏【訪問看護】千葉県柏市緑ヶ丘11-5", "url": "https://www.kaigokensaku.mhlw.go.jp/12/index.php?action_kouhyou_detail_004_kani=true&JigyosyoCd=1262190387-00&ServiceCd=130&Type=search", "url2": "http://www.neighborhoodcare.jp/" }, "geometry": { "type": "Point", "coordinates": [ 139.968429199999946, 35.850667800000011 ] } },
{ "type": "Feature", "properties": { "内容": "医心館訪問看護ステーション柏【訪問看護】千葉県柏市中央1丁目6番2-2号", "url": "https://www.kaigokensaku.mhlw.go.jp/12/index.php?action_kouhyou_detail_004_kani=true&JigyosyoCd=1262190650-00&ServiceCd=130&Type=search", "url2": null }, "geometry": { "type": "Point", "coordinates": [ 139.9713219, 35.8580157 ] } },
{ "type": "Feature", "properties": { "内容": "柏の葉訪問看護ステーション【訪問看護】千葉県柏市大室1-24-1", "url": "https://www.kaigokensaku.mhlw.go.jp/12/index.php?action_kouhyou_detail_004_kani=true&JigyosyoCd=1262190361-00&ServiceCd=130&Type=search", "url2": "http://www.act-design.org/" }, "geometry": { "type": "Point", "coordinates": [ 139.956354709014931, 35.907826923173872 ] } },
{ "type": "Feature", "properties": { "内容": "たいむ訪問看護ステーション【訪問看護】千葉県柏市青葉台1-1-8テラス上野２", "url": "https://www.kaigokensaku.mhlw.go.jp/12/index.php?action_kouhyou_detail_004_kani=true&JigyosyoCd=1262190171-00&ServiceCd=130&Type=search", "url2": null }, "geometry": { "type": "Point", "coordinates": [ 139.9643284, 35.8169588 ] } },
{ "type": "Feature", "properties": { "内容": "訪問看護ステーション　HANA【訪問看護】千葉県柏市十余二297−58ダイシンテラス柏の葉B102", "url": "https://www.kaigokensaku.mhlw.go.jp/12/index.php?action_kouhyou_detail_004_kani=true&JigyosyoCd=1262190726-00&ServiceCd=130&Type=search", "url2": "https://calmdeli-with-hana.com" }, "geometry": { "type": "Point", "coordinates": [ 139.964957618385284, 35.884455273707331 ] } },
{ "type": "Feature", "properties": { "内容": "柏まことクリニック【訪問看護】千葉県柏市中央1-2-25矢羽根ビル2F", "url": "https://www.kaigokensaku.mhlw.go.jp/12/index.php?action_kouhyou_detail_004_kani=true&JigyosyoCd=1212116317-00&ServiceCd=130&Type=search", "url2": null }, "geometry": { "type": "Point", "coordinates": [ 139.9737614, 35.8588401 ] } },
{ "type": "Feature", "properties": { "内容": "ホームナーシングwitセラピスト【訪問看護】千葉県柏市東1-2-44カンターレ濱島3Ｆ", "url": "https://www.kaigokensaku.mhlw.go.jp/12/index.php?action_kouhyou_detail_004_kani=true&JigyosyoCd=1262190429-00&ServiceCd=130&Type=search", "url2": "http://jmc-medicalcare.com/" }, "geometry": { "type": "Point", "coordinates": [ 139.976956807934585, 35.857612684108922 ] } },
{ "type": "Feature", "properties": { "内容": "スギ訪問看護ステーション豊四季台【訪問看護】千葉県柏市豊四季台１丁目３番１号", "url": "https://www.kaigokensaku.mhlw.go.jp/12/index.php?action_kouhyou_detail_004_kani=true&JigyosyoCd=1262190676-00&ServiceCd=130&Type=search", "url2": "https://www.sugi-nursingcare.co.jp/" }, "geometry": { "type": "Point", "coordinates": [ 139.9569319, 35.8656165 ] } },
{ "type": "Feature", "properties": { "内容": "こすもす訪問看護ステーション【訪問看護】千葉県柏市篠籠田670-1-103みどりハイツ", "url": "https://www.kaigokensaku.mhlw.go.jp/12/index.php?action_kouhyou_detail_004_kani=true&JigyosyoCd=1262190064-00&ServiceCd=130&Type=search", "url2": "https://amg.or.jp/section/nursingteam/visit/station/cosmos/" }, "geometry": { "type": "Point", "coordinates": [ 139.960546199999953, 35.8718085 ] } },
{ "type": "Feature", "properties": { "内容": "ふらは訪問看護ステーション【訪問看護】千葉県柏市根戸403－16", "url": "https://www.kaigokensaku.mhlw.go.jp/12/index.php?action_kouhyou_detail_004_kani=true&JigyosyoCd=1262190700-00&ServiceCd=130&Type=search", "url2": null }, "geometry": { "type": "Point", "coordinates": [ 139.987833599999959, 35.879661599999977 ] } },
{ "type": "Feature", "properties": { "内容": "訪問看護かえりえ新柏【訪問看護】千葉県柏市豊住1-3-25センチュリーテラス新柏内", "url": "https://www.kaigokensaku.mhlw.go.jp/12/index.php?action_kouhyou_detail_004_kani=true&JigyosyoCd=1262190486-00&ServiceCd=130&Type=search", "url2": "http://yasashiite.com/subdomains/section/529/" }, "geometry": { "type": "Point", "coordinates": [ 139.963266100000027, 35.8408945 ] } },
{ "type": "Feature", "properties": { "内容": "グットタイム訪問看護ステーション・柏【訪問看護】千葉県柏市高柳1141－1", "url": "https://www.kaigokensaku.mhlw.go.jp/12/index.php?action_kouhyou_detail_004_kani=true&JigyosyoCd=1262190635-00&ServiceCd=130&Type=search", "url2": null }, "geometry": { "type": "Point", "coordinates": [ 140.003806150926209, 35.80722866132021 ] } },
{ "type": "Feature", "properties": { "内容": "あさがお訪問看護ステーション【訪問看護】千葉県柏市高田825-8", "url": "https://www.kaigokensaku.mhlw.go.jp/12/index.php?action_kouhyou_detail_004_kani=true&JigyosyoCd=1262190379-00&ServiceCd=130&Type=search", "url2": "http://www.care-asagao.com" }, "geometry": { "type": "Point", "coordinates": [ 139.96333692396783, 35.875211347273776 ] } },
{ "type": "Feature", "properties": { "内容": "訪問看護ステーションぷらす【訪問看護】千葉県柏市西原2-7-2", "url": "https://www.kaigokensaku.mhlw.go.jp/12/index.php?action_kouhyou_detail_004_kani=true&JigyosyoCd=1262190643-00&ServiceCd=130&Type=search", "url2": "https://www.plus-vincia.com/" }, "geometry": { "type": "Point", "coordinates": [ 139.9185807, 35.897946 ] } },
{ "type": "Feature", "properties": { "内容": "ドットライフ柏（訪問看護・リハビリ）【訪問看護】千葉県柏市大井1882-6吉田ビル2階", "url": "https://www.kaigokensaku.mhlw.go.jp/12/index.php?action_kouhyou_detail_004_kani=true&JigyosyoCd=1262190692-00&ServiceCd=130&Type=search", "url2": "https://pj.dotline-jp.com/hokan/" }, "geometry": { "type": "Point", "coordinates": [ 140.0090812, 35.8431423 ] } },
{ "type": "Feature", "properties": { "内容": "訪問看護スターリングケア【訪問看護】千葉県柏市柏1279-16", "url": "https://www.kaigokensaku.mhlw.go.jp/12/index.php?action_kouhyou_detail_004_kani=true&JigyosyoCd=1262190734-00&ServiceCd=130&Type=search", "url2": "https://sterling-care.com/" }, "geometry": { "type": "Point", "coordinates": [ 139.987112200000013, 35.861620700000017 ] } },
{ "type": "Feature", "properties": { "内容": "ぞうさん訪問看護リハビリステーション柏【訪問看護】千葉県柏市北柏1-1-12階", "url": "https://www.kaigokensaku.mhlw.go.jp/12/index.php?action_kouhyou_detail_004_kani=true&JigyosyoCd=1262190767-00&ServiceCd=130&Type=search", "url2": "https://whospitality.jp/" }, "geometry": { "type": "Point", "coordinates": [ 139.9876132, 35.8753599 ] } },
{ "type": "Feature", "properties": { "内容": "医療法人　知真会　かしわ内科クリニック【訪問看護】千葉県柏市小青田35-1", "url": "https://www.kaigokensaku.mhlw.go.jp/12/index.php?action_kouhyou_detail_004_kani=true&JigyosyoCd=1212116523-00&ServiceCd=130&Type=search", "url2": "https://www.chishinkai-group.jp/" }, "geometry": { "type": "Point", "coordinates": [ 139.955289303041042, 35.907816449291843 ] } },
{ "type": "Feature", "properties": { "内容": "ぞうさん訪問看護リハビリステーション柏青葉台【訪問看護】千葉県柏市青葉台2-1-12", "url": "https://www.kaigokensaku.mhlw.go.jp/12/index.php?action_kouhyou_detail_004_kani=true&JigyosyoCd=1262190817-00&ServiceCd=130&Type=search", "url2": "https://whospitality.jp/" }, "geometry": { "type": "Point", "coordinates": [ 139.9599226, 35.8147101 ] } },
{ "type": "Feature", "properties": { "内容": "訪問看護ステーションみのりTOKINO柏【訪問看護】千葉県柏市若葉町1-4サンハイツ柏407号室", "url": "https://www.kaigokensaku.mhlw.go.jp/12/index.php?action_kouhyou_detail_004_kani=true&JigyosyoCd=1262190882-00&ServiceCd=130&Type=search", "url2": "https://tokino.jp/" }, "geometry": { "type": "Point", "coordinates": [ 139.9692034, 35.8557366 ] } },
{ "type": "Feature", "properties": { "内容": "柏訪問リハビリ看護ステーション【訪問看護】千葉県柏市中央町5-16穂高第2ブラザーズ柏202号", "url": "https://www.kaigokensaku.mhlw.go.jp/12/index.php?action_kouhyou_detail_004_kani=true&JigyosyoCd=1262190684-00&ServiceCd=130&Type=search", "url2": "https://www.rehabinnovate.co.jp" }, "geometry": { "type": "Point", "coordinates": [ 139.971422, 35.8585756 ] } },
{ "type": "Feature", "properties": { "内容": "アプリシェイト訪問看護ステーション第２【訪問看護】千葉県柏市高柳1460-1フラットワン1階A号室", "url": "https://www.kaigokensaku.mhlw.go.jp/12/index.php?action_kouhyou_detail_004_kani=true&JigyosyoCd=1262190783-00&ServiceCd=130&Type=search", "url2": null }, "geometry": { "type": "Point", "coordinates": [ 140.00069830000001, 35.8115576 ] } },
{ "type": "Feature", "properties": { "内容": "てんま訪問看護ステーション【訪問看護】千葉県柏市旭町8-4-47言問コーポ102号室", "url": "https://www.kaigokensaku.mhlw.go.jp/12/index.php?action_kouhyou_detail_004_kani=true&JigyosyoCd=1262190908-00&ServiceCd=130&Type=search", "url2": "https://www.temma-corp.com/" }, "geometry": { "type": "Point", "coordinates": [ 139.953811886508163, 35.859191671712324 ] } },
{ "type": "Feature", "properties": { "内容": "柏おひさま訪問看護ステーション【訪問看護】千葉県柏市関場町4-23", "url": "https://www.kaigokensaku.mhlw.go.jp/12/index.php?action_kouhyou_detail_004_kani=true&JigyosyoCd=1262190445-00&ServiceCd=130&Type=search", "url2": "http://ohisama-c.org/index.html" }, "geometry": { "type": "Point", "coordinates": [ 139.984766400000012, 35.8502126 ] } },
{ "type": "Feature", "properties": { "内容": "訪問看護ステーション乃愛【訪問看護】千葉県柏市南高柳4番地21", "url": "https://www.kaigokensaku.mhlw.go.jp/12/index.php?action_kouhyou_detail_004_kani=true&JigyosyoCd=1262190502-00&ServiceCd=130&Type=search", "url2": "https://www.noanoa0201.com/" }, "geometry": { "type": "Point", "coordinates": [ 139.9991781, 35.8060011 ] } },
{ "type": "Feature", "properties": { "内容": "訪問看護ステーションＭＯＭ【訪問看護】千葉県柏市豊四季字新宿945-737", "url": "https://www.kaigokensaku.mhlw.go.jp/12/index.php?action_kouhyou_detail_004_kani=true&JigyosyoCd=1262190452-00&ServiceCd=130&Type=search", "url2": "https://houmon-mom.com/" }, "geometry": { "type": "Point", "coordinates": [ 139.947339, 35.863965 ] } },
{ "type": "Feature", "properties": { "内容": "学研ココファン・ナーシング柏【訪問看護】千葉県柏市明原4-9-20学研ココファン明原弐番館", "url": "https://www.kaigokensaku.mhlw.go.jp/12/index.php?action_kouhyou_detail_004_kani=true&JigyosyoCd=1262190510-00&ServiceCd=130&Type=search", "url2": null }, "geometry": { "type": "Point", "coordinates": [ 139.9618457, 35.8648333 ] } },
{ "type": "Feature", "properties": { "内容": "はみんぐ訪問看護ステーション【訪問看護】千葉県柏市布施1番地3", "url": "https://www.kaigokensaku.mhlw.go.jp/12/index.php?action_kouhyou_detail_004_kani=true&JigyosyoCd=1262190056-00&ServiceCd=130&Type=search", "url2": "http://www.kashiwa-haming.jp/home-nursing/" }, "geometry": { "type": "Point", "coordinates": [ 139.9819324, 35.8928588 ] } },
{ "type": "Feature", "properties": { "内容": "訪問看護ステーションしおり【訪問看護】千葉県柏市富里1-1-2渡辺ビル2F", "url": "https://www.kaigokensaku.mhlw.go.jp/12/index.php?action_kouhyou_detail_004_kani=true&JigyosyoCd=1262190270-00&ServiceCd=130&Type=search", "url2": "https://shiori-houkan.com/" }, "geometry": { "type": "Point", "coordinates": [ 139.967543100000057, 35.854667100000015 ] } },
{ "type": "Feature", "properties": { "内容": "訪問看護ステーション　柏陽だまり【訪問看護】千葉県柏市柏552番地―8カナナスキスヒル202号", "url": "https://www.kaigokensaku.mhlw.go.jp/12/index.php?action_kouhyou_detail_004_kani=true&JigyosyoCd=1262190304-00&ServiceCd=130&Type=search", "url2": "https://kashiwahidamari.org/" }, "geometry": { "type": "Point", "coordinates": [ 139.981323932939773, 35.868012861667559 ] } },
{ "type": "Feature", "properties": { "内容": "おもだか訪問看護ステーション【訪問看護】千葉県柏市豊四季945-16花水木302", "url": "https://www.kaigokensaku.mhlw.go.jp/12/index.php?action_kouhyou_detail_004_kani=true&JigyosyoCd=1262190593-00&ServiceCd=130&Type=search", "url2": "https://marsha-llc.com/" }, "geometry": { "type": "Point", "coordinates": [ 139.9392331, 35.8556836 ] } },
{ "type": "Feature", "properties": { "内容": "ものがたり訪問看護ステーションかしわ【訪問看護】千葉県柏市布施新町4丁目13-8", "url": "https://www.kaigokensaku.mhlw.go.jp/12/index.php?action_kouhyou_detail_004_kani=true&JigyosyoCd=1262190411-00&ServiceCd=130&Type=search", "url2": "https://www.monogatari-kikaku.jp/kashiwa.php" }, "geometry": { "type": "Point", "coordinates": [ 140.008349100000032, 35.8894681 ] } },
{ "type": "Feature", "properties": { "内容": "ピース訪問看護ステーション柏【訪問看護】千葉県柏市北柏3-18-6サニーメゾン北柏201", "url": "https://www.kaigokensaku.mhlw.go.jp/12/index.php?action_kouhyou_detail_004_kani=true&JigyosyoCd=1262190718-00&ServiceCd=130&Type=search", "url2": "https://three--piece.com/" }, "geometry": { "type": "Point", "coordinates": [ 139.989638500000012, 35.8703385 ] } },
{ "type": "Feature", "properties": { "内容": "リズムケア訪問看護ステーション【訪問看護】千葉県柏市篠籠田1400-7レジデンスさくら302", "url": "https://www.kaigokensaku.mhlw.go.jp/12/index.php?action_kouhyou_detail_004_kani=true&JigyosyoCd=1262190932-00&ServiceCd=130&Type=search", "url2": "https://www.rhythm-care.com/" }, "geometry": { "type": "Point", "coordinates": [ 139.943110454665657, 35.86694418394174 ] } },
{ "type": "Feature", "properties": { "内容": "訪問看護ステーション聖【訪問看護】千葉県柏市南柏1-2-4エコロジースクエア南柏3-C", "url": "https://www.kaigokensaku.mhlw.go.jp/12/index.php?action_kouhyou_detail_004_kani=true&JigyosyoCd=1262190627-00&ServiceCd=130&Type=search", "url2": "https://0rua9.crayonsite.net/" }, "geometry": { "type": "Point", "coordinates": [ 139.9534184, 35.84458 ] } },
{ "type": "Feature", "properties": { "内容": "あすか訪問看護北柏【訪問看護】千葉県柏市根戸1792-4ハイツ・パサーニャ105", "url": "https://www.kaigokensaku.mhlw.go.jp/12/index.php?action_kouhyou_detail_004_kani=true&JigyosyoCd=1262190759-00&ServiceCd=130&Type=search", "url2": "https://www.kyouseikai2020.com/" }, "geometry": { "type": "Point", "coordinates": [ 139.9917619, 35.877677100000035 ] } },
{ "type": "Feature", "properties": { "内容": "訪問看護ステーションあやめ柏北【訪問看護】千葉県柏市花野井713-5コーポ花野井　102号室", "url": "https://www.kaigokensaku.mhlw.go.jp/12/index.php?action_kouhyou_detail_004_kani=true&JigyosyoCd=1262190957-00&ServiceCd=130&Type=search", "url2": "https://firstnurse.co.jp/" }, "geometry": { "type": "Point", "coordinates": [ 139.9626556, 35.8954677 ] } },
{ "type": "Feature", "properties": { "内容": "ソエルガーデン北柏訪問看護【訪問看護】千葉県柏市根戸414-71ソエルガーデン北柏", "url": "https://www.kaigokensaku.mhlw.go.jp/12/index.php?action_kouhyou_detail_004_kani=true&JigyosyoCd=1262190965-00&ServiceCd=130&Type=search", "url2": "https://www.care-partner.com/" }, "geometry": { "type": "Point", "coordinates": [ 139.988327777909831, 35.883015412090622 ] } },
{ "type": "Feature", "properties": { "内容": "訪問看護ステーションなごみ【訪問看護】千葉県柏市旭町1−2−8ネモト第三ビル504", "url": "https://www.kaigokensaku.mhlw.go.jp/12/index.php?action_kouhyou_detail_004_kani=true&JigyosyoCd=1262190890-00&ServiceCd=130&Type=search", "url2": null }, "geometry": { "type": "Point", "coordinates": [ 139.96813, 35.863146 ] } },
{ "type": "Feature", "properties": { "内容": "南柏訪問看護ステーション【訪問看護】千葉県柏市酒井根2-4-1美さを荘201", "url": "https://www.kaigokensaku.mhlw.go.jp/12/index.php?action_kouhyou_detail_004_kani=true&JigyosyoCd=1262190015-00&ServiceCd=130&Type=search", "url2": "http://www.irahara.or.jp" }, "geometry": { "type": "Point", "coordinates": [ 139.96749274033661, 35.822853770738469 ] } },
{ "type": "Feature", "properties": { "内容": "やすらぎの郷　訪問看護ステーション【訪問看護】千葉県勝浦市芳賀441-1", "url": "https://www.kaigokensaku.mhlw.go.jp/12/index.php?action_kouhyou_detail_004_kani=true&JigyosyoCd=1263890027-00&ServiceCd=130&Type=search", "url2": "https://yasuragino-sato.net/related_faclity/" }, "geometry": { "type": "Point", "coordinates": [ 140.2905948, 35.1989325 ] } },
{ "type": "Feature", "properties": { "内容": "訪問看護ステーションcalmo【訪問看護】千葉県市原市草刈209-70", "url": "https://www.kaigokensaku.mhlw.go.jp/12/index.php?action_kouhyou_detail_004_kani=true&JigyosyoCd=1260690370-00&ServiceCd=130&Type=search", "url2": "https://calmovisitingns.com/home" }, "geometry": { "type": "Point", "coordinates": [ 140.1664754, 35.5262403 ] } },
{ "type": "Feature", "properties": { "内容": "パシックホスピス訪問看護【訪問看護】千葉県市原市千種2-16-48", "url": "https://www.kaigokensaku.mhlw.go.jp/12/index.php?action_kouhyou_detail_004_kani=true&JigyosyoCd=1260690503-00&ServiceCd=130&Type=search", "url2": null }, "geometry": { "type": "Point", "coordinates": [ 140.054206099999988, 35.4957599 ] } },
{ "type": "Feature", "properties": { "内容": "奏　訪問看護ステーション市原【訪問看護】千葉県市原市五井中央東2-28-7フレグランスひろＡ２０２", "url": "https://www.kaigokensaku.mhlw.go.jp/12/index.php?action_kouhyou_detail_004_kani=true&JigyosyoCd=1260690271-00&ServiceCd=130&Type=search", "url2": null }, "geometry": { "type": "Point", "coordinates": [ 140.094788600000015, 35.5104911 ] } },
{ "type": "Feature", "properties": { "内容": "医療法人社団　俊誠会　五味クリニック【訪問看護】千葉県市原市姉崎東２－２－６KTﾋﾞﾙ５階", "url": "https://www.kaigokensaku.mhlw.go.jp/12/index.php?action_kouhyou_detail_004_kani=true&JigyosyoCd=1210611426-00&ServiceCd=130&Type=search", "url2": null }, "geometry": { "type": "Point", "coordinates": [ 140.041768899999965, 35.476293700000042 ] } },
{ "type": "Feature", "properties": { "内容": "バナナの葉訪問看護ステーション【訪問看護】千葉県市原市今富208番地1", "url": "https://www.kaigokensaku.mhlw.go.jp/12/index.php?action_kouhyou_detail_004_kani=true&JigyosyoCd=1260690297-00&ServiceCd=130&Type=search", "url2": "https://banana-leaf.co.jp/" }, "geometry": { "type": "Point", "coordinates": [ 140.090382, 35.4812241 ] } },
{ "type": "Feature", "properties": { "内容": "リアン・メディいちはら訪問看護ステーション【訪問看護】千葉県市原市姉崎東3-1-3小泉ビル5階", "url": "https://www.kaigokensaku.mhlw.go.jp/12/index.php?action_kouhyou_detail_004_kani=true&JigyosyoCd=1260690545-00&ServiceCd=130&Type=search", "url2": "https://shokenkai.com/lienmedi-ichihara/" }, "geometry": { "type": "Point", "coordinates": [ 140.0416868, 35.4779687 ] } },
{ "type": "Feature", "properties": { "内容": "鶴舞訪問看護ステーション【訪問看護】千葉県市原市石川1078", "url": "https://www.kaigokensaku.mhlw.go.jp/12/index.php?action_kouhyou_detail_004_kani=true&JigyosyoCd=1260690537-00&ServiceCd=130&Type=search", "url2": "http://www.crane.or.jp" }, "geometry": { "type": "Point", "coordinates": [ 140.183762699999988, 35.3863297 ] } },
{ "type": "Feature", "properties": { "内容": "訪問看護のメディカライフ市原【訪問看護】千葉県市原市五井中央東1-16-5ナーシングホームメディカライフ市原", "url": "https://www.kaigokensaku.mhlw.go.jp/12/index.php?action_kouhyou_detail_004_kani=true&JigyosyoCd=1260690347-00&ServiceCd=130&Type=search", "url2": "https://medicalife.jp/" }, "geometry": { "type": "Point", "coordinates": [ 140.0924197, 35.50917 ] } },
{ "type": "Feature", "properties": { "内容": "りなる【訪問看護】千葉県市原市糸久336-1", "url": "https://www.kaigokensaku.mhlw.go.jp/12/index.php?action_kouhyou_detail_004_kani=true&JigyosyoCd=1260690321-00&ServiceCd=130&Type=search", "url2": "https://mdf2020.wixsite.com/medfare" }, "geometry": { "type": "Point", "coordinates": [ 140.107417539157694, 35.475706324158274 ] } },
{ "type": "Feature", "properties": { "内容": "ドットライフ市原（訪問看護・リハビリ）【訪問看護】千葉県市原市青柳２丁目１番地13ユウコウビル１階", "url": "https://www.kaigokensaku.mhlw.go.jp/12/index.php?action_kouhyou_detail_004_kani=true&JigyosyoCd=1260690396-00&ServiceCd=130&Type=search", "url2": "https://www.dotline-jp.com/" }, "geometry": { "type": "Point", "coordinates": [ 140.056264340564212, 35.50005691756575 ] } },
{ "type": "Feature", "properties": { "内容": "医心館訪問看護ステーション市原【訪問看護】千葉県市原市国分寺台中央六丁目12番13号", "url": "https://www.kaigokensaku.mhlw.go.jp/12/index.php?action_kouhyou_detail_004_kani=true&JigyosyoCd=1260690487-00&ServiceCd=130&Type=search", "url2": null }, "geometry": { "type": "Point", "coordinates": [ 140.1160539, 35.5027376 ] } },
{ "type": "Feature", "properties": { "内容": "セントケア訪問看護ステーション市原【訪問看護】千葉県市原市東国分寺台2-2-6", "url": "https://www.kaigokensaku.mhlw.go.jp/12/index.php?action_kouhyou_detail_004_kani=true&JigyosyoCd=1260690180-00&ServiceCd=130&Type=search", "url2": "http://www.saint-care.com/" }, "geometry": { "type": "Point", "coordinates": [ 140.120385386508133, 35.494332264872277 ] } },
{ "type": "Feature", "properties": { "内容": "訪問看護ステーションひかり【訪問看護】千葉県市原市青柳1-2-13井上ビルB", "url": "https://www.kaigokensaku.mhlw.go.jp/12/index.php?action_kouhyou_detail_004_kani=true&JigyosyoCd=1260690198-00&ServiceCd=130&Type=search", "url2": "https://kt-group.jp" }, "geometry": { "type": "Point", "coordinates": [ 140.053164299999906, 35.4872959 ] } },
{ "type": "Feature", "properties": { "内容": "訪問看護ステーションわたぼうし【訪問看護】千葉県市原市姉崎東二丁目2番地6ケイティビル3階", "url": "https://www.kaigokensaku.mhlw.go.jp/12/index.php?action_kouhyou_detail_004_kani=true&JigyosyoCd=1260690107-00&ServiceCd=130&Type=search", "url2": "https://kt-group.jp" }, "geometry": { "type": "Point", "coordinates": [ 140.041739324050923, 35.476331804794306 ] } },
{ "type": "Feature", "properties": { "内容": "訪問看護ステーションつくしんぼ【訪問看護】千葉県市原市姉崎東三丁目3番地7", "url": "https://www.kaigokensaku.mhlw.go.jp/12/index.php?action_kouhyou_detail_004_kani=true&JigyosyoCd=1260690131-00&ServiceCd=130&Type=search", "url2": "https://kt-group.jp" }, "geometry": { "type": "Point", "coordinates": [ 140.041399299999966, 35.4768392 ] } },
{ "type": "Feature", "properties": { "内容": "医療法人　鎗田病院【訪問看護】千葉県市原市五井899", "url": "https://www.kaigokensaku.mhlw.go.jp/12/index.php?action_kouhyou_detail_004_kani=true&JigyosyoCd=1210610055-00&ServiceCd=130&Type=search", "url2": "http://yarita-hosp.or.jp/" }, "geometry": { "type": "Point", "coordinates": [ 140.080106399999977, 35.5102018 ] } },
{ "type": "Feature", "properties": { "内容": "辰巳訪問看護ステーション【訪問看護】千葉県市原市辰巳台東5-5-1", "url": "https://www.kaigokensaku.mhlw.go.jp/12/index.php?action_kouhyou_detail_004_kani=true&JigyosyoCd=1260690024-00&ServiceCd=130&Type=search", "url2": "http://www.takushinkai.net" }, "geometry": { "type": "Point", "coordinates": [ 140.151059224992423, 35.508840986828353 ] } },
{ "type": "Feature", "properties": { "内容": "なのはな訪問看護ステーション【訪問看護】千葉県市原市ちはら台西２丁目１番４サービスステーション千原３号室", "url": "https://www.kaigokensaku.mhlw.go.jp/12/index.php?action_kouhyou_detail_004_kani=true&JigyosyoCd=1260690446-00&ServiceCd=130&Type=search", "url2": "https://suppopro.com/" }, "geometry": { "type": "Point", "coordinates": [ 140.1711569, 35.533104 ] } },
{ "type": "Feature", "properties": { "内容": "訪問看護ステーションくるり【訪問看護】千葉県市原市菊間1443-1", "url": "https://www.kaigokensaku.mhlw.go.jp/12/index.php?action_kouhyou_detail_004_kani=true&JigyosyoCd=1260690495-00&ServiceCd=130&Type=search", "url2": null }, "geometry": { "type": "Point", "coordinates": [ 140.1537078, 35.531386 ] } },
{ "type": "Feature", "properties": { "内容": "訪問看護リハビリステーション望み【訪問看護】市原市青柳1879番地11", "url": "https://www.kaigokensaku.mhlw.go.jp/12/index.php?action_kouhyou_detail_004_kani=true&JigyosyoCd=1260690339-00&ServiceCd=130&Type=search", "url2": "https://kt-group.jp/" }, "geometry": { "type": "Point", "coordinates": [ 140.0591372, 35.497715600000014 ] } },
{ "type": "Feature", "properties": { "内容": "結家（ゆい）訪問看護ステーション【訪問看護】千葉県市原市草刈982", "url": "https://www.kaigokensaku.mhlw.go.jp/12/index.php?action_kouhyou_detail_004_kani=true&JigyosyoCd=1260690289-00&ServiceCd=130&Type=search", "url2": "https://houmonkango-yui-recruit.com/" }, "geometry": { "type": "Point", "coordinates": [ 140.16301820000001, 35.533481 ] } },
{ "type": "Feature", "properties": { "内容": "ウィンディア訪問看護ステーション【訪問看護】千葉県市原市東五所32－7", "url": "https://www.kaigokensaku.mhlw.go.jp/12/index.php?action_kouhyou_detail_004_kani=true&JigyosyoCd=1260690560-00&ServiceCd=130&Type=search", "url2": "https://kaigo-kaze.com/kaze_sh_ichihara" }, "geometry": { "type": "Point", "coordinates": [ 140.112141153872898, 35.528760531825064 ] } },
{ "type": "Feature", "properties": { "内容": "白金整形外科クリニック【訪問看護】千葉県市原市白金町１－７０", "url": "https://www.kaigokensaku.mhlw.go.jp/12/index.php?action_kouhyou_detail_004_kani=true&JigyosyoCd=1210611830-00&ServiceCd=130&Type=search", "url2": null }, "geometry": { "type": "Point", "coordinates": [ 140.10432620000006, 35.5271255 ] } },
{ "type": "Feature", "properties": { "内容": "ラミーナ訪問看護ステーション【訪問看護】千葉県市原市辰巳台西3-13-1フェリス辰巳台１階Ｄ号室", "url": "https://www.kaigokensaku.mhlw.go.jp/12/index.php?action_kouhyou_detail_004_kani=true&JigyosyoCd=1260690354-00&ServiceCd=130&Type=search", "url2": "https://www.ramina.co.jp/" }, "geometry": { "type": "Point", "coordinates": [ 140.146949626842826, 35.522282241663426 ] } },
{ "type": "Feature", "properties": { "内容": "梅香苑訪問看護ステーション【訪問看護】千葉県市原市馬立802-1", "url": "https://www.kaigokensaku.mhlw.go.jp/12/index.php?action_kouhyou_detail_004_kani=true&JigyosyoCd=1260690172-00&ServiceCd=130&Type=search", "url2": "http://ryokuyukai.jp" }, "geometry": { "type": "Point", "coordinates": [ 140.115879899999982, 35.4229344 ] } },
{ "type": "Feature", "properties": { "内容": "しらつか訪問看護ステーション【訪問看護】千葉県市原市白塚567", "url": "https://www.kaigokensaku.mhlw.go.jp/12/index.php?action_kouhyou_detail_004_kani=true&JigyosyoCd=1260690578-00&ServiceCd=130&Type=search", "url2": null }, "geometry": { "type": "Point", "coordinates": [ 140.0636977, 35.4880927 ] } },
{ "type": "Feature", "properties": { "内容": "訪問看護ステーションリヤンド姉崎【訪問看護】千葉県市原市姉崎807-1", "url": "https://www.kaigokensaku.mhlw.go.jp/12/index.php?action_kouhyou_detail_004_kani=true&JigyosyoCd=1260690461-00&ServiceCd=130&Type=search", "url2": "https://liende-kizuna.jp/anesaki/" }, "geometry": { "type": "Point", "coordinates": [ 140.048891400000031, 35.4813902 ] } },
{ "type": "Feature", "properties": { "内容": "訪問看護ステーションいろは【訪問看護】千葉県市原市牛久47－1", "url": "https://www.kaigokensaku.mhlw.go.jp/12/index.php?action_kouhyou_detail_004_kani=true&JigyosyoCd=1260690529-00&ServiceCd=130&Type=search", "url2": "https://www.livelifecare-168-houkan.com" }, "geometry": { "type": "Point", "coordinates": [ 140.1491813, 35.3964154 ] } },
{ "type": "Feature", "properties": { "内容": "こあの木訪問看護ステーション【訪問看護】千葉県市原市白塚670-3", "url": "https://www.kaigokensaku.mhlw.go.jp/12/index.php?action_kouhyou_detail_004_kani=true&JigyosyoCd=1260690453-00&ServiceCd=130&Type=search", "url2": null }, "geometry": { "type": "Point", "coordinates": [ 140.058845482174149, 35.486106914769969 ] } },
{ "type": "Feature", "properties": { "内容": "訪問看護ステーションあやめ市原【訪問看護】千葉県市原市五井中央東1丁目7-9タツキハイツ203号室", "url": "https://www.kaigokensaku.mhlw.go.jp/12/index.php?action_kouhyou_detail_004_kani=true&JigyosyoCd=1260690412-00&ServiceCd=130&Type=search", "url2": "https://firstnurse.co.jp/" }, "geometry": { "type": "Point", "coordinates": [ 140.090422, 35.5111988 ] } },
{ "type": "Feature", "properties": { "内容": "まとばクリニック【訪問看護】千葉県流山市おおたかの森西三丁目１－７", "url": "https://www.kaigokensaku.mhlw.go.jp/12/index.php?action_kouhyou_detail_004_kani=true&JigyosyoCd=1212311918-00&ServiceCd=130&Type=search", "url2": "https://nagareyama-otakanomori.matoba-clinic.com/" }, "geometry": { "type": "Point", "coordinates": [ 139.9162857, 35.8734395 ] } },
{ "type": "Feature", "properties": { "内容": "訪問看護ステーション　ベストスマイル【訪問看護】千葉県流山市南流山4-13-7第二キャビンカトウ　107", "url": "https://www.kaigokensaku.mhlw.go.jp/12/index.php?action_kouhyou_detail_004_kani=true&JigyosyoCd=1262390276-00&ServiceCd=130&Type=search", "url2": "https://medical-support.co.jp/" }, "geometry": { "type": "Point", "coordinates": [ 139.903574099999986, 35.8409428 ] } },
{ "type": "Feature", "properties": { "内容": "あさひ訪問看護ステーション【訪問看護】千葉県流山市南流山6-29-1南流山壱番街3号棟1号室", "url": "https://www.kaigokensaku.mhlw.go.jp/12/index.php?action_kouhyou_detail_004_kani=true&JigyosyoCd=1262390292-00&ServiceCd=130&Type=search", "url2": null }, "geometry": { "type": "Point", "coordinates": [ 139.899243976045227, 35.841834222967073 ] } },
{ "type": "Feature", "properties": { "内容": "看護クラーク南柏【訪問看護】千葉県流山市向小金2-442-1エーワイハイツ201", "url": "https://www.kaigokensaku.mhlw.go.jp/12/index.php?action_kouhyou_detail_004_kani=true&JigyosyoCd=1262390144-00&ServiceCd=130&Type=search", "url2": "https://cuc-hospice.com/" }, "geometry": { "type": "Point", "coordinates": [ 139.9514978, 35.842106200000011 ] } },
{ "type": "Feature", "properties": { "内容": "うのさわクリニック【訪問看護】千葉県流山市東深井382−20", "url": "https://www.kaigokensaku.mhlw.go.jp/12/index.php?action_kouhyou_detail_004_kani=true&JigyosyoCd=1212311876-00&ServiceCd=130&Type=search", "url2": "https://unosawa.clinic" }, "geometry": { "type": "Point", "coordinates": [ 139.9055792, 35.9130248 ] } },
{ "type": "Feature", "properties": { "内容": "訪問看護アイビー【訪問看護】千葉県流山市平和台4-36-17ﾏﾙｼｮｳﾋﾞﾙ202", "url": "https://www.kaigokensaku.mhlw.go.jp/12/index.php?action_kouhyou_detail_004_kani=true&JigyosyoCd=1262390300-00&ServiceCd=130&Type=search", "url2": null }, "geometry": { "type": "Point", "coordinates": [ 139.9047697, 35.851408700000015 ] } },
{ "type": "Feature", "properties": { "内容": "ブライトライフ訪問看護ステーション【訪問看護】千葉県流山市平和台4-294-1　2F", "url": "https://www.kaigokensaku.mhlw.go.jp/12/index.php?action_kouhyou_detail_004_kani=true&JigyosyoCd=1262390136-00&ServiceCd=130&Type=search", "url2": "https://www.brightlife.co.jp/" }, "geometry": { "type": "Point", "coordinates": [ 139.905942936884685, 35.851355828795299 ] } },
{ "type": "Feature", "properties": { "内容": "訪問看護ステーションなぎ【訪問看護】千葉県流山市江戸川台東4-216矢﨑ビル３F", "url": "https://www.kaigokensaku.mhlw.go.jp/12/index.php?action_kouhyou_detail_004_kani=true&JigyosyoCd=1262390219-00&ServiceCd=130&Type=search", "url2": "https://flear.net/" }, "geometry": { "type": "Point", "coordinates": [ 139.9109943, 35.9038165 ] } },
{ "type": "Feature", "properties": { "内容": "コパン訪問看護ステーション【訪問看護】千葉県流山市西平井2-19-1", "url": "https://www.kaigokensaku.mhlw.go.jp/12/index.php?action_kouhyou_detail_004_kani=true&JigyosyoCd=1262390250-00&ServiceCd=130&Type=search", "url2": "https://copain-nurse.com/" }, "geometry": { "type": "Point", "coordinates": [ 139.907868945275027, 35.845572536451115 ] } },
{ "type": "Feature", "properties": { "内容": "ミアヘルサ訪問看護ステーション流山運河【訪問看護】千葉県流山市西深井789-1", "url": "https://www.kaigokensaku.mhlw.go.jp/12/index.php?action_kouhyou_detail_004_kani=true&JigyosyoCd=1262390318-00&ServiceCd=130&Type=search", "url2": "https://www.merhalsa.jp/" }, "geometry": { "type": "Point", "coordinates": [ 139.901168899999988, 35.9144672 ] } },
{ "type": "Feature", "properties": { "内容": "医心館訪問看護ステーション流山おおたかの森【訪問看護】千葉県流山市おおたかの森西4丁目2番1", "url": "https://www.kaigokensaku.mhlw.go.jp/12/index.php?action_kouhyou_detail_004_kani=true&JigyosyoCd=1262390201-00&ServiceCd=130&Type=search", "url2": null }, "geometry": { "type": "Point", "coordinates": [ 139.9197638, 35.8759643 ] } },
{ "type": "Feature", "properties": { "内容": "初石訪問看護ステーション【訪問看護】千葉県流山市東初石２－１１７－３", "url": "https://www.kaigokensaku.mhlw.go.jp/12/index.php?action_kouhyou_detail_004_kani=true&JigyosyoCd=1262390045-00&ServiceCd=130&Type=search", "url2": "https://www.nch.or.jp/" }, "geometry": { "type": "Point", "coordinates": [ 139.918841369975326, 35.888075472786078 ] } },
{ "type": "Feature", "properties": { "内容": "医心館訪問看護ステーション南流山【訪問看護】千葉県流山市南流山2丁目18－3", "url": "https://www.kaigokensaku.mhlw.go.jp/12/index.php?action_kouhyou_detail_004_kani=true&JigyosyoCd=1262390268-00&ServiceCd=130&Type=search", "url2": null }, "geometry": { "type": "Point", "coordinates": [ 139.9026208, 35.8369389 ] } },
{ "type": "Feature", "properties": { "内容": "訪問看護ぐり～ん【訪問看護】千葉県流山市駒木500-1メゾンアイリス305号室", "url": "https://www.kaigokensaku.mhlw.go.jp/12/index.php?action_kouhyou_detail_004_kani=true&JigyosyoCd=1262390227-00&ServiceCd=130&Type=search", "url2": "https://homonkango-green.com/" }, "geometry": { "type": "Point", "coordinates": [ 139.936803899336269, 35.8790122 ] } },
{ "type": "Feature", "properties": { "内容": "千葉愛友会記念病院【訪問看護】千葉県流山市鰭ヶ崎１－１", "url": "https://www.kaigokensaku.mhlw.go.jp/12/index.php?action_kouhyou_detail_004_kani=true&JigyosyoCd=1212310423-00&ServiceCd=130&Type=search", "url2": "https://chibaaiyu-kai.com/" }, "geometry": { "type": "Point", "coordinates": [ 139.911613499999987, 35.8366534 ] } },
{ "type": "Feature", "properties": { "内容": "みのり訪問看護ステーション【訪問看護】千葉県流山市西初石3-98-34関口店舗１階", "url": "https://www.kaigokensaku.mhlw.go.jp/12/index.php?action_kouhyou_detail_004_kani=true&JigyosyoCd=1262390110-00&ServiceCd=130&Type=search", "url2": "https://ago0216.com" }, "geometry": { "type": "Point", "coordinates": [ 139.916534950735212, 35.884449978288615 ] } },
{ "type": "Feature", "properties": { "内容": "訪問看護ミナミル【訪問看護】千葉県流山市鰭ヶ崎8-3シナプス南流山1A", "url": "https://www.kaigokensaku.mhlw.go.jp/12/index.php?action_kouhyou_detail_004_kani=true&JigyosyoCd=1262390334-00&ServiceCd=130&Type=search", "url2": "https://www.minamiru-medicalservices.com/" }, "geometry": { "type": "Point", "coordinates": [ 139.909633199999973, 35.8403032 ] } },
{ "type": "Feature", "properties": { "内容": "訪問看護ステーションくくる流山【訪問看護】千葉県流山市南流山5-5-1Kハウス南流山301", "url": "https://www.kaigokensaku.mhlw.go.jp/12/index.php?action_kouhyou_detail_004_kani=true&JigyosyoCd=1262390490-00&ServiceCd=130&Type=search", "url2": null }, "geometry": { "type": "Point", "coordinates": [ 139.900727100000012, 35.8419424 ] } },
{ "type": "Feature", "properties": { "内容": "医療法人社団宏生会おおたかの森西口クリニック【訪問看護】千葉県流山市おおたかの森西１丁目３２－５", "url": "https://www.kaigokensaku.mhlw.go.jp/12/index.php?action_kouhyou_detail_004_kani=true&JigyosyoCd=1212312098-00&ServiceCd=130&Type=search", "url2": "https://www.otakanomori-west-cl.com/" }, "geometry": { "type": "Point", "coordinates": [ 139.9212035, 35.871523 ] } },
{ "type": "Feature", "properties": { "内容": "医療法人社団　奎愛會　小野クリニック【訪問看護】千葉県流山市中野久木530番地1", "url": "https://www.kaigokensaku.mhlw.go.jp/12/index.php?action_kouhyou_detail_004_kani=true&JigyosyoCd=1212311439-00&ServiceCd=130&Type=search", "url2": "http://www.onoclinic-ns.com" }, "geometry": { "type": "Point", "coordinates": [ 139.901357499999989, 35.8960668 ] } },
{ "type": "Feature", "properties": { "内容": "アミカ流山おおたかの森訪問看護ステーション【訪問看護】千葉県流山市おおたかの森西1‐23‐3アミカの郷流山おおたかの森", "url": "https://www.kaigokensaku.mhlw.go.jp/12/index.php?action_kouhyou_detail_004_kani=true&JigyosyoCd=1262390326-00&ServiceCd=130&Type=search", "url2": null }, "geometry": { "type": "Point", "coordinates": [ 139.9193875, 35.8703805 ] } },
{ "type": "Feature", "properties": { "内容": "訪問看護ステーションさくらの杜【訪問看護】千葉県流山市東深井386-14ナーシングホームさくらの杜", "url": "https://www.kaigokensaku.mhlw.go.jp/12/index.php?action_kouhyou_detail_004_kani=true&JigyosyoCd=1262390284-00&ServiceCd=130&Type=search", "url2": null }, "geometry": { "type": "Point", "coordinates": [ 139.906366969040846, 35.912969873455644 ] } },
{ "type": "Feature", "properties": { "内容": "医療法人社団宙麦会　訪問看護ステーションすぴか【訪問看護】千葉県流山市南流山1-14-8ロジカル南流山101", "url": "https://www.kaigokensaku.mhlw.go.jp/12/index.php?action_kouhyou_detail_004_kani=true&JigyosyoCd=1262390086-00&ServiceCd=130&Type=search", "url2": null }, "geometry": { "type": "Point", "coordinates": [ 139.90736160000003, 35.8391535 ] } },
{ "type": "Feature", "properties": { "内容": "たんぽぽ訪問看護ステーション【訪問看護】千葉県流山市下花輪409-6東葛病院付属診療所3F", "url": "https://www.kaigokensaku.mhlw.go.jp/12/index.php?action_kouhyou_detail_004_kani=true&JigyosyoCd=1262390011-00&ServiceCd=130&Type=search", "url2": "https://www.tokyo-kinikai.com/" }, "geometry": { "type": "Point", "coordinates": [ 139.9024849, 35.8677246 ] } },
{ "type": "Feature", "properties": { "内容": "ニチイライフケア松ヶ丘公園ナースステーション【訪問看護】千葉県流山市松ヶ丘4-496-1ニチイメゾン松ヶ丘公園", "url": "https://www.kaigokensaku.mhlw.go.jp/12/index.php?action_kouhyou_detail_004_kani=true&JigyosyoCd=1262390508-00&ServiceCd=130&Type=search", "url2": null }, "geometry": { "type": "Point", "coordinates": [ 139.945956061937352, 35.849600082500743 ] } },
{ "type": "Feature", "properties": { "内容": "向小金訪問看護ステーション【訪問看護】千葉県流山市向小金3-102-1", "url": "https://www.kaigokensaku.mhlw.go.jp/12/index.php?action_kouhyou_detail_004_kani=true&JigyosyoCd=1262390516-00&ServiceCd=130&Type=search", "url2": null }, "geometry": { "type": "Point", "coordinates": [ 139.9503327, 35.8396735 ] } },
{ "type": "Feature", "properties": { "内容": "プリオ流山訪問看護ステーション【訪問看護】千葉県流山市南流山１－２４－６菅生レジデンス２０４", "url": "https://www.kaigokensaku.mhlw.go.jp/12/index.php?action_kouhyou_detail_004_kani=true&JigyosyoCd=1262390193-00&ServiceCd=130&Type=search", "url2": "https://amg.or.jp/section/nursingteam/visit/station/prior_nagareyama/" }, "geometry": { "type": "Point", "coordinates": [ 139.909989868491863, 35.836780483806336 ] } },
{ "type": "Feature", "properties": { "内容": "生活クラブ風の村訪問看護ステーション流山【訪問看護】千葉県流山市東深井20-29生活クラブ風の村流山", "url": "https://www.kaigokensaku.mhlw.go.jp/12/index.php?action_kouhyou_detail_004_kani=true&JigyosyoCd=1262390102-00&ServiceCd=130&Type=search", "url2": "http://kazenomura.jp/" }, "geometry": { "type": "Point", "coordinates": [ 139.902761400000031, 35.9059263 ] } },
{ "type": "Feature", "properties": { "内容": "訪問看護ステーションスマイルリンク【訪問看護】千葉県八千代市勝田台北2-15-5ホワイトメゾン102号室", "url": "https://www.kaigokensaku.mhlw.go.jp/12/index.php?action_kouhyou_detail_004_kani=true&JigyosyoCd=1260490136-00&ServiceCd=130&Type=search", "url2": "http://life-tune.com/smilelink/" }, "geometry": { "type": "Point", "coordinates": [ 140.121583699999974, 35.7174776 ] } },
{ "type": "Feature", "properties": { "内容": "Myself訪問看護ステーション【訪問看護】千葉県八千代市大和田新田127-14", "url": "https://www.kaigokensaku.mhlw.go.jp/12/index.php?action_kouhyou_detail_004_kani=true&JigyosyoCd=1260490227-00&ServiceCd=130&Type=search", "url2": "http://hp.kaipoke.biz/z6s/" }, "geometry": { "type": "Point", "coordinates": [ 140.087631800000054, 35.7221426 ] } },
{ "type": "Feature", "properties": { "内容": "かぼすケア訪問看護ステーション【訪問看護】千葉県八千代市萱田2236-16", "url": "https://www.kaigokensaku.mhlw.go.jp/12/index.php?action_kouhyou_detail_004_kani=true&JigyosyoCd=1260490268-00&ServiceCd=130&Type=search", "url2": "http://smileandhope2017.com/" }, "geometry": { "type": "Point", "coordinates": [ 140.101895093194685, 35.723852626879086 ] } },
{ "type": "Feature", "properties": { "内容": "大和田訪問看護ステーション【訪問看護】千葉県八千代市大和田328-1", "url": "https://www.kaigokensaku.mhlw.go.jp/12/index.php?action_kouhyou_detail_004_kani=true&JigyosyoCd=1260490417-00&ServiceCd=130&Type=search", "url2": "https://www.eisei.or.jp/owada/" }, "geometry": { "type": "Point", "coordinates": [ 140.1092056, 35.7135824 ] } },
{ "type": "Feature", "properties": { "内容": "セントケア訪問看護ステーション八千代緑が丘【訪問看護】千葉県八千代市緑が丘2-2-10　秋葉緑が丘ビル601", "url": "https://www.kaigokensaku.mhlw.go.jp/12/index.php?action_kouhyou_detail_004_kani=true&JigyosyoCd=1260490235-00&ServiceCd=130&Type=search", "url2": null }, "geometry": { "type": "Point", "coordinates": [ 140.0709622, 35.7267403 ] } },
{ "type": "Feature", "properties": { "内容": "勝田台訪問看護ステーション【訪問看護】千葉県八千代市勝田622-2", "url": "https://www.kaigokensaku.mhlw.go.jp/12/index.php?action_kouhyou_detail_004_kani=true&JigyosyoCd=1260490037-00&ServiceCd=130&Type=search", "url2": "http://www.katsutadai.or.jp" }, "geometry": { "type": "Point", "coordinates": [ 140.12519, 35.7054066 ] } },
{ "type": "Feature", "properties": { "内容": "訪問看護のメディカライフ八千代【訪問看護】千葉県八千代市高津1024-1", "url": "https://www.kaigokensaku.mhlw.go.jp/12/index.php?action_kouhyou_detail_004_kani=true&JigyosyoCd=1260490284-00&ServiceCd=130&Type=search", "url2": "https://medicalife.jp/" }, "geometry": { "type": "Point", "coordinates": [ 140.091315499999979, 35.715071 ] } },
{ "type": "Feature", "properties": { "内容": "さかいリハ訪問看護ステーション・八千代【訪問看護】千葉県八千代市大和田４７４－７コーエーハイツ１０１", "url": "https://www.kaigokensaku.mhlw.go.jp/12/index.php?action_kouhyou_detail_004_kani=true&JigyosyoCd=1260490144-00&ServiceCd=130&Type=search", "url2": "https://sakaireha.com/" }, "geometry": { "type": "Point", "coordinates": [ 140.109969, 35.7124946 ] } },
{ "type": "Feature", "properties": { "内容": "医療法人社団啓友会訪問看護ステーションどんぐりころころ【訪問看護】千葉県八千代市勝田台北1丁目10-9CREA勝田台302", "url": "https://www.kaigokensaku.mhlw.go.jp/12/index.php?action_kouhyou_detail_004_kani=true&JigyosyoCd=1260490169-00&ServiceCd=130&Type=search", "url2": null }, "geometry": { "type": "Point", "coordinates": [ 140.123169064209748, 35.715433439306246 ] } },
{ "type": "Feature", "properties": { "内容": "ドットライフ八千代（訪問看護・リハビリ）【訪問看護】千葉県八千代市八千代台北9-4-6アドラブール45　101号室", "url": "https://www.kaigokensaku.mhlw.go.jp/12/index.php?action_kouhyou_detail_004_kani=true&JigyosyoCd=1260490276-00&ServiceCd=130&Type=search", "url2": "https://pj.dotline-jp.com/hokan/" }, "geometry": { "type": "Point", "coordinates": [ 140.0882039, 35.7078132 ] } },
{ "type": "Feature", "properties": { "内容": "セントマーガレット訪問看護ステーション【訪問看護】千葉県八千代市上高野450番地", "url": "https://www.kaigokensaku.mhlw.go.jp/12/index.php?action_kouhyou_detail_004_kani=true&JigyosyoCd=1260490094-00&ServiceCd=130&Type=search", "url2": "http://www.st-marguerite.or.jp" }, "geometry": { "type": "Point", "coordinates": [ 140.128081299999963, 35.7381093 ] } },
{ "type": "Feature", "properties": { "内容": "訪問看護ステーション　空【訪問看護】千葉県八千代市大和田新田125-86", "url": "https://www.kaigokensaku.mhlw.go.jp/12/index.php?action_kouhyou_detail_004_kani=true&JigyosyoCd=1260490383-00&ServiceCd=130&Type=search", "url2": null }, "geometry": { "type": "Point", "coordinates": [ 140.0869385, 35.7215516 ] } },
{ "type": "Feature", "properties": { "内容": "ソリス訪問看護リハビリステーション【訪問看護】千葉県八千代市大和田新田63-1飯田第3ビル202", "url": "https://www.kaigokensaku.mhlw.go.jp/12/index.php?action_kouhyou_detail_004_kani=true&JigyosyoCd=1260490326-00&ServiceCd=130&Type=search", "url2": "https://www.solis-houkan.jp/" }, "geometry": { "type": "Point", "coordinates": [ 140.074531799999988, 35.7204841 ] } },
{ "type": "Feature", "properties": { "内容": "コウジ―訪問看護リハビリステーション八千代【訪問看護】千葉県八千代市萱田2236‐46大相ビル301", "url": "https://www.kaigokensaku.mhlw.go.jp/12/index.php?action_kouhyou_detail_004_kani=true&JigyosyoCd=1260490375-00&ServiceCd=130&Type=search", "url2": "https://houkan.yachiyo.cozy-times.com/" }, "geometry": { "type": "Point", "coordinates": [ 140.1014083, 35.7238343 ] } },
{ "type": "Feature", "properties": { "内容": "医療法人社団ＯＮＩＫＵＲＡおにくら訪問看護ステーション【訪問看護】千葉県八千代市勝田台1-27-1サンフラット101号室", "url": "https://www.kaigokensaku.mhlw.go.jp/12/index.php?action_kouhyou_detail_004_kani=true&JigyosyoCd=1260490318-00&ServiceCd=130&Type=search", "url2": null }, "geometry": { "type": "Point", "coordinates": [ 140.127564799999988, 35.7145302 ] } },
{ "type": "Feature", "properties": { "内容": "一般社団法人母子訪問看護ステーションレジリエンス【訪問看護】千葉県八千代市米本1450-1", "url": "https://www.kaigokensaku.mhlw.go.jp/12/index.php?action_kouhyou_detail_004_kani=true&JigyosyoCd=1260490441-00&ServiceCd=130&Type=search", "url2": null }, "geometry": { "type": "Point", "coordinates": [ 140.1094563, 35.7556028 ] } },
{ "type": "Feature", "properties": { "内容": "くらしリハ訪問看護ステーション【訪問看護】千葉県八千代市勝田台1-36-1八木澤ビル", "url": "https://www.kaigokensaku.mhlw.go.jp/12/index.php?action_kouhyou_detail_004_kani=true&JigyosyoCd=1260490292-00&ServiceCd=130&Type=search", "url2": "https://kurashiremakers.com/" }, "geometry": { "type": "Point", "coordinates": [ 140.127429122090149, 35.713211631099774 ] } },
{ "type": "Feature", "properties": { "内容": "まちのナースステーション八千代【訪問看護】千葉県八千代市ゆりのき台5-2-3", "url": "https://www.kaigokensaku.mhlw.go.jp/12/index.php?action_kouhyou_detail_004_kani=true&JigyosyoCd=1260490110-00&ServiceCd=130&Type=search", "url2": "https://www.machi-nurse.co.jp" }, "geometry": { "type": "Point", "coordinates": [ 140.1032999923126, 35.731165021407591 ] } },
{ "type": "Feature", "properties": { "内容": "サンウェルズ八千代中央訪問看護ステーション【訪問看護】千葉県八千代市ゆりのき台一丁目21番1", "url": "https://www.kaigokensaku.mhlw.go.jp/12/index.php?action_kouhyou_detail_004_kani=true&JigyosyoCd=1260490425-00&ServiceCd=130&Type=search", "url2": "https://sunwels.jp/pdh/facility/pdhouse-yachiyochuo/" }, "geometry": { "type": "Point", "coordinates": [ 140.100870164418041, 35.727883322500631 ] } },
{ "type": "Feature", "properties": { "内容": "訪問看護ステーション「さくら咲くやちよ」【訪問看護】千葉県八千代市勝田台1-39-20", "url": "https://www.kaigokensaku.mhlw.go.jp/12/index.php?action_kouhyou_detail_004_kani=true&JigyosyoCd=1260490250-00&ServiceCd=130&Type=search", "url2": "https://sakurasakuyachiyo.com" }, "geometry": { "type": "Point", "coordinates": [ 140.1261083, 35.7128117 ] } },
{ "type": "Feature", "properties": { "内容": "千葉勤医協さわやか訪問看護ステーション【訪問看護】千葉県八千代市高津東2-8-15レーベンハイムB3", "url": "https://www.kaigokensaku.mhlw.go.jp/12/index.php?action_kouhyou_detail_004_kani=true&JigyosyoCd=1260490060-00&ServiceCd=130&Type=search", "url2": "http://www.min-iren-c.or.jp/" }, "geometry": { "type": "Point", "coordinates": [ 140.090417848881941, 35.716044716770512 ] } },
{ "type": "Feature", "properties": { "内容": "とぅるう訪問看護ステーション【訪問看護】千葉県八千代市緑が丘西3-13-21", "url": "https://www.kaigokensaku.mhlw.go.jp/12/index.php?action_kouhyou_detail_004_kani=true&JigyosyoCd=1260490391-00&ServiceCd=130&Type=search", "url2": "https://yachiyo-yusho.clinic" }, "geometry": { "type": "Point", "coordinates": [ 140.0702997, 35.7374189 ] } },
{ "type": "Feature", "properties": { "内容": "ラウンド＆ケア訪問看護ステーション八千代台【訪問看護】千葉県八千代市八千代台西1-6-2梅翁ビル3階", "url": "https://www.kaigokensaku.mhlw.go.jp/12/index.php?action_kouhyou_detail_004_kani=true&JigyosyoCd=1260490409-00&ServiceCd=130&Type=search", "url2": "https://www.eclasia.co.jp/" }, "geometry": { "type": "Point", "coordinates": [ 140.089493299999987, 35.7013685 ] } },
{ "type": "Feature", "properties": { "内容": "向日葵ナースステーション【訪問看護】千葉県八千代市ゆりのき台5丁目1番2ブライトリーフ", "url": "https://www.kaigokensaku.mhlw.go.jp/12/index.php?action_kouhyou_detail_004_kani=true&JigyosyoCd=1260490193-00&ServiceCd=130&Type=search", "url2": "http://suminokai.jp/" }, "geometry": { "type": "Point", "coordinates": [ 140.104029500000024, 35.7307315 ] } },
{ "type": "Feature", "properties": { "内容": "SOU訪問看護ステーション勝田台【訪問看護】千葉県八千代市勝田台1丁目4番地24渡邉ビル１階", "url": "https://www.kaigokensaku.mhlw.go.jp/12/index.php?action_kouhyou_detail_004_kani=true&JigyosyoCd=1260490367-00&ServiceCd=130&Type=search", "url2": "https://www.service.sou-seniorcare.co.jp/facility/ns-sh_katsutadai/" }, "geometry": { "type": "Point", "coordinates": [ 140.1251562, 35.7146147 ] } },
{ "type": "Feature", "properties": { "内容": "ワールド訪問看護ステーション【訪問看護】千葉県八千代市高津659-20", "url": "https://www.kaigokensaku.mhlw.go.jp/12/index.php?action_kouhyou_detail_004_kani=true&JigyosyoCd=1260490078-00&ServiceCd=130&Type=search", "url2": null }, "geometry": { "type": "Point", "coordinates": [ 140.085630306762909, 35.71621886254831 ] } },
{ "type": "Feature", "properties": { "内容": "はなえみ我孫子訪問看護ステーション【訪問看護】千葉県我孫子市布佐2739-1", "url": "https://www.kaigokensaku.mhlw.go.jp/12/index.php?action_kouhyou_detail_004_kani=true&JigyosyoCd=1262590222-00&ServiceCd=130&Type=search", "url2": "https://hanaemi-abiko.com/" }, "geometry": { "type": "Point", "coordinates": [ 140.1339366, 35.8497537 ] } },
{ "type": "Feature", "properties": { "内容": "あびこリハビリ訪問看護ステーション【訪問看護】千葉県我孫子市柴崎2902木村ハイツ101", "url": "https://www.kaigokensaku.mhlw.go.jp/12/index.php?action_kouhyou_detail_004_kani=true&JigyosyoCd=1262590214-00&ServiceCd=130&Type=search", "url2": "http://www.w-sakura.co.jp" }, "geometry": { "type": "Point", "coordinates": [ 140.037196, 35.8747172 ] } },
{ "type": "Feature", "properties": { "内容": "さくら訪問看護ステーション【訪問看護】千葉県我孫子市若松141番地3第2伊原ビル201号", "url": "https://www.kaigokensaku.mhlw.go.jp/12/index.php?action_kouhyou_detail_004_kani=true&JigyosyoCd=1262590073-00&ServiceCd=130&Type=search", "url2": null }, "geometry": { "type": "Point", "coordinates": [ 140.0204956, 35.8657806 ] } },
{ "type": "Feature", "properties": { "内容": "訪問看護ステーションふさ【訪問看護】千葉県我孫子市布佐834-28", "url": "https://www.kaigokensaku.mhlw.go.jp/12/index.php?action_kouhyou_detail_004_kani=true&JigyosyoCd=1262590024-00&ServiceCd=130&Type=search", "url2": "http://www.medicalplaza.or.jp/" }, "geometry": { "type": "Point", "coordinates": [ 140.1158666, 35.8636404 ] } },
{ "type": "Feature", "properties": { "内容": "らいと訪問看護ステーション我孫子【訪問看護】千葉県我孫子市我孫子一丁目7-7ペルシモンコート102", "url": "https://www.kaigokensaku.mhlw.go.jp/12/index.php?action_kouhyou_detail_004_kani=true&JigyosyoCd=1262590255-00&ServiceCd=130&Type=search", "url2": "https://raitohoukan.com/" }, "geometry": { "type": "Point", "coordinates": [ 140.008519799999988, 35.8736657 ] } },
{ "type": "Feature", "properties": { "内容": "けやきの里訪問看護ステーション【訪問看護】千葉県我孫子市青山417番", "url": "https://www.kaigokensaku.mhlw.go.jp/12/index.php?action_kouhyou_detail_004_kani=true&JigyosyoCd=1262590149-00&ServiceCd=130&Type=search", "url2": "https://kojk.jp/keyakinosato/homecare.html" }, "geometry": { "type": "Point", "coordinates": [ 140.048914299999979, 35.8839315 ] } },
{ "type": "Feature", "properties": { "内容": "訪問看護ステーション　わかな【訪問看護】千葉県我孫子市下ヶ戸1811-5ファーストガーデン101号室", "url": "https://www.kaigokensaku.mhlw.go.jp/12/index.php?action_kouhyou_detail_004_kani=true&JigyosyoCd=1262590198-00&ServiceCd=130&Type=search", "url2": "https://houkanwakana.hp.peraichi.com" }, "geometry": { "type": "Point", "coordinates": [ 140.047377323942527, 35.872501307840899 ] } },
{ "type": "Feature", "properties": { "内容": "ぞうさん訪問看護リハビリステーション湖北【訪問看護】千葉県我孫子市中1427番6", "url": "https://www.kaigokensaku.mhlw.go.jp/12/index.php?action_kouhyou_detail_004_kani=true&JigyosyoCd=1262591261-00&ServiceCd=130&Type=search", "url2": "https://whospitality.jp/nursinghome-kohoku/" }, "geometry": { "type": "Point", "coordinates": [ 140.080634546952751, 35.871650714233546 ] } },
{ "type": "Feature", "properties": { "内容": "わごころケアセンター（訪問看護）【訪問看護】千葉県我孫子市柴崎台2-10-4向山コーポA101・102", "url": "https://www.kaigokensaku.mhlw.go.jp/12/index.php?action_kouhyou_detail_004_kani=true&JigyosyoCd=1262590172-00&ServiceCd=130&Type=search", "url2": "https://www.wagokoro2010.com" }, "geometry": { "type": "Point", "coordinates": [ 140.04179167500763, 35.875862091001736 ] } },
{ "type": "Feature", "properties": { "内容": "訪問看護・リハビリステーションresonance【訪問看護】千葉県我孫子市天王台4-3-11", "url": "https://www.kaigokensaku.mhlw.go.jp/12/index.php?action_kouhyou_detail_004_kani=true&JigyosyoCd=1262590180-00&ServiceCd=130&Type=search", "url2": "https://abikonoie.com/" }, "geometry": { "type": "Point", "coordinates": [ 140.036435381022955, 35.872087306093448 ] } },
{ "type": "Feature", "properties": { "内容": "訪問看護ステーション　あらき【訪問看護】千葉県我孫子市南新木1-6-3", "url": "https://www.kaigokensaku.mhlw.go.jp/12/index.php?action_kouhyou_detail_004_kani=true&JigyosyoCd=1262590065-00&ServiceCd=130&Type=search", "url2": "https://care-net.biz/12/dandelion/" }, "geometry": { "type": "Point", "coordinates": [ 140.1100255, 35.8619739 ] } },
{ "type": "Feature", "properties": { "内容": "ぞうさん訪問看護リハビリステーション我孫子【訪問看護】千葉県我孫子市中峠1141-1", "url": "https://www.kaigokensaku.mhlw.go.jp/12/index.php?action_kouhyou_detail_004_kani=true&JigyosyoCd=1262590248-00&ServiceCd=130&Type=search", "url2": "https://whospitality.jp/nursing-home/" }, "geometry": { "type": "Point", "coordinates": [ 140.0757726, 35.8679955 ] } },
{ "type": "Feature", "properties": { "内容": "訪問看護ステーションケアプライド【訪問看護】千葉県我孫子市湖北台8-13-2", "url": "https://www.kaigokensaku.mhlw.go.jp/12/index.php?action_kouhyou_detail_004_kani=true&JigyosyoCd=1262590115-00&ServiceCd=130&Type=search", "url2": "https://㎳-triangle.company" }, "geometry": { "type": "Point", "coordinates": [ 140.072506, 35.86759510000001 ] } },
{ "type": "Feature", "properties": { "内容": "ゆうゆう訪問看護ステーション【訪問看護】千葉県我孫子市根戸1230番地エステートピア小池101号", "url": "https://www.kaigokensaku.mhlw.go.jp/12/index.php?action_kouhyou_detail_004_kani=true&JigyosyoCd=1262590099-00&ServiceCd=130&Type=search", "url2": "https://www.youyouhoukan.com/" }, "geometry": { "type": "Point", "coordinates": [ 139.996094845438421, 35.878573115060902 ] } },
{ "type": "Feature", "properties": { "内容": "ステップケア訪問看護サービス【訪問看護】千葉県我孫子市湖北台1-17-17-201橘邸2階", "url": "https://www.kaigokensaku.mhlw.go.jp/12/index.php?action_kouhyou_detail_004_kani=true&JigyosyoCd=1262590156-00&ServiceCd=130&Type=search", "url2": "https://www.stepcare.co.jp/" }, "geometry": { "type": "Point", "coordinates": [ 140.074844852658458, 35.867490306799183 ] } },
{ "type": "Feature", "properties": { "内容": "医療法人社団並木　並木七丁目診療所【訪問看護】千葉県我孫子市並木7-1-32", "url": "https://www.kaigokensaku.mhlw.go.jp/12/index.php?action_kouhyou_detail_004_kani=true&JigyosyoCd=1212511624-00&ServiceCd=130&Type=search", "url2": "https://rsa91857.wixsite.com/namiki7chome" }, "geometry": { "type": "Point", "coordinates": [ 140.018971, 35.873479699999983 ] } },
{ "type": "Feature", "properties": { "内容": "訪問看護ステーションあやめ我孫子【訪問看護】千葉県我孫子東我孫子１丁目1-5富士マンション304号室", "url": "https://www.kaigokensaku.mhlw.go.jp/12/index.php?action_kouhyou_detail_004_kani=true&JigyosyoCd=1262590206-00&ServiceCd=130&Type=search", "url2": "https://firstnurse.co.jp/" }, "geometry": { "type": "Point", "coordinates": [ 140.046748600000029, 35.8686898 ] } },
{ "type": "Feature", "properties": { "内容": "めいと我孫子駅前訪問看護ステーション【訪問看護】千葉県我孫子市本町3-7-27", "url": "https://www.kaigokensaku.mhlw.go.jp/12/index.php?action_kouhyou_detail_004_kani=true&JigyosyoCd=1262590271-00&ServiceCd=130&Type=search", "url2": null }, "geometry": { "type": "Point", "coordinates": [ 140.014776500000011, 35.8722872 ] } },
{ "type": "Feature", "properties": { "内容": "ほがらか訪問看護ステーション【訪問看護】千葉県鴨川市池田98", "url": "https://www.kaigokensaku.mhlw.go.jp/12/index.php?action_kouhyou_detail_004_kani=true&JigyosyoCd=1263990058-00&ServiceCd=130&Type=search", "url2": "http://hogaraka.biz/" }, "geometry": { "type": "Point", "coordinates": [ 140.058433599999944, 35.1266627 ] } },
{ "type": "Feature", "properties": { "内容": "訪問看護ステーションフローラ【訪問看護】千葉県鴨川市八色429", "url": "https://www.kaigokensaku.mhlw.go.jp/12/index.php?action_kouhyou_detail_004_kani=true&JigyosyoCd=1263990066-00&ServiceCd=130&Type=search", "url2": "http://sites.google.com/site/florahcs/" }, "geometry": { "type": "Point", "coordinates": [ 140.0933255, 35.1203665 ] } },
{ "type": "Feature", "properties": { "内容": "エビハラ老人訪問看護ステーション嶺岡【訪問看護】千葉県鴨川市太海630-10", "url": "https://www.kaigokensaku.mhlw.go.jp/12/index.php?action_kouhyou_detail_004_kani=true&JigyosyoCd=1263990017-00&ServiceCd=130&Type=search", "url2": "http://www.ebihara.or.jp" }, "geometry": { "type": "Point", "coordinates": [ 140.091042799999968, 35.0913067 ] } },
{ "type": "Feature", "properties": { "内容": "東条訪問看護ステーション【訪問看護】千葉県鴨川市広場1,665番地", "url": "https://www.kaigokensaku.mhlw.go.jp/12/index.php?action_kouhyou_detail_004_kani=true&JigyosyoCd=1263990041-00&ServiceCd=130&Type=search", "url2": "http://www.tojo-h.or.jp" }, "geometry": { "type": "Point", "coordinates": [ 140.108423899999906, 35.1167166 ] } },
{ "type": "Feature", "properties": { "内容": "まごの手訪問看護ステーション【訪問看護】千葉県鴨川市東町852-3", "url": "https://www.kaigokensaku.mhlw.go.jp/12/index.php?action_kouhyou_detail_004_kani=true&JigyosyoCd=1263990074-00&ServiceCd=130&Type=search", "url2": null }, "geometry": { "type": "Point", "coordinates": [ 140.128475509014578, 35.122803770826124 ] } },
{ "type": "Feature", "properties": { "内容": "鴨川市国保訪問看護ステーション【訪問看護】千葉県鴨川市宮山２３３", "url": "https://www.kaigokensaku.mhlw.go.jp/12/index.php?action_kouhyou_detail_004_kani=true&JigyosyoCd=1263990033-00&ServiceCd=130&Type=search", "url2": "https://kamogawakokuho-hp.com/" }, "geometry": { "type": "Point", "coordinates": [ 140.0148236, 35.1309 ] } },
{ "type": "Feature", "properties": { "内容": "亀田訪問看護センター【訪問看護】千葉県鴨川市東町929番地亀田総合病院内", "url": "https://www.kaigokensaku.mhlw.go.jp/12/index.php?action_kouhyou_detail_004_kani=true&JigyosyoCd=1263990025-00&ServiceCd=130&Type=search", "url2": "https://www.kameda.com/business/nursing_care/index.html" }, "geometry": { "type": "Point", "coordinates": [ 140.1255284, 35.1204428 ] } },
{ "type": "Feature", "properties": { "内容": "ハートホームズ訪問看護リハビリステーション【訪問看護】千葉県鎌ケ谷市鎌ケ谷2-15-16", "url": "https://www.kaigokensaku.mhlw.go.jp/12/index.php?action_kouhyou_detail_004_kani=true&JigyosyoCd=1262690105-00&ServiceCd=130&Type=search", "url2": "https://houmonkango-hearthomes.com/" }, "geometry": { "type": "Point", "coordinates": [ 140.007406899999978, 35.7571571 ] } },
{ "type": "Feature", "properties": { "内容": "エール訪問看護ステーション鎌ケ谷【訪問看護】千葉県鎌ケ谷市初富本町2-1-22", "url": "https://www.kaigokensaku.mhlw.go.jp/12/index.php?action_kouhyou_detail_004_kani=true&JigyosyoCd=1262690220-00&ServiceCd=130&Type=search", "url2": "https://hakuukai.or.jp/aile-kamagaya/" }, "geometry": { "type": "Point", "coordinates": [ 139.9987185, 35.7713497 ] } },
{ "type": "Feature", "properties": { "内容": "ケアプラス訪問看護【訪問看護】千葉県鎌ケ谷市新鎌ケ谷3-13-16", "url": "https://www.kaigokensaku.mhlw.go.jp/12/index.php?action_kouhyou_detail_004_kani=true&JigyosyoCd=1262690196-00&ServiceCd=130&Type=search", "url2": "https://wellhome.plus/" }, "geometry": { "type": "Point", "coordinates": [ 140.005248099999989, 35.7803285 ] } },
{ "type": "Feature", "properties": { "内容": "訪問看護ファミリー・ホスピス鎌ケ谷【訪問看護】千葉県鎌ケ谷北中沢1丁目2番81号", "url": "https://www.kaigokensaku.mhlw.go.jp/12/index.php?action_kouhyou_detail_004_kani=true&JigyosyoCd=1262690204-00&ServiceCd=130&Type=search", "url2": null }, "geometry": { "type": "Point", "coordinates": [ 139.989963209786993, 35.776482516213818 ] } },
{ "type": "Feature", "properties": { "内容": "訪問看護ステーションあやめ鎌ヶ谷【訪問看護】千葉県鎌ケ谷市鎌ケ谷2-18-12メゾンクレール202号室", "url": "https://www.kaigokensaku.mhlw.go.jp/12/index.php?action_kouhyou_detail_004_kani=true&JigyosyoCd=1262690212-00&ServiceCd=130&Type=search", "url2": "https://firstnurse.co.jp/" }, "geometry": { "type": "Point", "coordinates": [ 140.0073571, 35.7557891 ] } },
{ "type": "Feature", "properties": { "内容": "ひまり訪看リハ【訪問看護】千葉県鎌ヶ谷市初富855－1", "url": "https://www.kaigokensaku.mhlw.go.jp/12/index.php?action_kouhyou_detail_004_kani=true&JigyosyoCd=1262690121-00&ServiceCd=130&Type=search", "url2": "http://cocoansu.com/himari/houkan" }, "geometry": { "type": "Point", "coordinates": [ 140.0259379, 35.7804746 ] } },
{ "type": "Feature", "properties": { "内容": "さかいリハ訪問看護ステーション・鎌ヶ谷【訪問看護】千葉県鎌ケ谷市東中沢2-18-7キャストロ鎌ケ谷202", "url": "https://www.kaigokensaku.mhlw.go.jp/12/index.php?action_kouhyou_detail_004_kani=true&JigyosyoCd=1262690097-00&ServiceCd=130&Type=search", "url2": "https://sakaireha.com/" }, "geometry": { "type": "Point", "coordinates": [ 139.992974099999969, 35.7706756 ] } },
{ "type": "Feature", "properties": { "内容": "セントケア訪問看護ステーション鎌ヶ谷【訪問看護】千葉県鎌ケ谷市道野辺中央2‐1‐33坪沼ビル201", "url": "https://www.kaigokensaku.mhlw.go.jp/12/index.php?action_kouhyou_detail_004_kani=true&JigyosyoCd=1262690063-00&ServiceCd=130&Type=search", "url2": null }, "geometry": { "type": "Point", "coordinates": [ 139.996886, 35.7638762 ] } },
{ "type": "Feature", "properties": { "内容": "訪問看護かえりえ南佐津間【訪問看護】千葉県鎌ケ谷市南佐津間12-5", "url": "https://www.kaigokensaku.mhlw.go.jp/12/index.php?action_kouhyou_detail_004_kani=true&JigyosyoCd=1262690188-00&ServiceCd=130&Type=search", "url2": "https://www.yasashiite.com/" }, "geometry": { "type": "Point", "coordinates": [ 140.001630299999988, 35.7953043 ] } },
{ "type": "Feature", "properties": { "内容": "鎌ヶ谷訪問看護ステーション【訪問看護】千葉県鎌ヶ谷市初富808－414", "url": "https://www.kaigokensaku.mhlw.go.jp/12/index.php?action_kouhyou_detail_004_kani=true&JigyosyoCd=1262690014-00&ServiceCd=130&Type=search", "url2": "http://www.akimoto-hospital.com/" }, "geometry": { "type": "Point", "coordinates": [ 140.016600687310785, 35.778337708037832 ] } },
{ "type": "Feature", "properties": { "内容": "医療法人徳洲会訪問看護ステーション　シルバーケア【訪問看護】千葉県鎌ケ谷市初富969-6鎌ケ谷総合病院内３階", "url": "https://www.kaigokensaku.mhlw.go.jp/12/index.php?action_kouhyou_detail_004_kani=true&JigyosyoCd=1262690154-00&ServiceCd=130&Type=search", "url2": "https://silvercare-kamagaya.jp/houmonkango/" }, "geometry": { "type": "Point", "coordinates": [ 139.996513, 35.777878 ] } },
{ "type": "Feature", "properties": { "内容": "訪問看護ステーションひかり【訪問看護】千葉県鎌ケ谷市丸山2丁目10-70エスペリアガーデン102", "url": "https://www.kaigokensaku.mhlw.go.jp/12/index.php?action_kouhyou_detail_004_kani=true&JigyosyoCd=1262690162-00&ServiceCd=130&Type=search", "url2": null }, "geometry": { "type": "Point", "coordinates": [ 140.0058345, 35.7606092 ] } },
{ "type": "Feature", "properties": { "内容": "初富訪問看護ステーション【訪問看護】千葉県鎌ヶ谷市初富114番地", "url": "https://www.kaigokensaku.mhlw.go.jp/12/index.php?action_kouhyou_detail_004_kani=true&JigyosyoCd=1262690022-00&ServiceCd=130&Type=search", "url2": "http://www.hatsutomi.or.jp" }, "geometry": { "type": "Point", "coordinates": [ 139.986230400000068, 35.784388 ] } },
{ "type": "Feature", "properties": { "内容": "ひろいち訪問看護ステーション【訪問看護】千葉県鎌ケ谷市西佐津間2－12－34－1", "url": "https://www.kaigokensaku.mhlw.go.jp/12/index.php?action_kouhyou_detail_004_kani=true&JigyosyoCd=1262690246-00&ServiceCd=130&Type=search", "url2": null }, "geometry": { "type": "Point", "coordinates": [ 139.997434199999987, 35.7986478 ] } },
{ "type": "Feature", "properties": { "内容": "はもれびクリニック【訪問看護】千葉県鎌ケ谷市初富本町１－３－８エクセルハイツKEYAKI　1F", "url": "https://www.kaigokensaku.mhlw.go.jp/12/index.php?action_kouhyou_detail_004_kani=true&JigyosyoCd=1212611374-00&ServiceCd=130&Type=search", "url2": "https://hamorebi.net/" }, "geometry": { "type": "Point", "coordinates": [ 139.998832, 35.772891500000014 ] } },
{ "type": "Feature", "properties": { "内容": "リコーナースステーション【訪問看護】千葉県鎌ケ谷市道野辺本町2-26-1-401", "url": "https://www.kaigokensaku.mhlw.go.jp/12/index.php?action_kouhyou_detail_004_kani=true&JigyosyoCd=1262690055-00&ServiceCd=130&Type=search", "url2": null }, "geometry": { "type": "Point", "coordinates": [ 139.997672200000011, 35.760665400000015 ] } },
{ "type": "Feature", "properties": { "内容": "やましな訪問看護リハビリステーション【訪問看護】千葉県鎌ケ谷市南初富４－１３－４０", "url": "https://www.kaigokensaku.mhlw.go.jp/12/index.php?action_kouhyou_detail_004_kani=true&JigyosyoCd=1262690089-00&ServiceCd=130&Type=search", "url2": "https://www.yamashina-ho.com" }, "geometry": { "type": "Point", "coordinates": [ 140.005499114958184, 35.766626571092161 ] } },
{ "type": "Feature", "properties": { "内容": "セントケア訪問看護ステーションきみつ【訪問看護】千葉県君津市大和田４－２－１４", "url": "https://www.kaigokensaku.mhlw.go.jp/12/index.php?action_kouhyou_detail_004_kani=true&JigyosyoCd=1261190081-00&ServiceCd=130&Type=search", "url2": null }, "geometry": { "type": "Point", "coordinates": [ 139.8791809, 35.3355435 ] } },
{ "type": "Feature", "properties": { "内容": "君津訪問看護ステーション【訪問看護】千葉県君津市東坂田4丁目8番19号", "url": "https://www.kaigokensaku.mhlw.go.jp/12/index.php?action_kouhyou_detail_004_kani=true&JigyosyoCd=1261190016-00&ServiceCd=130&Type=search", "url2": "http://www.gengendo.jp" }, "geometry": { "type": "Point", "coordinates": [ 139.896099400000026, 35.3356492 ] } },
{ "type": "Feature", "properties": { "内容": "アビタシオン君津訪問看護ステーション【訪問看護】千葉県君津市⼋重原1338-1", "url": "https://www.kaigokensaku.mhlw.go.jp/12/index.php?action_kouhyou_detail_004_kani=true&JigyosyoCd=1261190099-00&ServiceCd=130&Type=search", "url2": "https://www.habitation.co.jp/kimitsu/" }, "geometry": { "type": "Point", "coordinates": [ 139.902478699999989, 35.3304451 ] } },
{ "type": "Feature", "properties": { "内容": "ののか訪問看護ステーション【訪問看護】千葉県君津市陽光台2-2-344号室", "url": "https://www.kaigokensaku.mhlw.go.jp/12/index.php?action_kouhyou_detail_004_kani=true&JigyosyoCd=1261190115-00&ServiceCd=130&Type=search", "url2": "https://mana888.jp/" }, "geometry": { "type": "Point", "coordinates": [ 139.9040274, 35.3337532 ] } },
{ "type": "Feature", "properties": { "内容": "訪問看護ステーションポノポノ【訪問看護】千葉県君津市中野1-8-18清水ビルⅢ　203号", "url": "https://www.kaigokensaku.mhlw.go.jp/12/index.php?action_kouhyou_detail_004_kani=true&JigyosyoCd=1261190107-00&ServiceCd=130&Type=search", "url2": null }, "geometry": { "type": "Point", "coordinates": [ 139.894797668943568, 35.33037660103161 ] } },
{ "type": "Feature", "properties": { "内容": "いろどり訪問看護ステーション【訪問看護】千葉県君津市北子安1-6-35", "url": "https://www.kaigokensaku.mhlw.go.jp/12/index.php?action_kouhyou_detail_004_kani=true&JigyosyoCd=1261190123-00&ServiceCd=130&Type=search", "url2": "https://www.irodori-kango.jp/" }, "geometry": { "type": "Point", "coordinates": [ 139.9078447, 35.3299979 ] } },
{ "type": "Feature", "properties": { "内容": "訪問看護ステーション花くじら【訪問看護】千葉県富津市大堀１５００", "url": "https://www.kaigokensaku.mhlw.go.jp/12/index.php?action_kouhyou_detail_004_kani=true&JigyosyoCd=1261290055-00&ServiceCd=130&Type=search", "url2": "https://peraichi.com/landing_pages/view/z4lr5/" }, "geometry": { "type": "Point", "coordinates": [ 139.8631746, 35.336025 ] } },
{ "type": "Feature", "properties": { "内容": "訪問看護ステーションわくわく【訪問看護】千葉県富津市青木1312-5", "url": "https://www.kaigokensaku.mhlw.go.jp/12/index.php?action_kouhyou_detail_004_kani=true&JigyosyoCd=1261290030-00&ServiceCd=130&Type=search", "url2": "https://www.wakuwaku-houkan.com/" }, "geometry": { "type": "Point", "coordinates": [ 139.848242496237475, 35.320843950536755 ] } },
{ "type": "Feature", "properties": { "内容": "玄々堂亀田の郷訪問看護ステーション【訪問看護】千葉県富津市亀田445-1", "url": "https://www.kaigokensaku.mhlw.go.jp/12/index.php?action_kouhyou_detail_004_kani=true&JigyosyoCd=1261290063-00&ServiceCd=130&Type=search", "url2": "https://gengendo-sanukikai.jp/" }, "geometry": { "type": "Point", "coordinates": [ 139.8713663, 35.2594969 ] } },
{ "type": "Feature", "properties": { "内容": "国保直営君津中央病院大佐和分院【訪問看護】千葉県富津市千種新田710番地", "url": "https://www.kaigokensaku.mhlw.go.jp/12/index.php?action_kouhyou_detail_004_kani=true&JigyosyoCd=1211210012-00&ServiceCd=130&Type=search", "url2": "https://www.hospital.kisarazu.chiba.jp/osawa.html" }, "geometry": { "type": "Point", "coordinates": [ 139.849977599999988, 35.2949325 ] } },
{ "type": "Feature", "properties": { "内容": "原田内科小児科医院【訪問看護】千葉県富津市湊497-5", "url": "https://www.kaigokensaku.mhlw.go.jp/12/index.php?action_kouhyou_detail_004_kani=true&JigyosyoCd=1211210111-00&ServiceCd=130&Type=search", "url2": "https://minato4975-haradanaika.amebaownd.com/" }, "geometry": { "type": "Point", "coordinates": [ 139.8747469, 35.2188908 ] } },
{ "type": "Feature", "properties": { "内容": "訪問看護ステーション「わたしたちの生きる証」【訪問看護】千葉県富津市長崎字熊ノ下274", "url": "https://www.kaigokensaku.mhlw.go.jp/12/index.php?action_kouhyou_detail_004_kani=true&JigyosyoCd=1261290022-00&ServiceCd=130&Type=search", "url2": "http://watashitachinoikiruakashi.jp/" }, "geometry": { "type": "Point", "coordinates": [ 139.905940099999953, 35.2192387 ] } },
{ "type": "Feature", "properties": { "内容": "ルピナス訪問看護ステーション【訪問看護】千葉県富津市大堀911－11", "url": "https://www.kaigokensaku.mhlw.go.jp/12/index.php?action_kouhyou_detail_004_kani=true&JigyosyoCd=1261290089-00&ServiceCd=130&Type=search", "url2": "https://medicallabonurse911.localinfo.jp/" }, "geometry": { "type": "Point", "coordinates": [ 139.853066899999988, 35.3339465 ] } },
{ "type": "Feature", "properties": { "内容": "マイスメディカルケア【訪問看護】千葉県浦安市当代島1-20-2ヴィラアデュサム301", "url": "https://www.kaigokensaku.mhlw.go.jp/12/index.php?action_kouhyou_detail_004_kani=true&JigyosyoCd=1261990142-00&ServiceCd=130&Type=search", "url2": "https://maisu-urayasu.com/" }, "geometry": { "type": "Point", "coordinates": [ 139.888914393778975, 35.6655548100115 ] } },
{ "type": "Feature", "properties": { "内容": "訪問看護Ｗｉｔｈ【訪問看護】千葉県浦安市富士見５丁目24番34ベルメゾン舞浜103号室", "url": "https://www.kaigokensaku.mhlw.go.jp/12/index.php?action_kouhyou_detail_004_kani=true&JigyosyoCd=1261990217-00&ServiceCd=130&Type=search", "url2": "https://houmon-with.com/" }, "geometry": { "type": "Point", "coordinates": [ 139.8878905, 35.6409093 ] } },
{ "type": "Feature", "properties": { "内容": "ドットライフ浦安駅前（訪問看護・リハビリ）【訪問看護】千葉県浦安市北栄2-17-30パルメゾンソーマ108", "url": "https://www.kaigokensaku.mhlw.go.jp/12/index.php?action_kouhyou_detail_004_kani=true&JigyosyoCd=1261990209-00&ServiceCd=130&Type=search", "url2": "https://pj.dotline-jp.com/hokan/" }, "geometry": { "type": "Point", "coordinates": [ 139.896147, 35.6690047 ] } },
{ "type": "Feature", "properties": { "内容": "訪問看護ステーション　あゆみ【訪問看護】千葉県浦安市猫実5丁目18番20号KOビル501", "url": "https://www.kaigokensaku.mhlw.go.jp/12/index.php?action_kouhyou_detail_004_kani=true&JigyosyoCd=1261990118-00&ServiceCd=130&Type=search", "url2": "https://nurse-ayumi.co.jp" }, "geometry": { "type": "Point", "coordinates": [ 139.891940919107697, 35.664503826202704 ] } },
{ "type": "Feature", "properties": { "内容": "タムス訪問看護ステーション浦安【訪問看護】千葉県浦安市高洲7-2-32", "url": "https://www.kaigokensaku.mhlw.go.jp/12/index.php?action_kouhyou_detail_004_kani=true&JigyosyoCd=1261990134-00&ServiceCd=130&Type=search", "url2": null }, "geometry": { "type": "Point", "coordinates": [ 139.91783, 35.6316306 ] } },
{ "type": "Feature", "properties": { "内容": "リボン結訪問看護ステーション【訪問看護】千葉県浦安市北栄3-9-13貴富ビル２階", "url": "https://www.kaigokensaku.mhlw.go.jp/12/index.php?action_kouhyou_detail_004_kani=true&JigyosyoCd=1261990050-00&ServiceCd=130&Type=search", "url2": "https://sogoriha.com/" }, "geometry": { "type": "Point", "coordinates": [ 139.900410304121351, 35.664520592823514 ] } },
{ "type": "Feature", "properties": { "内容": "聖隷訪問看護ステーション浦安【訪問看護】千葉県浦安市当代島1-3-29アイエムビル４階－A", "url": "https://www.kaigokensaku.mhlw.go.jp/12/index.php?action_kouhyou_detail_004_kani=true&JigyosyoCd=1261990084-00&ServiceCd=130&Type=search", "url2": "http://www.seirei.or.jp/hq/" }, "geometry": { "type": "Point", "coordinates": [ 139.892837653570695, 35.666809122902791 ] } },
{ "type": "Feature", "properties": { "内容": "ケアラビット訪問看護ステーション【訪問看護】千葉県浦安市北栄4-20-10", "url": "https://www.kaigokensaku.mhlw.go.jp/12/index.php?action_kouhyou_detail_004_kani=true&JigyosyoCd=1261990126-00&ServiceCd=130&Type=search", "url2": "http://www.rabbit-jp.net/" }, "geometry": { "type": "Point", "coordinates": [ 139.9018778, 35.660575 ] } },
{ "type": "Feature", "properties": { "内容": "訪問看護ステーションしんえい【訪問看護】千葉県浦安市北栄3-33-10ビッグウッドビルド203", "url": "https://www.kaigokensaku.mhlw.go.jp/12/index.php?action_kouhyou_detail_004_kani=true&JigyosyoCd=1261990167-00&ServiceCd=130&Type=search", "url2": "https://hokan-shinei.com/" }, "geometry": { "type": "Point", "coordinates": [ 139.8983957, 35.6660831 ] } },
{ "type": "Feature", "properties": { "内容": "なごみ訪問看護ステーション【訪問看護】千葉県浦安市富士見１－１０－２１", "url": "https://www.kaigokensaku.mhlw.go.jp/12/index.php?action_kouhyou_detail_004_kani=true&JigyosyoCd=1261990043-00&ServiceCd=130&Type=search", "url2": "http://nagomikango.o.oo7.jp/" }, "geometry": { "type": "Point", "coordinates": [ 139.891160099999979, 35.6509114 ] } },
{ "type": "Feature", "properties": { "内容": "浦安訪問看護ステーション【訪問看護】千葉県浦安市富岡4－1－10", "url": "https://www.kaigokensaku.mhlw.go.jp/12/index.php?action_kouhyou_detail_004_kani=true&JigyosyoCd=1261990092-00&ServiceCd=130&Type=search", "url2": "http://www.one-to-one1001.com/" }, "geometry": { "type": "Point", "coordinates": [ 139.902020399999969, 35.6456371 ] } },
{ "type": "Feature", "properties": { "内容": "マイケル訪問看護ステーション【訪問看護】千葉県浦安市富士見3丁目5-16-203ベルジュ富士見", "url": "https://www.kaigokensaku.mhlw.go.jp/12/index.php?action_kouhyou_detail_004_kani=true&JigyosyoCd=1261990191-00&ServiceCd=130&Type=search", "url2": "https://www.life-mate.jp" }, "geometry": { "type": "Point", "coordinates": [ 139.8884309, 35.6491757 ] } },
{ "type": "Feature", "properties": { "内容": "浦安やなぎ通り診療所【訪問看護】千葉県浦安市猫実2ー13ー26", "url": "https://www.kaigokensaku.mhlw.go.jp/12/index.php?action_kouhyou_detail_004_kani=true&JigyosyoCd=1211912575-00&ServiceCd=130&Type=search", "url2": "https://urayasu-yanagi.com" }, "geometry": { "type": "Point", "coordinates": [ 139.9016177, 35.6602018 ] } },
{ "type": "Feature", "properties": { "内容": "訪問看護ステーションとも【訪問看護】千葉県浦安市今川1-14-52", "url": "https://www.kaigokensaku.mhlw.go.jp/12/index.php?action_kouhyou_detail_004_kani=true&JigyosyoCd=1261990183-00&ServiceCd=130&Type=search", "url2": "https://www.patomo.jp/" }, "geometry": { "type": "Point", "coordinates": [ 139.905329931213373, 35.643732459473611 ] } },
{ "type": "Feature", "properties": { "内容": "あさひ訪問看護ステーション【訪問看護】千葉県四街道市和良比244番地28", "url": "https://www.kaigokensaku.mhlw.go.jp/12/index.php?action_kouhyou_detail_004_kani=true&JigyosyoCd=1264490116-00&ServiceCd=130&Type=search", "url2": "https://www.asahi-houkan.com/" }, "geometry": { "type": "Point", "coordinates": [ 140.165167200000042, 35.6604815 ] } },
{ "type": "Feature", "properties": { "内容": "のぞみ訪問看護ステーション【訪問看護】千葉県四街道市大日1685-10", "url": "https://www.kaigokensaku.mhlw.go.jp/12/index.php?action_kouhyou_detail_004_kani=true&JigyosyoCd=1264490157-00&ServiceCd=130&Type=search", "url2": null }, "geometry": { "type": "Point", "coordinates": [ 140.1528185, 35.6794384 ] } },
{ "type": "Feature", "properties": { "内容": "めいわ皮フ科クリニック【訪問看護】千葉県四街道市めいわ4-3-27", "url": "https://www.kaigokensaku.mhlw.go.jp/12/index.php?action_kouhyou_detail_004_kani=true&JigyosyoCd=1214411138-00&ServiceCd=130&Type=search", "url2": "https://www.meiwa-hifu.com" }, "geometry": { "type": "Point", "coordinates": [ 140.168438531577237, 35.650846079866206 ] } },
{ "type": "Feature", "properties": { "内容": "四街道まごころクリニック【訪問看護】千葉県四街道市めいわ3丁目16-8-1階", "url": "https://www.kaigokensaku.mhlw.go.jp/12/index.php?action_kouhyou_detail_004_kani=true&JigyosyoCd=1214411070-00&ServiceCd=130&Type=search", "url2": "https://www.magokoro-zaitaku.jp/" }, "geometry": { "type": "Point", "coordinates": [ 140.163028199999985, 35.6488345 ] } },
{ "type": "Feature", "properties": { "内容": "まごころ訪問看護ステーション【訪問看護】千葉県四街道市めいわ三丁目16番8号2階", "url": "https://www.kaigokensaku.mhlw.go.jp/12/index.php?action_kouhyou_detail_004_kani=true&JigyosyoCd=1264490108-00&ServiceCd=130&Type=search", "url2": "https://www.magokoro-zaitaku.jp/houkan-st" }, "geometry": { "type": "Point", "coordinates": [ 140.163028200000014, 35.6488345 ] } },
{ "type": "Feature", "properties": { "内容": "もねの里訪問看護ステーション【訪問看護】千葉県四街道市栗山755-2", "url": "https://www.kaigokensaku.mhlw.go.jp/12/index.php?action_kouhyou_detail_004_kani=true&JigyosyoCd=1264490090-00&ServiceCd=130&Type=search", "url2": "http://www.monenosato-houkan.com" }, "geometry": { "type": "Point", "coordinates": [ 140.181977120406799, 35.685205665321398 ] } },
{ "type": "Feature", "properties": { "内容": "わらび訪問看護ステーション四街道【訪問看護】千葉県四街道市吉岡1830-1　四街道徳洲会病院内1階", "url": "https://www.kaigokensaku.mhlw.go.jp/12/index.php?action_kouhyou_detail_004_kani=true&JigyosyoCd=1264490124-00&ServiceCd=130&Type=search", "url2": "https://yotsutoku-warabi.jp/" }, "geometry": { "type": "Point", "coordinates": [ 140.186862200000036, 35.628622900000025 ] } },
{ "type": "Feature", "properties": { "内容": "うみね訪問看護ステーション【訪問看護】千葉県四街道市四街道1511-11千葉宅建ビル205", "url": "https://www.kaigokensaku.mhlw.go.jp/12/index.php?action_kouhyou_detail_004_kani=true&JigyosyoCd=1264490173-00&ServiceCd=130&Type=search", "url2": "https://novaleaf.net/" }, "geometry": { "type": "Point", "coordinates": [ 140.1633109, 35.6691499 ] } },
{ "type": "Feature", "properties": { "内容": "コープみらい四街道訪問看護ステーション【訪問看護】千葉県四街道市大日1794-3", "url": "https://www.kaigokensaku.mhlw.go.jp/12/index.php?action_kouhyou_detail_004_kani=true&JigyosyoCd=1264490074-00&ServiceCd=130&Type=search", "url2": "http://mirai.coopnet.or.jp/service/welfare/index.html#cat06" }, "geometry": { "type": "Point", "coordinates": [ 140.159091640881911, 35.668601014955954 ] } },
{ "type": "Feature", "properties": { "内容": "訪問看護ステーション笑の木【訪問看護】千葉県四街道市鹿放ケ丘434-3", "url": "https://www.kaigokensaku.mhlw.go.jp/12/index.php?action_kouhyou_detail_004_kani=true&JigyosyoCd=1264490140-00&ServiceCd=130&Type=search", "url2": null }, "geometry": { "type": "Point", "coordinates": [ 140.143412832063291, 35.66971975910019 ] } },
{ "type": "Feature", "properties": { "内容": "セントケア訪問看護ステーション袖ケ浦【訪問看護】千葉県袖ケ浦市蔵波台3-10-2セントケア訪問看護ステーション袖ケ浦", "url": "https://www.kaigokensaku.mhlw.go.jp/12/index.php?action_kouhyou_detail_004_kani=true&JigyosyoCd=1260990044-00&ServiceCd=130&Type=search", "url2": "https://www.saint-care.com/chiba/" }, "geometry": { "type": "Point", "coordinates": [ 139.992961125794949, 35.444442673175736 ] } },
{ "type": "Feature", "properties": { "内容": "さつき台訪問看護ステーション【訪問看護】千葉県袖ケ浦市長浦駅前4-2-1", "url": "https://www.kaigokensaku.mhlw.go.jp/12/index.php?action_kouhyou_detail_004_kani=true&JigyosyoCd=1260990010-00&ServiceCd=130&Type=search", "url2": "http://satsuki-kai.or.jp/" }, "geometry": { "type": "Point", "coordinates": [ 140.00577449881132, 35.445508954157454 ] } },
{ "type": "Feature", "properties": { "内容": "訪問看護ステーション　リアン【訪問看護】千葉県袖ケ浦市奈良輪2-5-13出口ビル２階", "url": "https://www.kaigokensaku.mhlw.go.jp/12/index.php?action_kouhyou_detail_004_kani=true&JigyosyoCd=1260990069-00&ServiceCd=130&Type=search", "url2": "https://www.e-lapins.com/" }, "geometry": { "type": "Point", "coordinates": [ 139.958632600000016, 35.4318985 ] } },
{ "type": "Feature", "properties": { "内容": "訪問看護ステーション袖ヶ浦【訪問看護】千葉県袖ヶ浦市奈良輪2-10アルスコンドウ七番館203号室", "url": "https://www.kaigokensaku.mhlw.go.jp/12/index.php?action_kouhyou_detail_004_kani=true&JigyosyoCd=1260990051-00&ServiceCd=130&Type=search", "url2": "https://firstnurse.co.jp/" }, "geometry": { "type": "Point", "coordinates": [ 139.9567776, 35.427964 ] } },
{ "type": "Feature", "properties": { "内容": "新八街総合病院【訪問看護】千葉県八街市八街ほ１３７－１", "url": "https://www.kaigokensaku.mhlw.go.jp/12/index.php?action_kouhyou_detail_004_kani=true&JigyosyoCd=1214510079-00&ServiceCd=130&Type=search", "url2": "http://yachimata-hp.or.jp/" }, "geometry": { "type": "Point", "coordinates": [ 140.314931243571891, 35.672431327206986 ] } },
{ "type": "Feature", "properties": { "内容": "訪問看護ステーション　スマイル【訪問看護】千葉県八街市八街へ199-1875", "url": "https://www.kaigokensaku.mhlw.go.jp/12/index.php?action_kouhyou_detail_004_kani=true&JigyosyoCd=1264590048-00&ServiceCd=130&Type=search", "url2": null }, "geometry": { "type": "Point", "coordinates": [ 140.307267799999977, 35.635512 ] } },
{ "type": "Feature", "properties": { "内容": "訪問看護ステーション・マーガレット【訪問看護】千葉県八街市富山1314-3612", "url": "https://www.kaigokensaku.mhlw.go.jp/12/index.php?action_kouhyou_detail_004_kani=true&JigyosyoCd=1264590022-00&ServiceCd=130&Type=search", "url2": "http://margaret-s.com/" }, "geometry": { "type": "Point", "coordinates": [ 140.299839099999986, 35.6733546 ] } },
{ "type": "Feature", "properties": { "内容": "訪問看護ステーションポニーの家【訪問看護】千葉県八街市八街い87-28", "url": "https://www.kaigokensaku.mhlw.go.jp/12/index.php?action_kouhyou_detail_004_kani=true&JigyosyoCd=1264590089-00&ServiceCd=130&Type=search", "url2": "www.pony-no-ie.com" }, "geometry": { "type": "Point", "coordinates": [ 140.2735501, 35.6496453 ] } },
{ "type": "Feature", "properties": { "内容": "オネスト訪問看護リハビリステーション【訪問看護】千葉県印西市船尾5-1", "url": "https://www.kaigokensaku.mhlw.go.jp/12/index.php?action_kouhyou_detail_004_kani=true&JigyosyoCd=1264690111-00&ServiceCd=130&Type=search", "url2": "https://www.big-advance.site/s/182/1375" }, "geometry": { "type": "Point", "coordinates": [ 140.119955909756555, 35.781429283799461 ] } },
{ "type": "Feature", "properties": { "内容": "ぼたんの里訪問看護リハビリステーション【訪問看護】千葉県印西市原1-2", "url": "https://www.kaigokensaku.mhlw.go.jp/12/index.php?action_kouhyou_detail_004_kani=true&JigyosyoCd=1264690160-00&ServiceCd=130&Type=search", "url2": null }, "geometry": { "type": "Point", "coordinates": [ 140.1617627, 35.8001575 ] } },
{ "type": "Feature", "properties": { "内容": "ぞうさん訪問看護ステーション印西【訪問看護】千葉県印西市中央北1-469アルカサール2階", "url": "https://www.kaigokensaku.mhlw.go.jp/12/index.php?action_kouhyou_detail_004_kani=true&JigyosyoCd=1264690178-00&ServiceCd=130&Type=search", "url2": "https://whospitality.jp/nursing-care/" }, "geometry": { "type": "Point", "coordinates": [ 140.1173794, 35.8014396 ] } },
{ "type": "Feature", "properties": { "内容": "日だまり訪問看護ステーション【訪問看護】千葉県印西市木下1411番地2階", "url": "https://www.kaigokensaku.mhlw.go.jp/12/index.php?action_kouhyou_detail_004_kani=true&JigyosyoCd=1264690186-00&ServiceCd=130&Type=search", "url2": "https://hidamarihoukan.com" }, "geometry": { "type": "Point", "coordinates": [ 140.1533076, 35.8404662 ] } },
{ "type": "Feature", "properties": { "内容": "訪問看護ステーションみらいメディケア【訪問看護】千葉県印西市原1-2BIGHOPガーデンモール印西", "url": "https://www.kaigokensaku.mhlw.go.jp/12/index.php?action_kouhyou_detail_004_kani=true&JigyosyoCd=1264690087-00&ServiceCd=130&Type=search", "url2": null }, "geometry": { "type": "Point", "coordinates": [ 140.164945499999931, 35.8033914 ] } },
{ "type": "Feature", "properties": { "内容": "訪問ステーションてとてと印西【訪問看護】千葉県印西市牧の台１丁目１番地１印西総合病院内3階", "url": "https://www.kaigokensaku.mhlw.go.jp/12/index.php?action_kouhyou_detail_004_kani=true&JigyosyoCd=1264690095-00&ServiceCd=130&Type=search", "url2": "https://tetote.to/office/inzai/" }, "geometry": { "type": "Point", "coordinates": [ 140.162881128172302, 35.813103101010114 ] } },
{ "type": "Feature", "properties": { "内容": "MYY訪問看護ステーション千葉【訪問看護】千葉県印西市小林1811-1", "url": "https://www.kaigokensaku.mhlw.go.jp/12/index.php?action_kouhyou_detail_004_kani=true&JigyosyoCd=1264690137-00&ServiceCd=130&Type=search", "url2": null }, "geometry": { "type": "Point", "coordinates": [ 140.192724223278816, 35.82976760658417 ] } },
{ "type": "Feature", "properties": { "内容": "訪問看護ステーション「さくら咲くいんざい」【訪問看護】千葉県印西市大森2363-4", "url": "https://www.kaigokensaku.mhlw.go.jp/12/index.php?action_kouhyou_detail_004_kani=true&JigyosyoCd=1264690152-00&ServiceCd=130&Type=search", "url2": "https://sakurasakuyachiyo.com/" }, "geometry": { "type": "Point", "coordinates": [ 140.144607900000011, 35.832792 ] } },
{ "type": "Feature", "properties": { "内容": "訪問看護ステーションあやめ印西【訪問看護】千葉県印西市小林1606-6エスポワール101", "url": "https://www.kaigokensaku.mhlw.go.jp/12/index.php?action_kouhyou_detail_004_kani=true&JigyosyoCd=1264690103-00&ServiceCd=130&Type=search", "url2": "https://firstnurse.co.jp/" }, "geometry": { "type": "Point", "coordinates": [ 140.196100800000011, 35.8259062 ] } },
{ "type": "Feature", "properties": { "内容": "ラビッツ訪問看護　印西【訪問看護】千葉県印西市木下1521-140渡辺ビル　302", "url": "https://www.kaigokensaku.mhlw.go.jp/12/index.php?action_kouhyou_detail_004_kani=true&JigyosyoCd=1264690145-00&ServiceCd=130&Type=search", "url2": "https://rabbits-hvn.com/" }, "geometry": { "type": "Point", "coordinates": [ 140.1496836, 35.8376717 ] } },
{ "type": "Feature", "properties": { "内容": "いちか訪問看護ステーション印西【訪問看護】千葉県印西市草深2158-2mitG・HausSOUFUKEB棟8号室", "url": "https://www.kaigokensaku.mhlw.go.jp/12/index.php?action_kouhyou_detail_004_kani=true&JigyosyoCd=1264690202-00&ServiceCd=130&Type=search", "url2": "https://ikiruoto.com" }, "geometry": { "type": "Point", "coordinates": [ 140.159341399999988, 35.7985724 ] } },
{ "type": "Feature", "properties": { "内容": "訪問看護ステーション　レ・アーリ白井【訪問看護】千葉県白井市西白井1-9-28アルベロ1番館1F", "url": "https://www.kaigokensaku.mhlw.go.jp/12/index.php?action_kouhyou_detail_004_kani=true&JigyosyoCd=1264790069-00&ServiceCd=130&Type=search", "url2": "https://le-ali.jp/" }, "geometry": { "type": "Point", "coordinates": [ 140.0264738, 35.7920578 ] } },
{ "type": "Feature", "properties": { "内容": "さつきの里訪問看護ステーション【訪問看護】千葉県白井市笹塚3-25-1", "url": "https://www.kaigokensaku.mhlw.go.jp/12/index.php?action_kouhyou_detail_004_kani=true&JigyosyoCd=1264790010-00&ServiceCd=130&Type=search", "url2": "http://kojk.jp" }, "geometry": { "type": "Point", "coordinates": [ 140.054347, 35.789925 ] } },
{ "type": "Feature", "properties": { "内容": "北総白井訪問看護ステーション【訪問看護】千葉県白井市根331-2", "url": "https://www.kaigokensaku.mhlw.go.jp/12/index.php?action_kouhyou_detail_004_kani=true&JigyosyoCd=1264890034-00&ServiceCd=130&Type=search", "url2": "http://r34.sakura.ne.jp/hokusou/index.html" }, "geometry": { "type": "Point", "coordinates": [ 140.031731375007666, 35.770906872546874 ] } },
{ "type": "Feature", "properties": { "内容": "訪問看護ステーションななほし富里【訪問看護】千葉県富里市七栄743", "url": "https://www.kaigokensaku.mhlw.go.jp/12/index.php?action_kouhyou_detail_004_kani=true&JigyosyoCd=1264890075-00&ServiceCd=130&Type=search", "url2": null }, "geometry": { "type": "Point", "coordinates": [ 140.342233099999987, 35.7295815 ] } },
{ "type": "Feature", "properties": { "内容": "訪問看護ステーションつむぎ【訪問看護】千葉県富里市日吉台１－１－１成田富里徳洲会病院内１階", "url": "https://www.kaigokensaku.mhlw.go.jp/12/index.php?action_kouhyou_detail_004_kani=true&JigyosyoCd=1264890026-00&ServiceCd=130&Type=search", "url2": null }, "geometry": { "type": "Point", "coordinates": [ 140.3214352, 35.7753586 ] } },
{ "type": "Feature", "properties": { "内容": "訪問看護ステーション猫の手【訪問看護】千葉県富里市七栄650-2048", "url": "https://www.kaigokensaku.mhlw.go.jp/12/index.php?action_kouhyou_detail_004_kani=true&JigyosyoCd=1264890059-00&ServiceCd=130&Type=search", "url2": null }, "geometry": { "type": "Point", "coordinates": [ 140.335947299999987, 35.7392646 ] } },
{ "type": "Feature", "properties": { "内容": "富里訪問看護ステーション【訪問看護】千葉県富里市日吉台3-13-6ｹｲﾕｳﾋﾞﾙ102", "url": "https://www.kaigokensaku.mhlw.go.jp/12/index.php?action_kouhyou_detail_004_kani=true&JigyosyoCd=1264890018-00&ServiceCd=130&Type=search", "url2": "https://tomisato-kango.com" }, "geometry": { "type": "Point", "coordinates": [ 140.321487499999961, 35.7668331 ] } },
{ "type": "Feature", "properties": { "内容": "指定訪問看護ステーションAbelo（アベロ）【訪問看護】千葉県富里市七栄881−11マツオハイムD109", "url": "https://www.kaigokensaku.mhlw.go.jp/12/index.php?action_kouhyou_detail_004_kani=true&JigyosyoCd=1264890067-00&ServiceCd=130&Type=search", "url2": "https://terra-incognita.jp/abelo/" }, "geometry": { "type": "Point", "coordinates": [ 140.3297995, 35.7394368 ] } },
{ "type": "Feature", "properties": { "内容": "まごころ訪問看護ステーション【訪問看護】千葉県南房総市本織40-1", "url": "https://www.kaigokensaku.mhlw.go.jp/12/index.php?action_kouhyou_detail_004_kani=true&JigyosyoCd=1263590015-00&ServiceCd=130&Type=search", "url2": "https://www.ko-yo-kai.jp/koeikan/magokoro.html" }, "geometry": { "type": "Point", "coordinates": [ 139.893537155017214, 35.024567740974184 ] } },
{ "type": "Feature", "properties": { "内容": "よつば訪問看護ステーション【訪問看護】千葉県南房総市高崎1288-2", "url": "https://www.kaigokensaku.mhlw.go.jp/12/index.php?action_kouhyou_detail_004_kani=true&JigyosyoCd=1265190038-00&ServiceCd=130&Type=search", "url2": "https://yotsuba-houkan.net/" }, "geometry": { "type": "Point", "coordinates": [ 139.8439859, 35.085936 ] } },
{ "type": "Feature", "properties": { "内容": "訪問看護ステーションそよかぜ【訪問看護】千葉県南房総市千倉町南朝夷1661", "url": "https://www.kaigokensaku.mhlw.go.jp/12/index.php?action_kouhyou_detail_004_kani=true&JigyosyoCd=1265190020-00&ServiceCd=130&Type=search", "url2": "http://www.egao-group.jp/" }, "geometry": { "type": "Point", "coordinates": [ 139.955400653482229, 34.960024483890045 ] } },
{ "type": "Feature", "properties": { "内容": "アイフィットネスリハビリ訪問看護ステーション【訪問看護】千葉県匝瑳市高741-2", "url": "https://www.kaigokensaku.mhlw.go.jp/12/index.php?action_kouhyou_detail_004_kani=true&JigyosyoCd=1265090030-00&ServiceCd=130&Type=search", "url2": "https://mrime.life/" }, "geometry": { "type": "Point", "coordinates": [ 140.54742730000001, 35.6810863 ] } },
{ "type": "Feature", "properties": { "内容": "九十九里ホーム訪問看護ステーション【訪問看護】千葉県匝瑳市飯倉２１番地", "url": "https://www.kaigokensaku.mhlw.go.jp/12/index.php?action_kouhyou_detail_004_kani=true&JigyosyoCd=1261690023-00&ServiceCd=130&Type=search", "url2": "https://www.99-home.com/" }, "geometry": { "type": "Point", "coordinates": [ 140.523980299999948, 35.6876549 ] } },
{ "type": "Feature", "properties": { "内容": "匝瑳市訪問看護ステーションつばきの里【訪問看護】千葉県匝瑳市八日市場イ1304番地国保匝瑳市民病院3階", "url": "https://www.kaigokensaku.mhlw.go.jp/12/index.php?action_kouhyou_detail_004_kani=true&JigyosyoCd=1261690015-00&ServiceCd=130&Type=search", "url2": "https://www.sosa-hp.jp/" }, "geometry": { "type": "Point", "coordinates": [ 140.5352504, 35.705305500000023 ] } },
{ "type": "Feature", "properties": { "内容": "訪問看護ステーションみろく【訪問看護】千葉県香取市本郷244‐1丸神ビル２F", "url": "https://www.kaigokensaku.mhlw.go.jp/12/index.php?action_kouhyou_detail_004_kani=true&JigyosyoCd=1265290085-00&ServiceCd=130&Type=search", "url2": null }, "geometry": { "type": "Point", "coordinates": [ 140.60168630000004, 35.8496912 ] } },
{ "type": "Feature", "properties": { "内容": "訪問看護ステーションＩｒｉｓ【訪問看護】千葉県香取市北１丁目１３番地１４", "url": "https://www.kaigokensaku.mhlw.go.jp/12/index.php?action_kouhyou_detail_004_kani=true&JigyosyoCd=1265290010-00&ServiceCd=130&Type=search", "url2": null }, "geometry": { "type": "Point", "coordinates": [ 140.492788499999961, 35.8998738 ] } },
{ "type": "Feature", "properties": { "内容": "訪問看護ステーションあやめ佐原【訪問看護】千葉県香取市北3丁目3番地10ビューラ北A　102", "url": "https://www.kaigokensaku.mhlw.go.jp/12/index.php?action_kouhyou_detail_004_kani=true&JigyosyoCd=1265290077-00&ServiceCd=130&Type=search", "url2": "https://firstnurse.co.jp/" }, "geometry": { "type": "Point", "coordinates": [ 140.4959992, 35.896095 ] } },
{ "type": "Feature", "properties": { "内容": "訪問看護ステーションさわら【訪問看護】千葉県香取市佐原イ２２８５", "url": "https://www.kaigokensaku.mhlw.go.jp/12/index.php?action_kouhyou_detail_004_kani=true&JigyosyoCd=1265290044-00&ServiceCd=130&Type=search", "url2": "https://www.pref.chiba.lg.jp/sawara/shinryoka/houmonkango/index.html" }, "geometry": { "type": "Point", "coordinates": [ 140.510143443221978, 35.885671309206032 ] } },
{ "type": "Feature", "properties": { "内容": "香取おみがわ医療センター【訪問看護】千葉県香取市南原地新田438番地1", "url": "https://www.kaigokensaku.mhlw.go.jp/12/index.php?action_kouhyou_detail_004_kani=true&JigyosyoCd=1215210778-00&ServiceCd=130&Type=search", "url2": "https://www.hospital.omigawa.chiba.jp/" }, "geometry": { "type": "Point", "coordinates": [ 140.600696756344604, 35.842994611884542 ] } },
{ "type": "Feature", "properties": { "内容": "ニチイケアセンター北佐原訪問看護ステーション【訪問看護】千葉県香取市篠原ロ字天洲1821-2", "url": "https://www.kaigokensaku.mhlw.go.jp/12/index.php?action_kouhyou_detail_004_kani=true&JigyosyoCd=1265290028-00&ServiceCd=130&Type=search", "url2": "https://www.nichiigakkan.co.jp/" }, "geometry": { "type": "Point", "coordinates": [ 140.517618, 35.91214 ] } },
{ "type": "Feature", "properties": { "内容": "リハビリ訪問看護ステーションNEXTかとり【訪問看護】千葉県香取市野田1953－31", "url": "https://www.kaigokensaku.mhlw.go.jp/12/index.php?action_kouhyou_detail_004_kani=true&JigyosyoCd=1265290036-00&ServiceCd=130&Type=search", "url2": "https://www.nextrehabili.com/" }, "geometry": { "type": "Point", "coordinates": [ 140.590733099999966, 35.8568475 ] } },
{ "type": "Feature", "properties": { "内容": "おみがわ訪問看護ステーション【訪問看護】千葉県香取市本郷７６７－２番地", "url": "https://www.kaigokensaku.mhlw.go.jp/12/index.php?action_kouhyou_detail_004_kani=true&JigyosyoCd=1263090040-00&ServiceCd=130&Type=search", "url2": "http://www.sanseikai.or.jp" }, "geometry": { "type": "Point", "coordinates": [ 140.583589399999937, 35.8538644 ] } },
{ "type": "Feature", "properties": { "内容": "訪問看護ステーションほほえみ【訪問看護】千葉県香取市分郷３０", "url": "https://www.kaigokensaku.mhlw.go.jp/12/index.php?action_kouhyou_detail_004_kani=true&JigyosyoCd=1262090785-00&ServiceCd=130&Type=search", "url2": "https://mugigi520.wixsite.com/hohoemi0708" }, "geometry": { "type": "Point", "coordinates": [ 140.597234500000013, 35.8611977 ] } },
{ "type": "Feature", "properties": { "内容": "トミオ佐原訪問看護ステーション【訪問看護】千葉県香取市佐原ロ2028-57", "url": "https://www.kaigokensaku.mhlw.go.jp/12/index.php?action_kouhyou_detail_004_kani=true&JigyosyoCd=1265290093-00&ServiceCd=130&Type=search", "url2": null }, "geometry": { "type": "Point", "coordinates": [ 140.500623100000013, 35.89187170000001 ] } },
{ "type": "Feature", "properties": { "内容": "mana訪問看護リハビリステーション【訪問看護】千葉県山武市蓮沼ロ2774", "url": "https://www.kaigokensaku.mhlw.go.jp/12/index.php?action_kouhyou_detail_004_kani=true&JigyosyoCd=1265390042-00&ServiceCd=130&Type=search", "url2": null }, "geometry": { "type": "Point", "coordinates": [ 140.5056152, 35.594271 ] } },
{ "type": "Feature", "properties": { "内容": "ふくちゃん【訪問看護】千葉県山武市本須賀3788-27", "url": "https://www.kaigokensaku.mhlw.go.jp/12/index.php?action_kouhyou_detail_004_kani=true&JigyosyoCd=1265390083-00&ServiceCd=130&Type=search", "url2": null }, "geometry": { "type": "Point", "coordinates": [ 140.469904685319506, 35.556017954939279 ] } },
{ "type": "Feature", "properties": { "内容": "さんむ医療センター訪問看護ステーション【訪問看護】千葉県山武市成東250", "url": "https://www.kaigokensaku.mhlw.go.jp/12/index.php?action_kouhyou_detail_004_kani=true&JigyosyoCd=1265390026-00&ServiceCd=130&Type=search", "url2": "sanmu-mc.jp" }, "geometry": { "type": "Point", "coordinates": [ 140.412405757672133, 35.598224933369721 ] } },
{ "type": "Feature", "properties": { "内容": "なるとう訪問看護りはびりステーション【訪問看護】千葉県山武市五木田4132-20", "url": "https://www.kaigokensaku.mhlw.go.jp/12/index.php?action_kouhyou_detail_004_kani=true&JigyosyoCd=1265390059-00&ServiceCd=130&Type=search", "url2": "https://reease.co.jp" }, "geometry": { "type": "Point", "coordinates": [ 140.443151985844423, 35.584434622775305 ] } },
{ "type": "Feature", "properties": { "内容": "おれんじ訪問看護ステーション【訪問看護】千葉県山武市殿台３９９イマゼキハイツ１０２", "url": "https://www.kaigokensaku.mhlw.go.jp/12/index.php?action_kouhyou_detail_004_kani=true&JigyosyoCd=1265390067-00&ServiceCd=130&Type=search", "url2": null }, "geometry": { "type": "Point", "coordinates": [ 140.4200367, 35.6014351 ] } },
{ "type": "Feature", "properties": { "内容": "いすみ訪問看護ステーション【訪問看護】千葉県いすみ市苅谷1177", "url": "https://www.kaigokensaku.mhlw.go.jp/12/index.php?action_kouhyou_detail_004_kani=true&JigyosyoCd=1264990032-00&ServiceCd=130&Type=search", "url2": "https://www.isumi-ic.jp" }, "geometry": { "type": "Point", "coordinates": [ 140.3151269, 35.284793800000024 ] } },
{ "type": "Feature", "properties": { "内容": "ヤックス訪問看護ステーション大原【訪問看護】千葉県いすみ市若山４９", "url": "https://www.kaigokensaku.mhlw.go.jp/12/index.php?action_kouhyou_detail_004_kani=true&JigyosyoCd=1264990024-00&ServiceCd=130&Type=search", "url2": "https://yacs.jp/" }, "geometry": { "type": "Point", "coordinates": [ 140.393982366748105, 35.263710020676001 ] } },
{ "type": "Feature", "properties": { "内容": "訪問看護ステーション思いやり【訪問看護】千葉県大網白里市ながた野2-10-18", "url": "https://www.kaigokensaku.mhlw.go.jp/12/index.php?action_kouhyou_detail_004_kani=true&JigyosyoCd=1265490040-00&ServiceCd=130&Type=search", "url2": "https://houmon-omoiyari.jimdofree.com/" }, "geometry": { "type": "Point", "coordinates": [ 140.314061400000014, 35.5050613 ] } },
{ "type": "Feature", "properties": { "内容": "セントケア訪問看護ステーション大網【訪問看護】千葉県大網白里市大網321-3", "url": "https://www.kaigokensaku.mhlw.go.jp/12/index.php?action_kouhyou_detail_004_kani=true&JigyosyoCd=1260790113-00&ServiceCd=130&Type=search", "url2": "https://www.saint-care.com" }, "geometry": { "type": "Point", "coordinates": [ 140.323527218356332, 35.524991903110525 ] } },
{ "type": "Feature", "properties": { "内容": "訪問看護ステーション杜の街【訪問看護】千葉県大網白里市みどりが丘2-36-2", "url": "https://www.kaigokensaku.mhlw.go.jp/12/index.php?action_kouhyou_detail_004_kani=true&JigyosyoCd=1260790022-00&ServiceCd=130&Type=search", "url2": null }, "geometry": { "type": "Point", "coordinates": [ 140.3141898, 35.5431362 ] } },
{ "type": "Feature", "properties": { "内容": "きだ在宅クリニック【訪問看護】千葉県大網白里市清名幸谷51-1", "url": "https://www.kaigokensaku.mhlw.go.jp/12/index.php?action_kouhyou_detail_004_kani=true&JigyosyoCd=1215410154-00&ServiceCd=130&Type=search", "url2": null }, "geometry": { "type": "Point", "coordinates": [ 140.3360127, 35.5344457 ] } },
{ "type": "Feature", "properties": { "内容": "リアン・メディおおあみ訪問看護ステーション【訪問看護】千葉県大網白里市駒込７８０－１", "url": "https://www.kaigokensaku.mhlw.go.jp/12/index.php?action_kouhyou_detail_004_kani=true&JigyosyoCd=1265490024-00&ServiceCd=130&Type=search", "url2": "https://shokenkai.com/lienmedi-ooami/" }, "geometry": { "type": "Point", "coordinates": [ 140.3075665, 35.5194189 ] } },
{ "type": "Feature", "properties": { "内容": "訪問看護プラセル九十九里【訪問看護】千葉県大網白里市北今泉2997-11", "url": "https://www.kaigokensaku.mhlw.go.jp/12/index.php?action_kouhyou_detail_004_kani=true&JigyosyoCd=1265490032-00&ServiceCd=130&Type=search", "url2": "https://www.placer.cc/" }, "geometry": { "type": "Point", "coordinates": [ 140.422693230966161, 35.500732052162832 ] } },
{ "type": "Feature", "properties": { "内容": "いなかまち訪問看護ステーション【訪問看護】千葉県印旛郡酒々井町上本佐倉194番5おひさま佐倉ビル201号室", "url": "https://www.kaigokensaku.mhlw.go.jp/12/index.php?action_kouhyou_detail_004_kani=true&JigyosyoCd=1264190104-00&ServiceCd=130&Type=search", "url2": null }, "geometry": { "type": "Point", "coordinates": [ 140.260447699999986, 35.7210411 ] } },
{ "type": "Feature", "properties": { "内容": "医療法人社団　千葉光徳会　千葉しすい病院　訪問看護ステーション【訪問看護】千葉県印旛郡酒々井町上岩橋1160-2", "url": "https://www.kaigokensaku.mhlw.go.jp/12/index.php?action_kouhyou_detail_004_kani=true&JigyosyoCd=1264190096-00&ServiceCd=130&Type=search", "url2": null }, "geometry": { "type": "Point", "coordinates": [ 140.276964363229382, 35.738044361327084 ] } },
{ "type": "Feature", "properties": { "内容": "訪問看護ステーションあえりの里【訪問看護】千葉県印旛郡栄町安食二丁目1番地18後藤ビル2階2号室", "url": "https://www.kaigokensaku.mhlw.go.jp/12/index.php?action_kouhyou_detail_004_kani=true&JigyosyoCd=1264190088-00&ServiceCd=130&Type=search", "url2": null }, "geometry": { "type": "Point", "coordinates": [ 140.241304746032682, 35.83548742359892 ] } },
{ "type": "Feature", "properties": { "内容": "さかえ訪問看護ステーション【訪問看護】千葉県印旛郡栄町安食2421北総栄病院内", "url": "https://www.kaigokensaku.mhlw.go.jp/12/index.php?action_kouhyou_detail_004_kani=true&JigyosyoCd=1264190013-00&ServiceCd=130&Type=search", "url2": "http://www.ikusei-g.com/" }, "geometry": { "type": "Point", "coordinates": [ 140.249520717860349, 35.83464414765659 ] } },
{ "type": "Feature", "properties": { "内容": "多古町訪問看護ステーション【訪問看護】千葉県香取郡多古町多古388-1", "url": "https://www.kaigokensaku.mhlw.go.jp/12/index.php?action_kouhyou_detail_004_kani=true&JigyosyoCd=1263090024-00&ServiceCd=130&Type=search", "url2": "http://www.takochu.tako.chiba.jp/" }, "geometry": { "type": "Point", "coordinates": [ 140.471852, 35.7381917 ] } },
{ "type": "Feature", "properties": { "内容": "東庄町訪問看護ステーション【訪問看護】千葉県香取郡東庄町石出2692-4", "url": "https://www.kaigokensaku.mhlw.go.jp/12/index.php?action_kouhyou_detail_004_kani=true&JigyosyoCd=1263090032-00&ServiceCd=130&Type=search", "url2": "https://www.town.tohnosho.chiba.jp" }, "geometry": { "type": "Point", "coordinates": [ 140.697703700000034, 35.8200895 ] } },
{ "type": "Feature", "properties": { "内容": "訪問看護ステーションSUN【訪問看護】千葉県香取郡東庄町笹川い570", "url": "https://www.kaigokensaku.mhlw.go.jp/12/index.php?action_kouhyou_detail_004_kani=true&JigyosyoCd=1263090073-00&ServiceCd=130&Type=search", "url2": "https://suehirogari-sun.jimdofree.com/" }, "geometry": { "type": "Point", "coordinates": [ 140.6588577, 35.8405657 ] } },
{ "type": "Feature", "properties": { "内容": "訪問看護ステーションたかね【訪問看護】千葉県山武郡芝山町岩山2308", "url": "https://www.kaigokensaku.mhlw.go.jp/12/index.php?action_kouhyou_detail_004_kani=true&JigyosyoCd=1260790154-00&ServiceCd=130&Type=search", "url2": "https://takane-hospital.jp/" }, "geometry": { "type": "Point", "coordinates": [ 140.369786800000014, 35.7242467 ] } },
{ "type": "Feature", "properties": { "内容": "横芝光町訪問看護ステーション【訪問看護】千葉県山武郡横芝光町宮川12100番地東陽病院", "url": "https://www.kaigokensaku.mhlw.go.jp/12/index.php?action_kouhyou_detail_004_kani=true&JigyosyoCd=1265590013-00&ServiceCd=130&Type=search", "url2": "http://hospital.town.yokoshibahikari.chiba.jp" }, "geometry": { "type": "Point", "coordinates": [ 140.5030888, 35.6580977 ] } },
{ "type": "Feature", "properties": { "内容": "にじリハ訪問看護ステーション【訪問看護】千葉県山武郡横芝光町宮川6593-1カンズボヌール101", "url": "https://www.kaigokensaku.mhlw.go.jp/12/index.php?action_kouhyou_detail_004_kani=true&JigyosyoCd=1260790170-00&ServiceCd=130&Type=search", "url2": null }, "geometry": { "type": "Point", "coordinates": [ 140.5036053, 35.6702427 ] } },
{ "type": "Feature", "properties": { "内容": "合同会社訪問看護光【訪問看護】千葉県山武郡横芝光町栗山1619-1", "url": "https://www.kaigokensaku.mhlw.go.jp/12/index.php?action_kouhyou_detail_004_kani=true&JigyosyoCd=1265590021-00&ServiceCd=130&Type=search", "url2": "http://houkanhikari.com/" }, "geometry": { "type": "Point", "coordinates": [ 140.4967538, 35.6545232 ] } },
{ "type": "Feature", "properties": { "内容": "千葉訪問ケアセンター【訪問看護】千葉県長生郡一宮町宮原754-3", "url": "https://www.kaigokensaku.mhlw.go.jp/12/index.php?action_kouhyou_detail_004_kani=true&JigyosyoCd=1263290012-00&ServiceCd=130&Type=search", "url2": null }, "geometry": { "type": "Point", "coordinates": [ 140.359579599999961, 35.3814802 ] } },
{ "type": "Feature", "properties": { "内容": "訪問看護ステーションヘルメスの風【訪問看護】千葉県長生郡長生村一松乙２００５番地４７", "url": "https://www.kaigokensaku.mhlw.go.jp/12/index.php?action_kouhyou_detail_004_kani=true&JigyosyoCd=1263290053-00&ServiceCd=130&Type=search", "url2": null }, "geometry": { "type": "Point", "coordinates": [ 140.384573071163942, 35.39252331527387 ] } },
{ "type": "Feature", "properties": { "内容": "訪問看護ステーション優輝【訪問看護】千葉県長生郡長生村金田2591-9", "url": "https://www.kaigokensaku.mhlw.go.jp/12/index.php?action_kouhyou_detail_004_kani=true&JigyosyoCd=1263290046-00&ServiceCd=130&Type=search", "url2": "https://yuukihoumonn.jp/" }, "geometry": { "type": "Point", "coordinates": [ 140.3432041, 35.3909586 ] } },
{ "type": "Feature", "properties": { "内容": "さくら・訪問看護ステーション【訪問看護】千葉県長生郡白子町中里3389-2", "url": "https://www.kaigokensaku.mhlw.go.jp/12/index.php?action_kouhyou_detail_004_kani=true&JigyosyoCd=1263290061-00&ServiceCd=130&Type=search", "url2": "https://www.prosper-corporation.co.jp/" }, "geometry": { "type": "Point", "coordinates": [ 140.3834862, 35.4316929 ] } },
{ "type": "Feature", "properties": { "内容": "まごころ訪問看護リハビリステ一ション【訪問看護】千葉県長生郡長南町長南2614-2", "url": "https://www.kaigokensaku.mhlw.go.jp/12/index.php?action_kouhyou_detail_004_kani=true&JigyosyoCd=1263290038-00&ServiceCd=130&Type=search", "url2": "http://magokorohoukan.web.fc2.com/" }, "geometry": { "type": "Point", "coordinates": [ 140.2307707, 35.398455 ] } },
{ "type": "Feature", "properties": { "内容": "エール訪問看護ステーション御宿【訪問看護】千葉県夷隅郡御宿町須賀575-1", "url": "https://www.kaigokensaku.mhlw.go.jp/12/index.php?action_kouhyou_detail_004_kani=true&JigyosyoCd=1263790029-00&ServiceCd=130&Type=search", "url2": "http://hp.kaipoke.biz/363/" }, "geometry": { "type": "Point", "coordinates": [ 140.3510536, 35.18462 ] } }
]
}
