{
"type": "FeatureCollection",
"name": "geo_12_介護老人福祉施設",
"crs": { "type": "name", "properties": { "name": "urn:ogc:def:crs:OGC:1.3:CRS84" } },
"features": [
{ "type": "Feature", "properties": { "内容": "特別養護老人ホームかなめ一倫荘【介護老人福祉施設】千葉県千葉市中央区要町1-2", "url": "https://www.kaigokensaku.mhlw.go.jp/12/index.php?action_kouhyou_detail_004_kani=true&JigyosyoCd=1270105529-00&ServiceCd=510&Type=search", "url2": "www.ichirin.or.jp/" }, "geometry": { "type": "Point", "coordinates": [ 140.1209470242203, 35.615905213312082 ] } },
{ "type": "Feature", "properties": { "内容": "特別養護老人ホームあかいの郷【介護老人福祉施設】千葉市中央区赤井町２８４番地", "url": "https://www.kaigokensaku.mhlw.go.jp/12/index.php?action_kouhyou_detail_004_kani=true&JigyosyoCd=1270101114-00&ServiceCd=510&Type=search", "url2": "http://www.akainosato.jp" }, "geometry": { "type": "Point", "coordinates": [ 140.1549752, 35.5689806 ] } },
{ "type": "Feature", "properties": { "内容": "介護老人福祉施設　ピアポート千壽苑【介護老人福祉施設】千葉県千葉市中央区問屋町６－４", "url": "https://www.kaigokensaku.mhlw.go.jp/12/index.php?action_kouhyou_detail_004_kani=true&JigyosyoCd=1270101882-00&ServiceCd=510&Type=search", "url2": "http://www.yuuwakai.jp/" }, "geometry": { "type": "Point", "coordinates": [ 140.111254499999973, 35.6006459 ] } },
{ "type": "Feature", "properties": { "内容": "淑徳共生苑【介護老人福祉施設】千葉市中央区生実町2407-1", "url": "https://www.kaigokensaku.mhlw.go.jp/12/index.php?action_kouhyou_detail_004_kani=true&JigyosyoCd=1270102195-00&ServiceCd=510&Type=search", "url2": "https://www.kyoseien.jp/" }, "geometry": { "type": "Point", "coordinates": [ 140.15382390000002, 35.567108 ] } },
{ "type": "Feature", "properties": { "内容": "特別養護老人ホーム　星久喜白山荘【介護老人福祉施設】千葉市中央区星久喜町152-2", "url": "https://www.kaigokensaku.mhlw.go.jp/12/index.php?action_kouhyou_detail_004_kani=true&JigyosyoCd=1270102583-00&ServiceCd=510&Type=search", "url2": "http://www.hakusanso.jp" }, "geometry": { "type": "Point", "coordinates": [ 140.149326400000064, 35.6039994 ] } },
{ "type": "Feature", "properties": { "内容": "特別養護老人ホーム新千葉一倫荘【介護老人福祉施設】千葉県千葉市中央区新千葉３－１０－２０", "url": "https://www.kaigokensaku.mhlw.go.jp/12/index.php?action_kouhyou_detail_004_kani=true&JigyosyoCd=1270103060-00&ServiceCd=510&Type=search", "url2": "http://www.ichirin.or.jp/" }, "geometry": { "type": "Point", "coordinates": [ 140.105862500000057, 35.6146183 ] } },
{ "type": "Feature", "properties": { "内容": "特別養護老人ホーム都苑【介護老人福祉施設】千葉県千葉市中央区川戸町２番地", "url": "https://www.kaigokensaku.mhlw.go.jp/12/index.php?action_kouhyou_detail_004_kani=true&JigyosyoCd=1270100330-00&ServiceCd=510&Type=search", "url2": "http://www.miyakoen.server-shared.com" }, "geometry": { "type": "Point", "coordinates": [ 140.165103, 35.5927034 ] } },
{ "type": "Feature", "properties": { "内容": "特別養護老人ホームローゼンヴィラはま野【介護老人福祉施設】千葉県千葉市中央区南生実町461-2", "url": "https://www.kaigokensaku.mhlw.go.jp/12/index.php?action_kouhyou_detail_004_kani=true&JigyosyoCd=1270100728-00&ServiceCd=510&Type=search", "url2": "http://www.engokai.or.jp" }, "geometry": { "type": "Point", "coordinates": [ 140.142801800000029, 35.5543259 ] } },
{ "type": "Feature", "properties": { "内容": "特別養護老人ホーム　恵光園シャイニー中央【介護老人福祉施設】千葉県千葉市中央区星久喜町36番恵光園シャイニー中央", "url": "https://www.kaigokensaku.mhlw.go.jp/12/index.php?action_kouhyou_detail_004_kani=true&JigyosyoCd=1270105008-00&ServiceCd=510&Type=search", "url2": "http://www.keikouen.or.jp/shiny/" }, "geometry": { "type": "Point", "coordinates": [ 140.155662144488588, 35.599612383626365 ] } },
{ "type": "Feature", "properties": { "内容": "介護老人福祉施設　花見の里【介護老人福祉施設】千葉県千葉市花見川区柏井町２７７番５", "url": "https://www.kaigokensaku.mhlw.go.jp/12/index.php?action_kouhyou_detail_004_kani=true&JigyosyoCd=1270200536-00&ServiceCd=510&Type=search", "url2": "http://www.hanaminosato.or.jp" }, "geometry": { "type": "Point", "coordinates": [ 140.114114400000062, 35.6887361 ] } },
{ "type": "Feature", "properties": { "内容": "特別養護老人ホームゆうゆう苑【介護老人福祉施設】千葉県千葉市花見川区犢橋町10番地", "url": "https://www.kaigokensaku.mhlw.go.jp/12/index.php?action_kouhyou_detail_004_kani=true&JigyosyoCd=1270202458-00&ServiceCd=510&Type=search", "url2": "http://houyukai.or.jp" }, "geometry": { "type": "Point", "coordinates": [ 140.112418299999945, 35.6710797 ] } },
{ "type": "Feature", "properties": { "内容": "特別養護老人ホーム花見川フェニックス【介護老人福祉施設】千葉県千葉市花見川区畑町591番地1", "url": "https://www.kaigokensaku.mhlw.go.jp/12/index.php?action_kouhyou_detail_004_kani=true&JigyosyoCd=1270203175-00&ServiceCd=510&Type=search", "url2": "http://www.shafuku-doujinkai.or.jp/" }, "geometry": { "type": "Point", "coordinates": [ 140.091453900000033, 35.660027599999985 ] } },
{ "type": "Feature", "properties": { "内容": "特別養護老人ホームみ春野れんげの丘【介護老人福祉施設】千葉県千葉市花見川区宇那谷町182-2特別養護老人ホームみ春野れんげの丘", "url": "https://www.kaigokensaku.mhlw.go.jp/12/index.php?action_kouhyou_detail_004_kani=true&JigyosyoCd=1270204082-00&ServiceCd=510&Type=search", "url2": "https://rengesou.or.jp/" }, "geometry": { "type": "Point", "coordinates": [ 140.135644005407414, 35.693413395104031 ] } },
{ "type": "Feature", "properties": { "内容": "特別養護老人ホーム一倫荘【介護老人福祉施設】千葉市花見川区大日町１４９２－２", "url": "https://www.kaigokensaku.mhlw.go.jp/12/index.php?action_kouhyou_detail_004_kani=true&JigyosyoCd=1270200130-00&ServiceCd=510&Type=search", "url2": "http://www.ichirin.or.jp/" }, "geometry": { "type": "Point", "coordinates": [ 140.135211, 35.6796853 ] } },
{ "type": "Feature", "properties": { "内容": "特別養護老人ホーム晴山苑【介護老人福祉施設】千葉市花見川区花島町149-1", "url": "https://www.kaigokensaku.mhlw.go.jp/12/index.php?action_kouhyou_detail_004_kani=true&JigyosyoCd=1270200163-00&ServiceCd=510&Type=search", "url2": "https://seizan-kai.or.jp/" }, "geometry": { "type": "Point", "coordinates": [ 140.098505299999943, 35.6803673 ] } },
{ "type": "Feature", "properties": { "内容": "特別養護老人ホーム　桐花園【介護老人福祉施設】千葉市花見川区幕張町3-2362-2", "url": "https://www.kaigokensaku.mhlw.go.jp/12/index.php?action_kouhyou_detail_004_kani=true&JigyosyoCd=1270200338-00&ServiceCd=510&Type=search", "url2": "http://www.toukaen.or.jp" }, "geometry": { "type": "Point", "coordinates": [ 140.057934299999943, 35.6739258 ] } },
{ "type": "Feature", "properties": { "内容": "特別養護老人ホーム　とどろき一倫荘【介護老人福祉施設】千葉県千葉市稲毛区轟町５－２－１", "url": "https://www.kaigokensaku.mhlw.go.jp/12/index.php?action_kouhyou_detail_004_kani=true&JigyosyoCd=1270302621-00&ServiceCd=510&Type=search", "url2": "http://www.ichirin.or.jp" }, "geometry": { "type": "Point", "coordinates": [ 140.111166083328271, 35.629679454022174 ] } },
{ "type": "Feature", "properties": { "内容": "介護老人福祉施設　ハピネス稲毛【介護老人福祉施設】千葉県千葉市稲毛区長沼原町847-7ハピネス稲毛", "url": "https://www.kaigokensaku.mhlw.go.jp/12/index.php?action_kouhyou_detail_004_kani=true&JigyosyoCd=1270302878-00&ServiceCd=510&Type=search", "url2": "https://happiness-inage.com/" }, "geometry": { "type": "Point", "coordinates": [ 140.132465700000012, 35.6656818 ] } },
{ "type": "Feature", "properties": { "内容": "特別養護老人ホームいなげ一倫荘【介護老人福祉施設】千葉県千葉市稲毛区稲毛町５－８７－１", "url": "https://www.kaigokensaku.mhlw.go.jp/12/index.php?action_kouhyou_detail_004_kani=true&JigyosyoCd=1270302340-00&ServiceCd=510&Type=search", "url2": "http://ichirin.or.jp" }, "geometry": { "type": "Point", "coordinates": [ 140.078838899999937, 35.6404021 ] } },
{ "type": "Feature", "properties": { "内容": "特別養護老人ホーム　ソレイユ千葉北【介護老人福祉施設】千葉市稲毛区長沼原町250番地", "url": "https://www.kaigokensaku.mhlw.go.jp/12/index.php?action_kouhyou_detail_004_kani=true&JigyosyoCd=1270300104-00&ServiceCd=510&Type=search", "url2": "https://www.soreiyu.or.jp" }, "geometry": { "type": "Point", "coordinates": [ 140.127532300000013, 35.670325800000015 ] } },
{ "type": "Feature", "properties": { "内容": "特別養護老人ホ－ム双樹苑【介護老人福祉施設】千葉市稲毛区山王町１６２－１", "url": "https://www.kaigokensaku.mhlw.go.jp/12/index.php?action_kouhyou_detail_004_kani=true&JigyosyoCd=1270300153-00&ServiceCd=510&Type=search", "url2": "http://souju-kai.or.jp/" }, "geometry": { "type": "Point", "coordinates": [ 140.140229299999987, 35.6678662 ] } },
{ "type": "Feature", "properties": { "内容": "特別養護老人ホーム稲毛こひつじ園【介護老人福祉施設】千葉県千葉市稲毛区萩台町380-2", "url": "https://www.kaigokensaku.mhlw.go.jp/12/index.php?action_kouhyou_detail_004_kani=true&JigyosyoCd=1270300914-00&ServiceCd=510&Type=search", "url2": "http://hatsuhokai.com" }, "geometry": { "type": "Point", "coordinates": [ 140.121416700000026, 35.6442563 ] } },
{ "type": "Feature", "properties": { "内容": "特別養護老人ホーム　プラタナス【介護老人福祉施設】千葉県千葉市稲毛区園生町1283-12", "url": "https://www.kaigokensaku.mhlw.go.jp/12/index.php?action_kouhyou_detail_004_kani=true&JigyosyoCd=1270301391-00&ServiceCd=510&Type=search", "url2": "http://souju-kai.or.jp/" }, "geometry": { "type": "Point", "coordinates": [ 140.100395, 35.6435662 ] } },
{ "type": "Feature", "properties": { "内容": "特別養護老人ホームソレイユ千葉北ユニット【介護老人福祉施設】千葉県千葉市稲毛区長沼原町250番地", "url": "https://www.kaigokensaku.mhlw.go.jp/12/index.php?action_kouhyou_detail_004_kani=true&JigyosyoCd=1270301987-00&ServiceCd=510&Type=search", "url2": "www.soreiyu.or.jp" }, "geometry": { "type": "Point", "coordinates": [ 140.127603300000033, 35.6703193 ] } },
{ "type": "Feature", "properties": { "内容": "特別養護老人ホームちとせ稲毛【介護老人福祉施設】千葉県千葉市稲毛区萩台町50-1特別養護老人ホームちとせ稲毛", "url": "https://www.kaigokensaku.mhlw.go.jp/12/index.php?action_kouhyou_detail_004_kani=true&JigyosyoCd=1270302837-00&ServiceCd=510&Type=search", "url2": "www.1000.or.jp" }, "geometry": { "type": "Point", "coordinates": [ 140.121761717929786, 35.636460043034958 ] } },
{ "type": "Feature", "properties": { "内容": "特別養護老人ホーム　こぶしの里【介護老人福祉施設】千葉県千葉市稲毛区山王町１７１－１", "url": "https://www.kaigokensaku.mhlw.go.jp/12/index.php?action_kouhyou_detail_004_kani=true&JigyosyoCd=1270303041-00&ServiceCd=510&Type=search", "url2": "http://souju-kai.or.jp/" }, "geometry": { "type": "Point", "coordinates": [ 140.138804281100164, 35.665644796185859 ] } },
{ "type": "Feature", "properties": { "内容": "特別養護老人ホーム桃花苑【介護老人福祉施設】千葉県千葉市稲毛区山王町255-3", "url": "https://www.kaigokensaku.mhlw.go.jp/12/index.php?action_kouhyou_detail_004_kani=true&JigyosyoCd=1270302548-00&ServiceCd=510&Type=search", "url2": "http://www.souju-kai.or.jp/" }, "geometry": { "type": "Point", "coordinates": [ 140.134961687219203, 35.66433810682819 ] } },
{ "type": "Feature", "properties": { "内容": "特別養護老人ホーム御殿町【介護老人福祉施設】千葉県千葉市若葉区御殿町699-23", "url": "https://www.kaigokensaku.mhlw.go.jp/12/index.php?action_kouhyou_detail_004_kani=true&JigyosyoCd=1270404096-00&ServiceCd=510&Type=search", "url2": "eiwa.or.jp" }, "geometry": { "type": "Point", "coordinates": [ 140.211386276205786, 35.615241179623894 ] } },
{ "type": "Feature", "properties": { "内容": "特別養護老人ホーム御殿町(ユニット型)【介護老人福祉施設】千葉県千葉市若葉区御殿町699-23", "url": "https://www.kaigokensaku.mhlw.go.jp/12/index.php?action_kouhyou_detail_004_kani=true&JigyosyoCd=1270404104-00&ServiceCd=510&Type=search", "url2": "eiwa.or.jp" }, "geometry": { "type": "Point", "coordinates": [ 140.2113575119171, 35.615285978392819 ] } },
{ "type": "Feature", "properties": { "内容": "特別養護老人ホーム清和園【介護老人福祉施設】千葉市若葉区多部田町１４６８", "url": "https://www.kaigokensaku.mhlw.go.jp/12/index.php?action_kouhyou_detail_004_kani=true&JigyosyoCd=1270400094-00&ServiceCd=510&Type=search", "url2": "http://www.seiwaen.com/" }, "geometry": { "type": "Point", "coordinates": [ 140.201813200000061, 35.5988876 ] } },
{ "type": "Feature", "properties": { "内容": "特別養護老人ホーム清和園（ユニット型）【介護老人福祉施設】千葉県千葉市若葉区多部田町１４６８", "url": "https://www.kaigokensaku.mhlw.go.jp/12/index.php?action_kouhyou_detail_004_kani=true&JigyosyoCd=1270402702-00&ServiceCd=510&Type=search", "url2": "http;//seiwaen.com" }, "geometry": { "type": "Point", "coordinates": [ 140.201860908598263, 35.599052423728551 ] } },
{ "type": "Feature", "properties": { "内容": "特別養護老人ホーム　小倉町いずみ苑【介護老人福祉施設】千葉市若葉区小倉町1325-1", "url": "https://www.kaigokensaku.mhlw.go.jp/12/index.php?action_kouhyou_detail_004_kani=true&JigyosyoCd=1270401514-00&ServiceCd=510&Type=search", "url2": "http://senjyu-kai.com/ogura-izumien/" }, "geometry": { "type": "Point", "coordinates": [ 140.185501899999963, 35.6319884 ] } },
{ "type": "Feature", "properties": { "内容": "ユニット型特別養護老人ホーム恵光園【介護老人福祉施設】千葉県千葉市若葉区大広町２５２－４", "url": "https://www.kaigokensaku.mhlw.go.jp/12/index.php?action_kouhyou_detail_004_kani=true&JigyosyoCd=1270402728-00&ServiceCd=510&Type=search", "url2": "http://www.keikouen.or.jp/" }, "geometry": { "type": "Point", "coordinates": [ 140.209114499999941, 35.5716739 ] } },
{ "type": "Feature", "properties": { "内容": "ユニット型特別養護老人ホームサンライズビラ【介護老人福祉施設】千葉県千葉市若葉区大宮町2107番地", "url": "https://www.kaigokensaku.mhlw.go.jp/12/index.php?action_kouhyou_detail_004_kani=true&JigyosyoCd=1270402660-00&ServiceCd=510&Type=search", "url2": "http://www.sunrisevilla.net" }, "geometry": { "type": "Point", "coordinates": [ 140.182745800000021, 35.5871643 ] } },
{ "type": "Feature", "properties": { "内容": "特別養護老人ホーム和陽園（ユニット型）【介護老人福祉施設】千葉県千葉市若葉区千城台南4-13-1", "url": "https://www.kaigokensaku.mhlw.go.jp/12/index.php?action_kouhyou_detail_004_kani=true&JigyosyoCd=1270403106-00&ServiceCd=510&Type=search", "url2": "http://www.shafuku-chiba.jp/wayoen.html" }, "geometry": { "type": "Point", "coordinates": [ 140.190913, 35.6141784 ] } },
{ "type": "Feature", "properties": { "内容": "特別養護老人ホーム　バウムあすみの丘【介護老人福祉施設】千葉県千葉市若葉区若松町88-1", "url": "https://www.kaigokensaku.mhlw.go.jp/12/index.php?action_kouhyou_detail_004_kani=true&JigyosyoCd=1270403726-00&ServiceCd=510&Type=search", "url2": "http://www.asuminooka.or.jp/" }, "geometry": { "type": "Point", "coordinates": [ 140.178492794303907, 35.644448839819518 ] } },
{ "type": "Feature", "properties": { "内容": "特別養護老人ホーム　若葉いこいの里【介護老人福祉施設】千葉県千葉市若葉区若松町531-156", "url": "https://www.kaigokensaku.mhlw.go.jp/12/index.php?action_kouhyou_detail_004_kani=true&JigyosyoCd=1270403932-00&ServiceCd=510&Type=search", "url2": "http://www.kiramekikai.jp/" }, "geometry": { "type": "Point", "coordinates": [ 140.1475134, 35.6510577 ] } },
{ "type": "Feature", "properties": { "内容": "特別養護老人ホーム　明心苑【介護老人福祉施設】千葉県千葉市若葉区若松台1丁目２番1号特別養護老人ホーム明心苑", "url": "https://www.kaigokensaku.mhlw.go.jp/12/index.php?action_kouhyou_detail_004_kani=true&JigyosyoCd=1270404294-00&ServiceCd=510&Type=search", "url2": "asukafukushikai.com" }, "geometry": { "type": "Point", "coordinates": [ 140.167570800000021, 35.6477119 ] } },
{ "type": "Feature", "properties": { "内容": "特別養護老人ホーム　サンライズビラ【介護老人福祉施設】千葉県千葉市若葉区大宮町2107番地", "url": "https://www.kaigokensaku.mhlw.go.jp/12/index.php?action_kouhyou_detail_004_kani=true&JigyosyoCd=1270400425-00&ServiceCd=510&Type=search", "url2": "http://www.sunrisevilla.net" }, "geometry": { "type": "Point", "coordinates": [ 140.182745800000021, 35.5871643 ] } },
{ "type": "Feature", "properties": { "内容": "特別養護老人ホーム　第2いずみ苑【介護老人福祉施設】千葉市若葉区中田町１０４４－３２", "url": "https://www.kaigokensaku.mhlw.go.jp/12/index.php?action_kouhyou_detail_004_kani=true&JigyosyoCd=1270403015-00&ServiceCd=510&Type=search", "url2": "http://senjyu-kai.com/izumien2/" }, "geometry": { "type": "Point", "coordinates": [ 140.224950600000057, 35.5936974 ] } },
{ "type": "Feature", "properties": { "内容": "特別養護老人ホーム　菜の花園【介護老人福祉施設】千葉県千葉市若葉区大宮町1621番地", "url": "https://www.kaigokensaku.mhlw.go.jp/12/index.php?action_kouhyou_detail_004_kani=true&JigyosyoCd=1270400102-00&ServiceCd=510&Type=search", "url2": "https://youjyukai.com" }, "geometry": { "type": "Point", "coordinates": [ 140.1701769, 35.5925195 ] } },
{ "type": "Feature", "properties": { "内容": "特別養護老人ホーム　更科ホーム【介護老人福祉施設】千葉市若葉区更科町2593-2", "url": "https://www.kaigokensaku.mhlw.go.jp/12/index.php?action_kouhyou_detail_004_kani=true&JigyosyoCd=1270400409-00&ServiceCd=510&Type=search", "url2": "https://www.jishinkai.info/" }, "geometry": { "type": "Point", "coordinates": [ 140.2193327, 35.6212607 ] } },
{ "type": "Feature", "properties": { "内容": "特別養護老人ホーム昌晴園【介護老人福祉施設】千葉市若葉区野呂町736番地1号", "url": "https://www.kaigokensaku.mhlw.go.jp/12/index.php?action_kouhyou_detail_004_kani=true&JigyosyoCd=1270400417-00&ServiceCd=510&Type=search", "url2": "http://shouseien.bz-service.net/" }, "geometry": { "type": "Point", "coordinates": [ 140.236455299999989, 35.5845651 ] } },
{ "type": "Feature", "properties": { "内容": "特別養護老人ホーム中野園【介護老人福祉施設】千葉市若葉区中野町２１４８番地６", "url": "https://www.kaigokensaku.mhlw.go.jp/12/index.php?action_kouhyou_detail_004_kani=true&JigyosyoCd=1270400433-00&ServiceCd=510&Type=search", "url2": "https://www.nakano-en.jp" }, "geometry": { "type": "Point", "coordinates": [ 140.250664300000039, 35.5914597 ] } },
{ "type": "Feature", "properties": { "内容": "特別養護老人ホームセイワ若松【介護老人福祉施設】千葉市若葉区若松町７９２－１", "url": "https://www.kaigokensaku.mhlw.go.jp/12/index.php?action_kouhyou_detail_004_kani=true&JigyosyoCd=1270400441-00&ServiceCd=510&Type=search", "url2": "http://www.seiwaen.com/" }, "geometry": { "type": "Point", "coordinates": [ 140.143916499999932, 35.6537255 ] } },
{ "type": "Feature", "properties": { "内容": "特別養護老人ホームちば美香苑【介護老人福祉施設】千葉県千葉市若葉区佐和町322-88", "url": "https://www.kaigokensaku.mhlw.go.jp/12/index.php?action_kouhyou_detail_004_kani=true&JigyosyoCd=1270400458-00&ServiceCd=510&Type=search", "url2": "https://www.bikou.net/" }, "geometry": { "type": "Point", "coordinates": [ 140.205886299999946, 35.5820231 ] } },
{ "type": "Feature", "properties": { "内容": "特別養護老人ホーム　恵光園【介護老人福祉施設】千葉市若葉区大広町252-4", "url": "https://www.kaigokensaku.mhlw.go.jp/12/index.php?action_kouhyou_detail_004_kani=true&JigyosyoCd=1270400466-00&ServiceCd=510&Type=search", "url2": "http://www.keikouen.or.jp/" }, "geometry": { "type": "Point", "coordinates": [ 140.209095100000013, 35.5716989 ] } },
{ "type": "Feature", "properties": { "内容": "特別養護老人ホーム　いずみ苑【介護老人福祉施設】千葉市若葉区中田町１０４４－５５", "url": "https://www.kaigokensaku.mhlw.go.jp/12/index.php?action_kouhyou_detail_004_kani=true&JigyosyoCd=1270400474-00&ServiceCd=510&Type=search", "url2": "http://senjyu-kai.com/" }, "geometry": { "type": "Point", "coordinates": [ 140.223795699999982, 35.5937297 ] } },
{ "type": "Feature", "properties": { "内容": "特別養護老人ホーム菜の花園（ユニット型）【介護老人福祉施設】千葉県千葉市若葉区大宮町１６２１番地", "url": "https://www.kaigokensaku.mhlw.go.jp/12/index.php?action_kouhyou_detail_004_kani=true&JigyosyoCd=1270402710-00&ServiceCd=510&Type=search", "url2": "https://youjyukai.com" }, "geometry": { "type": "Point", "coordinates": [ 140.1701769, 35.5925195 ] } },
{ "type": "Feature", "properties": { "内容": "特別養護老人ホーム和陽園【介護老人福祉施設】千葉県千葉市若葉区千城台南4-13-1", "url": "https://www.kaigokensaku.mhlw.go.jp/12/index.php?action_kouhyou_detail_004_kani=true&JigyosyoCd=1270402744-00&ServiceCd=510&Type=search", "url2": "http://www.shafuku-chiba.jp/wayoen.html" }, "geometry": { "type": "Point", "coordinates": [ 140.190913, 35.6141784 ] } },
{ "type": "Feature", "properties": { "内容": "特別養護老人ホーム　ロイヤル千葉グリーンホーム【介護老人福祉施設】千葉県千葉市緑区あすみが丘東2-21-1", "url": "https://www.kaigokensaku.mhlw.go.jp/12/index.php?action_kouhyou_detail_004_kani=true&JigyosyoCd=1270501545-00&ServiceCd=510&Type=search", "url2": null }, "geometry": { "type": "Point", "coordinates": [ 140.277632400000016, 35.5242952 ] } },
{ "type": "Feature", "properties": { "内容": "特別養護老人ホーム千寿苑【介護老人福祉施設】千葉県千葉市緑区大木戸町1200－73", "url": "https://www.kaigokensaku.mhlw.go.jp/12/index.php?action_kouhyou_detail_004_kani=true&JigyosyoCd=1270500174-00&ServiceCd=510&Type=search", "url2": "http://www.yuuwakai.jp/" }, "geometry": { "type": "Point", "coordinates": [ 140.233573500000034, 35.5092543 ] } },
{ "type": "Feature", "properties": { "内容": "特別養護老人ホームアーバンライフ・ネクステ【介護老人福祉施設】千葉県千葉市緑区古市場町461-1", "url": "https://www.kaigokensaku.mhlw.go.jp/12/index.php?action_kouhyou_detail_004_kani=true&JigyosyoCd=1270502329-00&ServiceCd=510&Type=search", "url2": "http://yamanokami-fukushikai.com/" }, "geometry": { "type": "Point", "coordinates": [ 140.150116934918231, 35.546107733949434 ] } },
{ "type": "Feature", "properties": { "内容": "特別養護老人ホームときわ園【介護老人福祉施設】千葉県千葉市緑区平川町１７３１", "url": "https://www.kaigokensaku.mhlw.go.jp/12/index.php?action_kouhyou_detail_004_kani=true&JigyosyoCd=1270500166-00&ServiceCd=510&Type=search", "url2": "http://www.tokiwa-en.or.jp" }, "geometry": { "type": "Point", "coordinates": [ 140.2388115, 35.55609 ] } },
{ "type": "Feature", "properties": { "内容": "特別養護老人ホームときわ園(ユニット型)【介護老人福祉施設】千葉県千葉市緑区平川町１７３１", "url": "https://www.kaigokensaku.mhlw.go.jp/12/index.php?action_kouhyou_detail_004_kani=true&JigyosyoCd=1270501727-00&ServiceCd=510&Type=search", "url2": "https://www.tokiwa-en.or.jp" }, "geometry": { "type": "Point", "coordinates": [ 140.2388115, 35.55609 ] } },
{ "type": "Feature", "properties": { "内容": "特別養護老人ホームけやき園【介護老人福祉施設】千葉県千葉市緑区鎌取町75-1", "url": "https://www.kaigokensaku.mhlw.go.jp/12/index.php?action_kouhyou_detail_004_kani=true&JigyosyoCd=1270500539-00&ServiceCd=510&Type=search", "url2": "http://keyakien.org" }, "geometry": { "type": "Point", "coordinates": [ 140.179388600000038, 35.5649252 ] } },
{ "type": "Feature", "properties": { "内容": "特別養護老人ホーム裕和園【介護老人福祉施設】千葉県千葉市緑区高田町1084番地", "url": "https://www.kaigokensaku.mhlw.go.jp/12/index.php?action_kouhyou_detail_004_kani=true&JigyosyoCd=1270500182-00&ServiceCd=510&Type=search", "url2": "http://www.onjukai.com/" }, "geometry": { "type": "Point", "coordinates": [ 140.224527136245769, 35.551972369463471 ] } },
{ "type": "Feature", "properties": { "内容": "特別養護老人ホーム誉田園【介護老人福祉施設】千葉県千葉市緑区高田町1790－1", "url": "https://www.kaigokensaku.mhlw.go.jp/12/index.php?action_kouhyou_detail_004_kani=true&JigyosyoCd=1270500190-00&ServiceCd=510&Type=search", "url2": "http://www.uguisukai.chiba.me" }, "geometry": { "type": "Point", "coordinates": [ 140.225326099999961, 35.5665346 ] } },
{ "type": "Feature", "properties": { "内容": "特別養護老人ホーム　フローラユーワ【介護老人福祉施設】千葉市緑区高田町1083番地25", "url": "https://www.kaigokensaku.mhlw.go.jp/12/index.php?action_kouhyou_detail_004_kani=true&JigyosyoCd=1270501396-00&ServiceCd=510&Type=search", "url2": "http://www.onjukai.com/" }, "geometry": { "type": "Point", "coordinates": [ 140.222154400000022, 35.5496675 ] } },
{ "type": "Feature", "properties": { "内容": "特別養護老人ホーム　緑苑【介護老人福祉施設】千葉県千葉市緑区平山町2008-1", "url": "https://www.kaigokensaku.mhlw.go.jp/12/index.php?action_kouhyou_detail_004_kani=true&JigyosyoCd=1270501982-00&ServiceCd=510&Type=search", "url2": "http://www.jishinkai.info/" }, "geometry": { "type": "Point", "coordinates": [ 140.181698800000049, 35.5732847 ] } },
{ "type": "Feature", "properties": { "内容": "セイワ美浜介護老人福祉施設【介護老人福祉施設】千葉市美浜区磯辺2-21-2", "url": "https://www.kaigokensaku.mhlw.go.jp/12/index.php?action_kouhyou_detail_004_kani=true&JigyosyoCd=1270600321-00&ServiceCd=510&Type=search", "url2": "http://seiwaen.org/seiwa_mihama" }, "geometry": { "type": "Point", "coordinates": [ 140.061389, 35.6263893 ] } },
{ "type": "Feature", "properties": { "内容": "特別養護老人ホームみはま苑【介護老人福祉施設】千葉市美浜区高洲3-3-12", "url": "https://www.kaigokensaku.mhlw.go.jp/12/index.php?action_kouhyou_detail_004_kani=true&JigyosyoCd=1270600065-00&ServiceCd=510&Type=search", "url2": "https://mihamaen.jp/" }, "geometry": { "type": "Point", "coordinates": [ 140.0733303, 35.6262167 ] } },
{ "type": "Feature", "properties": { "内容": "コスタリゾン千壽苑【介護老人福祉施設】千葉県千葉市美浜区真砂2-3-3", "url": "https://www.kaigokensaku.mhlw.go.jp/12/index.php?action_kouhyou_detail_004_kani=true&JigyosyoCd=1270601154-00&ServiceCd=510&Type=search", "url2": "http://www.yuuwakai.jp/" }, "geometry": { "type": "Point", "coordinates": [ 140.070210723417631, 35.64027668076826 ] } },
{ "type": "Feature", "properties": { "内容": "特別養護老人ホームアルマ美浜【介護老人福祉施設】千葉県千葉市美浜区稲毛海岸5-22-1", "url": "https://www.kaigokensaku.mhlw.go.jp/12/index.php?action_kouhyou_detail_004_kani=true&JigyosyoCd=1270601014-00&ServiceCd=510&Type=search", "url2": null }, "geometry": { "type": "Point", "coordinates": [ 140.075337399999967, 35.63743 ] } },
{ "type": "Feature", "properties": { "内容": "しょうじゅ美浜【介護老人福祉施設】千葉県千葉市美浜区幸町２－１２－２", "url": "https://www.kaigokensaku.mhlw.go.jp/12/index.php?action_kouhyou_detail_004_kani=true&JigyosyoCd=1270600875-00&ServiceCd=510&Type=search", "url2": "http://www.akaedakai.com/mihama/index.php" }, "geometry": { "type": "Point", "coordinates": [ 140.092227200000025, 35.621344 ] } },
{ "type": "Feature", "properties": { "内容": "特別養護老人ホームシオン銚子【介護老人福祉施設】千葉県銚子市豊里台1-1044-745", "url": "https://www.kaigokensaku.mhlw.go.jp/12/index.php?action_kouhyou_detail_004_kani=true&JigyosyoCd=1270701012-00&ServiceCd=510&Type=search", "url2": "https://www.seiei-kai.jp/" }, "geometry": { "type": "Point", "coordinates": [ 140.712381199999982, 35.7887396 ] } },
{ "type": "Feature", "properties": { "内容": "特別養護老人ホームさざんか園【介護老人福祉施設】千葉県銚子市新町959番地4", "url": "https://www.kaigokensaku.mhlw.go.jp/12/index.php?action_kouhyou_detail_004_kani=true&JigyosyoCd=1270700139-00&ServiceCd=510&Type=search", "url2": "https://www.sazankaen.jp" }, "geometry": { "type": "Point", "coordinates": [ 140.75551280000002, 35.7314324 ] } },
{ "type": "Feature", "properties": { "内容": "特別養護老人ホーム松籟の丘【介護老人福祉施設】千葉県銚子市野尻町1472番地の1", "url": "https://www.kaigokensaku.mhlw.go.jp/12/index.php?action_kouhyou_detail_004_kani=true&JigyosyoCd=1270700998-00&ServiceCd=510&Type=search", "url2": "https://www.choshi-jigyoudan.or.jp/shisetsu_jigyosho/shorainoka/" }, "geometry": { "type": "Point", "coordinates": [ 140.748238269389248, 35.759967810964795 ] } },
{ "type": "Feature", "properties": { "内容": "個室ユニット型特別養護老人ホーム松籟の丘【介護老人福祉施設】千葉県銚子市野尻町1472番地の1", "url": "https://www.kaigokensaku.mhlw.go.jp/12/index.php?action_kouhyou_detail_004_kani=true&JigyosyoCd=1270701053-00&ServiceCd=510&Type=search", "url2": "https://www.choshi-jigyoudan.or.jp/shisetsu_jigyosho/shorainoka/" }, "geometry": { "type": "Point", "coordinates": [ 140.7482453, 35.7601015 ] } },
{ "type": "Feature", "properties": { "内容": "特別養護老人ホームなごみ【介護老人福祉施設】千葉県市川市大町442", "url": "https://www.kaigokensaku.mhlw.go.jp/12/index.php?action_kouhyou_detail_004_kani=true&JigyosyoCd=1270805532-00&ServiceCd=510&Type=search", "url2": null }, "geometry": { "type": "Point", "coordinates": [ 139.95784088413086, 35.76553670678517 ] } },
{ "type": "Feature", "properties": { "内容": "特別養護老人ホーム　　市川ヒルズ【介護老人福祉施設】千葉県市川市柏井町４－３１２", "url": "https://www.kaigokensaku.mhlw.go.jp/12/index.php?action_kouhyou_detail_004_kani=true&JigyosyoCd=1270802224-00&ServiceCd=510&Type=search", "url2": "http://care-net.biz/12/keibikai/" }, "geometry": { "type": "Point", "coordinates": [ 139.974122099999931, 35.7527379 ] } },
{ "type": "Feature", "properties": { "内容": "特別養護老人ホーム　清山荘【介護老人福祉施設】千葉県市川市柏井町４丁目３１４番地", "url": "https://www.kaigokensaku.mhlw.go.jp/12/index.php?action_kouhyou_detail_004_kani=true&JigyosyoCd=1270800202-00&ServiceCd=510&Type=search", "url2": "http://care-net.biz/12/keibikai/" }, "geometry": { "type": "Point", "coordinates": [ 139.9733999, 35.7527323 ] } },
{ "type": "Feature", "properties": { "内容": "特別養護老人ホームホワイト市川【介護老人福祉施設】千葉県市川市高谷１８５４番地", "url": "https://www.kaigokensaku.mhlw.go.jp/12/index.php?action_kouhyou_detail_004_kani=true&JigyosyoCd=1270800343-00&ServiceCd=510&Type=search", "url2": "http://www.howaito-ichikawa.jp" }, "geometry": { "type": "Point", "coordinates": [ 139.945109499999944, 35.692082 ] } },
{ "type": "Feature", "properties": { "内容": "特別養護老人ホーム　レガーレ市川【介護老人福祉施設】千葉県市川市柏井町4-315", "url": "https://www.kaigokensaku.mhlw.go.jp/12/index.php?action_kouhyou_detail_004_kani=true&JigyosyoCd=1270803404-00&ServiceCd=510&Type=search", "url2": "http://care-net.biz/12/keibikai/" }, "geometry": { "type": "Point", "coordinates": [ 139.97350270000004, 35.7530434 ] } },
{ "type": "Feature", "properties": { "内容": "特別養護老人ホーム　太陽と緑の家【介護老人福祉施設】千葉県市川市大町５５２番地", "url": "https://www.kaigokensaku.mhlw.go.jp/12/index.php?action_kouhyou_detail_004_kani=true&JigyosyoCd=1270801473-00&ServiceCd=510&Type=search", "url2": "http://www.syoutoukai.jp" }, "geometry": { "type": "Point", "coordinates": [ 139.952081799999974, 35.7632585 ] } },
{ "type": "Feature", "properties": { "内容": "特別養護老人ホームやわらぎの郷【介護老人福祉施設】千葉県市川市大町438-2", "url": "https://www.kaigokensaku.mhlw.go.jp/12/index.php?action_kouhyou_detail_004_kani=true&JigyosyoCd=1270801549-00&ServiceCd=510&Type=search", "url2": "https://koushikai.jp/" }, "geometry": { "type": "Point", "coordinates": [ 139.957984, 35.7658361 ] } },
{ "type": "Feature", "properties": { "内容": "ナーシングホーム市川【介護老人福祉施設】千葉県市川市柏井町４－３１０", "url": "https://www.kaigokensaku.mhlw.go.jp/12/index.php?action_kouhyou_detail_004_kani=true&JigyosyoCd=1270800038-00&ServiceCd=510&Type=search", "url2": "http://care-net.biz/12/keibikai/" }, "geometry": { "type": "Point", "coordinates": [ 139.973284063645906, 35.753751639858841 ] } },
{ "type": "Feature", "properties": { "内容": "特別養護老人ホーム市川あさひ荘【介護老人福祉施設】千葉県市川市大町537", "url": "https://www.kaigokensaku.mhlw.go.jp/12/index.php?action_kouhyou_detail_004_kani=true&JigyosyoCd=1270800350-00&ServiceCd=510&Type=search", "url2": "https://www.asahiso.com/" }, "geometry": { "type": "Point", "coordinates": [ 139.953540100000026, 35.7606561 ] } },
{ "type": "Feature", "properties": { "内容": "特別養護老人ホームタムスさくらの杜市川【介護老人福祉施設】千葉県市川市高谷3-1-1", "url": "https://www.kaigokensaku.mhlw.go.jp/12/index.php?action_kouhyou_detail_004_kani=true&JigyosyoCd=1270805714-00&ServiceCd=510&Type=search", "url2": "https://ichikawa.sakuranomori.tums.jp/" }, "geometry": { "type": "Point", "coordinates": [ 139.941063895631402, 35.697696661182349 ] } },
{ "type": "Feature", "properties": { "内容": "特別養護老人ホーム　市川三愛【介護老人福祉施設】千葉県市川市柏井町2-727特別養護老人ホーム市川三愛", "url": "https://www.kaigokensaku.mhlw.go.jp/12/index.php?action_kouhyou_detail_004_kani=true&JigyosyoCd=1270805151-00&ServiceCd=510&Type=search", "url2": "http://www.e-care-sanai.jp" }, "geometry": { "type": "Point", "coordinates": [ 139.965809265045209, 35.742877016770194 ] } },
{ "type": "Feature", "properties": { "内容": "特別養護老人ホーム市川ひかり（ユニット型）【介護老人福祉施設】千葉県市川市柏井町4-417-4特別養護老人ホーム市川ひかり", "url": "https://www.kaigokensaku.mhlw.go.jp/12/index.php?action_kouhyou_detail_004_kani=true&JigyosyoCd=1270805995-00&ServiceCd=510&Type=search", "url2": "http://souseikai-swc.or.jp/business9.html" }, "geometry": { "type": "Point", "coordinates": [ 139.968737299999987, 35.7520345 ] } },
{ "type": "Feature", "properties": { "内容": "特別養護老人ホーム　市川ひかり（従来型）【介護老人福祉施設】千葉県市川市柏井町4-417-4", "url": "https://www.kaigokensaku.mhlw.go.jp/12/index.php?action_kouhyou_detail_004_kani=true&JigyosyoCd=1270806019-00&ServiceCd=510&Type=search", "url2": "http://souseikai-swc.or.jp/index.html" }, "geometry": { "type": "Point", "coordinates": [ 139.9692867, 35.7506611 ] } },
{ "type": "Feature", "properties": { "内容": "特別養護老人ホームサンライズ市川【介護老人福祉施設】千葉県市川市大町７９－２", "url": "https://www.kaigokensaku.mhlw.go.jp/12/index.php?action_kouhyou_detail_004_kani=true&JigyosyoCd=1270804279-00&ServiceCd=510&Type=search", "url2": "https://www.asahiso.com/" }, "geometry": { "type": "Point", "coordinates": [ 139.958898442327836, 35.769193641571647 ] } },
{ "type": "Feature", "properties": { "内容": "アフェクシオン市川【介護老人福祉施設】千葉県市川市北方町四丁目1800番2", "url": "https://www.kaigokensaku.mhlw.go.jp/12/index.php?action_kouhyou_detail_004_kani=true&JigyosyoCd=1270806357-00&ServiceCd=510&Type=search", "url2": "https://www.swc-hokuyukai.jp/" }, "geometry": { "type": "Point", "coordinates": [ 139.957784071302768, 35.729459135764763 ] } },
{ "type": "Feature", "properties": { "内容": "特別養護老人ホーム親愛の丘市川（ユニット型）【介護老人福祉施設】千葉県市川市原木4-10-20", "url": "https://www.kaigokensaku.mhlw.go.jp/12/index.php?action_kouhyou_detail_004_kani=true&JigyosyoCd=1270805342-00&ServiceCd=510&Type=search", "url2": "https://sinaikai.com/" }, "geometry": { "type": "Point", "coordinates": [ 139.951207872777559, 35.698420741315275 ] } },
{ "type": "Feature", "properties": { "内容": "特別養護老人ホーム　親愛の丘市川（従来型）【介護老人福祉施設】千葉県市川市原木4-10-20", "url": "https://www.kaigokensaku.mhlw.go.jp/12/index.php?action_kouhyou_detail_004_kani=true&JigyosyoCd=1270805359-00&ServiceCd=510&Type=search", "url2": "https://sinaikai.com/" }, "geometry": { "type": "Point", "coordinates": [ 139.951206919045632, 35.698418954808417 ] } },
{ "type": "Feature", "properties": { "内容": "特別養護老人ホーム　広尾苑【介護老人福祉施設】千葉県市川市広尾２丁目３番１号", "url": "https://www.kaigokensaku.mhlw.go.jp/12/index.php?action_kouhyou_detail_004_kani=true&JigyosyoCd=1270802729-00&ServiceCd=510&Type=search", "url2": "http://www.tenyuukai.jp" }, "geometry": { "type": "Point", "coordinates": [ 139.890395099999978, 35.679505699999979 ] } },
{ "type": "Feature", "properties": { "内容": "社会福祉法人親愛会　特別養護老人ホーム　桜楓親愛の丘【介護老人福祉施設】千葉県市川市国分７丁目６番１１号", "url": "https://www.kaigokensaku.mhlw.go.jp/12/index.php?action_kouhyou_detail_004_kani=true&JigyosyoCd=1270806126-00&ServiceCd=510&Type=search", "url2": "https://oufu.sakura.ne.jp/" }, "geometry": { "type": "Point", "coordinates": [ 139.9201922, 35.7535033 ] } },
{ "type": "Feature", "properties": { "内容": "特別養護老人ホーム　華つばき【介護老人福祉施設】千葉県市川市原木2-10-42", "url": "https://www.kaigokensaku.mhlw.go.jp/12/index.php?action_kouhyou_detail_004_kani=true&JigyosyoCd=1270805888-00&ServiceCd=510&Type=search", "url2": "https://www.nissyoukai.net/" }, "geometry": { "type": "Point", "coordinates": [ 139.9459819, 35.6995838 ] } },
{ "type": "Feature", "properties": { "内容": "特別養護老人ホームいちかわ翔裕園【介護老人福祉施設】千葉県市川市柏井町1-1076", "url": "https://www.kaigokensaku.mhlw.go.jp/12/index.php?action_kouhyou_detail_004_kani=true&JigyosyoCd=1270803602-00&ServiceCd=510&Type=search", "url2": "https://cyoujyunosato.jp/ichikawa/" }, "geometry": { "type": "Point", "coordinates": [ 139.971456100000069, 35.7409752 ] } },
{ "type": "Feature", "properties": { "内容": "特別養護老人ホーム船橋愛弘園【介護老人福祉施設】千葉県船橋市高根台3丁目10-1", "url": "https://www.kaigokensaku.mhlw.go.jp/12/index.php?action_kouhyou_detail_004_kani=true&JigyosyoCd=1270907304-00&ServiceCd=510&Type=search", "url2": "http://www.aikoukai.com" }, "geometry": { "type": "Point", "coordinates": [ 140.034321079098504, 35.731672842143361 ] } },
{ "type": "Feature", "properties": { "内容": "特別養護老人ホームワールドナーシングホーム【介護老人福祉施設】千葉県船橋市飯山満町2-681", "url": "https://www.kaigokensaku.mhlw.go.jp/12/index.php?action_kouhyou_detail_004_kani=true&JigyosyoCd=1270900119-00&ServiceCd=510&Type=search", "url2": "http://www.wana.or.jp" }, "geometry": { "type": "Point", "coordinates": [ 140.021380799999946, 35.7094013 ] } },
{ "type": "Feature", "properties": { "内容": "特別養護老人ホームひかりの郷【介護老人福祉施設】千葉県船橋市二和西6－3－20", "url": "https://www.kaigokensaku.mhlw.go.jp/12/index.php?action_kouhyou_detail_004_kani=true&JigyosyoCd=1270903717-00&ServiceCd=510&Type=search", "url2": null }, "geometry": { "type": "Point", "coordinates": [ 140.009399300000041, 35.7483113 ] } },
{ "type": "Feature", "properties": { "内容": "特別養護老人ホーム三山園【介護老人福祉施設】千葉県船橋市三山2-3-2", "url": "https://www.kaigokensaku.mhlw.go.jp/12/index.php?action_kouhyou_detail_004_kani=true&JigyosyoCd=1270910696-00&ServiceCd=510&Type=search", "url2": null }, "geometry": { "type": "Point", "coordinates": [ 140.047198900000012, 35.6941342 ] } },
{ "type": "Feature", "properties": { "内容": "特別養護老人ホーム　プレーゲ船橋【介護老人福祉施設】千葉県船橋市金堀町195", "url": "https://www.kaigokensaku.mhlw.go.jp/12/index.php?action_kouhyou_detail_004_kani=true&JigyosyoCd=1270905324-00&ServiceCd=510&Type=search", "url2": "http://www.rikushinkai.com/" }, "geometry": { "type": "Point", "coordinates": [ 140.063615600000048, 35.751201 ] } },
{ "type": "Feature", "properties": { "内容": "特別養護老人ホームさくら館【介護老人福祉施設】千葉県船橋市習志野台8-55-1", "url": "https://www.kaigokensaku.mhlw.go.jp/12/index.php?action_kouhyou_detail_004_kani=true&JigyosyoCd=1270903857-00&ServiceCd=510&Type=search", "url2": "http://naebafukushikai.com" }, "geometry": { "type": "Point", "coordinates": [ 140.064018333167496, 35.718845377252414 ] } },
{ "type": "Feature", "properties": { "内容": "特別養護老人ホーム　さわやか苑（ユニット型）【介護老人福祉施設】千葉県船橋市米ヶ崎町691番地1特別養護老人ホームさわやか苑", "url": "https://www.kaigokensaku.mhlw.go.jp/12/index.php?action_kouhyou_detail_004_kani=true&JigyosyoCd=1270906835-00&ServiceCd=510&Type=search", "url2": "http://www.sawayakaen.com/" }, "geometry": { "type": "Point", "coordinates": [ 140.008062500000051, 35.7104317 ] } },
{ "type": "Feature", "properties": { "内容": "特別養護老人ホームノテ南船橋【介護老人福祉施設】千葉県船橋市若松2-3-51", "url": "https://www.kaigokensaku.mhlw.go.jp/12/index.php?action_kouhyou_detail_004_kani=true&JigyosyoCd=1270910670-00&ServiceCd=510&Type=search", "url2": "https://www.note.or.jp/facilities/shisetsu/tokuyou/tokuyou-minamifunabashi/" }, "geometry": { "type": "Point", "coordinates": [ 139.99742826394322, 35.679917856670926 ] } },
{ "type": "Feature", "properties": { "内容": "特別養護老人ホームノテ南船橋（ユニット型）【介護老人福祉施設】千葉県船橋市若松２丁目３番５１号", "url": "https://www.kaigokensaku.mhlw.go.jp/12/index.php?action_kouhyou_detail_004_kani=true&JigyosyoCd=1270910688-00&ServiceCd=510&Type=search", "url2": "https://www.note.or.jp/facilities/shisetsu/tokuyou/tokuyou-minamifunabashi/" }, "geometry": { "type": "Point", "coordinates": [ 139.997499738098128, 35.67987791844304 ] } },
{ "type": "Feature", "properties": { "内容": "特別養護老人ホーム　船橋あさひ苑【介護老人福祉施設】千葉県船橋市旭町４－９－１", "url": "https://www.kaigokensaku.mhlw.go.jp/12/index.php?action_kouhyou_detail_004_kani=true&JigyosyoCd=1270900614-00&ServiceCd=510&Type=search", "url2": "http://www.jiseikai.sakura.ne.jp/" }, "geometry": { "type": "Point", "coordinates": [ 139.992049400000042, 35.7332428 ] } },
{ "type": "Feature", "properties": { "内容": "特別養護老人ホーム　習志野台みゆき苑【介護老人福祉施設】千葉県船橋市習志野台4-46-7", "url": "https://www.kaigokensaku.mhlw.go.jp/12/index.php?action_kouhyou_detail_004_kani=true&JigyosyoCd=1270902891-00&ServiceCd=510&Type=search", "url2": "http://www.washu-miyukien.jp/" }, "geometry": { "type": "Point", "coordinates": [ 140.046055900000027, 35.716615 ] } },
{ "type": "Feature", "properties": { "内容": "特別養護法人ホームみやぎ台南生苑【介護老人福祉施設】千葉県船橋市みやぎ台4-18-1特別養護老人ホームみやぎ台南生苑", "url": "https://www.kaigokensaku.mhlw.go.jp/12/index.php?action_kouhyou_detail_004_kani=true&JigyosyoCd=1270907080-00&ServiceCd=510&Type=search", "url2": "http://www.nanseikai.or.jp" }, "geometry": { "type": "Point", "coordinates": [ 140.041822128836088, 35.762367211784721 ] } },
{ "type": "Feature", "properties": { "内容": "特別養護老人ホーム南生苑【介護老人福祉施設】千葉県船橋市古和釜町４３０－１", "url": "https://www.kaigokensaku.mhlw.go.jp/12/index.php?action_kouhyou_detail_004_kani=true&JigyosyoCd=1270900598-00&ServiceCd=510&Type=search", "url2": "http://www.nanseikai.or.jp" }, "geometry": { "type": "Point", "coordinates": [ 140.061797, 35.7434459 ] } },
{ "type": "Feature", "properties": { "内容": "特別養護老人ホーム　さわやか苑【介護老人福祉施設】千葉県船橋市米ケ崎町６９１-１", "url": "https://www.kaigokensaku.mhlw.go.jp/12/index.php?action_kouhyou_detail_004_kani=true&JigyosyoCd=1270900622-00&ServiceCd=510&Type=search", "url2": "http://www.sawayakaen.com/" }, "geometry": { "type": "Point", "coordinates": [ 140.0079384, 35.71037230000001 ] } },
{ "type": "Feature", "properties": { "内容": "特別養護老人ホーム船橋こひつじ園（ユニット型）【介護老人福祉施設】千葉県船橋市高根台三丁目15番1号", "url": "https://www.kaigokensaku.mhlw.go.jp/12/index.php?action_kouhyou_detail_004_kani=true&JigyosyoCd=1270909680-00&ServiceCd=510&Type=search", "url2": "https://funabashi.kohitsujikai.jp/" }, "geometry": { "type": "Point", "coordinates": [ 140.0368947, 35.7327337 ] } },
{ "type": "Feature", "properties": { "内容": "特別養護老人ホーム船橋こひつじ園【介護老人福祉施設】千葉県船橋市高根台3丁目15番1号", "url": "https://www.kaigokensaku.mhlw.go.jp/12/index.php?action_kouhyou_detail_004_kani=true&JigyosyoCd=1270909755-00&ServiceCd=510&Type=search", "url2": "https://funabashi.kohitsujikai.jp" }, "geometry": { "type": "Point", "coordinates": [ 140.0368947, 35.7327337 ] } },
{ "type": "Feature", "properties": { "内容": "特別養護老人ホーム　第２ワールドナーシングホーム【介護老人福祉施設】千葉県船橋市飯山満町２丁目５１８番地１", "url": "https://www.kaigokensaku.mhlw.go.jp/12/index.php?action_kouhyou_detail_004_kani=true&JigyosyoCd=1270900127-00&ServiceCd=510&Type=search", "url2": "https://www.wana.or.jp/" }, "geometry": { "type": "Point", "coordinates": [ 140.022383699999978, 35.7057239 ] } },
{ "type": "Feature", "properties": { "内容": "特別養護老人ホーム　船橋梨香園【介護老人福祉施設】千葉県船橋市車方町５４１－２", "url": "https://www.kaigokensaku.mhlw.go.jp/12/index.php?action_kouhyou_detail_004_kani=true&JigyosyoCd=1270900580-00&ServiceCd=510&Type=search", "url2": "https://soumeikai.org/service/rikoen/" }, "geometry": { "type": "Point", "coordinates": [ 140.0768842, 35.7746081 ] } },
{ "type": "Feature", "properties": { "内容": "特別養護老人ホーム　船橋百寿苑【介護老人福祉施設】千葉県船橋市古和釜町791番地1特別養護老人ホーム　船橋百寿苑", "url": "https://www.kaigokensaku.mhlw.go.jp/12/index.php?action_kouhyou_detail_004_kani=true&JigyosyoCd=1270900606-00&ServiceCd=510&Type=search", "url2": "https://shuokai.org/hyakujuen/" }, "geometry": { "type": "Point", "coordinates": [ 140.052107054643471, 35.740914967161096 ] } },
{ "type": "Feature", "properties": { "内容": "特別養護老人ホーム南三咲【介護老人福祉施設】千葉県船橋市南三咲３－２７－１", "url": "https://www.kaigokensaku.mhlw.go.jp/12/index.php?action_kouhyou_detail_004_kani=true&JigyosyoCd=1270905662-00&ServiceCd=510&Type=search", "url2": "https://kawachikoseikai.com/facility/minamimisaki/minamimisaki-top.html" }, "geometry": { "type": "Point", "coordinates": [ 140.028475599999979, 35.7388876 ] } },
{ "type": "Feature", "properties": { "内容": "特別養護老人ホームつぼい愛の郷【介護老人福祉施設】千葉県船橋市坪井町１４６番地１", "url": "https://www.kaigokensaku.mhlw.go.jp/12/index.php?action_kouhyou_detail_004_kani=true&JigyosyoCd=1270905688-00&ServiceCd=510&Type=search", "url2": "https://shushinkai.or.jp" }, "geometry": { "type": "Point", "coordinates": [ 140.0645892, 35.7346994 ] } },
{ "type": "Feature", "properties": { "内容": "特別養護老人ホームノテ船橋【介護老人福祉施設】千葉県船橋市高根町1665-2", "url": "https://www.kaigokensaku.mhlw.go.jp/12/index.php?action_kouhyou_detail_004_kani=true&JigyosyoCd=1270909987-00&ServiceCd=510&Type=search", "url2": "https://www.note.or.jp/facilities/shisetsu/tokuyou/tokuyou-note-funabashi/" }, "geometry": { "type": "Point", "coordinates": [ 140.004607594119932, 35.721633336474603 ] } },
{ "type": "Feature", "properties": { "内容": "特別養護老人ホームノテ船橋（ユニット型）【介護老人福祉施設】千葉県船橋市高根町1665-2", "url": "https://www.kaigokensaku.mhlw.go.jp/12/index.php?action_kouhyou_detail_004_kani=true&JigyosyoCd=1270909995-00&ServiceCd=510&Type=search", "url2": "https://www.note.or.jp/facilities/shisetsu/tokuyou/tokuyou-note-funabashi/" }, "geometry": { "type": "Point", "coordinates": [ 140.004498501122868, 35.721801572895394 ] } },
{ "type": "Feature", "properties": { "内容": "特別養護老人ホーム　船橋グリーンてらす【介護老人福祉施設】千葉県船橋市古和釜町８７１番地２", "url": "https://www.kaigokensaku.mhlw.go.jp/12/index.php?action_kouhyou_detail_004_kani=true&JigyosyoCd=1270910076-00&ServiceCd=510&Type=search", "url2": "https://ryokuzankai.jp/grp/funabashi/" }, "geometry": { "type": "Point", "coordinates": [ 140.0525155, 35.744077 ] } },
{ "type": "Feature", "properties": { "内容": "介護老人福祉施設船橋健恒会ケアセンター【介護老人福祉施設】千葉県船橋市金杉町141-2", "url": "https://www.kaigokensaku.mhlw.go.jp/12/index.php?action_kouhyou_detail_004_kani=true&JigyosyoCd=1270902131-00&ServiceCd=510&Type=search", "url2": "https://kenkohkai.org" }, "geometry": { "type": "Point", "coordinates": [ 139.999493600000051, 35.719189 ] } },
{ "type": "Feature", "properties": { "内容": "船橋市特別養護老人ホーム朋松苑【介護老人福祉施設】千葉県船橋市西船2-21-12", "url": "https://www.kaigokensaku.mhlw.go.jp/12/index.php?action_kouhyou_detail_004_kani=true&JigyosyoCd=1270905670-00&ServiceCd=510&Type=search", "url2": "https://www.bikou.net" }, "geometry": { "type": "Point", "coordinates": [ 139.969285, 35.7129706 ] } },
{ "type": "Feature", "properties": { "内容": "船橋健恒会ケアセンター南館【介護老人福祉施設】千葉県船橋市金杉町139-2", "url": "https://www.kaigokensaku.mhlw.go.jp/12/index.php?action_kouhyou_detail_004_kani=true&JigyosyoCd=1270907205-00&ServiceCd=510&Type=search", "url2": "http://www.kenkohkai.com" }, "geometry": { "type": "Point", "coordinates": [ 139.999029117443797, 35.719065852367486 ] } },
{ "type": "Feature", "properties": { "内容": "特別養護老人ホームアグリ・ケアホームいこいの森【介護老人福祉施設】千葉県船橋市大神保町７００－5アグリ・ケアホームいこいの森", "url": "https://www.kaigokensaku.mhlw.go.jp/12/index.php?action_kouhyou_detail_004_kani=true&JigyosyoCd=1270907403-00&ServiceCd=510&Type=search", "url2": "http://www.h-ikoinomori.jp/" }, "geometry": { "type": "Point", "coordinates": [ 140.055406610745166, 35.769937972336727 ] } },
{ "type": "Feature", "properties": { "内容": "特別養護老人ホームふなばし翔裕園【介護老人福祉施設】千葉県船橋市旭町4丁目19番30号", "url": "https://www.kaigokensaku.mhlw.go.jp/12/index.php?action_kouhyou_detail_004_kani=true&JigyosyoCd=1270907544-00&ServiceCd=510&Type=search", "url2": "http://www.cyoujyunosato.jp/funabashi/" }, "geometry": { "type": "Point", "coordinates": [ 139.995248414573098, 35.735354565965366 ] } },
{ "type": "Feature", "properties": { "内容": "特別養護老人ホーム　太陽と緑の家藤原（ユニット型）【介護老人福祉施設】千葉県船橋市藤原5-27-20", "url": "https://www.kaigokensaku.mhlw.go.jp/12/index.php?action_kouhyou_detail_004_kani=true&JigyosyoCd=1270909144-00&ServiceCd=510&Type=search", "url2": "https://syoutoukai.jp/fujiwara/" }, "geometry": { "type": "Point", "coordinates": [ 139.9807595, 35.7428879 ] } },
{ "type": "Feature", "properties": { "内容": "特別養護老人ホーム太陽と緑の家藤原【介護老人福祉施設】千葉県船橋市藤原5-27-20", "url": "https://www.kaigokensaku.mhlw.go.jp/12/index.php?action_kouhyou_detail_004_kani=true&JigyosyoCd=1270909151-00&ServiceCd=510&Type=search", "url2": "https://syoutoukai.jp/" }, "geometry": { "type": "Point", "coordinates": [ 139.980759499999976, 35.7428879 ] } },
{ "type": "Feature", "properties": { "内容": "特別養護老人ホームローゼンヴィラ藤原【介護老人福祉施設】千葉県船橋市藤原８丁目１７番３号", "url": "https://www.kaigokensaku.mhlw.go.jp/12/index.php?action_kouhyou_detail_004_kani=true&JigyosyoCd=1270900457-00&ServiceCd=510&Type=search", "url2": "https://engokai.or.jp/" }, "geometry": { "type": "Point", "coordinates": [ 139.982393900000034, 35.7496411 ] } },
{ "type": "Feature", "properties": { "内容": "特別養護老人ホーム　ローゼンヴィラ藤原（ユニット型）【介護老人福祉施設】千葉県船橋市藤原８丁目17番3号", "url": "https://www.kaigokensaku.mhlw.go.jp/12/index.php?action_kouhyou_detail_004_kani=true&JigyosyoCd=1270906843-00&ServiceCd=510&Type=search", "url2": "https://engokai.or.jp/" }, "geometry": { "type": "Point", "coordinates": [ 139.982393900000034, 35.7496411 ] } },
{ "type": "Feature", "properties": { "内容": "介護老人福祉施設　ケアホーム船橋【介護老人福祉施設】千葉県船橋市馬込町899-2", "url": "https://www.kaigokensaku.mhlw.go.jp/12/index.php?action_kouhyou_detail_004_kani=true&JigyosyoCd=1270908617-00&ServiceCd=510&Type=search", "url2": "https://funabashi.tokuyou.jp/" }, "geometry": { "type": "Point", "coordinates": [ 139.999695299999985, 35.7410673 ] } },
{ "type": "Feature", "properties": { "内容": "介護老人福祉施設　ケアホーム船橋（ユニット型）【介護老人福祉施設】千葉県船橋市馬込町899-2", "url": "https://www.kaigokensaku.mhlw.go.jp/12/index.php?action_kouhyou_detail_004_kani=true&JigyosyoCd=1270908625-00&ServiceCd=510&Type=search", "url2": "https://funabashi.tokuyou.jp" }, "geometry": { "type": "Point", "coordinates": [ 139.999695299999985, 35.7410673 ] } },
{ "type": "Feature", "properties": { "内容": "特別養護老人ホームタムスさくらの杜船橋【介護老人福祉施設】千葉県船橋市上山町３丁目672-1特別養護老人ホーム　タムスさくらの杜船橋", "url": "https://www.kaigokensaku.mhlw.go.jp/12/index.php?action_kouhyou_detail_004_kani=true&JigyosyoCd=1270909821-00&ServiceCd=510&Type=search", "url2": "https://funabashi-sakuranomori.tums.jp/" }, "geometry": { "type": "Point", "coordinates": [ 139.991341, 35.737617 ] } },
{ "type": "Feature", "properties": { "内容": "特別養護老人ホームオレンジガーデン【介護老人福祉施設】千葉県船橋市芝山7-41-2", "url": "https://www.kaigokensaku.mhlw.go.jp/12/index.php?action_kouhyou_detail_004_kani=true&JigyosyoCd=1270901000-00&ServiceCd=510&Type=search", "url2": "http://kowakai-orange.or.jp/" }, "geometry": { "type": "Point", "coordinates": [ 140.0273575, 35.7169757 ] } },
{ "type": "Feature", "properties": { "内容": "特別養護老人ホームポピー【介護老人福祉施設】千葉県館山市下真倉407番地の2", "url": "https://www.kaigokensaku.mhlw.go.jp/12/index.php?action_kouhyou_detail_004_kani=true&JigyosyoCd=1271001156-00&ServiceCd=510&Type=search", "url2": "https://hakusinkai.com/" }, "geometry": { "type": "Point", "coordinates": [ 139.87235061648073, 34.984364586489974 ] } },
{ "type": "Feature", "properties": { "内容": "特別養護老人ホーム　だん暖の郷【介護老人福祉施設】千葉県館山市波左間405", "url": "https://www.kaigokensaku.mhlw.go.jp/12/index.php?action_kouhyou_detail_004_kani=true&JigyosyoCd=1271000380-00&ServiceCd=510&Type=search", "url2": "http://www.8910.or.jp/" }, "geometry": { "type": "Point", "coordinates": [ 139.786168300000014, 34.968819400000015 ] } },
{ "type": "Feature", "properties": { "内容": "ユニット型特別養護老人ホーム　微笑の里【介護老人福祉施設】千葉県館山市広瀬667-1", "url": "https://www.kaigokensaku.mhlw.go.jp/12/index.php?action_kouhyou_detail_004_kani=true&JigyosyoCd=1271000851-00&ServiceCd=510&Type=search", "url2": "http://www.8910.or.jp" }, "geometry": { "type": "Point", "coordinates": [ 139.895998800000029, 35.0052521 ] } },
{ "type": "Feature", "properties": { "内容": "特別養護老人ホーム　微笑の里【介護老人福祉施設】千葉県館山市広瀬667-1", "url": "https://www.kaigokensaku.mhlw.go.jp/12/index.php?action_kouhyou_detail_004_kani=true&JigyosyoCd=1271000869-00&ServiceCd=510&Type=search", "url2": "http://www.8910.or.jp/" }, "geometry": { "type": "Point", "coordinates": [ 139.895998800000029, 35.0052521 ] } },
{ "type": "Feature", "properties": { "内容": "特別養護老人ホーム　館山明光苑【介護老人福祉施設】千葉県館山市大神宮巴井３６番地７", "url": "https://www.kaigokensaku.mhlw.go.jp/12/index.php?action_kouhyou_detail_004_kani=true&JigyosyoCd=1271001198-00&ServiceCd=510&Type=search", "url2": "https://www.meikouen.jp/" }, "geometry": { "type": "Point", "coordinates": [ 139.830530564418069, 34.928175881288269 ] } },
{ "type": "Feature", "properties": { "内容": "館山特別養護老人ホーム【介護老人福祉施設】千葉県館山市湊３７３番地", "url": "https://www.kaigokensaku.mhlw.go.jp/12/index.php?action_kouhyou_detail_004_kani=true&JigyosyoCd=1271000067-00&ServiceCd=510&Type=search", "url2": "http://www.tateyama-tokuyou.com/" }, "geometry": { "type": "Point", "coordinates": [ 139.866712600000028, 35.0115285 ] } },
{ "type": "Feature", "properties": { "内容": "ユニット型特別養護老人ホームかもめの森【介護老人福祉施設】千葉県木更津市伊豆島671番地", "url": "https://www.kaigokensaku.mhlw.go.jp/12/index.php?action_kouhyou_detail_004_kani=true&JigyosyoCd=1271101832-00&ServiceCd=510&Type=search", "url2": "https://mori.kisarazu-kamome.com/" }, "geometry": { "type": "Point", "coordinates": [ 139.978139700000042, 35.36855340000001 ] } },
{ "type": "Feature", "properties": { "内容": "特別養護老人ホーム木更津南清苑弐号館【介護老人福祉施設】千葉県木更津市中尾623-1", "url": "https://www.kaigokensaku.mhlw.go.jp/12/index.php?action_kouhyou_detail_004_kani=true&JigyosyoCd=1271102095-00&ServiceCd=510&Type=search", "url2": "https://jishinkai.info/" }, "geometry": { "type": "Point", "coordinates": [ 139.971703599999955, 35.3765439 ] } },
{ "type": "Feature", "properties": { "内容": "特別養護老人ホーム　木更津南清苑【介護老人福祉施設】千葉県木更津市中尾623-1", "url": "https://www.kaigokensaku.mhlw.go.jp/12/index.php?action_kouhyou_detail_004_kani=true&JigyosyoCd=1271100255-00&ServiceCd=510&Type=search", "url2": "https://jishinkai.info/" }, "geometry": { "type": "Point", "coordinates": [ 139.971703599999955, 35.3765439 ] } },
{ "type": "Feature", "properties": { "内容": "特別養護老人ホームしおかぜ南【介護老人福祉施設】千葉県木更津市岩根2-2-2", "url": "https://www.kaigokensaku.mhlw.go.jp/12/index.php?action_kouhyou_detail_004_kani=true&JigyosyoCd=1271102772-00&ServiceCd=510&Type=search", "url2": "http://www.dojinkai-psy.jp/fukushihoujin_dojinkai/shiokaze%20minami/" }, "geometry": { "type": "Point", "coordinates": [ 139.929181699999958, 35.4090444 ] } },
{ "type": "Feature", "properties": { "内容": "特別養護老人ホーム中郷記念館多床室型【介護老人福祉施設】千葉県木更津市井尻951", "url": "https://www.kaigokensaku.mhlw.go.jp/12/index.php?action_kouhyou_detail_004_kani=true&JigyosyoCd=1271100248-00&ServiceCd=510&Type=search", "url2": "https://nakago.or.jp/" }, "geometry": { "type": "Point", "coordinates": [ 139.975055800000064, 35.4053757 ] } },
{ "type": "Feature", "properties": { "内容": "特別養護老人ホーム波岡の家【介護老人福祉施設】木更津市畑沢南3-16-76", "url": "https://www.kaigokensaku.mhlw.go.jp/12/index.php?action_kouhyou_detail_004_kani=true&JigyosyoCd=1271100230-00&ServiceCd=510&Type=search", "url2": "https://www.ikumikai.org/" }, "geometry": { "type": "Point", "coordinates": [ 139.908670536920482, 35.341372469309313 ] } },
{ "type": "Feature", "properties": { "内容": "特別養護老人ホームさつき園【介護老人福祉施設】千葉県木更津市長須賀1219番地", "url": "https://www.kaigokensaku.mhlw.go.jp/12/index.php?action_kouhyou_detail_004_kani=true&JigyosyoCd=1271100727-00&ServiceCd=510&Type=search", "url2": "http://houwakai.jp" }, "geometry": { "type": "Point", "coordinates": [ 139.934204685458326, 35.398466221494417 ] } },
{ "type": "Feature", "properties": { "内容": "特別養護老人ホーム中郷記念館（個室型）【介護老人福祉施設】千葉県木更津市井尻951", "url": "https://www.kaigokensaku.mhlw.go.jp/12/index.php?action_kouhyou_detail_004_kani=true&JigyosyoCd=1271102087-00&ServiceCd=510&Type=search", "url2": "https://nakago.or.jp/" }, "geometry": { "type": "Point", "coordinates": [ 139.974898749073759, 35.404965369922245 ] } },
{ "type": "Feature", "properties": { "内容": "特別養護老人ホームさつき園【介護老人福祉施設】千葉県木更津市長須賀1219番地特別養護老人ホームさつき園", "url": "https://www.kaigokensaku.mhlw.go.jp/12/index.php?action_kouhyou_detail_004_kani=true&JigyosyoCd=1271102160-00&ServiceCd=510&Type=search", "url2": "http://houwakai.jp" }, "geometry": { "type": "Point", "coordinates": [ 139.9341177, 35.3984628 ] } },
{ "type": "Feature", "properties": { "内容": "特別養護老人ホーム波岡の家（ユニット型）【介護老人福祉施設】千葉県木更津市畑沢南3-16-76", "url": "https://www.kaigokensaku.mhlw.go.jp/12/index.php?action_kouhyou_detail_004_kani=true&JigyosyoCd=1271102921-00&ServiceCd=510&Type=search", "url2": "https://ikumikai.org/" }, "geometry": { "type": "Point", "coordinates": [ 139.908679894967662, 35.341352313866821 ] } },
{ "type": "Feature", "properties": { "内容": "特別養護老人ホーム　矢那梅の香園【介護老人福祉施設】千葉県木更津市矢那字天神前3731番地2", "url": "https://www.kaigokensaku.mhlw.go.jp/12/index.php?action_kouhyou_detail_004_kani=true&JigyosyoCd=1271101642-00&ServiceCd=510&Type=search", "url2": "https://www.baikokai.or.jp/" }, "geometry": { "type": "Point", "coordinates": [ 139.961238, 35.3559331 ] } },
{ "type": "Feature", "properties": { "内容": "特別養護老人ホームかもめの森【介護老人福祉施設】千葉県木更津市伊豆島671番地", "url": "https://www.kaigokensaku.mhlw.go.jp/12/index.php?action_kouhyou_detail_004_kani=true&JigyosyoCd=1271101824-00&ServiceCd=510&Type=search", "url2": "https://mori.kisarazu-kamome.com/" }, "geometry": { "type": "Point", "coordinates": [ 139.978139700000042, 35.3685534 ] } },
{ "type": "Feature", "properties": { "内容": "特別養護老人ホーム　南花園【介護老人福祉施設】千葉県松戸市河原塚南花102-8", "url": "https://www.kaigokensaku.mhlw.go.jp/12/index.php?action_kouhyou_detail_004_kani=true&JigyosyoCd=1271200568-00&ServiceCd=510&Type=search", "url2": "http://www.kiyou.or.jp/" }, "geometry": { "type": "Point", "coordinates": [ 139.938355124853501, 35.780767535113 ] } },
{ "type": "Feature", "properties": { "内容": "特別養護老人ホーム　アウル大金平（ユニット型）【介護老人福祉施設】千葉県松戸市大金平3-155", "url": "https://www.kaigokensaku.mhlw.go.jp/12/index.php?action_kouhyou_detail_004_kani=true&JigyosyoCd=1271208363-00&ServiceCd=510&Type=search", "url2": "https://www.soukafukushikai.jp/" }, "geometry": { "type": "Point", "coordinates": [ 139.920728599999961, 35.836258100000016 ] } },
{ "type": "Feature", "properties": { "内容": "特別養護老人ホーム　アウル大金平（従来型）【介護老人福祉施設】千葉県松戸市大金平3-155", "url": "https://www.kaigokensaku.mhlw.go.jp/12/index.php?action_kouhyou_detail_004_kani=true&JigyosyoCd=1271208371-00&ServiceCd=510&Type=search", "url2": "https://www.soukafukushikai.jp/" }, "geometry": { "type": "Point", "coordinates": [ 139.920728599999961, 35.836258100000016 ] } },
{ "type": "Feature", "properties": { "内容": "特別養護老人ホームやわら木苑【介護老人福祉施設】千葉県松戸市金ケ作277", "url": "https://www.kaigokensaku.mhlw.go.jp/12/index.php?action_kouhyou_detail_004_kani=true&JigyosyoCd=1271200725-00&ServiceCd=510&Type=search", "url2": "http://www.yawaragien.or.jp/" }, "geometry": { "type": "Point", "coordinates": [ 139.9645233, 35.8080711 ] } },
{ "type": "Feature", "properties": { "内容": "特別養護老人ホームプレミア東松戸【介護老人福祉施設】千葉県松戸市紙敷297番2", "url": "https://www.kaigokensaku.mhlw.go.jp/12/index.php?action_kouhyou_detail_004_kani=true&JigyosyoCd=1271207803-00&ServiceCd=510&Type=search", "url2": "http://100.or.jp" }, "geometry": { "type": "Point", "coordinates": [ 139.94792458855386, 35.769111294786235 ] } },
{ "type": "Feature", "properties": { "内容": "ユニット型特別養護老人ホームプレミア東松戸【介護老人福祉施設】千葉県松戸市紙敷297番2", "url": "https://www.kaigokensaku.mhlw.go.jp/12/index.php?action_kouhyou_detail_004_kani=true&JigyosyoCd=1271207795-00&ServiceCd=510&Type=search", "url2": "http://100.or.jp" }, "geometry": { "type": "Point", "coordinates": [ 139.947919654547377, 35.769167530547115 ] } },
{ "type": "Feature", "properties": { "内容": "特別養護老人ホーム親愛の丘【介護老人福祉施設】千葉県松戸市和名ケ谷1258番1特別養護老人ホーム親愛の丘", "url": "https://www.kaigokensaku.mhlw.go.jp/12/index.php?action_kouhyou_detail_004_kani=true&JigyosyoCd=1271207019-00&ServiceCd=510&Type=search", "url2": "https://sinaikai.com/" }, "geometry": { "type": "Point", "coordinates": [ 139.92265610000004, 35.7751701 ] } },
{ "type": "Feature", "properties": { "内容": "特別養護老人ホーム　ひまわりの丘（従来型）【介護老人福祉施設】千葉県松戸市五香西５－１９－８", "url": "https://www.kaigokensaku.mhlw.go.jp/12/index.php?action_kouhyou_detail_004_kani=true&JigyosyoCd=1271201053-00&ServiceCd=510&Type=search", "url2": "https://www.happy-sunflower.or.jp/" }, "geometry": { "type": "Point", "coordinates": [ 139.951972699999942, 35.7866895 ] } },
{ "type": "Feature", "properties": { "内容": "特別養護老人ホーム　ひまわりの丘（ユニット型）【介護老人福祉施設】千葉県松戸市五香西５－１９－８", "url": "https://www.kaigokensaku.mhlw.go.jp/12/index.php?action_kouhyou_detail_004_kani=true&JigyosyoCd=1271207076-00&ServiceCd=510&Type=search", "url2": "http://happy-sunflower.or.jp" }, "geometry": { "type": "Point", "coordinates": [ 139.951972699999942, 35.7866895 ] } },
{ "type": "Feature", "properties": { "内容": "特別養護老人ホーム　緑風園【介護老人福祉施設】千葉県松戸市和名ヶ谷1484", "url": "https://www.kaigokensaku.mhlw.go.jp/12/index.php?action_kouhyou_detail_004_kani=true&JigyosyoCd=1271200691-00&ServiceCd=510&Type=search", "url2": "http://ryokufuen.jp/" }, "geometry": { "type": "Point", "coordinates": [ 139.922017500000038, 35.7718899 ] } },
{ "type": "Feature", "properties": { "内容": "特別養護老人ホーム　陽光苑【介護老人福祉施設】千葉県松戸市旭町２丁目２３８番地", "url": "https://www.kaigokensaku.mhlw.go.jp/12/index.php?action_kouhyou_detail_004_kani=true&JigyosyoCd=1271200733-00&ServiceCd=510&Type=search", "url2": "http://youkoukai.or.jp/" }, "geometry": { "type": "Point", "coordinates": [ 139.89937, 35.8175844 ] } },
{ "type": "Feature", "properties": { "内容": "特別養護老人ホーム松戸陽だまり館【介護老人福祉施設】千葉県松戸市幸田111番地", "url": "https://www.kaigokensaku.mhlw.go.jp/12/index.php?action_kouhyou_detail_004_kani=true&JigyosyoCd=1271205302-00&ServiceCd=510&Type=search", "url2": "http://www.heart-pia.com" }, "geometry": { "type": "Point", "coordinates": [ 139.920178399999941, 35.8452058 ] } },
{ "type": "Feature", "properties": { "内容": "特別養護老人ホーム　まんさくの里【介護老人福祉施設】千葉県松戸市八ヶ崎二丁目15番地の1", "url": "https://www.kaigokensaku.mhlw.go.jp/12/index.php?action_kouhyou_detail_004_kani=true&JigyosyoCd=1271202432-00&ServiceCd=510&Type=search", "url2": "https://www.mansakunosato.biz/" }, "geometry": { "type": "Point", "coordinates": [ 139.933342300000049, 35.8147826 ] } },
{ "type": "Feature", "properties": { "内容": "特別養護老人ホーム松寿園【介護老人福祉施設】千葉県松戸市六高台2丁目19番地の2", "url": "https://www.kaigokensaku.mhlw.go.jp/12/index.php?action_kouhyou_detail_004_kani=true&JigyosyoCd=1271200709-00&ServiceCd=510&Type=search", "url2": "http://www.rokkoudai.net" }, "geometry": { "type": "Point", "coordinates": [ 139.986926899999958, 35.7956342 ] } },
{ "type": "Feature", "properties": { "内容": "特別養護老人ホーム松寿園アネックス【介護老人福祉施設】千葉県松戸市六高台2丁目19番地の2", "url": "https://www.kaigokensaku.mhlw.go.jp/12/index.php?action_kouhyou_detail_004_kani=true&JigyosyoCd=1271205328-00&ServiceCd=510&Type=search", "url2": "http://www.rokkoudai.net" }, "geometry": { "type": "Point", "coordinates": [ 139.986782060713153, 35.795930075913049 ] } },
{ "type": "Feature", "properties": { "内容": "特別養護老人ホーム松戸愛光園【介護老人福祉施設】千葉県松戸市高塚新田128-8", "url": "https://www.kaigokensaku.mhlw.go.jp/12/index.php?action_kouhyou_detail_004_kani=true&JigyosyoCd=1271201665-00&ServiceCd=510&Type=search", "url2": "http://www.seirei.or.jp/hq/" }, "geometry": { "type": "Point", "coordinates": [ 139.943457800000033, 35.7544955 ] } },
{ "type": "Feature", "properties": { "内容": "特別養護老人ホーム明尽苑【介護老人福祉施設】千葉県松戸市金ヶ作296-1", "url": "https://www.kaigokensaku.mhlw.go.jp/12/index.php?action_kouhyou_detail_004_kani=true&JigyosyoCd=1271202440-00&ServiceCd=510&Type=search", "url2": "http://www.seishin-kai.or.jp" }, "geometry": { "type": "Point", "coordinates": [ 139.965892899999972, 35.8024302 ] } },
{ "type": "Feature", "properties": { "内容": "特別養護老人ホーム第二南花園（個室ユニット型）【介護老人福祉施設】千葉県松戸市紙敷1186-8特別養護老人ホーム第二南花園", "url": "https://www.kaigokensaku.mhlw.go.jp/12/index.php?action_kouhyou_detail_004_kani=true&JigyosyoCd=1271205658-00&ServiceCd=510&Type=search", "url2": "http://www.kiyou.or.jp" }, "geometry": { "type": "Point", "coordinates": [ 139.9331333, 35.7695072 ] } },
{ "type": "Feature", "properties": { "内容": "特別養護老人ホーム第二南花園【介護老人福祉施設】千葉県松戸市紙敷１１８６－８特別養護老人ホーム第二南花園", "url": "https://www.kaigokensaku.mhlw.go.jp/12/index.php?action_kouhyou_detail_004_kani=true&JigyosyoCd=1271205666-00&ServiceCd=510&Type=search", "url2": "http://www.kiyou.or.jp" }, "geometry": { "type": "Point", "coordinates": [ 139.9331333, 35.7695072 ] } },
{ "type": "Feature", "properties": { "内容": "特別養護老人ホーム東松戸ヒルズ（従来型）【介護老人福祉施設】千葉県松戸市紙敷1065-4", "url": "https://www.kaigokensaku.mhlw.go.jp/12/index.php?action_kouhyou_detail_004_kani=true&JigyosyoCd=1271207522-00&ServiceCd=510&Type=search", "url2": "http://www.youkoukai.or.jp" }, "geometry": { "type": "Point", "coordinates": [ 139.938891285306681, 35.771632614533296 ] } },
{ "type": "Feature", "properties": { "内容": "特別養護老人ホーム　セイワ松戸【介護老人福祉施設】千葉県松戸市大橋89", "url": "https://www.kaigokensaku.mhlw.go.jp/12/index.php?action_kouhyou_detail_004_kani=true&JigyosyoCd=1271208041-00&ServiceCd=510&Type=search", "url2": "http://www.seiwaen.org/" }, "geometry": { "type": "Point", "coordinates": [ 139.920710039399637, 35.766112696659597 ] } },
{ "type": "Feature", "properties": { "内容": "特別養護老人ホーム　セイワ松戸（従来型）【介護老人福祉施設】千葉県松戸市大橋89", "url": "https://www.kaigokensaku.mhlw.go.jp/12/index.php?action_kouhyou_detail_004_kani=true&JigyosyoCd=1271208058-00&ServiceCd=510&Type=search", "url2": "http://www.seiwaen.org/" }, "geometry": { "type": "Point", "coordinates": [ 139.920780185050262, 35.766096674411656 ] } },
{ "type": "Feature", "properties": { "内容": "特別養護老人ホームマーシイヒル【介護老人福祉施設】千葉県松戸市根木内６７７番地２", "url": "https://www.kaigokensaku.mhlw.go.jp/12/index.php?action_kouhyou_detail_004_kani=true&JigyosyoCd=1271200717-00&ServiceCd=510&Type=search", "url2": "http://s-sanseikai.or.jp/" }, "geometry": { "type": "Point", "coordinates": [ 139.947076599999946, 35.829715 ] } },
{ "type": "Feature", "properties": { "内容": "特別養護老人ホーム東松戸ヒルズ【介護老人福祉施設】千葉県松戸市紙敷1065-4特別養護老人ホーム東松戸ヒルズ", "url": "https://www.kaigokensaku.mhlw.go.jp/12/index.php?action_kouhyou_detail_004_kani=true&JigyosyoCd=1271207530-00&ServiceCd=510&Type=search", "url2": "http://www.youkoukai.or.jp" }, "geometry": { "type": "Point", "coordinates": [ 139.938907164756756, 35.771639839862061 ] } },
{ "type": "Feature", "properties": { "内容": "特別養護老人ホームなでしこ(従来型)【介護老人福祉施設】千葉県松戸市中矢切259-1特別養護老人ホームなでしこ", "url": "https://www.kaigokensaku.mhlw.go.jp/12/index.php?action_kouhyou_detail_004_kani=true&JigyosyoCd=1271205435-00&ServiceCd=510&Type=search", "url2": null }, "geometry": { "type": "Point", "coordinates": [ 139.893971300000032, 35.764030100000021 ] } },
{ "type": "Feature", "properties": { "内容": "特別養護老人ホームなでしこ(ユニット型)【介護老人福祉施設】千葉県松戸市中矢切259-1特別養護老人ホームなでしこ", "url": "https://www.kaigokensaku.mhlw.go.jp/12/index.php?action_kouhyou_detail_004_kani=true&JigyosyoCd=1271205443-00&ServiceCd=510&Type=search", "url2": null }, "geometry": { "type": "Point", "coordinates": [ 139.893971300000032, 35.764030100000021 ] } },
{ "type": "Feature", "properties": { "内容": "特別養護老人ホーム秋桜【介護老人福祉施設】千葉県松戸市栄町西3-1036-2", "url": "https://www.kaigokensaku.mhlw.go.jp/12/index.php?action_kouhyou_detail_004_kani=true&JigyosyoCd=1271203166-00&ServiceCd=510&Type=search", "url2": "https://www.eishunkai.or.jp/service/senior_housing_facility/elderly-cosmos/" }, "geometry": { "type": "Point", "coordinates": [ 139.896414899999968, 35.8122878 ] } },
{ "type": "Feature", "properties": { "内容": "特別養護老人ホーム　あすなろ【介護老人福祉施設】千葉県松戸市金ヶ作139-10", "url": "https://www.kaigokensaku.mhlw.go.jp/12/index.php?action_kouhyou_detail_004_kani=true&JigyosyoCd=1271204115-00&ServiceCd=510&Type=search", "url2": "http://asunaro-takagi.com/" }, "geometry": { "type": "Point", "coordinates": [ 139.942280899999986, 35.8065092 ] } },
{ "type": "Feature", "properties": { "内容": "特別養護老人ホーム船形サルビア荘【介護老人福祉施設】千葉県野田市船形297番2", "url": "https://www.kaigokensaku.mhlw.go.jp/12/index.php?action_kouhyou_detail_004_kani=true&JigyosyoCd=1271302042-00&ServiceCd=510&Type=search", "url2": "http://enyuukai.jp/" }, "geometry": { "type": "Point", "coordinates": [ 139.86681823704842, 35.978044382883311 ] } },
{ "type": "Feature", "properties": { "内容": "特別養護老人ホーム福寿園【介護老人福祉施設】千葉県野田市金杉2325番地１", "url": "https://www.kaigokensaku.mhlw.go.jp/12/index.php?action_kouhyou_detail_004_kani=true&JigyosyoCd=1271300160-00&ServiceCd=510&Type=search", "url2": "http://www.fukujuen.org/" }, "geometry": { "type": "Point", "coordinates": [ 139.8796628, 35.963133 ] } },
{ "type": "Feature", "properties": { "内容": "特別養護老人ホーム松葉園【介護老人福祉施設】千葉県野田市中里４３番３", "url": "https://www.kaigokensaku.mhlw.go.jp/12/index.php?action_kouhyou_detail_004_kani=true&JigyosyoCd=1271301044-00&ServiceCd=510&Type=search", "url2": "http://matsubaen.or.jp/" }, "geometry": { "type": "Point", "coordinates": [ 139.842615099999989, 35.9907821 ] } },
{ "type": "Feature", "properties": { "内容": "特別養護老人ホームふれあいの里【介護老人福祉施設】千葉県野田市野田1307-1", "url": "https://www.kaigokensaku.mhlw.go.jp/12/index.php?action_kouhyou_detail_004_kani=true&JigyosyoCd=1271302125-00&ServiceCd=510&Type=search", "url2": "http://www.housikai.or.jp/fureainosato/" }, "geometry": { "type": "Point", "coordinates": [ 139.864416271096843, 35.95237208018564 ] } },
{ "type": "Feature", "properties": { "内容": "特別養護老人ホーム関宿ナーシングビレッジ【介護老人福祉施設】千葉県野田市桐ヶ作666番地", "url": "https://www.kaigokensaku.mhlw.go.jp/12/index.php?action_kouhyou_detail_004_kani=true&JigyosyoCd=1273700045-00&ServiceCd=510&Type=search", "url2": "http://www.hakuwakai.net/" }, "geometry": { "type": "Point", "coordinates": [ 139.811726499999963, 36.0551717 ] } },
{ "type": "Feature", "properties": { "内容": "特別養護老人ホームすばる【介護老人福祉施設】千葉県野田市上三ヶ尾382", "url": "https://www.kaigokensaku.mhlw.go.jp/12/index.php?action_kouhyou_detail_004_kani=true&JigyosyoCd=1271300673-00&ServiceCd=510&Type=search", "url2": "http://www.care-subaru.jp/" }, "geometry": { "type": "Point", "coordinates": [ 139.924522199999956, 35.9245076 ] } },
{ "type": "Feature", "properties": { "内容": "特別養護老人ホームほまれの家【介護老人福祉施設】千葉県野田市目吹字二ツ塚1511-3", "url": "https://www.kaigokensaku.mhlw.go.jp/12/index.php?action_kouhyou_detail_004_kani=true&JigyosyoCd=1271300483-00&ServiceCd=510&Type=search", "url2": "http://shofukukai.com/" }, "geometry": { "type": "Point", "coordinates": [ 139.890139699999963, 35.9632165 ] } },
{ "type": "Feature", "properties": { "内容": "特別養護老人ホーム鶴寿園（従来型）【介護老人福祉施設】千葉県野田市鶴奉２７０番地の５", "url": "https://www.kaigokensaku.mhlw.go.jp/12/index.php?action_kouhyou_detail_004_kani=true&JigyosyoCd=1271300194-00&ServiceCd=510&Type=search", "url2": "http://nodamidorikai.jp/" }, "geometry": { "type": "Point", "coordinates": [ 139.884707, 35.9600834 ] } },
{ "type": "Feature", "properties": { "内容": "特別養護老人ホーム鶴寿園（ユニット型）【介護老人福祉施設】千葉県野田市鶴奉２８０番地", "url": "https://www.kaigokensaku.mhlw.go.jp/12/index.php?action_kouhyou_detail_004_kani=true&JigyosyoCd=1271301861-00&ServiceCd=510&Type=search", "url2": "http://nodamidorikai.jp/" }, "geometry": { "type": "Point", "coordinates": [ 139.883923699999968, 35.9604806 ] } },
{ "type": "Feature", "properties": { "内容": "特別養護老人ホームいきいきタウンのだ【介護老人福祉施設】千葉県野田市中根193-12", "url": "https://www.kaigokensaku.mhlw.go.jp/12/index.php?action_kouhyou_detail_004_kani=true&JigyosyoCd=1271301978-00&ServiceCd=510&Type=search", "url2": "http://www.shafuku-pal.or.jp/" }, "geometry": { "type": "Point", "coordinates": [ 139.879065618385312, 35.94034743718808 ] } },
{ "type": "Feature", "properties": { "内容": "特別養護老人ホーム椿寿の里【介護老人福祉施設】千葉県野田市山崎2723-3", "url": "https://www.kaigokensaku.mhlw.go.jp/12/index.php?action_kouhyou_detail_004_kani=true&JigyosyoCd=1271301606-00&ServiceCd=510&Type=search", "url2": "http://www.housikai.or.jp/chinju/index.html" }, "geometry": { "type": "Point", "coordinates": [ 139.901202, 35.926045700000024 ] } },
{ "type": "Feature", "properties": { "内容": "特別養護老人ホーム光風荘【介護老人福祉施設】千葉県茂原市御蔵芝３９番地1", "url": "https://www.kaigokensaku.mhlw.go.jp/12/index.php?action_kouhyou_detail_004_kani=true&JigyosyoCd=1271500132-00&ServiceCd=510&Type=search", "url2": "http://kofuso-to.com/" }, "geometry": { "type": "Point", "coordinates": [ 140.3666293, 35.4749817 ] } },
{ "type": "Feature", "properties": { "内容": "特別養護老人ホーム長生共楽園【介護老人福祉施設】千葉県茂原市下永吉２８１２番地", "url": "https://www.kaigokensaku.mhlw.go.jp/12/index.php?action_kouhyou_detail_004_kani=true&JigyosyoCd=1271500066-00&ServiceCd=510&Type=search", "url2": "http://www.choseikyorakuen.com/" }, "geometry": { "type": "Point", "coordinates": [ 140.3023040071389, 35.400027665123112 ] } },
{ "type": "Feature", "properties": { "内容": "特別養護老人ホーム真名実恵園【介護老人福祉施設】千葉県茂原市真名675番地2", "url": "https://www.kaigokensaku.mhlw.go.jp/12/index.php?action_kouhyou_detail_004_kani=true&JigyosyoCd=1271500496-00&ServiceCd=510&Type=search", "url2": "http://www.jikkeien.com/" }, "geometry": { "type": "Point", "coordinates": [ 140.254025400000046, 35.4590028 ] } },
{ "type": "Feature", "properties": { "内容": "特別養護老人ホーム実恵園【介護老人福祉施設】千葉県茂原市法目２６７２番地１", "url": "https://www.kaigokensaku.mhlw.go.jp/12/index.php?action_kouhyou_detail_004_kani=true&JigyosyoCd=1271500207-00&ServiceCd=510&Type=search", "url2": "http://www.jikkeien.com" }, "geometry": { "type": "Point", "coordinates": [ 140.325536100000022, 35.494697 ] } },
{ "type": "Feature", "properties": { "内容": "特別養護老人ホーム　長生苑【介護老人福祉施設】千葉県茂原市南吉田4061-1", "url": "https://www.kaigokensaku.mhlw.go.jp/12/index.php?action_kouhyou_detail_004_kani=true&JigyosyoCd=1271500280-00&ServiceCd=510&Type=search", "url2": "http://www.choseien.or.jp/" }, "geometry": { "type": "Point", "coordinates": [ 140.331259100000011, 35.470317 ] } },
{ "type": "Feature", "properties": { "内容": "特別養護老人ホーム名木の里【介護老人福祉施設】千葉県成田市名木192番地", "url": "https://www.kaigokensaku.mhlw.go.jp/12/index.php?action_kouhyou_detail_004_kani=true&JigyosyoCd=1271600627-00&ServiceCd=510&Type=search", "url2": "http://naginosato.or.jp" }, "geometry": { "type": "Point", "coordinates": [ 140.3867019, 35.8804921 ] } },
{ "type": "Feature", "properties": { "内容": "国際医療福祉大学成田老年医療福祉センター　特別養護老人ホームオルタンシア（従来型）【介護老人福祉施設】千葉県成田市川栗746番地1", "url": "https://www.kaigokensaku.mhlw.go.jp/12/index.php?action_kouhyou_detail_004_kani=true&JigyosyoCd=1271602177-00&ServiceCd=510&Type=search", "url2": "https://hoyukai.iuhw.ac.jp/rounen/index.html" }, "geometry": { "type": "Point", "coordinates": [ 140.339152300000023, 35.7651153 ] } },
{ "type": "Feature", "properties": { "内容": "国際医療福祉大学成田老年医療福祉センター　特別養護老人ホームオルタンシア（ユニット型）【介護老人福祉施設】千葉県成田市川栗746番地1", "url": "https://www.kaigokensaku.mhlw.go.jp/12/index.php?action_kouhyou_detail_004_kani=true&JigyosyoCd=1271602185-00&ServiceCd=510&Type=search", "url2": "https://hoyukai.iuhw.ac.jp/rounen/index.html" }, "geometry": { "type": "Point", "coordinates": [ 140.3391523, 35.7651153 ] } },
{ "type": "Feature", "properties": { "内容": "特別養護老人ホームユニットケア成田苑【介護老人福祉施設】千葉県成田市大室1783-22", "url": "https://www.kaigokensaku.mhlw.go.jp/12/index.php?action_kouhyou_detail_004_kani=true&JigyosyoCd=1271601104-00&ServiceCd=510&Type=search", "url2": "https://www.naritaen.com/" }, "geometry": { "type": "Point", "coordinates": [ 140.387013799999977, 35.8167127 ] } },
{ "type": "Feature", "properties": { "内容": "特別養護老人ホーム蓬莱の杜（広域型）【介護老人福祉施設】千葉県成田市川栗８４２－４", "url": "https://www.kaigokensaku.mhlw.go.jp/12/index.php?action_kouhyou_detail_004_kani=true&JigyosyoCd=1271600981-00&ServiceCd=510&Type=search", "url2": "http://suhamakai.or.jp/" }, "geometry": { "type": "Point", "coordinates": [ 140.357732899999974, 35.7639489 ] } },
{ "type": "Feature", "properties": { "内容": "特別養護老人ホーム蓬莱の杜（広域多床）【介護老人福祉施設】千葉県成田市川栗８４２－４", "url": "https://www.kaigokensaku.mhlw.go.jp/12/index.php?action_kouhyou_detail_004_kani=true&JigyosyoCd=1271601724-00&ServiceCd=510&Type=search", "url2": "http://suhamakai.or.jp" }, "geometry": { "type": "Point", "coordinates": [ 140.357732899999974, 35.7639489 ] } },
{ "type": "Feature", "properties": { "内容": "特別養護老人ホーム玲光苑【介護老人福祉施設】千葉県成田市押畑８９６－４", "url": "https://www.kaigokensaku.mhlw.go.jp/12/index.php?action_kouhyou_detail_004_kani=true&JigyosyoCd=1271600072-00&ServiceCd=510&Type=search", "url2": "https://www.reikouen.or.jp" }, "geometry": { "type": "Point", "coordinates": [ 140.3072062, 35.8015764 ] } },
{ "type": "Feature", "properties": { "内容": "ユニット型介護老人福祉施設玲光苑なのはな館【介護老人福祉施設】千葉県成田市押畑８９６ー４", "url": "https://www.kaigokensaku.mhlw.go.jp/12/index.php?action_kouhyou_detail_004_kani=true&JigyosyoCd=1271600957-00&ServiceCd=510&Type=search", "url2": "https://www.reikouen.or.jp/" }, "geometry": { "type": "Point", "coordinates": [ 140.306980894442773, 35.801867903000606 ] } },
{ "type": "Feature", "properties": { "内容": "特別養護老人ホームまきの里（ユニット型）【介護老人福祉施設】千葉県成田市吉岡１３４２－６", "url": "https://www.kaigokensaku.mhlw.go.jp/12/index.php?action_kouhyou_detail_004_kani=true&JigyosyoCd=1271601567-00&ServiceCd=510&Type=search", "url2": "https://makinosato.or.jp/" }, "geometry": { "type": "Point", "coordinates": [ 140.393468900000016, 35.8128884 ] } },
{ "type": "Feature", "properties": { "内容": "特別養護老人ホーム　まきの里（従来型）【介護老人福祉施設】千葉県成田市吉岡1342-6", "url": "https://www.kaigokensaku.mhlw.go.jp/12/index.php?action_kouhyou_detail_004_kani=true&JigyosyoCd=1271601575-00&ServiceCd=510&Type=search", "url2": "https://makinosato.or.jp/" }, "geometry": { "type": "Point", "coordinates": [ 140.394768800000065, 35.8120968 ] } },
{ "type": "Feature", "properties": { "内容": "特別養護老人ホーム杜の家なりた【介護老人福祉施設】千葉県成田市下方686-1", "url": "https://www.kaigokensaku.mhlw.go.jp/12/index.php?action_kouhyou_detail_004_kani=true&JigyosyoCd=1271601609-00&ServiceCd=510&Type=search", "url2": "http://www.gakudan.org" }, "geometry": { "type": "Point", "coordinates": [ -74.9239346, 40.1557353 ] } },
{ "type": "Feature", "properties": { "内容": "特別養護老人ホーム有楽苑【介護老人福祉施設】千葉県成田市横山204番40", "url": "https://www.kaigokensaku.mhlw.go.jp/12/index.php?action_kouhyou_detail_004_kani=true&JigyosyoCd=1274700028-00&ServiceCd=510&Type=search", "url2": "http://www.urakuen.jp/" }, "geometry": { "type": "Point", "coordinates": [ 140.454182800000012, 35.81585310000002 ] } },
{ "type": "Feature", "properties": { "内容": "特別養護老人ホーム有楽苑（ユニット）【介護老人福祉施設】千葉県成田市横山２０４－４０", "url": "https://www.kaigokensaku.mhlw.go.jp/12/index.php?action_kouhyou_detail_004_kani=true&JigyosyoCd=1271601088-00&ServiceCd=510&Type=search", "url2": "http://www.urakuen.jp/" }, "geometry": { "type": "Point", "coordinates": [ 140.454182800000012, 35.81585310000002 ] } },
{ "type": "Feature", "properties": { "内容": "特別養護老人ホーム長寿園【介護老人福祉施設】千葉県成田市長沼字長津１６００", "url": "https://www.kaigokensaku.mhlw.go.jp/12/index.php?action_kouhyou_detail_004_kani=true&JigyosyoCd=1271600064-00&ServiceCd=510&Type=search", "url2": "http://www.choju-en.jp/" }, "geometry": { "type": "Point", "coordinates": [ 140.300210900000025, 35.830500500000014 ] } },
{ "type": "Feature", "properties": { "内容": "特別養護老人ホームひだまりの杜（従来型）【介護老人福祉施設】千葉県成田市不動ヶ岡2012番地3", "url": "https://www.kaigokensaku.mhlw.go.jp/12/index.php?action_kouhyou_detail_004_kani=true&JigyosyoCd=1271602078-00&ServiceCd=510&Type=search", "url2": "https://daiyuukai.jp/" }, "geometry": { "type": "Point", "coordinates": [ 140.30981464431548, 35.768627222484007 ] } },
{ "type": "Feature", "properties": { "内容": "特別養護老人ホームひだまりの杜（ユニット型）【介護老人福祉施設】千葉県成田市不動ヶ岡2012番地3", "url": "https://www.kaigokensaku.mhlw.go.jp/12/index.php?action_kouhyou_detail_004_kani=true&JigyosyoCd=1271602086-00&ServiceCd=510&Type=search", "url2": "https://daiyuukai.jp/" }, "geometry": { "type": "Point", "coordinates": [ 140.309820674136262, 35.768625646050957 ] } },
{ "type": "Feature", "properties": { "内容": "特別養護老人ホーム成田苑【介護老人福祉施設】千葉県成田市大室1783-22", "url": "https://www.kaigokensaku.mhlw.go.jp/12/index.php?action_kouhyou_detail_004_kani=true&JigyosyoCd=1271600262-00&ServiceCd=510&Type=search", "url2": "http://naritaen.com/" }, "geometry": { "type": "Point", "coordinates": [ 140.387013799999977, 35.8167127 ] } },
{ "type": "Feature", "properties": { "内容": "特別養護老人ホーム弥富あさくら【介護老人福祉施設】千葉県佐倉市岩富町541", "url": "https://www.kaigokensaku.mhlw.go.jp/12/index.php?action_kouhyou_detail_004_kani=true&JigyosyoCd=1271701482-00&ServiceCd=510&Type=search", "url2": "https://www.harmonichearts.or.jp/asakura/" }, "geometry": { "type": "Point", "coordinates": [ 140.240887899999962, 35.6483569 ] } },
{ "type": "Feature", "properties": { "内容": "特別養護老人ホーム　ゆたか苑【介護老人福祉施設】千葉県佐倉市上志津原９", "url": "https://www.kaigokensaku.mhlw.go.jp/12/index.php?action_kouhyou_detail_004_kani=true&JigyosyoCd=1271700542-00&ServiceCd=510&Type=search", "url2": "https://www.yutakaen.or.jp" }, "geometry": { "type": "Point", "coordinates": [ 140.141916499999979, 35.7035767 ] } },
{ "type": "Feature", "properties": { "内容": "特別養護老人ホームはちす苑【介護老人福祉施設】千葉県佐倉市太田１１４５－１", "url": "https://www.kaigokensaku.mhlw.go.jp/12/index.php?action_kouhyou_detail_004_kani=true&JigyosyoCd=1271700252-00&ServiceCd=510&Type=search", "url2": "https://www.rc-aikoh.or.jp/" }, "geometry": { "type": "Point", "coordinates": [ 140.2092619, 35.684227 ] } },
{ "type": "Feature", "properties": { "内容": "介護老人福祉施設志津ユーカリ苑【介護老人福祉施設】千葉県佐倉市青菅1008番地7", "url": "https://www.kaigokensaku.mhlw.go.jp/12/index.php?action_kouhyou_detail_004_kani=true&JigyosyoCd=1271700245-00&ServiceCd=510&Type=search", "url2": "https://www.yukarien.or.jp/" }, "geometry": { "type": "Point", "coordinates": [ 140.14235450000001, 35.7456672 ] } },
{ "type": "Feature", "properties": { "内容": "特別養護老人ホームときわの杜【介護老人福祉施設】千葉県佐倉市石川556", "url": "https://www.kaigokensaku.mhlw.go.jp/12/index.php?action_kouhyou_detail_004_kani=true&JigyosyoCd=1271701649-00&ServiceCd=510&Type=search", "url2": "https://daisen.or.jp" }, "geometry": { "type": "Point", "coordinates": [ 140.228367599999956, 35.6891018 ] } },
{ "type": "Feature", "properties": { "内容": "特別養護老人ホーム志津ユーカリ苑（ユニット）【介護老人福祉施設】千葉県佐倉市青菅１００８－７", "url": "https://www.kaigokensaku.mhlw.go.jp/12/index.php?action_kouhyou_detail_004_kani=true&JigyosyoCd=1271702134-00&ServiceCd=510&Type=search", "url2": null }, "geometry": { "type": "Point", "coordinates": [ 140.14235450000001, 35.7456672 ] } },
{ "type": "Feature", "properties": { "内容": "特別養護老人ホーム　さくら苑【介護老人福祉施設】千葉県佐倉市鏑木町３４６番地", "url": "https://www.kaigokensaku.mhlw.go.jp/12/index.php?action_kouhyou_detail_004_kani=true&JigyosyoCd=1271700229-00&ServiceCd=510&Type=search", "url2": "https://sakuraen-346.or.jp" }, "geometry": { "type": "Point", "coordinates": [ 140.233971600000018, 35.7154623 ] } },
{ "type": "Feature", "properties": { "内容": "特別養護老人ホームユーカリゆうとの杜【介護老人福祉施設】千葉県佐倉市青菅1023-14", "url": "https://www.kaigokensaku.mhlw.go.jp/12/index.php?action_kouhyou_detail_004_kani=true&JigyosyoCd=1271702951-00&ServiceCd=510&Type=search", "url2": "https://yutonomori.yutokai.com/" }, "geometry": { "type": "Point", "coordinates": [ 140.142995596470286, 35.744365914701604 ] } },
{ "type": "Feature", "properties": { "内容": "特別養護老人ホームさくらの丘【介護老人福祉施設】千葉県佐倉市飯重６２２番地", "url": "https://www.kaigokensaku.mhlw.go.jp/12/index.php?action_kouhyou_detail_004_kani=true&JigyosyoCd=1271702092-00&ServiceCd=510&Type=search", "url2": "https://www.sakuranooka.net/" }, "geometry": { "type": "Point", "coordinates": [ 140.200653531830113, 35.725328346373161 ] } },
{ "type": "Feature", "properties": { "内容": "特別養護老人ホーム佐倉白翠園ユニット型【介護老人福祉施設】千葉県佐倉市岩名１０１１番地", "url": "https://www.kaigokensaku.mhlw.go.jp/12/index.php?action_kouhyou_detail_004_kani=true&JigyosyoCd=1271702027-00&ServiceCd=510&Type=search", "url2": "http://hakusuien.jp/sakura/" }, "geometry": { "type": "Point", "coordinates": [ 140.220105399999966, 35.738262 ] } },
{ "type": "Feature", "properties": { "内容": "特別養護老人ホーム佐倉白翠園【介護老人福祉施設】千葉県佐倉市岩名1011番地", "url": "https://www.kaigokensaku.mhlw.go.jp/12/index.php?action_kouhyou_detail_004_kani=true&JigyosyoCd=1271700237-00&ServiceCd=510&Type=search", "url2": "http://hakusuien.jp/sakura/" }, "geometry": { "type": "Point", "coordinates": [ 140.220105399999966, 35.738262 ] } },
{ "type": "Feature", "properties": { "内容": "特別養護老人ホームちとせ小町【介護老人福祉施設】千葉県佐倉市大蛇町215-7", "url": "https://www.kaigokensaku.mhlw.go.jp/12/index.php?action_kouhyou_detail_004_kani=true&JigyosyoCd=1271701698-00&ServiceCd=510&Type=search", "url2": "https://1000.or.jp/" }, "geometry": { "type": "Point", "coordinates": [ 140.244990199999961, 35.7150294 ] } },
{ "type": "Feature", "properties": { "内容": "介護老人福祉施設両総【介護老人福祉施設】千葉県東金市南上宿8-2", "url": "https://www.kaigokensaku.mhlw.go.jp/12/index.php?action_kouhyou_detail_004_kani=true&JigyosyoCd=1271801076-00&ServiceCd=510&Type=search", "url2": "https://midorimikai.stars.ne.jp/" }, "geometry": { "type": "Point", "coordinates": [ 140.362632984794573, 35.554131459083678 ] } },
{ "type": "Feature", "properties": { "内容": "特別養護老人ホームゆりの木苑【介護老人福祉施設】千葉県東金市家徳７５６－２", "url": "https://www.kaigokensaku.mhlw.go.jp/12/index.php?action_kouhyou_detail_004_kani=true&JigyosyoCd=1271800086-00&ServiceCd=510&Type=search", "url2": "https://asai-healthcare-group.jp/yurinoki/" }, "geometry": { "type": "Point", "coordinates": [ 140.4014575, 35.5510455 ] } },
{ "type": "Feature", "properties": { "内容": "特別養護老人ホームゆりの木苑【介護老人福祉施設】千葉県東金市家徳756-2", "url": "https://www.kaigokensaku.mhlw.go.jp/12/index.php?action_kouhyou_detail_004_kani=true&JigyosyoCd=1271801217-00&ServiceCd=510&Type=search", "url2": "https://asai-healthcare-group.jp/yurinoki/" }, "geometry": { "type": "Point", "coordinates": [ 140.4014575, 35.5510455 ] } },
{ "type": "Feature", "properties": { "内容": "特別養護老人ホーム芙蓉荘【介護老人福祉施設】千葉県東金市家之子２０１０－３", "url": "https://www.kaigokensaku.mhlw.go.jp/12/index.php?action_kouhyou_detail_004_kani=true&JigyosyoCd=1271800185-00&ServiceCd=510&Type=search", "url2": "http://www.seikikai.net/" }, "geometry": { "type": "Point", "coordinates": [ 140.376603400000022, 35.598881 ] } },
{ "type": "Feature", "properties": { "内容": "特別養護老人ホームひまわり（ユニット型）【介護老人福祉施設】千葉県東金市砂古瀬316-1", "url": "https://www.kaigokensaku.mhlw.go.jp/12/index.php?action_kouhyou_detail_004_kani=true&JigyosyoCd=1271801522-00&ServiceCd=510&Type=search", "url2": "https://www.hiyoshikai.com/" }, "geometry": { "type": "Point", "coordinates": [ 140.383030499999961, 35.5167493 ] } },
{ "type": "Feature", "properties": { "内容": "特別養護老人ホームひまわり（従来型）【介護老人福祉施設】千葉県東金市砂古瀬316-1", "url": "https://www.kaigokensaku.mhlw.go.jp/12/index.php?action_kouhyou_detail_004_kani=true&JigyosyoCd=1271801514-00&ServiceCd=510&Type=search", "url2": "https://www.hiyoshikai.com/" }, "geometry": { "type": "Point", "coordinates": [ 140.383030499999961, 35.5167493 ] } },
{ "type": "Feature", "properties": { "内容": "特別養護老人ホーム福岡福福の里【介護老人福祉施設】千葉県東金市東中島97番地1", "url": "https://www.kaigokensaku.mhlw.go.jp/12/index.php?action_kouhyou_detail_004_kani=true&JigyosyoCd=1271801423-00&ServiceCd=510&Type=search", "url2": "https://fukufuku-kai.com/" }, "geometry": { "type": "Point", "coordinates": [ 140.377579483465382, 35.515913618256285 ] } },
{ "type": "Feature", "properties": { "内容": "特別養護老人ホーム福福の里【介護老人福祉施設】千葉県東金市極楽寺字松山１６３番１", "url": "https://www.kaigokensaku.mhlw.go.jp/12/index.php?action_kouhyou_detail_004_kani=true&JigyosyoCd=1271800961-00&ServiceCd=510&Type=search", "url2": "https://fukufuku-kai.com/" }, "geometry": { "type": "Point", "coordinates": [ 140.326995319696039, 35.626837614284149 ] } },
{ "type": "Feature", "properties": { "内容": "特別養護老人ホーム白寿園【介護老人福祉施設】千葉県旭市清和乙２０番地1", "url": "https://www.kaigokensaku.mhlw.go.jp/12/index.php?action_kouhyou_detail_004_kani=true&JigyosyoCd=1275200028-00&ServiceCd=510&Type=search", "url2": "https://www.hakujyuen.com" }, "geometry": { "type": "Point", "coordinates": [ 140.617606199999955, 35.770494 ] } },
{ "type": "Feature", "properties": { "内容": "特別養護老人ホーム　心楽【介護老人福祉施設】千葉県旭市イの4322番地", "url": "https://www.kaigokensaku.mhlw.go.jp/12/index.php?action_kouhyou_detail_004_kani=true&JigyosyoCd=1272001049-00&ServiceCd=510&Type=search", "url2": null }, "geometry": { "type": "Point", "coordinates": [ 140.6715934, 35.7229521 ] } },
{ "type": "Feature", "properties": { "内容": "特別養護老人ホームやすらぎ園　（ユニット型）【介護老人福祉施設】千葉県旭市イ3925-1", "url": "https://www.kaigokensaku.mhlw.go.jp/12/index.php?action_kouhyou_detail_004_kani=true&JigyosyoCd=1272000637-00&ServiceCd=510&Type=search", "url2": "https://yasuragien.or.jp/" }, "geometry": { "type": "Point", "coordinates": [ 140.672313700000018, 35.7254169 ] } },
{ "type": "Feature", "properties": { "内容": "特別養護老人ホームやすらぎ園【介護老人福祉施設】千葉県旭市イ３９２５番２", "url": "https://www.kaigokensaku.mhlw.go.jp/12/index.php?action_kouhyou_detail_004_kani=true&JigyosyoCd=1272000090-00&ServiceCd=510&Type=search", "url2": "https://yasuragien.or.jp/" }, "geometry": { "type": "Point", "coordinates": [ 140.672208100000034, 35.72613070000002 ] } },
{ "type": "Feature", "properties": { "内容": "特別養護老人ホーム東風荘【介護老人福祉施設】千葉県旭市三川字篠堆６３０１－６", "url": "https://www.kaigokensaku.mhlw.go.jp/12/index.php?action_kouhyou_detail_004_kani=true&JigyosyoCd=1275500047-00&ServiceCd=510&Type=search", "url2": "http://www.toufuukai.com/" }, "geometry": { "type": "Point", "coordinates": [ 140.6898823, 35.7056085 ] } },
{ "type": "Feature", "properties": { "内容": "恵天堂特別養護老人ホーム【介護老人福祉施設】千葉県旭市蛇園2532", "url": "https://www.kaigokensaku.mhlw.go.jp/12/index.php?action_kouhyou_detail_004_kani=true&JigyosyoCd=1275400057-00&ServiceCd=510&Type=search", "url2": "https://keitendo.or.jp/" }, "geometry": { "type": "Point", "coordinates": [ 140.7040584, 35.7191268 ] } },
{ "type": "Feature", "properties": { "内容": "特別養護老人ホーム玲光苑習志野ローズ館（ユニット型）【介護老人福祉施設】千葉県習志野市谷津3-14-7", "url": "https://www.kaigokensaku.mhlw.go.jp/12/index.php?action_kouhyou_detail_004_kani=true&JigyosyoCd=1272101831-00&ServiceCd=510&Type=search", "url2": "http://www.reikouen.or.jp/" }, "geometry": { "type": "Point", "coordinates": [ 140.00370509510654, 35.683969874280123 ] } },
{ "type": "Feature", "properties": { "内容": "特別養護老人ホーム　サンクレール谷津（ユニット型）【介護老人福祉施設】千葉県習志野市谷津4-6-10", "url": "https://www.kaigokensaku.mhlw.go.jp/12/index.php?action_kouhyou_detail_004_kani=true&JigyosyoCd=1272102078-00&ServiceCd=510&Type=search", "url2": "http://care-net.biz/12/keibikai/" }, "geometry": { "type": "Point", "coordinates": [ 140.006263600000011, 35.6841375 ] } },
{ "type": "Feature", "properties": { "内容": "特別養護老人ホーム　サンクレール谷津【介護老人福祉施設】千葉県習志野市谷津4-6-10", "url": "https://www.kaigokensaku.mhlw.go.jp/12/index.php?action_kouhyou_detail_004_kani=true&JigyosyoCd=1272102052-00&ServiceCd=510&Type=search", "url2": "http://care-net.biz/12/keibikai/" }, "geometry": { "type": "Point", "coordinates": [ 140.006263600000011, 35.6841375 ] } },
{ "type": "Feature", "properties": { "内容": "ゆいまーる習志野介護老人福祉施設【介護老人福祉施設】千葉県習志野市秋津3-5-1", "url": "https://www.kaigokensaku.mhlw.go.jp/12/index.php?action_kouhyou_detail_004_kani=true&JigyosyoCd=1272101443-00&ServiceCd=510&Type=search", "url2": "https://seiwaen.org/" }, "geometry": { "type": "Point", "coordinates": [ 140.017463, 35.6693809 ] } },
{ "type": "Feature", "properties": { "内容": "特別養護老人ホームかがやきの郷福楽園（従来型）【介護老人福祉施設】千葉県習志野市東習志野1-1-20", "url": "https://www.kaigokensaku.mhlw.go.jp/12/index.php?action_kouhyou_detail_004_kani=true&JigyosyoCd=1272102367-00&ServiceCd=510&Type=search", "url2": "https://e-houseikai.or.jp/kagayakinosato/" }, "geometry": { "type": "Point", "coordinates": [ 140.063815284655789, 35.694744729615046 ] } },
{ "type": "Feature", "properties": { "内容": "特別養護老人ホーム　かがやきの郷福楽園（ユニット型）【介護老人福祉施設】千葉県習志野市東習志野1-1-20", "url": "https://www.kaigokensaku.mhlw.go.jp/12/index.php?action_kouhyou_detail_004_kani=true&JigyosyoCd=1272102375-00&ServiceCd=510&Type=search", "url2": "https://e-houseikai.or.jp/kagayakinosato/" }, "geometry": { "type": "Point", "coordinates": [ 140.063858200000027, 35.6951194 ] } },
{ "type": "Feature", "properties": { "内容": "特別養護老人ホーム　マイホーム習志野【介護老人福祉施設】千葉県習志野市屋敷1-1-1", "url": "https://www.kaigokensaku.mhlw.go.jp/12/index.php?action_kouhyou_detail_004_kani=true&JigyosyoCd=1272100684-00&ServiceCd=510&Type=search", "url2": "http://care-net.biz/12/keibikai" }, "geometry": { "type": "Point", "coordinates": [ 140.051240300000018, 35.6775892 ] } },
{ "type": "Feature", "properties": { "内容": "特別養護老人ホーム習志野偕生園【介護老人福祉施設】千葉県習志野市新栄1-10-2", "url": "https://www.kaigokensaku.mhlw.go.jp/12/index.php?action_kouhyou_detail_004_kani=true&JigyosyoCd=1272100072-00&ServiceCd=510&Type=search", "url2": "https://kyokuyukai.or.jp/" }, "geometry": { "type": "Point", "coordinates": [ 140.0623501, 35.6898463 ] } },
{ "type": "Feature", "properties": { "内容": "セイワ習志野介護老人福祉施設【介護老人福祉施設】千葉県習志野市秋津3-5-3", "url": "https://www.kaigokensaku.mhlw.go.jp/12/index.php?action_kouhyou_detail_004_kani=true&JigyosyoCd=1272100197-00&ServiceCd=510&Type=search", "url2": "http://www.seiwaen.org/" }, "geometry": { "type": "Point", "coordinates": [ 140.017221400000039, 35.668681 ] } },
{ "type": "Feature", "properties": { "内容": "特別養護老人ホーム習志野偕生園　（ユニット型）【介護老人福祉施設】千葉県習志野市新栄1-10-2", "url": "https://www.kaigokensaku.mhlw.go.jp/12/index.php?action_kouhyou_detail_004_kani=true&JigyosyoCd=1272101732-00&ServiceCd=510&Type=search", "url2": "http://kyokuyukai.or.jp" }, "geometry": { "type": "Point", "coordinates": [ 140.0623501, 35.6898463 ] } },
{ "type": "Feature", "properties": { "内容": "特別養護老人ホーム玲光苑習志野ローズ館【介護老人福祉施設】千葉県習志野市谷津3-14-7", "url": "https://www.kaigokensaku.mhlw.go.jp/12/index.php?action_kouhyou_detail_004_kani=true&JigyosyoCd=1272101807-00&ServiceCd=510&Type=search", "url2": "http://www.reikouen.or.jp" }, "geometry": { "type": "Point", "coordinates": [ 140.003768600000058, 35.6839855 ] } },
{ "type": "Feature", "properties": { "内容": "特別養護老人ホーム望陽荘【介護老人福祉施設】千葉県柏市みどり台１丁目３番１号", "url": "https://www.kaigokensaku.mhlw.go.jp/12/index.php?action_kouhyou_detail_004_kani=true&JigyosyoCd=1272200377-00&ServiceCd=510&Type=search", "url2": "http://www.bouyoukai.or.jp" }, "geometry": { "type": "Point", "coordinates": [ 139.920126799999906, 35.9009104 ] } },
{ "type": "Feature", "properties": { "内容": "特別養護老人ホーム温雅荘（ユニット型）【介護老人福祉施設】千葉県柏市十余二156番地1", "url": "https://www.kaigokensaku.mhlw.go.jp/12/index.php?action_kouhyou_detail_004_kani=true&JigyosyoCd=1272207828-00&ServiceCd=510&Type=search", "url2": "https://asukafukushikai.com/center_welfare/ongasou/" }, "geometry": { "type": "Point", "coordinates": [ 139.935078, 35.886297 ] } },
{ "type": "Feature", "properties": { "内容": "特別養護老人ホーム柏陽光園（ユニット型）【介護老人福祉施設】千葉県柏市酒井根393-1", "url": "https://www.kaigokensaku.mhlw.go.jp/12/index.php?action_kouhyou_detail_004_kani=true&JigyosyoCd=1272207976-00&ServiceCd=510&Type=search", "url2": "https://www.hakuju-kai.com/" }, "geometry": { "type": "Point", "coordinates": [ 139.9499739, 35.8260712 ] } },
{ "type": "Feature", "properties": { "内容": "特別養護老人ホーム柏陽光園（従来型）【介護老人福祉施設】千葉県柏市酒井根393-1", "url": "https://www.kaigokensaku.mhlw.go.jp/12/index.php?action_kouhyou_detail_004_kani=true&JigyosyoCd=1272207984-00&ServiceCd=510&Type=search", "url2": "https://www.hakuju-kai.com/" }, "geometry": { "type": "Point", "coordinates": [ 139.9499739, 35.8260712 ] } },
{ "type": "Feature", "properties": { "内容": "特別養護老人ホームハートかしわ【介護老人福祉施設】千葉県柏市高田1032番地1ハートかしわ", "url": "https://www.kaigokensaku.mhlw.go.jp/12/index.php?action_kouhyou_detail_004_kani=true&JigyosyoCd=1272201169-00&ServiceCd=510&Type=search", "url2": "https://heart-kashiwa.jp/" }, "geometry": { "type": "Point", "coordinates": [ 139.9561546, 35.8766549 ] } },
{ "type": "Feature", "properties": { "内容": "特別養護老人ホームマザーズガーデン【介護老人福祉施設】千葉県柏市布施1113-2", "url": "https://www.kaigokensaku.mhlw.go.jp/12/index.php?action_kouhyou_detail_004_kani=true&JigyosyoCd=1272201516-00&ServiceCd=510&Type=search", "url2": "https://www.mothersgarden.jp" }, "geometry": { "type": "Point", "coordinates": [ 140.0034498, 35.8870545 ] } },
{ "type": "Feature", "properties": { "内容": "特別養護老人ホーム柏きらりの風【介護老人福祉施設】千葉県柏市西原2-9-1", "url": "https://www.kaigokensaku.mhlw.go.jp/12/index.php?action_kouhyou_detail_004_kani=true&JigyosyoCd=1272201755-00&ServiceCd=510&Type=search", "url2": "https://ryofukai-kashiwa.jimdofree.com" }, "geometry": { "type": "Point", "coordinates": [ 139.920426799999973, 35.8975221 ] } },
{ "type": "Feature", "properties": { "内容": "特別養護老人ホーム四季の里（従来型）【介護老人福祉施設】千葉県柏市松ヶ崎８９９番地１", "url": "https://www.kaigokensaku.mhlw.go.jp/12/index.php?action_kouhyou_detail_004_kani=true&JigyosyoCd=1272200567-00&ServiceCd=510&Type=search", "url2": "http://www.aoikai.jp/" }, "geometry": { "type": "Point", "coordinates": [ 139.975578, 35.8766194 ] } },
{ "type": "Feature", "properties": { "内容": "特別養護老人ホーム四季の里（ユニット型）【介護老人福祉施設】千葉県柏市松ヶ崎899番地1", "url": "https://www.kaigokensaku.mhlw.go.jp/12/index.php?action_kouhyou_detail_004_kani=true&JigyosyoCd=1272204825-00&ServiceCd=510&Type=search", "url2": "https://www.aoikai.jp/shikinosato/" }, "geometry": { "type": "Point", "coordinates": [ 139.975578, 35.8766194 ] } },
{ "type": "Feature", "properties": { "内容": "特別養護老人ホーム八幡苑【介護老人福祉施設】千葉県柏市篠籠田１３９０", "url": "https://www.kaigokensaku.mhlw.go.jp/12/index.php?action_kouhyou_detail_004_kani=true&JigyosyoCd=1272200526-00&ServiceCd=510&Type=search", "url2": "https://www.houjukai.or.jp/" }, "geometry": { "type": "Point", "coordinates": [ 139.9470308, 35.8691585 ] } },
{ "type": "Feature", "properties": { "内容": "特別養護老人ホーム輝陽園【介護老人福祉施設】千葉県柏市酒井根４５－１", "url": "https://www.kaigokensaku.mhlw.go.jp/12/index.php?action_kouhyou_detail_004_kani=true&JigyosyoCd=1272200559-00&ServiceCd=510&Type=search", "url2": "https://www.minorikai.org/" }, "geometry": { "type": "Point", "coordinates": [ 139.962197800000013, 35.8213332 ] } },
{ "type": "Feature", "properties": { "内容": "特別養護老人ホーム八幡苑然然（ユニット型）【介護老人福祉施設】千葉県柏市篠籠田1386-12", "url": "https://www.kaigokensaku.mhlw.go.jp/12/index.php?action_kouhyou_detail_004_kani=true&JigyosyoCd=1272207505-00&ServiceCd=510&Type=search", "url2": "https://www.houjukai.or.jp/" }, "geometry": { "type": "Point", "coordinates": [ 139.947656382803331, 35.869714947016952 ] } },
{ "type": "Feature", "properties": { "内容": "特別養護老人ホーム沼風苑【介護老人福祉施設】千葉県柏市箕輪５８５番地", "url": "https://www.kaigokensaku.mhlw.go.jp/12/index.php?action_kouhyou_detail_004_kani=true&JigyosyoCd=1273800076-00&ServiceCd=510&Type=search", "url2": null }, "geometry": { "type": "Point", "coordinates": [ 140.0193822, 35.8538042 ] } },
{ "type": "Feature", "properties": { "内容": "特別養護老人ホーム八幡苑然然（従来型）【介護老人福祉施設】千葉県柏市篠籠田1386-12", "url": "https://www.kaigokensaku.mhlw.go.jp/12/index.php?action_kouhyou_detail_004_kani=true&JigyosyoCd=1272207471-00&ServiceCd=510&Type=search", "url2": "https://www.houjukai.or.jp/" }, "geometry": { "type": "Point", "coordinates": [ 139.94766711163939, 35.869719294080845 ] } },
{ "type": "Feature", "properties": { "内容": "特別養護老人ホームあおいの里・柏【介護老人福祉施設】千葉県柏市９８８番地１", "url": "https://www.kaigokensaku.mhlw.go.jp/12/index.php?action_kouhyou_detail_004_kani=true&JigyosyoCd=1272205335-00&ServiceCd=510&Type=search", "url2": "http://www.aoikai.jp" }, "geometry": { "type": "Point", "coordinates": [ 139.994779803240959, 35.848055243185264 ] } },
{ "type": "Feature", "properties": { "内容": "特別養護老人ホーム沼風苑新館【介護老人福祉施設】千葉県柏市箕輪５８５番地", "url": "https://www.kaigokensaku.mhlw.go.jp/12/index.php?action_kouhyou_detail_004_kani=true&JigyosyoCd=1272204791-00&ServiceCd=510&Type=search", "url2": "http://shofuen.or.jp/" }, "geometry": { "type": "Point", "coordinates": [ 140.019983014819331, 35.854256384130323 ] } },
{ "type": "Feature", "properties": { "内容": "特別養護老人ホームひかり隣保館【介護老人福祉施設】千葉県柏市十余二175-42", "url": "https://www.kaigokensaku.mhlw.go.jp/12/index.php?action_kouhyou_detail_004_kani=true&JigyosyoCd=1272200542-00&ServiceCd=510&Type=search", "url2": "https://www.rinpokan.jp/" }, "geometry": { "type": "Point", "coordinates": [ 139.940497199999982, 35.8882025 ] } },
{ "type": "Feature", "properties": { "内容": "特別養護老人ホーム藤心八幡苑【介護老人福祉施設】千葉県柏市藤心293-2", "url": "https://www.kaigokensaku.mhlw.go.jp/12/index.php?action_kouhyou_detail_004_kani=true&JigyosyoCd=1272200534-00&ServiceCd=510&Type=search", "url2": "https://www.houjukai.or.jp/" }, "geometry": { "type": "Point", "coordinates": [ 139.995954900000015, 35.8243498 ] } },
{ "type": "Feature", "properties": { "内容": "特別養護老人ホームかしわ安心館【介護老人福祉施設】千葉県柏市藤ケ谷810番地2", "url": "https://www.kaigokensaku.mhlw.go.jp/12/index.php?action_kouhyou_detail_004_kani=true&JigyosyoCd=1272205186-00&ServiceCd=510&Type=search", "url2": "http://tensenkai.jp/kashiwa_anshinkan/#gsc.tab=0" }, "geometry": { "type": "Point", "coordinates": [ 140.031674100000032, 35.8140544 ] } },
{ "type": "Feature", "properties": { "内容": "特別養護老人ホーム柏こひつじ園【介護老人福祉施設】千葉県柏市豊四季台三丁目１番４号", "url": "https://www.kaigokensaku.mhlw.go.jp/12/index.php?action_kouhyou_detail_004_kani=true&JigyosyoCd=1272203587-00&ServiceCd=510&Type=search", "url2": "http://kohitsujikai.jp" }, "geometry": { "type": "Point", "coordinates": [ 139.957438599999932, 35.8628599 ] } },
{ "type": "Feature", "properties": { "内容": "特別養護老人ホームアネシス【介護老人福祉施設】千葉県柏市手賀1682番地", "url": "https://www.kaigokensaku.mhlw.go.jp/12/index.php?action_kouhyou_detail_004_kani=true&JigyosyoCd=1273800043-00&ServiceCd=510&Type=search", "url2": "http://anecis.nadogaya.com/" }, "geometry": { "type": "Point", "coordinates": [ 140.080284799999959, 35.8327392 ] } },
{ "type": "Feature", "properties": { "内容": "特別養護老人ホームマーガレットヒル【介護老人福祉施設】千葉県柏市中新宿1-8-6", "url": "https://www.kaigokensaku.mhlw.go.jp/12/index.php?action_kouhyou_detail_004_kani=true&JigyosyoCd=1272200997-00&ServiceCd=510&Type=search", "url2": "http://s-sanseikai.or.jp" }, "geometry": { "type": "Point", "coordinates": [ 139.943573900000047, 35.8348447 ] } },
{ "type": "Feature", "properties": { "内容": "特別養護老人ホーム温雅荘（従来型）【介護老人福祉施設】千葉県柏市十余二156番地1", "url": "https://www.kaigokensaku.mhlw.go.jp/12/index.php?action_kouhyou_detail_004_kani=true&JigyosyoCd=1272207810-00&ServiceCd=510&Type=search", "url2": "https://asukafukushikai.com/center_welfare/ongasou/" }, "geometry": { "type": "Point", "coordinates": [ 139.935078, 35.886297 ] } },
{ "type": "Feature", "properties": { "内容": "特別養護老人ホーム新柏ヴィヴァンホーム【介護老人福祉施設】千葉県柏市中原1815番5", "url": "https://www.kaigokensaku.mhlw.go.jp/12/index.php?action_kouhyou_detail_004_kani=true&JigyosyoCd=1272202415-00&ServiceCd=510&Type=search", "url2": "https://www.vivant-home.jp" }, "geometry": { "type": "Point", "coordinates": [ 139.972065199999946, 35.8369118 ] } },
{ "type": "Feature", "properties": { "内容": "特別養護老人ホーム　オーシャンビュー勝浦（ユニット型）【介護老人福祉施設】千葉県勝浦市部原1930番地3", "url": "https://www.kaigokensaku.mhlw.go.jp/12/index.php?action_kouhyou_detail_004_kani=true&JigyosyoCd=1272300409-00&ServiceCd=510&Type=search", "url2": null }, "geometry": { "type": "Point", "coordinates": [ 140.334467299999972, 35.168214 ] } },
{ "type": "Feature", "properties": { "内容": "特別養護老人ホーム　勝浦裕和園【介護老人福祉施設】千葉県勝浦市市野郷２３０番地１", "url": "https://www.kaigokensaku.mhlw.go.jp/12/index.php?action_kouhyou_detail_004_kani=true&JigyosyoCd=1272300078-00&ServiceCd=510&Type=search", "url2": "https://onjukai.com" }, "geometry": { "type": "Point", "coordinates": [ 140.278514286508226, 35.228529275436657 ] } },
{ "type": "Feature", "properties": { "内容": "特別養護老人ホームオーシャンビュー勝浦（従来型）【介護老人福祉施設】千葉県勝浦市部原1930番地3", "url": "https://www.kaigokensaku.mhlw.go.jp/12/index.php?action_kouhyou_detail_004_kani=true&JigyosyoCd=1272300342-00&ServiceCd=510&Type=search", "url2": null }, "geometry": { "type": "Point", "coordinates": [ 140.334452984318062, 35.168321479918887 ] } },
{ "type": "Feature", "properties": { "内容": "特別養護老人ホーム名木緑風苑【介護老人福祉施設】千葉県勝浦市名木89番地13", "url": "https://www.kaigokensaku.mhlw.go.jp/12/index.php?action_kouhyou_detail_004_kani=true&JigyosyoCd=1272300268-00&ServiceCd=510&Type=search", "url2": "http://www.ryokufuuen.jp/" }, "geometry": { "type": "Point", "coordinates": [ 140.232040552778642, 35.153032397724601 ] } },
{ "type": "Feature", "properties": { "内容": "ユニット型特別養護老人ホーム名木緑風苑【介護老人福祉施設】千葉県勝浦市名木89番地13", "url": "https://www.kaigokensaku.mhlw.go.jp/12/index.php?action_kouhyou_detail_004_kani=true&JigyosyoCd=1272300276-00&ServiceCd=510&Type=search", "url2": "http://www.ryokufuuen.jp/" }, "geometry": { "type": "Point", "coordinates": [ 140.232047400000056, 35.1533972 ] } },
{ "type": "Feature", "properties": { "内容": "特別養護老人ホーム　緑祐の郷【介護老人福祉施設】千葉県市原市養老998-1", "url": "https://www.kaigokensaku.mhlw.go.jp/12/index.php?action_kouhyou_detail_004_kani=true&JigyosyoCd=1272402452-00&ServiceCd=510&Type=search", "url2": "http://ichihara-uguisukai.jp/ryokuyunosato/" }, "geometry": { "type": "Point", "coordinates": [ 140.15327173677062, 35.356284053925009 ] } },
{ "type": "Feature", "properties": { "内容": "特別養護老人ホーム　緑佑の郷　II【介護老人福祉施設】千葉県市原市養老９９８－１", "url": "https://www.kaigokensaku.mhlw.go.jp/12/index.php?action_kouhyou_detail_004_kani=true&JigyosyoCd=1272402460-00&ServiceCd=510&Type=search", "url2": "http://ichihara-uguisukai.jp/ryokuyunosato/" }, "geometry": { "type": "Point", "coordinates": [ 140.153518500000018, 35.3560128 ] } },
{ "type": "Feature", "properties": { "内容": "特別養護老人ホーム　高滝神明の里【介護老人福祉施設】千葉県市原市駒込字初崎１９６番１", "url": "https://www.kaigokensaku.mhlw.go.jp/12/index.php?action_kouhyou_detail_004_kani=true&JigyosyoCd=1272400548-00&ServiceCd=510&Type=search", "url2": "http://www.shinmeinosato.com/" }, "geometry": { "type": "Point", "coordinates": [ 140.14831003254082, 35.364501936900346 ] } },
{ "type": "Feature", "properties": { "内容": "特別養護老人ホーム　やまき【介護老人福祉施設】千葉県市原市山木307-1", "url": "https://www.kaigokensaku.mhlw.go.jp/12/index.php?action_kouhyou_detail_004_kani=true&JigyosyoCd=1272404748-00&ServiceCd=510&Type=search", "url2": "http://ichihara-uguisukai.jp" }, "geometry": { "type": "Point", "coordinates": [ 140.14337409999996, 35.517277300000018 ] } },
{ "type": "Feature", "properties": { "内容": "特別養護老人ホーム　しらつかⅡ【介護老人福祉施設】千葉県市原市白塚603-1", "url": "https://www.kaigokensaku.mhlw.go.jp/12/index.php?action_kouhyou_detail_004_kani=true&JigyosyoCd=1272404193-00&ServiceCd=510&Type=search", "url2": "http://ichihara-uguisukai.jp/" }, "geometry": { "type": "Point", "coordinates": [ 140.058955554461676, 35.489459842091726 ] } },
{ "type": "Feature", "properties": { "内容": "特別養護老人ホーム　しらつか【介護老人福祉施設】千葉県市原市白塚603-1", "url": "https://www.kaigokensaku.mhlw.go.jp/12/index.php?action_kouhyou_detail_004_kani=true&JigyosyoCd=1272404185-00&ServiceCd=510&Type=search", "url2": "http://ichihara-uguisukai.jp/" }, "geometry": { "type": "Point", "coordinates": [ 140.058952672491642, 35.489448081492803 ] } },
{ "type": "Feature", "properties": { "内容": "特別養護老人ホーム清流園（ユニット型）【介護老人福祉施設】千葉県市原市勝間下五反目337番2", "url": "https://www.kaigokensaku.mhlw.go.jp/12/index.php?action_kouhyou_detail_004_kani=true&JigyosyoCd=1272402635-00&ServiceCd=510&Type=search", "url2": "http://webmaster-seiryukai.com/" }, "geometry": { "type": "Point", "coordinates": [ 140.165109499999971, 35.4785493 ] } },
{ "type": "Feature", "properties": { "内容": "特別養護老人ホーム　グランモア和光苑【介護老人福祉施設】千葉県市原市椎津５番地１号", "url": "https://www.kaigokensaku.mhlw.go.jp/12/index.php?action_kouhyou_detail_004_kani=true&JigyosyoCd=1272400324-00&ServiceCd=510&Type=search", "url2": "http://www.mmjp.or.jp/wakouen/" }, "geometry": { "type": "Point", "coordinates": [ 140.026951300000064, 35.4677711 ] } },
{ "type": "Feature", "properties": { "内容": "特別養護老人ホーム　市原園【介護老人福祉施設】千葉県市原市万田野732番地6社会福祉法人　昭和村", "url": "https://www.kaigokensaku.mhlw.go.jp/12/index.php?action_kouhyou_detail_004_kani=true&JigyosyoCd=1272400068-00&ServiceCd=510&Type=search", "url2": "http://www.showamura.or.jp" }, "geometry": { "type": "Point", "coordinates": [ 140.1238727, 35.3220892 ] } },
{ "type": "Feature", "properties": { "内容": "特別養護老人ホーム辰巳萬緑苑【介護老人福祉施設】千葉県市原市神崎263-1", "url": "https://www.kaigokensaku.mhlw.go.jp/12/index.php?action_kouhyou_detail_004_kani=true&JigyosyoCd=1272400274-00&ServiceCd=510&Type=search", "url2": "http://www.takushinkai.net" }, "geometry": { "type": "Point", "coordinates": [ 140.153506500000049, 35.5082449 ] } },
{ "type": "Feature", "properties": { "内容": "特別養護老人ホーム　ふるさと苑【介護老人福祉施設】千葉県市原市能満1925番282", "url": "https://www.kaigokensaku.mhlw.go.jp/12/index.php?action_kouhyou_detail_004_kani=true&JigyosyoCd=1272400357-00&ServiceCd=510&Type=search", "url2": "https://furusatoen.or.jp/" }, "geometry": { "type": "Point", "coordinates": [ 140.144621288853273, 35.499487701772459 ] } },
{ "type": "Feature", "properties": { "内容": "特別養護老人ホーム清流園【介護老人福祉施設】千葉県市原市勝間下五反目337番2", "url": "https://www.kaigokensaku.mhlw.go.jp/12/index.php?action_kouhyou_detail_004_kani=true&JigyosyoCd=1272400365-00&ServiceCd=510&Type=search", "url2": "http://webmaster-seiryukai.com/" }, "geometry": { "type": "Point", "coordinates": [ 140.165109499999971, 35.4785493 ] } },
{ "type": "Feature", "properties": { "内容": "特別養護老人ホームあじさい苑【介護老人福祉施設】千葉県市原市新堀947-3", "url": "https://www.kaigokensaku.mhlw.go.jp/12/index.php?action_kouhyou_detail_004_kani=true&JigyosyoCd=1272400761-00&ServiceCd=510&Type=search", "url2": "http://www.n-ajisaien.jp/" }, "geometry": { "type": "Point", "coordinates": [ 140.137472099999968, 35.467717 ] } },
{ "type": "Feature", "properties": { "内容": "特別養護老人ホームあじさい苑ユニット型【介護老人福祉施設】千葉県市原市新堀947-3", "url": "https://www.kaigokensaku.mhlw.go.jp/12/index.php?action_kouhyou_detail_004_kani=true&JigyosyoCd=1272402668-00&ServiceCd=510&Type=search", "url2": "http://www.n-ajisaien.jp/" }, "geometry": { "type": "Point", "coordinates": [ 140.137472099999968, 35.467717 ] } },
{ "type": "Feature", "properties": { "内容": "特別養護老人ホームトータス【介護老人福祉施設】千葉県市原市鶴舞559-1", "url": "https://www.kaigokensaku.mhlw.go.jp/12/index.php?action_kouhyou_detail_004_kani=true&JigyosyoCd=1272401603-00&ServiceCd=510&Type=search", "url2": "http://www.ctg.or.jp/" }, "geometry": { "type": "Point", "coordinates": [ 140.184235700000045, 35.3871258 ] } },
{ "type": "Feature", "properties": { "内容": "特別養護老人ホーム　グリーンライフ・ネクステ【介護老人福祉施設】千葉県市原市福増459-1", "url": "https://www.kaigokensaku.mhlw.go.jp/12/index.php?action_kouhyou_detail_004_kani=true&JigyosyoCd=1272403617-00&ServiceCd=510&Type=search", "url2": "https://yamanokami-fukushikai.com/" }, "geometry": { "type": "Point", "coordinates": [ 140.134649248301656, 35.471965397260938 ] } },
{ "type": "Feature", "properties": { "内容": "特別養護老人ホームゆうしゅう園【介護老人福祉施設】千葉県市原市天羽田下細山1500番3", "url": "https://www.kaigokensaku.mhlw.go.jp/12/index.php?action_kouhyou_detail_004_kani=true&JigyosyoCd=1272400183-00&ServiceCd=510&Type=search", "url2": "https://ss-yushuen.jimdo.com/" }, "geometry": { "type": "Point", "coordinates": [ 140.059727738664861, 35.432783274111088 ] } },
{ "type": "Feature", "properties": { "内容": "特別養護老人ホーム　やまきⅡ【介護老人福祉施設】千葉県市原市山木307-1", "url": "https://www.kaigokensaku.mhlw.go.jp/12/index.php?action_kouhyou_detail_004_kani=true&JigyosyoCd=1272404755-00&ServiceCd=510&Type=search", "url2": "http://ichihara-uguisukai.jp" }, "geometry": { "type": "Point", "coordinates": [ 140.14337409999996, 35.517277300000018 ] } },
{ "type": "Feature", "properties": { "内容": "特別養護老人ホーム青柳園【介護老人福祉施設】千葉県市原市青柳３－６－６", "url": "https://www.kaigokensaku.mhlw.go.jp/12/index.php?action_kouhyou_detail_004_kani=true&JigyosyoCd=1272400340-00&ServiceCd=510&Type=search", "url2": "http://www.ichihara-aoyagien.com/" }, "geometry": { "type": "Point", "coordinates": [ 140.056205299999988, 35.502902 ] } },
{ "type": "Feature", "properties": { "内容": "特別養護老人ホームグリーンホーム【介護老人福祉施設】千葉県市原市喜多893番地1", "url": "https://www.kaigokensaku.mhlw.go.jp/12/index.php?action_kouhyou_detail_004_kani=true&JigyosyoCd=1272403187-00&ServiceCd=510&Type=search", "url2": "http://ichihara-uguisukai.jp/" }, "geometry": { "type": "Point", "coordinates": [ 140.185851700000057, 35.49315880000001 ] } },
{ "type": "Feature", "properties": { "内容": "特別養護老人ホームリバーパレス流山【介護老人福祉施設】千葉県流山市西深井１４２", "url": "https://www.kaigokensaku.mhlw.go.jp/12/index.php?action_kouhyou_detail_004_kani=true&JigyosyoCd=1272500313-00&ServiceCd=510&Type=search", "url2": "http://kyokuyukai.or.jp/" }, "geometry": { "type": "Point", "coordinates": [ 139.893473299999982, 35.9075843 ] } },
{ "type": "Feature", "properties": { "内容": "特別養護老人ホーム流山こまぎ安心館【介護老人福祉施設】千葉県流山市駒木649番地の3", "url": "https://www.kaigokensaku.mhlw.go.jp/12/index.php?action_kouhyou_detail_004_kani=true&JigyosyoCd=1272501543-00&ServiceCd=510&Type=search", "url2": "https://tensenkai.jp/komagi_anshinkan/" }, "geometry": { "type": "Point", "coordinates": [ 139.9345035, 35.8852971 ] } },
{ "type": "Feature", "properties": { "内容": "特別養護老人ホーム流山こまぎ安心館Ⅱ【介護老人福祉施設】千葉県流山市駒木649番地の3", "url": "https://www.kaigokensaku.mhlw.go.jp/12/index.php?action_kouhyou_detail_004_kani=true&JigyosyoCd=1272501535-00&ServiceCd=510&Type=search", "url2": "https://tensenkai.jp/komagi_anshinkan/" }, "geometry": { "type": "Point", "coordinates": [ 139.9345035, 35.8852971 ] } },
{ "type": "Feature", "properties": { "内容": "特別養護老人ホームあざみ苑【介護老人福祉施設】千葉県流山市野々下2丁目488番地5", "url": "https://www.kaigokensaku.mhlw.go.jp/12/index.php?action_kouhyou_detail_004_kani=true&JigyosyoCd=1272500321-00&ServiceCd=510&Type=search", "url2": "http://www.nagareyamaakebonokai.or.jp/azamien/top.html" }, "geometry": { "type": "Point", "coordinates": [ 139.932463, 35.8586487 ] } },
{ "type": "Feature", "properties": { "内容": "特別養護老人ホーム時の花【介護老人福祉施設】千葉県流山市流山9-500-31", "url": "https://www.kaigokensaku.mhlw.go.jp/12/index.php?action_kouhyou_detail_004_kani=true&JigyosyoCd=1272503507-00&ServiceCd=510&Type=search", "url2": "http://www.akagimanyo.com./" }, "geometry": { "type": "Point", "coordinates": [ 139.901447600000012, 35.8480914 ] } },
{ "type": "Feature", "properties": { "内容": "特別養護老人ホーム花のいろ【介護老人福祉施設】千葉県流山市中野久木421", "url": "https://www.kaigokensaku.mhlw.go.jp/12/index.php?action_kouhyou_detail_004_kani=true&JigyosyoCd=1272502681-00&ServiceCd=510&Type=search", "url2": "http://www.akagimanyo.com/" }, "geometry": { "type": "Point", "coordinates": [ 139.899202940028346, 35.89401034268819 ] } },
{ "type": "Feature", "properties": { "内容": "特別養護老人ホーム月の船【介護老人福祉施設】千葉県流山市野々下1-292", "url": "https://www.kaigokensaku.mhlw.go.jp/12/index.php?action_kouhyou_detail_004_kani=true&JigyosyoCd=1272501824-00&ServiceCd=510&Type=search", "url2": "http://www.akagimanyo.com/" }, "geometry": { "type": "Point", "coordinates": [ 139.92536640000003, 35.8615174 ] } },
{ "type": "Feature", "properties": { "内容": "特別養護老人ホームでいご【介護老人福祉施設】千葉県流山市こうのす台634-1", "url": "https://www.kaigokensaku.mhlw.go.jp/12/index.php?action_kouhyou_detail_004_kani=true&JigyosyoCd=1272502434-00&ServiceCd=510&Type=search", "url2": "http://www.nagareyamaakebonokai.or.jp/deigo/top.html" }, "geometry": { "type": "Point", "coordinates": [ 139.918969294618137, 35.910287391509634 ] } },
{ "type": "Feature", "properties": { "内容": "特別養護老人ホーム慶櫻美原の森（従来型）【介護老人福祉施設】千葉県流山市美原3-46", "url": "https://www.kaigokensaku.mhlw.go.jp/12/index.php?action_kouhyou_detail_004_kani=true&JigyosyoCd=1272502939-00&ServiceCd=510&Type=search", "url2": "https://www.shakaihukusihoujinnmusashinokai.com/" }, "geometry": { "type": "Point", "coordinates": [ 139.9015076, 35.9022081 ] } },
{ "type": "Feature", "properties": { "内容": "特別養護老人ホーム慶櫻美原の森（ユニット型）【介護老人福祉施設】千葉県流山市美原3-46", "url": "https://www.kaigokensaku.mhlw.go.jp/12/index.php?action_kouhyou_detail_004_kani=true&JigyosyoCd=1272502913-00&ServiceCd=510&Type=search", "url2": "https://www.shakaihukusihoujinnmusashinokai.com/" }, "geometry": { "type": "Point", "coordinates": [ 139.9015076, 35.90220810000001 ] } },
{ "type": "Feature", "properties": { "内容": "特別養護老人ホーム美晴らしの里【介護老人福祉施設】千葉県流山市名都借１１２６番地", "url": "https://www.kaigokensaku.mhlw.go.jp/12/index.php?action_kouhyou_detail_004_kani=true&JigyosyoCd=1272502228-00&ServiceCd=510&Type=search", "url2": "https://www.miharashinosato.jp/" }, "geometry": { "type": "Point", "coordinates": [ 139.944231700000046, 35.8495979 ] } },
{ "type": "Feature", "properties": { "内容": "特別養護老人ホーム太陽の里おおたかの森（従来型）【介護老人福祉施設】千葉県流山市西初石4-368-3", "url": "https://www.kaigokensaku.mhlw.go.jp/12/index.php?action_kouhyou_detail_004_kani=true&JigyosyoCd=1272503044-00&ServiceCd=510&Type=search", "url2": "https://www.taiyonosato.net" }, "geometry": { "type": "Point", "coordinates": [ 139.9137815, 35.8792977 ] } },
{ "type": "Feature", "properties": { "内容": "特別養護老人ホーム太陽の里おおたかの森（ユニット型）【介護老人福祉施設】千葉県流山市西初石4丁目368番3", "url": "https://www.kaigokensaku.mhlw.go.jp/12/index.php?action_kouhyou_detail_004_kani=true&JigyosyoCd=1272503051-00&ServiceCd=510&Type=search", "url2": "https://www.taiyonosato.net" }, "geometry": { "type": "Point", "coordinates": [ 139.913389897483825, 35.878732648011315 ] } },
{ "type": "Feature", "properties": { "内容": "特別養護老人ホームはまなす苑【介護老人福祉施設】千葉県流山市こうのす台269番地1", "url": "https://www.kaigokensaku.mhlw.go.jp/12/index.php?action_kouhyou_detail_004_kani=true&JigyosyoCd=1272501022-00&ServiceCd=510&Type=search", "url2": "http://www.nagareyamaakebonokai.or.jp/hamanasuen/top.html" }, "geometry": { "type": "Point", "coordinates": [ 139.919179200000031, 35.9090482 ] } },
{ "type": "Feature", "properties": { "内容": "ユニット型特別養護老人ホーム八千代城【介護老人福祉施設】千葉県八千代市保品2070-5", "url": "https://www.kaigokensaku.mhlw.go.jp/12/index.php?action_kouhyou_detail_004_kani=true&JigyosyoCd=1272602085-00&ServiceCd=510&Type=search", "url2": "http://park3.wakwak.com/~yachiyojou/" }, "geometry": { "type": "Point", "coordinates": [ 140.133034299999963, 35.7641762 ] } },
{ "type": "Feature", "properties": { "内容": "特別養護老人ホーム　八千代城【介護老人福祉施設】千葉県八千代市保品2070－5", "url": "https://www.kaigokensaku.mhlw.go.jp/12/index.php?action_kouhyou_detail_004_kani=true&JigyosyoCd=1272600303-00&ServiceCd=510&Type=search", "url2": "http://park3.wakwak.com/~yachiyojou/" }, "geometry": { "type": "Point", "coordinates": [ 140.133034299999963, 35.7641762 ] } },
{ "type": "Feature", "properties": { "内容": "特別養護老人ホーム　はなみずき【介護老人福祉施設】千葉県八千代市島田台９９８－４", "url": "https://www.kaigokensaku.mhlw.go.jp/12/index.php?action_kouhyou_detail_004_kani=true&JigyosyoCd=1272600212-00&ServiceCd=510&Type=search", "url2": "http://seimeikai-hanamizuki.com/" }, "geometry": { "type": "Point", "coordinates": [ 140.0980151, 35.7702923 ] } },
{ "type": "Feature", "properties": { "内容": "特別養護老人ホーム美香苑【介護老人福祉施設】千葉県八千代市村上６４１", "url": "https://www.kaigokensaku.mhlw.go.jp/12/index.php?action_kouhyou_detail_004_kani=true&JigyosyoCd=1272600022-00&ServiceCd=510&Type=search", "url2": "https://www.bikou.net/" }, "geometry": { "type": "Point", "coordinates": [ 140.119379, 35.7426503 ] } },
{ "type": "Feature", "properties": { "内容": "特別養護老人ホーム緑が丘美香苑（ユニット型）【介護老人福祉施設】千葉県八千代市緑が丘西7-13-3", "url": "https://www.kaigokensaku.mhlw.go.jp/12/index.php?action_kouhyou_detail_004_kani=true&JigyosyoCd=1272603596-00&ServiceCd=510&Type=search", "url2": "https://www.bikou.net" }, "geometry": { "type": "Point", "coordinates": [ 140.073083636770605, 35.742319598294344 ] } },
{ "type": "Feature", "properties": { "内容": "特別養護老人ホーム緑が丘美香苑（従来型）【介護老人福祉施設】千葉県八千代市緑が丘西7-13-3", "url": "https://www.kaigokensaku.mhlw.go.jp/12/index.php?action_kouhyou_detail_004_kani=true&JigyosyoCd=1272603604-00&ServiceCd=510&Type=search", "url2": "https://www.bikou.net" }, "geometry": { "type": "Point", "coordinates": [ 140.073330399999946, 35.7413051 ] } },
{ "type": "Feature", "properties": { "内容": "特別養護老人ホーム愛生苑【介護老人福祉施設】千葉県八千代市吉橋１０５９－１７", "url": "https://www.kaigokensaku.mhlw.go.jp/12/index.php?action_kouhyou_detail_004_kani=true&JigyosyoCd=1272600295-00&ServiceCd=510&Type=search", "url2": "http://www.aiseien.or.jp" }, "geometry": { "type": "Point", "coordinates": [ 140.075396700000027, 35.7324944 ] } },
{ "type": "Feature", "properties": { "内容": "ユニット型　特別養護老人ホーム　はなみずき【介護老人福祉施設】千葉県八千代市島田台９９８－４", "url": "https://www.kaigokensaku.mhlw.go.jp/12/index.php?action_kouhyou_detail_004_kani=true&JigyosyoCd=1272602143-00&ServiceCd=510&Type=search", "url2": "http://seimeikai-hanamizuki.com/" }, "geometry": { "type": "Point", "coordinates": [ 140.0980151, 35.7702923 ] } },
{ "type": "Feature", "properties": { "内容": "特別養護老人ホームグリーンヒル【介護老人福祉施設】千葉県八千代市上高野２０５８－５", "url": "https://www.kaigokensaku.mhlw.go.jp/12/index.php?action_kouhyou_detail_004_kani=true&JigyosyoCd=1272600287-00&ServiceCd=510&Type=search", "url2": "http://www.greenhill.or.jp" }, "geometry": { "type": "Point", "coordinates": [ 140.127306399999952, 35.7372204 ] } },
{ "type": "Feature", "properties": { "内容": "特別養護老人ホームほうゆうの里【介護老人福祉施設】千葉県八千代市上高野157", "url": "https://www.kaigokensaku.mhlw.go.jp/12/index.php?action_kouhyou_detail_004_kani=true&JigyosyoCd=1272601806-00&ServiceCd=510&Type=search", "url2": "https://houyukai.or.jp/" }, "geometry": { "type": "Point", "coordinates": [ 140.127800200000024, 35.7446531 ] } },
{ "type": "Feature", "properties": { "内容": "特別養護老人ホームほうゆうの里（従来型）【介護老人福祉施設】千葉県八千代市上高野157", "url": "https://www.kaigokensaku.mhlw.go.jp/12/index.php?action_kouhyou_detail_004_kani=true&JigyosyoCd=1272602986-00&ServiceCd=510&Type=search", "url2": "http://houyukai.or.jp" }, "geometry": { "type": "Point", "coordinates": [ 140.127909600000066, 35.7445366 ] } },
{ "type": "Feature", "properties": { "内容": "特別養護老人ホームカーサ・八千代【介護老人福祉施設】千葉県八千代市吉橋2700-1カーサ・八千代", "url": "https://www.kaigokensaku.mhlw.go.jp/12/index.php?action_kouhyou_detail_004_kani=true&JigyosyoCd=1272603729-00&ServiceCd=510&Type=search", "url2": "https://www.casa-minano.com/info/yachiyo.html" }, "geometry": { "type": "Point", "coordinates": [ 140.073679199999987, 35.7446664 ] } },
{ "type": "Feature", "properties": { "内容": "特別養護老人ホーム　けやきの里従来型【介護老人福祉施設】千葉県我孫子市青山417番地", "url": "https://www.kaigokensaku.mhlw.go.jp/12/index.php?action_kouhyou_detail_004_kani=true&JigyosyoCd=1272701663-00&ServiceCd=510&Type=search", "url2": "https://kojk.jp/keyakinosato/index.html" }, "geometry": { "type": "Point", "coordinates": [ 140.048914299999979, 35.8839315 ] } },
{ "type": "Feature", "properties": { "内容": "特別養護老人ホーム　けやきの里　ユニット【介護老人福祉施設】千葉県我孫子市青山４１７番", "url": "https://www.kaigokensaku.mhlw.go.jp/12/index.php?action_kouhyou_detail_004_kani=true&JigyosyoCd=1272701671-00&ServiceCd=510&Type=search", "url2": "https://kojk.jp/keyakinosato/index.html" }, "geometry": { "type": "Point", "coordinates": [ 140.051945874568219, 35.877032009259111 ] } },
{ "type": "Feature", "properties": { "内容": "特別養護老人ホームあおいの里・我孫子（ユニット型）【介護老人福祉施設】千葉県我孫子市柴崎216-1", "url": "https://www.kaigokensaku.mhlw.go.jp/12/index.php?action_kouhyou_detail_004_kani=true&JigyosyoCd=1272701390-00&ServiceCd=510&Type=search", "url2": "https://www.aoikai.jp/aoinosato-abiko/" }, "geometry": { "type": "Point", "coordinates": [ 140.034891199999947, 35.8737798 ] } },
{ "type": "Feature", "properties": { "内容": "特別養護老人ホームあおいの里・我孫子（従来型）【介護老人福祉施設】千葉県我孫子市柴崎216-1", "url": "https://www.kaigokensaku.mhlw.go.jp/12/index.php?action_kouhyou_detail_004_kani=true&JigyosyoCd=1272701382-00&ServiceCd=510&Type=search", "url2": "https://www.aoikai.jp/aoinosato-abiko/" }, "geometry": { "type": "Point", "coordinates": [ 140.035727, 35.8778736 ] } },
{ "type": "Feature", "properties": { "内容": "特別養護老人ホームけやきの里あやめ館　従来型【介護老人福祉施設】千葉県我孫子市青山415", "url": "https://www.kaigokensaku.mhlw.go.jp/12/index.php?action_kouhyou_detail_004_kani=true&JigyosyoCd=1272702133-00&ServiceCd=510&Type=search", "url2": "https://kojk.jp/ayamekan/index.html" }, "geometry": { "type": "Point", "coordinates": [ 140.051614699999988, 35.8771406 ] } },
{ "type": "Feature", "properties": { "内容": "特別養護老人ホームけやきの里あやめ館ユニット型【介護老人福祉施設】千葉県我孫子市青山415", "url": "https://www.kaigokensaku.mhlw.go.jp/12/index.php?action_kouhyou_detail_004_kani=true&JigyosyoCd=1272702125-00&ServiceCd=510&Type=search", "url2": "https://kojk.jp/ayamekan/index.html" }, "geometry": { "type": "Point", "coordinates": [ 140.051614699999988, 35.8771406 ] } },
{ "type": "Feature", "properties": { "内容": "特別養護老人ホーム久遠苑【介護老人福祉施設】千葉県我孫子市日秀208番地", "url": "https://www.kaigokensaku.mhlw.go.jp/12/index.php?action_kouhyou_detail_004_kani=true&JigyosyoCd=1272700210-00&ServiceCd=510&Type=search", "url2": "http://www.z-kuonen.com" }, "geometry": { "type": "Point", "coordinates": [ 140.088888499999939, 35.8609658 ] } },
{ "type": "Feature", "properties": { "内容": "特別養護老人ホーム和楽園【介護老人福祉施設】千葉県我孫子市中峠字篠堤２４７３番", "url": "https://www.kaigokensaku.mhlw.go.jp/12/index.php?action_kouhyou_detail_004_kani=true&JigyosyoCd=1272700228-00&ServiceCd=510&Type=search", "url2": "http://www.eiko-kai.or.jp/" }, "geometry": { "type": "Point", "coordinates": [ 140.076245200000017, 35.8734473 ] } },
{ "type": "Feature", "properties": { "内容": "特別養護老人ホームアクイール【介護老人福祉施設】千葉県我孫子市岡発戸1498", "url": "https://www.kaigokensaku.mhlw.go.jp/12/index.php?action_kouhyou_detail_004_kani=true&JigyosyoCd=1272701176-00&ServiceCd=510&Type=search", "url2": "https://www.acomoder.or.jp/" }, "geometry": { "type": "Point", "coordinates": [ 140.060151184130859, 35.861289260492484 ] } },
{ "type": "Feature", "properties": { "内容": "ユニット型特別養護老人ホームアクイール【介護老人福祉施設】千葉県我孫子市岡発戸１４９８", "url": "https://www.kaigokensaku.mhlw.go.jp/12/index.php?action_kouhyou_detail_004_kani=true&JigyosyoCd=1272701184-00&ServiceCd=510&Type=search", "url2": "https://www.acomoder.or.jp/" }, "geometry": { "type": "Point", "coordinates": [ 140.060821736384582, 35.861497941474362 ] } },
{ "type": "Feature", "properties": { "内容": "特別養護老人ホームアコモード【介護老人福祉施設】千葉県我孫子市布佐1559-2", "url": "https://www.kaigokensaku.mhlw.go.jp/12/index.php?action_kouhyou_detail_004_kani=true&JigyosyoCd=1272700145-00&ServiceCd=510&Type=search", "url2": "https://www.acomoder.or.jp/" }, "geometry": { "type": "Point", "coordinates": [ 140.12494659999993, 35.8556833 ] } },
{ "type": "Feature", "properties": { "内容": "特別養護老人ホーム　めぐみの里【介護老人福祉施設】千葉県鴨川市大幡1222-1", "url": "https://www.kaigokensaku.mhlw.go.jp/12/index.php?action_kouhyou_detail_004_kani=true&JigyosyoCd=1272800150-00&ServiceCd=510&Type=search", "url2": "http://www.taiyou-kai.jp/megumi/index.html" }, "geometry": { "type": "Point", "coordinates": [ 139.98885580000001, 35.1362082 ] } },
{ "type": "Feature", "properties": { "内容": "特別養護老人ホーム南小町【介護老人福祉施設】千葉県鴨川市南小町809番地1", "url": "https://www.kaigokensaku.mhlw.go.jp/12/index.php?action_kouhyou_detail_004_kani=true&JigyosyoCd=1272800598-00&ServiceCd=510&Type=search", "url2": "https://eiwa.or.jp/" }, "geometry": { "type": "Point", "coordinates": [ 140.034071396958865, 35.128410484250189 ] } },
{ "type": "Feature", "properties": { "内容": "特別養護老人ホーム南小町（ユニット型）【介護老人福祉施設】千葉県鴨川市南小町809番地1", "url": "https://www.kaigokensaku.mhlw.go.jp/12/index.php?action_kouhyou_detail_004_kani=true&JigyosyoCd=1272800606-00&ServiceCd=510&Type=search", "url2": "https://eiwa.or.jp/" }, "geometry": { "type": "Point", "coordinates": [ 140.034066032540835, 35.128419258983826 ] } },
{ "type": "Feature", "properties": { "内容": "特別養護老人ホーム千の風・清澄【介護老人福祉施設】千葉県鴨川市天津３４６６", "url": "https://www.kaigokensaku.mhlw.go.jp/12/index.php?action_kouhyou_detail_004_kani=true&JigyosyoCd=1272800291-00&ServiceCd=510&Type=search", "url2": "http:/www.kenjin.or.jp/sennokaze/index.html" }, "geometry": { "type": "Point", "coordinates": [ 140.1504774, 35.1334017 ] } },
{ "type": "Feature", "properties": { "内容": "特別養護老人ホームなごみ三清荘（従来型）【介護老人福祉施設】千葉県鎌ヶ谷市初富919-16", "url": "https://www.kaigokensaku.mhlw.go.jp/12/index.php?action_kouhyou_detail_004_kani=true&JigyosyoCd=1272902584-00&ServiceCd=510&Type=search", "url2": "https://www.keizankai.or.jp" }, "geometry": { "type": "Point", "coordinates": [ 140.0083386, 35.7800154 ] } },
{ "type": "Feature", "properties": { "内容": "特別養護老人ホームなごみ三清荘（ユニット型）【介護老人福祉施設】千葉県鎌ケ谷市初富字五本松919-16", "url": "https://www.kaigokensaku.mhlw.go.jp/12/index.php?action_kouhyou_detail_004_kani=true&JigyosyoCd=1272902592-00&ServiceCd=510&Type=search", "url2": "https://www.keizankai.or.jp/" }, "geometry": { "type": "Point", "coordinates": [ 140.0083386, 35.7800154 ] } },
{ "type": "Feature", "properties": { "内容": "特別養護老人ホーム　鎌ヶ谷翔裕園【介護老人福祉施設】千葉県鎌ケ谷市初富字東野848番地10", "url": "https://www.kaigokensaku.mhlw.go.jp/12/index.php?action_kouhyou_detail_004_kani=true&JigyosyoCd=1272900158-00&ServiceCd=510&Type=search", "url2": "https://cyoujyunosato.jp/" }, "geometry": { "type": "Point", "coordinates": [ 140.022414799999979, 35.77839 ] } },
{ "type": "Feature", "properties": { "内容": "特別養護老人ホーム　鎌ヶ谷翔裕園（ユニット型）【介護老人福祉施設】千葉県鎌ケ谷市初富字東野848番地10", "url": "https://www.kaigokensaku.mhlw.go.jp/12/index.php?action_kouhyou_detail_004_kani=true&JigyosyoCd=1272900992-00&ServiceCd=510&Type=search", "url2": "https://cyoujyunosato.jp/" }, "geometry": { "type": "Point", "coordinates": [ 140.022414799999979, 35.77839 ] } },
{ "type": "Feature", "properties": { "内容": "特別養護老人ホーム　慈祐苑【介護老人福祉施設】千葉県鎌ケ谷市道野辺　214-4", "url": "https://www.kaigokensaku.mhlw.go.jp/12/index.php?action_kouhyou_detail_004_kani=true&JigyosyoCd=1272900075-00&ServiceCd=510&Type=search", "url2": "http://care-net.biz/12/keibikai/" }, "geometry": { "type": "Point", "coordinates": [ 139.989595799999961, 35.7531881 ] } },
{ "type": "Feature", "properties": { "内容": "特別養護老人ホームあかりユニット型【介護老人福祉施設】千葉県鎌ケ谷市鎌ケ谷7-13-33", "url": "https://www.kaigokensaku.mhlw.go.jp/12/index.php?action_kouhyou_detail_004_kani=true&JigyosyoCd=1272901719-00&ServiceCd=510&Type=search", "url2": "https://www.souseikai-swc.or.jp" }, "geometry": { "type": "Point", "coordinates": [ 140.0090576, 35.7489724 ] } },
{ "type": "Feature", "properties": { "内容": "特別養護老人ホーム　初富の里２【介護老人福祉施設】千葉県鎌ヶ谷市東初富一丁目4番3号", "url": "https://www.kaigokensaku.mhlw.go.jp/12/index.php?action_kouhyou_detail_004_kani=true&JigyosyoCd=1272900927-00&ServiceCd=510&Type=search", "url2": "https://youandi.takaminefukushikai.com/%e9%ab%98%e9%bd%a2%e8%80%85%e6%94%af%e6%8f%b4/%e5%88%9d%e5%af%8c%e3%81%ae%e9%87%8c/" }, "geometry": { "type": "Point", "coordinates": [ 140.012308699999949, 35.7730258 ] } },
{ "type": "Feature", "properties": { "内容": "特別養護老人ホームあかり従来型【介護老人福祉施設】千葉県鎌ケ谷市鎌ケ谷7-13-33", "url": "https://www.kaigokensaku.mhlw.go.jp/12/index.php?action_kouhyou_detail_004_kani=true&JigyosyoCd=1272901768-00&ServiceCd=510&Type=search", "url2": "http://www.kamagayahikari.or.jp/business3.html" }, "geometry": { "type": "Point", "coordinates": [ 140.0090576, 35.7489724 ] } },
{ "type": "Feature", "properties": { "内容": "コミュニティホームくぬぎ山（ユニット型）【介護老人福祉施設】千葉県鎌ケ谷市初富35-4コミュニティホームくぬぎ山", "url": "https://www.kaigokensaku.mhlw.go.jp/12/index.php?action_kouhyou_detail_004_kani=true&JigyosyoCd=1272901412-00&ServiceCd=510&Type=search", "url2": "https://kouseikai-gr.or.jp/kunugiyama/" }, "geometry": { "type": "Point", "coordinates": [ 139.97977579999997, 35.7790994 ] } },
{ "type": "Feature", "properties": { "内容": "コミュニティホームくぬぎ山（従来型）【介護老人福祉施設】千葉県鎌ケ谷市初富35-4", "url": "https://www.kaigokensaku.mhlw.go.jp/12/index.php?action_kouhyou_detail_004_kani=true&JigyosyoCd=1272901420-00&ServiceCd=510&Type=search", "url2": "https://kouseikai-gr.or.jp/kunugiyama/" }, "geometry": { "type": "Point", "coordinates": [ 139.97977579999997, 35.7790994 ] } },
{ "type": "Feature", "properties": { "内容": "特別養護老人ホーム　幸豊苑【介護老人福祉施設】千葉県鎌ケ谷市粟野225-1", "url": "https://www.kaigokensaku.mhlw.go.jp/12/index.php?action_kouhyou_detail_004_kani=true&JigyosyoCd=1272900539-00&ServiceCd=510&Type=search", "url2": "http://www.awanokai.or.jp/" }, "geometry": { "type": "Point", "coordinates": [ 139.99767369999995, 35.7837632 ] } },
{ "type": "Feature", "properties": { "内容": "特別養護老人ホーム　アウル鎌ケ谷【介護老人福祉施設】千葉県鎌ケ谷市佐津間568", "url": "https://www.kaigokensaku.mhlw.go.jp/12/index.php?action_kouhyou_detail_004_kani=true&JigyosyoCd=1272902154-00&ServiceCd=510&Type=search", "url2": "https://camellia-kai.com/wRHqFSeT/30sySPVz" }, "geometry": { "type": "Point", "coordinates": [ 140.011066, 35.7953137 ] } },
{ "type": "Feature", "properties": { "内容": "特別養護老人ホーム　アウル鎌ケ谷ネクスト【介護老人福祉施設】千葉県鎌ケ谷市佐津間616-3", "url": "https://www.kaigokensaku.mhlw.go.jp/12/index.php?action_kouhyou_detail_004_kani=true&JigyosyoCd=1272902436-00&ServiceCd=510&Type=search", "url2": "https://camellia-kai.com/" }, "geometry": { "type": "Point", "coordinates": [ 140.00517, 35.7952538 ] } },
{ "type": "Feature", "properties": { "内容": "特別養護老人ホームさつまの里【介護老人福祉施設】千葉県鎌ケ谷市佐津間989番地1", "url": "https://www.kaigokensaku.mhlw.go.jp/12/index.php?action_kouhyou_detail_004_kani=true&JigyosyoCd=1272901289-00&ServiceCd=510&Type=search", "url2": "http://takaminefukushikai.com/" }, "geometry": { "type": "Point", "coordinates": [ 140.005647, 35.8026892 ] } },
{ "type": "Feature", "properties": { "内容": "特別養護老人ホーム　上総園【介護老人福祉施設】千葉県君津市広岡３７５番地", "url": "https://www.kaigokensaku.mhlw.go.jp/12/index.php?action_kouhyou_detail_004_kani=true&JigyosyoCd=1273000123-00&ServiceCd=510&Type=search", "url2": "http://www.kazusaen.jp" }, "geometry": { "type": "Point", "coordinates": [ 140.0550409, 35.2519737 ] } },
{ "type": "Feature", "properties": { "内容": "特別養護老人ホーム　上総園（ユニット型）【介護老人福祉施設】千葉県君津市広岡３７５番地", "url": "https://www.kaigokensaku.mhlw.go.jp/12/index.php?action_kouhyou_detail_004_kani=true&JigyosyoCd=1273001014-00&ServiceCd=510&Type=search", "url2": "http://www.kazusaen.jp" }, "geometry": { "type": "Point", "coordinates": [ 140.0550409, 35.2519737 ] } },
{ "type": "Feature", "properties": { "内容": "特別養護老人ホーム山の手フラワーヒル【介護老人福祉施設】千葉県君津市大山野８７５番地", "url": "https://www.kaigokensaku.mhlw.go.jp/12/index.php?action_kouhyou_detail_004_kani=true&JigyosyoCd=1273000131-00&ServiceCd=510&Type=search", "url2": "http://xn--u9j4kia4flw5g9265bi9k.com/" }, "geometry": { "type": "Point", "coordinates": [ 139.930853800000023, 35.2816239 ] } },
{ "type": "Feature", "properties": { "内容": "特別養護老人ホーム山の手フラワーヒル（ユニット）【介護老人福祉施設】千葉県君津市大山野８７５番地", "url": "https://www.kaigokensaku.mhlw.go.jp/12/index.php?action_kouhyou_detail_004_kani=true&JigyosyoCd=1273001261-00&ServiceCd=510&Type=search", "url2": "http://xn--u9j4kia4flw5g9265bi9k.com/" }, "geometry": { "type": "Point", "coordinates": [ 139.930851, 35.2816239 ] } },
{ "type": "Feature", "properties": { "内容": "特別養護老人ホーム夢の郷【介護老人福祉施設】千葉県君津市杉谷3-1", "url": "https://www.kaigokensaku.mhlw.go.jp/12/index.php?action_kouhyou_detail_004_kani=true&JigyosyoCd=1273001295-00&ServiceCd=510&Type=search", "url2": "https://tsubasa-shishinkai.com/" }, "geometry": { "type": "Point", "coordinates": [ 139.911787600000025, 35.311425 ] } },
{ "type": "Feature", "properties": { "内容": "ユニット型特別養護老人ホームウィステリア八重原【介護老人福祉施設】千葉県君津市八重原１７２番２７５", "url": "https://www.kaigokensaku.mhlw.go.jp/12/index.php?action_kouhyou_detail_004_kani=true&JigyosyoCd=1273001279-00&ServiceCd=510&Type=search", "url2": "http://sf-sanyukai.com/" }, "geometry": { "type": "Point", "coordinates": [ 139.936167960188271, 35.327850832263032 ] } },
{ "type": "Feature", "properties": { "内容": "特別養護老人ホーム玄々堂亀田の郷【介護老人福祉施設】千葉県富津市亀田445-1", "url": "https://www.kaigokensaku.mhlw.go.jp/12/index.php?action_kouhyou_detail_004_kani=true&JigyosyoCd=1273101186-00&ServiceCd=510&Type=search", "url2": "https://gengendo-sanukikai.jp/" }, "geometry": { "type": "Point", "coordinates": [ 139.877914513375288, 35.261149152114768 ] } },
{ "type": "Feature", "properties": { "内容": "特別養護老人ホーム金谷の里【介護老人福祉施設】千葉県富津市金谷1912番地2", "url": "https://www.kaigokensaku.mhlw.go.jp/12/index.php?action_kouhyou_detail_004_kani=true&JigyosyoCd=1273100162-00&ServiceCd=510&Type=search", "url2": "http://onseikai.com/" }, "geometry": { "type": "Point", "coordinates": [ 139.824428156483492, 35.175959954412704 ] } },
{ "type": "Feature", "properties": { "内容": "特別養護老人ホーム望みの門紫苑荘【介護老人福祉施設】千葉県富津市富津617-14", "url": "https://www.kaigokensaku.mhlw.go.jp/12/index.php?action_kouhyou_detail_004_kani=true&JigyosyoCd=1273100147-00&ServiceCd=510&Type=search", "url2": "https://www.nozominomon.or.jp/" }, "geometry": { "type": "Point", "coordinates": [ 139.825856499999986, 35.3077288 ] } },
{ "type": "Feature", "properties": { "内容": "特別養護老人ホーム　望みの門富士見の里（ユニット型）【介護老人福祉施設】千葉県富津市上総湊701", "url": "https://www.kaigokensaku.mhlw.go.jp/12/index.php?action_kouhyou_detail_004_kani=true&JigyosyoCd=1273100832-00&ServiceCd=510&Type=search", "url2": "https://nozominomon.or.jp" }, "geometry": { "type": "Point", "coordinates": [ 139.877577400000064, 35.2195906 ] } },
{ "type": "Feature", "properties": { "内容": "特別養護老人ホーム望みの門富士見の里（従来型多床室）【介護老人福祉施設】千葉県富津市湊701", "url": "https://www.kaigokensaku.mhlw.go.jp/12/index.php?action_kouhyou_detail_004_kani=true&JigyosyoCd=1273100816-00&ServiceCd=510&Type=search", "url2": "https://nozominomon.or.jp/" }, "geometry": { "type": "Point", "coordinates": [ 139.874318300000027, 35.2214384 ] } },
{ "type": "Feature", "properties": { "内容": "特別養護老人ホーム　やまぶき苑【介護老人福祉施設】千葉県富津市豊岡１７６８番地", "url": "https://www.kaigokensaku.mhlw.go.jp/12/index.php?action_kouhyou_detail_004_kani=true&JigyosyoCd=1273100493-00&ServiceCd=510&Type=search", "url2": "https://www.atagokai.com/" }, "geometry": { "type": "Point", "coordinates": [ 139.9565169, 35.1881934 ] } },
{ "type": "Feature", "properties": { "内容": "特別養護老人ホームつつじ苑【介護老人福祉施設】千葉県富津市上飯野1426番3", "url": "https://www.kaigokensaku.mhlw.go.jp/12/index.php?action_kouhyou_detail_004_kani=true&JigyosyoCd=1273100154-00&ServiceCd=510&Type=search", "url2": "http://s-satsukikai.or.jp/tsutsuji/" }, "geometry": { "type": "Point", "coordinates": [ 139.867300300000011, 35.315016 ] } },
{ "type": "Feature", "properties": { "内容": "ユニット型特別養護老人ホームつつじ苑【介護老人福祉施設】千葉県富津市上飯野１４２６番３", "url": "https://www.kaigokensaku.mhlw.go.jp/12/index.php?action_kouhyou_detail_004_kani=true&JigyosyoCd=1273100790-00&ServiceCd=510&Type=search", "url2": "http://s-satsukikai.or.jp/tsutsuji/" }, "geometry": { "type": "Point", "coordinates": [ 139.867341900000042, 35.3150188 ] } },
{ "type": "Feature", "properties": { "内容": "浦安市特別養護老人ホーム【介護老人福祉施設】千葉県浦安市高洲９－３－１", "url": "https://www.kaigokensaku.mhlw.go.jp/12/index.php?action_kouhyou_detail_004_kani=true&JigyosyoCd=1273200129-00&ServiceCd=510&Type=search", "url2": null }, "geometry": { "type": "Point", "coordinates": [ 139.919375, 35.6310028 ] } },
{ "type": "Feature", "properties": { "内容": "浦安愛光園【介護老人福祉施設】千葉県浦安市高洲九丁目3番2号", "url": "https://www.kaigokensaku.mhlw.go.jp/12/index.php?action_kouhyou_detail_004_kani=true&JigyosyoCd=1273200681-00&ServiceCd=510&Type=search", "url2": "https://www.seirei.or.jp/elderlyhome/urayasu/about/aikoen/" }, "geometry": { "type": "Point", "coordinates": [ 139.918790899999976, 35.6315822 ] } },
{ "type": "Feature", "properties": { "内容": "うらやす和楽苑（ユニット型）【介護老人福祉施設】千葉県浦安市当代島2-14-2", "url": "https://www.kaigokensaku.mhlw.go.jp/12/index.php?action_kouhyou_detail_004_kani=true&JigyosyoCd=1273201085-00&ServiceCd=510&Type=search", "url2": "http://www.urayasuwarakuen.com/" }, "geometry": { "type": "Point", "coordinates": [ 139.889812399999983, 35.6704151 ] } },
{ "type": "Feature", "properties": { "内容": "うらやす和楽苑（従来型）【介護老人福祉施設】千葉県浦安市当代島2-14-2", "url": "https://www.kaigokensaku.mhlw.go.jp/12/index.php?action_kouhyou_detail_004_kani=true&JigyosyoCd=1273201093-00&ServiceCd=510&Type=search", "url2": "http://www.urayasuwarakuen.com/" }, "geometry": { "type": "Point", "coordinates": [ 139.889812399999983, 35.6704151 ] } },
{ "type": "Feature", "properties": { "内容": "特別養護老人ホーム四街道苑【介護老人福祉施設】千葉県四街道市鹿放ヶ丘593番地3", "url": "https://www.kaigokensaku.mhlw.go.jp/12/index.php?action_kouhyou_detail_004_kani=true&JigyosyoCd=1273301190-00&ServiceCd=510&Type=search", "url2": "http://www.itsukikai.com/" }, "geometry": { "type": "Point", "coordinates": [ 140.151761500000021, 35.6861545 ] } },
{ "type": "Feature", "properties": { "内容": "特別養護老人ホーム四街道陽光園【介護老人福祉施設】千葉県四街道市鹿放ケ丘291-4", "url": "https://www.kaigokensaku.mhlw.go.jp/12/index.php?action_kouhyou_detail_004_kani=true&JigyosyoCd=1273301828-00&ServiceCd=510&Type=search", "url2": "https://www.hakuju-kai.com" }, "geometry": { "type": "Point", "coordinates": [ 140.147610398147577, 35.6763682 ] } },
{ "type": "Feature", "properties": { "内容": "特別養護老人ホームあすみの丘【介護老人福祉施設】千葉県四街道市大日１６２３－１", "url": "https://www.kaigokensaku.mhlw.go.jp/12/index.php?action_kouhyou_detail_004_kani=true&JigyosyoCd=1273300101-00&ServiceCd=510&Type=search", "url2": "http://www.asuminooka.or.jp/" }, "geometry": { "type": "Point", "coordinates": [ 140.166353599999979, 35.69069630000002 ] } },
{ "type": "Feature", "properties": { "内容": "特別養護老人ホームからたち【介護老人福祉施設】千葉県四街道市大日595-1", "url": "https://www.kaigokensaku.mhlw.go.jp/12/index.php?action_kouhyou_detail_004_kani=true&JigyosyoCd=1273301471-00&ServiceCd=510&Type=search", "url2": "https://www.egao-shafuku.com/" }, "geometry": { "type": "Point", "coordinates": [ 140.166673094302951, 35.680977608542946 ] } },
{ "type": "Feature", "properties": { "内容": "まごころ館四街道（ユニット）【介護老人福祉施設】千葉県四街道市中台498-1", "url": "https://www.kaigokensaku.mhlw.go.jp/12/index.php?action_kouhyou_detail_004_kani=true&JigyosyoCd=1273300879-00&ServiceCd=510&Type=search", "url2": "https://magokorokan.com/" }, "geometry": { "type": "Point", "coordinates": [ 140.208991500000025, 35.657611 ] } },
{ "type": "Feature", "properties": { "内容": "まごころ館四街道【介護老人福祉施設】千葉県四街道市中台４９８－１", "url": "https://www.kaigokensaku.mhlw.go.jp/12/index.php?action_kouhyou_detail_004_kani=true&JigyosyoCd=1273300861-00&ServiceCd=510&Type=search", "url2": "https://magokorokan.com/" }, "geometry": { "type": "Point", "coordinates": [ 140.208991500000025, 35.657611 ] } },
{ "type": "Feature", "properties": { "内容": "特別養護老人ホームあさひ園【介護老人福祉施設】千葉県四街道市山梨字東根柄内1488番1", "url": "https://www.kaigokensaku.mhlw.go.jp/12/index.php?action_kouhyou_detail_004_kani=true&JigyosyoCd=1273300093-00&ServiceCd=510&Type=search", "url2": "https://www.asahikai-asahien.com/" }, "geometry": { "type": "Point", "coordinates": [ 140.196120900000011, 35.6753378 ] } },
{ "type": "Feature", "properties": { "内容": "袖ケ浦瑞穂特別養護老人ホーム【介護老人福祉施設】千葉県袖ケ浦市野里1452-4", "url": "https://www.kaigokensaku.mhlw.go.jp/12/index.php?action_kouhyou_detail_004_kani=true&JigyosyoCd=1273400497-00&ServiceCd=510&Type=search", "url2": "http://care-net.biz/12/mizuho/" }, "geometry": { "type": "Point", "coordinates": [ 140.051170599999978, 35.401805 ] } },
{ "type": "Feature", "properties": { "内容": "特別養護老人ホームサニーヒル【介護老人福祉施設】千葉県袖ケ浦市久保田857-9", "url": "https://www.kaigokensaku.mhlw.go.jp/12/index.php?action_kouhyou_detail_004_kani=true&JigyosyoCd=1273400158-00&ServiceCd=510&Type=search", "url2": "https://www.sunny-hill.or.jp/" }, "geometry": { "type": "Point", "coordinates": [ 140.009663300000057, 35.444948899999986 ] } },
{ "type": "Feature", "properties": { "内容": "特別養護老人ホームサニーヒルユニット【介護老人福祉施設】千葉県袖ケ浦市久保田857番地9", "url": "https://www.kaigokensaku.mhlw.go.jp/12/index.php?action_kouhyou_detail_004_kani=true&JigyosyoCd=1273400745-00&ServiceCd=510&Type=search", "url2": "https://www.sunny-hill.or.jp/" }, "geometry": { "type": "Point", "coordinates": [ 140.009663300000057, 35.4449489 ] } },
{ "type": "Feature", "properties": { "内容": "特別養護老人ホーム袖ケ浦菜の花苑【介護老人福祉施設】千葉県袖ケ浦市神納4181番20", "url": "https://www.kaigokensaku.mhlw.go.jp/12/index.php?action_kouhyou_detail_004_kani=true&JigyosyoCd=1273400166-00&ServiceCd=510&Type=search", "url2": "http://s-satsukikai.or.jp/nanohana/index.html" }, "geometry": { "type": "Point", "coordinates": [ 139.990217700000017, 35.4378321 ] } },
{ "type": "Feature", "properties": { "内容": "特別養護老人ホーム蔵波【介護老人福祉施設】千葉県袖ケ浦市蔵波3037番地1", "url": "https://www.kaigokensaku.mhlw.go.jp/12/index.php?action_kouhyou_detail_004_kani=true&JigyosyoCd=1273400927-00&ServiceCd=510&Type=search", "url2": "https://eiwa.or.jp/" }, "geometry": { "type": "Point", "coordinates": [ 140.011344949737548, 35.434591514172176 ] } },
{ "type": "Feature", "properties": { "内容": "特別養護老人ホーム蔵波(ユニット型)【介護老人福祉施設】千葉県袖ケ浦市蔵波3037番地1", "url": "https://www.kaigokensaku.mhlw.go.jp/12/index.php?action_kouhyou_detail_004_kani=true&JigyosyoCd=1273400943-00&ServiceCd=510&Type=search", "url2": "https://eiwa.or.jp/" }, "geometry": { "type": "Point", "coordinates": [ 140.011309880426012, 35.434592569709402 ] } },
{ "type": "Feature", "properties": { "内容": "特別養護老人ホーム空（ユニット型）【介護老人福祉施設】千葉県八街市八街ほ208-23", "url": "https://www.kaigokensaku.mhlw.go.jp/12/index.php?action_kouhyou_detail_004_kani=true&JigyosyoCd=1273500965-00&ServiceCd=510&Type=search", "url2": "https://www.juyoukai.jp/" }, "geometry": { "type": "Point", "coordinates": [ 140.307293900663808, 35.669989912351632 ] } },
{ "type": "Feature", "properties": { "内容": "特別養護老人ホーム空（従来型）【介護老人福祉施設】千葉県八街市八街ほ208-23", "url": "https://www.kaigokensaku.mhlw.go.jp/12/index.php?action_kouhyou_detail_004_kani=true&JigyosyoCd=1273500957-00&ServiceCd=510&Type=search", "url2": "https://www.juyoukai.jp/" }, "geometry": { "type": "Point", "coordinates": [ 140.307175883467153, 35.670016060314694 ] } },
{ "type": "Feature", "properties": { "内容": "特別養護老人ホームハーモニー【介護老人福祉施設】千葉県八街市文違73番地2", "url": "https://www.kaigokensaku.mhlw.go.jp/12/index.php?action_kouhyou_detail_004_kani=true&JigyosyoCd=1273501336-00&ServiceCd=510&Type=search", "url2": "https://y-kaitaku.or.jp/" }, "geometry": { "type": "Point", "coordinates": [ 140.319898100000046, 35.6837348 ] } },
{ "type": "Feature", "properties": { "内容": "特別養護老人ホームコート・エミナース【介護老人福祉施設】千葉県八街市滝台739-2", "url": "https://www.kaigokensaku.mhlw.go.jp/12/index.php?action_kouhyou_detail_004_kani=true&JigyosyoCd=1273500130-00&ServiceCd=510&Type=search", "url2": "https://www.juyoukai.jp/" }, "geometry": { "type": "Point", "coordinates": [ 140.317742800000019, 35.5983826 ] } },
{ "type": "Feature", "properties": { "内容": "生活クラブ風の村特養ホーム八街【介護老人福祉施設】千葉県八街市東吉田912番地８", "url": "https://www.kaigokensaku.mhlw.go.jp/12/index.php?action_kouhyou_detail_004_kani=true&JigyosyoCd=1273500148-00&ServiceCd=510&Type=search", "url2": "https://kazenomura.jp/" }, "geometry": { "type": "Point", "coordinates": [ 140.2925488, 35.6389048 ] } },
{ "type": "Feature", "properties": { "内容": "特別養護老人ホームコート・エミナース（ユニット型）【介護老人福祉施設】千葉県八街市滝台７３９－２", "url": "https://www.kaigokensaku.mhlw.go.jp/12/index.php?action_kouhyou_detail_004_kani=true&JigyosyoCd=1273501070-00&ServiceCd=510&Type=search", "url2": "https://www.juyoukai.jp/" }, "geometry": { "type": "Point", "coordinates": [ 140.317742800000019, 35.5983826 ] } },
{ "type": "Feature", "properties": { "内容": "特別養護老人ホームひだまりの里【介護老人福祉施設】千葉県八街市八街は2-339", "url": "https://www.kaigokensaku.mhlw.go.jp/12/index.php?action_kouhyou_detail_004_kani=true&JigyosyoCd=1273501401-00&ServiceCd=510&Type=search", "url2": "https://www.taitokai.jp/" }, "geometry": { "type": "Point", "coordinates": [ 140.2944392, 35.6982181 ] } },
{ "type": "Feature", "properties": { "内容": "特別養護老人ホームゆかり八街西林【介護老人福祉施設】千葉県八街市八街ろ113番地3", "url": "https://www.kaigokensaku.mhlw.go.jp/12/index.php?action_kouhyou_detail_004_kani=true&JigyosyoCd=1273501211-00&ServiceCd=510&Type=search", "url2": "https://rinseikai.or.jp/nishibayashi/" }, "geometry": { "type": "Point", "coordinates": [ 140.281858, 35.6603474 ] } },
{ "type": "Feature", "properties": { "内容": "特別養護老人ホーム印西【介護老人福祉施設】千葉県印西市草深２２５－５", "url": "https://www.kaigokensaku.mhlw.go.jp/12/index.php?action_kouhyou_detail_004_kani=true&JigyosyoCd=1273600773-00&ServiceCd=510&Type=search", "url2": "http://shououkai.or.jp/" }, "geometry": { "type": "Point", "coordinates": [ 140.150482679193374, 35.792235680376336 ] } },
{ "type": "Feature", "properties": { "内容": "特別養護老人ホームみどり荘【介護老人福祉施設】千葉県印西市竜腹寺３４２番２", "url": "https://www.kaigokensaku.mhlw.go.jp/12/index.php?action_kouhyou_detail_004_kani=true&JigyosyoCd=1273600146-00&ServiceCd=510&Type=search", "url2": "http://www.midorisou.jp/" }, "geometry": { "type": "Point", "coordinates": [ 140.131235800000013, 35.8306483 ] } },
{ "type": "Feature", "properties": { "内容": "特別養護老人ホームみどり荘ユニット型【介護老人福祉施設】千葉県印西市竜復寺342番2", "url": "https://www.kaigokensaku.mhlw.go.jp/12/index.php?action_kouhyou_detail_004_kani=true&JigyosyoCd=1273600914-00&ServiceCd=510&Type=search", "url2": "http://www.midorisou.jp/" }, "geometry": { "type": "Point", "coordinates": [ 140.193709800000022, 35.8028271 ] } },
{ "type": "Feature", "properties": { "内容": "特別養護老人ホーム印旛晴山苑【介護老人福祉施設】千葉県印西市大廻１８７番地", "url": "https://www.kaigokensaku.mhlw.go.jp/12/index.php?action_kouhyou_detail_004_kani=true&JigyosyoCd=1274100088-00&ServiceCd=510&Type=search", "url2": "https://seizan-kai.or.jp/" }, "geometry": { "type": "Point", "coordinates": [ 140.178649800000017, 35.7784726 ] } },
{ "type": "Feature", "properties": { "内容": "特別養護老人ホームプレーゲ本埜【介護老人福祉施設】千葉県印西市笠神1620", "url": "https://www.kaigokensaku.mhlw.go.jp/12/index.php?action_kouhyou_detail_004_kani=true&JigyosyoCd=1274300050-00&ServiceCd=510&Type=search", "url2": "http://www.rikushinkai.com/" }, "geometry": { "type": "Point", "coordinates": [ 140.209765800000014, 35.8267982 ] } },
{ "type": "Feature", "properties": { "内容": "介護老人福祉施設ハートヴィレッヂ【介護老人福祉施設】千葉県印西市武西1269-1", "url": "https://www.kaigokensaku.mhlw.go.jp/12/index.php?action_kouhyou_detail_004_kani=true&JigyosyoCd=1273600302-00&ServiceCd=510&Type=search", "url2": "https://ryushinkai.or.jp" }, "geometry": { "type": "Point", "coordinates": [ 140.1096437, 35.7891622 ] } },
{ "type": "Feature", "properties": { "内容": "介護老人福祉施設ハートヴィレッヂⅡ【介護老人福祉施設】千葉県印西市武西１２６９－１", "url": "https://www.kaigokensaku.mhlw.go.jp/12/index.php?action_kouhyou_detail_004_kani=true&JigyosyoCd=1273600625-00&ServiceCd=510&Type=search", "url2": "https://ryushinkai.or.jp" }, "geometry": { "type": "Point", "coordinates": [ 140.1096437, 35.7891622 ] } },
{ "type": "Feature", "properties": { "内容": "特別養護老人ホーム　サクラビア印西（従来型）【介護老人福祉施設】千葉県印西市草深1161", "url": "https://www.kaigokensaku.mhlw.go.jp/12/index.php?action_kouhyou_detail_004_kani=true&JigyosyoCd=1273600963-00&ServiceCd=510&Type=search", "url2": "http://shououkai.or.jp/" }, "geometry": { "type": "Point", "coordinates": [ 140.131965112506094, 35.802752642527977 ] } },
{ "type": "Feature", "properties": { "内容": "特別養護老人ホーム　サクラビア印西（ユニット型）【介護老人福祉施設】千葉県印西市草深1161", "url": "https://www.kaigokensaku.mhlw.go.jp/12/index.php?action_kouhyou_detail_004_kani=true&JigyosyoCd=1273600971-00&ServiceCd=510&Type=search", "url2": "https://shououkai.or.jp/" }, "geometry": { "type": "Point", "coordinates": [ 140.131707620440665, 35.802830955712416 ] } },
{ "type": "Feature", "properties": { "内容": "特別養護老人ホーム　さつきの里【介護老人福祉施設】千葉県白井市笹塚3-25-1", "url": "https://www.kaigokensaku.mhlw.go.jp/12/index.php?action_kouhyou_detail_004_kani=true&JigyosyoCd=1274200680-00&ServiceCd=510&Type=search", "url2": "https://kojk.jp/satsukinosato/index.html" }, "geometry": { "type": "Point", "coordinates": [ 140.05397149073795, 35.79050809043153 ] } },
{ "type": "Feature", "properties": { "内容": "特別養護老人ホーム　さつきの里（ユニット型）【介護老人福祉施設】千葉県白井市笹塚3-25-1", "url": "https://www.kaigokensaku.mhlw.go.jp/12/index.php?action_kouhyou_detail_004_kani=true&JigyosyoCd=1274200698-00&ServiceCd=510&Type=search", "url2": "https://kojk.jp/satsukinosato/index.html" }, "geometry": { "type": "Point", "coordinates": [ 140.054347, 35.789925 ] } },
{ "type": "Feature", "properties": { "内容": "特別養護老人ホーム菊華園（ユニット型）【介護老人福祉施設】千葉県白井市神々廻１０３０", "url": "https://www.kaigokensaku.mhlw.go.jp/12/index.php?action_kouhyou_detail_004_kani=true&JigyosyoCd=1274200599-00&ServiceCd=510&Type=search", "url2": "http://www.kikaen.or.jp" }, "geometry": { "type": "Point", "coordinates": [ 140.078816299999971, 35.8000301 ] } },
{ "type": "Feature", "properties": { "内容": "特別養護老人ホーム菊華園【介護老人福祉施設】千葉県白井市神々廻１０３０", "url": "https://www.kaigokensaku.mhlw.go.jp/12/index.php?action_kouhyou_detail_004_kani=true&JigyosyoCd=1274200086-00&ServiceCd=510&Type=search", "url2": "http://www.kikaen.or.jp/" }, "geometry": { "type": "Point", "coordinates": [ 140.078816299999971, 35.8000301 ] } },
{ "type": "Feature", "properties": { "内容": "特別養護老人ホームアンスリール【介護老人福祉施設】千葉県白井市神々廻１８８９－２", "url": "https://www.kaigokensaku.mhlw.go.jp/12/index.php?action_kouhyou_detail_004_kani=true&JigyosyoCd=1274200557-00&ServiceCd=510&Type=search", "url2": "http://www.kikaen.or.jp" }, "geometry": { "type": "Point", "coordinates": [ 140.0878791, 35.8077515 ] } },
{ "type": "Feature", "properties": { "内容": "特別養護老人ホーム九十九荘【介護老人福祉施設】千葉県富里市立沢新田192-16", "url": "https://www.kaigokensaku.mhlw.go.jp/12/index.php?action_kouhyou_detail_004_kani=true&JigyosyoCd=1274000056-00&ServiceCd=510&Type=search", "url2": "http://www.kiyosatokai.or.jp/" }, "geometry": { "type": "Point", "coordinates": [ 140.341119599999956, 35.7164319 ] } },
{ "type": "Feature", "properties": { "内容": "特別養護老人ホーム三芳光陽園【介護老人福祉施設】千葉県南房総市上堀２８０", "url": "https://www.kaigokensaku.mhlw.go.jp/12/index.php?action_kouhyou_detail_004_kani=true&JigyosyoCd=1278000060-00&ServiceCd=510&Type=search", "url2": "http://hakukou-kai.or.jp/" }, "geometry": { "type": "Point", "coordinates": [ 139.889051699999982, 35.0302178 ] } },
{ "type": "Feature", "properties": { "内容": "特別養護老人ホーム　おもいやりの郷【介護老人福祉施設】千葉県南房総市白浜町滝口7216-8", "url": "https://www.kaigokensaku.mhlw.go.jp/12/index.php?action_kouhyou_detail_004_kani=true&JigyosyoCd=1278100027-00&ServiceCd=510&Type=search", "url2": "https://omoiyarinosato.com/" }, "geometry": { "type": "Point", "coordinates": [ 139.880144100000052, 34.904328 ] } },
{ "type": "Feature", "properties": { "内容": "特別養護老人ホーム　リブ丸山【介護老人福祉施設】千葉県南房総市川谷302-5", "url": "https://www.kaigokensaku.mhlw.go.jp/12/index.php?action_kouhyou_detail_004_kani=true&JigyosyoCd=1278300072-00&ServiceCd=510&Type=search", "url2": "http://www.live-yuzu.ne.jp" }, "geometry": { "type": "Point", "coordinates": [ 139.95917970000005, 35.0583842 ] } },
{ "type": "Feature", "properties": { "内容": "特別養護老人ホーム　千倉苑【介護老人福祉施設】千葉県南房総市千倉町瀬戸字浜田2712番地24", "url": "https://www.kaigokensaku.mhlw.go.jp/12/index.php?action_kouhyou_detail_004_kani=true&JigyosyoCd=1278200124-00&ServiceCd=510&Type=search", "url2": "https://www3.hp-ez.com/hp/chikuraen/page1" }, "geometry": { "type": "Point", "coordinates": [ 139.959752, 34.9706424 ] } },
{ "type": "Feature", "properties": { "内容": "特別養護老人ホーム「伏姫の郷」【介護老人福祉施設】千葉県南房総市平久里下字宮崎１１２９－２", "url": "https://www.kaigokensaku.mhlw.go.jp/12/index.php?action_kouhyou_detail_004_kani=true&JigyosyoCd=1277800072-00&ServiceCd=510&Type=search", "url2": "https://freshbreeze.jp" }, "geometry": { "type": "Point", "coordinates": [ 139.91356559999997, 35.0964917 ] } },
{ "type": "Feature", "properties": { "内容": "特別養護老人ホームアイリスの里【介護老人福祉施設】千葉県南房総市富浦町深名1170-1", "url": "https://www.kaigokensaku.mhlw.go.jp/12/index.php?action_kouhyou_detail_004_kani=true&JigyosyoCd=1277700033-00&ServiceCd=510&Type=search", "url2": "http://www.8910.or.jp" }, "geometry": { "type": "Point", "coordinates": [ 139.851612599999953, 35.0532338 ] } },
{ "type": "Feature", "properties": { "内容": "特別養護老人ホーム花の里【介護老人福祉施設】千葉県南房総市和田町松田８０８", "url": "https://www.kaigokensaku.mhlw.go.jp/12/index.php?action_kouhyou_detail_004_kani=true&JigyosyoCd=1278400054-00&ServiceCd=510&Type=search", "url2": "http://www.ikumikai.org" }, "geometry": { "type": "Point", "coordinates": [ 139.989089065606635, 35.026519942729522 ] } },
{ "type": "Feature", "properties": { "内容": "九十九里ホーム飯倉駅前特別養護老人ホームユニットケアシオン【介護老人福祉施設】千葉県匝瑳市飯倉95-1", "url": "https://www.kaigokensaku.mhlw.go.jp/12/index.php?action_kouhyou_detail_004_kani=true&JigyosyoCd=1278700297-00&ServiceCd=510&Type=search", "url2": "https://www.99-home.com/" }, "geometry": { "type": "Point", "coordinates": [ 140.521502771402794, 35.685370674559266 ] } },
{ "type": "Feature", "properties": { "内容": "九十九里ホーム飯倉駅前特別養護老人ホームシオン【介護老人福祉施設】千葉県匝瑳市飯倉95番地1", "url": "https://www.kaigokensaku.mhlw.go.jp/12/index.php?action_kouhyou_detail_004_kani=true&JigyosyoCd=1278700289-00&ServiceCd=510&Type=search", "url2": "https://www.99-home.com/" }, "geometry": { "type": "Point", "coordinates": [ 140.520668604399162, 35.685113602021048 ] } },
{ "type": "Feature", "properties": { "内容": "特別養護老人ホーム松丘園【介護老人福祉施設】千葉県匝瑳市飯倉１７番地の１", "url": "https://www.kaigokensaku.mhlw.go.jp/12/index.php?action_kouhyou_detail_004_kani=true&JigyosyoCd=1271900118-00&ServiceCd=510&Type=search", "url2": "https://www.99-home.com/" }, "geometry": { "type": "Point", "coordinates": [ 140.524766399999976, 35.6872605 ] } },
{ "type": "Feature", "properties": { "内容": "特別養護老人ホームユニットケア松丘園【介護老人福祉施設】千葉県匝瑳市飯倉17番地1", "url": "https://www.kaigokensaku.mhlw.go.jp/12/index.php?action_kouhyou_detail_004_kani=true&JigyosyoCd=1278700248-00&ServiceCd=510&Type=search", "url2": "https://www.99-home.com/shoukyuen/service/shoukyuen/" }, "geometry": { "type": "Point", "coordinates": [ 140.524766399999976, 35.6872605 ] } },
{ "type": "Feature", "properties": { "内容": "特別養護老人ホーム花園【介護老人福祉施設】千葉県匝瑳市野手１９８６番地１", "url": "https://www.kaigokensaku.mhlw.go.jp/12/index.php?action_kouhyou_detail_004_kani=true&JigyosyoCd=1275700068-00&ServiceCd=510&Type=search", "url2": "http://www.syouyoukai.or.jp" }, "geometry": { "type": "Point", "coordinates": [ 140.5859954, 35.6628422 ] } },
{ "type": "Feature", "properties": { "内容": "特別養護老人ホーム太陽の家【介護老人福祉施設】千葉県匝瑳市春海6387", "url": "https://www.kaigokensaku.mhlw.go.jp/12/index.php?action_kouhyou_detail_004_kani=true&JigyosyoCd=1278700412-00&ServiceCd=510&Type=search", "url2": "https://www.99-home.com/" }, "geometry": { "type": "Point", "coordinates": [ 140.5860092, 35.7334218 ] } },
{ "type": "Feature", "properties": { "内容": "特別養護老人ホーム東総あやめ苑【介護老人福祉施設】千葉県香取市佐原イ１２５７番地１", "url": "https://www.kaigokensaku.mhlw.go.jp/12/index.php?action_kouhyou_detail_004_kani=true&JigyosyoCd=1271400127-00&ServiceCd=510&Type=search", "url2": null }, "geometry": { "type": "Point", "coordinates": [ 140.486359367984051, 35.88250282191202 ] } },
{ "type": "Feature", "properties": { "内容": "特別養護老人ホーム水都苑【介護老人福祉施設】千葉県香取市小見川676-2", "url": "https://www.kaigokensaku.mhlw.go.jp/12/index.php?action_kouhyou_detail_004_kani=true&JigyosyoCd=1274800059-00&ServiceCd=510&Type=search", "url2": "http://suitoen.jp" }, "geometry": { "type": "Point", "coordinates": [ 140.615419200000019, 35.849510700000017 ] } },
{ "type": "Feature", "properties": { "内容": "九十九里ホーム山田特別養護老人ホーム【介護老人福祉施設】千葉県香取市大角１５４５－１６", "url": "https://www.kaigokensaku.mhlw.go.jp/12/index.php?action_kouhyou_detail_004_kani=true&JigyosyoCd=1274900081-00&ServiceCd=510&Type=search", "url2": "https://www.99-home.com/" }, "geometry": { "type": "Point", "coordinates": [ 140.5552735, 35.7828236 ] } },
{ "type": "Feature", "properties": { "内容": "特別養護老人ホーム　かとりの郷福楽園（従来型）【介護老人福祉施設】千葉県香取市内野448-1", "url": "https://www.kaigokensaku.mhlw.go.jp/12/index.php?action_kouhyou_detail_004_kani=true&JigyosyoCd=1278900640-00&ServiceCd=510&Type=search", "url2": "https://e-houseikai.or.jp/" }, "geometry": { "type": "Point", "coordinates": [ 140.558442900000045, 35.8530142 ] } },
{ "type": "Feature", "properties": { "内容": "特別養護老人ホーム　かとりの郷福楽園（ユニット型）【介護老人福祉施設】千葉県香取市内野448-1", "url": "https://www.kaigokensaku.mhlw.go.jp/12/index.php?action_kouhyou_detail_004_kani=true&JigyosyoCd=1278900632-00&ServiceCd=510&Type=search", "url2": "https://e-houseikai.or.jp/" }, "geometry": { "type": "Point", "coordinates": [ 140.558442900000045, 35.8530142 ] } },
{ "type": "Feature", "properties": { "内容": "特別養護老人ホーム杜の家くりもと【介護老人福祉施設】千葉県香取市岩部869番60", "url": "https://www.kaigokensaku.mhlw.go.jp/12/index.php?action_kouhyou_detail_004_kani=true&JigyosyoCd=1275000048-00&ServiceCd=510&Type=search", "url2": "https://www.gakudan.org/" }, "geometry": { "type": "Point", "coordinates": [ 140.517096600000059, 35.812619 ] } },
{ "type": "Feature", "properties": { "内容": "特別養護老人ホーム海【介護老人福祉施設】千葉県山武市蓮沼二5032番地", "url": "https://www.kaigokensaku.mhlw.go.jp/12/index.php?action_kouhyou_detail_004_kani=true&JigyosyoCd=1276200050-00&ServiceCd=510&Type=search", "url2": "http://minorinomura.or.jp/" }, "geometry": { "type": "Point", "coordinates": [ 140.482414699999907, 35.5942591 ] } },
{ "type": "Feature", "properties": { "内容": "特別養護老人ホーム成島苑(従来型)【介護老人福祉施設】千葉県山武市成東651-2", "url": "https://www.kaigokensaku.mhlw.go.jp/12/index.php?action_kouhyou_detail_004_kani=true&JigyosyoCd=1279000382-00&ServiceCd=510&Type=search", "url2": "https://asukafukushikai.com/" }, "geometry": { "type": "Point", "coordinates": [ 140.40222636018828, 35.596795861646605 ] } },
{ "type": "Feature", "properties": { "内容": "特別養護老人ホーム　成島苑(ユニット型)【介護老人福祉施設】千葉県山武市成東651-2", "url": "https://www.kaigokensaku.mhlw.go.jp/12/index.php?action_kouhyou_detail_004_kani=true&JigyosyoCd=1279000390-00&ServiceCd=510&Type=search", "url2": "https://asukafukushikai.com/" }, "geometry": { "type": "Point", "coordinates": [ 140.40222636018828, 35.596791499659474 ] } },
{ "type": "Feature", "properties": { "内容": "特別養護老人ホーム青松苑【介護老人福祉施設】千葉県山武市木戸８４８", "url": "https://www.kaigokensaku.mhlw.go.jp/12/index.php?action_kouhyou_detail_004_kani=true&JigyosyoCd=1276000021-00&ServiceCd=510&Type=search", "url2": "https://midorimikai.stars.ne.jp/" }, "geometry": { "type": "Point", "coordinates": [ 140.488206399999967, 35.5807387 ] } },
{ "type": "Feature", "properties": { "内容": "特別養護老人ホーム北総長寿苑【介護老人福祉施設】千葉県山武市木原８１４番地１", "url": "https://www.kaigokensaku.mhlw.go.jp/12/index.php?action_kouhyou_detail_004_kani=true&JigyosyoCd=1276100052-00&ServiceCd=510&Type=search", "url2": "https://www.juyoukai.jp/" }, "geometry": { "type": "Point", "coordinates": [ 140.3536686, 35.6484536 ] } },
{ "type": "Feature", "properties": { "内容": "桔梗ケ丘シルバーホーム【介護老人福祉施設】千葉県山武市松尾町田越756-6", "url": "https://www.kaigokensaku.mhlw.go.jp/12/index.php?action_kouhyou_detail_004_kani=true&JigyosyoCd=1276300033-00&ServiceCd=510&Type=search", "url2": "http://www.kikyou.jp" }, "geometry": { "type": "Point", "coordinates": [ 140.44385520000003, 35.63009 ] } },
{ "type": "Feature", "properties": { "内容": "特別養護老人ホームいすみ苑弐号館【介護老人福祉施設】千葉県いすみ市能実615", "url": "https://www.kaigokensaku.mhlw.go.jp/12/index.php?action_kouhyou_detail_004_kani=true&JigyosyoCd=1278600331-00&ServiceCd=510&Type=search", "url2": "http://www.koujyu-kai.jp/" }, "geometry": { "type": "Point", "coordinates": [ 140.306632900000068, 35.3166485 ] } },
{ "type": "Feature", "properties": { "内容": "特別養護老人ホーム愛恵苑【介護老人福祉施設】千葉県いすみ市岬町中滝１６９２－３", "url": "https://www.kaigokensaku.mhlw.go.jp/12/index.php?action_kouhyou_detail_004_kani=true&JigyosyoCd=1277600092-00&ServiceCd=510&Type=search", "url2": "https://aikeikai-misaki.com" }, "geometry": { "type": "Point", "coordinates": [ 140.35657029999993, 35.3020664 ] } },
{ "type": "Feature", "properties": { "内容": "特別養護老人ホームいすみ苑【介護老人福祉施設】千葉県いすみ市能実６１５番地", "url": "https://www.kaigokensaku.mhlw.go.jp/12/index.php?action_kouhyou_detail_004_kani=true&JigyosyoCd=1277300065-00&ServiceCd=510&Type=search", "url2": "https://koujyu-kai.jp/" }, "geometry": { "type": "Point", "coordinates": [ 140.306632900000068, 35.3166485 ] } },
{ "type": "Feature", "properties": { "内容": "特別養護老人ホーム　シルバーガーデン【介護老人福祉施設】千葉県いすみ市新田若山深堀入会地９番地", "url": "https://www.kaigokensaku.mhlw.go.jp/12/index.php?action_kouhyou_detail_004_kani=true&JigyosyoCd=1277500037-00&ServiceCd=510&Type=search", "url2": "http://isumisilvergarden.web.fc2.com/" }, "geometry": { "type": "Point", "coordinates": [ 140.373631700000033, 35.2386601 ] } },
{ "type": "Feature", "properties": { "内容": "社会福祉法人林声会特別養護老人ホームゆかり岬【介護老人福祉施設】千葉県いすみ市岬町押日1508番地3", "url": "https://www.kaigokensaku.mhlw.go.jp/12/index.php?action_kouhyou_detail_004_kani=true&JigyosyoCd=1278600448-00&ServiceCd=510&Type=search", "url2": "https://rinseikai.or.jp/misaki/index.html" }, "geometry": { "type": "Point", "coordinates": [ 140.363325799999984, 35.3104981 ] } },
{ "type": "Feature", "properties": { "内容": "特別養護老人ホーム季美の森（従来型）【介護老人福祉施設】千葉県大網白里市季美の森南1-30-8", "url": "https://www.kaigokensaku.mhlw.go.jp/12/index.php?action_kouhyou_detail_004_kani=true&JigyosyoCd=1279200370-00&ServiceCd=510&Type=search", "url2": "https://www.seikikai.net/" }, "geometry": { "type": "Point", "coordinates": [ 140.292540215205378, 35.553507601518284 ] } },
{ "type": "Feature", "properties": { "内容": "特別養護老人ホーム季美の森（ユニット型）【介護老人福祉施設】千葉県大網白里市季美の森南1-30-8", "url": "https://www.kaigokensaku.mhlw.go.jp/12/index.php?action_kouhyou_detail_004_kani=true&JigyosyoCd=1279200388-00&ServiceCd=510&Type=search", "url2": "https://www.seikikai.net/" }, "geometry": { "type": "Point", "coordinates": [ 140.2933717, 35.5515218 ] } },
{ "type": "Feature", "properties": { "内容": "特別養護老人ホーム杜の街【介護老人福祉施設】千葉県大網白里市南飯塚404-14", "url": "https://www.kaigokensaku.mhlw.go.jp/12/index.php?action_kouhyou_detail_004_kani=true&JigyosyoCd=1275800454-00&ServiceCd=510&Type=search", "url2": "https://huku-hokuto.jp/" }, "geometry": { "type": "Point", "coordinates": [ 140.346599800000035, 35.5020196 ] } },
{ "type": "Feature", "properties": { "内容": "特別養護老人ホームおおあみ緑の里【介護老人福祉施設】千葉県大網白里市柿餅268-2", "url": "https://www.kaigokensaku.mhlw.go.jp/12/index.php?action_kouhyou_detail_004_kani=true&JigyosyoCd=1275800041-00&ServiceCd=510&Type=search", "url2": "http://www.midorinosato.org" }, "geometry": { "type": "Point", "coordinates": [ 140.351015500000017, 35.516721 ] } },
{ "type": "Feature", "properties": { "内容": "特別養護老人ホームなのはな（ユニット型）【介護老人福祉施設】千葉県大網白里市南横川1748-4", "url": "https://www.kaigokensaku.mhlw.go.jp/12/index.php?action_kouhyou_detail_004_kani=true&JigyosyoCd=1279200164-00&ServiceCd=510&Type=search", "url2": "http://hiyoshikai.com/nanohana/" }, "geometry": { "type": "Point", "coordinates": [ 140.326391100000023, 35.5029322 ] } },
{ "type": "Feature", "properties": { "内容": "特別養護老人ホームなのはな（従来型）【介護老人福祉施設】千葉県大網白里市南横川1748-4", "url": "https://www.kaigokensaku.mhlw.go.jp/12/index.php?action_kouhyou_detail_004_kani=true&JigyosyoCd=1279200156-00&ServiceCd=510&Type=search", "url2": "http://hiyoshikai.com/nanohana/" }, "geometry": { "type": "Point", "coordinates": [ 140.326391100000023, 35.502932199999989 ] } },
{ "type": "Feature", "properties": { "内容": "特別養護老人ホームエコトピア酒々井【介護老人福祉施設】千葉県印旛郡酒々井町本佐倉３５２－２", "url": "https://www.kaigokensaku.mhlw.go.jp/12/index.php?action_kouhyou_detail_004_kani=true&JigyosyoCd=1273900074-00&ServiceCd=510&Type=search", "url2": "http://www.ecotopia.or.jp/" }, "geometry": { "type": "Point", "coordinates": [ 140.255117199999972, 35.715949 ] } },
{ "type": "Feature", "properties": { "内容": "特別養護老人ホームエコトピア酒々井（ユニット型）【介護老人福祉施設】千葉県印旛郡酒々井町本佐倉３５２－２2号館", "url": "https://www.kaigokensaku.mhlw.go.jp/12/index.php?action_kouhyou_detail_004_kani=true&JigyosyoCd=1273900264-00&ServiceCd=510&Type=search", "url2": "http://www.ecotopia.or.jp" }, "geometry": { "type": "Point", "coordinates": [ 140.255145, 35.7159824 ] } },
{ "type": "Feature", "properties": { "内容": "特別養護老人ホーム　しすいの郷【介護老人福祉施設】千葉県印旛郡酒々井町上岩橋1187-1", "url": "https://www.kaigokensaku.mhlw.go.jp/12/index.php?action_kouhyou_detail_004_kani=true&JigyosyoCd=1273900413-00&ServiceCd=510&Type=search", "url2": "https://ryofu-kai.com/tokurou-shisui/" }, "geometry": { "type": "Point", "coordinates": [ 140.283704099999966, 35.73753270000001 ] } },
{ "type": "Feature", "properties": { "内容": "特別養護老人ホーム栄白翠園【介護老人福祉施設】千葉県印旛郡栄町酒直1335番地", "url": "https://www.kaigokensaku.mhlw.go.jp/12/index.php?action_kouhyou_detail_004_kani=true&JigyosyoCd=1274400066-00&ServiceCd=510&Type=search", "url2": "http://hakusuien.jp/sakae/" }, "geometry": { "type": "Point", "coordinates": [ 140.2601406, 35.8309716 ] } },
{ "type": "Feature", "properties": { "内容": "特別養護老人ホームじょうもんの郷【介護老人福祉施設】千葉県香取郡神崎町神崎神宿66番地10号", "url": "https://www.kaigokensaku.mhlw.go.jp/12/index.php?action_kouhyou_detail_004_kani=true&JigyosyoCd=1274600038-00&ServiceCd=510&Type=search", "url2": "http://www.koubun.or.jp/publics/index/16/" }, "geometry": { "type": "Point", "coordinates": [ 140.399846599999989, 35.896952400000011 ] } },
{ "type": "Feature", "properties": { "内容": "多古特別養護老人ホーム【介護老人福祉施設】千葉県香取郡多古町南玉造４６０－３６", "url": "https://www.kaigokensaku.mhlw.go.jp/12/index.php?action_kouhyou_detail_004_kani=true&JigyosyoCd=1275100012-00&ServiceCd=510&Type=search", "url2": "http://hakkousou.or.jp/" }, "geometry": { "type": "Point", "coordinates": [ 140.520536, 35.7556606 ] } },
{ "type": "Feature", "properties": { "内容": "特別養護老人ホームささがわ【介護老人福祉施設】千葉県香取郡東庄町笹川い4714番地188", "url": "https://www.kaigokensaku.mhlw.go.jp/12/index.php?action_kouhyou_detail_004_kani=true&JigyosyoCd=1275300208-00&ServiceCd=510&Type=search", "url2": "https://tokuyo-sasagawa.jp/" }, "geometry": { "type": "Point", "coordinates": [ 140.670297338761884, 35.841032878219558 ] } },
{ "type": "Feature", "properties": { "内容": "特別養護老人ホーム藹藹【介護老人福祉施設】千葉県香取郡東庄町羽計2189番地13", "url": "https://www.kaigokensaku.mhlw.go.jp/12/index.php?action_kouhyou_detail_004_kani=true&JigyosyoCd=1275300042-00&ServiceCd=510&Type=search", "url2": "http://yuuai-fukushi.or.jp/" }, "geometry": { "type": "Point", "coordinates": [ 140.689879099999985, 35.824136 ] } },
{ "type": "Feature", "properties": { "内容": "特別養護老人ホーム九十九里園【介護老人福祉施設】千葉県山武郡九十九里町粟生1532番1", "url": "https://www.kaigokensaku.mhlw.go.jp/12/index.php?action_kouhyou_detail_004_kani=true&JigyosyoCd=1275900031-00&ServiceCd=510&Type=search", "url2": null }, "geometry": { "type": "Point", "coordinates": [ 140.4318816, 35.5252463 ] } },
{ "type": "Feature", "properties": { "内容": "特別養護老人ホーム芝山苑【介護老人福祉施設】千葉県山武郡芝山町山中1337-1", "url": "https://www.kaigokensaku.mhlw.go.jp/12/index.php?action_kouhyou_detail_004_kani=true&JigyosyoCd=1276500046-00&ServiceCd=510&Type=search", "url2": "https://www.tokuyou-shibayamaen.jp/" }, "geometry": { "type": "Point", "coordinates": [ 140.433968700000037, 35.70012790000002 ] } },
{ "type": "Feature", "properties": { "内容": "特別養護老人ホームユニットケア芝山苑【介護老人福祉施設】千葉県山武郡芝山町山中1337-1", "url": "https://www.kaigokensaku.mhlw.go.jp/12/index.php?action_kouhyou_detail_004_kani=true&JigyosyoCd=1276500079-00&ServiceCd=510&Type=search", "url2": "https://tokuyou-shibayamaen.jp/" }, "geometry": { "type": "Point", "coordinates": [ 140.433968700000037, 35.70012790000002 ] } },
{ "type": "Feature", "properties": { "内容": "特別養護老人ホームおもとの郷芝山（従来型）【介護老人福祉施設】千葉県山武郡芝山町大里２６３１", "url": "https://www.kaigokensaku.mhlw.go.jp/12/index.php?action_kouhyou_detail_004_kani=true&JigyosyoCd=1276500137-00&ServiceCd=510&Type=search", "url2": "https://syunyoukai.org" }, "geometry": { "type": "Point", "coordinates": [ 140.4180184, 35.7346906 ] } },
{ "type": "Feature", "properties": { "内容": "特別養護老人ホームおもとの郷芝山（ユニット型）【介護老人福祉施設】千葉県山武郡芝山町大里2631", "url": "https://www.kaigokensaku.mhlw.go.jp/12/index.php?action_kouhyou_detail_004_kani=true&JigyosyoCd=1276500145-00&ServiceCd=510&Type=search", "url2": "https://syunyoukai.org" }, "geometry": { "type": "Point", "coordinates": [ 140.4180184, 35.7346906 ] } },
{ "type": "Feature", "properties": { "内容": "高齢者福祉施設三愛(ユニット)【介護老人福祉施設】千葉県山武郡横芝光町栗山2700", "url": "https://www.kaigokensaku.mhlw.go.jp/12/index.php?action_kouhyou_detail_004_kani=true&JigyosyoCd=1279100182-00&ServiceCd=510&Type=search", "url2": "http://care-net.biz/12/sanai-touwa/" }, "geometry": { "type": "Point", "coordinates": [ 140.495202699999936, 35.6581924 ] } },
{ "type": "Feature", "properties": { "内容": "高齢者福祉施設三愛（従来型）【介護老人福祉施設】千葉県山武郡横芝光町栗山2700", "url": "https://www.kaigokensaku.mhlw.go.jp/12/index.php?action_kouhyou_detail_004_kani=true&JigyosyoCd=1279100174-00&ServiceCd=510&Type=search", "url2": "http://care-net.biz/12/sanai-touwa/" }, "geometry": { "type": "Point", "coordinates": [ 140.495202699999936, 35.6581924 ] } },
{ "type": "Feature", "properties": { "内容": "従来型特別養護老人ホーム横芝光【介護老人福祉施設】千葉県山武郡横芝光町横芝422-41", "url": "https://www.kaigokensaku.mhlw.go.jp/12/index.php?action_kouhyou_detail_004_kani=true&JigyosyoCd=1279100299-00&ServiceCd=510&Type=search", "url2": "http://naginosato.or.jp/" }, "geometry": { "type": "Point", "coordinates": [ 140.478015300000038, 35.6600102 ] } },
{ "type": "Feature", "properties": { "内容": "ユニット型特別養護老人ホーム横芝光【介護老人福祉施設】千葉県山武郡横芝光町横芝422-41", "url": "https://www.kaigokensaku.mhlw.go.jp/12/index.php?action_kouhyou_detail_004_kani=true&JigyosyoCd=1279100307-00&ServiceCd=510&Type=search", "url2": "http://naginosato.or.jp/" }, "geometry": { "type": "Point", "coordinates": [ 140.478015300000038, 35.6600102 ] } },
{ "type": "Feature", "properties": { "内容": "特別養護老人ホーム吉祥苑【介護老人福祉施設】千葉県山武郡横芝光町寺方780-1", "url": "https://www.kaigokensaku.mhlw.go.jp/12/index.php?action_kouhyou_detail_004_kani=true&JigyosyoCd=1276400064-00&ServiceCd=510&Type=search", "url2": "https://www.kissyoen.net/" }, "geometry": { "type": "Point", "coordinates": [ 140.461175499999968, 35.6764647 ] } },
{ "type": "Feature", "properties": { "内容": "特別養護老人ホーム第二松丘園【介護老人福祉施設】千葉県山武郡横芝光町宮川１２１０３－１", "url": "https://www.kaigokensaku.mhlw.go.jp/12/index.php?action_kouhyou_detail_004_kani=true&JigyosyoCd=1275600045-00&ServiceCd=510&Type=search", "url2": "https://www.99-home.com/" }, "geometry": { "type": "Point", "coordinates": [ 140.503985100000023, 35.6577655 ] } },
{ "type": "Feature", "properties": { "内容": "特別養護老人ホーム　一宮喜楽園ユニット型【介護老人福祉施設】千葉県長生郡一宮町船頭給201", "url": "https://www.kaigokensaku.mhlw.go.jp/12/index.php?action_kouhyou_detail_004_kani=true&JigyosyoCd=1276600259-00&ServiceCd=510&Type=search", "url2": "https://houyuukai.or.jp/" }, "geometry": { "type": "Point", "coordinates": [ 140.36787, 35.3823117 ] } },
{ "type": "Feature", "properties": { "内容": "特別養護老人ホーム一宮喜楽園【介護老人福祉施設】千葉県長生郡一宮町船頭給201", "url": "https://www.kaigokensaku.mhlw.go.jp/12/index.php?action_kouhyou_detail_004_kani=true&JigyosyoCd=1276600242-00&ServiceCd=510&Type=search", "url2": "https://houyuukai.or.jp/" }, "geometry": { "type": "Point", "coordinates": [ 140.36787, 35.3823117 ] } },
{ "type": "Feature", "properties": { "内容": "特別養護老人ホーム一宮苑【介護老人福祉施設】千葉県長生郡一宮町一宮３８９特別養護老人ホーム一宮苑", "url": "https://www.kaigokensaku.mhlw.go.jp/12/index.php?action_kouhyou_detail_004_kani=true&JigyosyoCd=1276600051-00&ServiceCd=510&Type=search", "url2": "http://www.ichinomiyaen.jp/" }, "geometry": { "type": "Point", "coordinates": [ 140.382156555894539, 35.381896520303506 ] } },
{ "type": "Feature", "properties": { "内容": "特別養護老人ホームせせらぎ【介護老人福祉施設】千葉県長生郡睦沢町北山田724番地1", "url": "https://www.kaigokensaku.mhlw.go.jp/12/index.php?action_kouhyou_detail_004_kani=true&JigyosyoCd=1276700133-00&ServiceCd=510&Type=search", "url2": "http://seseragi.chiba.jp" }, "geometry": { "type": "Point", "coordinates": [ 140.31454824551659, 35.377931520615199 ] } },
{ "type": "Feature", "properties": { "内容": "特別養護老人ホーム　睦沢園【介護老人福祉施設】千葉県長生郡睦沢町川島1458番地1", "url": "https://www.kaigokensaku.mhlw.go.jp/12/index.php?action_kouhyou_detail_004_kani=true&JigyosyoCd=1276700026-00&ServiceCd=510&Type=search", "url2": "https://keiyou-kai.jp" }, "geometry": { "type": "Point", "coordinates": [ 140.334493299999963, 35.3872485 ] } },
{ "type": "Feature", "properties": { "内容": "特別養護老人ホーム　まきの木苑【介護老人福祉施設】千葉県長生郡長生村七井土下田台1789-1", "url": "https://www.kaigokensaku.mhlw.go.jp/12/index.php?action_kouhyou_detail_004_kani=true&JigyosyoCd=1276800099-00&ServiceCd=510&Type=search", "url2": "http://www.makinokien.com/" }, "geometry": { "type": "Point", "coordinates": [ 140.337343, 35.391862 ] } },
{ "type": "Feature", "properties": { "内容": "特別養護老人ホーム長生き邑【介護老人福祉施設】千葉県長生郡長生村金田２１３３番地", "url": "https://www.kaigokensaku.mhlw.go.jp/12/index.php?action_kouhyou_detail_004_kani=true&JigyosyoCd=1276800198-00&ServiceCd=510&Type=search", "url2": "http://www.ainotomo.or.jp" }, "geometry": { "type": "Point", "coordinates": [ 140.349318428695398, 35.394854022442779 ] } },
{ "type": "Feature", "properties": { "内容": "特別養護老人ホーム　はまひるがお【介護老人福祉施設】千葉県長生郡白子町古所５４２１－１", "url": "https://www.kaigokensaku.mhlw.go.jp/12/index.php?action_kouhyou_detail_004_kani=true&JigyosyoCd=1276900030-00&ServiceCd=510&Type=search", "url2": "https://www.hamahirugao.com/" }, "geometry": { "type": "Point", "coordinates": [ 140.383918099999988, 35.4468796 ] } },
{ "type": "Feature", "properties": { "内容": "特別養護老人ホーム長柄園従来型【介護老人福祉施設】千葉県長生郡長柄町徳増659-1", "url": "https://www.kaigokensaku.mhlw.go.jp/12/index.php?action_kouhyou_detail_004_kani=true&JigyosyoCd=1277000145-00&ServiceCd=510&Type=search", "url2": "https://keiyou-kai.jp/" }, "geometry": { "type": "Point", "coordinates": [ 140.237320899999986, 35.4283769 ] } },
{ "type": "Feature", "properties": { "内容": "特別養護老人ホーム長柄園ユニット型【介護老人福祉施設】千葉県長生郡長柄町徳増659-1", "url": "https://www.kaigokensaku.mhlw.go.jp/12/index.php?action_kouhyou_detail_004_kani=true&JigyosyoCd=1277000152-00&ServiceCd=510&Type=search", "url2": "https://keiyou-kai.jp/" }, "geometry": { "type": "Point", "coordinates": [ 140.237320899999986, 35.4283769 ] } },
{ "type": "Feature", "properties": { "内容": "特別養護老人ホーム　ほしの郷【介護老人福祉施設】千葉県長生郡長柄町鴇谷９８２番地", "url": "https://www.kaigokensaku.mhlw.go.jp/12/index.php?action_kouhyou_detail_004_kani=true&JigyosyoCd=1277000111-00&ServiceCd=510&Type=search", "url2": "https://shafuku-kyouseikai.or.jp/" }, "geometry": { "type": "Point", "coordinates": [ 140.223145499999987, 35.4271782 ] } },
{ "type": "Feature", "properties": { "内容": "特別養護老人ホームほしの郷・長南（ユニット型）【介護老人福祉施設】千葉県長生郡長南町茗荷沢67番地ほしの郷・長南", "url": "https://www.kaigokensaku.mhlw.go.jp/12/index.php?action_kouhyou_detail_004_kani=true&JigyosyoCd=1277100275-00&ServiceCd=510&Type=search", "url2": "http://shafuku-kyouseikai.or.jp/" }, "geometry": { "type": "Point", "coordinates": [ 140.233384200000046, 35.3734449 ] } },
{ "type": "Feature", "properties": { "内容": "特別養護老人ホームほしの郷・長南（従来型）【介護老人福祉施設】千葉県長生郡長南町茗荷沢67番地", "url": "https://www.kaigokensaku.mhlw.go.jp/12/index.php?action_kouhyou_detail_004_kani=true&JigyosyoCd=1277100267-00&ServiceCd=510&Type=search", "url2": "http://www.shafuku-kyouseikai.or.jp" }, "geometry": { "type": "Point", "coordinates": [ 140.233384200000046, 35.3734449 ] } },
{ "type": "Feature", "properties": { "内容": "特別養護老人ホーム　ザイクスヒル長南【介護老人福祉施設】千葉県長生郡長南町芝原3050番地", "url": "https://www.kaigokensaku.mhlw.go.jp/12/index.php?action_kouhyou_detail_004_kani=true&JigyosyoCd=1277100036-00&ServiceCd=510&Type=search", "url2": "http://zyx-hill.jp" }, "geometry": { "type": "Point", "coordinates": [ 140.3021076, 35.3662618 ] } },
{ "type": "Feature", "properties": { "内容": "特別養護老人ホーム　豊栄の里【介護老人福祉施設】千葉県長生郡長南町須田６－１", "url": "https://www.kaigokensaku.mhlw.go.jp/12/index.php?action_kouhyou_detail_004_kani=true&JigyosyoCd=1277100218-00&ServiceCd=510&Type=search", "url2": "http://zyx-hill.jp" }, "geometry": { "type": "Point", "coordinates": [ 140.260065199999985, 35.4173284 ] } },
{ "type": "Feature", "properties": { "内容": "特別養護老人ホーム大多喜城見苑（ユニット型個室）【介護老人福祉施設】千葉県夷隅郡大多喜町猿稲３１０番地１", "url": "https://www.kaigokensaku.mhlw.go.jp/12/index.php?action_kouhyou_detail_004_kani=true&JigyosyoCd=1277200133-00&ServiceCd=510&Type=search", "url2": "https://shiromien.jp/" }, "geometry": { "type": "Point", "coordinates": [ 140.241778366270438, 35.28880162522892 ] } },
{ "type": "Feature", "properties": { "内容": "特別養護老人ホーム大多喜城見苑（従来型多床室）【介護老人福祉施設】千葉県夷隅郡大多喜町猿稲310-1", "url": "https://www.kaigokensaku.mhlw.go.jp/12/index.php?action_kouhyou_detail_004_kani=true&JigyosyoCd=1277200141-00&ServiceCd=510&Type=search", "url2": "https://shiromien.jp/" }, "geometry": { "type": "Point", "coordinates": [ 140.2416979, 35.2886834 ] } },
{ "type": "Feature", "properties": { "内容": "特別養護老人ホーム　外房【介護老人福祉施設】千葉県夷隅郡御宿町久保７９６", "url": "https://www.kaigokensaku.mhlw.go.jp/12/index.php?action_kouhyou_detail_004_kani=true&JigyosyoCd=1277400030-00&ServiceCd=510&Type=search", "url2": "https://kaigosisetu-sotobou.com/" }, "geometry": { "type": "Point", "coordinates": [ 140.360093900000038, 35.201285 ] } },
{ "type": "Feature", "properties": { "内容": "特別養護老人ホーム鋸南苑【介護老人福祉施設】千葉県安房郡鋸南町保田854-1", "url": "https://www.kaigokensaku.mhlw.go.jp/12/index.php?action_kouhyou_detail_004_kani=true&JigyosyoCd=1277900070-00&ServiceCd=510&Type=search", "url2": "http://www.tenyuukai.jp" }, "geometry": { "type": "Point", "coordinates": [ 139.8469632, 35.1452905 ] } },
{ "type": "Feature", "properties": { "内容": "特別養護老人ホーム鋸南苑（本館）【介護老人福祉施設】千葉県安房郡鋸南町保田854-1", "url": "https://www.kaigokensaku.mhlw.go.jp/12/index.php?action_kouhyou_detail_004_kani=true&JigyosyoCd=1277900211-00&ServiceCd=510&Type=search", "url2": "http://www.tenyuukai.jp" }, "geometry": { "type": "Point", "coordinates": [ 139.8469632, 35.1452905 ] } }
]
}
