{
"type": "FeatureCollection",
"name": "geo_12_小学校",
"crs": { "type": "name", "properties": { "name": "urn:ogc:def:crs:EPSG::6668" } },
"features": [
{ "type": "Feature", "properties": { "P29_001": "12101", "P29_002": "B112210000266", "P29_003": "16001", "P29_004": "千葉市立生浜小学校", "P29_005": "千葉県千葉市中央区浜野町1335", "P29_006": "3", "P29_007": "1", "P29_008": "00", "P29_009": null }, "geometry": { "type": "Point", "coordinates": [ 140.140529521434928, 35.559462389304741 ] } },
{ "type": "Feature", "properties": { "P29_001": "12105", "P29_002": "B112210000275", "P29_003": "16001", "P29_004": "千葉市立椎名小学校", "P29_005": "千葉県千葉市緑区茂呂町582", "P29_006": "3", "P29_007": "1", "P29_008": "00", "P29_009": null }, "geometry": { "type": "Point", "coordinates": [ 140.163444788023753, 35.541781559947147 ] } },
{ "type": "Feature", "properties": { "P29_001": "12105", "P29_002": "B112210000284", "P29_003": "16001", "P29_004": "千葉市立誉田小学校", "P29_005": "千葉県千葉市緑区誉田町1-27", "P29_006": "3", "P29_007": "1", "P29_008": "00", "P29_009": null }, "geometry": { "type": "Point", "coordinates": [ 140.204437035797724, 35.549544985025896 ] } },
{ "type": "Feature", "properties": { "P29_001": "12105", "P29_002": "B112210000293", "P29_003": "16001", "P29_004": "千葉市立平山小学校", "P29_005": "千葉県千葉市緑区辺田町141", "P29_006": "3", "P29_007": "1", "P29_008": "00", "P29_009": null }, "geometry": { "type": "Point", "coordinates": [ 140.180271174325412, 35.56891013532816 ] } },
{ "type": "Feature", "properties": { "P29_001": "12104", "P29_002": "B112210000319", "P29_003": "16001", "P29_004": "千葉市立白井小学校", "P29_005": "千葉県千葉市若葉区野呂町215", "P29_006": "3", "P29_007": "1", "P29_008": "00", "P29_009": null }, "geometry": { "type": "Point", "coordinates": [ 140.231282098565998, 35.580916408739647 ] } },
{ "type": "Feature", "properties": { "P29_001": "12105", "P29_002": "B112210000471", "P29_003": "16001", "P29_004": "千葉市立土気小学校", "P29_005": "千葉県千葉市緑区土気町1634-2", "P29_006": "3", "P29_007": "1", "P29_008": "00", "P29_009": null }, "geometry": { "type": "Point", "coordinates": [ 140.272953359081157, 35.531723621859577 ] } },
{ "type": "Feature", "properties": { "P29_001": "12101", "P29_002": "B112210000514", "P29_003": "16001", "P29_004": "千葉市立生浜西小学校", "P29_005": "千葉県千葉市中央区塩田町316-1", "P29_006": "3", "P29_007": "1", "P29_008": "00", "P29_009": null }, "geometry": { "type": "Point", "coordinates": [ 140.131194186446237, 35.55893680721617 ] } },
{ "type": "Feature", "properties": { "P29_001": "12101", "P29_002": "B112210000596", "P29_003": "16001", "P29_004": "千葉市立大巌寺小学校", "P29_005": "千葉県千葉市中央区大巌寺町375", "P29_006": "3", "P29_007": "1", "P29_008": "00", "P29_009": null }, "geometry": { "type": "Point", "coordinates": [ 140.148914833563367, 35.572815938204272 ] } },
{ "type": "Feature", "properties": { "P29_001": "12105", "P29_002": "B112210000765", "P29_003": "16001", "P29_004": "千葉市立誉田東小学校", "P29_005": "千葉県千葉市緑区誉田町2-21-84", "P29_006": "3", "P29_007": "1", "P29_008": "00", "P29_009": null }, "geometry": { "type": "Point", "coordinates": [ 140.21797807664791, 35.54950690782573 ] } },
{ "type": "Feature", "properties": { "P29_001": "12105", "P29_002": "B112210000783", "P29_003": "16001", "P29_004": "千葉市立大木戸小学校", "P29_005": "千葉県千葉市緑区大木戸町317", "P29_006": "3", "P29_007": "1", "P29_008": "00", "P29_009": null }, "geometry": { "type": "Point", "coordinates": [ 140.249926612077928, 35.530775565936395 ] } },
{ "type": "Feature", "properties": { "P29_001": "12105", "P29_002": "B112210000872", "P29_003": "16001", "P29_004": "千葉市立越智小学校", "P29_005": "千葉県千葉市緑区越智町705-359", "P29_006": "3", "P29_007": "1", "P29_008": "00", "P29_009": null }, "geometry": { "type": "Point", "coordinates": [ 140.236996930900006, 35.53203981001797 ] } },
{ "type": "Feature", "properties": { "P29_001": "12101", "P29_002": "B112210000890", "P29_003": "16001", "P29_004": "千葉市立生浜東小学校", "P29_005": "千葉県千葉市中央区生実町1928", "P29_006": "3", "P29_007": "1", "P29_008": "00", "P29_009": null }, "geometry": { "type": "Point", "coordinates": [ 140.147688768075255, 35.559832647867161 ] } },
{ "type": "Feature", "properties": { "P29_001": "12105", "P29_002": "B112210000907", "P29_003": "16001", "P29_004": "千葉市立泉谷小学校", "P29_005": "千葉県千葉市緑区おゆみ野中央4-3", "P29_006": "3", "P29_007": "1", "P29_008": "00", "P29_009": null }, "geometry": { "type": "Point", "coordinates": [ 140.17389535479478, 35.554708286749211 ] } },
{ "type": "Feature", "properties": { "P29_001": "12105", "P29_002": "B112210000916", "P29_003": "16001", "P29_004": "千葉市立土気南小学校", "P29_005": "千葉県千葉市緑区あすみが丘4-16", "P29_006": "3", "P29_007": "1", "P29_008": "00", "P29_009": null }, "geometry": { "type": "Point", "coordinates": [ 140.265647845197208, 35.523401056401539 ] } },
{ "type": "Feature", "properties": { "P29_001": "12105", "P29_002": "B112210000934", "P29_003": "16001", "P29_004": "千葉市立小谷小学校", "P29_005": "千葉県千葉市緑区おゆみ野4-45", "P29_006": "3", "P29_007": "1", "P29_008": "00", "P29_009": null }, "geometry": { "type": "Point", "coordinates": [ 140.181883640796229, 35.555337918596301 ] } },
{ "type": "Feature", "properties": { "P29_001": "12105", "P29_002": "B112210000943", "P29_003": "16001", "P29_004": "千葉市立有吉小学校", "P29_005": "千葉県千葉市緑区おゆみ野1-53", "P29_006": "3", "P29_007": "1", "P29_008": "00", "P29_009": null }, "geometry": { "type": "Point", "coordinates": [ 140.166718835415963, 35.56160128374362 ] } },
{ "type": "Feature", "properties": { "P29_001": "12105", "P29_002": "B112210000952", "P29_003": "16001", "P29_004": "千葉市立大椎小学校", "P29_005": "千葉県千葉市緑区あすみが丘6-38", "P29_006": "3", "P29_007": "1", "P29_008": "00", "P29_009": null }, "geometry": { "type": "Point", "coordinates": [ 140.262181768807636, 35.514298550879289 ] } },
{ "type": "Feature", "properties": { "P29_001": "12105", "P29_002": "B112210000970", "P29_003": "16001", "P29_004": "千葉市立金沢小学校", "P29_005": "千葉県千葉市緑区おゆみ野南5-31", "P29_006": "3", "P29_007": "1", "P29_008": "00", "P29_009": null }, "geometry": { "type": "Point", "coordinates": [ 140.172894562238952, 35.547835317093266 ] } },
{ "type": "Feature", "properties": { "P29_001": "12105", "P29_002": "B112210000989", "P29_003": "16001", "P29_004": "千葉市立あすみが丘小学校", "P29_005": "千葉県千葉市緑区あすみが丘6-2", "P29_006": "3", "P29_007": "1", "P29_008": "00", "P29_009": null }, "geometry": { "type": "Point", "coordinates": [ 140.26360075800099, 35.520008118879815 ] } },
{ "type": "Feature", "properties": { "P29_001": "12105", "P29_002": "B112210000998", "P29_003": "16001", "P29_004": "千葉市立扇田小学校", "P29_005": "千葉県千葉市緑区おゆみ野中央1-26", "P29_006": "3", "P29_007": "1", "P29_008": "00", "P29_009": null }, "geometry": { "type": "Point", "coordinates": [ 140.163850165429324, 35.557061592262485 ] } },
{ "type": "Feature", "properties": { "P29_001": "12205", "P29_002": "B112210002059", "P29_003": "16001", "P29_004": "館山市立船形小学校", "P29_005": "千葉県館山市船形405-2", "P29_006": "3", "P29_007": "1", "P29_008": "00", "P29_009": null }, "geometry": { "type": "Point", "coordinates": [ 139.848140168553954, 35.027713433957288 ] } },
{ "type": "Feature", "properties": { "P29_001": "12205", "P29_002": "B112210002068", "P29_003": "16001", "P29_004": "館山市立那古小学校", "P29_005": "千葉県館山市那古272", "P29_006": "3", "P29_007": "1", "P29_008": "00", "P29_009": null }, "geometry": { "type": "Point", "coordinates": [ 139.86846900980396, 35.026332521718615 ] } },
{ "type": "Feature", "properties": { "P29_001": "12205", "P29_002": "B112210002077", "P29_003": "16001", "P29_004": "館山市立北条小学校", "P29_005": "千葉県館山市北条456", "P29_006": "3", "P29_007": "1", "P29_008": "00", "P29_009": null }, "geometry": { "type": "Point", "coordinates": [ 139.873153428377066, 34.995245418166924 ] } },
{ "type": "Feature", "properties": { "P29_001": "12205", "P29_002": "B112210002086", "P29_003": "16001", "P29_004": "館山市立館山小学校", "P29_005": "千葉県館山市館山317", "P29_006": "3", "P29_007": "1", "P29_008": "00", "P29_009": null }, "geometry": { "type": "Point", "coordinates": [ 139.852606779015161, 34.981818985035986 ] } },
{ "type": "Feature", "properties": { "P29_001": "12205", "P29_002": "B112210002095", "P29_003": "16001", "P29_004": "館山市立西岬小学校", "P29_005": "千葉県館山市加賀名151", "P29_006": "3", "P29_007": "1", "P29_008": "00", "P29_009": null }, "geometry": { "type": "Point", "coordinates": [ 139.793124502895324, 34.967486636626795 ] } },
{ "type": "Feature", "properties": { "P29_001": "12205", "P29_002": "B112210002111", "P29_003": "16001", "P29_004": "館山市立豊房小学校", "P29_005": "千葉県館山市大戸266-2", "P29_006": "3", "P29_007": "1", "P29_008": "00", "P29_009": null }, "geometry": { "type": "Point", "coordinates": [ 139.87815334297801, 34.974414595335546 ] } },
{ "type": "Feature", "properties": { "P29_001": "12206", "P29_002": "B112210002148", "P29_003": "16001", "P29_004": "木更津市立木更津第一小学校", "P29_005": "千葉県木更津市中央1-11-1", "P29_006": "3", "P29_007": "1", "P29_008": "00", "P29_009": null }, "geometry": { "type": "Point", "coordinates": [ 139.924264564116129, 35.384611408883181 ] } },
{ "type": "Feature", "properties": { "P29_001": "12206", "P29_002": "B112210002166", "P29_003": "16001", "P29_004": "木更津市立東清小学校", "P29_005": "千葉県木更津市菅生114", "P29_006": "3", "P29_007": "1", "P29_008": "00", "P29_009": null }, "geometry": { "type": "Point", "coordinates": [ 139.983148623790953, 35.389503139459933 ] } },
{ "type": "Feature", "properties": { "P29_001": "12206", "P29_002": "B112210002175", "P29_003": "16001", "P29_004": "木更津市立西清小学校", "P29_005": "千葉県木更津市長須賀2445", "P29_006": "3", "P29_007": "1", "P29_008": "00", "P29_009": null }, "geometry": { "type": "Point", "coordinates": [ 139.93846023171551, 35.387390819920149 ] } },
{ "type": "Feature", "properties": { "P29_001": "12206", "P29_002": "B112210002184", "P29_003": "16001", "P29_004": "木更津市立南清小学校", "P29_005": "千葉県木更津市ほたる野3-5", "P29_006": "3", "P29_007": "1", "P29_008": "00", "P29_009": null }, "geometry": { "type": "Point", "coordinates": [ 139.969336057803133, 35.373260600243839 ] } },
{ "type": "Feature", "properties": { "P29_001": "12206", "P29_002": "B112210002193", "P29_003": "16001", "P29_004": "木更津市立清見台小学校", "P29_005": "千葉県木更津市清見台南1-15-1", "P29_006": "3", "P29_007": "1", "P29_008": "00", "P29_009": null }, "geometry": { "type": "Point", "coordinates": [ 139.95073628145613, 35.381502437772532 ] } },
{ "type": "Feature", "properties": { "P29_001": "12206", "P29_002": "B112210002200", "P29_003": "16001", "P29_004": "木更津市立岩根小学校", "P29_005": "千葉県木更津市西岩根8-1", "P29_006": "3", "P29_007": "1", "P29_008": "00", "P29_009": null }, "geometry": { "type": "Point", "coordinates": [ 139.927405561930783, 35.407482786766565 ] } },
{ "type": "Feature", "properties": { "P29_001": "12206", "P29_002": "B112210002246", "P29_003": "16001", "P29_004": "木更津市立金田小学校", "P29_005": "千葉県木更津市中島2931-1", "P29_006": "3", "P29_007": "1", "P29_008": "00", "P29_009": null }, "geometry": { "type": "Point", "coordinates": [ 139.926188713567655, 35.425704413225723 ] } },
{ "type": "Feature", "properties": { "P29_001": "12206", "P29_002": "B112210002255", "P29_003": "16001", "P29_004": "木更津市立中郷小学校", "P29_005": "千葉県木更津市井尻978", "P29_006": "3", "P29_007": "1", "P29_008": "01", "P29_009": null }, "geometry": { "type": "Point", "coordinates": [ 139.972410449258973, 35.405775467278175 ] } },
{ "type": "Feature", "properties": { "P29_001": "12206", "P29_002": "B112210002273", "P29_003": "16001", "P29_004": "木更津市立祇園小学校", "P29_005": "千葉県木更津市清川1-1-1", "P29_006": "3", "P29_007": "1", "P29_008": "00", "P29_009": null }, "geometry": { "type": "Point", "coordinates": [ 139.959140908874502, 35.386426828604954 ] } },
{ "type": "Feature", "properties": { "P29_001": "12206", "P29_002": "B112210002282", "P29_003": "16001", "P29_004": "木更津市立畑沢小学校", "P29_005": "千葉県木更津市畑沢南2-16-1", "P29_006": "3", "P29_007": "1", "P29_008": "00", "P29_009": null }, "geometry": { "type": "Point", "coordinates": [ 139.903962745328897, 35.34209933386834 ] } },
{ "type": "Feature", "properties": { "P29_001": "12206", "P29_002": "B112210002291", "P29_003": "16001", "P29_004": "木更津市立請西小学校", "P29_005": "千葉県木更津市請西2-8-1", "P29_006": "3", "P29_007": "1", "P29_008": "00", "P29_009": null }, "geometry": { "type": "Point", "coordinates": [ 139.943807525328907, 35.374994928593317 ] } },
{ "type": "Feature", "properties": { "P29_001": "12206", "P29_002": "B112210002308", "P29_003": "16001", "P29_004": "木更津市立八幡台小学校", "P29_005": "千葉県木更津市八幡台4-5-1", "P29_006": "3", "P29_007": "1", "P29_008": "00", "P29_009": null }, "geometry": { "type": "Point", "coordinates": [ 139.947954433720213, 35.340888303326935 ] } },
{ "type": "Feature", "properties": { "P29_001": "12210", "P29_002": "B112210003003", "P29_003": "16001", "P29_004": "茂原市立東郷小学校", "P29_005": "千葉県茂原市谷本142", "P29_006": "3", "P29_007": "1", "P29_008": "00", "P29_009": null }, "geometry": { "type": "Point", "coordinates": [ 140.327457572747676, 35.447407532030155 ] } },
{ "type": "Feature", "properties": { "P29_001": "12210", "P29_002": "B112210003030", "P29_003": "16001", "P29_004": "茂原市立茂原小学校", "P29_005": "千葉県茂原市茂原614", "P29_006": "3", "P29_007": "1", "P29_008": "00", "P29_009": null }, "geometry": { "type": "Point", "coordinates": [ 140.299173087849482, 35.425564688631972 ] } },
{ "type": "Feature", "properties": { "P29_001": "12210", "P29_002": "B112210003049", "P29_003": "16001", "P29_004": "茂原市立西小学校", "P29_005": "千葉県茂原市茂原1229-1", "P29_006": "3", "P29_007": "1", "P29_008": "00", "P29_009": null }, "geometry": { "type": "Point", "coordinates": [ 140.283337565334392, 35.427144554558119 ] } },
{ "type": "Feature", "properties": { "P29_001": "12210", "P29_002": "B112210003058", "P29_003": "16001", "P29_004": "茂原市立五郷小学校", "P29_005": "千葉県茂原市綱島1185", "P29_006": "3", "P29_007": "1", "P29_008": "00", "P29_009": null }, "geometry": { "type": "Point", "coordinates": [ 140.277117944833464, 35.415846230133937 ] } },
{ "type": "Feature", "properties": { "P29_001": "12210", "P29_002": "B112210003067", "P29_003": "16001", "P29_004": "茂原市立鶴枝小学校", "P29_005": "千葉県茂原市上永吉955", "P29_006": "3", "P29_007": "1", "P29_008": "00", "P29_009": null }, "geometry": { "type": "Point", "coordinates": [ 140.29820101947854, 35.395172842161813 ] } },
{ "type": "Feature", "properties": { "P29_001": "12210", "P29_002": "B112210003076", "P29_003": "16001", "P29_004": "茂原市立萩原小学校", "P29_005": "千葉県茂原市萩原町1-17", "P29_006": "3", "P29_007": "1", "P29_008": "00", "P29_009": null }, "geometry": { "type": "Point", "coordinates": [ 140.300071717485338, 35.438506130728356 ] } },
{ "type": "Feature", "properties": { "P29_001": "12210", "P29_002": "B112210003085", "P29_003": "16001", "P29_004": "茂原市立中の島小学校", "P29_005": "千葉県茂原市中の島町451", "P29_006": "3", "P29_007": "1", "P29_008": "00", "P29_009": null }, "geometry": { "type": "Point", "coordinates": [ 140.30968772088562, 35.409887841978097 ] } },
{ "type": "Feature", "properties": { "P29_001": "12210", "P29_002": "B112210003094", "P29_003": "16001", "P29_004": "茂原市立東部小学校", "P29_005": "千葉県茂原市東部台1-9-1", "P29_006": "3", "P29_007": "1", "P29_008": "00", "P29_009": null }, "geometry": { "type": "Point", "coordinates": [ 140.318467189547079, 35.422372853159118 ] } },
{ "type": "Feature", "properties": { "P29_001": "12213", "P29_002": "B112210003619", "P29_003": "16001", "P29_004": "東金市立福岡小学校", "P29_005": "千葉県東金市砂古瀬422-1", "P29_006": "3", "P29_007": "1", "P29_008": "00", "P29_009": null }, "geometry": { "type": "Point", "coordinates": [ 140.37995285482333, 35.513327202815496 ] } },
{ "type": "Feature", "properties": { "P29_001": "12218", "P29_002": "B112210004280", "P29_003": "16001", "P29_004": "勝浦市立上野小学校", "P29_005": "千葉県勝浦市植野元宮田72", "P29_006": "3", "P29_007": "1", "P29_008": "00", "P29_009": null }, "geometry": { "type": "Point", "coordinates": [ 140.251878445004792, 35.154202373507729 ] } },
{ "type": "Feature", "properties": { "P29_001": "12218", "P29_002": "B112210004299", "P29_003": "16001", "P29_004": "勝浦市立興津小学校", "P29_005": "千葉県勝浦市興津1700", "P29_006": "3", "P29_007": "1", "P29_008": "00", "P29_009": null }, "geometry": { "type": "Point", "coordinates": [ 140.242963982781902, 35.132592871098794 ] } },
{ "type": "Feature", "properties": { "P29_001": "12218", "P29_002": "B112210004324", "P29_003": "16001", "P29_004": "勝浦市立総野小学校", "P29_005": "千葉県勝浦市蟹田222-1", "P29_006": "3", "P29_007": "1", "P29_008": "00", "P29_009": null }, "geometry": { "type": "Point", "coordinates": [ 140.276462043686308, 35.200391468622634 ] } },
{ "type": "Feature", "properties": { "P29_001": "12219", "P29_002": "B112210004333", "P29_003": "16001", "P29_004": "市原市立八幡小学校", "P29_005": "千葉県市原市八幡530", "P29_006": "3", "P29_007": "1", "P29_008": "00", "P29_009": null }, "geometry": { "type": "Point", "coordinates": [ 140.121240402879067, 35.533671445417404 ] } },
{ "type": "Feature", "properties": { "P29_001": "12219", "P29_002": "B112210004351", "P29_003": "16001", "P29_004": "市原市立市原小学校", "P29_005": "千葉県市原市能満1320", "P29_006": "3", "P29_007": "1", "P29_008": "00", "P29_009": null }, "geometry": { "type": "Point", "coordinates": [ 140.128870799079294, 35.508400271723659 ] } },
{ "type": "Feature", "properties": { "P29_001": "12219", "P29_002": "B112210004360", "P29_003": "16001", "P29_004": "市原市立辰巳台西小学校", "P29_005": "千葉県市原市辰巳台西4-16", "P29_006": "3", "P29_007": "1", "P29_008": "00", "P29_009": null }, "geometry": { "type": "Point", "coordinates": [ 140.149057578122751, 35.524354377518229 ] } },
{ "type": "Feature", "properties": { "P29_001": "12219", "P29_002": "B112210004379", "P29_003": "16001", "P29_004": "市原市立五井小学校", "P29_005": "千葉県市原市五井東1-6-3", "P29_006": "3", "P29_007": "1", "P29_008": "00", "P29_009": null }, "geometry": { "type": "Point", "coordinates": [ 140.094780408375016, 35.5141564421859 ] } },
{ "type": "Feature", "properties": { "P29_001": "12219", "P29_002": "B112210004388", "P29_003": "16001", "P29_004": "市原市立白金小学校", "P29_005": "千葉県市原市君塚3-19", "P29_006": "3", "P29_007": "1", "P29_008": "00", "P29_009": null }, "geometry": { "type": "Point", "coordinates": [ 140.107992020087949, 35.523976257163568 ] } },
{ "type": "Feature", "properties": { "P29_001": "12219", "P29_002": "B112210004397", "P29_003": "16001", "P29_004": "市原市立国府小学校", "P29_005": "千葉県市原市村上1402-1", "P29_006": "3", "P29_007": "1", "P29_008": "00", "P29_009": null }, "geometry": { "type": "Point", "coordinates": [ 140.097389206503976, 35.495058519970947 ] } },
{ "type": "Feature", "properties": { "P29_001": "12219", "P29_002": "B112210004404", "P29_003": "16001", "P29_004": "市原市立京葉小学校", "P29_005": "千葉県市原市五井西3-9-2", "P29_006": "3", "P29_007": "1", "P29_008": "00", "P29_009": null }, "geometry": { "type": "Point", "coordinates": [ 140.074007275182083, 35.518825135020947 ] } },
{ "type": "Feature", "properties": { "P29_001": "12219", "P29_002": "B112210004413", "P29_003": "16001", "P29_004": "市原市立千種小学校", "P29_005": "千葉県市原市青柳1801", "P29_006": "3", "P29_007": "1", "P29_008": "00", "P29_009": null }, "geometry": { "type": "Point", "coordinates": [ 140.058604201603345, 35.498964874267678 ] } },
{ "type": "Feature", "properties": { "P29_001": "12219", "P29_002": "B112210004422", "P29_003": "16001", "P29_004": "市原市立東海小学校", "P29_005": "千葉県市原市廿五里558", "P29_006": "3", "P29_007": "1", "P29_008": "00", "P29_009": null }, "geometry": { "type": "Point", "coordinates": [ 140.07732818853043, 35.487908023446998 ] } },
{ "type": "Feature", "properties": { "P29_001": "12219", "P29_002": "B112210004431", "P29_003": "16001", "P29_004": "市原市立姉崎小学校", "P29_005": "千葉県市原市椎津461", "P29_006": "3", "P29_007": "1", "P29_008": "00", "P29_009": null }, "geometry": { "type": "Point", "coordinates": [ 140.040337046131754, 35.473038885647007 ] } },
{ "type": "Feature", "properties": { "P29_001": "12219", "P29_002": "B112210004440", "P29_003": "16001", "P29_004": "市原市立有秋東小学校", "P29_005": "千葉県市原市不入斗753", "P29_006": "3", "P29_007": "1", "P29_008": "00", "P29_009": null }, "geometry": { "type": "Point", "coordinates": [ 140.057322551487346, 35.454238105878126 ] } },
{ "type": "Feature", "properties": { "P29_001": "12219", "P29_002": "B112210004459", "P29_003": "16001", "P29_004": "市原市立海上小学校", "P29_005": "千葉県市原市神代125", "P29_006": "3", "P29_007": "1", "P29_008": "00", "P29_009": null }, "geometry": { "type": "Point", "coordinates": [ 140.098905258725551, 35.470331049300611 ] } },
{ "type": "Feature", "properties": { "P29_001": "12219", "P29_002": "B112210004468", "P29_003": "16001", "P29_004": "市原市立市西小学校", "P29_005": "千葉県市原市海士有木1130", "P29_006": "3", "P29_007": "1", "P29_008": "00", "P29_009": null }, "geometry": { "type": "Point", "coordinates": [ 140.130572651063744, 35.471009425605253 ] } },
{ "type": "Feature", "properties": { "P29_001": "12219", "P29_002": "B112210004477", "P29_003": "16001", "P29_004": "市原市立養老小学校", "P29_005": "千葉県市原市松崎820", "P29_006": "3", "P29_007": "1", "P29_008": "00", "P29_009": null }, "geometry": { "type": "Point", "coordinates": [ 140.135055734684443, 35.448300274851825 ] } },
{ "type": "Feature", "properties": { "P29_001": "12219", "P29_002": "B112210004495", "P29_003": "16001", "P29_004": "市原市立市東第一小学校", "P29_005": "千葉県市原市瀬又1820", "P29_006": "3", "P29_007": "1", "P29_008": "00", "P29_009": null }, "geometry": { "type": "Point", "coordinates": [ 140.202693180621281, 35.524831029369025 ] } },
{ "type": "Feature", "properties": { "P29_001": "12219", "P29_002": "B112210004501", "P29_003": "16001", "P29_004": "市原市立辰巳台東小学校", "P29_005": "千葉県市原市辰巳台東4-13", "P29_006": "3", "P29_007": "1", "P29_008": "00", "P29_009": null }, "geometry": { "type": "Point", "coordinates": [ 140.153953015080049, 35.514065137751892 ] } },
{ "type": "Feature", "properties": { "P29_001": "12219", "P29_002": "B112210004510", "P29_003": "16001", "P29_004": "市原市立有秋西小学校", "P29_005": "千葉県市原市有秋台西2-3", "P29_006": "3", "P29_007": "1", "P29_008": "00", "P29_009": null }, "geometry": { "type": "Point", "coordinates": [ 140.051775157608233, 35.448204440862931 ] } },
{ "type": "Feature", "properties": { "P29_001": "12219", "P29_002": "B112210004529", "P29_003": "16001", "P29_004": "市原市立戸田小学校", "P29_005": "千葉県市原市馬立830", "P29_006": "3", "P29_007": "1", "P29_008": "00", "P29_009": null }, "geometry": { "type": "Point", "coordinates": [ 140.116243735396438, 35.424081350097318 ] } },
{ "type": "Feature", "properties": { "P29_001": "12219", "P29_002": "B112210004565", "P29_003": "16001", "P29_004": "市原市立若葉小学校", "P29_005": "千葉県市原市五井5555-1", "P29_006": "3", "P29_007": "1", "P29_008": "00", "P29_009": null }, "geometry": { "type": "Point", "coordinates": [ 140.090680541354146, 35.522275807771692 ] } },
{ "type": "Feature", "properties": { "P29_001": "12219", "P29_002": "B112210004574", "P29_003": "16001", "P29_004": "市原市立明神小学校", "P29_005": "千葉県市原市姉崎1850", "P29_006": "3", "P29_007": "1", "P29_008": "00", "P29_009": null }, "geometry": { "type": "Point", "coordinates": [ 140.050278391341607, 35.478766700160456 ] } },
{ "type": "Feature", "properties": { "P29_001": "12219", "P29_002": "B112210004583", "P29_003": "16001", "P29_004": "市原市立若宮小学校", "P29_005": "千葉県市原市若宮3-13", "P29_006": "3", "P29_007": "1", "P29_008": "00", "P29_009": null }, "geometry": { "type": "Point", "coordinates": [ 140.135253702678085, 35.526877600771584 ] } },
{ "type": "Feature", "properties": { "P29_001": "12219", "P29_002": "B112210004592", "P29_003": "16001", "P29_004": "市原市立石塚小学校", "P29_005": "千葉県市原市八幡石塚2-4", "P29_006": "3", "P29_007": "1", "P29_008": "00", "P29_009": null }, "geometry": { "type": "Point", "coordinates": [ 140.130486512975438, 35.544238919636783 ] } },
{ "type": "Feature", "properties": { "P29_001": "12219", "P29_002": "B112210004609", "P29_003": "16001", "P29_004": "市原市立青葉台小学校", "P29_005": "千葉県市原市青葉台1-10-1", "P29_006": "3", "P29_007": "1", "P29_008": "00", "P29_009": null }, "geometry": { "type": "Point", "coordinates": [ 140.060138515731467, 35.471006431682746 ] } },
{ "type": "Feature", "properties": { "P29_001": "12219", "P29_002": "B112210004627", "P29_003": "16001", "P29_004": "市原市立国分寺台小学校", "P29_005": "千葉県市原市南国分寺台3-2", "P29_006": "3", "P29_007": "1", "P29_008": "00", "P29_009": null }, "geometry": { "type": "Point", "coordinates": [ 140.114497384396088, 35.492156059838734 ] } },
{ "type": "Feature", "properties": { "P29_001": "12219", "P29_002": "B112210004636", "P29_003": "16001", "P29_004": "市原市立光風台小学校", "P29_005": "千葉県市原市光風台4-546", "P29_006": "3", "P29_007": "1", "P29_008": "00", "P29_009": null }, "geometry": { "type": "Point", "coordinates": [ 140.098265589069058, 35.445714272491749 ] } },
{ "type": "Feature", "properties": { "P29_001": "12219", "P29_002": "B112210004654", "P29_003": "16001", "P29_004": "市原市立国分寺台西小学校", "P29_005": "千葉県市原市西国分寺台2-11-1", "P29_006": "3", "P29_007": "1", "P29_008": "00", "P29_009": null }, "geometry": { "type": "Point", "coordinates": [ 140.113211097450346, 35.505300490338968 ] } },
{ "type": "Feature", "properties": { "P29_001": "12219", "P29_002": "B112210004663", "P29_003": "16001", "P29_004": "市原市立有秋南小学校", "P29_005": "千葉県市原市桜台3-1-1", "P29_006": "3", "P29_007": "1", "P29_008": "00", "P29_009": null }, "geometry": { "type": "Point", "coordinates": [ 140.050548086115327, 35.442844278227923 ] } },
{ "type": "Feature", "properties": { "P29_001": "12219", "P29_002": "B112210004672", "P29_003": "16001", "P29_004": "市原市立国分寺台東小学校", "P29_005": "千葉県市原市東国分寺台5-1", "P29_006": "3", "P29_007": "1", "P29_008": "00", "P29_009": null }, "geometry": { "type": "Point", "coordinates": [ 140.121035481512337, 35.496164398428718 ] } },
{ "type": "Feature", "properties": { "P29_001": "12219", "P29_002": "B112210004681", "P29_003": "16001", "P29_004": "市原市立水の江小学校", "P29_005": "千葉県市原市ちはら台東2-15", "P29_006": "3", "P29_007": "1", "P29_008": "00", "P29_009": null }, "geometry": { "type": "Point", "coordinates": [ 140.192557438317493, 35.533817855285115 ] } },
{ "type": "Feature", "properties": { "P29_001": "12219", "P29_002": "B112210004690", "P29_003": "16001", "P29_004": "市原市立五所小学校", "P29_005": "千葉県市原市五所2154-1", "P29_006": "3", "P29_007": "1", "P29_008": "00", "P29_009": null }, "geometry": { "type": "Point", "coordinates": [ 140.116903342673879, 35.525946944723792 ] } },
{ "type": "Feature", "properties": { "P29_001": "12219", "P29_002": "B112210004707", "P29_003": "16001", "P29_004": "市原市立清水谷小学校", "P29_005": "千葉県市原市ちはら台南5-2", "P29_006": "3", "P29_007": "1", "P29_008": "00", "P29_009": null }, "geometry": { "type": "Point", "coordinates": [ 140.186132473301143, 35.527354915378254 ] } },
{ "type": "Feature", "properties": { "P29_001": "12219", "P29_002": "B112210004716", "P29_003": "16001", "P29_004": "市原市立牧園小学校", "P29_005": "千葉県市原市ちはら台南2-7", "P29_006": "3", "P29_007": "1", "P29_008": "00", "P29_009": null }, "geometry": { "type": "Point", "coordinates": [ 140.176022858043012, 35.525692939705685 ] } },
{ "type": "Feature", "properties": { "P29_001": "12219", "P29_002": "B112210004725", "P29_003": "16001", "P29_004": "市原市立ちはら台桜小学校", "P29_005": "千葉県市原市ちはら台東5-13", "P29_006": "3", "P29_007": "1", "P29_008": "00", "P29_009": null }, "geometry": { "type": "Point", "coordinates": [ 140.195266792843199, 35.538420915472386 ] } },
{ "type": "Feature", "properties": { "P29_001": "12223", "P29_002": "B112210005234", "P29_003": "16001", "P29_004": "鴨川市立鴨川小学校", "P29_005": "千葉県鴨川市横渚500", "P29_006": "3", "P29_007": "1", "P29_008": "00", "P29_009": null }, "geometry": { "type": "Point", "coordinates": [ 140.100440087483548, 35.099038801568845 ] } },
{ "type": "Feature", "properties": { "P29_001": "12223", "P29_002": "B112210005243", "P29_003": "16001", "P29_004": "鴨川市立東条小学校", "P29_005": "千葉県鴨川市西町364", "P29_006": "3", "P29_007": "1", "P29_008": "00", "P29_009": null }, "geometry": { "type": "Point", "coordinates": [ 140.109635703396407, 35.123670486605846 ] } },
{ "type": "Feature", "properties": { "P29_001": "12223", "P29_002": "B112210005252", "P29_003": "16001", "P29_004": "鴨川市立西条小学校", "P29_005": "千葉県鴨川市打墨220", "P29_006": "3", "P29_007": "1", "P29_008": "00", "P29_009": null }, "geometry": { "type": "Point", "coordinates": [ 140.083542273373439, 35.121089241437105 ] } },
{ "type": "Feature", "properties": { "P29_001": "12225", "P29_002": "B112210005369", "P29_003": "16001", "P29_004": "君津市立八重原小学校", "P29_005": "千葉県君津市南子安9-17-1", "P29_006": "3", "P29_007": "1", "P29_008": "00", "P29_009": null }, "geometry": { "type": "Point", "coordinates": [ 139.928841299456735, 35.327898475440861 ] } },
{ "type": "Feature", "properties": { "P29_001": "12225", "P29_002": "B112210005378", "P29_003": "16001", "P29_004": "君津市立周西小学校", "P29_005": "千葉県君津市中野3-14-1", "P29_006": "3", "P29_007": "1", "P29_008": "00", "P29_009": null }, "geometry": { "type": "Point", "coordinates": [ 139.888995959239168, 35.329560397212312 ] } },
{ "type": "Feature", "properties": { "P29_001": "12225", "P29_002": "B112210005403", "P29_003": "16001", "P29_004": "君津市立貞元小学校", "P29_005": "千葉県君津市上湯江1655", "P29_006": "3", "P29_007": "1", "P29_008": "00", "P29_009": null }, "geometry": { "type": "Point", "coordinates": [ 139.899956456869461, 35.321133891798759 ] } },
{ "type": "Feature", "properties": { "P29_001": "12225", "P29_002": "B112210005412", "P29_003": "16001", "P29_004": "君津市立周南小学校", "P29_005": "千葉県君津市宮下2-25-5", "P29_006": "3", "P29_007": "1", "P29_008": "00", "P29_009": null }, "geometry": { "type": "Point", "coordinates": [ 139.930548200360647, 35.298538371505117 ] } },
{ "type": "Feature", "properties": { "P29_001": "12225", "P29_002": "B112210005421", "P29_003": "16001", "P29_004": "君津市立南子安小学校", "P29_005": "千葉県君津市南子安5-10-1", "P29_006": "3", "P29_007": "1", "P29_008": "00", "P29_009": null }, "geometry": { "type": "Point", "coordinates": [ 139.916087615239547, 35.32494217080832 ] } },
{ "type": "Feature", "properties": { "P29_001": "12225", "P29_002": "B112210005430", "P29_003": "16001", "P29_004": "君津市立小糸小学校", "P29_005": "千葉県君津市中島678", "P29_006": "3", "P29_007": "1", "P29_008": "00", "P29_009": null }, "geometry": { "type": "Point", "coordinates": [ 139.958428493032045, 35.304384870324157 ] } },
{ "type": "Feature", "properties": { "P29_001": "12225", "P29_002": "B112210005458", "P29_003": "16001", "P29_004": "君津市立小櫃小学校", "P29_005": "千葉県君津市俵田1416", "P29_006": "3", "P29_007": "1", "P29_008": "00", "P29_009": null }, "geometry": { "type": "Point", "coordinates": [ 140.059170533699728, 35.322097413903016 ] } },
{ "type": "Feature", "properties": { "P29_001": "12225", "P29_002": "B112210005467", "P29_003": "16001", "P29_004": "君津市立上総小学校", "P29_005": "千葉県君津市久留里474", "P29_006": "3", "P29_007": "1", "P29_008": "00", "P29_009": null }, "geometry": { "type": "Point", "coordinates": [ 140.08226198249838, 35.296309571710495 ] } },
{ "type": "Feature", "properties": { "P29_001": "12225", "P29_002": "B112210005500", "P29_003": "16001", "P29_004": "君津市立外箕輪小学校", "P29_005": "千葉県君津市外箕輪1-34-1", "P29_006": "3", "P29_007": "1", "P29_008": "00", "P29_009": null }, "geometry": { "type": "Point", "coordinates": [ 139.922234610281436, 35.315580001739463 ] } },
{ "type": "Feature", "properties": { "P29_001": "12225", "P29_002": "B112210005519", "P29_003": "16001", "P29_004": "君津市立清和小学校", "P29_005": "千葉県君津市東日笠522", "P29_006": "3", "P29_007": "1", "P29_008": "00", "P29_009": null }, "geometry": { "type": "Point", "coordinates": [ 140.001656588466091, 35.234679345788415 ] } },
{ "type": "Feature", "properties": { "P29_001": "12226", "P29_002": "B112210005546", "P29_003": "16001", "P29_004": "富津市立飯野小学校", "P29_005": "千葉県富津市下飯野154", "P29_006": "3", "P29_007": "1", "P29_008": "00", "P29_009": null }, "geometry": { "type": "Point", "coordinates": [ 139.865999194237759, 35.315258962613321 ] } },
{ "type": "Feature", "properties": { "P29_001": "12226", "P29_002": "B112210005555", "P29_003": "16001", "P29_004": "富津市立大貫小学校", "P29_005": "千葉県富津市小久保114", "P29_006": "3", "P29_007": "1", "P29_008": "00", "P29_009": null }, "geometry": { "type": "Point", "coordinates": [ 139.863208993089103, 35.279972481788761 ] } },
{ "type": "Feature", "properties": { "P29_001": "12226", "P29_002": "B112210005564", "P29_003": "16001", "P29_004": "富津市立吉野小学校", "P29_005": "千葉県富津市絹176-3", "P29_006": "3", "P29_007": "1", "P29_008": "00", "P29_009": null }, "geometry": { "type": "Point", "coordinates": [ 139.874607133916982, 35.292249980148334 ] } },
{ "type": "Feature", "properties": { "P29_001": "12226", "P29_002": "B112210005573", "P29_003": "16001", "P29_004": "富津市立佐貫小学校", "P29_005": "千葉県富津市鶴岡989-1", "P29_006": "3", "P29_007": "1", "P29_008": "00", "P29_009": null }, "geometry": { "type": "Point", "coordinates": [ 139.881873254377524, 35.260387015155942 ] } },
{ "type": "Feature", "properties": { "P29_001": "12226", "P29_002": "B112210005582", "P29_003": "16001", "P29_004": "富津市立天羽小学校", "P29_005": "千葉県富津市数馬581-1", "P29_006": "3", "P29_007": "1", "P29_008": "00", "P29_009": null }, "geometry": { "type": "Point", "coordinates": [ 139.8837624483605, 35.219319794739988 ] } },
{ "type": "Feature", "properties": { "P29_001": "12226", "P29_002": "B112210005591", "P29_003": "16001", "P29_004": "富津市立環小学校", "P29_005": "千葉県富津市上後328", "P29_006": "3", "P29_007": "1", "P29_008": "00", "P29_009": null }, "geometry": { "type": "Point", "coordinates": [ 139.930947142652911, 35.216214405741098 ] } },
{ "type": "Feature", "properties": { "P29_001": "12230", "P29_002": "B112210006073", "P29_003": "16001", "P29_004": "八街市立二州小学校", "P29_005": "千葉県八街市山田台1", "P29_006": "3", "P29_007": "1", "P29_008": "00", "P29_009": null }, "geometry": { "type": "Point", "coordinates": [ 140.302539286406954, 35.578216327754497 ] } },
{ "type": "Feature", "properties": { "P29_001": "12239", "P29_002": "B112210006821", "P29_003": "16001", "P29_004": "大網白里市立大網小学校", "P29_005": "千葉県大網白里市みどりが丘3-18-3", "P29_006": "3", "P29_007": "1", "P29_008": "00", "P29_009": null }, "geometry": { "type": "Point", "coordinates": [ 140.316886797828971, 35.545111625176652 ] } },
{ "type": "Feature", "properties": { "P29_001": "12239", "P29_002": "B112210006830", "P29_003": "16001", "P29_004": "大網白里市立瑞穂小学校", "P29_005": "千葉県大網白里市永田1055", "P29_006": "3", "P29_007": "1", "P29_008": "00", "P29_009": null }, "geometry": { "type": "Point", "coordinates": [ 140.305524413933426, 35.509702166277826 ] } },
{ "type": "Feature", "properties": { "P29_001": "12239", "P29_002": "B112210006849", "P29_003": "16001", "P29_004": "大網白里市立増穂小学校", "P29_005": "千葉県大網白里市北飯塚281", "P29_006": "3", "P29_007": "1", "P29_008": "00", "P29_009": null }, "geometry": { "type": "Point", "coordinates": [ 140.349466455586281, 35.508466661828926 ] } },
{ "type": "Feature", "properties": { "P29_001": "12239", "P29_002": "B112210006858", "P29_003": "16001", "P29_004": "大網白里市立白里小学校", "P29_005": "千葉県大網白里市南今泉3349", "P29_006": "3", "P29_007": "1", "P29_008": "00", "P29_009": null }, "geometry": { "type": "Point", "coordinates": [ 140.39907772078621, 35.493427949754725 ] } },
{ "type": "Feature", "properties": { "P29_001": "12239", "P29_002": "B112210006867", "P29_003": "16001", "P29_004": "大網白里市立大網東小学校", "P29_005": "千葉県大網白里市富田32-2", "P29_006": "3", "P29_007": "1", "P29_008": "00", "P29_009": null }, "geometry": { "type": "Point", "coordinates": [ 140.328523395997962, 35.518754627721009 ] } },
{ "type": "Feature", "properties": { "P29_001": "12239", "P29_002": "B112210006876", "P29_003": "16001", "P29_004": "大網白里市立増穂北小学校", "P29_005": "千葉県大網白里市上貝塚317", "P29_006": "3", "P29_007": "1", "P29_008": "00", "P29_009": null }, "geometry": { "type": "Point", "coordinates": [ 140.343681242711284, 35.516951957082327 ] } },
{ "type": "Feature", "properties": { "P29_001": "12239", "P29_002": "B112210006885", "P29_003": "16001", "P29_004": "大網白里市立季美の森小学校", "P29_005": "千葉県大網白里市季美の森南1-28", "P29_006": "3", "P29_007": "1", "P29_008": "00", "P29_009": null }, "geometry": { "type": "Point", "coordinates": [ 140.293750698640252, 35.551175225818952 ] } },
{ "type": "Feature", "properties": { "P29_001": "12421", "P29_002": "B112210007072", "P29_003": "16001", "P29_004": "一宮町立東浪見小学校", "P29_005": "千葉県長生郡一宮町東浪見1516-2", "P29_006": "3", "P29_007": "1", "P29_008": "00", "P29_009": null }, "geometry": { "type": "Point", "coordinates": [ 140.379613748852051, 35.348901237540545 ] } },
{ "type": "Feature", "properties": { "P29_001": "12421", "P29_002": "B112210007081", "P29_003": "16001", "P29_004": "一宮町立一宮小学校", "P29_005": "千葉県長生郡一宮町一宮3351", "P29_006": "3", "P29_007": "1", "P29_008": "00", "P29_009": null }, "geometry": { "type": "Point", "coordinates": [ 140.361513801052325, 35.373572653185413 ] } },
{ "type": "Feature", "properties": { "P29_001": "12422", "P29_002": "B112210007090", "P29_003": "16001", "P29_004": "睦沢町立睦沢小学校", "P29_005": "千葉県長生郡睦沢町小滝450-1", "P29_006": "3", "P29_007": "1", "P29_008": "00", "P29_009": null }, "geometry": { "type": "Point", "coordinates": [ 140.331460951999958, 35.365709388389554 ] } },
{ "type": "Feature", "properties": { "P29_001": "12423", "P29_002": "B112210007107", "P29_003": "16001", "P29_004": "長生村立一松小学校", "P29_005": "千葉県長生郡長生村一松丁573", "P29_006": "3", "P29_007": "1", "P29_008": "00", "P29_009": null }, "geometry": { "type": "Point", "coordinates": [ 140.370980304193381, 35.404866938517543 ] } },
{ "type": "Feature", "properties": { "P29_001": "12423", "P29_002": "B112210007116", "P29_003": "16001", "P29_004": "長生村立八積小学校", "P29_005": "千葉県長生郡長生村金田2660", "P29_006": "3", "P29_007": "1", "P29_008": "00", "P29_009": null }, "geometry": { "type": "Point", "coordinates": [ 140.344080654266634, 35.39194223374794 ] } },
{ "type": "Feature", "properties": { "P29_001": "12423", "P29_002": "B112210007125", "P29_003": "16001", "P29_004": "長生村立高根小学校", "P29_005": "千葉県長生郡長生村本郷1297", "P29_006": "3", "P29_007": "1", "P29_008": "00", "P29_009": null }, "geometry": { "type": "Point", "coordinates": [ 140.361201837256147, 35.416736004000981 ] } },
{ "type": "Feature", "properties": { "P29_001": "12424", "P29_002": "B112210007134", "P29_003": "16001", "P29_004": "白子町立白潟小学校", "P29_005": "千葉県長生郡白子町八斗470", "P29_006": "3", "P29_007": "1", "P29_008": "00", "P29_009": null }, "geometry": { "type": "Point", "coordinates": [ 140.380787038090546, 35.440343045802372 ] } },
{ "type": "Feature", "properties": { "P29_001": "12424", "P29_002": "B112210007143", "P29_003": "16001", "P29_004": "白子町立南白亀小学校", "P29_005": "千葉県長生郡白子町牛込12", "P29_006": "3", "P29_007": "1", "P29_008": "00", "P29_009": null }, "geometry": { "type": "Point", "coordinates": [ 140.387315071250839, 35.464278548331137 ] } },
{ "type": "Feature", "properties": { "P29_001": "12426", "P29_002": "B112210007161", "P29_003": "16001", "P29_004": "長柄町立長柄小学校", "P29_005": "千葉県長生郡長柄町山根1619", "P29_006": "3", "P29_007": "1", "P29_008": "00", "P29_009": null }, "geometry": { "type": "Point", "coordinates": [ 140.233777331783728, 35.459634639501523 ] } },
{ "type": "Feature", "properties": { "P29_001": "12426", "P29_002": "B112210007170", "P29_003": "16001", "P29_004": "長柄町立日吉小学校", "P29_005": "千葉県長生郡長柄町長富101", "P29_006": "3", "P29_007": "1", "P29_008": "00", "P29_009": null }, "geometry": { "type": "Point", "coordinates": [ 140.229208294227732, 35.430376631958971 ] } },
{ "type": "Feature", "properties": { "P29_001": "12441", "P29_002": "B112210007189", "P29_003": "16001", "P29_004": "大多喜町立西小学校", "P29_005": "千葉県夷隅郡大多喜町松尾277", "P29_006": "3", "P29_007": "1", "P29_008": "00", "P29_009": null }, "geometry": { "type": "Point", "coordinates": [ 140.216034716739472, 35.251836314328798 ] } },
{ "type": "Feature", "properties": { "P29_001": "12441", "P29_002": "B112210007198", "P29_003": "16001", "P29_004": "大多喜町立大多喜小学校", "P29_005": "千葉県夷隅郡大多喜町大多喜12", "P29_006": "3", "P29_007": "1", "P29_008": "00", "P29_009": null }, "geometry": { "type": "Point", "coordinates": [ 140.243860650737275, 35.284250707630861 ] } },
{ "type": "Feature", "properties": { "P29_001": "12443", "P29_002": "B112210007205", "P29_003": "16001", "P29_004": "御宿町立御宿小学校", "P29_005": "千葉県夷隅郡御宿町久保2085", "P29_006": "3", "P29_007": "1", "P29_008": "00", "P29_009": null }, "geometry": { "type": "Point", "coordinates": [ 140.355173751572124, 35.188492622289957 ] } },
{ "type": "Feature", "properties": { "P29_001": "12238", "P29_002": "B112210007214", "P29_003": "16001", "P29_004": "いすみ市立浪花小学校", "P29_005": "千葉県いすみ市小沢1157", "P29_006": "3", "P29_007": "1", "P29_008": "00", "P29_009": null }, "geometry": { "type": "Point", "coordinates": [ 140.384764062938331, 35.222662139193091 ] } },
{ "type": "Feature", "properties": { "P29_001": "12238", "P29_002": "B112210007232", "P29_003": "16001", "P29_004": "いすみ市立東海小学校", "P29_005": "千葉県いすみ市若山1042", "P29_006": "3", "P29_007": "1", "P29_008": "00", "P29_009": null }, "geometry": { "type": "Point", "coordinates": [ 140.385036141978873, 35.264261182956162 ] } },
{ "type": "Feature", "properties": { "P29_001": "12238", "P29_002": "B112210007241", "P29_003": "16001", "P29_004": "いすみ市立東小学校", "P29_005": "千葉県いすみ市山田460", "P29_006": "3", "P29_007": "1", "P29_008": "00", "P29_009": null }, "geometry": { "type": "Point", "coordinates": [ 140.335205076892038, 35.260723659409578 ] } },
{ "type": "Feature", "properties": { "P29_001": "12238", "P29_002": "B112210007278", "P29_003": "16001", "P29_004": "いすみ市立太東小学校", "P29_005": "千葉県いすみ市岬町椎木408", "P29_006": "3", "P29_007": "1", "P29_008": "00", "P29_009": null }, "geometry": { "type": "Point", "coordinates": [ 140.386970810972542, 35.318917729773112 ] } },
{ "type": "Feature", "properties": { "P29_001": "12238", "P29_002": "B112210007287", "P29_003": "16001", "P29_004": "いすみ市立古沢小学校", "P29_005": "千葉県いすみ市岬町岩熊563-2", "P29_006": "3", "P29_007": "1", "P29_008": "00", "P29_009": null }, "geometry": { "type": "Point", "coordinates": [ 140.340583974438658, 35.320115777459179 ] } },
{ "type": "Feature", "properties": { "P29_001": "12234", "P29_002": "B112210007296", "P29_003": "16001", "P29_004": "南房総市立富浦小学校", "P29_005": "千葉県南房総市富浦町原岡931", "P29_006": "3", "P29_007": "1", "P29_008": "00", "P29_009": null }, "geometry": { "type": "Point", "coordinates": [ 139.834535844838257, 35.048148054611772 ] } },
{ "type": "Feature", "properties": { "P29_001": "12234", "P29_002": "B112210007303", "P29_003": "16001", "P29_004": "南房総市立富山小学校", "P29_005": "千葉県南房総市合戸22-1", "P29_006": "3", "P29_007": "1", "P29_008": "00", "P29_009": null }, "geometry": { "type": "Point", "coordinates": [ 139.863576592210194, 35.095177218053507 ] } },
{ "type": "Feature", "properties": { "P29_001": "12463", "P29_002": "B112210007312", "P29_003": "16001", "P29_004": "鋸南町立鋸南小学校", "P29_005": "千葉県安房郡鋸南町下佐久間2500", "P29_006": "3", "P29_007": "1", "P29_008": "00", "P29_009": null }, "geometry": { "type": "Point", "coordinates": [ 139.837263198392264, 35.110753676855325 ] } },
{ "type": "Feature", "properties": { "P29_001": "12234", "P29_002": "B112210007321", "P29_003": "16001", "P29_004": "南房総市立三芳小学校", "P29_005": "千葉県南房総市谷向150", "P29_006": "3", "P29_007": "1", "P29_008": "00", "P29_009": null }, "geometry": { "type": "Point", "coordinates": [ 139.895780613550926, 35.026828492140339 ] } },
{ "type": "Feature", "properties": { "P29_001": "12234", "P29_002": "B112210007330", "P29_003": "16001", "P29_004": "南房総市立白浜小学校", "P29_005": "千葉県南房総市白浜町白浜3061", "P29_006": "3", "P29_007": "1", "P29_008": "00", "P29_009": null }, "geometry": { "type": "Point", "coordinates": [ 139.896459641300538, 34.909920640846352 ] } },
{ "type": "Feature", "properties": { "P29_001": "12234", "P29_002": "B112210007349", "P29_003": "16001", "P29_004": "南房総市立千倉小学校", "P29_005": "千葉県南房総市千倉町瀬戸1616", "P29_006": "3", "P29_007": "1", "P29_008": "00", "P29_009": null }, "geometry": { "type": "Point", "coordinates": [ 139.952916675654762, 34.981606491880676 ] } },
{ "type": "Feature", "properties": { "P29_001": "12234", "P29_002": "B112210007358", "P29_003": "16001", "P29_004": "南房総市立嶺南小学校", "P29_005": "千葉県南房総市沓見2705", "P29_006": "3", "P29_007": "1", "P29_008": "00", "P29_009": null }, "geometry": { "type": "Point", "coordinates": [ 139.955448326384641, 35.021372441810719 ] } },
{ "type": "Feature", "properties": { "P29_001": "12223", "P29_002": "B112210007367", "P29_003": "16001", "P29_004": "鴨川市立長狭小学校", "P29_005": "千葉県鴨川市宮山176", "P29_006": "3", "P29_007": "1", "P29_008": "00", "P29_009": null }, "geometry": { "type": "Point", "coordinates": [ 140.017449643503539, 35.130778408708913 ] } },
{ "type": "Feature", "properties": { "P29_001": "12223", "P29_002": "B112210007385", "P29_003": "16001", "P29_004": "鴨川市立天津小湊小学校", "P29_005": "千葉県鴨川市天津1166", "P29_006": "3", "P29_007": "1", "P29_008": "00", "P29_009": null }, "geometry": { "type": "Point", "coordinates": [ 140.154192550605757, 35.124736660779938 ] } },
{ "type": "Feature", "properties": { "P29_001": "12229", "P29_002": "B112210007394", "P29_003": "16001", "P29_004": "袖ケ浦市立昭和小学校", "P29_005": "千葉県袖ケ浦市坂戸市場1431", "P29_006": "3", "P29_007": "1", "P29_008": "00", "P29_009": null }, "geometry": { "type": "Point", "coordinates": [ 139.955187244057925, 35.427931544613351 ] } },
{ "type": "Feature", "properties": { "P29_001": "12229", "P29_002": "B112210007401", "P29_003": "16001", "P29_004": "袖ケ浦市立長浦小学校", "P29_005": "千葉県袖ケ浦市長浦駅前6-1-4", "P29_006": "3", "P29_007": "1", "P29_008": "00", "P29_009": null }, "geometry": { "type": "Point", "coordinates": [ 140.004238016127516, 35.44944952504229 ] } },
{ "type": "Feature", "properties": { "P29_001": "12229", "P29_002": "B112210007410", "P29_003": "16001", "P29_004": "袖ケ浦市立根形小学校", "P29_005": "千葉県袖ケ浦市三ツ作761", "P29_006": "3", "P29_007": "1", "P29_008": "00", "P29_009": null }, "geometry": { "type": "Point", "coordinates": [ 140.001356023154074, 35.414037148788637 ] } },
{ "type": "Feature", "properties": { "P29_001": "12229", "P29_002": "B112210007429", "P29_003": "16001", "P29_004": "袖ケ浦市立中川小学校", "P29_005": "千葉県袖ケ浦市横田2583", "P29_006": "3", "P29_007": "1", "P29_008": "00", "P29_009": null }, "geometry": { "type": "Point", "coordinates": [ 140.016537856035768, 35.382202061129242 ] } },
{ "type": "Feature", "properties": { "P29_001": "12229", "P29_002": "B112210007456", "P29_003": "16001", "P29_004": "袖ケ浦市立蔵波小学校", "P29_005": "千葉県袖ケ浦市蔵波台4-19-1", "P29_006": "3", "P29_007": "1", "P29_008": "00", "P29_009": null }, "geometry": { "type": "Point", "coordinates": [ 139.99841470170557, 35.442125476320868 ] } },
{ "type": "Feature", "properties": { "P29_001": "12229", "P29_002": "B112210007465", "P29_003": "16001", "P29_004": "袖ケ浦市立奈良輪小学校", "P29_005": "千葉県袖ケ浦市奈良輪425-1", "P29_006": "3", "P29_007": "1", "P29_008": "00", "P29_009": null }, "geometry": { "type": "Point", "coordinates": [ 139.965878609596245, 35.438609534169402 ] } },
{ "type": "Feature", "properties": { "P29_001": "12443", "P29_002": "B112210007474", "P29_003": "16001", "P29_004": "布施学校組合立布施小学校", "P29_005": "千葉県夷隅郡御宿町上布施909", "P29_006": "3", "P29_007": "1", "P29_008": "00", "P29_009": null }, "geometry": { "type": "Point", "coordinates": [ 140.345501769048042, 35.215475141011161 ] } },
{ "type": "Feature", "properties": { "P29_001": "12105", "P29_002": "B112210007483", "P29_003": "16001", "P29_004": "千葉市立おゆみ野南小学校", "P29_005": "千葉県千葉市緑区おゆみ野南4-26", "P29_006": "3", "P29_007": "1", "P29_008": "00", "P29_009": null }, "geometry": { "type": "Point", "coordinates": [ 140.16901455722757, 35.545085481480832 ] } },
{ "type": "Feature", "properties": { "P29_001": "12219", "P29_002": "B112210007580", "P29_003": "16001", "P29_004": "市原市立加茂小学校", "P29_005": "千葉県市原市平野123", "P29_006": "3", "P29_007": "1", "P29_008": "00", "P29_009": null }, "geometry": { "type": "Point", "coordinates": [ 140.14596009550354, 35.333509468368042 ] } },
{ "type": "Feature", "properties": { "P29_001": "12205", "P29_002": "B112210007642", "P29_003": "16001", "P29_004": "館山市立房南小学校", "P29_005": "千葉県館山市佐野2070", "P29_006": "3", "P29_007": "1", "P29_008": "00", "P29_009": null }, "geometry": { "type": "Point", "coordinates": [ 139.840609269817435, 34.941585022745244 ] } },
{ "type": "Feature", "properties": { "P29_001": "12238", "P29_002": "B112210007651", "P29_003": "16001", "P29_004": "いすみ市立夷隅小学校", "P29_005": "千葉県いすみ市深谷127", "P29_006": "3", "P29_007": "1", "P29_008": "00", "P29_009": null }, "geometry": { "type": "Point", "coordinates": [ 140.313325460997788, 35.289022687992144 ] } },
{ "type": "Feature", "properties": { "P29_001": "12427", "P29_002": "B112210007660", "P29_003": "16001", "P29_004": "長南町立長南小学校", "P29_005": "千葉県長生郡長南町長南2060", "P29_006": "3", "P29_007": "1", "P29_008": "00", "P29_009": null }, "geometry": { "type": "Point", "coordinates": [ 140.239646870639916, 35.386473783006565 ] } },
{ "type": "Feature", "properties": { "P29_001": "12210", "P29_002": "B112210007697", "P29_003": "16001", "P29_004": "茂原市立二宮小学校", "P29_005": "千葉県茂原市緑ケ丘4-38", "P29_006": "3", "P29_007": "1", "P29_008": "00", "P29_009": null }, "geometry": { "type": "Point", "coordinates": [ 140.256052048350853, 35.43967382654612 ] } },
{ "type": "Feature", "properties": { "P29_001": "12219", "P29_002": "B112310000031", "P29_003": "16001", "P29_004": "三育学院大学付属光風台三育小学校", "P29_005": "千葉県市原市光風台2-535", "P29_006": "4", "P29_007": "1", "P29_008": "00", "P29_009": null }, "geometry": { "type": "Point", "coordinates": [ 140.114543702457439, 35.446467661666617 ] } },
{ "type": "Feature", "properties": { "P29_001": "12206", "P29_002": "B112310000086", "P29_003": "16001", "P29_004": "暁星国際小学校", "P29_005": "千葉県木更津市矢那1031-3", "P29_006": "4", "P29_007": "1", "P29_008": "00", "P29_009": null }, "geometry": { "type": "Point", "coordinates": [ 139.987834112654951, 35.351296384656621 ] } },
{ "type": "Feature", "properties": { "P29_001": "12103", "P29_002": "B112110000017", "P29_003": "16001", "P29_004": "千葉大学教育学部附属小学校", "P29_005": "千葉県千葉市稲毛区弥生町1-33", "P29_006": "1", "P29_007": "1", "P29_008": "00", "P29_009": null }, "geometry": { "type": "Point", "coordinates": [ 140.100578942981571, 35.629031352604173 ] } },
{ "type": "Feature", "properties": { "P29_001": "12101", "P29_002": "B112210000015", "P29_003": "16001", "P29_004": "千葉市立新宿小学校", "P29_005": "千葉県千葉市中央区新宿2-15-1", "P29_006": "3", "P29_007": "1", "P29_008": "00", "P29_009": null }, "geometry": { "type": "Point", "coordinates": [ 140.114345832088418, 35.607898708528182 ] } },
{ "type": "Feature", "properties": { "P29_001": "12101", "P29_002": "B112210000024", "P29_003": "16001", "P29_004": "千葉市立本町小学校", "P29_005": "千葉県千葉市中央区本町2-6-23", "P29_006": "3", "P29_007": "1", "P29_008": "00", "P29_009": null }, "geometry": { "type": "Point", "coordinates": [ 140.1281479345013, 35.609329668899399 ] } },
{ "type": "Feature", "properties": { "P29_001": "12101", "P29_002": "B112210000033", "P29_003": "16001", "P29_004": "千葉市立鶴沢小学校", "P29_005": "千葉県千葉市中央区鶴沢町21-1", "P29_006": "3", "P29_007": "1", "P29_008": "00", "P29_009": null }, "geometry": { "type": "Point", "coordinates": [ 140.133657438418339, 35.609864794163784 ] } },
{ "type": "Feature", "properties": { "P29_001": "12101", "P29_002": "B112210000042", "P29_003": "16001", "P29_004": "千葉市立寒川小学校", "P29_005": "千葉県千葉市中央区寒川町1-205", "P29_006": "3", "P29_007": "1", "P29_008": "00", "P29_009": null }, "geometry": { "type": "Point", "coordinates": [ 140.12147761010894, 35.597252437816785 ] } },
{ "type": "Feature", "properties": { "P29_001": "12101", "P29_002": "B112210000051", "P29_003": "16001", "P29_004": "千葉市立登戸小学校", "P29_005": "千葉県千葉市中央区登戸2-11-1", "P29_006": "3", "P29_007": "1", "P29_008": "00", "P29_009": null }, "geometry": { "type": "Point", "coordinates": [ 140.107579633205887, 35.612441725038899 ] } },
{ "type": "Feature", "properties": { "P29_001": "12101", "P29_002": "B112210000060", "P29_003": "16001", "P29_004": "千葉市立院内小学校", "P29_005": "千葉県千葉市中央区祐光1-25-3", "P29_006": "3", "P29_007": "1", "P29_008": "00", "P29_009": null }, "geometry": { "type": "Point", "coordinates": [ 140.125810225380718, 35.615506068367473 ] } },
{ "type": "Feature", "properties": { "P29_001": "12101", "P29_002": "B112210000079", "P29_003": "16001", "P29_004": "千葉市立蘇我小学校", "P29_005": "千葉県千葉市中央区今井3-15-32", "P29_006": "3", "P29_007": "1", "P29_008": "00", "P29_009": null }, "geometry": { "type": "Point", "coordinates": [ 140.130957959945619, 35.578363935096036 ] } },
{ "type": "Feature", "properties": { "P29_001": "12101", "P29_002": "B112210000088", "P29_003": "16001", "P29_004": "千葉市立都小学校", "P29_005": "千葉県千葉市中央区都町4-2-1", "P29_006": "3", "P29_007": "1", "P29_008": "00", "P29_009": null }, "geometry": { "type": "Point", "coordinates": [ 140.14486110591497, 35.612513777023615 ] } },
{ "type": "Feature", "properties": { "P29_001": "12103", "P29_002": "B112210000097", "P29_003": "16001", "P29_004": "千葉市立都賀小学校", "P29_005": "千葉県千葉市稲毛区作草部町938", "P29_006": "3", "P29_007": "1", "P29_008": "00", "P29_009": null }, "geometry": { "type": "Point", "coordinates": [ 140.120057399416282, 35.629183672099977 ] } },
{ "type": "Feature", "properties": { "P29_001": "12103", "P29_002": "B112210000113", "P29_003": "16001", "P29_004": "千葉市立稲毛小学校", "P29_005": "千葉県千葉市稲毛区稲毛町5-534-5", "P29_006": "3", "P29_007": "1", "P29_008": "00", "P29_009": null }, "geometry": { "type": "Point", "coordinates": [ 140.083255212379584, 35.640720201863289 ] } },
{ "type": "Feature", "properties": { "P29_001": "12103", "P29_002": "B112210000131", "P29_003": "16001", "P29_004": "千葉市立園生小学校", "P29_005": "千葉県千葉市稲毛区小仲台9-30-1", "P29_006": "3", "P29_007": "1", "P29_008": "00", "P29_009": null }, "geometry": { "type": "Point", "coordinates": [ 140.097579939471956, 35.647517191978928 ] } },
{ "type": "Feature", "properties": { "P29_001": "12104", "P29_002": "B112210000140", "P29_003": "16001", "P29_004": "千葉市立千城小学校", "P29_005": "千葉県千葉市若葉区大宮町2655", "P29_006": "3", "P29_007": "1", "P29_008": "00", "P29_009": null }, "geometry": { "type": "Point", "coordinates": [ 140.16880347118618, 35.600076519685487 ] } },
{ "type": "Feature", "properties": { "P29_001": "12104", "P29_002": "B112210000159", "P29_003": "16001", "P29_004": "千葉市立若松小学校", "P29_005": "千葉県千葉市若葉区若松町360-1", "P29_006": "3", "P29_007": "1", "P29_008": "00", "P29_009": null }, "geometry": { "type": "Point", "coordinates": [ 140.167859329560116, 35.641254067811936 ] } },
{ "type": "Feature", "properties": { "P29_001": "12101", "P29_002": "B112210000168", "P29_003": "16001", "P29_004": "千葉市立大森小学校", "P29_005": "千葉県千葉市中央区大森町268", "P29_006": "3", "P29_007": "1", "P29_008": "00", "P29_009": null }, "geometry": { "type": "Point", "coordinates": [ 140.14460165907019, 35.580409287757149 ] } },
{ "type": "Feature", "properties": { "P29_001": "12103", "P29_002": "B112210000177", "P29_003": "16001", "P29_004": "千葉市立稲丘小学校", "P29_005": "千葉県千葉市稲毛区稲丘町19-30", "P29_006": "3", "P29_007": "1", "P29_008": "00", "P29_009": null }, "geometry": { "type": "Point", "coordinates": [ 140.087548597913127, 35.632659360948303 ] } },
{ "type": "Feature", "properties": { "P29_001": "12104", "P29_002": "B112210000186", "P29_003": "16001", "P29_004": "千葉市立坂月小学校", "P29_005": "千葉県千葉市若葉区坂月町298", "P29_006": "3", "P29_007": "1", "P29_008": "00", "P29_009": null }, "geometry": { "type": "Point", "coordinates": [ 140.181597731786724, 35.612028851116527 ] } },
{ "type": "Feature", "properties": { "P29_001": "12103", "P29_002": "B112210000195", "P29_003": "16001", "P29_004": "千葉市立弥生小学校", "P29_005": "千葉県千葉市稲毛区弥生町3-18", "P29_006": "3", "P29_007": "1", "P29_008": "00", "P29_009": null }, "geometry": { "type": "Point", "coordinates": [ 140.101458086631908, 35.625844252503185 ] } },
{ "type": "Feature", "properties": { "P29_001": "12103", "P29_002": "B112210000202", "P29_003": "16001", "P29_004": "千葉市立轟町小学校", "P29_005": "千葉県千葉市稲毛区轟町3-4-30", "P29_006": "3", "P29_007": "1", "P29_008": "00", "P29_009": null }, "geometry": { "type": "Point", "coordinates": [ 140.108281055838376, 35.630295781800342 ] } },
{ "type": "Feature", "properties": { "P29_001": "12101", "P29_002": "B112210000300", "P29_003": "16001", "P29_004": "千葉市立松ケ丘小学校", "P29_005": "千葉県千葉市中央区松ケ丘町580", "P29_006": "3", "P29_007": "1", "P29_008": "00", "P29_009": null }, "geometry": { "type": "Point", "coordinates": [ 140.155267976342657, 35.586529549476872 ] } },
{ "type": "Feature", "properties": { "P29_001": "12104", "P29_002": "B112210000328", "P29_003": "16001", "P29_004": "千葉市立更科小学校", "P29_005": "千葉県千葉市若葉区更科町2073", "P29_006": "3", "P29_007": "1", "P29_008": "00", "P29_009": null }, "geometry": { "type": "Point", "coordinates": [ 140.227650790713085, 35.619720245586102 ] } },
{ "type": "Feature", "properties": { "P29_001": "12104", "P29_002": "B112210000337", "P29_003": "16001", "P29_004": "千葉市立更科小学校富田分校", "P29_005": "千葉県千葉市若葉区富田町83", "P29_006": "3", "P29_007": "1", "P29_008": "00", "P29_009": null }, "geometry": { "type": "Point", "coordinates": [ 140.23772399825279, 35.600156618034397 ] } },
{ "type": "Feature", "properties": { "P29_001": "12101", "P29_002": "B112210000355", "P29_003": "16001", "P29_004": "千葉市立宮崎小学校", "P29_005": "千葉県千葉市中央区宮崎2-3-13", "P29_006": "3", "P29_007": "1", "P29_008": "00", "P29_009": null }, "geometry": { "type": "Point", "coordinates": [ 140.136439885184046, 35.583631986315311 ] } },
{ "type": "Feature", "properties": { "P29_001": "12101", "P29_002": "B112210000364", "P29_003": "16001", "P29_004": "千葉市立川戸小学校", "P29_005": "千葉県千葉市中央区川戸町450", "P29_006": "3", "P29_007": "1", "P29_008": "00", "P29_009": null }, "geometry": { "type": "Point", "coordinates": [ 140.168287718833767, 35.584758828534113 ] } },
{ "type": "Feature", "properties": { "P29_001": "12103", "P29_002": "B112210000373", "P29_003": "16001", "P29_004": "千葉市立緑町小学校", "P29_005": "千葉県千葉市稲毛区緑町2-13-1", "P29_006": "3", "P29_007": "1", "P29_008": "00", "P29_009": null }, "geometry": { "type": "Point", "coordinates": [ 140.097623420832122, 35.623840388392445 ] } },
{ "type": "Feature", "properties": { "P29_001": "12103", "P29_002": "B112210000391", "P29_003": "16001", "P29_004": "千葉市立小中台小学校", "P29_005": "千葉県千葉市稲毛区小仲台6-34-1", "P29_006": "3", "P29_007": "1", "P29_008": "00", "P29_009": null }, "geometry": { "type": "Point", "coordinates": [ 140.096153137016273, 35.639712271434121 ] } },
{ "type": "Feature", "properties": { "P29_001": "12104", "P29_002": "B112210000408", "P29_003": "16001", "P29_004": "千葉市立大宮小学校", "P29_005": "千葉県千葉市若葉区大宮台7-8-1", "P29_006": "3", "P29_007": "1", "P29_008": "00", "P29_009": null }, "geometry": { "type": "Point", "coordinates": [ 140.182020586014147, 35.596184625389363 ] } },
{ "type": "Feature", "properties": { "P29_001": "12104", "P29_002": "B112210000417", "P29_003": "16001", "P29_004": "千葉市立小倉小学校", "P29_005": "千葉県千葉市若葉区小倉台5-1-1", "P29_006": "3", "P29_007": "1", "P29_008": "00", "P29_009": null }, "geometry": { "type": "Point", "coordinates": [ 140.173073326680878, 35.631903606181126 ] } },
{ "type": "Feature", "properties": { "P29_001": "12103", "P29_002": "B112210000426", "P29_003": "16001", "P29_004": "千葉市立千草台小学校", "P29_005": "千葉県千葉市稲毛区天台5-11-1", "P29_006": "3", "P29_007": "1", "P29_008": "00", "P29_009": null }, "geometry": { "type": "Point", "coordinates": [ 140.116128537483831, 35.63789987246124 ] } },
{ "type": "Feature", "properties": { "P29_001": "12106", "P29_002": "B112210000435", "P29_003": "16001", "P29_004": "千葉市立稲毛第二小学校", "P29_005": "千葉県千葉市美浜区稲毛海岸5-7-1", "P29_006": "3", "P29_007": "1", "P29_008": "00", "P29_009": null }, "geometry": { "type": "Point", "coordinates": [ 140.075096831058943, 35.636978761417751 ] } },
{ "type": "Feature", "properties": { "P29_001": "12103", "P29_002": "B112210000444", "P29_003": "16001", "P29_004": "千葉市立あやめ台小学校", "P29_005": "千葉県千葉市稲毛区園生町446-1", "P29_006": "3", "P29_007": "1", "P29_008": "00", "P29_009": null }, "geometry": { "type": "Point", "coordinates": [ 140.115902461794519, 35.646972439921541 ] } },
{ "type": "Feature", "properties": { "P29_001": "12101", "P29_002": "B112210000453", "P29_003": "16001", "P29_004": "千葉市立星久喜小学校", "P29_005": "千葉県千葉市中央区星久喜町1060", "P29_006": "3", "P29_007": "1", "P29_008": "00", "P29_009": null }, "geometry": { "type": "Point", "coordinates": [ 140.146709893454812, 35.596776055824009 ] } },
{ "type": "Feature", "properties": { "P29_001": "12104", "P29_002": "B112210000480", "P29_003": "16001", "P29_004": "千葉市立桜木小学校", "P29_005": "千葉県千葉市若葉区桜木3-26-1", "P29_006": "3", "P29_007": "1", "P29_008": "00", "P29_009": null }, "geometry": { "type": "Point", "coordinates": [ 140.159585365511816, 35.6210924600826 ] } },
{ "type": "Feature", "properties": { "P29_001": "12101", "P29_002": "B112210000499", "P29_003": "16001", "P29_004": "千葉市立弁天小学校", "P29_005": "千葉県千葉市中央区弁天1-21-2", "P29_006": "3", "P29_007": "1", "P29_008": "00", "P29_009": null }, "geometry": { "type": "Point", "coordinates": [ 140.112622246253125, 35.616503030018364 ] } },
{ "type": "Feature", "properties": { "P29_001": "12101", "P29_002": "B112210000523", "P29_003": "16001", "P29_004": "千葉市立仁戸名小学校", "P29_005": "千葉県千葉市中央区仁戸名町380", "P29_006": "3", "P29_007": "1", "P29_008": "00", "P29_009": null }, "geometry": { "type": "Point", "coordinates": [ 140.158366058100171, 35.592286155621821 ] } },
{ "type": "Feature", "properties": { "P29_001": "12104", "P29_002": "B112210000587", "P29_003": "16001", "P29_004": "千葉市立北貝塚小学校", "P29_005": "千葉県千葉市若葉区貝塚町1093", "P29_006": "3", "P29_007": "1", "P29_008": "00", "P29_009": null }, "geometry": { "type": "Point", "coordinates": [ 140.145225064939865, 35.628685884548275 ] } },
{ "type": "Feature", "properties": { "P29_001": "12103", "P29_002": "B112210000612", "P29_003": "16001", "P29_004": "千葉市立草野小学校", "P29_005": "千葉県千葉市稲毛区園生町1385", "P29_006": "3", "P29_007": "1", "P29_008": "00", "P29_009": null }, "geometry": { "type": "Point", "coordinates": [ 140.12553421014303, 35.653183328582458 ] } },
{ "type": "Feature", "properties": { "P29_001": "12103", "P29_002": "B112210000621", "P29_003": "16001", "P29_004": "千葉市立柏台小学校", "P29_005": "千葉県千葉市稲毛区園生町588", "P29_006": "3", "P29_007": "1", "P29_008": "00", "P29_009": null }, "geometry": { "type": "Point", "coordinates": [ 140.107370858785373, 35.648602841381773 ] } },
{ "type": "Feature", "properties": { "P29_001": "12104", "P29_002": "B112210000630", "P29_003": "16001", "P29_004": "千葉市立千城台東小学校", "P29_005": "千葉県千葉市若葉区千城台東1-15-1", "P29_006": "3", "P29_007": "1", "P29_008": "00", "P29_009": null }, "geometry": { "type": "Point", "coordinates": [ 140.191524781257328, 35.622310302301145 ] } },
{ "type": "Feature", "properties": { "P29_001": "12106", "P29_002": "B112210000658", "P29_003": "16001", "P29_004": "千葉市立幸町第三小学校", "P29_005": "千葉県千葉市美浜区幸町1-10-1", "P29_006": "3", "P29_007": "1", "P29_008": "00", "P29_009": null }, "geometry": { "type": "Point", "coordinates": [ 140.099181760390167, 35.611679338516126 ] } },
{ "type": "Feature", "properties": { "P29_001": "12106", "P29_002": "B112210000676", "P29_003": "16001", "P29_004": "千葉市立高洲第三小学校", "P29_005": "千葉県千葉市美浜区高洲3-3-11", "P29_006": "3", "P29_007": "1", "P29_008": "00", "P29_009": null }, "geometry": { "type": "Point", "coordinates": [ 140.074182094793287, 35.626696164448255 ] } },
{ "type": "Feature", "properties": { "P29_001": "12103", "P29_002": "B112210000685", "P29_003": "16001", "P29_004": "千葉市立小中台南小学校", "P29_005": "千葉県千葉市稲毛区小仲台8-15-1", "P29_006": "3", "P29_007": "1", "P29_008": "00", "P29_009": null }, "geometry": { "type": "Point", "coordinates": [ 140.089447155417872, 35.646595899700138 ] } },
{ "type": "Feature", "properties": { "P29_001": "12103", "P29_002": "B112210000694", "P29_003": "16001", "P29_004": "千葉市立千草台東小学校", "P29_005": "千葉県千葉市稲毛区作草部町1298-1", "P29_006": "3", "P29_007": "1", "P29_008": "00", "P29_009": null }, "geometry": { "type": "Point", "coordinates": [ 140.122917045016067, 35.63166982920503 ] } },
{ "type": "Feature", "properties": { "P29_001": "12106", "P29_002": "B112210000701", "P29_003": "16001", "P29_004": "千葉市立高洲第四小学校", "P29_005": "千葉県千葉市美浜区高洲1-15-1", "P29_006": "3", "P29_007": "1", "P29_008": "00", "P29_009": null }, "geometry": { "type": "Point", "coordinates": [ 140.077992384599071, 35.630786624693776 ] } },
{ "type": "Feature", "properties": { "P29_001": "12106", "P29_002": "B112210000710", "P29_003": "16001", "P29_004": "千葉市立真砂第五小学校", "P29_005": "千葉県千葉市美浜区真砂1-12-15", "P29_006": "3", "P29_007": "1", "P29_008": "00", "P29_009": null }, "geometry": { "type": "Point", "coordinates": [ 140.069260388713417, 35.632696119616348 ] } },
{ "type": "Feature", "properties": { "P29_001": "12106", "P29_002": "B112210000729", "P29_003": "16001", "P29_004": "千葉市立高浜第一小学校", "P29_005": "千葉県千葉市美浜区高浜1-4-1", "P29_006": "3", "P29_007": "1", "P29_008": "00", "P29_009": null }, "geometry": { "type": "Point", "coordinates": [ 140.075957967752004, 35.620016512829096 ] } },
{ "type": "Feature", "properties": { "P29_001": "12106", "P29_002": "B112210000738", "P29_003": "16001", "P29_004": "千葉市立稲浜小学校", "P29_005": "千葉県千葉市美浜区稲毛海岸2-3-2", "P29_006": "3", "P29_007": "1", "P29_008": "00", "P29_009": null }, "geometry": { "type": "Point", "coordinates": [ 140.084219344070476, 35.630081569133928 ] } },
{ "type": "Feature", "properties": { "P29_001": "12104", "P29_002": "B112210000756", "P29_003": "16001", "P29_004": "千葉市立みつわ台北小学校", "P29_005": "千葉県千葉市若葉区みつわ台3-5-1", "P29_006": "3", "P29_007": "1", "P29_008": "00", "P29_009": null }, "geometry": { "type": "Point", "coordinates": [ 140.137733438471741, 35.641328070243851 ] } },
{ "type": "Feature", "properties": { "P29_001": "12104", "P29_002": "B112210000809", "P29_003": "16001", "P29_004": "千葉市立みつわ台南小学校", "P29_005": "千葉県千葉市若葉区みつわ台1-17-1", "P29_006": "3", "P29_007": "1", "P29_008": "00", "P29_009": null }, "geometry": { "type": "Point", "coordinates": [ 140.130543801307766, 35.634070306188278 ] } },
{ "type": "Feature", "properties": { "P29_001": "12104", "P29_002": "B112210000818", "P29_003": "16001", "P29_004": "千葉市立若松台小学校", "P29_005": "千葉県千葉市若葉区若松台2-25-1", "P29_006": "3", "P29_007": "1", "P29_008": "00", "P29_009": null }, "geometry": { "type": "Point", "coordinates": [ 140.171554747770386, 35.650465502279957 ] } },
{ "type": "Feature", "properties": { "P29_001": "12104", "P29_002": "B112210000836", "P29_003": "16001", "P29_004": "千葉市立都賀の台小学校", "P29_005": "千葉県千葉市若葉区都賀の台2-13-1", "P29_006": "3", "P29_007": "1", "P29_008": "00", "P29_009": null }, "geometry": { "type": "Point", "coordinates": [ 140.141507427208097, 35.643805032524043 ] } },
{ "type": "Feature", "properties": { "P29_001": "12106", "P29_002": "B112210000854", "P29_003": "16001", "P29_004": "千葉市立磯辺第三小学校", "P29_005": "千葉県千葉市美浜区磯辺1-25-1", "P29_006": "3", "P29_007": "1", "P29_008": "00", "P29_009": null }, "geometry": { "type": "Point", "coordinates": [ 140.064179138982553, 35.630262248225833 ] } },
{ "type": "Feature", "properties": { "P29_001": "12104", "P29_002": "B112210000863", "P29_003": "16001", "P29_004": "千葉市立源小学校", "P29_005": "千葉県千葉市若葉区源町541-6", "P29_006": "3", "P29_007": "1", "P29_008": "00", "P29_009": null }, "geometry": { "type": "Point", "coordinates": [ 140.131756151145112, 35.648699336339945 ] } },
{ "type": "Feature", "properties": { "P29_001": "12212", "P29_002": "B112210003405", "P29_003": "16001", "P29_004": "佐倉市立弥富小学校", "P29_005": "千葉県佐倉市岩富町145", "P29_006": "3", "P29_007": "1", "P29_008": "00", "P29_009": null }, "geometry": { "type": "Point", "coordinates": [ 140.237066976132866, 35.649803884790174 ] } },
{ "type": "Feature", "properties": { "P29_001": "12228", "P29_002": "B112210005779", "P29_003": "16001", "P29_004": "四街道市立四街道小学校", "P29_005": "千葉県四街道市四街道1557", "P29_006": "3", "P29_007": "1", "P29_008": "00", "P29_009": null }, "geometry": { "type": "Point", "coordinates": [ 140.158004365095337, 35.662249528909541 ] } },
{ "type": "Feature", "properties": { "P29_001": "12228", "P29_002": "B112210005804", "P29_003": "16001", "P29_004": "四街道市立旭小学校", "P29_005": "千葉県四街道市山梨1485", "P29_006": "3", "P29_007": "1", "P29_008": "00", "P29_009": null }, "geometry": { "type": "Point", "coordinates": [ 140.192671021867028, 35.66781331578197 ] } },
{ "type": "Feature", "properties": { "P29_001": "12228", "P29_002": "B112210005831", "P29_003": "16001", "P29_004": "四街道市立四和小学校", "P29_005": "千葉県四街道市和良比228", "P29_006": "3", "P29_007": "1", "P29_008": "00", "P29_009": null }, "geometry": { "type": "Point", "coordinates": [ 140.168300849959337, 35.660017631677988 ] } },
{ "type": "Feature", "properties": { "P29_001": "12228", "P29_002": "B112210005840", "P29_003": "16001", "P29_004": "四街道市立山梨小学校", "P29_005": "千葉県四街道市旭ヶ丘1-9-12", "P29_006": "3", "P29_007": "1", "P29_008": "00", "P29_009": null }, "geometry": { "type": "Point", "coordinates": [ 140.183271759368125, 35.663686215222206 ] } },
{ "type": "Feature", "properties": { "P29_001": "12228", "P29_002": "B112210005859", "P29_003": "16001", "P29_004": "四街道市立みそら小学校", "P29_005": "千葉県四街道市みそら2-13", "P29_006": "3", "P29_007": "1", "P29_008": "00", "P29_009": null }, "geometry": { "type": "Point", "coordinates": [ 140.198905127483044, 35.669133841571032 ] } },
{ "type": "Feature", "properties": { "P29_001": "12228", "P29_002": "B112210005877", "P29_003": "16001", "P29_004": "四街道市立和良比小学校", "P29_005": "千葉県四街道市美しが丘3-12", "P29_006": "3", "P29_007": "1", "P29_008": "00", "P29_009": null }, "geometry": { "type": "Point", "coordinates": [ 140.160786989287857, 35.654459933947116 ] } },
{ "type": "Feature", "properties": { "P29_001": "12228", "P29_002": "B112210005886", "P29_003": "16001", "P29_004": "四街道市立吉岡小学校", "P29_005": "千葉県四街道市鷹の台3-2", "P29_006": "3", "P29_007": "1", "P29_008": "00", "P29_009": null }, "geometry": { "type": "Point", "coordinates": [ 140.194186465069151, 35.635427568386724 ] } },
{ "type": "Feature", "properties": { "P29_001": "12230", "P29_002": "B112210006082", "P29_003": "16001", "P29_004": "八街市立二州小学校沖分校", "P29_005": "千葉県八街市沖1033", "P29_006": "3", "P29_007": "1", "P29_008": "00", "P29_009": null }, "geometry": { "type": "Point", "coordinates": [ 140.277395829382527, 35.597723084720833 ] } },
{ "type": "Feature", "properties": { "P29_001": "12106", "P29_002": "B112210007544", "P29_003": "16001", "P29_004": "千葉市立高洲小学校", "P29_005": "千葉県千葉市美浜区高洲2-2-20", "P29_006": "3", "P29_007": "1", "P29_008": "00", "P29_009": null }, "geometry": { "type": "Point", "coordinates": [ 140.079751994054732, 35.625039413193733 ] } },
{ "type": "Feature", "properties": { "P29_001": "12106", "P29_002": "B112210007562", "P29_003": "16001", "P29_004": "千葉市立高浜海浜小学校", "P29_005": "千葉県千葉市美浜区高浜4-8-2", "P29_006": "3", "P29_007": "1", "P29_008": "00", "P29_009": null }, "geometry": { "type": "Point", "coordinates": [ 140.069878148719027, 35.623172454545568 ] } },
{ "type": "Feature", "properties": { "P29_001": "12106", "P29_002": "B112210007615", "P29_003": "16001", "P29_004": "千葉市立幸町小学校", "P29_005": "千葉県千葉市美浜区幸町2-12-12", "P29_006": "3", "P29_007": "1", "P29_008": "00", "P29_009": null }, "geometry": { "type": "Point", "coordinates": [ 140.090737399742466, 35.621527018063375 ] } },
{ "type": "Feature", "properties": { "P29_001": "12104", "P29_002": "B112210007633", "P29_003": "16001", "P29_004": "千葉市立千城台わかば小学校", "P29_005": "千葉県千葉市若葉区千城台北1-4-1", "P29_006": "3", "P29_007": "1", "P29_008": "00", "P29_009": null }, "geometry": { "type": "Point", "coordinates": [ 140.183529426181593, 35.62850806532343 ] } },
{ "type": "Feature", "properties": { "P29_001": "12104", "P29_002": "B112210007679", "P29_003": "16001", "P29_004": "千葉市立千城台みらい小学校", "P29_005": "千葉県千葉市若葉区千城台東3-18-1", "P29_006": "3", "P29_007": "1", "P29_008": "00", "P29_009": null }, "geometry": { "type": "Point", "coordinates": [ 140.196124324676617, 35.616960746660652 ] } },
{ "type": "Feature", "properties": { "P29_001": "12203", "P29_002": "B112210001130", "P29_003": "16001", "P29_004": "市川市立市川小学校", "P29_005": "千葉県市川市市川2-32-5", "P29_006": "3", "P29_007": "1", "P29_008": "00", "P29_009": null }, "geometry": { "type": "Point", "coordinates": [ 139.905117583932849, 35.732181883361754 ] } },
{ "type": "Feature", "properties": { "P29_001": "12203", "P29_002": "B112210001149", "P29_003": "16001", "P29_004": "市川市立真間小学校", "P29_005": "千葉県市川市真間4-1-1", "P29_006": "3", "P29_007": "1", "P29_008": "00", "P29_009": null }, "geometry": { "type": "Point", "coordinates": [ 139.910211947096599, 35.737756239186069 ] } },
{ "type": "Feature", "properties": { "P29_001": "12203", "P29_002": "B112210001167", "P29_003": "16001", "P29_004": "市川市立鬼高小学校", "P29_005": "千葉県市川市鬼高2-13-5", "P29_006": "3", "P29_007": "1", "P29_008": "00", "P29_009": null }, "geometry": { "type": "Point", "coordinates": [ 139.937562215623046, 35.713965024751772 ] } },
{ "type": "Feature", "properties": { "P29_001": "12203", "P29_002": "B112210001176", "P29_003": "16001", "P29_004": "市川市立八幡小学校", "P29_005": "千葉県市川市八幡3-24-1", "P29_006": "3", "P29_007": "1", "P29_008": "00", "P29_009": null }, "geometry": { "type": "Point", "coordinates": [ 139.928070170127938, 35.725661393978498 ] } },
{ "type": "Feature", "properties": { "P29_001": "12203", "P29_002": "B112210001185", "P29_003": "16001", "P29_004": "市川市立国分小学校", "P29_005": "千葉県市川市東国分2-4-1", "P29_006": "3", "P29_007": "1", "P29_008": "00", "P29_009": null }, "geometry": { "type": "Point", "coordinates": [ 139.920905462659562, 35.744843189825303 ] } },
{ "type": "Feature", "properties": { "P29_001": "12203", "P29_002": "B112210001194", "P29_003": "16001", "P29_004": "市川市立大柏小学校", "P29_005": "千葉県市川市大野町2-1877", "P29_006": "3", "P29_007": "1", "P29_008": "00", "P29_009": null }, "geometry": { "type": "Point", "coordinates": [ 139.95390137562265, 35.750344489919804 ] } },
{ "type": "Feature", "properties": { "P29_001": "12203", "P29_002": "B112210001201", "P29_003": "16001", "P29_004": "市川市立宮田小学校", "P29_005": "千葉県市川市新田4-8-15", "P29_006": "3", "P29_007": "1", "P29_008": "00", "P29_009": null }, "geometry": { "type": "Point", "coordinates": [ 139.909284569856908, 35.726912947422015 ] } },
{ "type": "Feature", "properties": { "P29_001": "12203", "P29_002": "B112210001210", "P29_003": "16001", "P29_004": "市川市立冨貴島小学校", "P29_005": "千葉県市川市八幡6-10-11", "P29_006": "3", "P29_007": "1", "P29_008": "00", "P29_009": null }, "geometry": { "type": "Point", "coordinates": [ 139.937568424825173, 35.726705977906775 ] } },
{ "type": "Feature", "properties": { "P29_001": "12203", "P29_002": "B112210001229", "P29_003": "16001", "P29_004": "市川市立若宮小学校", "P29_005": "千葉県市川市若宮3-54-10", "P29_006": "3", "P29_007": "1", "P29_008": "00", "P29_009": null }, "geometry": { "type": "Point", "coordinates": [ 139.95209284475672, 35.726985238231947 ] } },
{ "type": "Feature", "properties": { "P29_001": "12203", "P29_002": "B112210001247", "P29_003": "16001", "P29_004": "市川市立平田小学校", "P29_005": "千葉県市川市平田3-28-1", "P29_006": "3", "P29_007": "1", "P29_008": "00", "P29_009": null }, "geometry": { "type": "Point", "coordinates": [ 139.918095101070918, 35.724150710998167 ] } },
{ "type": "Feature", "properties": { "P29_001": "12203", "P29_002": "B112210001256", "P29_003": "16001", "P29_004": "市川市立行徳小学校", "P29_005": "千葉県市川市富浜1-1-40", "P29_006": "3", "P29_007": "1", "P29_008": "00", "P29_009": null }, "geometry": { "type": "Point", "coordinates": [ 139.923703940684646, 35.69280251034116 ] } },
{ "type": "Feature", "properties": { "P29_001": "12203", "P29_002": "B112210001265", "P29_003": "16001", "P29_004": "市川市立稲荷木小学校", "P29_005": "千葉県市川市稲荷木1-14-1", "P29_006": "3", "P29_007": "1", "P29_008": "00", "P29_009": null }, "geometry": { "type": "Point", "coordinates": [ 139.921818550370944, 35.711596385298051 ] } },
{ "type": "Feature", "properties": { "P29_001": "12203", "P29_002": "B112210001274", "P29_003": "16001", "P29_004": "市川市立信篤小学校", "P29_005": "千葉県市川市原木2-16-1", "P29_006": "3", "P29_007": "1", "P29_008": "00", "P29_009": null }, "geometry": { "type": "Point", "coordinates": [ 139.944002860222156, 35.6982643942561 ] } },
{ "type": "Feature", "properties": { "P29_001": "12203", "P29_002": "B112210001283", "P29_003": "16001", "P29_004": "市川市立南行徳小学校", "P29_005": "千葉県市川市欠真間1-6-38", "P29_006": "3", "P29_007": "1", "P29_008": "00", "P29_009": null }, "geometry": { "type": "Point", "coordinates": [ 139.901539051916501, 35.68013007036506 ] } },
{ "type": "Feature", "properties": { "P29_001": "12203", "P29_002": "B112210001292", "P29_003": "16001", "P29_004": "市川市立鶴指小学校", "P29_005": "千葉県市川市大和田4-11-1", "P29_006": "3", "P29_007": "1", "P29_008": "00", "P29_009": null }, "geometry": { "type": "Point", "coordinates": [ 139.915600742530955, 35.717987058854291 ] } },
{ "type": "Feature", "properties": { "P29_001": "12203", "P29_002": "B112210001309", "P29_003": "16001", "P29_004": "市川市立宮久保小学校", "P29_005": "千葉県市川市宮久保5-7-1", "P29_006": "3", "P29_007": "1", "P29_008": "00", "P29_009": null }, "geometry": { "type": "Point", "coordinates": [ 139.943883150295619, 35.736682370773913 ] } },
{ "type": "Feature", "properties": { "P29_001": "12203", "P29_002": "B112210001336", "P29_003": "16001", "P29_004": "市川市立曽谷小学校", "P29_005": "千葉県市川市曽谷7-18-1", "P29_006": "3", "P29_007": "1", "P29_008": "00", "P29_009": null }, "geometry": { "type": "Point", "coordinates": [ 139.926984246465679, 35.747064854906135 ] } },
{ "type": "Feature", "properties": { "P29_001": "12203", "P29_002": "B112210001345", "P29_003": "16001", "P29_004": "市川市立中国分小学校", "P29_005": "千葉県市川市中国分1-22-1", "P29_006": "3", "P29_007": "1", "P29_008": "00", "P29_009": null }, "geometry": { "type": "Point", "coordinates": [ 139.91622141283716, 35.753571354816074 ] } },
{ "type": "Feature", "properties": { "P29_001": "12203", "P29_002": "B112210001354", "P29_003": "16001", "P29_004": "市川市立大町小学校", "P29_005": "千葉県市川市大町84-10", "P29_006": "3", "P29_007": "1", "P29_008": "00", "P29_009": null }, "geometry": { "type": "Point", "coordinates": [ 139.957095751599951, 35.771871773588394 ] } },
{ "type": "Feature", "properties": { "P29_001": "12203", "P29_002": "B112210001363", "P29_003": "16001", "P29_004": "市川市立北方小学校", "P29_005": "千葉県市川市北方町4-1356-1", "P29_006": "3", "P29_007": "1", "P29_008": "00", "P29_009": null }, "geometry": { "type": "Point", "coordinates": [ 139.945409713471719, 35.73243631751096 ] } },
{ "type": "Feature", "properties": { "P29_001": "12203", "P29_002": "B112210001372", "P29_003": "16001", "P29_004": "市川市立新浜小学校", "P29_005": "千葉県市川市行徳駅前4-5-1", "P29_006": "3", "P29_007": "1", "P29_008": "00", "P29_009": null }, "geometry": { "type": "Point", "coordinates": [ 139.916304076595026, 35.680027784455639 ] } },
{ "type": "Feature", "properties": { "P29_001": "12203", "P29_002": "B112210001381", "P29_003": "16001", "P29_004": "市川市立百合台小学校", "P29_005": "千葉県市川市曽谷6-10-1", "P29_006": "3", "P29_007": "1", "P29_008": "00", "P29_009": null }, "geometry": { "type": "Point", "coordinates": [ 139.926901151506797, 35.73981637458165 ] } },
{ "type": "Feature", "properties": { "P29_001": "12203", "P29_002": "B112210001390", "P29_003": "16001", "P29_004": "市川市立富美浜小学校", "P29_005": "千葉県市川市南行徳2-3-1", "P29_006": "3", "P29_007": "1", "P29_008": "00", "P29_009": null }, "geometry": { "type": "Point", "coordinates": [ 139.905437143015405, 35.67157928099585 ] } },
{ "type": "Feature", "properties": { "P29_001": "12203", "P29_002": "B112210001407", "P29_003": "16001", "P29_004": "市川市立柏井小学校", "P29_005": "千葉県市川市柏井町1-1149-1", "P29_006": "3", "P29_007": "1", "P29_008": "00", "P29_009": null }, "geometry": { "type": "Point", "coordinates": [ 139.966528221334272, 35.739655375633149 ] } },
{ "type": "Feature", "properties": { "P29_001": "12203", "P29_002": "B112210001416", "P29_003": "16001", "P29_004": "市川市立大洲小学校", "P29_005": "千葉県市川市大洲4-18-1", "P29_006": "3", "P29_007": "1", "P29_008": "00", "P29_009": null }, "geometry": { "type": "Point", "coordinates": [ 139.906872562942453, 35.723459305183667 ] } },
{ "type": "Feature", "properties": { "P29_001": "12203", "P29_002": "B112210001425", "P29_003": "16001", "P29_004": "市川市立幸小学校", "P29_005": "千葉県市川市幸1-11-1", "P29_006": "3", "P29_007": "1", "P29_008": "00", "P29_009": null }, "geometry": { "type": "Point", "coordinates": [ 139.930096883887614, 35.681013647954593 ] } },
{ "type": "Feature", "properties": { "P29_001": "12203", "P29_002": "B112210001434", "P29_003": "16001", "P29_004": "市川市立新井小学校", "P29_005": "千葉県市川市新井1-18-13", "P29_006": "3", "P29_007": "1", "P29_008": "00", "P29_009": null }, "geometry": { "type": "Point", "coordinates": [ 139.890565954193363, 35.673976853581536 ] } },
{ "type": "Feature", "properties": { "P29_001": "12203", "P29_002": "B112210001443", "P29_003": "16001", "P29_004": "市川市立南新浜小学校", "P29_005": "千葉県市川市新浜1-26-1", "P29_006": "3", "P29_007": "1", "P29_008": "00", "P29_009": null }, "geometry": { "type": "Point", "coordinates": [ 139.916596922688228, 35.674597454161685 ] } },
{ "type": "Feature", "properties": { "P29_001": "12203", "P29_002": "B112210001452", "P29_003": "16001", "P29_004": "市川市立大野小学校", "P29_005": "千葉県市川市南大野1-42-1", "P29_006": "3", "P29_007": "1", "P29_008": "00", "P29_009": null }, "geometry": { "type": "Point", "coordinates": [ 139.95063834044791, 35.742448341347732 ] } },
{ "type": "Feature", "properties": { "P29_001": "12203", "P29_002": "B112210001461", "P29_003": "16001", "P29_004": "市川市立塩焼小学校", "P29_005": "千葉県市川市塩焼5-9-8", "P29_006": "3", "P29_007": "1", "P29_008": "00", "P29_009": null }, "geometry": { "type": "Point", "coordinates": [ 139.930104524854386, 35.68391344081909 ] } },
{ "type": "Feature", "properties": { "P29_001": "12203", "P29_002": "B112210001470", "P29_003": "16001", "P29_004": "市川市立稲越小学校", "P29_005": "千葉県市川市稲越3-21-8", "P29_006": "3", "P29_007": "1", "P29_008": "00", "P29_009": null }, "geometry": { "type": "Point", "coordinates": [ 139.924162380376629, 35.754155486611545 ] } },
{ "type": "Feature", "properties": { "P29_001": "12203", "P29_002": "B112210001489", "P29_003": "16001", "P29_004": "市川市立大和田小学校", "P29_005": "千葉県市川市大和田1-1-3", "P29_006": "3", "P29_007": "1", "P29_008": "00", "P29_009": null }, "geometry": { "type": "Point", "coordinates": [ 139.921666701994781, 35.71765081620326 ] } },
{ "type": "Feature", "properties": { "P29_001": "12204", "P29_002": "B112210001559", "P29_003": "16001", "P29_004": "船橋市立海神小学校", "P29_005": "千葉県船橋市海神2-6-5", "P29_006": "3", "P29_007": "1", "P29_008": "00", "P29_009": null }, "geometry": { "type": "Point", "coordinates": [ 139.979654428746699, 35.703317491521837 ] } },
{ "type": "Feature", "properties": { "P29_001": "12204", "P29_002": "B112210001568", "P29_003": "16001", "P29_004": "船橋市立西海神小学校", "P29_005": "千葉県船橋市海神5-19-36", "P29_006": "3", "P29_007": "1", "P29_008": "00", "P29_009": null }, "geometry": { "type": "Point", "coordinates": [ 139.967801730651701, 35.709240946350256 ] } },
{ "type": "Feature", "properties": { "P29_001": "12204", "P29_002": "B112210001577", "P29_003": "16001", "P29_004": "船橋市立葛飾小学校", "P29_005": "千葉県船橋市印内1-2-1", "P29_006": "3", "P29_007": "1", "P29_008": "00", "P29_009": null }, "geometry": { "type": "Point", "coordinates": [ 139.959015234149547, 35.712709215393744 ] } },
{ "type": "Feature", "properties": { "P29_001": "12204", "P29_002": "B112210001586", "P29_003": "16001", "P29_004": "船橋市立八栄小学校", "P29_005": "千葉県船橋市夏見5-27-1", "P29_006": "3", "P29_007": "1", "P29_008": "00", "P29_009": null }, "geometry": { "type": "Point", "coordinates": [ 139.993488432624105, 35.711807266343015 ] } },
{ "type": "Feature", "properties": { "P29_001": "12204", "P29_002": "B112210001595", "P29_003": "16001", "P29_004": "船橋市立小栗原小学校", "P29_005": "千葉県船橋市本中山3-16-12", "P29_006": "3", "P29_007": "1", "P29_008": "00", "P29_009": null }, "geometry": { "type": "Point", "coordinates": [ 139.943078769964245, 35.711851243499048 ] } },
{ "type": "Feature", "properties": { "P29_001": "12204", "P29_002": "B112210001602", "P29_003": "16001", "P29_004": "船橋市立法典小学校", "P29_005": "千葉県船橋市藤原5-2-1", "P29_006": "3", "P29_007": "1", "P29_008": "00", "P29_009": null }, "geometry": { "type": "Point", "coordinates": [ 139.980252750896142, 35.737903187650794 ] } },
{ "type": "Feature", "properties": { "P29_001": "12204", "P29_002": "B112210001611", "P29_003": "16001", "P29_004": "船橋市立塚田小学校", "P29_005": "千葉県船橋市前貝塚町600", "P29_006": "3", "P29_007": "1", "P29_008": "00", "P29_009": null }, "geometry": { "type": "Point", "coordinates": [ 139.979100597992584, 35.723276459590664 ] } },
{ "type": "Feature", "properties": { "P29_001": "12204", "P29_002": "B112210001639", "P29_003": "16001", "P29_004": "船橋市立三咲小学校", "P29_005": "千葉県船橋市二和東5-39-1", "P29_006": "3", "P29_007": "1", "P29_008": "00", "P29_009": null }, "geometry": { "type": "Point", "coordinates": [ 140.023673250571676, 35.752706215696158 ] } },
{ "type": "Feature", "properties": { "P29_001": "12204", "P29_002": "B112210001728", "P29_003": "16001", "P29_004": "船橋市立法典東小学校", "P29_005": "千葉県船橋市丸山5-25-1", "P29_006": "3", "P29_007": "1", "P29_008": "00", "P29_009": null }, "geometry": { "type": "Point", "coordinates": [ 139.995706389504562, 35.745483807900833 ] } },
{ "type": "Feature", "properties": { "P29_001": "12204", "P29_002": "B112210001755", "P29_003": "16001", "P29_004": "船橋市立南本町小学校", "P29_005": "千葉県船橋市栄町1-7-1", "P29_006": "3", "P29_007": "1", "P29_008": "00", "P29_009": null }, "geometry": { "type": "Point", "coordinates": [ 139.97636060237528, 35.693798230951685 ] } },
{ "type": "Feature", "properties": { "P29_001": "12204", "P29_002": "B112210001835", "P29_003": "16001", "P29_004": "船橋市立八木が谷小学校", "P29_005": "千葉県船橋市八木が谷2-3-1", "P29_006": "3", "P29_007": "1", "P29_008": "00", "P29_009": null }, "geometry": { "type": "Point", "coordinates": [ 140.031467490637226, 35.759316329249415 ] } },
{ "type": "Feature", "properties": { "P29_001": "12204", "P29_002": "B112210001844", "P29_003": "16001", "P29_004": "船橋市立夏見台小学校", "P29_005": "千葉県船橋市夏見台2-12-1", "P29_006": "3", "P29_007": "1", "P29_008": "00", "P29_009": null }, "geometry": { "type": "Point", "coordinates": [ 139.994987260369612, 35.721705442411896 ] } },
{ "type": "Feature", "properties": { "P29_001": "12204", "P29_002": "B112210001880", "P29_003": "16001", "P29_004": "船橋市立行田東小学校", "P29_005": "千葉県船橋市行田2-4-1", "P29_006": "3", "P29_007": "1", "P29_008": "00", "P29_009": null }, "geometry": { "type": "Point", "coordinates": [ 139.973910867597226, 35.717063555270499 ] } },
{ "type": "Feature", "properties": { "P29_001": "12204", "P29_002": "B112210001899", "P29_003": "16001", "P29_004": "船橋市立行田西小学校", "P29_005": "千葉県船橋市行田3-4-1", "P29_006": "3", "P29_007": "1", "P29_008": "00", "P29_009": null }, "geometry": { "type": "Point", "coordinates": [ 139.96835098578282, 35.719107423826117 ] } },
{ "type": "Feature", "properties": { "P29_001": "12204", "P29_002": "B112210001906", "P29_003": "16001", "P29_004": "船橋市立丸山小学校", "P29_005": "千葉県船橋市丸山4-43-1", "P29_006": "3", "P29_007": "1", "P29_008": "00", "P29_009": null }, "geometry": { "type": "Point", "coordinates": [ 139.997410785134548, 35.750116751617419 ] } },
{ "type": "Feature", "properties": { "P29_001": "12204", "P29_002": "B112210001915", "P29_003": "16001", "P29_004": "船橋市立海神南小学校", "P29_005": "千葉県船橋市海神町南1-1510", "P29_006": "3", "P29_007": "1", "P29_008": "00", "P29_009": null }, "geometry": { "type": "Point", "coordinates": [ 139.968350819762378, 35.700978347636664 ] } },
{ "type": "Feature", "properties": { "P29_001": "12204", "P29_002": "B112210001924", "P29_003": "16001", "P29_004": "船橋市立八木が谷北小学校", "P29_005": "千葉県船橋市八木が谷4-13-1", "P29_006": "3", "P29_007": "1", "P29_008": "00", "P29_009": null }, "geometry": { "type": "Point", "coordinates": [ 140.036179678022393, 35.763479347840672 ] } },
{ "type": "Feature", "properties": { "P29_001": "12204", "P29_002": "B112210001960", "P29_003": "16001", "P29_004": "船橋市立二和小学校", "P29_005": "千葉県船橋市二和東1-9-11", "P29_006": "3", "P29_007": "1", "P29_008": "00", "P29_009": null }, "geometry": { "type": "Point", "coordinates": [ 140.021606466881167, 35.740941749279997 ] } },
{ "type": "Feature", "properties": { "P29_001": "12204", "P29_002": "B112210002022", "P29_003": "16001", "P29_004": "船橋市立咲が丘小学校", "P29_005": "千葉県船橋市咲が丘1-22-1", "P29_006": "3", "P29_007": "1", "P29_008": "00", "P29_009": null }, "geometry": { "type": "Point", "coordinates": [ 140.018460992389663, 35.760019639793001 ] } },
{ "type": "Feature", "properties": { "P29_001": "12204", "P29_002": "B112210002031", "P29_003": "16001", "P29_004": "船橋市立法典西小学校", "P29_005": "千葉県船橋市上山町1-111-5", "P29_006": "3", "P29_007": "1", "P29_008": "00", "P29_009": null }, "geometry": { "type": "Point", "coordinates": [ 139.970903387921254, 35.727372044264385 ] } },
{ "type": "Feature", "properties": { "P29_001": "12207", "P29_002": "B112210002317", "P29_003": "16001", "P29_004": "松戸市立中部小学校", "P29_005": "千葉県松戸市松戸2062", "P29_006": "3", "P29_007": "1", "P29_008": "00", "P29_009": null }, "geometry": { "type": "Point", "coordinates": [ 139.895496182816231, 35.785289018988728 ] } },
{ "type": "Feature", "properties": { "P29_001": "12207", "P29_002": "B112210002326", "P29_003": "16001", "P29_004": "松戸市立東部小学校", "P29_005": "千葉県松戸市高塚新田382-1", "P29_006": "3", "P29_007": "1", "P29_008": "00", "P29_009": null }, "geometry": { "type": "Point", "coordinates": [ 139.931038347047803, 35.768154105558317 ] } },
{ "type": "Feature", "properties": { "P29_001": "12207", "P29_002": "B112210002335", "P29_003": "16001", "P29_004": "松戸市立北部小学校", "P29_005": "千葉県松戸市根本217", "P29_006": "3", "P29_007": "1", "P29_008": "00", "P29_009": null }, "geometry": { "type": "Point", "coordinates": [ 139.902357153284527, 35.792114009661375 ] } },
{ "type": "Feature", "properties": { "P29_001": "12207", "P29_002": "B112210002344", "P29_003": "16001", "P29_004": "松戸市立相模台小学校", "P29_005": "千葉県松戸市岩瀬434-2", "P29_006": "3", "P29_007": "1", "P29_008": "00", "P29_009": null }, "geometry": { "type": "Point", "coordinates": [ 139.90471646557981, 35.781094777150706 ] } },
{ "type": "Feature", "properties": { "P29_001": "12207", "P29_002": "B112210002353", "P29_003": "16001", "P29_004": "松戸市立南部小学校", "P29_005": "千葉県松戸市小山148", "P29_006": "3", "P29_007": "1", "P29_008": "00", "P29_009": null }, "geometry": { "type": "Point", "coordinates": [ 139.894038099056075, 35.774739412549785 ] } },
{ "type": "Feature", "properties": { "P29_001": "12207", "P29_002": "B112210002362", "P29_003": "16001", "P29_004": "松戸市立矢切小学校", "P29_005": "千葉県松戸市中矢切540", "P29_006": "3", "P29_007": "1", "P29_008": "00", "P29_009": null }, "geometry": { "type": "Point", "coordinates": [ 139.896841802898734, 35.763523697171024 ] } },
{ "type": "Feature", "properties": { "P29_001": "12207", "P29_002": "B112210002371", "P29_003": "16001", "P29_004": "松戸市立高木小学校", "P29_005": "千葉県松戸市金ケ作120", "P29_006": "3", "P29_007": "1", "P29_008": "01", "P29_009": null }, "geometry": { "type": "Point", "coordinates": [ 139.944454251622233, 35.807288531390185 ] } },
{ "type": "Feature", "properties": { "P29_001": "12207", "P29_002": "B112210002380", "P29_003": "16001", "P29_004": "松戸市立高木第二小学校", "P29_005": "千葉県松戸市五香4-18-1", "P29_006": "3", "P29_007": "1", "P29_008": "00", "P29_009": null }, "geometry": { "type": "Point", "coordinates": [ 139.979587979943375, 35.794873095180613 ] } },
{ "type": "Feature", "properties": { "P29_001": "12207", "P29_002": "B112210002399", "P29_003": "16001", "P29_004": "松戸市立馬橋小学校", "P29_005": "千葉県松戸市西馬橋1-12-1", "P29_006": "3", "P29_007": "1", "P29_008": "00", "P29_009": null }, "geometry": { "type": "Point", "coordinates": [ 139.914546483344253, 35.816128521096196 ] } },
{ "type": "Feature", "properties": { "P29_001": "12207", "P29_002": "B112210002406", "P29_003": "16001", "P29_004": "松戸市立常盤平第一小学校", "P29_005": "千葉県松戸市常盤平7-1", "P29_006": "3", "P29_007": "1", "P29_008": "00", "P29_009": null }, "geometry": { "type": "Point", "coordinates": [ 139.949673653588917, 35.797960192906359 ] } },
{ "type": "Feature", "properties": { "P29_001": "12207", "P29_002": "B112210002415", "P29_003": "16001", "P29_004": "松戸市立小金小学校", "P29_005": "千葉県松戸市小金355", "P29_006": "3", "P29_007": "1", "P29_008": "00", "P29_009": null }, "geometry": { "type": "Point", "coordinates": [ 139.930042062444357, 35.829161008028137 ] } },
{ "type": "Feature", "properties": { "P29_001": "12207", "P29_002": "B112210002424", "P29_003": "16001", "P29_004": "松戸市立稔台小学校", "P29_005": "千葉県松戸市稔台2-36-1", "P29_006": "3", "P29_007": "1", "P29_008": "00", "P29_009": null }, "geometry": { "type": "Point", "coordinates": [ 139.933322231207768, 35.78370041877367 ] } },
{ "type": "Feature", "properties": { "P29_001": "12207", "P29_002": "B112210002433", "P29_003": "16001", "P29_004": "松戸市立常盤平第二小学校", "P29_005": "千葉県松戸市常盤平4-18", "P29_006": "3", "P29_007": "1", "P29_008": "00", "P29_009": null }, "geometry": { "type": "Point", "coordinates": [ 139.957463386884342, 35.799782720139767 ] } },
{ "type": "Feature", "properties": { "P29_001": "12207", "P29_002": "B112210002442", "P29_003": "16001", "P29_004": "松戸市立常盤平第三小学校", "P29_005": "千葉県松戸市常盤平西窪町25-1", "P29_006": "3", "P29_007": "1", "P29_008": "00", "P29_009": null }, "geometry": { "type": "Point", "coordinates": [ 139.942759937290788, 35.796234374787517 ] } },
{ "type": "Feature", "properties": { "P29_001": "12207", "P29_002": "B112210002451", "P29_003": "16001", "P29_004": "松戸市立小金北小学校", "P29_005": "千葉県松戸市殿平賀270", "P29_006": "3", "P29_007": "1", "P29_008": "00", "P29_009": null }, "geometry": { "type": "Point", "coordinates": [ 139.923488149354654, 35.838497520311599 ] } },
{ "type": "Feature", "properties": { "P29_001": "12207", "P29_002": "B112210002460", "P29_003": "16001", "P29_004": "松戸市立上本郷小学校", "P29_005": "千葉県松戸市上本郷3620", "P29_006": "3", "P29_007": "1", "P29_008": "00", "P29_009": null }, "geometry": { "type": "Point", "coordinates": [ 139.918117925582493, 35.798875105106518 ] } },
{ "type": "Feature", "properties": { "P29_001": "12207", "P29_002": "B112210002479", "P29_003": "16001", "P29_004": "松戸市立根木内小学校", "P29_005": "千葉県松戸市小金原2-3", "P29_006": "3", "P29_007": "1", "P29_008": "00", "P29_009": null }, "geometry": { "type": "Point", "coordinates": [ 139.945767171203727, 35.823706290755624 ] } },
{ "type": "Feature", "properties": { "P29_001": "12207", "P29_002": "B112210002488", "P29_003": "16001", "P29_004": "松戸市立栗ケ沢小学校", "P29_005": "千葉県松戸市小金原7-16", "P29_006": "3", "P29_007": "1", "P29_008": "00", "P29_009": null }, "geometry": { "type": "Point", "coordinates": [ 139.948583740745732, 35.815433525795683 ] } },
{ "type": "Feature", "properties": { "P29_001": "12207", "P29_002": "B112210002497", "P29_003": "16001", "P29_004": "松戸市立松飛台小学校", "P29_005": "千葉県松戸市五香西4-22-1", "P29_006": "3", "P29_007": "1", "P29_008": "00", "P29_009": null }, "geometry": { "type": "Point", "coordinates": [ 139.962133197342553, 35.787044895403263 ] } },
{ "type": "Feature", "properties": { "P29_001": "12207", "P29_002": "B112210002503", "P29_003": "16001", "P29_004": "松戸市立松ケ丘小学校", "P29_005": "千葉県松戸市松戸新田159", "P29_006": "3", "P29_007": "1", "P29_008": "00", "P29_009": null }, "geometry": { "type": "Point", "coordinates": [ 139.915362671590032, 35.785856204910083 ] } },
{ "type": "Feature", "properties": { "P29_001": "12207", "P29_002": "B112210002512", "P29_003": "16001", "P29_004": "松戸市立柿ノ木台小学校", "P29_005": "千葉県松戸市二十世紀が丘柿の木町111", "P29_006": "3", "P29_007": "1", "P29_008": "00", "P29_009": null }, "geometry": { "type": "Point", "coordinates": [ 139.904415612265154, 35.77159112800917 ] } },
{ "type": "Feature", "properties": { "P29_001": "12207", "P29_002": "B112210002521", "P29_003": "16001", "P29_004": "松戸市立古ケ崎小学校", "P29_005": "千葉県松戸市古ケ崎4-3620-1", "P29_006": "3", "P29_007": "1", "P29_008": "01", "P29_009": null }, "geometry": { "type": "Point", "coordinates": [ 139.898753918851838, 35.806920421820841 ] } },
{ "type": "Feature", "properties": { "P29_001": "12207", "P29_002": "B112210002530", "P29_003": "16001", "P29_004": "松戸市立六実小学校", "P29_005": "千葉県松戸市六高台4-131", "P29_006": "3", "P29_007": "1", "P29_008": "00", "P29_009": null }, "geometry": { "type": "Point", "coordinates": [ 139.992840689221879, 35.798033645679098 ] } },
{ "type": "Feature", "properties": { "P29_001": "12207", "P29_002": "B112210002549", "P29_003": "16001", "P29_004": "松戸市立八ケ崎小学校", "P29_005": "千葉県松戸市八ケ崎6-53-1", "P29_006": "3", "P29_007": "1", "P29_008": "01", "P29_009": null }, "geometry": { "type": "Point", "coordinates": [ 139.930754123897856, 35.808538060692939 ] } },
{ "type": "Feature", "properties": { "P29_001": "12207", "P29_002": "B112210002558", "P29_003": "16001", "P29_004": "松戸市立梨香台小学校", "P29_005": "千葉県松戸市高塚新田512-13", "P29_006": "3", "P29_007": "1", "P29_008": "00", "P29_009": null }, "geometry": { "type": "Point", "coordinates": [ 139.93387203632409, 35.75685522466614 ] } },
{ "type": "Feature", "properties": { "P29_001": "12207", "P29_002": "B112210002567", "P29_003": "16001", "P29_004": "松戸市立寒風台小学校", "P29_005": "千葉県松戸市松戸新田316-25", "P29_006": "3", "P29_007": "1", "P29_008": "00", "P29_009": null }, "geometry": { "type": "Point", "coordinates": [ 139.926344310440072, 35.795159894119891 ] } },
{ "type": "Feature", "properties": { "P29_001": "12207", "P29_002": "B112210002576", "P29_003": "16001", "P29_004": "松戸市立河原塚小学校", "P29_005": "千葉県松戸市河原塚47-1", "P29_006": "3", "P29_007": "1", "P29_008": "00", "P29_009": null }, "geometry": { "type": "Point", "coordinates": [ 139.938487444212313, 35.783836621883019 ] } },
{ "type": "Feature", "properties": { "P29_001": "12207", "P29_002": "B112210002594", "P29_003": "16001", "P29_004": "松戸市立旭町小学校", "P29_005": "千葉県松戸市旭町1-20-2", "P29_006": "3", "P29_007": "1", "P29_008": "00", "P29_009": null }, "geometry": { "type": "Point", "coordinates": [ 139.901483951428958, 35.814696412092736 ] } },
{ "type": "Feature", "properties": { "P29_001": "12207", "P29_002": "B112210002601", "P29_003": "16001", "P29_004": "松戸市立和名ケ谷小学校", "P29_005": "千葉県松戸市和名ケ谷1085", "P29_006": "3", "P29_007": "1", "P29_008": "01", "P29_009": null }, "geometry": { "type": "Point", "coordinates": [ 139.923630864583231, 35.778164433294549 ] } },
{ "type": "Feature", "properties": { "P29_001": "12207", "P29_002": "B112210002610", "P29_003": "16001", "P29_004": "松戸市立金ケ作小学校", "P29_005": "千葉県松戸市金ケ作317", "P29_006": "3", "P29_007": "1", "P29_008": "01", "P29_009": null }, "geometry": { "type": "Point", "coordinates": [ 139.962276483316259, 35.804189342530861 ] } },
{ "type": "Feature", "properties": { "P29_001": "12207", "P29_002": "B112210002629", "P29_003": "16001", "P29_004": "松戸市立馬橋北小学校", "P29_005": "千葉県松戸市新松戸南2-1", "P29_006": "3", "P29_007": "1", "P29_008": "00", "P29_009": null }, "geometry": { "type": "Point", "coordinates": [ 139.912021186054915, 35.821765916767696 ] } },
{ "type": "Feature", "properties": { "P29_001": "12207", "P29_002": "B112210002638", "P29_003": "16001", "P29_004": "松戸市立殿平賀小学校", "P29_005": "千葉県松戸市殿平賀339-1", "P29_006": "3", "P29_007": "1", "P29_008": "00", "P29_009": null }, "geometry": { "type": "Point", "coordinates": [ 139.926283803880636, 35.837491995047891 ] } },
{ "type": "Feature", "properties": { "P29_001": "12207", "P29_002": "B112210002647", "P29_003": "16001", "P29_004": "松戸市立八ケ崎第二小学校", "P29_005": "千葉県松戸市八ケ崎3-3-1", "P29_006": "3", "P29_007": "1", "P29_008": "01", "P29_009": null }, "geometry": { "type": "Point", "coordinates": [ 139.935200551672409, 35.815464945128554 ] } },
{ "type": "Feature", "properties": { "P29_001": "12207", "P29_002": "B112210002656", "P29_003": "16001", "P29_004": "松戸市立六実第二小学校", "P29_005": "千葉県松戸市六実2-34-1", "P29_006": "3", "P29_007": "1", "P29_008": "00", "P29_009": null }, "geometry": { "type": "Point", "coordinates": [ 139.99385657761718, 35.790582103557838 ] } },
{ "type": "Feature", "properties": { "P29_001": "12207", "P29_002": "B112210002665", "P29_003": "16001", "P29_004": "松戸市立横須賀小学校", "P29_005": "千葉県松戸市新松戸北2-13-1", "P29_006": "3", "P29_007": "1", "P29_008": "00", "P29_009": null }, "geometry": { "type": "Point", "coordinates": [ 139.91041553740223, 35.83337746521763 ] } },
{ "type": "Feature", "properties": { "P29_001": "12207", "P29_002": "B112210002674", "P29_003": "16001", "P29_004": "松戸市立貝の花小学校", "P29_005": "千葉県松戸市小金原8-10", "P29_006": "3", "P29_007": "1", "P29_008": "00", "P29_009": null }, "geometry": { "type": "Point", "coordinates": [ 139.941418877097419, 35.814097697301094 ] } },
{ "type": "Feature", "properties": { "P29_001": "12207", "P29_002": "B112210002683", "P29_003": "16001", "P29_004": "松戸市立新松戸南小学校", "P29_005": "千葉県松戸市新松戸6-301", "P29_006": "3", "P29_007": "1", "P29_008": "00", "P29_009": null }, "geometry": { "type": "Point", "coordinates": [ 139.905647183516521, 35.823604010112426 ] } },
{ "type": "Feature", "properties": { "P29_001": "12207", "P29_002": "B112210002692", "P29_003": "16001", "P29_004": "松戸市立松飛台第二小学校", "P29_005": "千葉県松戸市松飛台59", "P29_006": "3", "P29_007": "1", "P29_008": "00", "P29_009": null }, "geometry": { "type": "Point", "coordinates": [ 139.968766447271776, 35.790330371802114 ] } },
{ "type": "Feature", "properties": { "P29_001": "12207", "P29_002": "B112210002718", "P29_003": "16001", "P29_004": "松戸市立大橋小学校", "P29_005": "千葉県松戸市二十世紀が丘梨元町32", "P29_006": "3", "P29_007": "1", "P29_008": "00", "P29_009": null }, "geometry": { "type": "Point", "coordinates": [ 139.915138679246752, 35.770794299339116 ] } },
{ "type": "Feature", "properties": { "P29_001": "12207", "P29_002": "B112210002727", "P29_003": "16001", "P29_004": "松戸市立六実第三小学校", "P29_005": "千葉県松戸市六高台3-141", "P29_006": "3", "P29_007": "1", "P29_008": "00", "P29_009": null }, "geometry": { "type": "Point", "coordinates": [ 139.986549014863158, 35.798185392719056 ] } },
{ "type": "Feature", "properties": { "P29_001": "12207", "P29_002": "B112210002736", "P29_003": "16001", "P29_004": "松戸市立幸谷小学校", "P29_005": "千葉県松戸市幸谷212-2", "P29_006": "3", "P29_007": "1", "P29_008": "00", "P29_009": null }, "geometry": { "type": "Point", "coordinates": [ 139.923924950191861, 35.821766515078671 ] } },
{ "type": "Feature", "properties": { "P29_001": "12207", "P29_002": "B112210002754", "P29_003": "16001", "P29_004": "松戸市立東松戸小学校", "P29_005": "千葉県松戸市紙敷1-19-1", "P29_006": "3", "P29_007": "1", "P29_008": "00", "P29_009": null }, "geometry": { "type": "Point", "coordinates": [ 139.95590616764224, 35.775818753812565 ] } },
{ "type": "Feature", "properties": { "P29_001": "12208", "P29_002": "B112210002763", "P29_003": "16001", "P29_004": "野田市立中央小学校", "P29_005": "千葉県野田市野田611", "P29_006": "3", "P29_007": "1", "P29_008": "00", "P29_009": null }, "geometry": { "type": "Point", "coordinates": [ 139.863925029880477, 35.946680190856192 ] } },
{ "type": "Feature", "properties": { "P29_001": "12208", "P29_002": "B112210002772", "P29_003": "16001", "P29_004": "野田市立宮崎小学校", "P29_005": "千葉県野田市宮崎55", "P29_006": "3", "P29_007": "1", "P29_008": "00", "P29_009": null }, "geometry": { "type": "Point", "coordinates": [ 139.873552332885993, 35.949579153182675 ] } },
{ "type": "Feature", "properties": { "P29_001": "12208", "P29_002": "B112210002781", "P29_003": "16001", "P29_004": "野田市立東部小学校", "P29_005": "千葉県野田市鶴奉220", "P29_006": "3", "P29_007": "1", "P29_008": "00", "P29_009": null }, "geometry": { "type": "Point", "coordinates": [ 139.886834405588218, 35.961392908324171 ] } },
{ "type": "Feature", "properties": { "P29_001": "12208", "P29_002": "B112210002790", "P29_003": "16001", "P29_004": "野田市立南部小学校", "P29_005": "千葉県野田市山崎1503", "P29_006": "3", "P29_007": "1", "P29_008": "00", "P29_009": null }, "geometry": { "type": "Point", "coordinates": [ 139.885116766707995, 35.930488569987226 ] } },
{ "type": "Feature", "properties": { "P29_001": "12208", "P29_002": "B112210002816", "P29_003": "16001", "P29_004": "野田市立福田第一小学校", "P29_005": "千葉県野田市三ツ堀1372", "P29_006": "3", "P29_007": "1", "P29_008": "01", "P29_009": null }, "geometry": { "type": "Point", "coordinates": [ 139.91936056195587, 35.948170695188821 ] } },
{ "type": "Feature", "properties": { "P29_001": "12208", "P29_002": "B112210002852", "P29_003": "16001", "P29_004": "野田市立柳沢小学校", "P29_005": "千葉県野田市柳沢139", "P29_006": "3", "P29_007": "1", "P29_008": "00", "P29_009": null }, "geometry": { "type": "Point", "coordinates": [ 139.868460595848319, 35.962704762797486 ] } },
{ "type": "Feature", "properties": { "P29_001": "12208", "P29_002": "B112210002861", "P29_003": "16001", "P29_004": "野田市立山崎小学校", "P29_005": "千葉県野田市山崎2733", "P29_006": "3", "P29_007": "1", "P29_008": "00", "P29_009": null }, "geometry": { "type": "Point", "coordinates": [ 139.901212787129026, 35.928332784340732 ] } },
{ "type": "Feature", "properties": { "P29_001": "12208", "P29_002": "B112210002870", "P29_003": "16001", "P29_004": "野田市立岩木小学校", "P29_005": "千葉県野田市岩名2-12-1", "P29_006": "3", "P29_007": "1", "P29_008": "00", "P29_009": null }, "geometry": { "type": "Point", "coordinates": [ 139.838334177381626, 35.97525408768972 ] } },
{ "type": "Feature", "properties": { "P29_001": "12208", "P29_002": "B112210002889", "P29_003": "16001", "P29_004": "野田市立尾崎小学校", "P29_005": "千葉県野田市尾崎1415", "P29_006": "3", "P29_007": "1", "P29_008": "00", "P29_009": null }, "geometry": { "type": "Point", "coordinates": [ 139.829663101531395, 35.989677047079851 ] } },
{ "type": "Feature", "properties": { "P29_001": "12208", "P29_002": "B112210002898", "P29_003": "16001", "P29_004": "野田市立七光台小学校", "P29_005": "千葉県野田市七光台20-1", "P29_006": "3", "P29_007": "1", "P29_008": "00", "P29_009": null }, "geometry": { "type": "Point", "coordinates": [ 139.853542643178173, 35.980048446440946 ] } },
{ "type": "Feature", "properties": { "P29_001": "12208", "P29_002": "B112210002905", "P29_003": "16001", "P29_004": "野田市立二ツ塚小学校", "P29_005": "千葉県野田市二ツ塚485-2", "P29_006": "3", "P29_007": "1", "P29_008": "01", "P29_009": null }, "geometry": { "type": "Point", "coordinates": [ 139.910624188659142, 35.939434223099163 ] } },
{ "type": "Feature", "properties": { "P29_001": "12217", "P29_002": "B112210003959", "P29_003": "16001", "P29_004": "柏市立柏第一小学校", "P29_005": "千葉県柏市あけぼの1-7-6", "P29_006": "3", "P29_007": "1", "P29_008": "00", "P29_009": null }, "geometry": { "type": "Point", "coordinates": [ 139.971753308682679, 35.865825882056711 ] } },
{ "type": "Feature", "properties": { "P29_001": "12217", "P29_002": "B112210003986", "P29_003": "16001", "P29_004": "柏市立柏第四小学校", "P29_005": "千葉県柏市松ヶ崎1182-9", "P29_006": "3", "P29_007": "1", "P29_008": "00", "P29_009": null }, "geometry": { "type": "Point", "coordinates": [ 139.968979700004951, 35.874603424703608 ] } },
{ "type": "Feature", "properties": { "P29_001": "12217", "P29_002": "B112210003995", "P29_003": "16001", "P29_004": "柏市立柏第五小学校", "P29_005": "千葉県柏市柏932-7", "P29_006": "3", "P29_007": "1", "P29_008": "00", "P29_009": null }, "geometry": { "type": "Point", "coordinates": [ 139.983371294672622, 35.862568729937152 ] } },
{ "type": "Feature", "properties": { "P29_001": "12217", "P29_002": "B112210004002", "P29_003": "16001", "P29_004": "柏市立柏第六小学校", "P29_005": "千葉県柏市豊四季台4-2-1", "P29_006": "3", "P29_007": "1", "P29_008": "00", "P29_009": null }, "geometry": { "type": "Point", "coordinates": [ 139.954641512075881, 35.863386053241697 ] } },
{ "type": "Feature", "properties": { "P29_001": "12220", "P29_002": "B112210004011", "P29_003": "16001", "P29_004": "柏市立光ヶ丘小学校", "P29_005": "千葉県流山市向小金4-20-1", "P29_006": "3", "P29_007": "1", "P29_008": "00", "P29_009": null }, "geometry": { "type": "Point", "coordinates": [ 139.955831616127028, 35.83625399005372 ] } },
{ "type": "Feature", "properties": { "P29_001": "12217", "P29_002": "B112210004020", "P29_003": "16001", "P29_004": "柏市立土小学校", "P29_005": "千葉県柏市増尾4-4-1", "P29_006": "3", "P29_007": "1", "P29_008": "00", "P29_009": null }, "geometry": { "type": "Point", "coordinates": [ 139.981972827045269, 35.83451616257711 ] } },
{ "type": "Feature", "properties": { "P29_001": "12217", "P29_002": "B112210004048", "P29_003": "16001", "P29_004": "柏市立田中北小学校", "P29_005": "千葉県柏市大青田1536-1", "P29_006": "3", "P29_007": "1", "P29_008": "00", "P29_009": null }, "geometry": { "type": "Point", "coordinates": [ 139.951475704292335, 35.913908572588014 ] } },
{ "type": "Feature", "properties": { "P29_001": "12217", "P29_002": "B112210004057", "P29_003": "16001", "P29_004": "柏市立西原小学校", "P29_005": "千葉県柏市西原4-17-1", "P29_006": "3", "P29_007": "1", "P29_008": "00", "P29_009": null }, "geometry": { "type": "Point", "coordinates": [ 139.923800226312721, 35.892392165593073 ] } },
{ "type": "Feature", "properties": { "P29_001": "12217", "P29_002": "B112210004075", "P29_003": "16001", "P29_004": "柏市立土南部小学校", "P29_005": "千葉県柏市新逆井1-10-1", "P29_006": "3", "P29_007": "1", "P29_008": "00", "P29_009": null }, "geometry": { "type": "Point", "coordinates": [ 139.974547287514525, 35.812169948729029 ] } },
{ "type": "Feature", "properties": { "P29_001": "12217", "P29_002": "B112210004084", "P29_003": "16001", "P29_004": "柏市立柏第七小学校", "P29_005": "千葉県柏市篠籠田723-1", "P29_006": "3", "P29_007": "1", "P29_008": "00", "P29_009": null }, "geometry": { "type": "Point", "coordinates": [ 139.956935309862502, 35.871703127927205 ] } },
{ "type": "Feature", "properties": { "P29_001": "12217", "P29_002": "B112210004093", "P29_003": "16001", "P29_004": "柏市立柏第八小学校", "P29_005": "千葉県柏市永楽台2-8-1", "P29_006": "3", "P29_007": "1", "P29_008": "00", "P29_009": null }, "geometry": { "type": "Point", "coordinates": [ 139.971802341588813, 35.843973065440423 ] } },
{ "type": "Feature", "properties": { "P29_001": "12217", "P29_002": "B112210004100", "P29_003": "16001", "P29_004": "柏市立酒井根小学校", "P29_005": "千葉県柏市酒井根19-2", "P29_006": "3", "P29_007": "1", "P29_008": "00", "P29_009": null }, "geometry": { "type": "Point", "coordinates": [ 139.963040455641647, 35.820349902236082 ] } },
{ "type": "Feature", "properties": { "P29_001": "12217", "P29_002": "B112210004128", "P29_003": "16001", "P29_004": "柏市立藤心小学校", "P29_005": "千葉県柏市藤心880-1", "P29_006": "3", "P29_007": "1", "P29_008": "00", "P29_009": null }, "geometry": { "type": "Point", "coordinates": [ 139.992396305438064, 35.8207038191414 ] } },
{ "type": "Feature", "properties": { "P29_001": "12217", "P29_002": "B112210004137", "P29_003": "16001", "P29_004": "柏市立中原小学校", "P29_005": "千葉県柏市中原1821-1", "P29_006": "3", "P29_007": "1", "P29_008": "00", "P29_009": null }, "geometry": { "type": "Point", "coordinates": [ 139.971454284162832, 35.835739460083261 ] } },
{ "type": "Feature", "properties": { "P29_001": "12217", "P29_002": "B112210004164", "P29_003": "16001", "P29_004": "柏市立名戸ヶ谷小学校", "P29_005": "千葉県柏市名戸ヶ谷474-1", "P29_006": "3", "P29_007": "1", "P29_008": "00", "P29_009": null }, "geometry": { "type": "Point", "coordinates": [ 139.98506580495112, 35.846969248562814 ] } },
{ "type": "Feature", "properties": { "P29_001": "12217", "P29_002": "B112210004173", "P29_003": "16001", "P29_004": "柏市立増尾西小学校", "P29_005": "千葉県柏市増尾台3-5-9", "P29_006": "3", "P29_007": "1", "P29_008": "00", "P29_009": null }, "geometry": { "type": "Point", "coordinates": [ 139.974763393998813, 35.825173805341002 ] } },
{ "type": "Feature", "properties": { "P29_001": "12217", "P29_002": "B112210004182", "P29_003": "16001", "P29_004": "柏市立逆井小学校", "P29_005": "千葉県柏市逆井452-2", "P29_006": "3", "P29_007": "1", "P29_008": "00", "P29_009": null }, "geometry": { "type": "Point", "coordinates": [ 139.981858679506303, 35.812088733337404 ] } },
{ "type": "Feature", "properties": { "P29_001": "12217", "P29_002": "B112210004191", "P29_003": "16001", "P29_004": "柏市立富勢東小学校", "P29_005": "千葉県柏市布施2176-2", "P29_006": "3", "P29_007": "1", "P29_008": "00", "P29_009": null }, "geometry": { "type": "Point", "coordinates": [ 140.007427491329196, 35.892929019126662 ] } },
{ "type": "Feature", "properties": { "P29_001": "12217", "P29_002": "B112210004208", "P29_003": "16001", "P29_004": "柏市立豊小学校", "P29_005": "千葉県柏市豊四季610-2", "P29_006": "3", "P29_007": "1", "P29_008": "00", "P29_009": null }, "geometry": { "type": "Point", "coordinates": [ 139.96256465138805, 35.844032330338678 ] } },
{ "type": "Feature", "properties": { "P29_001": "12217", "P29_002": "B112210004217", "P29_003": "16001", "P29_004": "柏市立酒井根東小学校", "P29_005": "千葉県柏市酒井根1-2-1", "P29_006": "3", "P29_007": "1", "P29_008": "00", "P29_009": null }, "geometry": { "type": "Point", "coordinates": [ 139.963927656449641, 35.825462907090937 ] } },
{ "type": "Feature", "properties": { "P29_001": "12217", "P29_002": "B112210004235", "P29_003": "16001", "P29_004": "柏市立松葉第一小学校", "P29_005": "千葉県柏市松葉町5-3", "P29_006": "3", "P29_007": "1", "P29_008": "00", "P29_009": null }, "geometry": { "type": "Point", "coordinates": [ 139.966793879107485, 35.888862329667106 ] } },
{ "type": "Feature", "properties": { "P29_001": "12217", "P29_002": "B112210004244", "P29_003": "16001", "P29_004": "柏市立松葉第二小学校", "P29_005": "千葉県柏市松葉町2-16", "P29_006": "3", "P29_007": "1", "P29_008": "00", "P29_009": null }, "geometry": { "type": "Point", "coordinates": [ 139.97503041358371, 35.888325584530449 ] } },
{ "type": "Feature", "properties": { "P29_001": "12220", "P29_002": "B112210004734", "P29_003": "16001", "P29_004": "流山市立八木南小学校", "P29_005": "千葉県流山市芝崎92", "P29_006": "3", "P29_007": "1", "P29_008": "00", "P29_009": null }, "geometry": { "type": "Point", "coordinates": [ 139.92429374757063, 35.850746948166275 ] } },
{ "type": "Feature", "properties": { "P29_001": "12220", "P29_002": "B112210004752", "P29_003": "16001", "P29_004": "流山市立八木北小学校", "P29_005": "千葉県流山市美田208", "P29_006": "3", "P29_007": "1", "P29_008": "00", "P29_009": null }, "geometry": { "type": "Point", "coordinates": [ 139.928561486133958, 35.884736033798816 ] } },
{ "type": "Feature", "properties": { "P29_001": "12220", "P29_002": "B112210004761", "P29_003": "16001", "P29_004": "流山市立流山小学校", "P29_005": "千葉県流山市流山4-359", "P29_006": "3", "P29_007": "1", "P29_008": "00", "P29_009": null }, "geometry": { "type": "Point", "coordinates": [ 139.900373430497638, 35.852562417922265 ] } },
{ "type": "Feature", "properties": { "P29_001": "12220", "P29_002": "B112210004770", "P29_003": "16001", "P29_004": "流山市立新川小学校", "P29_005": "千葉県流山市中野久木339", "P29_006": "3", "P29_007": "1", "P29_008": "00", "P29_009": null }, "geometry": { "type": "Point", "coordinates": [ 139.899707494902941, 35.895812871324466 ] } },
{ "type": "Feature", "properties": { "P29_001": "12220", "P29_002": "B112210004789", "P29_003": "16001", "P29_004": "流山市立江戸川台小学校", "P29_005": "千葉県流山市江戸川台東3-11", "P29_006": "3", "P29_007": "1", "P29_008": "00", "P29_009": null }, "geometry": { "type": "Point", "coordinates": [ 139.912752989122424, 35.901222055498145 ] } },
{ "type": "Feature", "properties": { "P29_001": "12220", "P29_002": "B112210004798", "P29_003": "16001", "P29_004": "流山市立東深井小学校", "P29_005": "千葉県流山市東深井879-2", "P29_006": "3", "P29_007": "1", "P29_008": "00", "P29_009": null }, "geometry": { "type": "Point", "coordinates": [ 139.909354000124381, 35.908432250498386 ] } },
{ "type": "Feature", "properties": { "P29_001": "12220", "P29_002": "B112210004805", "P29_003": "16001", "P29_004": "流山市立鰭ヶ崎小学校", "P29_005": "千葉県流山市鰭ヶ崎7-1", "P29_006": "3", "P29_007": "1", "P29_008": "00", "P29_009": null }, "geometry": { "type": "Point", "coordinates": [ 139.908800716369655, 35.839345634415935 ] } },
{ "type": "Feature", "properties": { "P29_001": "12220", "P29_002": "B112210004841", "P29_003": "16001", "P29_004": "流山市立小山小学校", "P29_005": "千葉県流山市おおたかの森東2-5-3", "P29_006": "3", "P29_007": "1", "P29_008": "00", "P29_009": null }, "geometry": { "type": "Point", "coordinates": [ 139.931698431271116, 35.87569893720238 ] } },
{ "type": "Feature", "properties": { "P29_001": "12220", "P29_002": "B112210004850", "P29_003": "16001", "P29_004": "流山市立流山北小学校", "P29_005": "千葉県流山市加1-795-1", "P29_006": "3", "P29_007": "1", "P29_008": "00", "P29_009": null }, "geometry": { "type": "Point", "coordinates": [ 139.904539617903652, 35.859333935788079 ] } },
{ "type": "Feature", "properties": { "P29_001": "12220", "P29_002": "B112210004869", "P29_003": "16001", "P29_004": "流山市立西深井小学校", "P29_005": "千葉県流山市西深井67-1", "P29_006": "3", "P29_007": "1", "P29_008": "00", "P29_009": null }, "geometry": { "type": "Point", "coordinates": [ 139.899895522146323, 35.906172167268821 ] } },
{ "type": "Feature", "properties": { "P29_001": "12220", "P29_002": "B112210004878", "P29_003": "16001", "P29_004": "流山市立南流山小学校", "P29_005": "千葉県流山市木487", "P29_006": "3", "P29_007": "1", "P29_008": "00", "P29_009": null }, "geometry": { "type": "Point", "coordinates": [ 139.89894675095519, 35.834665365480326 ] } },
{ "type": "Feature", "properties": { "P29_001": "12220", "P29_002": "B112210004887", "P29_003": "16001", "P29_004": "流山市立おおたかの森小学校", "P29_005": "千葉県流山市おおたかの森西2-13-1", "P29_006": "3", "P29_007": "1", "P29_008": "00", "P29_009": null }, "geometry": { "type": "Point", "coordinates": [ 139.917886907021767, 35.867236517622679 ] } },
{ "type": "Feature", "properties": { "P29_001": "12222", "P29_002": "B112210005109", "P29_003": "16001", "P29_004": "我孫子市立我孫子第一小学校", "P29_005": "千葉県我孫子市寿1-22-10", "P29_006": "3", "P29_007": "1", "P29_008": "00", "P29_009": null }, "geometry": { "type": "Point", "coordinates": [ 140.020465832190382, 35.868891894436402 ] } },
{ "type": "Feature", "properties": { "P29_001": "12222", "P29_002": "B112210005118", "P29_003": "16001", "P29_004": "我孫子市立我孫子第二小学校", "P29_005": "千葉県我孫子市下ヶ戸610", "P29_006": "3", "P29_007": "1", "P29_008": "00", "P29_009": null }, "geometry": { "type": "Point", "coordinates": [ 140.058319394782018, 35.871658660397557 ] } },
{ "type": "Feature", "properties": { "P29_001": "12222", "P29_002": "B112210005127", "P29_003": "16001", "P29_004": "我孫子市立我孫子第三小学校", "P29_005": "千葉県我孫子市柴崎台3-3-1", "P29_006": "3", "P29_007": "1", "P29_008": "00", "P29_009": null }, "geometry": { "type": "Point", "coordinates": [ 140.042097524275334, 35.87863325996021 ] } },
{ "type": "Feature", "properties": { "P29_001": "12222", "P29_002": "B112210005136", "P29_003": "16001", "P29_004": "我孫子市立我孫子第四小学校", "P29_005": "千葉県我孫子市白山3-2-1", "P29_006": "3", "P29_007": "1", "P29_008": "00", "P29_009": null }, "geometry": { "type": "Point", "coordinates": [ 140.004737702833637, 35.871723414725054 ] } },
{ "type": "Feature", "properties": { "P29_001": "12222", "P29_002": "B112210005145", "P29_003": "16001", "P29_004": "我孫子市立湖北小学校", "P29_005": "千葉県我孫子市中里95", "P29_006": "3", "P29_007": "1", "P29_008": "00", "P29_009": null }, "geometry": { "type": "Point", "coordinates": [ 140.087677347119524, 35.866094743501591 ] } },
{ "type": "Feature", "properties": { "P29_001": "12222", "P29_002": "B112210005154", "P29_003": "16001", "P29_004": "我孫子市立布佐小学校", "P29_005": "千葉県我孫子市布佐1217", "P29_006": "3", "P29_007": "1", "P29_008": "00", "P29_009": null }, "geometry": { "type": "Point", "coordinates": [ 140.131197701471962, 35.856382374029074 ] } },
{ "type": "Feature", "properties": { "P29_001": "12222", "P29_002": "B112210005163", "P29_003": "16001", "P29_004": "我孫子市立湖北台西小学校", "P29_005": "千葉県我孫子市湖北台8-17-1", "P29_006": "3", "P29_007": "1", "P29_008": "00", "P29_009": null }, "geometry": { "type": "Point", "coordinates": [ 140.069987692928578, 35.86645253457111 ] } },
{ "type": "Feature", "properties": { "P29_001": "12222", "P29_002": "B112210005181", "P29_003": "16001", "P29_004": "我孫子市立根戸小学校", "P29_005": "千葉県我孫子市つくし野4-17-1", "P29_006": "3", "P29_007": "1", "P29_008": "00", "P29_009": null }, "geometry": { "type": "Point", "coordinates": [ 140.005808341345215, 35.881979045403696 ] } },
{ "type": "Feature", "properties": { "P29_001": "12222", "P29_002": "B112210005190", "P29_003": "16001", "P29_004": "我孫子市立湖北台東小学校", "P29_005": "千葉県我孫子市湖北台4-3-1", "P29_006": "3", "P29_007": "1", "P29_008": "00", "P29_009": null }, "geometry": { "type": "Point", "coordinates": [ 140.077370489528761, 35.86243852455452 ] } },
{ "type": "Feature", "properties": { "P29_001": "12222", "P29_002": "B112210005207", "P29_003": "16001", "P29_004": "我孫子市立新木小学校", "P29_005": "千葉県我孫子市新木1460", "P29_006": "3", "P29_007": "1", "P29_008": "00", "P29_009": null }, "geometry": { "type": "Point", "coordinates": [ 140.102402337347627, 35.868001583816053 ] } },
{ "type": "Feature", "properties": { "P29_001": "12222", "P29_002": "B112210005216", "P29_003": "16001", "P29_004": "我孫子市立並木小学校", "P29_005": "千葉県我孫子市つくし野7-30-1", "P29_006": "3", "P29_007": "1", "P29_008": "00", "P29_009": null }, "geometry": { "type": "Point", "coordinates": [ 140.020806854692978, 35.878828695198784 ] } },
{ "type": "Feature", "properties": { "P29_001": "12222", "P29_002": "B112210005225", "P29_003": "16001", "P29_004": "我孫子市立布佐南小学校", "P29_005": "千葉県我孫子市布佐平和台5-1-1", "P29_006": "3", "P29_007": "1", "P29_008": "00", "P29_009": null }, "geometry": { "type": "Point", "coordinates": [ 140.121034890735928, 35.857179564549995 ] } },
{ "type": "Feature", "properties": { "P29_001": "12224", "P29_002": "B112210005270", "P29_003": "16001", "P29_004": "鎌ケ谷市立鎌ケ谷小学校", "P29_005": "千葉県鎌ケ谷市中央2-1-1", "P29_006": "3", "P29_007": "1", "P29_008": "00", "P29_009": null }, "geometry": { "type": "Point", "coordinates": [ 140.0027334869215, 35.77284052164871 ] } },
{ "type": "Feature", "properties": { "P29_001": "12224", "P29_002": "B112210005305", "P29_003": "16001", "P29_004": "鎌ケ谷市立東部小学校", "P29_005": "千葉県鎌ケ谷市鎌ケ谷8-3-11", "P29_006": "3", "P29_007": "1", "P29_008": "00", "P29_009": null }, "geometry": { "type": "Point", "coordinates": [ 140.008352255875195, 35.755091509018619 ] } },
{ "type": "Feature", "properties": { "P29_001": "12224", "P29_002": "B112210005323", "P29_003": "16001", "P29_004": "鎌ケ谷市立中部小学校", "P29_005": "千葉県鎌ケ谷市道野辺中央3-12-3", "P29_006": "3", "P29_007": "1", "P29_008": "00", "P29_009": null }, "geometry": { "type": "Point", "coordinates": [ 139.991733441478658, 35.764489889454694 ] } },
{ "type": "Feature", "properties": { "P29_001": "12224", "P29_002": "B112210005332", "P29_003": "16001", "P29_004": "鎌ケ谷市立初富小学校", "P29_005": "千葉県鎌ケ谷市東初富1-20-1", "P29_006": "3", "P29_007": "1", "P29_008": "00", "P29_009": null }, "geometry": { "type": "Point", "coordinates": [ 140.015125550439961, 35.771361898804429 ] } },
{ "type": "Feature", "properties": { "P29_001": "12224", "P29_002": "B112210005341", "P29_003": "16001", "P29_004": "鎌ケ谷市立道野辺小学校", "P29_005": "千葉県鎌ケ谷市東道野辺5-5-1", "P29_006": "3", "P29_007": "1", "P29_008": "00", "P29_009": null }, "geometry": { "type": "Point", "coordinates": [ 140.000501640903082, 35.752232452241437 ] } },
{ "type": "Feature", "properties": { "P29_001": "12224", "P29_002": "B112210005350", "P29_003": "16001", "P29_004": "鎌ケ谷市立五本松小学校", "P29_005": "千葉県鎌ケ谷市南初富1-16-1", "P29_006": "3", "P29_007": "1", "P29_008": "00", "P29_009": null }, "geometry": { "type": "Point", "coordinates": [ 140.008457875628579, 35.775456146819835 ] } },
{ "type": "Feature", "properties": { "P29_001": "12227", "P29_002": "B112210005608", "P29_003": "16001", "P29_004": "浦安市立浦安小学校", "P29_005": "千葉県浦安市猫実4-9-1", "P29_006": "3", "P29_007": "1", "P29_008": "00", "P29_009": null }, "geometry": { "type": "Point", "coordinates": [ 139.894319269223701, 35.663679296168453 ] } },
{ "type": "Feature", "properties": { "P29_001": "12227", "P29_002": "B112210005617", "P29_003": "16001", "P29_004": "浦安市立南小学校", "P29_005": "千葉県浦安市堀江5-4-1", "P29_006": "3", "P29_007": "1", "P29_008": "00", "P29_009": null }, "geometry": { "type": "Point", "coordinates": [ 139.891652571175399, 35.655153887006989 ] } },
{ "type": "Feature", "properties": { "P29_001": "12227", "P29_002": "B112210005626", "P29_003": "16001", "P29_004": "浦安市立北部小学校", "P29_005": "千葉県浦安市北栄3-20-1", "P29_006": "3", "P29_007": "1", "P29_008": "00", "P29_009": null }, "geometry": { "type": "Point", "coordinates": [ 139.900708027433097, 35.665902539362236 ] } },
{ "type": "Feature", "properties": { "P29_001": "12227", "P29_002": "B112210005644", "P29_003": "16001", "P29_004": "浦安市立富岡小学校", "P29_005": "千葉県浦安市富岡1-1-1", "P29_006": "3", "P29_007": "1", "P29_008": "00", "P29_009": null }, "geometry": { "type": "Point", "coordinates": [ 139.905114231800837, 35.648730675093503 ] } },
{ "type": "Feature", "properties": { "P29_001": "12227", "P29_002": "B112210005653", "P29_003": "16001", "P29_004": "浦安市立美浜南小学校", "P29_005": "千葉県浦安市美浜3-15-1", "P29_006": "3", "P29_007": "1", "P29_008": "00", "P29_009": null }, "geometry": { "type": "Point", "coordinates": [ 139.907847872718776, 35.6512349758356 ] } },
{ "type": "Feature", "properties": { "P29_001": "12227", "P29_002": "B112210005662", "P29_003": "16001", "P29_004": "浦安市立東小学校", "P29_005": "千葉県浦安市猫実1-11-1", "P29_006": "3", "P29_007": "1", "P29_008": "00", "P29_009": null }, "geometry": { "type": "Point", "coordinates": [ 139.902514239101151, 35.656374525104596 ] } },
{ "type": "Feature", "properties": { "P29_001": "12227", "P29_002": "B112210005680", "P29_003": "16001", "P29_004": "浦安市立美浜北小学校", "P29_005": "千葉県浦安市美浜5-12-1", "P29_006": "3", "P29_007": "1", "P29_008": "00", "P29_009": null }, "geometry": { "type": "Point", "coordinates": [ 139.915005148615933, 35.655307602980116 ] } },
{ "type": "Feature", "properties": { "P29_001": "12227", "P29_002": "B112210005706", "P29_003": "16001", "P29_004": "浦安市立明海小学校", "P29_005": "千葉県浦安市明海2-13-4", "P29_006": "3", "P29_007": "1", "P29_008": "00", "P29_009": null }, "geometry": { "type": "Point", "coordinates": [ 139.917594827530166, 35.641024374123262 ] } },
{ "type": "Feature", "properties": { "P29_001": "12227", "P29_002": "B112210005715", "P29_003": "16001", "P29_004": "浦安市立高洲小学校", "P29_005": "千葉県浦安市高洲4-2-1", "P29_006": "3", "P29_007": "1", "P29_008": "00", "P29_009": null }, "geometry": { "type": "Point", "coordinates": [ 139.916964949625395, 35.635780504317118 ] } },
{ "type": "Feature", "properties": { "P29_001": "12227", "P29_002": "B112210005724", "P29_003": "16001", "P29_004": "浦安市立日の出南小学校", "P29_005": "千葉県浦安市日の出5-4-4", "P29_006": "3", "P29_007": "1", "P29_008": "00", "P29_009": null }, "geometry": { "type": "Point", "coordinates": [ 139.929151827612088, 35.642463160938426 ] } },
{ "type": "Feature", "properties": { "P29_001": "12227", "P29_002": "B112210005733", "P29_003": "16001", "P29_004": "浦安市立高洲北小学校", "P29_005": "千葉県浦安市高洲2-2-1", "P29_006": "3", "P29_007": "1", "P29_008": "00", "P29_009": null }, "geometry": { "type": "Point", "coordinates": [ 139.911172428882793, 35.639089401033836 ] } },
{ "type": "Feature", "properties": { "P29_001": "12227", "P29_002": "B112210005742", "P29_003": "16001", "P29_004": "浦安市立明海南小学校", "P29_005": "千葉県浦安市明海5-5-1", "P29_006": "3", "P29_007": "1", "P29_008": "00", "P29_009": null }, "geometry": { "type": "Point", "coordinates": [ 139.923921375894224, 35.638499723863191 ] } },
{ "type": "Feature", "properties": { "P29_001": "12227", "P29_002": "B112210005751", "P29_003": "16001", "P29_004": "浦安市立東野小学校", "P29_005": "千葉県浦安市東野1-7-3", "P29_006": "3", "P29_007": "1", "P29_008": "00", "P29_009": null }, "geometry": { "type": "Point", "coordinates": [ 139.901334692276521, 35.650945468796088 ] } },
{ "type": "Feature", "properties": { "P29_001": "12227", "P29_002": "B112210005760", "P29_003": "16001", "P29_004": "浦安市立入船小学校", "P29_005": "千葉県浦安市入船3-66-1", "P29_006": "3", "P29_007": "1", "P29_008": "00", "P29_009": null }, "geometry": { "type": "Point", "coordinates": [ 139.912691112509606, 35.645545827456253 ] } },
{ "type": "Feature", "properties": { "P29_001": "12208", "P29_002": "B112210005902", "P29_003": "16001", "P29_004": "野田市立二川小学校", "P29_005": "千葉県野田市桐ケ作464", "P29_006": "3", "P29_007": "1", "P29_008": "01", "P29_009": null }, "geometry": { "type": "Point", "coordinates": [ 139.809322568052806, 36.049257446648838 ] } },
{ "type": "Feature", "properties": { "P29_001": "12208", "P29_002": "B112210005911", "P29_003": "16001", "P29_004": "野田市立関宿小学校", "P29_005": "千葉県野田市関宿台町171", "P29_006": "3", "P29_007": "1", "P29_008": "00", "P29_009": null }, "geometry": { "type": "Point", "coordinates": [ 139.787172489320227, 36.086746222887662 ] } },
{ "type": "Feature", "properties": { "P29_001": "12208", "P29_002": "B112210005920", "P29_003": "16001", "P29_004": "野田市立関宿中央小学校", "P29_005": "千葉県野田市東宝珠花234-1", "P29_006": "3", "P29_007": "1", "P29_008": "00", "P29_009": null }, "geometry": { "type": "Point", "coordinates": [ 139.823083137769743, 36.025100349328163 ] } },
{ "type": "Feature", "properties": { "P29_001": "12217", "P29_002": "B112210005948", "P29_003": "16001", "P29_004": "柏市立風早北部小学校", "P29_005": "千葉県柏市大井1854-1", "P29_006": "3", "P29_007": "1", "P29_008": "00", "P29_009": null }, "geometry": { "type": "Point", "coordinates": [ 140.0077293391154, 35.844257512634442 ] } },
{ "type": "Feature", "properties": { "P29_001": "12217", "P29_002": "B112210005957", "P29_003": "16001", "P29_004": "柏市立手賀西小学校", "P29_005": "千葉県柏市泉541", "P29_006": "3", "P29_007": "1", "P29_008": "00", "P29_009": null }, "geometry": { "type": "Point", "coordinates": [ 140.045066257374231, 35.841206113684024 ] } },
{ "type": "Feature", "properties": { "P29_001": "12217", "P29_002": "B112210005975", "P29_003": "16001", "P29_004": "柏市立高柳小学校", "P29_005": "千葉県柏市高南台3-14-12", "P29_006": "3", "P29_007": "1", "P29_008": "00", "P29_009": null }, "geometry": { "type": "Point", "coordinates": [ 139.994840945476113, 35.806844644842705 ] } },
{ "type": "Feature", "properties": { "P29_001": "12217", "P29_002": "B112210005984", "P29_003": "16001", "P29_004": "柏市立大津ケ丘第一小学校", "P29_005": "千葉県柏市大津ケ丘3-50", "P29_006": "3", "P29_007": "1", "P29_008": "00", "P29_009": null }, "geometry": { "type": "Point", "coordinates": [ 139.99633003929614, 35.839648479845351 ] } },
{ "type": "Feature", "properties": { "P29_001": "12217", "P29_002": "B112210005993", "P29_003": "16001", "P29_004": "柏市立大津ケ丘第二小学校", "P29_005": "千葉県柏市大津ケ丘4-8", "P29_006": "3", "P29_007": "1", "P29_008": "00", "P29_009": null }, "geometry": { "type": "Point", "coordinates": [ 140.003043579234799, 35.836254105236662 ] } },
{ "type": "Feature", "properties": { "P29_001": "12217", "P29_002": "B112210006000", "P29_003": "16001", "P29_004": "柏市立高柳西小学校", "P29_005": "千葉県柏市しいの木台3-2", "P29_006": "3", "P29_007": "1", "P29_008": "00", "P29_009": null }, "geometry": { "type": "Point", "coordinates": [ 139.982330774702831, 35.802762048492802 ] } },
{ "type": "Feature", "properties": { "P29_001": "12232", "P29_002": "B112210006224", "P29_003": "16001", "P29_004": "白井市立白井第一小学校", "P29_005": "千葉県白井市根105", "P29_006": "3", "P29_007": "1", "P29_008": "00", "P29_009": null }, "geometry": { "type": "Point", "coordinates": [ 140.055572290432281, 35.794457130164297 ] } },
{ "type": "Feature", "properties": { "P29_001": "12232", "P29_002": "B112210006251", "P29_003": "16001", "P29_004": "白井市立大山口小学校", "P29_005": "千葉県白井市大山口2-2-1", "P29_006": "3", "P29_007": "1", "P29_008": "00", "P29_009": null }, "geometry": { "type": "Point", "coordinates": [ 140.024030159790811, 35.786786364658283 ] } },
{ "type": "Feature", "properties": { "P29_001": "12232", "P29_002": "B112210006260", "P29_003": "16001", "P29_004": "白井市立清水口小学校", "P29_005": "千葉県白井市清水口2-3-1", "P29_006": "3", "P29_007": "1", "P29_008": "00", "P29_009": null }, "geometry": { "type": "Point", "coordinates": [ 140.03419919652282, 35.789455123517321 ] } },
{ "type": "Feature", "properties": { "P29_001": "12232", "P29_002": "B112210006279", "P29_003": "16001", "P29_004": "白井市立南山小学校", "P29_005": "千葉県白井市南山1-7-1", "P29_006": "3", "P29_007": "1", "P29_008": "00", "P29_009": null }, "geometry": { "type": "Point", "coordinates": [ 140.059956009708543, 35.781569775453498 ] } },
{ "type": "Feature", "properties": { "P29_001": "12232", "P29_002": "B112210006288", "P29_003": "16001", "P29_004": "白井市立七次台小学校", "P29_005": "千葉県白井市七次台3-17-1", "P29_006": "3", "P29_007": "1", "P29_008": "00", "P29_009": null }, "geometry": { "type": "Point", "coordinates": [ 140.042682358601525, 35.798680685824273 ] } },
{ "type": "Feature", "properties": { "P29_001": "12232", "P29_002": "B112210006297", "P29_003": "16001", "P29_004": "白井市立池の上小学校", "P29_005": "千葉県白井市池の上2-21", "P29_006": "3", "P29_007": "1", "P29_008": "00", "P29_009": null }, "geometry": { "type": "Point", "coordinates": [ 140.048077675803029, 35.77779045323387 ] } },
{ "type": "Feature", "properties": { "P29_001": "12220", "P29_002": "B112210007704", "P29_003": "16001", "P29_004": "流山市立おおぐろの森小学校", "P29_005": "千葉県流山市大畔316-1", "P29_006": "3", "P29_007": "1", "P29_008": "00", "P29_009": null }, "geometry": { "type": "Point", "coordinates": [ 139.913502381265374, 35.873616023367575 ] } },
{ "type": "Feature", "properties": { "P29_001": "12203", "P29_002": "B112310000040", "P29_003": "16001", "P29_004": "国府台女子学院小学部", "P29_005": "千葉県市川市菅野3-24-1", "P29_006": "4", "P29_007": "1", "P29_008": "00", "P29_009": null }, "geometry": { "type": "Point", "coordinates": [ 139.915362616610082, 35.731846641426813 ] } },
{ "type": "Feature", "properties": { "P29_001": "12207", "P29_002": "B112310000077", "P29_003": "16001", "P29_004": "聖徳大学附属小学校", "P29_005": "千葉県松戸市秋山600", "P29_006": "4", "P29_007": "1", "P29_008": "01", "P29_009": null }, "geometry": { "type": "Point", "coordinates": [ 139.924612688693003, 35.763323337339997 ] } },
{ "type": "Feature", "properties": { "P29_001": "12220", "P29_002": "B112310000102", "P29_003": "16001", "P29_004": "暁星国際流山小学校", "P29_005": "千葉県流山市前平井175-2", "P29_006": "4", "P29_007": "1", "P29_008": "00", "P29_009": null }, "geometry": { "type": "Point", "coordinates": [ 139.915899831490748, 35.855129628433339 ] } },
{ "type": "Feature", "properties": { "P29_001": "12204", "P29_002": "B112210001522", "P29_003": "16001", "P29_004": "船橋市立湊町小学校", "P29_005": "千葉県船橋市湊町1-16-5", "P29_006": "3", "P29_007": "1", "P29_008": "00", "P29_009": null }, "geometry": { "type": "Point", "coordinates": [ 139.98630405832094, 35.692966093879228 ] } },
{ "type": "Feature", "properties": { "P29_001": "12204", "P29_002": "B112210001531", "P29_003": "16001", "P29_004": "船橋市立宮本小学校", "P29_005": "千葉県船橋市宮本7-10-1", "P29_006": "3", "P29_007": "1", "P29_008": "00", "P29_009": null }, "geometry": { "type": "Point", "coordinates": [ 139.996433418635945, 35.694039505977834 ] } },
{ "type": "Feature", "properties": { "P29_001": "12204", "P29_002": "B112210001540", "P29_003": "16001", "P29_004": "船橋市立峰台小学校", "P29_005": "千葉県船橋市宮本6-33-1", "P29_006": "3", "P29_007": "1", "P29_008": "00", "P29_009": null }, "geometry": { "type": "Point", "coordinates": [ 139.997949213428825, 35.699321181244144 ] } },
{ "type": "Feature", "properties": { "P29_001": "12204", "P29_002": "B112210001648", "P29_003": "16001", "P29_004": "船橋市立前原小学校", "P29_005": "千葉県船橋市前原西2-28-1", "P29_006": "3", "P29_007": "1", "P29_008": "00", "P29_009": null }, "geometry": { "type": "Point", "coordinates": [ 140.024632718990858, 35.695379307394781 ] } },
{ "type": "Feature", "properties": { "P29_001": "12204", "P29_002": "B112210001666", "P29_003": "16001", "P29_004": "船橋市立薬円台小学校", "P29_005": "千葉県船橋市薬円台4-5-1", "P29_006": "3", "P29_007": "1", "P29_008": "00", "P29_009": null }, "geometry": { "type": "Point", "coordinates": [ 140.045226317804662, 35.713183109407773 ] } },
{ "type": "Feature", "properties": { "P29_001": "12204", "P29_002": "B112210001684", "P29_003": "16001", "P29_004": "船橋市立豊富小学校", "P29_005": "千葉県船橋市豊富町1", "P29_006": "3", "P29_007": "1", "P29_008": "00", "P29_009": null }, "geometry": { "type": "Point", "coordinates": [ 140.066360660705413, 35.76111140825428 ] } },
{ "type": "Feature", "properties": { "P29_001": "12204", "P29_002": "B112210001693", "P29_003": "16001", "P29_004": "船橋市立中野木小学校", "P29_005": "千葉県船橋市中野木2-19-1", "P29_006": "3", "P29_007": "1", "P29_008": "00", "P29_009": null }, "geometry": { "type": "Point", "coordinates": [ 140.019975326154366, 35.70275843518435 ] } },
{ "type": "Feature", "properties": { "P29_001": "12204", "P29_002": "B112210001700", "P29_003": "16001", "P29_004": "船橋市立高根台第二小学校", "P29_005": "千葉県船橋市高根台5-2-1", "P29_006": "3", "P29_007": "1", "P29_008": "00", "P29_009": null }, "geometry": { "type": "Point", "coordinates": [ 140.041500391416633, 35.729379361076234 ] } },
{ "type": "Feature", "properties": { "P29_001": "12204", "P29_002": "B112210001719", "P29_003": "16001", "P29_004": "船橋市立習志野台第一小学校", "P29_005": "千葉県船橋市習志野台2-51-1", "P29_006": "3", "P29_007": "1", "P29_008": "00", "P29_009": null }, "geometry": { "type": "Point", "coordinates": [ 140.046296177964081, 35.724584720657901 ] } },
{ "type": "Feature", "properties": { "P29_001": "12204", "P29_002": "B112210001737", "P29_003": "16001", "P29_004": "船橋市立高郷小学校", "P29_005": "千葉県船橋市西習志野1-47-1", "P29_006": "3", "P29_007": "1", "P29_008": "00", "P29_009": null }, "geometry": { "type": "Point", "coordinates": [ 140.035193459893293, 35.722126113175797 ] } },
{ "type": "Feature", "properties": { "P29_001": "12204", "P29_002": "B112210001764", "P29_003": "16001", "P29_004": "船橋市立飯山満小学校", "P29_005": "千葉県船橋市飯山満町3-1394-3", "P29_006": "3", "P29_007": "1", "P29_008": "00", "P29_009": null }, "geometry": { "type": "Point", "coordinates": [ 140.02926484603276, 35.710959285573587 ] } },
{ "type": "Feature", "properties": { "P29_001": "12204", "P29_002": "B112210001773", "P29_003": "16001", "P29_004": "船橋市立若松小学校", "P29_005": "千葉県船橋市若松3-2-4", "P29_006": "3", "P29_007": "1", "P29_008": "00", "P29_009": null }, "geometry": { "type": "Point", "coordinates": [ 139.995030569362655, 35.67645232679498 ] } },
{ "type": "Feature", "properties": { "P29_001": "12204", "P29_002": "B112210001782", "P29_003": "16001", "P29_004": "船橋市立習志野台第二小学校", "P29_005": "千葉県船橋市習志野台5-43-1", "P29_006": "3", "P29_007": "1", "P29_008": "00", "P29_009": null }, "geometry": { "type": "Point", "coordinates": [ 140.055049072731947, 35.719551943735276 ] } },
{ "type": "Feature", "properties": { "P29_001": "12204", "P29_002": "B112210001808", "P29_003": "16001", "P29_004": "船橋市立大穴小学校", "P29_005": "千葉県船橋市大穴南2-7-1", "P29_006": "3", "P29_007": "1", "P29_008": "00", "P29_009": null }, "geometry": { "type": "Point", "coordinates": [ 140.034444963565335, 35.74058450751297 ] } },
{ "type": "Feature", "properties": { "P29_001": "12204", "P29_002": "B112210001817", "P29_003": "16001", "P29_004": "船橋市立高根東小学校", "P29_005": "千葉県船橋市新高根1-17-1", "P29_006": "3", "P29_007": "1", "P29_008": "00", "P29_009": null }, "geometry": { "type": "Point", "coordinates": [ 140.022169070859178, 35.725160905975663 ] } },
{ "type": "Feature", "properties": { "P29_001": "12204", "P29_002": "B112210001826", "P29_003": "16001", "P29_004": "船橋市立高根台第三小学校", "P29_005": "千葉県船橋市高根台1-4-1", "P29_006": "3", "P29_007": "1", "P29_008": "00", "P29_009": null }, "geometry": { "type": "Point", "coordinates": [ 140.032475321985942, 35.730146358075629 ] } },
{ "type": "Feature", "properties": { "P29_001": "12204", "P29_002": "B112210001853", "P29_003": "16001", "P29_004": "船橋市立薬円台南小学校", "P29_005": "千葉県船橋市薬円台2-18-1", "P29_006": "3", "P29_007": "1", "P29_008": "00", "P29_009": null }, "geometry": { "type": "Point", "coordinates": [ 140.04616951027441, 35.707372737567795 ] } },
{ "type": "Feature", "properties": { "P29_001": "12204", "P29_002": "B112210001933", "P29_003": "16001", "P29_004": "船橋市立大穴北小学校", "P29_005": "千葉県船橋市大穴北1-7-1", "P29_006": "3", "P29_007": "1", "P29_008": "00", "P29_009": null }, "geometry": { "type": "Point", "coordinates": [ 140.039055567854263, 35.746723654275456 ] } },
{ "type": "Feature", "properties": { "P29_001": "12204", "P29_002": "B112210001942", "P29_003": "16001", "P29_004": "船橋市立芝山東小学校", "P29_005": "千葉県船橋市芝山3-19-1", "P29_006": "3", "P29_007": "1", "P29_008": "00", "P29_009": null }, "geometry": { "type": "Point", "coordinates": [ 140.023934631012708, 35.716620410925053 ] } },
{ "type": "Feature", "properties": { "P29_001": "12204", "P29_002": "B112210001951", "P29_003": "16001", "P29_004": "船橋市立金杉小学校", "P29_005": "千葉県船橋市金杉8-10-1", "P29_006": "3", "P29_007": "1", "P29_008": "00", "P29_009": null }, "geometry": { "type": "Point", "coordinates": [ 140.016024056391728, 35.73140443933103 ] } },
{ "type": "Feature", "properties": { "P29_001": "12204", "P29_002": "B112210001979", "P29_003": "16001", "P29_004": "船橋市立芝山西小学校", "P29_005": "千葉県船橋市芝山2-4-1", "P29_006": "3", "P29_007": "1", "P29_008": "00", "P29_009": null }, "geometry": { "type": "Point", "coordinates": [ 140.015606265259294, 35.718671317849413 ] } },
{ "type": "Feature", "properties": { "P29_001": "12204", "P29_002": "B112210002004", "P29_003": "16001", "P29_004": "船橋市立田喜野井小学校", "P29_005": "千葉県船橋市田喜野井4-33-1", "P29_006": "3", "P29_007": "1", "P29_008": "00", "P29_009": null }, "geometry": { "type": "Point", "coordinates": [ 140.042980507935681, 35.701918553206305 ] } },
{ "type": "Feature", "properties": { "P29_001": "12204", "P29_002": "B112210002040", "P29_003": "16001", "P29_004": "船橋市立市場小学校", "P29_005": "千葉県船橋市市場1-5-1", "P29_006": "3", "P29_007": "1", "P29_008": "00", "P29_009": null }, "geometry": { "type": "Point", "coordinates": [ 139.992563779722929, 35.702103971178566 ] } },
{ "type": "Feature", "properties": { "P29_001": "12216", "P29_002": "B112210003815", "P29_003": "16001", "P29_004": "習志野市立谷津小学校", "P29_005": "千葉県習志野市谷津5-1-32", "P29_006": "3", "P29_007": "1", "P29_008": "00", "P29_009": null }, "geometry": { "type": "Point", "coordinates": [ 140.012111560565927, 35.686728261362418 ] } },
{ "type": "Feature", "properties": { "P29_001": "12216", "P29_002": "B112210003851", "P29_003": "16001", "P29_004": "習志野市立袖ケ浦西小学校", "P29_005": "千葉県習志野市袖ヶ浦1-1-1", "P29_006": "3", "P29_007": "1", "P29_008": "01", "P29_009": null }, "geometry": { "type": "Point", "coordinates": [ 140.016575434727997, 35.678152557546902 ] } },
{ "type": "Feature", "properties": { "P29_001": "12216", "P29_002": "B112210003897", "P29_003": "16001", "P29_004": "習志野市立藤崎小学校", "P29_005": "千葉県習志野市藤崎4-12-1", "P29_006": "3", "P29_007": "1", "P29_008": "00", "P29_009": null }, "geometry": { "type": "Point", "coordinates": [ 140.038814266492096, 35.693634379439445 ] } },
{ "type": "Feature", "properties": { "P29_001": "12216", "P29_002": "B112210003913", "P29_003": "16001", "P29_004": "習志野市立向山小学校", "P29_005": "千葉県習志野市谷津2-16-32", "P29_006": "3", "P29_007": "1", "P29_008": "00", "P29_009": null }, "geometry": { "type": "Point", "coordinates": [ 140.013901923159921, 35.682593959732174 ] } },
{ "type": "Feature", "properties": { "P29_001": "12216", "P29_002": "B112210003922", "P29_003": "16001", "P29_004": "習志野市立秋津小学校", "P29_005": "千葉県習志野市秋津3-1-1", "P29_006": "3", "P29_007": "1", "P29_008": "00", "P29_009": null }, "geometry": { "type": "Point", "coordinates": [ 140.014407875511438, 35.67209898224263 ] } },
{ "type": "Feature", "properties": { "P29_001": "12221", "P29_002": "B112210004903", "P29_003": "16001", "P29_004": "八千代市立睦小学校", "P29_005": "千葉県八千代市桑納176", "P29_006": "3", "P29_007": "1", "P29_008": "00", "P29_009": null }, "geometry": { "type": "Point", "coordinates": [ 140.0977328013104, 35.757465669266267 ] } },
{ "type": "Feature", "properties": { "P29_001": "12221", "P29_002": "B112210005065", "P29_003": "16001", "P29_004": "八千代市立新木戸小学校", "P29_005": "千葉県八千代市緑が丘2-4", "P29_006": "3", "P29_007": "1", "P29_008": "00", "P29_009": null }, "geometry": { "type": "Point", "coordinates": [ 140.07170000894908, 35.726376505786192 ] } },
{ "type": "Feature", "properties": { "P29_001": "12221", "P29_002": "B112210005092", "P29_003": "16001", "P29_004": "八千代市立みどりが丘小学校", "P29_005": "千葉県八千代市緑が丘西3-14", "P29_006": "3", "P29_007": "1", "P29_008": "00", "P29_009": null }, "geometry": { "type": "Point", "coordinates": [ 140.072020462357102, 35.73811720673082 ] } },
{ "type": "Feature", "properties": { "P29_001": "12232", "P29_002": "B112210006304", "P29_003": "16001", "P29_004": "白井市立桜台小学校", "P29_005": "千葉県白井市桜台3-28", "P29_006": "3", "P29_007": "1", "P29_008": "00", "P29_009": null }, "geometry": { "type": "Point", "coordinates": [ 140.099580608086995, 35.801787108636638 ] } },
{ "type": "Feature", "properties": { "P29_001": "12231", "P29_002": "B112210006322", "P29_003": "16001", "P29_004": "印西市立大森小学校", "P29_005": "千葉県印西市大森3350", "P29_006": "3", "P29_007": "1", "P29_008": "00", "P29_009": null }, "geometry": { "type": "Point", "coordinates": [ 140.140767285725701, 35.836441487427656 ] } },
{ "type": "Feature", "properties": { "P29_001": "12231", "P29_002": "B112210006331", "P29_003": "16001", "P29_004": "印西市立船穂小学校", "P29_005": "千葉県印西市船尾1292", "P29_006": "3", "P29_007": "1", "P29_008": "00", "P29_009": null }, "geometry": { "type": "Point", "coordinates": [ 140.128953481935952, 35.783665239301229 ] } },
{ "type": "Feature", "properties": { "P29_001": "12231", "P29_002": "B112210006340", "P29_003": "16001", "P29_004": "印西市立小林小学校", "P29_005": "千葉県印西市小林2448-2", "P29_006": "3", "P29_007": "1", "P29_008": "00", "P29_009": null }, "geometry": { "type": "Point", "coordinates": [ 140.187438002461391, 35.831235943450238 ] } },
{ "type": "Feature", "properties": { "P29_001": "12231", "P29_002": "B112210006359", "P29_003": "16001", "P29_004": "印西市立内野小学校", "P29_005": "千葉県印西市内野1-1", "P29_006": "3", "P29_007": "1", "P29_008": "00", "P29_009": null }, "geometry": { "type": "Point", "coordinates": [ 140.125295438012841, 35.79798119122249 ] } },
{ "type": "Feature", "properties": { "P29_001": "12231", "P29_002": "B112210006368", "P29_003": "16001", "P29_004": "印西市立木刈小学校", "P29_005": "千葉県印西市木刈2-6", "P29_006": "3", "P29_007": "1", "P29_008": "00", "P29_009": null }, "geometry": { "type": "Point", "coordinates": [ 140.106742824382707, 35.810526250949607 ] } },
{ "type": "Feature", "properties": { "P29_001": "12231", "P29_002": "B112210006377", "P29_003": "16001", "P29_004": "印西市立原山小学校", "P29_005": "千葉県印西市原山3-4", "P29_006": "3", "P29_007": "1", "P29_008": "00", "P29_009": null }, "geometry": { "type": "Point", "coordinates": [ 140.130493515971892, 35.799717456875399 ] } },
{ "type": "Feature", "properties": { "P29_001": "12231", "P29_002": "B112210006386", "P29_003": "16001", "P29_004": "印西市立小林北小学校", "P29_005": "千葉県印西市小林北5-1-5", "P29_006": "3", "P29_007": "1", "P29_008": "00", "P29_009": null }, "geometry": { "type": "Point", "coordinates": [ 140.198590864032582, 35.831573179538552 ] } },
{ "type": "Feature", "properties": { "P29_001": "12231", "P29_002": "B112210006402", "P29_003": "16001", "P29_004": "印西市立高花小学校", "P29_005": "千葉県印西市高花2-4", "P29_006": "3", "P29_007": "1", "P29_008": "00", "P29_009": null }, "geometry": { "type": "Point", "coordinates": [ 140.138625919430524, 35.797204932235374 ] } },
{ "type": "Feature", "properties": { "P29_001": "12231", "P29_002": "B112210006411", "P29_003": "16001", "P29_004": "印西市立西の原小学校", "P29_005": "千葉県印西市西の原2-7", "P29_006": "3", "P29_007": "1", "P29_008": "00", "P29_009": null }, "geometry": { "type": "Point", "coordinates": [ 140.152313833362996, 35.800328342100691 ] } },
{ "type": "Feature", "properties": { "P29_001": "12231", "P29_002": "B112210006420", "P29_003": "16001", "P29_004": "印西市立原小学校", "P29_005": "千葉県印西市原3-5", "P29_006": "3", "P29_007": "1", "P29_008": "00", "P29_009": null }, "geometry": { "type": "Point", "coordinates": [ 140.163623745788527, 35.799574941476877 ] } },
{ "type": "Feature", "properties": { "P29_001": "12231", "P29_002": "B112210006439", "P29_003": "16001", "P29_004": "印西市立滝野小学校", "P29_005": "千葉県印西市滝野5-1", "P29_006": "3", "P29_007": "1", "P29_008": "00", "P29_009": null }, "geometry": { "type": "Point", "coordinates": [ 140.175828169431725, 35.809041260523536 ] } },
{ "type": "Feature", "properties": { "P29_001": "12231", "P29_002": "B112210006448", "P29_003": "16001", "P29_004": "印西市立牧の原小学校", "P29_005": "千葉県印西市牧の原3-1-1", "P29_006": "3", "P29_007": "1", "P29_008": "00", "P29_009": null }, "geometry": { "type": "Point", "coordinates": [ 140.16061509858568, 35.812218348407526 ] } },
{ "type": "Feature", "properties": { "P29_001": "12329", "P29_002": "B112210006475", "P29_003": "16001", "P29_004": "栄町立布鎌小学校", "P29_005": "千葉県印旛郡栄町請方157-1", "P29_006": "3", "P29_007": "1", "P29_008": "00", "P29_009": null }, "geometry": { "type": "Point", "coordinates": [ 140.19664173265366, 35.84914029970863 ] } },
{ "type": "Feature", "properties": { "P29_001": "12102", "P29_002": "B112210000104", "P29_003": "16001", "P29_004": "千葉市立検見川小学校", "P29_005": "千葉県千葉市花見川区検見川町3-322-23", "P29_006": "3", "P29_007": "1", "P29_008": "00", "P29_009": null }, "geometry": { "type": "Point", "coordinates": [ 140.068476126222919, 35.648972102134771 ] } },
{ "type": "Feature", "properties": { "P29_001": "12102", "P29_002": "B112210000122", "P29_003": "16001", "P29_004": "千葉市立畑小学校", "P29_005": "千葉県千葉市花見川区畑町1385-1", "P29_006": "3", "P29_007": "1", "P29_008": "00", "P29_009": null }, "geometry": { "type": "Point", "coordinates": [ 140.078633336567748, 35.665422661210336 ] } },
{ "type": "Feature", "properties": { "P29_001": "12102", "P29_002": "B112210000211", "P29_003": "16001", "P29_004": "千葉市立花園小学校", "P29_005": "千葉県千葉市花見川区花園4-1-2", "P29_006": "3", "P29_007": "1", "P29_008": "00", "P29_009": null }, "geometry": { "type": "Point", "coordinates": [ 140.073730237428094, 35.656226468102581 ] } },
{ "type": "Feature", "properties": { "P29_001": "12102", "P29_002": "B112210000220", "P29_003": "16001", "P29_004": "千葉市立犢橋小学校", "P29_005": "千葉県千葉市花見川区犢橋町774", "P29_006": "3", "P29_007": "1", "P29_008": "00", "P29_009": null }, "geometry": { "type": "Point", "coordinates": [ 140.10819854147266, 35.67342514659299 ] } },
{ "type": "Feature", "properties": { "P29_001": "12102", "P29_002": "B112210000239", "P29_003": "16001", "P29_004": "千葉市立横戸小学校", "P29_005": "千葉県千葉市花見川区横戸町1005", "P29_006": "3", "P29_007": "1", "P29_008": "00", "P29_009": null }, "geometry": { "type": "Point", "coordinates": [ 140.120449440189361, 35.69622460486827 ] } },
{ "type": "Feature", "properties": { "P29_001": "12102", "P29_002": "B112210000248", "P29_003": "16001", "P29_004": "千葉市立幕張小学校", "P29_005": "千葉県千葉市花見川区幕張町4-781", "P29_006": "3", "P29_007": "1", "P29_008": "00", "P29_009": null }, "geometry": { "type": "Point", "coordinates": [ 140.053735482221356, 35.661864301576912 ] } },
{ "type": "Feature", "properties": { "P29_001": "12102", "P29_002": "B112210000257", "P29_003": "16001", "P29_004": "千葉市立長作小学校", "P29_005": "千葉県千葉市花見川区長作町1273", "P29_006": "3", "P29_007": "1", "P29_008": "00", "P29_009": null }, "geometry": { "type": "Point", "coordinates": [ 140.074159963219017, 35.684341478587214 ] } },
{ "type": "Feature", "properties": { "P29_001": "12106", "P29_002": "B112210000346", "P29_003": "16001", "P29_004": "千葉市立海浜打瀬小学校", "P29_005": "千葉県千葉市美浜区打瀬3-3-1", "P29_006": "3", "P29_007": "1", "P29_008": "00", "P29_009": null }, "geometry": { "type": "Point", "coordinates": [ 140.041669324140685, 35.64036486684379 ] } },
{ "type": "Feature", "properties": { "P29_001": "12103", "P29_002": "B112210000382", "P29_003": "16001", "P29_004": "千葉市立山王小学校", "P29_005": "千葉県千葉市稲毛区山王町121", "P29_006": "3", "P29_007": "1", "P29_008": "00", "P29_009": null }, "geometry": { "type": "Point", "coordinates": [ 140.142853593259076, 35.665375411300396 ] } },
{ "type": "Feature", "properties": { "P29_001": "12102", "P29_002": "B112210000462", "P29_003": "16001", "P29_004": "千葉市立幕張東小学校", "P29_005": "千葉県千葉市花見川区幕張町4-681", "P29_006": "3", "P29_007": "1", "P29_008": "00", "P29_009": null }, "geometry": { "type": "Point", "coordinates": [ 140.0577912304135, 35.665503680135032 ] } },
{ "type": "Feature", "properties": { "P29_001": "12103", "P29_002": "B112210000505", "P29_003": "16001", "P29_004": "千葉市立宮野木小学校", "P29_005": "千葉県千葉市稲毛区宮野木町2100", "P29_006": "3", "P29_007": "1", "P29_008": "00", "P29_009": null }, "geometry": { "type": "Point", "coordinates": [ 140.109500434526808, 35.659325044943962 ] } },
{ "type": "Feature", "properties": { "P29_001": "12102", "P29_002": "B112210000532", "P29_003": "16001", "P29_004": "千葉市立こてはし台小学校", "P29_005": "千葉県千葉市花見川区こてはし台2-28-1", "P29_006": "3", "P29_007": "1", "P29_008": "00", "P29_009": null }, "geometry": { "type": "Point", "coordinates": [ 140.122648911345152, 35.687932799050365 ] } },
{ "type": "Feature", "properties": { "P29_001": "12102", "P29_002": "B112210000550", "P29_003": "16001", "P29_004": "千葉市立西小中台小学校", "P29_005": "千葉県千葉市花見川区西小中台3-1", "P29_006": "3", "P29_007": "1", "P29_008": "00", "P29_009": null }, "geometry": { "type": "Point", "coordinates": [ 140.086473463037521, 35.650976293430176 ] } },
{ "type": "Feature", "properties": { "P29_001": "12102", "P29_002": "B112210000569", "P29_003": "16001", "P29_004": "千葉市立さつきが丘東小学校", "P29_005": "千葉県千葉市花見川区さつきが丘1-7", "P29_006": "3", "P29_007": "1", "P29_008": "00", "P29_009": null }, "geometry": { "type": "Point", "coordinates": [ 140.099441340508463, 35.663930280616242 ] } },
{ "type": "Feature", "properties": { "P29_001": "12102", "P29_002": "B112210000578", "P29_003": "16001", "P29_004": "千葉市立さつきが丘西小学校", "P29_005": "千葉県千葉市花見川区さつきが丘2-14", "P29_006": "3", "P29_007": "1", "P29_008": "00", "P29_009": null }, "geometry": { "type": "Point", "coordinates": [ 140.091299335620221, 35.667527908067143 ] } },
{ "type": "Feature", "properties": { "P29_001": "12106", "P29_002": "B112210000649", "P29_003": "16001", "P29_004": "千葉市立幕張西小学校", "P29_005": "千葉県千葉市美浜区幕張西2-8-1", "P29_006": "3", "P29_007": "1", "P29_008": "00", "P29_009": null }, "geometry": { "type": "Point", "coordinates": [ 140.037910400001493, 35.664807282016859 ] } },
{ "type": "Feature", "properties": { "P29_001": "12102", "P29_002": "B112210000747", "P29_003": "16001", "P29_004": "千葉市立作新小学校", "P29_005": "千葉県千葉市花見川区作新台7-2-1", "P29_006": "3", "P29_007": "1", "P29_008": "00", "P29_009": null }, "geometry": { "type": "Point", "coordinates": [ 140.084414035783794, 35.68775784720453 ] } },
{ "type": "Feature", "properties": { "P29_001": "12102", "P29_002": "B112210000792", "P29_003": "16001", "P29_004": "千葉市立柏井小学校", "P29_005": "千葉県千葉市花見川区柏井4-48-1", "P29_006": "3", "P29_007": "1", "P29_008": "00", "P29_009": null }, "geometry": { "type": "Point", "coordinates": [ 140.106465332096207, 35.708871931359397 ] } },
{ "type": "Feature", "properties": { "P29_001": "12102", "P29_002": "B112210000827", "P29_003": "16001", "P29_004": "千葉市立幕張南小学校", "P29_005": "千葉県千葉市花見川区幕張町3-7718", "P29_006": "3", "P29_007": "1", "P29_008": "00", "P29_009": null }, "geometry": { "type": "Point", "coordinates": [ 140.047154531459654, 35.656929885973419 ] } },
{ "type": "Feature", "properties": { "P29_001": "12102", "P29_002": "B112210000845", "P29_003": "16001", "P29_004": "千葉市立上の台小学校", "P29_005": "千葉県千葉市花見川区幕張本郷4-8-1", "P29_006": "3", "P29_007": "1", "P29_008": "00", "P29_009": null }, "geometry": { "type": "Point", "coordinates": [ 140.050540206454087, 35.668160357291413 ] } },
{ "type": "Feature", "properties": { "P29_001": "12102", "P29_002": "B112210000881", "P29_003": "16001", "P29_004": "千葉市立朝日ケ丘小学校", "P29_005": "千葉県千葉市花見川区朝日ケ丘町2-6-1", "P29_006": "3", "P29_007": "1", "P29_008": "00", "P29_009": null }, "geometry": { "type": "Point", "coordinates": [ 140.085411766368338, 35.659184409829962 ] } },
{ "type": "Feature", "properties": { "P29_001": "12102", "P29_002": "B112210000925", "P29_003": "16001", "P29_004": "千葉市立西の谷小学校", "P29_005": "千葉県千葉市花見川区幕張本郷3-22-6", "P29_006": "3", "P29_007": "1", "P29_008": "00", "P29_009": null }, "geometry": { "type": "Point", "coordinates": [ 140.045981750422271, 35.666184497626638 ] } },
{ "type": "Feature", "properties": { "P29_001": "12106", "P29_002": "B112210000961", "P29_003": "16001", "P29_004": "千葉市立打瀬小学校", "P29_005": "千葉県千葉市美浜区打瀬1-3-1", "P29_006": "3", "P29_007": "1", "P29_008": "00", "P29_009": null }, "geometry": { "type": "Point", "coordinates": [ 140.047379604744719, 35.642110703413316 ] } },
{ "type": "Feature", "properties": { "P29_001": "12102", "P29_002": "B112210001005", "P29_003": "16001", "P29_004": "千葉市立瑞穂小学校", "P29_005": "千葉県千葉市花見川区瑞穂1-2", "P29_006": "3", "P29_007": "1", "P29_008": "00", "P29_009": null }, "geometry": { "type": "Point", "coordinates": [ 140.068994087265082, 35.664170276284779 ] } },
{ "type": "Feature", "properties": { "P29_001": "12202", "P29_002": "B112210001014", "P29_003": "16001", "P29_004": "銚子市立清水小学校", "P29_005": "千葉県銚子市清水町2894", "P29_006": "3", "P29_007": "1", "P29_008": "00", "P29_009": null }, "geometry": { "type": "Point", "coordinates": [ 140.84797552520746, 35.731421319301809 ] } },
{ "type": "Feature", "properties": { "P29_001": "12202", "P29_002": "B112210001041", "P29_003": "16001", "P29_004": "銚子市立本城小学校", "P29_005": "千葉県銚子市本城町4-226", "P29_006": "3", "P29_007": "1", "P29_008": "00", "P29_009": null }, "geometry": { "type": "Point", "coordinates": [ 140.811755847310621, 35.733824437413404 ] } },
{ "type": "Feature", "properties": { "P29_001": "12202", "P29_002": "B112210001050", "P29_003": "16001", "P29_004": "銚子市立春日小学校", "P29_005": "千葉県銚子市春日町287", "P29_006": "3", "P29_007": "1", "P29_008": "00", "P29_009": null }, "geometry": { "type": "Point", "coordinates": [ 140.822483532735646, 35.725170240399152 ] } },
{ "type": "Feature", "properties": { "P29_001": "12202", "P29_002": "B112210001078", "P29_003": "16001", "P29_004": "銚子市立海上小学校", "P29_005": "千葉県銚子市垣根町1-370", "P29_006": "3", "P29_007": "1", "P29_008": "00", "P29_009": null }, "geometry": { "type": "Point", "coordinates": [ 140.79264252008582, 35.746575633824889 ] } },
{ "type": "Feature", "properties": { "P29_001": "12202", "P29_002": "B112210001096", "P29_003": "16001", "P29_004": "銚子市立椎柴小学校", "P29_005": "千葉県銚子市小船木町1-385", "P29_006": "3", "P29_007": "1", "P29_008": "00", "P29_009": null }, "geometry": { "type": "Point", "coordinates": [ 140.751826752929048, 35.770730573055893 ] } },
{ "type": "Feature", "properties": { "P29_001": "12202", "P29_002": "B112210001121", "P29_003": "16001", "P29_004": "銚子市立双葉小学校", "P29_005": "千葉県銚子市東芝町8-5", "P29_006": "3", "P29_007": "1", "P29_008": "00", "P29_009": null }, "geometry": { "type": "Point", "coordinates": [ 140.831089051055301, 35.729710856886015 ] } },
{ "type": "Feature", "properties": { "P29_001": "12204", "P29_002": "B112210001675", "P29_003": "16001", "P29_004": "船橋市立三山小学校", "P29_005": "千葉県船橋市三山2-42-1", "P29_006": "3", "P29_007": "1", "P29_008": "00", "P29_009": null }, "geometry": { "type": "Point", "coordinates": [ 140.050496756233599, 35.696053493386536 ] } },
{ "type": "Feature", "properties": { "P29_001": "12204", "P29_002": "B112210002013", "P29_003": "16001", "P29_004": "船橋市立三山東小学校", "P29_005": "千葉県船橋市三山6-32-1", "P29_006": "3", "P29_007": "1", "P29_008": "00", "P29_009": null }, "geometry": { "type": "Point", "coordinates": [ 140.056565318569398, 35.700380783548795 ] } },
{ "type": "Feature", "properties": { "P29_001": "12236", "P29_002": "B112210002923", "P29_003": "16001", "P29_004": "香取市立佐原小学校", "P29_005": "千葉県香取市佐原イ1870", "P29_006": "3", "P29_007": "1", "P29_008": "00", "P29_009": null }, "geometry": { "type": "Point", "coordinates": [ 140.498370111540282, 35.886389525028022 ] } },
{ "type": "Feature", "properties": { "P29_001": "12236", "P29_002": "B112210002932", "P29_003": "16001", "P29_004": "香取市立北佐原小学校", "P29_005": "千葉県香取市佐原ニ1676", "P29_006": "3", "P29_007": "1", "P29_008": "00", "P29_009": null }, "geometry": { "type": "Point", "coordinates": [ 140.497782272662818, 35.91287612373835 ] } },
{ "type": "Feature", "properties": { "P29_001": "12236", "P29_002": "B112210002950", "P29_003": "16001", "P29_004": "香取市立竟成小学校", "P29_005": "千葉県香取市観音481", "P29_006": "3", "P29_007": "1", "P29_008": "00", "P29_009": null }, "geometry": { "type": "Point", "coordinates": [ 140.481894173939622, 35.869574989726317 ] } },
{ "type": "Feature", "properties": { "P29_001": "12236", "P29_002": "B112210002969", "P29_003": "16001", "P29_004": "香取市立香取小学校", "P29_005": "千葉県香取市香取1875", "P29_006": "3", "P29_007": "1", "P29_008": "00", "P29_009": null }, "geometry": { "type": "Point", "coordinates": [ 140.527311613916368, 35.882296855690278 ] } },
{ "type": "Feature", "properties": { "P29_001": "12211", "P29_002": "B112210003156", "P29_003": "16001", "P29_004": "成田市立遠山小学校", "P29_005": "千葉県成田市小菅1411", "P29_006": "3", "P29_007": "1", "P29_008": "00", "P29_009": null }, "geometry": { "type": "Point", "coordinates": [ 140.355031614689949, 35.771410553396692 ] } },
{ "type": "Feature", "properties": { "P29_001": "12211", "P29_002": "B112210003165", "P29_003": "16001", "P29_004": "成田市立三里塚小学校", "P29_005": "千葉県成田市本三里塚153-1", "P29_006": "3", "P29_007": "1", "P29_008": "01", "P29_009": null }, "geometry": { "type": "Point", "coordinates": [ 140.372625348318735, 35.752769016619482 ] } },
{ "type": "Feature", "properties": { "P29_001": "12211", "P29_002": "B112210003183", "P29_003": "16001", "P29_004": "成田市立八生小学校", "P29_005": "千葉県成田市松崎1468", "P29_006": "3", "P29_007": "1", "P29_008": "00", "P29_009": null }, "geometry": { "type": "Point", "coordinates": [ 140.291808004498762, 35.804740385695872 ] } },
{ "type": "Feature", "properties": { "P29_001": "12211", "P29_002": "B112210003192", "P29_003": "16001", "P29_004": "成田市立公津小学校", "P29_005": "千葉県成田市台方851", "P29_006": "3", "P29_007": "1", "P29_008": "00", "P29_009": null }, "geometry": { "type": "Point", "coordinates": [ 140.283096111823596, 35.766910056395098 ] } },
{ "type": "Feature", "properties": { "P29_001": "12211", "P29_002": "B112210003209", "P29_003": "16001", "P29_004": "成田市立向台小学校", "P29_005": "千葉県成田市中台3-6", "P29_006": "3", "P29_007": "1", "P29_008": "00", "P29_009": null }, "geometry": { "type": "Point", "coordinates": [ 140.300621293766795, 35.781574460602641 ] } },
{ "type": "Feature", "properties": { "P29_001": "12211", "P29_002": "B112210003218", "P29_003": "16001", "P29_004": "成田市立加良部小学校", "P29_005": "千葉県成田市加良部6-8", "P29_006": "3", "P29_007": "1", "P29_008": "00", "P29_009": null }, "geometry": { "type": "Point", "coordinates": [ 140.295472518040697, 35.77558284481912 ] } },
{ "type": "Feature", "properties": { "P29_001": "12211", "P29_002": "B112210003227", "P29_003": "16001", "P29_004": "成田市立橋賀台小学校", "P29_005": "千葉県成田市橋賀台3-4", "P29_006": "3", "P29_007": "1", "P29_008": "00", "P29_009": null }, "geometry": { "type": "Point", "coordinates": [ 140.28990230640207, 35.77329563308048 ] } },
{ "type": "Feature", "properties": { "P29_001": "12211", "P29_002": "B112210003236", "P29_003": "16001", "P29_004": "成田市立新山小学校", "P29_005": "千葉県成田市加良部4-23", "P29_006": "3", "P29_007": "1", "P29_008": "00", "P29_009": null }, "geometry": { "type": "Point", "coordinates": [ 140.300462970815829, 35.773703619967364 ] } },
{ "type": "Feature", "properties": { "P29_001": "12211", "P29_002": "B112210003254", "P29_003": "16001", "P29_004": "成田市立玉造小学校", "P29_005": "千葉県成田市玉造3-4", "P29_006": "3", "P29_007": "1", "P29_008": "00", "P29_009": null }, "geometry": { "type": "Point", "coordinates": [ 140.28645510767538, 35.792455012887672 ] } },
{ "type": "Feature", "properties": { "P29_001": "12211", "P29_002": "B112210003263", "P29_003": "16001", "P29_004": "成田市立中台小学校", "P29_005": "千葉県成田市中台1-4", "P29_006": "3", "P29_007": "1", "P29_008": "00", "P29_009": null }, "geometry": { "type": "Point", "coordinates": [ 140.291029148514866, 35.784620035244416 ] } },
{ "type": "Feature", "properties": { "P29_001": "12211", "P29_002": "B112210003272", "P29_003": "16001", "P29_004": "成田市立神宮寺小学校", "P29_005": "千葉県成田市玉造5-28", "P29_006": "3", "P29_007": "1", "P29_008": "00", "P29_009": null }, "geometry": { "type": "Point", "coordinates": [ 140.292448574624103, 35.793139147342245 ] } },
{ "type": "Feature", "properties": { "P29_001": "12211", "P29_002": "B112210003281", "P29_003": "16001", "P29_004": "成田市立平成小学校", "P29_005": "千葉県成田市飯仲50-1", "P29_006": "3", "P29_007": "1", "P29_008": "00", "P29_009": null }, "geometry": { "type": "Point", "coordinates": [ 140.300071224212246, 35.757648430929784 ] } },
{ "type": "Feature", "properties": { "P29_001": "12211", "P29_002": "B112210003290", "P29_003": "16001", "P29_004": "成田市立本城小学校", "P29_005": "千葉県成田市本城178-1", "P29_006": "3", "P29_007": "1", "P29_008": "00", "P29_009": null }, "geometry": { "type": "Point", "coordinates": [ 140.365980783475322, 35.736245209288818 ] } },
{ "type": "Feature", "properties": { "P29_001": "12211", "P29_002": "B112210003307", "P29_003": "16001", "P29_004": "成田市立公津の杜小学校", "P29_005": "千葉県成田市公津の杜3-2", "P29_006": "3", "P29_007": "1", "P29_008": "00", "P29_009": null }, "geometry": { "type": "Point", "coordinates": [ 140.294265384665636, 35.756764683104315 ] } },
{ "type": "Feature", "properties": { "P29_001": "12211", "P29_002": "B112210003316", "P29_003": "16001", "P29_004": "成田市立美郷台小学校", "P29_005": "千葉県成田市美郷台2-19-1", "P29_006": "3", "P29_007": "1", "P29_008": "00", "P29_009": null }, "geometry": { "type": "Point", "coordinates": [ 140.307588720688017, 35.796162165047861 ] } },
{ "type": "Feature", "properties": { "P29_001": "12212", "P29_002": "B112210003352", "P29_003": "16001", "P29_004": "佐倉市立上志津小学校", "P29_005": "千葉県佐倉市上志津1752", "P29_006": "3", "P29_007": "1", "P29_008": "00", "P29_009": null }, "geometry": { "type": "Point", "coordinates": [ 140.150148303315376, 35.715122417954397 ] } },
{ "type": "Feature", "properties": { "P29_001": "12212", "P29_002": "B112210003361", "P29_003": "16001", "P29_004": "佐倉市立臼井小学校", "P29_005": "千葉県佐倉市臼井田2395", "P29_006": "3", "P29_007": "1", "P29_008": "00", "P29_009": null }, "geometry": { "type": "Point", "coordinates": [ 140.182713556582769, 35.73664270874005 ] } },
{ "type": "Feature", "properties": { "P29_001": "12212", "P29_002": "B112210003370", "P29_003": "16001", "P29_004": "佐倉市立印南小学校", "P29_005": "千葉県佐倉市印南223-1", "P29_006": "3", "P29_007": "1", "P29_008": "00", "P29_009": null }, "geometry": { "type": "Point", "coordinates": [ 140.207223023657065, 35.726767370025911 ] } },
{ "type": "Feature", "properties": { "P29_001": "12212", "P29_002": "B112210003423", "P29_003": "16001", "P29_004": "佐倉市立下志津小学校", "P29_005": "千葉県佐倉市中志津4-26-10", "P29_006": "3", "P29_007": "1", "P29_008": "00", "P29_009": null }, "geometry": { "type": "Point", "coordinates": [ 140.158279281991611, 35.709149311675411 ] } },
{ "type": "Feature", "properties": { "P29_001": "12212", "P29_002": "B112210003432", "P29_003": "16001", "P29_004": "佐倉市立井野小学校", "P29_005": "千葉県佐倉市西ユーカリが丘3-1-6", "P29_006": "3", "P29_007": "1", "P29_008": "01", "P29_009": null }, "geometry": { "type": "Point", "coordinates": [ 140.146670455040805, 35.729595674550779 ] } },
{ "type": "Feature", "properties": { "P29_001": "12212", "P29_002": "B112210003469", "P29_003": "16001", "P29_004": "佐倉市立西志津小学校", "P29_005": "千葉県佐倉市西志津7-2-1", "P29_006": "3", "P29_007": "1", "P29_008": "00", "P29_009": null }, "geometry": { "type": "Point", "coordinates": [ 140.138672386052491, 35.705556903928375 ] } },
{ "type": "Feature", "properties": { "P29_001": "12212", "P29_002": "B112210003478", "P29_003": "16001", "P29_004": "佐倉市立小竹小学校", "P29_005": "千葉県佐倉市ユーカリが丘5-5-1", "P29_006": "3", "P29_007": "1", "P29_008": "01", "P29_009": null }, "geometry": { "type": "Point", "coordinates": [ 140.156572233649172, 35.738155554483143 ] } },
{ "type": "Feature", "properties": { "P29_001": "12212", "P29_002": "B112210003487", "P29_003": "16001", "P29_004": "佐倉市立間野台小学校", "P29_005": "千葉県佐倉市王子台2-18", "P29_006": "3", "P29_007": "1", "P29_008": "00", "P29_009": null }, "geometry": { "type": "Point", "coordinates": [ 140.187188504509948, 35.727100626950666 ] } },
{ "type": "Feature", "properties": { "P29_001": "12212", "P29_002": "B112210003496", "P29_003": "16001", "P29_004": "佐倉市立王子台小学校", "P29_005": "千葉県佐倉市王子台5-19", "P29_006": "3", "P29_007": "1", "P29_008": "00", "P29_009": null }, "geometry": { "type": "Point", "coordinates": [ 140.175427071965998, 35.723245661240206 ] } },
{ "type": "Feature", "properties": { "P29_001": "12212", "P29_002": "B112210003502", "P29_003": "16001", "P29_004": "佐倉市立青菅小学校", "P29_005": "千葉県佐倉市宮ノ台1-17-1", "P29_006": "3", "P29_007": "1", "P29_008": "01", "P29_009": null }, "geometry": { "type": "Point", "coordinates": [ 140.150276286927436, 35.745991707158964 ] } },
{ "type": "Feature", "properties": { "P29_001": "12212", "P29_002": "B112210003511", "P29_003": "16001", "P29_004": "佐倉市立寺崎小学校", "P29_005": "千葉県佐倉市大崎台4-4-1", "P29_006": "3", "P29_007": "1", "P29_008": "00", "P29_009": null }, "geometry": { "type": "Point", "coordinates": [ 140.218237224881221, 35.705798714443134 ] } },
{ "type": "Feature", "properties": { "P29_001": "12212", "P29_002": "B112210003539", "P29_003": "16001", "P29_004": "佐倉市立染井野小学校", "P29_005": "千葉県佐倉市染井野1-19", "P29_006": "3", "P29_007": "1", "P29_008": "00", "P29_009": null }, "geometry": { "type": "Point", "coordinates": [ 140.198152367023226, 35.721821190179654 ] } },
{ "type": "Feature", "properties": { "P29_001": "12212", "P29_002": "B112210003548", "P29_003": "16001", "P29_004": "佐倉市立白銀小学校", "P29_005": "千葉県佐倉市白銀1-4", "P29_006": "3", "P29_007": "1", "P29_008": "00", "P29_009": null }, "geometry": { "type": "Point", "coordinates": [ 140.247858182144967, 35.714740693963009 ] } },
{ "type": "Feature", "properties": { "P29_001": "12235", "P29_002": "B112210003646", "P29_003": "16001", "P29_004": "匝瑳市立平和小学校", "P29_005": "千葉県匝瑳市平木1819", "P29_006": "3", "P29_007": "1", "P29_008": "00", "P29_009": null }, "geometry": { "type": "Point", "coordinates": [ 140.589392724239644, 35.700262147473637 ] } },
{ "type": "Feature", "properties": { "P29_001": "12235", "P29_002": "B112210003682", "P29_003": "16001", "P29_004": "匝瑳市立須賀小学校", "P29_005": "千葉県匝瑳市高1956", "P29_006": "3", "P29_007": "1", "P29_008": "00", "P29_009": null }, "geometry": { "type": "Point", "coordinates": [ 140.549614544338141, 35.678861287093618 ] } },
{ "type": "Feature", "properties": { "P29_001": "12235", "P29_002": "B112210003691", "P29_003": "16001", "P29_004": "匝瑳市立共興小学校", "P29_005": "千葉県匝瑳市東小笹1160", "P29_006": "3", "P29_007": "1", "P29_008": "00", "P29_009": null }, "geometry": { "type": "Point", "coordinates": [ 140.595918141006678, 35.681476845420001 ] } },
{ "type": "Feature", "properties": { "P29_001": "12235", "P29_002": "B112210003708", "P29_003": "16001", "P29_004": "匝瑳市立吉田小学校", "P29_005": "千葉県匝瑳市吉田4020", "P29_006": "3", "P29_007": "1", "P29_008": "00", "P29_009": null }, "geometry": { "type": "Point", "coordinates": [ 140.506067829278948, 35.721117852288252 ] } },
{ "type": "Feature", "properties": { "P29_001": "12235", "P29_002": "B112210003717", "P29_003": "16001", "P29_004": "匝瑳市立豊和小学校", "P29_005": "千葉県匝瑳市大寺1492", "P29_006": "3", "P29_007": "1", "P29_008": "00", "P29_009": null }, "geometry": { "type": "Point", "coordinates": [ 140.55434341551242, 35.74257803947328 ] } },
{ "type": "Feature", "properties": { "P29_001": "12215", "P29_002": "B112210003726", "P29_003": "16001", "P29_004": "旭市立中央小学校", "P29_005": "千葉県旭市ハの74", "P29_006": "3", "P29_007": "1", "P29_008": "01", "P29_009": null }, "geometry": { "type": "Point", "coordinates": [ 140.653850073793137, 35.716969362322196 ] } },
{ "type": "Feature", "properties": { "P29_001": "12215", "P29_002": "B112210003735", "P29_003": "16001", "P29_004": "旭市立琴田小学校", "P29_005": "千葉県旭市琴田2864-1", "P29_006": "3", "P29_007": "1", "P29_008": "00", "P29_009": null }, "geometry": { "type": "Point", "coordinates": [ 140.656996983908783, 35.739110195883136 ] } },
{ "type": "Feature", "properties": { "P29_001": "12215", "P29_002": "B112210003744", "P29_003": "16001", "P29_004": "旭市立干潟小学校", "P29_005": "千葉県旭市鎌数9508", "P29_006": "3", "P29_007": "1", "P29_008": "00", "P29_009": null }, "geometry": { "type": "Point", "coordinates": [ 140.604116069911299, 35.721903306038804 ] } },
{ "type": "Feature", "properties": { "P29_001": "12215", "P29_002": "B112210003753", "P29_003": "16001", "P29_004": "旭市立富浦小学校", "P29_005": "千葉県旭市中谷里3383-2", "P29_006": "3", "P29_007": "1", "P29_008": "00", "P29_009": null }, "geometry": { "type": "Point", "coordinates": [ 140.633272372130222, 35.695192868110624 ] } },
{ "type": "Feature", "properties": { "P29_001": "12215", "P29_002": "B112210003762", "P29_003": "16001", "P29_004": "旭市立矢指小学校", "P29_005": "千葉県旭市椎名内1278", "P29_006": "3", "P29_007": "1", "P29_008": "00", "P29_009": null }, "geometry": { "type": "Point", "coordinates": [ 140.668287251394418, 35.703110160146622 ] } },
{ "type": "Feature", "properties": { "P29_001": "12215", "P29_002": "B112210003771", "P29_003": "16001", "P29_004": "旭市立共和小学校", "P29_005": "千葉県旭市新町771", "P29_006": "3", "P29_007": "1", "P29_008": "00", "P29_009": null }, "geometry": { "type": "Point", "coordinates": [ 140.637618989377643, 35.742685937702248 ] } },
{ "type": "Feature", "properties": { "P29_001": "12215", "P29_002": "B112210003780", "P29_003": "16001", "P29_004": "旭市立豊畑小学校", "P29_005": "千葉県旭市井戸野2738", "P29_006": "3", "P29_007": "1", "P29_008": "00", "P29_009": null }, "geometry": { "type": "Point", "coordinates": [ 140.614337745429623, 35.710780721361651 ] } },
{ "type": "Feature", "properties": { "P29_001": "12216", "P29_002": "B112210003806", "P29_003": "16001", "P29_004": "習志野市立大久保小学校", "P29_005": "千葉県習志野市藤崎6-9-28", "P29_006": "3", "P29_007": "1", "P29_008": "00", "P29_009": null }, "geometry": { "type": "Point", "coordinates": [ 140.044318759661508, 35.689497106574464 ] } },
{ "type": "Feature", "properties": { "P29_001": "12216", "P29_002": "B112210003824", "P29_003": "16001", "P29_004": "習志野市立鷺沼小学校", "P29_005": "千葉県習志野市鷺沼3-1-1", "P29_006": "3", "P29_007": "1", "P29_008": "00", "P29_009": null }, "geometry": { "type": "Point", "coordinates": [ 140.029523748569915, 35.678066905918833 ] } },
{ "type": "Feature", "properties": { "P29_001": "12216", "P29_002": "B112210003833", "P29_003": "16001", "P29_004": "習志野市立実籾小学校", "P29_005": "千葉県習志野市実籾1-25-1", "P29_006": "3", "P29_007": "1", "P29_008": "00", "P29_009": null }, "geometry": { "type": "Point", "coordinates": [ 140.064860004977106, 35.689454045489541 ] } },
{ "type": "Feature", "properties": { "P29_001": "12216", "P29_002": "B112210003842", "P29_003": "16001", "P29_004": "習志野市立大久保東小学校", "P29_005": "千葉県習志野市大久保2-12-1", "P29_006": "3", "P29_007": "1", "P29_008": "00", "P29_009": null }, "geometry": { "type": "Point", "coordinates": [ 140.053486957552934, 35.687074639609712 ] } },
{ "type": "Feature", "properties": { "P29_001": "12216", "P29_002": "B112210003860", "P29_003": "16001", "P29_004": "習志野市立袖ケ浦東小学校", "P29_005": "千葉県習志野市袖ヶ浦5-11-1", "P29_006": "3", "P29_007": "1", "P29_008": "01", "P29_009": null }, "geometry": { "type": "Point", "coordinates": [ 140.027810409004275, 35.670850385104558 ] } },
{ "type": "Feature", "properties": { "P29_001": "12216", "P29_002": "B112210003888", "P29_003": "16001", "P29_004": "習志野市立屋敷小学校", "P29_005": "千葉県習志野市屋敷2-1-1", "P29_006": "3", "P29_007": "1", "P29_008": "00", "P29_009": null }, "geometry": { "type": "Point", "coordinates": [ 140.050407263394362, 35.679637297839157 ] } },
{ "type": "Feature", "properties": { "P29_001": "12221", "P29_002": "B112210004896", "P29_003": "16001", "P29_004": "八千代市立大和田小学校", "P29_005": "千葉県八千代市萱田町628", "P29_006": "3", "P29_007": "1", "P29_008": "00", "P29_009": null }, "geometry": { "type": "Point", "coordinates": [ 140.102085699102417, 35.721216143090828 ] } },
{ "type": "Feature", "properties": { "P29_001": "12221", "P29_002": "B112210004930", "P29_003": "16001", "P29_004": "八千代市立八千代台小学校", "P29_005": "千葉県八千代市八千代台西1-8", "P29_006": "3", "P29_007": "1", "P29_008": "00", "P29_009": null }, "geometry": { "type": "Point", "coordinates": [ 140.088267937887963, 35.701819772578411 ] } },
{ "type": "Feature", "properties": { "P29_001": "12221", "P29_002": "B112210004958", "P29_003": "16001", "P29_004": "八千代市立勝田台小学校", "P29_005": "千葉県八千代市勝田台2-14", "P29_006": "3", "P29_007": "1", "P29_008": "00", "P29_009": null }, "geometry": { "type": "Point", "coordinates": [ 140.128081726035759, 35.711307714341586 ] } },
{ "type": "Feature", "properties": { "P29_001": "12221", "P29_002": "B112210004967", "P29_003": "16001", "P29_004": "八千代市立勝田台南小学校", "P29_005": "千葉県八千代市勝田台5-9", "P29_006": "3", "P29_007": "1", "P29_008": "00", "P29_009": null }, "geometry": { "type": "Point", "coordinates": [ 140.132157471646536, 35.705836328491266 ] } },
{ "type": "Feature", "properties": { "P29_001": "12221", "P29_002": "B112210004994", "P29_003": "16001", "P29_004": "八千代市立西高津小学校", "P29_005": "千葉県八千代市高津832-38", "P29_006": "3", "P29_007": "1", "P29_008": "00", "P29_009": null }, "geometry": { "type": "Point", "coordinates": [ 140.074433288533527, 35.7181062242935 ] } },
{ "type": "Feature", "properties": { "P29_001": "12221", "P29_002": "B112210005001", "P29_003": "16001", "P29_004": "八千代市立大和田南小学校", "P29_005": "千葉県八千代市大和田628", "P29_006": "3", "P29_007": "1", "P29_008": "00", "P29_009": null }, "geometry": { "type": "Point", "coordinates": [ 140.101432018129117, 35.713938863215368 ] } },
{ "type": "Feature", "properties": { "P29_001": "12221", "P29_002": "B112210005029", "P29_003": "16001", "P29_004": "八千代市立南高津小学校", "P29_005": "千葉県八千代市高津421-3", "P29_006": "3", "P29_007": "1", "P29_008": "00", "P29_009": null }, "geometry": { "type": "Point", "coordinates": [ 140.081826540698501, 35.716598962463266 ] } },
{ "type": "Feature", "properties": { "P29_001": "12221", "P29_002": "B112210005074", "P29_003": "16001", "P29_004": "八千代市立萱田小学校", "P29_005": "千葉県八千代市ゆりのき台6-20", "P29_006": "3", "P29_007": "1", "P29_008": "00", "P29_009": null }, "geometry": { "type": "Point", "coordinates": [ 140.105218426570616, 35.735157529387486 ] } },
{ "type": "Feature", "properties": { "P29_001": "12221", "P29_002": "B112210005083", "P29_003": "16001", "P29_004": "八千代市立萱田南小学校", "P29_005": "千葉県八千代市ゆりのき台3-7-3", "P29_006": "3", "P29_007": "1", "P29_008": "00", "P29_009": null }, "geometry": { "type": "Point", "coordinates": [ 140.100240771693819, 35.729385272853399 ] } },
{ "type": "Feature", "properties": { "P29_001": "12228", "P29_002": "B112210005813", "P29_003": "16001", "P29_004": "四街道市立中央小学校", "P29_005": "千葉県四街道市鹿渡917", "P29_006": "3", "P29_007": "1", "P29_008": "00", "P29_009": null }, "geometry": { "type": "Point", "coordinates": [ 140.168784994243936, 35.669166664472797 ] } },
{ "type": "Feature", "properties": { "P29_001": "12228", "P29_002": "B112210005822", "P29_003": "16001", "P29_004": "四街道市立八木原小学校", "P29_005": "千葉県四街道市千代田5-4", "P29_006": "3", "P29_007": "1", "P29_008": "00", "P29_009": null }, "geometry": { "type": "Point", "coordinates": [ 140.182866791417496, 35.692699204762881 ] } },
{ "type": "Feature", "properties": { "P29_001": "12228", "P29_002": "B112210005868", "P29_003": "16001", "P29_004": "四街道市立栗山小学校", "P29_005": "千葉県四街道市つくし座3-1-8", "P29_006": "3", "P29_007": "1", "P29_008": "00", "P29_009": null }, "geometry": { "type": "Point", "coordinates": [ 140.179829500822962, 35.67222561186685 ] } },
{ "type": "Feature", "properties": { "P29_001": "12322", "P29_002": "B112210006028", "P29_003": "16001", "P29_004": "酒々井町立大室台小学校", "P29_005": "千葉県印旛郡酒々井町尾上2-2", "P29_006": "3", "P29_007": "1", "P29_008": "00", "P29_009": null }, "geometry": { "type": "Point", "coordinates": [ 140.284827193413491, 35.729172367583033 ] } },
{ "type": "Feature", "properties": { "P29_001": "12230", "P29_002": "B112210006108", "P29_003": "16001", "P29_004": "八街市立八街東小学校", "P29_005": "千葉県八街市八街ほ40-1", "P29_006": "3", "P29_007": "1", "P29_008": "00", "P29_009": null }, "geometry": { "type": "Point", "coordinates": [ 140.317887871809745, 35.667543066761674 ] } },
{ "type": "Feature", "properties": { "P29_001": "12230", "P29_002": "B112210006117", "P29_003": "16001", "P29_004": "八街市立八街北小学校", "P29_005": "千葉県八街市泉台3-17", "P29_006": "3", "P29_007": "1", "P29_008": "00", "P29_009": null }, "geometry": { "type": "Point", "coordinates": [ 140.297568474678997, 35.682968460075109 ] } },
{ "type": "Feature", "properties": { "P29_001": "12233", "P29_002": "B112210006135", "P29_003": "16001", "P29_004": "富里市立富里南小学校", "P29_005": "千葉県富里市御料4-1", "P29_006": "3", "P29_007": "1", "P29_008": "00", "P29_009": null }, "geometry": { "type": "Point", "coordinates": [ 140.359945958317155, 35.706919919104045 ] } },
{ "type": "Feature", "properties": { "P29_001": "12233", "P29_002": "B112210006153", "P29_003": "16001", "P29_004": "富里市立富里第一小学校", "P29_005": "千葉県富里市中沢573-1", "P29_006": "3", "P29_007": "1", "P29_008": "00", "P29_009": null }, "geometry": { "type": "Point", "coordinates": [ 140.31433810862498, 35.725180461402616 ] } },
{ "type": "Feature", "properties": { "P29_001": "12233", "P29_002": "B112210006162", "P29_003": "16001", "P29_004": "富里市立日吉台小学校", "P29_005": "千葉県富里市日吉台4-21", "P29_006": "3", "P29_007": "1", "P29_008": "00", "P29_009": null }, "geometry": { "type": "Point", "coordinates": [ 140.320141982710254, 35.766039472914542 ] } },
{ "type": "Feature", "properties": { "P29_001": "12233", "P29_002": "B112210006171", "P29_003": "16001", "P29_004": "富里市立根木名小学校", "P29_005": "千葉県富里市根木名1005-3", "P29_006": "3", "P29_007": "1", "P29_008": "00", "P29_009": null }, "geometry": { "type": "Point", "coordinates": [ 140.350720477599936, 35.746337776862312 ] } },
{ "type": "Feature", "properties": { "P29_001": "12231", "P29_002": "B112210006199", "P29_003": "16001", "P29_004": "印西市立六合小学校", "P29_005": "千葉県印西市瀬戸1580", "P29_006": "3", "P29_007": "1", "P29_008": "00", "P29_009": null }, "geometry": { "type": "Point", "coordinates": [ 140.227750145128056, 35.777657481772877 ] } },
{ "type": "Feature", "properties": { "P29_001": "12231", "P29_002": "B112210006206", "P29_003": "16001", "P29_004": "印西市立平賀小学校", "P29_005": "千葉県印西市平賀1161-2", "P29_006": "3", "P29_007": "1", "P29_008": "00", "P29_009": null }, "geometry": { "type": "Point", "coordinates": [ 140.247082942046035, 35.755072720897381 ] } },
{ "type": "Feature", "properties": { "P29_001": "12231", "P29_002": "B112210006215", "P29_003": "16001", "P29_004": "印西市立いには野小学校", "P29_005": "千葉県印西市若萩3-9", "P29_006": "3", "P29_007": "1", "P29_008": "00", "P29_009": null }, "geometry": { "type": "Point", "coordinates": [ 140.207601024482869, 35.789884646789304 ] } },
{ "type": "Feature", "properties": { "P29_001": "12329", "P29_002": "B112210006466", "P29_003": "16001", "P29_004": "栄町立安食小学校", "P29_005": "千葉県印旛郡栄町安食305", "P29_006": "3", "P29_007": "1", "P29_008": "00", "P29_009": null }, "geometry": { "type": "Point", "coordinates": [ 140.238538959154596, 35.83964609670597 ] } },
{ "type": "Feature", "properties": { "P29_001": "12329", "P29_002": "B112210006484", "P29_003": "16001", "P29_004": "栄町立竜角寺台小学校", "P29_005": "千葉県印旛郡栄町竜角寺台6-26-1", "P29_006": "3", "P29_007": "1", "P29_008": "00", "P29_009": null }, "geometry": { "type": "Point", "coordinates": [ 140.281815345237646, 35.833289492494345 ] } },
{ "type": "Feature", "properties": { "P29_001": "12329", "P29_002": "B112210006493", "P29_003": "16001", "P29_004": "栄町立安食台小学校", "P29_005": "千葉県印旛郡栄町安食台4-34-1", "P29_006": "3", "P29_007": "1", "P29_008": "00", "P29_009": null }, "geometry": { "type": "Point", "coordinates": [ 140.246817708554715, 35.845639821835746 ] } },
{ "type": "Feature", "properties": { "P29_001": "12342", "P29_002": "B112210006509", "P29_003": "16001", "P29_004": "神崎町立神崎小学校", "P29_005": "千葉県香取郡神崎町神崎本宿22", "P29_006": "3", "P29_007": "1", "P29_008": "00", "P29_009": null }, "geometry": { "type": "Point", "coordinates": [ 140.400886401610649, 35.901160556613057 ] } },
{ "type": "Feature", "properties": { "P29_001": "12342", "P29_002": "B112210006518", "P29_003": "16001", "P29_004": "神崎町立米沢小学校", "P29_005": "千葉県香取郡神崎町新385", "P29_006": "3", "P29_007": "1", "P29_008": "00", "P29_009": null }, "geometry": { "type": "Point", "coordinates": [ 140.419244604714066, 35.877884830643858 ] } },
{ "type": "Feature", "properties": { "P29_001": "12236", "P29_002": "B112210006572", "P29_003": "16001", "P29_004": "香取市立小見川中央小学校", "P29_005": "千葉県香取市小見川94", "P29_006": "3", "P29_007": "1", "P29_008": "00", "P29_009": null }, "geometry": { "type": "Point", "coordinates": [ 140.605168581279685, 35.852527501557411 ] } },
{ "type": "Feature", "properties": { "P29_001": "12236", "P29_002": "B112210006590", "P29_003": "16001", "P29_004": "香取市立小見川西小学校", "P29_005": "千葉県香取市内野35", "P29_006": "3", "P29_007": "1", "P29_008": "00", "P29_009": null }, "geometry": { "type": "Point", "coordinates": [ 140.565283104081828, 35.843097959369999 ] } },
{ "type": "Feature", "properties": { "P29_001": "12236", "P29_002": "B112210006607", "P29_003": "16001", "P29_004": "香取市立小見川北小学校", "P29_005": "千葉県香取市富田800", "P29_006": "3", "P29_007": "1", "P29_008": "00", "P29_009": null }, "geometry": { "type": "Point", "coordinates": [ 140.585529721138158, 35.874917287775226 ] } },
{ "type": "Feature", "properties": { "P29_001": "12236", "P29_002": "B112210006616", "P29_003": "16001", "P29_004": "香取市立栗源小学校", "P29_005": "千葉県香取市岩部5025", "P29_006": "3", "P29_007": "1", "P29_008": "00", "P29_009": null }, "geometry": { "type": "Point", "coordinates": [ 140.507293155568988, 35.811693465395194 ] } },
{ "type": "Feature", "properties": { "P29_001": "12236", "P29_002": "B112210006625", "P29_003": "16001", "P29_004": "香取市立新島小学校", "P29_005": "千葉県香取市加藤洲685", "P29_006": "3", "P29_007": "1", "P29_008": "00", "P29_009": null }, "geometry": { "type": "Point", "coordinates": [ 140.540697491658022, 35.927847856852942 ] } },
{ "type": "Feature", "properties": { "P29_001": "12236", "P29_002": "B112210006634", "P29_003": "16001", "P29_004": "香取市立山田小学校", "P29_005": "千葉県香取市仁良356-1", "P29_006": "3", "P29_007": "1", "P29_008": "00", "P29_009": null }, "geometry": { "type": "Point", "coordinates": [ 140.574637991794305, 35.80663307455108 ] } },
{ "type": "Feature", "properties": { "P29_001": "12347", "P29_002": "B112210006652", "P29_003": "16001", "P29_004": "多古町立多古第一小学校", "P29_005": "千葉県香取郡多古町多古2547", "P29_006": "3", "P29_007": "1", "P29_008": "00", "P29_009": null }, "geometry": { "type": "Point", "coordinates": [ 140.464494146932708, 35.734718570851747 ] } },
{ "type": "Feature", "properties": { "P29_001": "12347", "P29_002": "B112210006661", "P29_003": "16001", "P29_004": "多古町立中村小学校", "P29_005": "千葉県香取郡多古町南中349-2", "P29_006": "3", "P29_007": "1", "P29_008": "00", "P29_009": null }, "geometry": { "type": "Point", "coordinates": [ 140.490695858379411, 35.740292494925669 ] } },
{ "type": "Feature", "properties": { "P29_001": "12347", "P29_002": "B112210006670", "P29_003": "16001", "P29_004": "多古町立久賀小学校", "P29_005": "千葉県香取郡多古町大門205-6", "P29_006": "3", "P29_007": "1", "P29_008": "00", "P29_009": null }, "geometry": { "type": "Point", "coordinates": [ 140.460282262610008, 35.778876143335054 ] } },
{ "type": "Feature", "properties": { "P29_001": "12215", "P29_002": "B112210006689", "P29_003": "16001", "P29_004": "旭市立萬歳小学校", "P29_005": "千葉県旭市萬歳惣堀番外1", "P29_006": "3", "P29_007": "1", "P29_008": "00", "P29_009": null }, "geometry": { "type": "Point", "coordinates": [ 140.647766360789973, 35.777923292162953 ] } },
{ "type": "Feature", "properties": { "P29_001": "12215", "P29_002": "B112210006698", "P29_003": "16001", "P29_004": "旭市立中和小学校", "P29_005": "千葉県旭市清和甲181", "P29_006": "3", "P29_007": "1", "P29_008": "00", "P29_009": null }, "geometry": { "type": "Point", "coordinates": [ 140.619801287915351, 35.768979408366313 ] } },
{ "type": "Feature", "properties": { "P29_001": "12215", "P29_002": "B112210006705", "P29_003": "16001", "P29_004": "旭市立古城小学校", "P29_005": "千葉県旭市鏑木2699", "P29_006": "3", "P29_007": "1", "P29_008": "00", "P29_009": null }, "geometry": { "type": "Point", "coordinates": [ 140.592003886551282, 35.759872468112306 ] } },
{ "type": "Feature", "properties": { "P29_001": "12215", "P29_002": "B112210006723", "P29_003": "16001", "P29_004": "旭市立鶴巻小学校", "P29_005": "千葉県旭市蛇園5533", "P29_006": "3", "P29_007": "1", "P29_008": "00", "P29_009": null }, "geometry": { "type": "Point", "coordinates": [ 140.701270322621639, 35.73754858384531 ] } },
{ "type": "Feature", "properties": { "P29_001": "12215", "P29_002": "B112210006732", "P29_003": "16001", "P29_004": "旭市立滝郷小学校", "P29_005": "千葉県旭市清滝821", "P29_006": "3", "P29_007": "1", "P29_008": "00", "P29_009": null }, "geometry": { "type": "Point", "coordinates": [ 140.686586675932801, 35.762013583111731 ] } },
{ "type": "Feature", "properties": { "P29_001": "12215", "P29_002": "B112210006741", "P29_003": "16001", "P29_004": "旭市立嚶鳴小学校", "P29_005": "千葉県旭市高生3610", "P29_006": "3", "P29_007": "1", "P29_008": "00", "P29_009": null }, "geometry": { "type": "Point", "coordinates": [ 140.672562566089056, 35.734626562360987 ] } },
{ "type": "Feature", "properties": { "P29_001": "12215", "P29_002": "B112210006750", "P29_003": "16001", "P29_004": "旭市立三川小学校", "P29_005": "千葉県旭市三川4643", "P29_006": "3", "P29_007": "1", "P29_008": "00", "P29_009": null }, "geometry": { "type": "Point", "coordinates": [ 140.702663435394641, 35.707172945589811 ] } },
{ "type": "Feature", "properties": { "P29_001": "12215", "P29_002": "B112210006769", "P29_003": "16001", "P29_004": "旭市立飯岡小学校", "P29_005": "千葉県旭市飯岡2020-1", "P29_006": "3", "P29_007": "1", "P29_008": "00", "P29_009": null }, "geometry": { "type": "Point", "coordinates": [ 140.725547268532154, 35.70095133588795 ] } },
{ "type": "Feature", "properties": { "P29_001": "12410", "P29_002": "B112210006796", "P29_003": "16001", "P29_004": "横芝光町立日吉小学校", "P29_005": "千葉県山武郡横芝光町篠本5177", "P29_006": "3", "P29_007": "1", "P29_008": "00", "P29_009": null }, "geometry": { "type": "Point", "coordinates": [ 140.486996754334314, 35.700332742655974 ] } },
{ "type": "Feature", "properties": { "P29_001": "12235", "P29_002": "B112210006812", "P29_003": "16001", "P29_004": "匝瑳市立野田小学校", "P29_005": "千葉県匝瑳市野手13034", "P29_006": "3", "P29_007": "1", "P29_008": "00", "P29_009": null }, "geometry": { "type": "Point", "coordinates": [ 140.572847160146864, 35.664355300263594 ] } },
{ "type": "Feature", "properties": { "P29_001": "12102", "P29_002": "B112210007492", "P29_003": "16001", "P29_004": "千葉市立花島小学校", "P29_005": "千葉県千葉市花見川区花見川8-1", "P29_006": "3", "P29_007": "1", "P29_008": "00", "P29_009": null }, "geometry": { "type": "Point", "coordinates": [ 140.094887697100006, 35.68363218519319 ] } },
{ "type": "Feature", "properties": { "P29_001": "12106", "P29_002": "B112210007508", "P29_003": "16001", "P29_004": "千葉市立美浜打瀬小学校", "P29_005": "千葉県千葉市美浜区打瀬2-18-1", "P29_006": "3", "P29_007": "1", "P29_008": "00", "P29_009": null }, "geometry": { "type": "Point", "coordinates": [ 140.044605799806618, 35.638244026396315 ] } },
{ "type": "Feature", "properties": { "P29_001": "12211", "P29_002": "B112210007517", "P29_003": "16001", "P29_004": "成田市立久住小学校", "P29_005": "千葉県成田市久住中央3-12-1", "P29_006": "3", "P29_007": "1", "P29_008": "00", "P29_009": null }, "geometry": { "type": "Point", "coordinates": [ 140.340212924880404, 35.837138812229028 ] } },
{ "type": "Feature", "properties": { "P29_001": "12106", "P29_002": "B112210007526", "P29_003": "16001", "P29_004": "千葉市立真砂東小学校", "P29_005": "千葉県千葉市美浜区真砂2-13-1", "P29_006": "3", "P29_007": "1", "P29_008": "00", "P29_009": null }, "geometry": { "type": "Point", "coordinates": [ 140.067002682697677, 35.637951492176356 ] } },
{ "type": "Feature", "properties": { "P29_001": "12106", "P29_002": "B112210007535", "P29_003": "16001", "P29_004": "千葉市立真砂西小学校", "P29_005": "千葉県千葉市美浜区真砂4-5-1", "P29_006": "3", "P29_007": "1", "P29_008": "00", "P29_009": null }, "geometry": { "type": "Point", "coordinates": [ 140.058832962272845, 35.642532979115678 ] } },
{ "type": "Feature", "properties": { "P29_001": "12106", "P29_002": "B112210007571", "P29_003": "16001", "P29_004": "千葉市立磯辺小学校", "P29_005": "千葉県千葉市美浜区磯辺4-16-1", "P29_006": "3", "P29_007": "1", "P29_008": "00", "P29_009": null }, "geometry": { "type": "Point", "coordinates": [ 140.057995251596282, 35.632032629427066 ] } },
{ "type": "Feature", "properties": { "P29_001": "12102", "P29_002": "B112210007624", "P29_003": "16001", "P29_004": "千葉市立花見川小学校", "P29_005": "千葉県千葉市花見川区花見川4-1", "P29_006": "3", "P29_007": "1", "P29_008": "00", "P29_009": null }, "geometry": { "type": "Point", "coordinates": [ 140.097936580335016, 35.694270614563763 ] } },
{ "type": "Feature", "properties": { "P29_001": "12211", "P29_002": "B112310000059", "P29_003": "16001", "P29_004": "成田高等学校付属小学校", "P29_005": "千葉県成田市田町10", "P29_006": "4", "P29_007": "1", "P29_008": "00", "P29_009": null }, "geometry": { "type": "Point", "coordinates": [ 140.320414012200587, 35.785347138566486 ] } },
{ "type": "Feature", "properties": { "P29_001": "12106", "P29_002": "B112310000095", "P29_003": "16001", "P29_004": "幕張インターナショナルスクール小学校", "P29_005": "千葉県千葉市美浜区若葉3-2-9", "P29_006": "4", "P29_007": "1", "P29_008": "00", "P29_009": null }, "geometry": { "type": "Point", "coordinates": [ 140.049079758452081, 35.648059394133362 ] } },
{ "type": "Feature", "properties": { "P29_001": "12213", "P29_002": "B112210003557", "P29_003": "16001", "P29_004": "東金市立東小学校", "P29_005": "千葉県東金市田間1188-2", "P29_006": "3", "P29_007": "1", "P29_008": "00", "P29_009": null }, "geometry": { "type": "Point", "coordinates": [ 140.37806737352679, 35.575425258852377 ] } },
{ "type": "Feature", "properties": { "P29_001": "12213", "P29_002": "B112210003566", "P29_003": "16001", "P29_004": "東金市立鴇嶺小学校", "P29_005": "千葉県東金市東岩崎24-1", "P29_006": "3", "P29_007": "1", "P29_008": "00", "P29_009": null }, "geometry": { "type": "Point", "coordinates": [ 140.366275112323336, 35.557131945859538 ] } },
{ "type": "Feature", "properties": { "P29_001": "12213", "P29_002": "B112210003575", "P29_003": "16001", "P29_004": "東金市立城西小学校", "P29_005": "千葉県東金市台方74-2", "P29_006": "3", "P29_007": "1", "P29_008": "00", "P29_009": null }, "geometry": { "type": "Point", "coordinates": [ 140.35206234182786, 35.557098015788775 ] } },
{ "type": "Feature", "properties": { "P29_001": "12213", "P29_002": "B112210003600", "P29_003": "16001", "P29_004": "東金市立豊成小学校", "P29_005": "千葉県東金市関内550-1", "P29_006": "3", "P29_007": "1", "P29_008": "00", "P29_009": null }, "geometry": { "type": "Point", "coordinates": [ 140.416684871600438, 35.568572751575694 ] } },
{ "type": "Feature", "properties": { "P29_001": "12213", "P29_002": "B112210003637", "P29_003": "16001", "P29_004": "東金市立日吉台小学校", "P29_005": "千葉県東金市日吉台2-32-1", "P29_006": "3", "P29_007": "1", "P29_008": "00", "P29_009": null }, "geometry": { "type": "Point", "coordinates": [ 140.345081693433599, 35.572855320258284 ] } },
{ "type": "Feature", "properties": { "P29_001": "12410", "P29_002": "B112210006778", "P29_003": "16001", "P29_004": "横芝光町立光小学校", "P29_005": "千葉県山武郡横芝光町宮川4655", "P29_006": "3", "P29_007": "1", "P29_008": "00", "P29_009": null }, "geometry": { "type": "Point", "coordinates": [ 140.506079875059442, 35.656227862602627 ] } },
{ "type": "Feature", "properties": { "P29_001": "12410", "P29_002": "B112210006787", "P29_003": "16001", "P29_004": "横芝光町立白浜小学校", "P29_005": "千葉県山武郡横芝光町木戸1334", "P29_006": "3", "P29_007": "1", "P29_008": "00", "P29_009": null }, "geometry": { "type": "Point", "coordinates": [ 140.532201003007884, 35.627778908992951 ] } },
{ "type": "Feature", "properties": { "P29_001": "12235", "P29_002": "B112210006803", "P29_003": "16001", "P29_004": "匝瑳市立栄小学校", "P29_005": "千葉県匝瑳市栢田823", "P29_006": "3", "P29_007": "1", "P29_008": "00", "P29_009": null }, "geometry": { "type": "Point", "coordinates": [ 140.55509069505527, 35.651378743092145 ] } },
{ "type": "Feature", "properties": { "P29_001": "12403", "P29_002": "B112210006894", "P29_003": "16001", "P29_004": "九十九里町立片貝小学校", "P29_005": "千葉県山武郡九十九里町片貝3193", "P29_006": "3", "P29_007": "1", "P29_008": "00", "P29_009": null }, "geometry": { "type": "Point", "coordinates": [ 140.438083569475026, 35.534865852845293 ] } },
{ "type": "Feature", "properties": { "P29_001": "12403", "P29_002": "B112210006901", "P29_003": "16001", "P29_004": "九十九里町立豊海小学校", "P29_005": "千葉県山武郡九十九里町不動堂306", "P29_006": "3", "P29_007": "1", "P29_008": "00", "P29_009": null }, "geometry": { "type": "Point", "coordinates": [ 140.418381632971034, 35.517256882029606 ] } },
{ "type": "Feature", "properties": { "P29_001": "12403", "P29_002": "B112210006910", "P29_003": "16001", "P29_004": "九十九里町立九十九里小学校", "P29_005": "千葉県山武郡九十九里町小関1797-1", "P29_006": "3", "P29_007": "1", "P29_008": "00", "P29_009": null }, "geometry": { "type": "Point", "coordinates": [ 140.444594925120612, 35.547642954910366 ] } },
{ "type": "Feature", "properties": { "P29_001": "12237", "P29_002": "B112210006929", "P29_003": "16001", "P29_004": "山武市立成東小学校", "P29_005": "千葉県山武市成東2692", "P29_006": "3", "P29_007": "1", "P29_008": "00", "P29_009": null }, "geometry": { "type": "Point", "coordinates": [ 140.401851029504741, 35.601213747371588 ] } },
{ "type": "Feature", "properties": { "P29_001": "12237", "P29_002": "B112210006938", "P29_003": "16001", "P29_004": "山武市立大富小学校", "P29_005": "千葉県山武市新泉ト60", "P29_006": "3", "P29_007": "1", "P29_008": "00", "P29_009": null }, "geometry": { "type": "Point", "coordinates": [ 140.416455710845554, 35.613864821606406 ] } },
{ "type": "Feature", "properties": { "P29_001": "12237", "P29_002": "B112210006947", "P29_003": "16001", "P29_004": "山武市立南郷小学校", "P29_005": "千葉県山武市上横地884-1", "P29_006": "3", "P29_007": "1", "P29_008": "00", "P29_009": null }, "geometry": { "type": "Point", "coordinates": [ 140.444393692014813, 35.600001215755775 ] } },
{ "type": "Feature", "properties": { "P29_001": "12237", "P29_002": "B112210006956", "P29_003": "16001", "P29_004": "山武市立緑海小学校", "P29_005": "千葉県山武市松ヶ谷ロ471-1", "P29_006": "3", "P29_007": "1", "P29_008": "00", "P29_009": null }, "geometry": { "type": "Point", "coordinates": [ 140.472649234905845, 35.57926494014923 ] } },
{ "type": "Feature", "properties": { "P29_001": "12237", "P29_002": "B112210006965", "P29_003": "16001", "P29_004": "山武市立鳴浜小学校", "P29_005": "千葉県山武市本須賀1090", "P29_006": "3", "P29_007": "1", "P29_008": "00", "P29_009": null }, "geometry": { "type": "Point", "coordinates": [ 140.446012403166264, 35.5675485169876 ] } },
{ "type": "Feature", "properties": { "P29_001": "12237", "P29_002": "B112210007018", "P29_003": "16001", "P29_004": "山武市立蓮沼小学校", "P29_005": "千葉県山武市蓮沼イ-2784", "P29_006": "3", "P29_007": "1", "P29_008": "00", "P29_009": null }, "geometry": { "type": "Point", "coordinates": [ 140.497329359173222, 35.606283644300611 ] } },
{ "type": "Feature", "properties": { "P29_001": "12237", "P29_002": "B112210007027", "P29_003": "16001", "P29_004": "山武市立大平小学校", "P29_005": "千葉県山武市松尾町広根1140", "P29_006": "3", "P29_007": "1", "P29_008": "00", "P29_009": null }, "geometry": { "type": "Point", "coordinates": [ 140.478549822864807, 35.620051946108603 ] } },
{ "type": "Feature", "properties": { "P29_001": "12237", "P29_002": "B112210007036", "P29_003": "16001", "P29_004": "山武市立松尾小学校", "P29_005": "千葉県山武市松尾町猿尾383", "P29_006": "3", "P29_007": "1", "P29_008": "00", "P29_009": null }, "geometry": { "type": "Point", "coordinates": [ 140.457308138847765, 35.639655411776943 ] } },
{ "type": "Feature", "properties": { "P29_001": "12410", "P29_002": "B112210007054", "P29_003": "16001", "P29_004": "横芝光町立上堺小学校", "P29_005": "千葉県山武郡横芝光町北清水181", "P29_006": "3", "P29_007": "1", "P29_008": "00", "P29_009": null }, "geometry": { "type": "Point", "coordinates": [ 140.508580934923629, 35.62013395741198 ] } },
{ "type": "Feature", "properties": { "P29_001": "12202", "P29_002": "B112210001023", "P29_003": "16001", "P29_004": "銚子市立飯沼小学校", "P29_005": "千葉県銚子市前宿町1200", "P29_006": "3", "P29_007": "1", "P29_008": "00", "P29_009": null }, "geometry": { "type": "Point", "coordinates": [ 140.84418805459444, 35.729455036907332 ] } },
{ "type": "Feature", "properties": { "P29_001": "12202", "P29_002": "B112210001032", "P29_003": "16001", "P29_004": "銚子市立明神小学校", "P29_005": "千葉県銚子市明神町1-1", "P29_006": "3", "P29_007": "1", "P29_008": "00", "P29_009": null }, "geometry": { "type": "Point", "coordinates": [ 140.854334002429454, 35.733861804181508 ] } },
{ "type": "Feature", "properties": { "P29_001": "12202", "P29_002": "B112210001069", "P29_003": "16001", "P29_004": "銚子市立高神小学校", "P29_005": "千葉県銚子市犬吠埼10222-1", "P29_006": "3", "P29_007": "1", "P29_008": "00", "P29_009": null }, "geometry": { "type": "Point", "coordinates": [ 140.856622520479249, 35.702197327684729 ] } },
{ "type": "Feature", "properties": { "P29_001": "12202", "P29_002": "B112210001087", "P29_003": "16001", "P29_004": "銚子市立船木小学校", "P29_005": "千葉県銚子市船木町140", "P29_006": "3", "P29_007": "1", "P29_008": "00", "P29_009": null }, "geometry": { "type": "Point", "coordinates": [ 140.765904614267129, 35.758736312082199 ] } },
{ "type": "Feature", "properties": { "P29_001": "12202", "P29_002": "B112210001103", "P29_003": "16001", "P29_004": "銚子市立豊里小学校", "P29_005": "千葉県銚子市笹本町360", "P29_006": "3", "P29_007": "1", "P29_008": "00", "P29_009": null }, "geometry": { "type": "Point", "coordinates": [ 140.718639644326799, 35.79375336440723 ] } },
{ "type": "Feature", "properties": { "P29_001": "12203", "P29_002": "B112210001158", "P29_003": "16001", "P29_004": "市川市立菅野小学校", "P29_005": "千葉県市川市菅野6-14-1", "P29_006": "3", "P29_007": "1", "P29_008": "00", "P29_009": null }, "geometry": { "type": "Point", "coordinates": [ 139.91756559716967, 35.734218777064008 ] } },
{ "type": "Feature", "properties": { "P29_001": "12203", "P29_002": "B112210001238", "P29_003": "16001", "P29_004": "市川市立国府台小学校", "P29_005": "千葉県市川市国府台5-25-4", "P29_006": "3", "P29_007": "1", "P29_008": "00", "P29_009": null }, "geometry": { "type": "Point", "coordinates": [ 139.903019030806746, 35.753533420085283 ] } },
{ "type": "Feature", "properties": { "P29_001": "12203", "P29_002": "B112210001318", "P29_003": "16001", "P29_004": "市川市立中山小学校", "P29_005": "千葉県市川市中山1-1-5", "P29_006": "3", "P29_007": "1", "P29_008": "00", "P29_009": null }, "geometry": { "type": "Point", "coordinates": [ 139.94384108437427, 35.721505078042178 ] } },
{ "type": "Feature", "properties": { "P29_001": "12203", "P29_002": "B112210001327", "P29_003": "16001", "P29_004": "市川市立二俣小学校", "P29_005": "千葉県市川市二俣678", "P29_006": "3", "P29_007": "1", "P29_008": "00", "P29_009": null }, "geometry": { "type": "Point", "coordinates": [ 139.956431115399113, 35.696961241808594 ] } },
{ "type": "Feature", "properties": { "P29_001": "12203", "P29_002": "B112210001498", "P29_003": "16001", "P29_004": "市川市立福栄小学校", "P29_005": "千葉県市川市南行徳2-2-1", "P29_006": "3", "P29_007": "1", "P29_008": "00", "P29_009": null }, "geometry": { "type": "Point", "coordinates": [ 139.907382428536351, 35.671850763959469 ] } },
{ "type": "Feature", "properties": { "P29_001": "12203", "P29_002": "B112210001504", "P29_003": "16001", "P29_004": "市川市立妙典小学校", "P29_005": "千葉県市川市妙典2-14-2", "P29_006": "3", "P29_007": "1", "P29_008": "00", "P29_009": null }, "geometry": { "type": "Point", "coordinates": [ 139.929779387627491, 35.696037057846198 ] } },
{ "type": "Feature", "properties": { "P29_001": "12204", "P29_002": "B112210001513", "P29_003": "16001", "P29_004": "船橋市立船橋小学校", "P29_005": "千葉県船橋市本町4-17-20", "P29_006": "3", "P29_007": "1", "P29_008": "00", "P29_009": null }, "geometry": { "type": "Point", "coordinates": [ 139.98839314076946, 35.699929592565276 ] } },
{ "type": "Feature", "properties": { "P29_001": "12204", "P29_002": "B112210001620", "P29_003": "16001", "P29_004": "船橋市立高根小学校", "P29_005": "千葉県船橋市高根町2895", "P29_006": "3", "P29_007": "1", "P29_008": "00", "P29_009": null }, "geometry": { "type": "Point", "coordinates": [ 140.008996445744458, 35.726867602133488 ] } },
{ "type": "Feature", "properties": { "P29_001": "12204", "P29_002": "B112210001657", "P29_003": "16001", "P29_004": "船橋市立二宮小学校", "P29_005": "千葉県船橋市前原東5-9-3", "P29_006": "3", "P29_007": "1", "P29_008": "00", "P29_009": null }, "geometry": { "type": "Point", "coordinates": [ 140.032806918152687, 35.702798643337282 ] } },
{ "type": "Feature", "properties": { "P29_001": "12204", "P29_002": "B112210001746", "P29_003": "16001", "P29_004": "船橋市立古和釜小学校", "P29_005": "千葉県船橋市松が丘3-42-1", "P29_006": "3", "P29_007": "1", "P29_008": "00", "P29_009": null }, "geometry": { "type": "Point", "coordinates": [ 140.046071273163733, 35.73546694230987 ] } },
{ "type": "Feature", "properties": { "P29_001": "12204", "P29_002": "B112210001791", "P29_003": "16001", "P29_004": "船橋市立金杉台小学校", "P29_005": "千葉県船橋市金杉台2-1-7", "P29_006": "3", "P29_007": "1", "P29_008": "00", "P29_009": null }, "geometry": { "type": "Point", "coordinates": [ 140.014346490505829, 35.737221909049445 ] } },
{ "type": "Feature", "properties": { "P29_001": "12204", "P29_002": "B112210001862", "P29_003": "16001", "P29_004": "船橋市立飯山満南小学校", "P29_005": "千葉県船橋市飯山満町1-954-4", "P29_006": "3", "P29_007": "1", "P29_008": "00", "P29_009": null }, "geometry": { "type": "Point", "coordinates": [ 140.016155423213036, 35.709672755588478 ] } },
{ "type": "Feature", "properties": { "P29_001": "12204", "P29_002": "B112210001871", "P29_003": "16001", "P29_004": "船橋市立坪井小学校", "P29_005": "千葉県船橋市坪井町747-1", "P29_006": "3", "P29_007": "1", "P29_008": "00", "P29_009": null }, "geometry": { "type": "Point", "coordinates": [ 140.057142220793082, 35.732496942050389 ] } },
{ "type": "Feature", "properties": { "P29_001": "12204", "P29_002": "B112210001988", "P29_003": "16001", "P29_004": "船橋市立小室小学校", "P29_005": "千葉県船橋市小室町899", "P29_006": "3", "P29_007": "1", "P29_008": "00", "P29_009": null }, "geometry": { "type": "Point", "coordinates": [ 140.073787730769141, 35.792792489743967 ] } },
{ "type": "Feature", "properties": { "P29_001": "12204", "P29_002": "B112210001997", "P29_003": "16001", "P29_004": "船橋市立七林小学校", "P29_005": "千葉県船橋市七林町115-13", "P29_006": "3", "P29_007": "1", "P29_008": "00", "P29_009": null }, "geometry": { "type": "Point", "coordinates": [ 140.039434424663568, 35.716050621897807 ] } },
{ "type": "Feature", "properties": { "P29_001": "12205", "P29_002": "B112210002102", "P29_003": "16001", "P29_004": "館山市立神余小学校", "P29_005": "千葉県館山市神余1363", "P29_006": "3", "P29_007": "1", "P29_008": "00", "P29_009": null }, "geometry": { "type": "Point", "coordinates": [ 139.868572772665061, 34.930128841553646 ] } },
{ "type": "Feature", "properties": { "P29_001": "12205", "P29_002": "B112210002120", "P29_003": "16001", "P29_004": "館山市立館野小学校", "P29_005": "千葉県館山市山本1028", "P29_006": "3", "P29_007": "1", "P29_008": "00", "P29_009": null }, "geometry": { "type": "Point", "coordinates": [ 139.89146439596189, 34.991697464749983 ] } },
{ "type": "Feature", "properties": { "P29_001": "12205", "P29_002": "B112210002139", "P29_003": "16001", "P29_004": "館山市立九重小学校", "P29_005": "千葉県館山市安東3", "P29_006": "3", "P29_007": "1", "P29_008": "00", "P29_009": null }, "geometry": { "type": "Point", "coordinates": [ 139.918794391835519, 35.000435800195284 ] } },
{ "type": "Feature", "properties": { "P29_001": "12206", "P29_002": "B112210002157", "P29_003": "16001", "P29_004": "木更津市立木更津第二小学校", "P29_005": "千葉県木更津市文京5-6-24", "P29_006": "3", "P29_007": "1", "P29_008": "00", "P29_009": null }, "geometry": { "type": "Point", "coordinates": [ 139.928279220894439, 35.375817157701476 ] } },
{ "type": "Feature", "properties": { "P29_001": "12206", "P29_002": "B112210002219", "P29_003": "16001", "P29_004": "木更津市立高柳小学校", "P29_005": "千葉県木更津市高柳5932", "P29_006": "3", "P29_007": "1", "P29_008": "00", "P29_009": null }, "geometry": { "type": "Point", "coordinates": [ 139.948266256233609, 35.411930501126058 ] } },
{ "type": "Feature", "properties": { "P29_001": "12206", "P29_002": "B112210002228", "P29_003": "16001", "P29_004": "木更津市立波岡小学校", "P29_005": "千葉県木更津市畑沢1270", "P29_006": "3", "P29_007": "1", "P29_008": "00", "P29_009": null }, "geometry": { "type": "Point", "coordinates": [ 139.922151003986983, 35.342768068080808 ] } },
{ "type": "Feature", "properties": { "P29_001": "12206", "P29_002": "B112210002237", "P29_003": "16001", "P29_004": "木更津市立鎌足小学校", "P29_005": "千葉県木更津市矢那609", "P29_006": "3", "P29_007": "1", "P29_008": "00", "P29_009": null }, "geometry": { "type": "Point", "coordinates": [ 139.975190796765361, 35.352687338162944 ] } },
{ "type": "Feature", "properties": { "P29_001": "12206", "P29_002": "B112210002264", "P29_003": "16001", "P29_004": "木更津市立富来田小学校", "P29_005": "千葉県木更津市真里谷518", "P29_006": "3", "P29_007": "1", "P29_008": "01", "P29_009": null }, "geometry": { "type": "Point", "coordinates": [ 140.066093346038912, 35.368746713471765 ] } },
{ "type": "Feature", "properties": { "P29_001": "12207", "P29_002": "B112210002585", "P29_003": "16001", "P29_004": "松戸市立牧野原小学校", "P29_005": "千葉県松戸市牧の原435-1", "P29_006": "3", "P29_007": "1", "P29_008": "00", "P29_009": null }, "geometry": { "type": "Point", "coordinates": [ 139.951596055251144, 35.792322491654133 ] } },
{ "type": "Feature", "properties": { "P29_001": "12207", "P29_002": "B112210002709", "P29_003": "16001", "P29_004": "松戸市立上本郷第二小学校", "P29_005": "千葉県松戸市上本郷2677", "P29_006": "3", "P29_007": "1", "P29_008": "00", "P29_009": null }, "geometry": { "type": "Point", "coordinates": [ 139.915523733158579, 35.792224352886741 ] } },
{ "type": "Feature", "properties": { "P29_001": "12207", "P29_002": "B112210002745", "P29_003": "16001", "P29_004": "松戸市立新松戸西小学校", "P29_005": "千葉県松戸市小金1180", "P29_006": "3", "P29_007": "1", "P29_008": "00", "P29_009": null }, "geometry": { "type": "Point", "coordinates": [ 139.902726492415781, 35.825249495428132 ] } },
{ "type": "Feature", "properties": { "P29_001": "12208", "P29_002": "B112210002807", "P29_003": "16001", "P29_004": "野田市立北部小学校", "P29_005": "千葉県野田市谷津25-1", "P29_006": "3", "P29_007": "1", "P29_008": "00", "P29_009": null }, "geometry": { "type": "Point", "coordinates": [ 139.855684129948145, 35.96876815842144 ] } },
{ "type": "Feature", "properties": { "P29_001": "12208", "P29_002": "B112210002825", "P29_003": "16001", "P29_004": "野田市立福田第二小学校", "P29_005": "千葉県野田市西三ヶ尾988", "P29_006": "3", "P29_007": "1", "P29_008": "01", "P29_009": null }, "geometry": { "type": "Point", "coordinates": [ 139.922750244801847, 35.928558500383645 ] } },
{ "type": "Feature", "properties": { "P29_001": "12208", "P29_002": "B112210002834", "P29_003": "16001", "P29_004": "野田市立川間小学校", "P29_005": "千葉県野田市中里934", "P29_006": "3", "P29_007": "1", "P29_008": "00", "P29_009": null }, "geometry": { "type": "Point", "coordinates": [ 139.845117282713119, 35.997044142959645 ] } },
{ "type": "Feature", "properties": { "P29_001": "12208", "P29_002": "B112210002843", "P29_003": "16001", "P29_004": "野田市立清水台小学校", "P29_005": "千葉県野田市清水773", "P29_006": "3", "P29_007": "1", "P29_008": "00", "P29_009": null }, "geometry": { "type": "Point", "coordinates": [ 139.852331723651588, 35.95388460447753 ] } },
{ "type": "Feature", "properties": { "P29_001": "12208", "P29_002": "B112210002914", "P29_003": "16001", "P29_004": "野田市立みずき小学校", "P29_005": "千葉県野田市みずき3-2-3", "P29_006": "3", "P29_007": "1", "P29_008": "00", "P29_009": null }, "geometry": { "type": "Point", "coordinates": [ 139.886068244580656, 35.920368879724563 ] } },
{ "type": "Feature", "properties": { "P29_001": "12236", "P29_002": "B112210002941", "P29_003": "16001", "P29_004": "香取市立東大戸小学校", "P29_005": "千葉県香取市大戸877", "P29_006": "3", "P29_007": "1", "P29_008": "00", "P29_009": null }, "geometry": { "type": "Point", "coordinates": [ 140.458605825586233, 35.887463414074631 ] } },
{ "type": "Feature", "properties": { "P29_001": "12236", "P29_002": "B112210002978", "P29_003": "16001", "P29_004": "香取市立瑞穂小学校", "P29_005": "千葉県香取市堀之内1770-96", "P29_006": "3", "P29_007": "1", "P29_008": "00", "P29_009": null }, "geometry": { "type": "Point", "coordinates": [ 140.431475471043171, 35.888208364654339 ] } },
{ "type": "Feature", "properties": { "P29_001": "12210", "P29_002": "B112210003012", "P29_003": "16001", "P29_004": "茂原市立豊田小学校", "P29_005": "千葉県茂原市長尾156", "P29_006": "3", "P29_007": "1", "P29_008": "00", "P29_009": null }, "geometry": { "type": "Point", "coordinates": [ 140.292775386681228, 35.455941617713719 ] } },
{ "type": "Feature", "properties": { "P29_001": "12210", "P29_002": "B112210003101", "P29_003": "16001", "P29_004": "茂原市立本納小学校", "P29_005": "千葉県茂原市本納1623", "P29_006": "3", "P29_007": "1", "P29_008": "00", "P29_009": null }, "geometry": { "type": "Point", "coordinates": [ 140.307450716572873, 35.486081387927172 ] } },
{ "type": "Feature", "properties": { "P29_001": "12210", "P29_002": "B112210003129", "P29_003": "16001", "P29_004": "茂原市立豊岡小学校", "P29_005": "千葉県茂原市弓渡255", "P29_006": "3", "P29_007": "1", "P29_008": "00", "P29_009": null }, "geometry": { "type": "Point", "coordinates": [ 140.349664406797615, 35.475344192846059 ] } },
{ "type": "Feature", "properties": { "P29_001": "12211", "P29_002": "B112210003147", "P29_003": "16001", "P29_004": "成田市立成田小学校", "P29_005": "千葉県成田市幸町948-1", "P29_006": "3", "P29_007": "1", "P29_008": "00", "P29_009": null }, "geometry": { "type": "Point", "coordinates": [ 140.313856995279423, 35.783026797347539 ] } },
{ "type": "Feature", "properties": { "P29_001": "12211", "P29_002": "B112210003174", "P29_003": "16001", "P29_004": "成田市立豊住小学校", "P29_005": "千葉県成田市北羽鳥1985-2", "P29_006": "3", "P29_007": "1", "P29_008": "00", "P29_009": null }, "geometry": { "type": "Point", "coordinates": [ 140.294520815001988, 35.851919390853318 ] } },
{ "type": "Feature", "properties": { "P29_001": "12211", "P29_002": "B112210003245", "P29_003": "16001", "P29_004": "成田市立吾妻小学校", "P29_005": "千葉県成田市吾妻2-6", "P29_006": "3", "P29_007": "1", "P29_008": "00", "P29_009": null }, "geometry": { "type": "Point", "coordinates": [ 140.286296452334511, 35.783679619919965 ] } },
{ "type": "Feature", "properties": { "P29_001": "12212", "P29_002": "B112210003325", "P29_003": "16001", "P29_004": "佐倉市立佐倉小学校", "P29_005": "千葉県佐倉市新町78-4", "P29_006": "3", "P29_007": "1", "P29_008": "00", "P29_009": null }, "geometry": { "type": "Point", "coordinates": [ 140.234209339427281, 35.720876710275022 ] } },
{ "type": "Feature", "properties": { "P29_001": "12212", "P29_002": "B112210003334", "P29_003": "16001", "P29_004": "佐倉市立内郷小学校", "P29_005": "千葉県佐倉市岩名870", "P29_006": "3", "P29_007": "1", "P29_008": "00", "P29_009": null }, "geometry": { "type": "Point", "coordinates": [ 140.22332838629552, 35.7371616820542 ] } },
{ "type": "Feature", "properties": { "P29_001": "12212", "P29_002": "B112210003343", "P29_003": "16001", "P29_004": "佐倉市立志津小学校", "P29_005": "千葉県佐倉市上座1156-2", "P29_006": "3", "P29_007": "1", "P29_008": "00", "P29_009": null }, "geometry": { "type": "Point", "coordinates": [ 140.162064636979125, 35.725857174021968 ] } },
{ "type": "Feature", "properties": { "P29_001": "12212", "P29_002": "B112210003389", "P29_003": "16001", "P29_004": "佐倉市立根郷小学校", "P29_005": "千葉県佐倉市城454", "P29_006": "3", "P29_007": "1", "P29_008": "00", "P29_009": null }, "geometry": { "type": "Point", "coordinates": [ 140.231427469545395, 35.693481247559482 ] } },
{ "type": "Feature", "properties": { "P29_001": "12212", "P29_002": "B112210003398", "P29_003": "16001", "P29_004": "佐倉市立和田小学校", "P29_005": "千葉県佐倉市直弥59-1", "P29_006": "3", "P29_007": "1", "P29_008": "00", "P29_009": null }, "geometry": { "type": "Point", "coordinates": [ 140.258845992457481, 35.695696178809683 ] } },
{ "type": "Feature", "properties": { "P29_001": "12212", "P29_002": "B112210003414", "P29_003": "16001", "P29_004": "佐倉市立千代田小学校", "P29_005": "千葉県佐倉市吉見553", "P29_006": "3", "P29_007": "1", "P29_008": "00", "P29_009": null }, "geometry": { "type": "Point", "coordinates": [ 140.188404637115099, 35.710821659620386 ] } },
{ "type": "Feature", "properties": { "P29_001": "12212", "P29_002": "B112210003441", "P29_003": "16001", "P29_004": "佐倉市立南志津小学校", "P29_005": "千葉県佐倉市下志津原164-2", "P29_006": "3", "P29_007": "1", "P29_008": "00", "P29_009": null }, "geometry": { "type": "Point", "coordinates": [ 140.15598308810101, 35.703797060876568 ] } },
{ "type": "Feature", "properties": { "P29_001": "12212", "P29_002": "B112210003450", "P29_003": "16001", "P29_004": "佐倉市立佐倉東小学校", "P29_005": "千葉県佐倉市将門町7", "P29_006": "3", "P29_007": "1", "P29_008": "00", "P29_009": null }, "geometry": { "type": "Point", "coordinates": [ 140.246313341818421, 35.725672644854782 ] } },
{ "type": "Feature", "properties": { "P29_001": "12212", "P29_002": "B112210003520", "P29_003": "16001", "P29_004": "佐倉市立山王小学校", "P29_005": "千葉県佐倉市山王1-44", "P29_006": "3", "P29_007": "1", "P29_008": "00", "P29_009": null }, "geometry": { "type": "Point", "coordinates": [ 140.208562717716774, 35.686204287728188 ] } },
{ "type": "Feature", "properties": { "P29_001": "12213", "P29_002": "B112210003584", "P29_003": "16001", "P29_004": "東金市立丘山小学校", "P29_005": "千葉県東金市丹尾4-2", "P29_006": "3", "P29_007": "1", "P29_008": "00", "P29_009": null }, "geometry": { "type": "Point", "coordinates": [ 140.323207704965427, 35.576526080719333 ] } },
{ "type": "Feature", "properties": { "P29_001": "12213", "P29_002": "B112210003593", "P29_003": "16001", "P29_004": "東金市立正気小学校", "P29_005": "千葉県東金市家徳34-1", "P29_006": "3", "P29_007": "1", "P29_008": "00", "P29_009": null }, "geometry": { "type": "Point", "coordinates": [ 140.399864409444262, 35.542958894034079 ] } },
{ "type": "Feature", "properties": { "P29_001": "12235", "P29_002": "B112210003655", "P29_003": "16001", "P29_004": "匝瑳市立椿海小学校", "P29_005": "千葉県匝瑳市椿973", "P29_006": "3", "P29_007": "1", "P29_008": "00", "P29_009": null }, "geometry": { "type": "Point", "coordinates": [ 140.578579889156515, 35.722233750323561 ] } },
{ "type": "Feature", "properties": { "P29_001": "12235", "P29_002": "B112210003664", "P29_003": "16001", "P29_004": "匝瑳市立八日市場小学校", "P29_005": "千葉県匝瑳市八日市場イ2311", "P29_006": "3", "P29_007": "1", "P29_008": "00", "P29_009": null }, "geometry": { "type": "Point", "coordinates": [ 140.550123921748224, 35.705154588167709 ] } },
{ "type": "Feature", "properties": { "P29_001": "12235", "P29_002": "B112210003673", "P29_003": "16001", "P29_004": "匝瑳市立豊栄小学校", "P29_005": "千葉県匝瑳市飯倉1847", "P29_006": "3", "P29_007": "1", "P29_008": "00", "P29_009": null }, "geometry": { "type": "Point", "coordinates": [ 140.516589898414793, 35.696641590145404 ] } },
{ "type": "Feature", "properties": { "P29_001": "12216", "P29_002": "B112210003799", "P29_003": "16001", "P29_004": "習志野市立津田沼小学校", "P29_005": "千葉県習志野市津田沼4-5-2", "P29_006": "3", "P29_007": "1", "P29_008": "00", "P29_009": null }, "geometry": { "type": "Point", "coordinates": [ 140.019808292500386, 35.682898798785196 ] } },
{ "type": "Feature", "properties": { "P29_001": "12216", "P29_002": "B112210003879", "P29_003": "16001", "P29_004": "習志野市立東習志野小学校", "P29_005": "千葉県習志野市東習志野3-4-2", "P29_006": "3", "P29_007": "1", "P29_008": "00", "P29_009": null }, "geometry": { "type": "Point", "coordinates": [ 140.073183915235035, 35.691916384644948 ] } },
{ "type": "Feature", "properties": { "P29_001": "12216", "P29_002": "B112210003904", "P29_003": "16001", "P29_004": "習志野市立実花小学校", "P29_005": "千葉県習志野市東習志野6-7-2", "P29_006": "3", "P29_007": "1", "P29_008": "00", "P29_009": null }, "geometry": { "type": "Point", "coordinates": [ 140.066049405963724, 35.698624393582705 ] } },
{ "type": "Feature", "properties": { "P29_001": "12216", "P29_002": "B112210003931", "P29_003": "16001", "P29_004": "習志野市立香澄小学校", "P29_005": "千葉県習志野市香澄4-6-1", "P29_006": "3", "P29_007": "1", "P29_008": "00", "P29_009": null }, "geometry": { "type": "Point", "coordinates": [ 140.026774110246691, 35.66525460056701 ] } },
{ "type": "Feature", "properties": { "P29_001": "12216", "P29_002": "B112210003940", "P29_003": "16001", "P29_004": "習志野市立谷津南小学校", "P29_005": "千葉県習志野市谷津3-1-36", "P29_006": "3", "P29_007": "1", "P29_008": "00", "P29_009": null }, "geometry": { "type": "Point", "coordinates": [ 140.008647084646725, 35.679670417731991 ] } },
{ "type": "Feature", "properties": { "P29_001": "12217", "P29_002": "B112210003968", "P29_003": "16001", "P29_004": "柏市立柏第二小学校", "P29_005": "千葉県柏市豊四季310", "P29_006": "3", "P29_007": "1", "P29_008": "00", "P29_009": null }, "geometry": { "type": "Point", "coordinates": [ 139.94957002569484, 35.859144815914895 ] } },
{ "type": "Feature", "properties": { "P29_001": "12217", "P29_002": "B112210003977", "P29_003": "16001", "P29_004": "柏市立柏第三小学校", "P29_005": "千葉県柏市若葉町4-54", "P29_006": "3", "P29_007": "1", "P29_008": "00", "P29_009": null }, "geometry": { "type": "Point", "coordinates": [ 139.971754606858241, 35.854329210220421 ] } },
{ "type": "Feature", "properties": { "P29_001": "12217", "P29_002": "B112210004039", "P29_003": "16001", "P29_004": "柏市立田中小学校", "P29_005": "千葉県柏市大室1193-3", "P29_006": "3", "P29_007": "1", "P29_008": "00", "P29_009": null }, "geometry": { "type": "Point", "coordinates": [ 139.963587784348306, 35.901583117751109 ] } },
{ "type": "Feature", "properties": { "P29_001": "12217", "P29_002": "B112210004066", "P29_003": "16001", "P29_004": "柏市立富勢小学校", "P29_005": "千葉県柏市布施925-1", "P29_006": "3", "P29_007": "1", "P29_008": "00", "P29_009": null }, "geometry": { "type": "Point", "coordinates": [ 139.992899963213233, 35.887540829199878 ] } },
{ "type": "Feature", "properties": { "P29_001": "12217", "P29_002": "B112210004119", "P29_003": "16001", "P29_004": "柏市立旭小学校", "P29_005": "千葉県柏市旭町6-5-17", "P29_006": "3", "P29_007": "1", "P29_008": "00", "P29_009": null }, "geometry": { "type": "Point", "coordinates": [ 139.955801495315654, 35.857537604228064 ] } },
{ "type": "Feature", "properties": { "P29_001": "12217", "P29_002": "B112210004146", "P29_003": "16001", "P29_004": "柏市立酒井根西小学校", "P29_005": "千葉県柏市酒井根662-1", "P29_006": "3", "P29_007": "1", "P29_008": "00", "P29_009": null }, "geometry": { "type": "Point", "coordinates": [ 139.953530888653859, 35.81835303459119 ] } },
{ "type": "Feature", "properties": { "P29_001": "12217", "P29_002": "B112210004155", "P29_003": "16001", "P29_004": "柏市立高田小学校", "P29_005": "千葉県柏市高田376-3", "P29_006": "3", "P29_007": "1", "P29_008": "00", "P29_009": null }, "geometry": { "type": "Point", "coordinates": [ 139.952320667121455, 35.874851139161969 ] } },
{ "type": "Feature", "properties": { "P29_001": "12217", "P29_002": "B112210004226", "P29_003": "16001", "P29_004": "柏市立旭東小学校", "P29_005": "千葉県柏市旭町5-3-9", "P29_006": "3", "P29_007": "1", "P29_008": "00", "P29_009": null }, "geometry": { "type": "Point", "coordinates": [ 139.962387025778895, 35.856364966237756 ] } },
{ "type": "Feature", "properties": { "P29_001": "12217", "P29_002": "B112210004253", "P29_003": "16001", "P29_004": "柏市立花野井小学校", "P29_005": "千葉県柏市花野井1652-34", "P29_006": "3", "P29_007": "1", "P29_008": "00", "P29_009": null }, "geometry": { "type": "Point", "coordinates": [ 139.971504746069741, 35.899993757824504 ] } },
{ "type": "Feature", "properties": { "P29_001": "12217", "P29_002": "B112210004262", "P29_003": "16001", "P29_004": "柏市立富勢西小学校", "P29_005": "千葉県柏市布施84-2", "P29_006": "3", "P29_007": "1", "P29_008": "00", "P29_009": null }, "geometry": { "type": "Point", "coordinates": [ 139.987639097371812, 35.890726844991597 ] } },
{ "type": "Feature", "properties": { "P29_001": "12217", "P29_002": "B112210004271", "P29_003": "16001", "P29_004": "柏市立十余二小学校", "P29_005": "千葉県柏市柏の葉4-4-1", "P29_006": "3", "P29_007": "1", "P29_008": "00", "P29_009": null }, "geometry": { "type": "Point", "coordinates": [ 139.933172554849648, 35.898158594501666 ] } },
{ "type": "Feature", "properties": { "P29_001": "12218", "P29_002": "B112210004306", "P29_003": "16001", "P29_004": "勝浦市立勝浦小学校", "P29_005": "千葉県勝浦市墨名733-1", "P29_006": "3", "P29_007": "1", "P29_008": "00", "P29_009": null }, "geometry": { "type": "Point", "coordinates": [ 140.315416143696581, 35.151602159454072 ] } },
{ "type": "Feature", "properties": { "P29_001": "12218", "P29_002": "B112210004315", "P29_003": "16001", "P29_004": "勝浦市立豊浜小学校", "P29_005": "千葉県勝浦市新官65", "P29_006": "3", "P29_007": "1", "P29_008": "00", "P29_009": null }, "geometry": { "type": "Point", "coordinates": [ 140.327024717738851, 35.153793092897892 ] } },
{ "type": "Feature", "properties": { "P29_001": "12219", "P29_002": "B112210004342", "P29_003": "16001", "P29_004": "市原市立菊間小学校", "P29_005": "千葉県市原市菊間1620-1", "P29_006": "3", "P29_007": "1", "P29_008": "00", "P29_009": null }, "geometry": { "type": "Point", "coordinates": [ 140.151341649414007, 35.537392954884261 ] } },
{ "type": "Feature", "properties": { "P29_001": "12219", "P29_002": "B112210004486", "P29_003": "16001", "P29_004": "市原市立湿津小学校", "P29_005": "千葉県市原市潤井戸2299-14", "P29_006": "3", "P29_007": "1", "P29_008": "00", "P29_009": null }, "geometry": { "type": "Point", "coordinates": [ 140.180133267467312, 35.498410066875621 ] } },
{ "type": "Feature", "properties": { "P29_001": "12219", "P29_002": "B112210004538", "P29_003": "16001", "P29_004": "市原市立牛久小学校", "P29_005": "千葉県市原市皆吉933-2", "P29_006": "3", "P29_007": "1", "P29_008": "00", "P29_009": null }, "geometry": { "type": "Point", "coordinates": [ 140.138304498559961, 35.394769172874192 ] } },
{ "type": "Feature", "properties": { "P29_001": "12219", "P29_002": "B112210004556", "P29_003": "16001", "P29_004": "市原市立鶴舞小学校", "P29_005": "千葉県市原市鶴舞708", "P29_006": "3", "P29_007": "1", "P29_008": "00", "P29_009": null }, "geometry": { "type": "Point", "coordinates": [ 140.182887840203762, 35.3838202012697 ] } },
{ "type": "Feature", "properties": { "P29_001": "12219", "P29_002": "B112210004618", "P29_003": "16001", "P29_004": "市原市立白幡小学校", "P29_005": "千葉県市原市山木108", "P29_006": "3", "P29_007": "1", "P29_008": "00", "P29_009": null }, "geometry": { "type": "Point", "coordinates": [ 140.14412278041948, 35.517415862749097 ] } },
{ "type": "Feature", "properties": { "P29_001": "12219", "P29_002": "B112210004645", "P29_003": "16001", "P29_004": "市原市立寺谷小学校", "P29_005": "千葉県市原市寺谷687-1", "P29_006": "3", "P29_007": "1", "P29_008": "00", "P29_009": null }, "geometry": { "type": "Point", "coordinates": [ 140.105401634930871, 35.407809909330901 ] } },
{ "type": "Feature", "properties": { "P29_001": "12220", "P29_002": "B112210004743", "P29_003": "16001", "P29_004": "流山市立東小学校", "P29_005": "千葉県流山市名都借856", "P29_006": "3", "P29_007": "1", "P29_008": "00", "P29_009": null }, "geometry": { "type": "Point", "coordinates": [ 139.942408185315202, 35.843053292928197 ] } },
{ "type": "Feature", "properties": { "P29_001": "12220", "P29_002": "B112210004814", "P29_003": "16001", "P29_004": "流山市立向小金小学校", "P29_005": "千葉県流山市向小金3-149-1", "P29_006": "3", "P29_007": "1", "P29_008": "00", "P29_009": null }, "geometry": { "type": "Point", "coordinates": [ 139.951897990032506, 35.83637176310058 ] } },
{ "type": "Feature", "properties": { "P29_001": "12220", "P29_002": "B112210004823", "P29_003": "16001", "P29_004": "流山市立西初石小学校", "P29_005": "千葉県流山市西初石4-347", "P29_006": "3", "P29_007": "1", "P29_008": "00", "P29_009": null }, "geometry": { "type": "Point", "coordinates": [ 139.910555231946546, 35.878949807855982 ] } },
{ "type": "Feature", "properties": { "P29_001": "12220", "P29_002": "B112210004832", "P29_003": "16001", "P29_004": "流山市立長崎小学校", "P29_005": "千葉県流山市野々下2-10-1", "P29_006": "3", "P29_007": "1", "P29_008": "00", "P29_009": null }, "geometry": { "type": "Point", "coordinates": [ 139.936223477767783, 35.85966094774394 ] } },
{ "type": "Feature", "properties": { "P29_001": "12221", "P29_002": "B112210004921", "P29_003": "16001", "P29_004": "八千代市立村上小学校", "P29_005": "千葉県八千代市村上1113-1", "P29_006": "3", "P29_007": "1", "P29_008": "00", "P29_009": null }, "geometry": { "type": "Point", "coordinates": [ 140.122099128228967, 35.724550706077736 ] } },
{ "type": "Feature", "properties": { "P29_001": "12221", "P29_002": "B112210004949", "P29_003": "16001", "P29_004": "八千代市立八千代台西小学校", "P29_005": "千葉県八千代市八千代台西7-23-1", "P29_006": "3", "P29_007": "1", "P29_008": "00", "P29_009": null }, "geometry": { "type": "Point", "coordinates": [ 140.084775083071349, 35.702913282548323 ] } },
{ "type": "Feature", "properties": { "P29_001": "12221", "P29_002": "B112210005010", "P29_003": "16001", "P29_004": "八千代市立高津小学校", "P29_005": "千葉県八千代市高津738-6", "P29_006": "3", "P29_007": "1", "P29_008": "00", "P29_009": null }, "geometry": { "type": "Point", "coordinates": [ 140.08150595603081, 35.719403498333271 ] } },
{ "type": "Feature", "properties": { "P29_001": "12221", "P29_002": "B112210005038", "P29_003": "16001", "P29_004": "八千代市立村上東小学校", "P29_005": "千葉県八千代市村上1113-1", "P29_006": "3", "P29_007": "1", "P29_008": "00", "P29_009": null }, "geometry": { "type": "Point", "coordinates": [ 140.126289751072107, 35.727142259107794 ] } },
{ "type": "Feature", "properties": { "P29_001": "12221", "P29_002": "B112210005047", "P29_003": "16001", "P29_004": "八千代市立大和田西小学校", "P29_005": "千葉県八千代市大和田新田409-3", "P29_006": "3", "P29_007": "1", "P29_008": "00", "P29_009": null }, "geometry": { "type": "Point", "coordinates": [ 140.090963148856758, 35.726360910605457 ] } },
{ "type": "Feature", "properties": { "P29_001": "12221", "P29_002": "B112210005056", "P29_003": "16001", "P29_004": "八千代市立村上北小学校", "P29_005": "千葉県八千代市村上1113-1", "P29_006": "3", "P29_007": "1", "P29_008": "00", "P29_009": null }, "geometry": { "type": "Point", "coordinates": [ 140.122459259879548, 35.735492323259734 ] } },
{ "type": "Feature", "properties": { "P29_001": "12222", "P29_002": "B112210005172", "P29_003": "16001", "P29_004": "我孫子市立高野山小学校", "P29_005": "千葉県我孫子市高野山198", "P29_006": "3", "P29_007": "1", "P29_008": "00", "P29_009": null }, "geometry": { "type": "Point", "coordinates": [ 140.030678732605082, 35.866416788422548 ] } },
{ "type": "Feature", "properties": { "P29_001": "12223", "P29_002": "B112210005261", "P29_003": "16001", "P29_004": "鴨川市立田原小学校", "P29_005": "千葉県鴨川市坂東285", "P29_006": "3", "P29_007": "1", "P29_008": "00", "P29_009": null }, "geometry": { "type": "Point", "coordinates": [ 140.068069017930299, 35.121173081961238 ] } },
{ "type": "Feature", "properties": { "P29_001": "12224", "P29_002": "B112210005289", "P29_003": "16001", "P29_004": "鎌ケ谷市立南部小学校", "P29_005": "千葉県鎌ケ谷市中沢726-41", "P29_006": "3", "P29_007": "1", "P29_008": "00", "P29_009": null }, "geometry": { "type": "Point", "coordinates": [ 139.986545888185447, 35.75651780634869 ] } },
{ "type": "Feature", "properties": { "P29_001": "12224", "P29_002": "B112210005298", "P29_003": "16001", "P29_004": "鎌ケ谷市立北部小学校", "P29_005": "千葉県鎌ケ谷市粟野735", "P29_006": "3", "P29_007": "1", "P29_008": "00", "P29_009": null }, "geometry": { "type": "Point", "coordinates": [ 140.00565143076139, 35.790248104434013 ] } },
{ "type": "Feature", "properties": { "P29_001": "12224", "P29_002": "B112210005314", "P29_003": "16001", "P29_004": "鎌ケ谷市立西部小学校", "P29_005": "千葉県鎌ケ谷市初富110", "P29_006": "3", "P29_007": "1", "P29_008": "00", "P29_009": null }, "geometry": { "type": "Point", "coordinates": [ 139.984959747327224, 35.785054941055016 ] } },
{ "type": "Feature", "properties": { "P29_001": "12225", "P29_002": "B112210005494", "P29_003": "16001", "P29_004": "君津市立北子安小学校", "P29_005": "千葉県君津市北子安853", "P29_006": "3", "P29_007": "1", "P29_008": "00", "P29_009": null }, "geometry": { "type": "Point", "coordinates": [ 139.91803101299422, 35.336654203776547 ] } },
{ "type": "Feature", "properties": { "P29_001": "12226", "P29_002": "B112210005528", "P29_003": "16001", "P29_004": "富津市立青堀小学校", "P29_005": "千葉県富津市大堀2042-4", "P29_006": "3", "P29_007": "1", "P29_008": "00", "P29_009": null }, "geometry": { "type": "Point", "coordinates": [ 139.852334500184156, 35.327050094030291 ] } },
{ "type": "Feature", "properties": { "P29_001": "12226", "P29_002": "B112210005537", "P29_003": "16001", "P29_004": "富津市立富津小学校", "P29_005": "千葉県富津市富津396-2", "P29_006": "3", "P29_007": "1", "P29_008": "00", "P29_009": null }, "geometry": { "type": "Point", "coordinates": [ 139.824362802115303, 35.312332264484539 ] } },
{ "type": "Feature", "properties": { "P29_001": "12227", "P29_002": "B112210005635", "P29_003": "16001", "P29_004": "浦安市立見明川小学校", "P29_005": "千葉県浦安市弁天3-1-2", "P29_006": "3", "P29_007": "1", "P29_008": "00", "P29_009": null }, "geometry": { "type": "Point", "coordinates": [ 139.895696740340014, 35.639281665838816 ] } },
{ "type": "Feature", "properties": { "P29_001": "12227", "P29_002": "B112210005671", "P29_003": "16001", "P29_004": "浦安市立舞浜小学校", "P29_005": "千葉県浦安市舞浜2-1-1", "P29_006": "3", "P29_007": "1", "P29_008": "00", "P29_009": null }, "geometry": { "type": "Point", "coordinates": [ 139.885554782136353, 35.641970947910558 ] } },
{ "type": "Feature", "properties": { "P29_001": "12227", "P29_002": "B112210005699", "P29_003": "16001", "P29_004": "浦安市立日の出小学校", "P29_005": "千葉県浦安市日の出3-1-1", "P29_006": "3", "P29_007": "1", "P29_008": "00", "P29_009": null }, "geometry": { "type": "Point", "coordinates": [ 139.925941959252469, 35.647355868994886 ] } },
{ "type": "Feature", "properties": { "P29_001": "12228", "P29_002": "B112210005788", "P29_003": "16001", "P29_004": "四街道市立大日小学校", "P29_005": "千葉県四街道市大日978", "P29_006": "3", "P29_007": "1", "P29_008": "00", "P29_009": null }, "geometry": { "type": "Point", "coordinates": [ 140.156091924098547, 35.683734263288287 ] } },
{ "type": "Feature", "properties": { "P29_001": "12228", "P29_002": "B112210005797", "P29_003": "16001", "P29_004": "四街道市立南小学校", "P29_005": "千葉県四街道市物井1536", "P29_006": "3", "P29_007": "1", "P29_008": "00", "P29_009": null }, "geometry": { "type": "Point", "coordinates": [ 140.189767533384469, 35.692074861734838 ] } },
{ "type": "Feature", "properties": { "P29_001": "12208", "P29_002": "B112210005895", "P29_003": "16001", "P29_004": "野田市立木間ケ瀬小学校", "P29_005": "千葉県野田市木間ケ瀬3640", "P29_006": "3", "P29_007": "1", "P29_008": "01", "P29_009": null }, "geometry": { "type": "Point", "coordinates": [ 139.846073912933775, 36.021588323251414 ] } },
{ "type": "Feature", "properties": { "P29_001": "12217", "P29_002": "B112210005939", "P29_003": "16001", "P29_004": "柏市立風早南部小学校", "P29_005": "千葉県柏市藤ケ谷新田111-2", "P29_006": "3", "P29_007": "1", "P29_008": "00", "P29_009": null }, "geometry": { "type": "Point", "coordinates": [ 140.017948856301928, 35.81795801684887 ] } },
{ "type": "Feature", "properties": { "P29_001": "12217", "P29_002": "B112210005966", "P29_003": "16001", "P29_004": "柏市立手賀東小学校", "P29_005": "千葉県柏市手賀479-7", "P29_006": "3", "P29_007": "1", "P29_008": "00", "P29_009": null }, "geometry": { "type": "Point", "coordinates": [ 140.078247158207091, 35.839286945934191 ] } },
{ "type": "Feature", "properties": { "P29_001": "12322", "P29_002": "B112210006019", "P29_003": "16001", "P29_004": "酒々井町立酒々井小学校", "P29_005": "千葉県印旛郡酒々井町酒々井203", "P29_006": "3", "P29_007": "1", "P29_008": "00", "P29_009": null }, "geometry": { "type": "Point", "coordinates": [ 140.266499333762852, 35.729199835377258 ] } },
{ "type": "Feature", "properties": { "P29_001": "12230", "P29_002": "B112210006037", "P29_003": "16001", "P29_004": "八街市立実住小学校", "P29_005": "千葉県八街市八街ほ301", "P29_006": "3", "P29_007": "1", "P29_008": "00", "P29_009": null }, "geometry": { "type": "Point", "coordinates": [ 140.314673171190066, 35.658208071511318 ] } },
{ "type": "Feature", "properties": { "P29_001": "12230", "P29_002": "B112210006046", "P29_003": "16001", "P29_004": "八街市立笹引小学校", "P29_005": "千葉県八街市八街へ199-133", "P29_006": "3", "P29_007": "1", "P29_008": "00", "P29_009": null }, "geometry": { "type": "Point", "coordinates": [ 140.310399699250468, 35.630315471474773 ] } },
{ "type": "Feature", "properties": { "P29_001": "12230", "P29_002": "B112210006055", "P29_003": "16001", "P29_004": "八街市立朝陽小学校", "P29_005": "千葉県八街市八街は19-2", "P29_006": "3", "P29_007": "1", "P29_008": "00", "P29_009": null }, "geometry": { "type": "Point", "coordinates": [ 140.308522235664299, 35.691562513705115 ] } },
{ "type": "Feature", "properties": { "P29_001": "12230", "P29_002": "B112210006064", "P29_003": "16001", "P29_004": "八街市立交進小学校", "P29_005": "千葉県八街市八街ろ111-33", "P29_006": "3", "P29_007": "1", "P29_008": "00", "P29_009": null }, "geometry": { "type": "Point", "coordinates": [ 140.283696992661675, 35.663188157714742 ] } },
{ "type": "Feature", "properties": { "P29_001": "12230", "P29_002": "B112210006091", "P29_003": "16001", "P29_004": "八街市立川上小学校", "P29_005": "千葉県八街市大谷流867-1", "P29_006": "3", "P29_007": "1", "P29_008": "00", "P29_009": null }, "geometry": { "type": "Point", "coordinates": [ 140.288699128197038, 35.624884890825186 ] } },
{ "type": "Feature", "properties": { "P29_001": "12233", "P29_002": "B112210006126", "P29_003": "16001", "P29_004": "富里市立浩養小学校", "P29_005": "千葉県富里市十倉185-54", "P29_006": "3", "P29_007": "1", "P29_008": "00", "P29_009": null }, "geometry": { "type": "Point", "coordinates": [ 140.338549931590251, 35.693042487508471 ] } },
{ "type": "Feature", "properties": { "P29_001": "12233", "P29_002": "B112210006144", "P29_003": "16001", "P29_004": "富里市立富里小学校", "P29_005": "千葉県富里市七栄720", "P29_006": "3", "P29_007": "1", "P29_008": "00", "P29_009": null }, "geometry": { "type": "Point", "coordinates": [ 140.332314715746833, 35.734396958908093 ] } },
{ "type": "Feature", "properties": { "P29_001": "12233", "P29_002": "B112210006180", "P29_003": "16001", "P29_004": "富里市立七栄小学校", "P29_005": "千葉県富里市七栄132-7", "P29_006": "3", "P29_007": "1", "P29_008": "00", "P29_009": null }, "geometry": { "type": "Point", "coordinates": [ 140.318798078587008, 35.736976217673806 ] } },
{ "type": "Feature", "properties": { "P29_001": "12232", "P29_002": "B112210006233", "P29_003": "16001", "P29_004": "白井市立白井第二小学校", "P29_005": "千葉県白井市中181-2", "P29_006": "3", "P29_007": "1", "P29_008": "00", "P29_009": null }, "geometry": { "type": "Point", "coordinates": [ 140.046272366252111, 35.818370569894498 ] } },
{ "type": "Feature", "properties": { "P29_001": "12232", "P29_002": "B112210006242", "P29_003": "16001", "P29_004": "白井市立白井第三小学校", "P29_005": "千葉県白井市根336-15", "P29_006": "3", "P29_007": "1", "P29_008": "00", "P29_009": null }, "geometry": { "type": "Point", "coordinates": [ 140.029706451942474, 35.774290928638102 ] } },
{ "type": "Feature", "properties": { "P29_001": "12231", "P29_002": "B112210006313", "P29_003": "16001", "P29_004": "印西市立木下小学校", "P29_005": "千葉県印西市木下1502", "P29_006": "3", "P29_007": "1", "P29_008": "00", "P29_009": null }, "geometry": { "type": "Point", "coordinates": [ 140.154428143765728, 35.839394428092284 ] } },
{ "type": "Feature", "properties": { "P29_001": "12231", "P29_002": "B112210006395", "P29_003": "16001", "P29_004": "印西市立小倉台小学校", "P29_005": "千葉県印西市小倉台2-3", "P29_006": "3", "P29_007": "1", "P29_008": "00", "P29_009": null }, "geometry": { "type": "Point", "coordinates": [ 140.110063122181174, 35.804318110409405 ] } },
{ "type": "Feature", "properties": { "P29_001": "12231", "P29_002": "B112210006457", "P29_003": "16001", "P29_004": "印西市立本埜小学校", "P29_005": "千葉県印西市中根1281-2", "P29_006": "3", "P29_007": "1", "P29_008": "00", "P29_009": null }, "geometry": { "type": "Point", "coordinates": [ 140.194883941223594, 35.806673259219629 ] } },
{ "type": "Feature", "properties": { "P29_001": "12236", "P29_002": "B112210006581", "P29_003": "16001", "P29_004": "香取市立小見川東小学校", "P29_005": "千葉県香取市阿玉川728", "P29_006": "3", "P29_007": "1", "P29_008": "00", "P29_009": null }, "geometry": { "type": "Point", "coordinates": [ 140.622144947345589, 35.844002334425539 ] } },
{ "type": "Feature", "properties": { "P29_001": "12236", "P29_002": "B112210006643", "P29_003": "16001", "P29_004": "香取市立わらびが丘小学校", "P29_005": "千葉県香取市九美上29-1", "P29_006": "3", "P29_007": "1", "P29_008": "00", "P29_009": null }, "geometry": { "type": "Point", "coordinates": [ 140.504804723022346, 35.844087071267595 ] } },
{ "type": "Feature", "properties": { "P29_001": "12349", "P29_002": "B112210006714", "P29_003": "16001", "P29_004": "東庄町立東庄小学校", "P29_005": "千葉県香取郡東庄町笹川い4713-2", "P29_006": "3", "P29_007": "1", "P29_008": "00", "P29_009": null }, "geometry": { "type": "Point", "coordinates": [ 140.666290529552555, 35.838006282802503 ] } },
{ "type": "Feature", "properties": { "P29_001": "12237", "P29_002": "B112210006983", "P29_003": "16001", "P29_004": "山武市立睦岡小学校", "P29_005": "千葉県山武市埴谷771", "P29_006": "3", "P29_007": "1", "P29_008": "00", "P29_009": null }, "geometry": { "type": "Point", "coordinates": [ 140.379019853340964, 35.652514199615709 ] } },
{ "type": "Feature", "properties": { "P29_001": "12237", "P29_002": "B112210006992", "P29_003": "16001", "P29_004": "山武市立山武北小学校", "P29_005": "千葉県山武市沖渡699", "P29_006": "3", "P29_007": "1", "P29_008": "00", "P29_009": null }, "geometry": { "type": "Point", "coordinates": [ 140.359428031631353, 35.674402568921749 ] } },
{ "type": "Feature", "properties": { "P29_001": "12410", "P29_002": "B112210007045", "P29_003": "16001", "P29_004": "横芝光町立横芝小学校", "P29_005": "千葉県山武郡横芝光町横芝1800", "P29_006": "3", "P29_007": "1", "P29_008": "00", "P29_009": null }, "geometry": { "type": "Point", "coordinates": [ 140.483825499341577, 35.655189823488243 ] } },
{ "type": "Feature", "properties": { "P29_001": "12409", "P29_002": "B112210007063", "P29_003": "16001", "P29_004": "芝山町立芝山小学校", "P29_005": "千葉県山武郡芝山町新井田63", "P29_006": "3", "P29_007": "1", "P29_008": "00", "P29_009": null }, "geometry": { "type": "Point", "coordinates": [ 140.407559348666894, 35.697388200217375 ] } },
{ "type": "Feature", "properties": { "P29_001": "12424", "P29_002": "B112210007152", "P29_003": "16001", "P29_004": "白子町立関小学校", "P29_005": "千葉県長生郡白子町関3889-1", "P29_006": "3", "P29_007": "1", "P29_008": "00", "P29_009": null }, "geometry": { "type": "Point", "coordinates": [ 140.364731910419493, 35.450528079184338 ] } },
{ "type": "Feature", "properties": { "P29_001": "12238", "P29_002": "B112210007223", "P29_003": "16001", "P29_004": "いすみ市立大原小学校", "P29_005": "千葉県いすみ市大原8530-3", "P29_006": "3", "P29_007": "1", "P29_008": "00", "P29_009": null }, "geometry": { "type": "Point", "coordinates": [ 140.389938367166025, 35.245437386654025 ] } },
{ "type": "Feature", "properties": { "P29_001": "12238", "P29_002": "B112210007250", "P29_003": "16001", "P29_004": "いすみ市立長者小学校", "P29_005": "千葉県いすみ市岬町長者330", "P29_006": "3", "P29_007": "1", "P29_008": "00", "P29_009": null }, "geometry": { "type": "Point", "coordinates": [ 140.392758849549722, 35.295627743403905 ] } },
{ "type": "Feature", "properties": { "P29_001": "12238", "P29_002": "B112210007269", "P29_003": "16001", "P29_004": "いすみ市立中根小学校", "P29_005": "千葉県いすみ市岬町中滝954", "P29_006": "3", "P29_007": "1", "P29_008": "00", "P29_009": null }, "geometry": { "type": "Point", "coordinates": [ 140.373308969411909, 35.298759859274767 ] } },
{ "type": "Feature", "properties": { "P29_001": "12223", "P29_002": "B112210007376", "P29_003": "16001", "P29_004": "鴨川市立江見小学校", "P29_005": "千葉県鴨川市宮1451-1", "P29_006": "3", "P29_007": "1", "P29_008": "00", "P29_009": null }, "geometry": { "type": "Point", "coordinates": [ 140.084516392615569, 35.091267669736034 ] } },
{ "type": "Feature", "properties": { "P29_001": "12229", "P29_002": "B112210007438", "P29_003": "16001", "P29_004": "袖ケ浦市立平岡小学校", "P29_005": "千葉県袖ケ浦市野里1503", "P29_006": "3", "P29_007": "1", "P29_008": "00", "P29_009": null }, "geometry": { "type": "Point", "coordinates": [ 140.048357798433301, 35.403155253198186 ] } },
{ "type": "Feature", "properties": { "P29_001": "12217", "P29_002": "B112210007553", "P29_003": "16001", "P29_004": "柏市立柏の葉小学校", "P29_005": "千葉県柏市十余二348-51中央404街区1", "P29_006": "3", "P29_007": "1", "P29_008": "00", "P29_009": null }, "geometry": { "type": "Point", "coordinates": [ 139.952844033469063, 35.885893994646288 ] } },
{ "type": "Feature", "properties": { "P29_001": "12221", "P29_002": "B112210007599", "P29_003": "16001", "P29_004": "八千代市立八千代台東小学校", "P29_005": "千葉県八千代市八千代台東2-5-1", "P29_006": "3", "P29_007": "1", "P29_008": "00", "P29_009": null }, "geometry": { "type": "Point", "coordinates": [ 140.095795429452153, 35.698736413087325 ] } },
{ "type": "Feature", "properties": { "P29_001": "12206", "P29_002": "B112210007606", "P29_003": "16001", "P29_004": "木更津市立真舟小学校", "P29_005": "千葉県木更津市真舟2-6-1", "P29_006": "3", "P29_007": "1", "P29_008": "00", "P29_009": null }, "geometry": { "type": "Point", "coordinates": [ 139.937661618280828, 35.362027108106126 ] } },
{ "type": "Feature", "properties": { "P29_001": "12204", "P29_002": "B112210007688", "P29_003": "16001", "P29_004": "船橋市立塚田南小学校", "P29_005": "千葉県船橋市行田1-50-1", "P29_006": "3", "P29_007": "1", "P29_008": "00", "P29_009": null }, "geometry": { "type": "Point", "coordinates": [ 139.980180006754637, 35.718577043262385 ] } },
{ "type": "Feature", "properties": { "P29_001": "12237", "P29_002": "B112210007713", "P29_003": "16001", "P29_004": "山武市立日向小学校", "P29_005": "千葉県山武市木原2370", "P29_006": "3", "P29_007": "1", "P29_008": "00", "P29_009": null }, "geometry": { "type": "Point", "coordinates": [ 140.347027303218937, 35.629673931522518 ] } },
{ "type": "Feature", "properties": { "P29_001": "12236", "P29_002": "B112210007722", "P29_003": "16001", "P29_004": "香取市立水の郷小学校", "P29_005": "千葉県香取市津宮1215", "P29_006": "3", "P29_007": "1", "P29_008": "00", "P29_009": null }, "geometry": { "type": "Point", "coordinates": [ 140.529746077331765, 35.898546123921726 ] } },
{ "type": "Feature", "properties": { "P29_001": "12225", "P29_002": "B112210007731", "P29_003": "16001", "P29_004": "君津市立周西の丘小学校", "P29_005": "千葉県君津市大和田425", "P29_006": "3", "P29_007": "1", "P29_008": "00", "P29_009": null }, "geometry": { "type": "Point", "coordinates": [ 139.880514413422588, 35.340928428083515 ] } },
{ "type": "Feature", "properties": { "P29_001": "12203", "P29_002": "B112310000013", "P29_003": "16001", "P29_004": "日出学園小学校", "P29_005": "千葉県市川市菅野3-23-1", "P29_006": "4", "P29_007": "1", "P29_008": "00", "P29_009": null }, "geometry": { "type": "Point", "coordinates": [ 139.918646533292076, 35.731816496544923 ] } },
{ "type": "Feature", "properties": { "P29_001": "12203", "P29_002": "B112310000022", "P29_003": "16001", "P29_004": "昭和学院小学校", "P29_005": "千葉県市川市東菅野2-17-1", "P29_006": "4", "P29_007": "1", "P29_008": "00", "P29_009": null }, "geometry": { "type": "Point", "coordinates": [ 139.930219165638306, 35.735951114606095 ] } },
{ "type": "Feature", "properties": { "P29_001": "12204", "P29_002": "B112310000068", "P29_003": "16001", "P29_004": "千葉日本大学第一小学校", "P29_005": "千葉県船橋市習志野台8-34-2", "P29_006": "4", "P29_007": "1", "P29_008": "00", "P29_009": null }, "geometry": { "type": "Point", "coordinates": [ 140.06026923493738, 35.718812831010951 ] } }
]
}
