{
"type": "FeatureCollection",
"name": "geo_12_中学校",
"crs": { "type": "name", "properties": { "name": "urn:ogc:def:crs:EPSG::6668" } },
"features": [
{ "type": "Feature", "properties": { "P29_001": "12101", "P29_002": "C112210000148", "P29_003": "16002", "P29_004": "千葉市立生浜中学校", "P29_005": "千葉県千葉市中央区南生実町258", "P29_006": "3", "P29_007": "1", "P29_008": "00", "P29_009": null }, "geometry": { "type": "Point", "coordinates": [ 140.144097396031469, 35.557222418520652 ] } },
{ "type": "Feature", "properties": { "P29_001": "12105", "P29_002": "C112210000157", "P29_003": "16002", "P29_004": "千葉市立誉田中学校", "P29_005": "千葉県千葉市緑区誉田町1-138", "P29_006": "3", "P29_007": "1", "P29_008": "00", "P29_009": null }, "geometry": { "type": "Point", "coordinates": [ 140.202768224280447, 35.552467283032612 ] } },
{ "type": "Feature", "properties": { "P29_001": "12105", "P29_002": "C112210000228", "P29_003": "16002", "P29_004": "千葉市立土気中学校", "P29_005": "千葉県千葉市緑区土気町1400", "P29_006": "3", "P29_007": "1", "P29_008": "00", "P29_009": null }, "geometry": { "type": "Point", "coordinates": [ 140.272466952117696, 35.541074260599636 ] } },
{ "type": "Feature", "properties": { "P29_001": "12105", "P29_002": "C112210000442", "P29_003": "16002", "P29_004": "千葉市立越智中学校", "P29_005": "千葉県千葉市緑区越智町651", "P29_006": "3", "P29_007": "1", "P29_008": "00", "P29_009": null }, "geometry": { "type": "Point", "coordinates": [ 140.241326858109289, 35.533543962451745 ] } },
{ "type": "Feature", "properties": { "P29_001": "12105", "P29_002": "C112210000451", "P29_003": "16002", "P29_004": "千葉市立泉谷中学校", "P29_005": "千葉県千葉市緑区おゆみ野中央4-2", "P29_006": "3", "P29_007": "1", "P29_008": "00", "P29_009": null }, "geometry": { "type": "Point", "coordinates": [ 140.172789878055937, 35.554779939856893 ] } },
{ "type": "Feature", "properties": { "P29_001": "12105", "P29_002": "C112210000479", "P29_003": "16002", "P29_004": "千葉市立土気南中学校", "P29_005": "千葉県千葉市緑区あすみが丘4-38", "P29_006": "3", "P29_007": "1", "P29_008": "00", "P29_009": null }, "geometry": { "type": "Point", "coordinates": [ 140.261391921761401, 35.525042817211471 ] } },
{ "type": "Feature", "properties": { "P29_001": "12105", "P29_002": "C112210000497", "P29_003": "16002", "P29_004": "千葉市立有吉中学校", "P29_005": "千葉県千葉市緑区おゆみ野2-41", "P29_006": "3", "P29_007": "1", "P29_008": "00", "P29_009": null }, "geometry": { "type": "Point", "coordinates": [ 140.171042561540332, 35.56105614275765 ] } },
{ "type": "Feature", "properties": { "P29_001": "12105", "P29_002": "C112210000503", "P29_003": "16002", "P29_004": "千葉市立大椎中学校", "P29_005": "千葉県千葉市緑区あすみが丘8-26", "P29_006": "3", "P29_007": "1", "P29_008": "00", "P29_009": null }, "geometry": { "type": "Point", "coordinates": [ 140.270539840606688, 35.516751518916614 ] } },
{ "type": "Feature", "properties": { "P29_001": "12205", "P29_002": "C112210001049", "P29_003": "16002", "P29_004": "館山市立房南中学校", "P29_005": "千葉県館山市佐野2070", "P29_006": "3", "P29_007": "1", "P29_008": "00", "P29_009": null }, "geometry": { "type": "Point", "coordinates": [ 139.840646130083513, 34.941742742085502 ] } },
{ "type": "Feature", "properties": { "P29_001": "12206", "P29_002": "C112210001058", "P29_003": "16002", "P29_004": "木更津市立木更津第一中学校", "P29_005": "千葉県木更津市中央1-10-1", "P29_006": "3", "P29_007": "1", "P29_008": "00", "P29_009": null }, "geometry": { "type": "Point", "coordinates": [ 139.925230982241914, 35.385764202011671 ] } },
{ "type": "Feature", "properties": { "P29_001": "12206", "P29_002": "C112210001076", "P29_003": "16002", "P29_004": "木更津市立木更津第三中学校", "P29_005": "千葉県木更津市永井作1-1-1", "P29_006": "3", "P29_007": "1", "P29_008": "00", "P29_009": null }, "geometry": { "type": "Point", "coordinates": [ 139.944749377585566, 35.388407497950652 ] } },
{ "type": "Feature", "properties": { "P29_001": "12206", "P29_002": "C112210001085", "P29_003": "16002", "P29_004": "木更津市立岩根中学校", "P29_005": "千葉県木更津市高柳3-7-49", "P29_006": "3", "P29_007": "1", "P29_008": "00", "P29_009": null }, "geometry": { "type": "Point", "coordinates": [ 139.944861889723228, 35.412301713578401 ] } },
{ "type": "Feature", "properties": { "P29_001": "12206", "P29_002": "C112210001094", "P29_003": "16002", "P29_004": "木更津市立鎌足中学校", "P29_005": "千葉県木更津市矢那2797", "P29_006": "3", "P29_007": "1", "P29_008": "00", "P29_009": null }, "geometry": { "type": "Point", "coordinates": [ 139.973446270198963, 35.348484843214287 ] } },
{ "type": "Feature", "properties": { "P29_001": "12206", "P29_002": "C112210001101", "P29_003": "16002", "P29_004": "木更津市立金田中学校", "P29_005": "千葉県木更津市中島2820", "P29_006": "3", "P29_007": "1", "P29_008": "00", "P29_009": null }, "geometry": { "type": "Point", "coordinates": [ 139.92626603987523, 35.42730223398236 ] } },
{ "type": "Feature", "properties": { "P29_001": "12206", "P29_002": "C112210001110", "P29_003": "16002", "P29_004": "木更津市立富来田中学校", "P29_005": "千葉県木更津市真里谷275", "P29_006": "3", "P29_007": "1", "P29_008": "00", "P29_009": null }, "geometry": { "type": "Point", "coordinates": [ 140.066099157199716, 35.368758987814942 ] } },
{ "type": "Feature", "properties": { "P29_001": "12206", "P29_002": "C112210001129", "P29_003": "16002", "P29_004": "木更津市立太田中学校", "P29_005": "千葉県木更津市東太田1-2-1", "P29_006": "3", "P29_007": "1", "P29_008": "00", "P29_009": null }, "geometry": { "type": "Point", "coordinates": [ 139.948891076027849, 35.378038324823677 ] } },
{ "type": "Feature", "properties": { "P29_001": "12206", "P29_002": "C112210001138", "P29_003": "16002", "P29_004": "木更津市立畑沢中学校", "P29_005": "千葉県木更津市畑沢1053-1", "P29_006": "3", "P29_007": "1", "P29_008": "00", "P29_009": null }, "geometry": { "type": "Point", "coordinates": [ 139.914494093159959, 35.348029107368511 ] } },
{ "type": "Feature", "properties": { "P29_001": "12206", "P29_002": "C112210001147", "P29_003": "16002", "P29_004": "木更津市立岩根西中学校", "P29_005": "千葉県木更津市久津間373", "P29_006": "3", "P29_007": "1", "P29_008": "00", "P29_009": null }, "geometry": { "type": "Point", "coordinates": [ 139.923993327694916, 35.413581095644943 ] } },
{ "type": "Feature", "properties": { "P29_001": "12206", "P29_002": "C112210001156", "P29_003": "16002", "P29_004": "木更津市立波岡中学校", "P29_005": "千葉県木更津市大久保3-9-1", "P29_006": "3", "P29_007": "1", "P29_008": "00", "P29_009": null }, "geometry": { "type": "Point", "coordinates": [ 139.929727260827178, 35.341065913750221 ] } },
{ "type": "Feature", "properties": { "P29_001": "12206", "P29_002": "C112210001165", "P29_003": "16002", "P29_004": "木更津市立清川中学校", "P29_005": "千葉県木更津市中尾1096", "P29_006": "3", "P29_007": "1", "P29_008": "00", "P29_009": null }, "geometry": { "type": "Point", "coordinates": [ 139.971017857783806, 35.38536132864909 ] } },
{ "type": "Feature", "properties": { "P29_001": "12210", "P29_002": "C112210001502", "P29_003": "16002", "P29_004": "茂原市立東中学校", "P29_005": "千葉県茂原市東郷301", "P29_006": "3", "P29_007": "1", "P29_008": "00", "P29_009": null }, "geometry": { "type": "Point", "coordinates": [ 140.319905448713143, 35.435447536438303 ] } },
{ "type": "Feature", "properties": { "P29_001": "12210", "P29_002": "C112210001520", "P29_003": "16002", "P29_004": "茂原市立茂原中学校", "P29_005": "千葉県茂原市高師427", "P29_006": "3", "P29_007": "1", "P29_008": "00", "P29_009": null }, "geometry": { "type": "Point", "coordinates": [ 140.303545034732963, 35.439153335675144 ] } },
{ "type": "Feature", "properties": { "P29_001": "12210", "P29_002": "C112210001548", "P29_003": "16002", "P29_004": "茂原市立本納中学校", "P29_005": "千葉県茂原市本納1623", "P29_006": "3", "P29_007": "1", "P29_008": "00", "P29_009": null }, "geometry": { "type": "Point", "coordinates": [ 140.307427780863009, 35.486355391711605 ] } },
{ "type": "Feature", "properties": { "P29_001": "12210", "P29_002": "C112210001557", "P29_003": "16002", "P29_004": "茂原市立早野中学校", "P29_005": "千葉県茂原市早野206-1", "P29_006": "3", "P29_007": "1", "P29_008": "00", "P29_009": null }, "geometry": { "type": "Point", "coordinates": [ 140.280991412043051, 35.416268310801392 ] } },
{ "type": "Feature", "properties": { "P29_001": "12213", "P29_002": "C112210001762", "P29_003": "16002", "P29_004": "東金市立西中学校", "P29_005": "千葉県東金市台方1327-1", "P29_006": "3", "P29_007": "1", "P29_008": "00", "P29_009": null }, "geometry": { "type": "Point", "coordinates": [ 140.345150218713968, 35.55146328031784 ] } },
{ "type": "Feature", "properties": { "P29_001": "12213", "P29_002": "C112210001771", "P29_003": "16002", "P29_004": "東金市立北中学校", "P29_005": "千葉県東金市日吉台1-20", "P29_006": "3", "P29_007": "1", "P29_008": "00", "P29_009": null }, "geometry": { "type": "Point", "coordinates": [ 140.34043474898246, 35.567950238155412 ] } },
{ "type": "Feature", "properties": { "P29_001": "12219", "P29_002": "C112210002075", "P29_003": "16002", "P29_004": "市原市立八幡中学校", "P29_005": "千葉県市原市八幡500", "P29_006": "3", "P29_007": "1", "P29_008": "00", "P29_009": null }, "geometry": { "type": "Point", "coordinates": [ 140.124618106077378, 35.530958362424435 ] } },
{ "type": "Feature", "properties": { "P29_001": "12219", "P29_002": "C112210002093", "P29_003": "16002", "P29_004": "市原市立辰巳台中学校", "P29_005": "千葉県市原市辰巳台東2-2", "P29_006": "3", "P29_007": "1", "P29_008": "00", "P29_009": null }, "geometry": { "type": "Point", "coordinates": [ 140.154572041489388, 35.521377841467789 ] } },
{ "type": "Feature", "properties": { "P29_001": "12219", "P29_002": "C112210002100", "P29_003": "16002", "P29_004": "市原市立市原中学校", "P29_005": "千葉県市原市能満1450", "P29_006": "3", "P29_007": "1", "P29_008": "00", "P29_009": null }, "geometry": { "type": "Point", "coordinates": [ 140.127112916022696, 35.503943604529198 ] } },
{ "type": "Feature", "properties": { "P29_001": "12219", "P29_002": "C112210002119", "P29_003": "16002", "P29_004": "市原市立五井中学校", "P29_005": "千葉県市原市五井922-2", "P29_006": "3", "P29_007": "1", "P29_008": "00", "P29_009": null }, "geometry": { "type": "Point", "coordinates": [ 140.07825711873835, 35.509079074511135 ] } },
{ "type": "Feature", "properties": { "P29_001": "12219", "P29_002": "C112210002137", "P29_003": "16002", "P29_004": "市原市立姉崎中学校", "P29_005": "千葉県市原市姉崎2156", "P29_006": "3", "P29_007": "1", "P29_008": "00", "P29_009": null }, "geometry": { "type": "Point", "coordinates": [ 140.048123902011298, 35.470796110017645 ] } },
{ "type": "Feature", "properties": { "P29_001": "12219", "P29_002": "C112210002146", "P29_003": "16002", "P29_004": "市原市立湿津中学校", "P29_005": "千葉県市原市潤井戸2297-2", "P29_006": "3", "P29_007": "1", "P29_008": "00", "P29_009": null }, "geometry": { "type": "Point", "coordinates": [ 140.180825685888124, 35.50033164778273 ] } },
{ "type": "Feature", "properties": { "P29_001": "12219", "P29_002": "C112210002164", "P29_003": "16002", "P29_004": "市原市立三和中学校", "P29_005": "千葉県市原市磯ヶ谷1703", "P29_006": "3", "P29_007": "1", "P29_008": "00", "P29_009": null }, "geometry": { "type": "Point", "coordinates": [ 140.129741203468967, 35.460287854025808 ] } },
{ "type": "Feature", "properties": { "P29_001": "12219", "P29_002": "C112210002173", "P29_003": "16002", "P29_004": "市原市立南総中学校", "P29_005": "千葉県市原市安久谷140", "P29_006": "3", "P29_007": "1", "P29_008": "00", "P29_009": null }, "geometry": { "type": "Point", "coordinates": [ 140.155329813634722, 35.396090639603784 ] } },
{ "type": "Feature", "properties": { "P29_001": "12219", "P29_002": "C112210002182", "P29_003": "16002", "P29_004": "市原市立加茂中学校", "P29_005": "千葉県市原市平野123", "P29_006": "3", "P29_007": "1", "P29_008": "00", "P29_009": null }, "geometry": { "type": "Point", "coordinates": [ 140.146141918100028, 35.333229199251456 ] } },
{ "type": "Feature", "properties": { "P29_001": "12219", "P29_002": "C112210002235", "P29_003": "16002", "P29_004": "市原市立姉崎東中学校", "P29_005": "千葉県市原市姉崎3056-1", "P29_006": "3", "P29_007": "1", "P29_008": "00", "P29_009": null }, "geometry": { "type": "Point", "coordinates": [ 140.050387915608837, 35.469872571025938 ] } },
{ "type": "Feature", "properties": { "P29_001": "12219", "P29_002": "C112210002244", "P29_003": "16002", "P29_004": "市原市立双葉中学校", "P29_005": "千葉県市原市光風台1-475", "P29_006": "3", "P29_007": "1", "P29_008": "00", "P29_009": null }, "geometry": { "type": "Point", "coordinates": [ 140.11432738021179, 35.445142588665618 ] } },
{ "type": "Feature", "properties": { "P29_001": "12219", "P29_002": "C112210002253", "P29_003": "16002", "P29_004": "市原市立千種中学校", "P29_005": "千葉県市原市千種6-1-1", "P29_006": "3", "P29_007": "1", "P29_008": "00", "P29_009": null }, "geometry": { "type": "Point", "coordinates": [ 140.059593323701705, 35.496643666052364 ] } },
{ "type": "Feature", "properties": { "P29_001": "12219", "P29_002": "C112210002262", "P29_003": "16002", "P29_004": "市原市立国分寺台西中学校", "P29_005": "千葉県市原市国分寺台中央5-1-1", "P29_006": "3", "P29_007": "1", "P29_008": "00", "P29_009": null }, "geometry": { "type": "Point", "coordinates": [ 140.118157226030576, 35.503142009746298 ] } },
{ "type": "Feature", "properties": { "P29_001": "12219", "P29_002": "C112210002271", "P29_003": "16002", "P29_004": "市原市立ちはら台南中学校", "P29_005": "千葉県市原市ちはら台南5-3", "P29_006": "3", "P29_007": "1", "P29_008": "00", "P29_009": null }, "geometry": { "type": "Point", "coordinates": [ 140.187350260358926, 35.528359302116982 ] } },
{ "type": "Feature", "properties": { "P29_001": "12223", "P29_002": "C112210002547", "P29_003": "16002", "P29_004": "鴨川市立長狭中学校", "P29_005": "千葉県鴨川市宮山176", "P29_006": "3", "P29_007": "1", "P29_008": "00", "P29_009": null }, "geometry": { "type": "Point", "coordinates": [ 140.016697591685926, 35.130887469954828 ] } },
{ "type": "Feature", "properties": { "P29_001": "12225", "P29_002": "C112210002618", "P29_003": "16002", "P29_004": "君津市立君津中学校", "P29_005": "千葉県君津市杢師1-10-1", "P29_006": "3", "P29_007": "1", "P29_008": "00", "P29_009": null }, "geometry": { "type": "Point", "coordinates": [ 139.909700939981093, 35.326716343666156 ] } },
{ "type": "Feature", "properties": { "P29_001": "12225", "P29_002": "C112210002627", "P29_003": "16002", "P29_004": "君津市立周西中学校", "P29_005": "千葉県君津市坂田560", "P29_006": "3", "P29_007": "1", "P29_008": "00", "P29_009": null }, "geometry": { "type": "Point", "coordinates": [ 139.882935146302913, 35.341452261978276 ] } },
{ "type": "Feature", "properties": { "P29_001": "12225", "P29_002": "C112210002636", "P29_003": "16002", "P29_004": "君津市立周南中学校", "P29_005": "千葉県君津市宮下1-4-1", "P29_006": "3", "P29_007": "1", "P29_008": "00", "P29_009": null }, "geometry": { "type": "Point", "coordinates": [ 139.927697069476636, 35.300911636917718 ] } },
{ "type": "Feature", "properties": { "P29_001": "12225", "P29_002": "C112210002645", "P29_003": "16002", "P29_004": "君津市立周東中学校", "P29_005": "千葉県君津市塚原120", "P29_006": "3", "P29_007": "1", "P29_008": "00", "P29_009": null }, "geometry": { "type": "Point", "coordinates": [ 139.979673711216037, 35.300006688530267 ] } },
{ "type": "Feature", "properties": { "P29_001": "12225", "P29_002": "C112210002654", "P29_003": "16002", "P29_004": "君津市立上総小櫃中学校", "P29_005": "千葉県君津市俵田1110", "P29_006": "3", "P29_007": "1", "P29_008": "00", "P29_009": null }, "geometry": { "type": "Point", "coordinates": [ 140.053419815526752, 35.32274349526211 ] } },
{ "type": "Feature", "properties": { "P29_001": "12225", "P29_002": "C112210002663", "P29_003": "16002", "P29_004": "君津市立周西南中学校", "P29_005": "千葉県君津市中野2-30-1", "P29_006": "3", "P29_007": "1", "P29_008": "00", "P29_009": null }, "geometry": { "type": "Point", "coordinates": [ 139.897028898964322, 35.327078768331624 ] } },
{ "type": "Feature", "properties": { "P29_001": "12226", "P29_002": "C112210002681", "P29_003": "16002", "P29_004": "富津市立富津中学校", "P29_005": "千葉県富津市下飯野1283-1", "P29_006": "3", "P29_007": "1", "P29_008": "00", "P29_009": null }, "geometry": { "type": "Point", "coordinates": [ 139.852734530062321, 35.321867572248202 ] } },
{ "type": "Feature", "properties": { "P29_001": "12226", "P29_002": "C112210002690", "P29_003": "16002", "P29_004": "富津市立大佐和中学校", "P29_005": "千葉県富津市岩瀬619", "P29_006": "3", "P29_007": "1", "P29_008": "00", "P29_009": null }, "geometry": { "type": "Point", "coordinates": [ 139.862513856540346, 35.281366051204849 ] } },
{ "type": "Feature", "properties": { "P29_001": "12226", "P29_002": "C112210002707", "P29_003": "16002", "P29_004": "富津市立天羽中学校", "P29_005": "千葉県富津市岩坂109", "P29_006": "3", "P29_007": "1", "P29_008": "00", "P29_009": null }, "geometry": { "type": "Point", "coordinates": [ 139.8773337306136, 35.22510938610381 ] } },
{ "type": "Feature", "properties": { "P29_001": "12239", "P29_002": "C112210003270", "P29_003": "16002", "P29_004": "大網白里市立大網中学校", "P29_005": "千葉県大網白里市金谷郷275", "P29_006": "3", "P29_007": "1", "P29_008": "00", "P29_009": null }, "geometry": { "type": "Point", "coordinates": [ 140.317400325653523, 35.530287134790228 ] } },
{ "type": "Feature", "properties": { "P29_001": "12239", "P29_002": "C112210003289", "P29_003": "16002", "P29_004": "大網白里市立白里中学校", "P29_005": "千葉県大網白里市細草1385-1", "P29_006": "3", "P29_007": "1", "P29_008": "00", "P29_009": null }, "geometry": { "type": "Point", "coordinates": [ 140.389092157370754, 35.497063725861565 ] } },
{ "type": "Feature", "properties": { "P29_001": "12239", "P29_002": "C112210003298", "P29_003": "16002", "P29_004": "大網白里市立増穂中学校", "P29_005": "千葉県大網白里市北飯塚200-1", "P29_006": "3", "P29_007": "1", "P29_008": "00", "P29_009": null }, "geometry": { "type": "Point", "coordinates": [ 140.347028032400971, 35.507320193303713 ] } },
{ "type": "Feature", "properties": { "P29_001": "12422", "P29_002": "C112210003396", "P29_003": "16002", "P29_004": "睦沢町立睦沢中学校", "P29_005": "千葉県長生郡睦沢町上市場1500", "P29_006": "3", "P29_007": "1", "P29_008": "00", "P29_009": null }, "geometry": { "type": "Point", "coordinates": [ 140.330496683086608, 35.367565870733891 ] } },
{ "type": "Feature", "properties": { "P29_001": "12423", "P29_002": "C112210003403", "P29_003": "16002", "P29_004": "長生村立長生中学校", "P29_005": "千葉県長生郡長生村岩沼1634", "P29_006": "3", "P29_007": "1", "P29_008": "00", "P29_009": null }, "geometry": { "type": "Point", "coordinates": [ 140.346301935935799, 35.409769078923546 ] } },
{ "type": "Feature", "properties": { "P29_001": "12424", "P29_002": "C112210003412", "P29_003": "16002", "P29_004": "白子町立白子中学校", "P29_005": "千葉県長生郡白子町中里860", "P29_006": "3", "P29_007": "1", "P29_008": "00", "P29_009": null }, "geometry": { "type": "Point", "coordinates": [ 140.374532392243282, 35.444366440878532 ] } },
{ "type": "Feature", "properties": { "P29_001": "12426", "P29_002": "C112210003421", "P29_003": "16002", "P29_004": "長柄町立長柄中学校", "P29_005": "千葉県長生郡長柄町山根1500", "P29_006": "3", "P29_007": "1", "P29_008": "00", "P29_009": null }, "geometry": { "type": "Point", "coordinates": [ 140.237873025875444, 35.45948622962657 ] } },
{ "type": "Feature", "properties": { "P29_001": "12427", "P29_002": "C112210003430", "P29_003": "16002", "P29_004": "長南町立長南中学校", "P29_005": "千葉県長生郡長南町長南2060", "P29_006": "3", "P29_007": "1", "P29_008": "00", "P29_009": null }, "geometry": { "type": "Point", "coordinates": [ 140.239656085706429, 35.386733013198786 ] } },
{ "type": "Feature", "properties": { "P29_001": "12441", "P29_002": "C112210003449", "P29_003": "16002", "P29_004": "大多喜町立大多喜中学校", "P29_005": "千葉県夷隅郡大多喜町船子197", "P29_006": "3", "P29_007": "1", "P29_008": "00", "P29_009": null }, "geometry": { "type": "Point", "coordinates": [ 140.248838311123791, 35.287569299592668 ] } },
{ "type": "Feature", "properties": { "P29_001": "12238", "P29_002": "C112210003458", "P29_003": "16002", "P29_004": "いすみ市立国吉中学校", "P29_005": "千葉県いすみ市国府台1552", "P29_006": "3", "P29_007": "1", "P29_008": "00", "P29_009": null }, "geometry": { "type": "Point", "coordinates": [ 140.313195206163613, 35.284987036672284 ] } },
{ "type": "Feature", "properties": { "P29_001": "12443", "P29_002": "C112210003467", "P29_003": "16002", "P29_004": "御宿町立御宿中学校", "P29_005": "千葉県夷隅郡御宿町新町68", "P29_006": "3", "P29_007": "1", "P29_008": "00", "P29_009": null }, "geometry": { "type": "Point", "coordinates": [ 140.361194150359864, 35.193231154286536 ] } },
{ "type": "Feature", "properties": { "P29_001": "12238", "P29_002": "C112210003485", "P29_003": "16002", "P29_004": "いすみ市立岬中学校", "P29_005": "千葉県いすみ市岬町椎木1370", "P29_006": "3", "P29_007": "1", "P29_008": "00", "P29_009": null }, "geometry": { "type": "Point", "coordinates": [ 140.376212088120042, 35.320493905501735 ] } },
{ "type": "Feature", "properties": { "P29_001": "12234", "P29_002": "C112210003494", "P29_003": "16002", "P29_004": "南房総市立富浦中学校", "P29_005": "千葉県南房総市富浦町青木249-1", "P29_006": "3", "P29_007": "1", "P29_008": "00", "P29_009": null }, "geometry": { "type": "Point", "coordinates": [ 139.840511130556763, 35.043826546199107 ] } },
{ "type": "Feature", "properties": { "P29_001": "12234", "P29_002": "C112210003500", "P29_003": "16002", "P29_004": "南房総市立富山中学校", "P29_005": "千葉県南房総市合戸22-1", "P29_006": "3", "P29_007": "1", "P29_008": "00", "P29_009": null }, "geometry": { "type": "Point", "coordinates": [ 139.863312426969969, 35.095248527329687 ] } },
{ "type": "Feature", "properties": { "P29_001": "12463", "P29_002": "C112210003519", "P29_003": "16002", "P29_004": "鋸南町立鋸南中学校", "P29_005": "千葉県安房郡鋸南町大六165", "P29_006": "3", "P29_007": "1", "P29_008": "00", "P29_009": null }, "geometry": { "type": "Point", "coordinates": [ 139.836874889770286, 35.121735662285403 ] } },
{ "type": "Feature", "properties": { "P29_001": "12234", "P29_002": "C112210003528", "P29_003": "16002", "P29_004": "南房総市立三芳中学校", "P29_005": "千葉県南房総市本織60", "P29_006": "3", "P29_007": "1", "P29_008": "00", "P29_009": null }, "geometry": { "type": "Point", "coordinates": [ 139.895601657701746, 35.024670781461765 ] } },
{ "type": "Feature", "properties": { "P29_001": "12234", "P29_002": "C112210003537", "P29_003": "16002", "P29_004": "南房総市立白浜中学校", "P29_005": "千葉県南房総市白浜町滝口5580-57", "P29_006": "3", "P29_007": "1", "P29_008": "00", "P29_009": null }, "geometry": { "type": "Point", "coordinates": [ 139.867830900623574, 34.909793668298718 ] } },
{ "type": "Feature", "properties": { "P29_001": "12234", "P29_002": "C112210003546", "P29_003": "16002", "P29_004": "南房総市立千倉中学校", "P29_005": "千葉県南房総市千倉町北朝夷630", "P29_006": "3", "P29_007": "1", "P29_008": "00", "P29_009": null }, "geometry": { "type": "Point", "coordinates": [ 139.953363948411095, 34.96750463838287 ] } },
{ "type": "Feature", "properties": { "P29_001": "12234", "P29_002": "C112210003555", "P29_003": "16002", "P29_004": "南房総市立嶺南中学校", "P29_005": "千葉県南房総市沓見2705", "P29_006": "3", "P29_007": "1", "P29_008": "00", "P29_009": null }, "geometry": { "type": "Point", "coordinates": [ 139.955999694531357, 35.020820424119833 ] } },
{ "type": "Feature", "properties": { "P29_001": "12229", "P29_002": "C112210003573", "P29_003": "16002", "P29_004": "袖ケ浦市立長浦中学校", "P29_005": "千葉県袖ケ浦市久保田129", "P29_006": "3", "P29_007": "1", "P29_008": "00", "P29_009": null }, "geometry": { "type": "Point", "coordinates": [ 140.002248331321795, 35.452474334113546 ] } },
{ "type": "Feature", "properties": { "P29_001": "12229", "P29_002": "C112210003582", "P29_003": "16002", "P29_004": "袖ケ浦市立根形中学校", "P29_005": "千葉県袖ケ浦市三ツ作741", "P29_006": "3", "P29_007": "1", "P29_008": "00", "P29_009": null }, "geometry": { "type": "Point", "coordinates": [ 140.002751916971874, 35.414433583624493 ] } },
{ "type": "Feature", "properties": { "P29_001": "12229", "P29_002": "C112210003591", "P29_003": "16002", "P29_004": "袖ケ浦市立平川中学校", "P29_005": "千葉県袖ケ浦市横田500", "P29_006": "3", "P29_007": "1", "P29_008": "00", "P29_009": null }, "geometry": { "type": "Point", "coordinates": [ 140.034202322530774, 35.390275044704303 ] } },
{ "type": "Feature", "properties": { "P29_001": "12229", "P29_002": "C112210003608", "P29_003": "16002", "P29_004": "袖ケ浦市立蔵波中学校", "P29_005": "千葉県袖ケ浦市蔵波2967-2", "P29_006": "3", "P29_007": "1", "P29_008": "00", "P29_009": null }, "geometry": { "type": "Point", "coordinates": [ 139.996813245927342, 35.435622725471305 ] } },
{ "type": "Feature", "properties": { "P29_001": "12223", "P29_002": "C112210003617", "P29_003": "16002", "P29_004": "鴨川市立鴨川中学校", "P29_005": "千葉県鴨川市広場2201", "P29_006": "3", "P29_007": "1", "P29_008": "00", "P29_009": null }, "geometry": { "type": "Point", "coordinates": [ 140.098731397420806, 35.11645535680708 ] } },
{ "type": "Feature", "properties": { "P29_001": "12105", "P29_002": "C112210003635", "P29_003": "16002", "P29_004": "千葉市立おゆみ野南中学校", "P29_005": "千葉県千葉市緑区おゆみ野南5-25", "P29_006": "3", "P29_007": "1", "P29_008": "00", "P29_009": null }, "geometry": { "type": "Point", "coordinates": [ 140.177467388424134, 35.544758616611858 ] } },
{ "type": "Feature", "properties": { "P29_001": "12219", "P29_002": "C112210003644", "P29_003": "16002", "P29_004": "市原市立ちはら台西中学校", "P29_005": "千葉県市原市ちはら台西5-1", "P29_006": "3", "P29_007": "1", "P29_008": "00", "P29_009": null }, "geometry": { "type": "Point", "coordinates": [ 140.177639830617267, 35.530790630722208 ] } },
{ "type": "Feature", "properties": { "P29_001": "12205", "P29_002": "C112210003724", "P29_003": "16002", "P29_004": "館山市立館山中学校", "P29_005": "千葉県館山市長須賀136", "P29_006": "3", "P29_007": "1", "P29_008": "00", "P29_009": null }, "geometry": { "type": "Point", "coordinates": [ 139.860967762933228, 34.991429332630773 ] } },
{ "type": "Feature", "properties": { "P29_001": "12101", "P29_002": "C112310000235", "P29_003": "16002", "P29_004": "千葉明徳中学校", "P29_005": "千葉県千葉市中央区南生実町1412", "P29_006": "4", "P29_007": "1", "P29_008": "00", "P29_009": null }, "geometry": { "type": "Point", "coordinates": [ 140.156725043805665, 35.560030769396377 ] } },
{ "type": "Feature", "properties": { "P29_001": "12441", "P29_002": "C112310000253", "P29_003": "16002", "P29_004": "三育学院中学校", "P29_005": "千葉県夷隅郡大多喜町中野589", "P29_006": "4", "P29_007": "1", "P29_008": "00", "P29_009": null }, "geometry": { "type": "Point", "coordinates": [ 140.203882532593866, 35.250377679849947 ] } },
{ "type": "Feature", "properties": { "P29_001": "12103", "P29_002": "C112110000015", "P29_003": "16002", "P29_004": "千葉大学教育学部附属中学校", "P29_005": "千葉県千葉市稲毛区弥生町1-33", "P29_006": "1", "P29_007": "1", "P29_008": "00", "P29_009": null }, "geometry": { "type": "Point", "coordinates": [ 140.099814336242417, 35.63002806399394 ] } },
{ "type": "Feature", "properties": { "P29_001": "12104", "P29_002": "C112210000013", "P29_003": "16002", "P29_004": "千葉市立加曽利中学校", "P29_005": "千葉県千葉市若葉区加曽利町961-5", "P29_006": "3", "P29_007": "1", "P29_008": "00", "P29_009": null }, "geometry": { "type": "Point", "coordinates": [ 140.15774175349199, 35.613665357282002 ] } },
{ "type": "Feature", "properties": { "P29_001": "12101", "P29_002": "C112210000022", "P29_003": "16002", "P29_004": "千葉市立末広中学校", "P29_005": "千葉県千葉市中央区末広2-10-1", "P29_006": "3", "P29_007": "1", "P29_008": "00", "P29_009": null }, "geometry": { "type": "Point", "coordinates": [ 140.126638362945641, 35.596787172650487 ] } },
{ "type": "Feature", "properties": { "P29_001": "12101", "P29_002": "C112210000031", "P29_003": "16002", "P29_004": "千葉市立葛城中学校", "P29_005": "千葉県千葉市中央区葛城2-9-1", "P29_006": "3", "P29_007": "1", "P29_008": "00", "P29_009": null }, "geometry": { "type": "Point", "coordinates": [ 140.131677389774438, 35.600754629188543 ] } },
{ "type": "Feature", "properties": { "P29_001": "12101", "P29_002": "C112210000040", "P29_003": "16002", "P29_004": "千葉市立椿森中学校", "P29_005": "千葉県千葉市中央区椿森4-1-1", "P29_006": "3", "P29_007": "1", "P29_008": "00", "P29_009": null }, "geometry": { "type": "Point", "coordinates": [ 140.120503572098642, 35.622217830478931 ] } },
{ "type": "Feature", "properties": { "P29_001": "12103", "P29_002": "C112210000059", "P29_003": "16002", "P29_004": "千葉市立緑町中学校", "P29_005": "千葉県千葉市稲毛区緑町2-3-1", "P29_006": "3", "P29_007": "1", "P29_008": "00", "P29_009": null }, "geometry": { "type": "Point", "coordinates": [ 140.096952730386192, 35.622682586406121 ] } },
{ "type": "Feature", "properties": { "P29_001": "12103", "P29_002": "C112210000068", "P29_003": "16002", "P29_004": "千葉市立小中台中学校", "P29_005": "千葉県千葉市稲毛区小仲台9-46-2", "P29_006": "3", "P29_007": "1", "P29_008": "00", "P29_009": null }, "geometry": { "type": "Point", "coordinates": [ 140.099894604259617, 35.646387270910076 ] } },
{ "type": "Feature", "properties": { "P29_001": "12101", "P29_002": "C112210000086", "P29_003": "16002", "P29_004": "千葉市立新宿中学校", "P29_005": "千葉県千葉市中央区問屋町1-73", "P29_006": "3", "P29_007": "1", "P29_008": "00", "P29_009": null }, "geometry": { "type": "Point", "coordinates": [ 140.109243783896886, 35.604402490978458 ] } },
{ "type": "Feature", "properties": { "P29_001": "12101", "P29_002": "C112210000095", "P29_003": "16002", "P29_004": "千葉市立蘇我中学校", "P29_005": "千葉県千葉市中央区白旗1-5-3", "P29_006": "3", "P29_007": "1", "P29_008": "00", "P29_009": null }, "geometry": { "type": "Point", "coordinates": [ 140.138060021733452, 35.577250293748669 ] } },
{ "type": "Feature", "properties": { "P29_001": "12103", "P29_002": "C112210000102", "P29_003": "16002", "P29_004": "千葉市立轟町中学校", "P29_005": "千葉県千葉市稲毛区轟町3-5-14", "P29_006": "3", "P29_007": "1", "P29_008": "00", "P29_009": null }, "geometry": { "type": "Point", "coordinates": [ 140.108151532958942, 35.631067599848407 ] } },
{ "type": "Feature", "properties": { "P29_001": "12101", "P29_002": "C112210000111", "P29_003": "16002", "P29_004": "千葉市立松ケ丘中学校", "P29_005": "千葉県千葉市中央区松ケ丘町440", "P29_006": "3", "P29_007": "1", "P29_008": "00", "P29_009": null }, "geometry": { "type": "Point", "coordinates": [ 140.152844188407443, 35.588004126259619 ] } },
{ "type": "Feature", "properties": { "P29_001": "12104", "P29_002": "C112210000166", "P29_003": "16002", "P29_004": "千葉市立白井中学校", "P29_005": "千葉県千葉市若葉区野呂町623", "P29_006": "3", "P29_007": "1", "P29_008": "00", "P29_009": null }, "geometry": { "type": "Point", "coordinates": [ 140.225634086183106, 35.587528861347749 ] } },
{ "type": "Feature", "properties": { "P29_001": "12104", "P29_002": "C112210000175", "P29_003": "16002", "P29_004": "千葉市立更科中学校", "P29_005": "千葉県千葉市若葉区更科町2112", "P29_006": "3", "P29_007": "1", "P29_008": "00", "P29_009": null }, "geometry": { "type": "Point", "coordinates": [ 140.226466010368284, 35.617682848097012 ] } },
{ "type": "Feature", "properties": { "P29_001": "12101", "P29_002": "C112210000184", "P29_003": "16002", "P29_004": "千葉市立川戸中学校", "P29_005": "千葉県千葉市中央区川戸町443", "P29_006": "3", "P29_007": "1", "P29_008": "00", "P29_009": null }, "geometry": { "type": "Point", "coordinates": [ 140.167967240414896, 35.583968004615528 ] } },
{ "type": "Feature", "properties": { "P29_001": "12103", "P29_002": "C112210000193", "P29_003": "16002", "P29_004": "千葉市立稲毛中学校", "P29_005": "千葉県千葉市稲毛区稲毛町5-120", "P29_006": "3", "P29_007": "1", "P29_008": "00", "P29_009": null }, "geometry": { "type": "Point", "coordinates": [ 140.082123639095556, 35.643919139324744 ] } },
{ "type": "Feature", "properties": { "P29_001": "12103", "P29_002": "C112210000200", "P29_003": "16002", "P29_004": "千葉市立千草台中学校", "P29_005": "千葉県千葉市稲毛区千草台2-3-1", "P29_006": "3", "P29_007": "1", "P29_008": "00", "P29_009": null }, "geometry": { "type": "Point", "coordinates": [ 140.117759717097726, 35.636551103346321 ] } },
{ "type": "Feature", "properties": { "P29_001": "12106", "P29_002": "C112210000219", "P29_003": "16002", "P29_004": "千葉市立幸町第一中学校", "P29_005": "千葉県千葉市美浜区幸町2-12-7", "P29_006": "3", "P29_007": "1", "P29_008": "00", "P29_009": null }, "geometry": { "type": "Point", "coordinates": [ 140.090424087480812, 35.621172988480467 ] } },
{ "type": "Feature", "properties": { "P29_001": "12104", "P29_002": "C112210000237", "P29_003": "16002", "P29_004": "千葉市立千城台西中学校", "P29_005": "千葉県千葉市若葉区千城台西2-20-1", "P29_006": "3", "P29_007": "1", "P29_008": "00", "P29_009": null }, "geometry": { "type": "Point", "coordinates": [ 140.184638079449627, 35.621593097834761 ] } },
{ "type": "Feature", "properties": { "P29_001": "12101", "P29_002": "C112210000246", "P29_003": "16002", "P29_004": "千葉市立星久喜中学校", "P29_005": "千葉県千葉市中央区星久喜町823", "P29_006": "3", "P29_007": "1", "P29_008": "00", "P29_009": null }, "geometry": { "type": "Point", "coordinates": [ 140.152213880557753, 35.600735526629705 ] } },
{ "type": "Feature", "properties": { "P29_001": "12104", "P29_002": "C112210000282", "P29_003": "16002", "P29_004": "千葉市立大宮中学校", "P29_005": "千葉県千葉市若葉区大宮町2077", "P29_006": "3", "P29_007": "1", "P29_008": "00", "P29_009": null }, "geometry": { "type": "Point", "coordinates": [ 140.186688038242124, 35.586289335660773 ] } },
{ "type": "Feature", "properties": { "P29_001": "12103", "P29_002": "C112210000291", "P29_003": "16002", "P29_004": "千葉市立草野中学校", "P29_005": "千葉県千葉市稲毛区園生町1397", "P29_006": "3", "P29_007": "1", "P29_008": "00", "P29_009": null }, "geometry": { "type": "Point", "coordinates": [ 140.127471628907244, 35.652483384069782 ] } },
{ "type": "Feature", "properties": { "P29_001": "12103", "P29_002": "C112210000317", "P29_003": "16002", "P29_004": "千葉市立都賀中学校", "P29_005": "千葉県千葉市稲毛区作草部町1306-1", "P29_006": "3", "P29_007": "1", "P29_008": "00", "P29_009": null }, "geometry": { "type": "Point", "coordinates": [ 140.123275408714051, 35.630976870827112 ] } },
{ "type": "Feature", "properties": { "P29_001": "12104", "P29_002": "C112210000326", "P29_003": "16002", "P29_004": "千葉市立千城台南中学校", "P29_005": "千葉県千葉市若葉区千城台南1-20-1", "P29_006": "3", "P29_007": "1", "P29_008": "00", "P29_009": null }, "geometry": { "type": "Point", "coordinates": [ 140.191034702749391, 35.618342717516391 ] } },
{ "type": "Feature", "properties": { "P29_001": "12104", "P29_002": "C112210000344", "P29_003": "16002", "P29_004": "千葉市立みつわ台中学校", "P29_005": "千葉県千葉市若葉区みつわ台2-41-1", "P29_006": "3", "P29_007": "1", "P29_008": "00", "P29_009": null }, "geometry": { "type": "Point", "coordinates": [ 140.131187129754295, 35.635362657765135 ] } },
{ "type": "Feature", "properties": { "P29_001": "12104", "P29_002": "C112210000371", "P29_003": "16002", "P29_004": "千葉市立若松中学校", "P29_005": "千葉県千葉市若葉区若松町2106-2", "P29_006": "3", "P29_007": "1", "P29_008": "00", "P29_009": null }, "geometry": { "type": "Point", "coordinates": [ 140.169699465838875, 35.635760085209043 ] } },
{ "type": "Feature", "properties": { "P29_001": "12106", "P29_002": "C112210000380", "P29_003": "16002", "P29_004": "千葉市立高浜中学校", "P29_005": "千葉県千葉市美浜区高浜4-8-1", "P29_006": "3", "P29_007": "1", "P29_008": "00", "P29_009": null }, "geometry": { "type": "Point", "coordinates": [ 140.070799655370962, 35.623665746950188 ] } },
{ "type": "Feature", "properties": { "P29_001": "12106", "P29_002": "C112210000399", "P29_003": "16002", "P29_004": "千葉市立幸町第二中学校", "P29_005": "千葉県千葉市美浜区幸町1-10-2", "P29_006": "3", "P29_007": "1", "P29_008": "00", "P29_009": null }, "geometry": { "type": "Point", "coordinates": [ 140.098023066561069, 35.612583940020087 ] } },
{ "type": "Feature", "properties": { "P29_001": "12104", "P29_002": "C112210000406", "P29_003": "16002", "P29_004": "千葉市立山王中学校", "P29_005": "千葉県千葉市若葉区若松町774", "P29_006": "3", "P29_007": "1", "P29_008": "00", "P29_009": null }, "geometry": { "type": "Point", "coordinates": [ 140.142561336162316, 35.652771655231319 ] } },
{ "type": "Feature", "properties": { "P29_001": "12106", "P29_002": "C112210000415", "P29_003": "16002", "P29_004": "千葉市立稲浜中学校", "P29_005": "千葉県千葉市美浜区稲毛海岸2-3-3", "P29_006": "3", "P29_007": "1", "P29_008": "00", "P29_009": null }, "geometry": { "type": "Point", "coordinates": [ 140.081798082010721, 35.632779040661553 ] } },
{ "type": "Feature", "properties": { "P29_001": "12104", "P29_002": "C112210000433", "P29_003": "16002", "P29_004": "千葉市立貝塚中学校", "P29_005": "千葉県千葉市若葉区貝塚町1-7-1", "P29_006": "3", "P29_007": "1", "P29_008": "00", "P29_009": null }, "geometry": { "type": "Point", "coordinates": [ 140.153480987473728, 35.624021724962894 ] } },
{ "type": "Feature", "properties": { "P29_001": "12106", "P29_002": "C112210000512", "P29_003": "16002", "P29_004": "千葉市立稲毛高等学校附属中学校", "P29_005": "千葉県千葉市美浜区高浜3-1-1", "P29_006": "3", "P29_007": "1", "P29_008": "00", "P29_009": null }, "geometry": { "type": "Point", "coordinates": [ 140.068792692753078, 35.620112474178555 ] } },
{ "type": "Feature", "properties": { "P29_001": "12101", "P29_002": "C112210000521", "P29_003": "16002", "P29_004": "千葉県立千葉中学校", "P29_005": "千葉県千葉市中央区葛城1-5-2", "P29_006": "2", "P29_007": "1", "P29_008": "00", "P29_009": null }, "geometry": { "type": "Point", "coordinates": [ 140.129564884676682, 35.600343558490373 ] } },
{ "type": "Feature", "properties": { "P29_001": "12228", "P29_002": "C112210002798", "P29_003": "16002", "P29_004": "四街道市立四街道中学校", "P29_005": "千葉県四街道市めいわ1-3", "P29_006": "3", "P29_007": "1", "P29_008": "00", "P29_009": null }, "geometry": { "type": "Point", "coordinates": [ 140.172567901221868, 35.656332628769206 ] } },
{ "type": "Feature", "properties": { "P29_001": "12106", "P29_002": "C112210003706", "P29_003": "16002", "P29_004": "千葉市立高洲中学校", "P29_005": "千葉県千葉市美浜区高洲2-3-18", "P29_006": "3", "P29_007": "1", "P29_008": "00", "P29_009": null }, "geometry": { "type": "Point", "coordinates": [ 140.077855059654269, 35.622294790464615 ] } },
{ "type": "Feature", "properties": { "P29_001": "12203", "P29_002": "C112210000594", "P29_003": "16002", "P29_004": "市川市立第一中学校", "P29_005": "千葉県市川市国府台2-7-1", "P29_006": "3", "P29_007": "1", "P29_008": "00", "P29_009": null }, "geometry": { "type": "Point", "coordinates": [ 139.90118313849635, 35.744977269274514 ] } },
{ "type": "Feature", "properties": { "P29_001": "12203", "P29_002": "C112210000601", "P29_003": "16002", "P29_004": "市川市立第二中学校", "P29_005": "千葉県市川市須和田2-34-1", "P29_006": "3", "P29_007": "1", "P29_008": "00", "P29_009": null }, "geometry": { "type": "Point", "coordinates": [ 139.913761299344372, 35.739297446269568 ] } },
{ "type": "Feature", "properties": { "P29_001": "12203", "P29_002": "C112210000610", "P29_003": "16002", "P29_004": "市川市立第三中学校", "P29_005": "千葉県市川市曽谷3-2-1", "P29_006": "3", "P29_007": "1", "P29_008": "00", "P29_009": null }, "geometry": { "type": "Point", "coordinates": [ 139.932596009018198, 35.740335556620948 ] } },
{ "type": "Feature", "properties": { "P29_001": "12203", "P29_002": "C112210000629", "P29_003": "16002", "P29_004": "市川市立第四中学校", "P29_005": "千葉県市川市中山1-11-1", "P29_006": "3", "P29_007": "1", "P29_008": "00", "P29_009": null }, "geometry": { "type": "Point", "coordinates": [ 139.94578634458847, 35.722085972444702 ] } },
{ "type": "Feature", "properties": { "P29_001": "12203", "P29_002": "C112210000638", "P29_003": "16002", "P29_004": "市川市立第五中学校", "P29_005": "千葉県市川市大野町3-1993", "P29_006": "3", "P29_007": "1", "P29_008": "00", "P29_009": null }, "geometry": { "type": "Point", "coordinates": [ 139.956793952774888, 35.75296999420172 ] } },
{ "type": "Feature", "properties": { "P29_001": "12203", "P29_002": "C112210000647", "P29_003": "16002", "P29_004": "市川市立第六中学校", "P29_005": "千葉県市川市鬼高3-16-1", "P29_006": "3", "P29_007": "1", "P29_008": "00", "P29_009": null }, "geometry": { "type": "Point", "coordinates": [ 139.935995542191222, 35.710866720769289 ] } },
{ "type": "Feature", "properties": { "P29_001": "12203", "P29_002": "C112210000656", "P29_003": "16002", "P29_004": "市川市立第七中学校", "P29_005": "千葉県市川市末広1-1-48", "P29_006": "3", "P29_007": "1", "P29_008": "00", "P29_009": null }, "geometry": { "type": "Point", "coordinates": [ 139.916940860446772, 35.686314550439242 ] } },
{ "type": "Feature", "properties": { "P29_001": "12203", "P29_002": "C112210000665", "P29_003": "16002", "P29_004": "市川市立第八中学校", "P29_005": "千葉県市川市大和田4-9-1", "P29_006": "3", "P29_007": "1", "P29_008": "00", "P29_009": null }, "geometry": { "type": "Point", "coordinates": [ 139.914872716847015, 35.719012166233611 ] } },
{ "type": "Feature", "properties": { "P29_001": "12203", "P29_002": "C112210000674", "P29_003": "16002", "P29_004": "市川市立下貝塚中学校", "P29_005": "千葉県市川市下貝塚3-13-1", "P29_006": "3", "P29_007": "1", "P29_008": "00", "P29_009": null }, "geometry": { "type": "Point", "coordinates": [ 139.945695886072315, 35.739671807521866 ] } },
{ "type": "Feature", "properties": { "P29_001": "12203", "P29_002": "C112210000683", "P29_003": "16002", "P29_004": "市川市立高谷中学校", "P29_005": "千葉県市川市高谷1627-4", "P29_006": "3", "P29_007": "1", "P29_008": "00", "P29_009": null }, "geometry": { "type": "Point", "coordinates": [ 139.945265646392158, 35.69477938618396 ] } },
{ "type": "Feature", "properties": { "P29_001": "12203", "P29_002": "C112210000709", "P29_003": "16002", "P29_004": "市川市立東国分中学校", "P29_005": "千葉県市川市東国分3-5-1", "P29_006": "3", "P29_007": "1", "P29_008": "00", "P29_009": null }, "geometry": { "type": "Point", "coordinates": [ 139.923011697946492, 35.748899341015253 ] } },
{ "type": "Feature", "properties": { "P29_001": "12203", "P29_002": "C112210000718", "P29_003": "16002", "P29_004": "市川市立大洲中学校", "P29_005": "千葉県市川市大洲4-21-5", "P29_006": "3", "P29_007": "1", "P29_008": "00", "P29_009": null }, "geometry": { "type": "Point", "coordinates": [ 139.90776187575824, 35.721373419668254 ] } },
{ "type": "Feature", "properties": { "P29_001": "12203", "P29_002": "C112210000736", "P29_003": "16002", "P29_004": "市川市立妙典中学校", "P29_005": "千葉県市川市妙典5-22-1", "P29_006": "3", "P29_007": "1", "P29_008": "00", "P29_009": null }, "geometry": { "type": "Point", "coordinates": [ 139.93346201979378, 35.688231622795989 ] } },
{ "type": "Feature", "properties": { "P29_001": "12204", "P29_002": "C112210000745", "P29_003": "16002", "P29_004": "船橋市立船橋中学校", "P29_005": "千葉県船橋市夏見2-11-1", "P29_006": "3", "P29_007": "1", "P29_008": "00", "P29_009": null }, "geometry": { "type": "Point", "coordinates": [ 139.987347068357451, 35.709604396434464 ] } },
{ "type": "Feature", "properties": { "P29_001": "12204", "P29_002": "C112210000763", "P29_003": "16002", "P29_004": "船橋市立海神中学校", "P29_005": "千葉県船橋市海神4-27-1", "P29_006": "3", "P29_007": "1", "P29_008": "00", "P29_009": null }, "geometry": { "type": "Point", "coordinates": [ 139.976076274376965, 35.710379713628853 ] } },
{ "type": "Feature", "properties": { "P29_001": "12204", "P29_002": "C112210000772", "P29_003": "16002", "P29_004": "船橋市立葛飾中学校", "P29_005": "千葉県船橋市印内1-5-1", "P29_006": "3", "P29_007": "1", "P29_008": "00", "P29_009": null }, "geometry": { "type": "Point", "coordinates": [ 139.960327253986463, 35.714116087602612 ] } },
{ "type": "Feature", "properties": { "P29_001": "12204", "P29_002": "C112210000781", "P29_003": "16002", "P29_004": "船橋市立法田中学校", "P29_005": "千葉県船橋市藤原7-46-1", "P29_006": "3", "P29_007": "1", "P29_008": "00", "P29_009": null }, "geometry": { "type": "Point", "coordinates": [ 139.984389937634063, 35.744572783691751 ] } },
{ "type": "Feature", "properties": { "P29_001": "12204", "P29_002": "C112210000790", "P29_003": "16002", "P29_004": "船橋市立御滝中学校", "P29_005": "千葉県船橋市金杉6-5-1", "P29_006": "3", "P29_007": "1", "P29_008": "00", "P29_009": null }, "geometry": { "type": "Point", "coordinates": [ 140.017928031670948, 35.737828316155365 ] } },
{ "type": "Feature", "properties": { "P29_001": "12204", "P29_002": "C112210000914", "P29_003": "16002", "P29_004": "船橋市立行田中学校", "P29_005": "千葉県船橋市行田3-6-1", "P29_006": "3", "P29_007": "1", "P29_008": "00", "P29_009": null }, "geometry": { "type": "Point", "coordinates": [ 139.970089032575885, 35.720951950591605 ] } },
{ "type": "Feature", "properties": { "P29_001": "12204", "P29_002": "C112210000941", "P29_003": "16002", "P29_004": "船橋市立八木が谷中学校", "P29_005": "千葉県船橋市八木が谷2-9-1", "P29_006": "3", "P29_007": "1", "P29_008": "00", "P29_009": null }, "geometry": { "type": "Point", "coordinates": [ 140.033538990289287, 35.759607099143849 ] } },
{ "type": "Feature", "properties": { "P29_001": "12204", "P29_002": "C112210000950", "P29_003": "16002", "P29_004": "船橋市立小室中学校", "P29_005": "千葉県船橋市小室町898", "P29_006": "3", "P29_007": "1", "P29_008": "00", "P29_009": null }, "geometry": { "type": "Point", "coordinates": [ 140.074821157840489, 35.793897704786261 ] } },
{ "type": "Feature", "properties": { "P29_001": "12204", "P29_002": "C112210001003", "P29_003": "16002", "P29_004": "船橋市立旭中学校", "P29_005": "千葉県船橋市旭町2-23-1", "P29_006": "3", "P29_007": "1", "P29_008": "00", "P29_009": null }, "geometry": { "type": "Point", "coordinates": [ 139.987397026284214, 35.735564508961311 ] } },
{ "type": "Feature", "properties": { "P29_001": "12207", "P29_002": "C112210001192", "P29_003": "16002", "P29_004": "松戸市立第三中学校", "P29_005": "千葉県松戸市馬橋2080", "P29_006": "3", "P29_007": "1", "P29_008": "00", "P29_009": null }, "geometry": { "type": "Point", "coordinates": [ 139.925032963374974, 35.809707929941503 ] } },
{ "type": "Feature", "properties": { "P29_001": "12207", "P29_002": "C112210001209", "P29_003": "16002", "P29_004": "松戸市立第四中学校", "P29_005": "千葉県松戸市五香西1-6-1", "P29_006": "3", "P29_007": "1", "P29_008": "00", "P29_009": null }, "geometry": { "type": "Point", "coordinates": [ 139.96635229844037, 35.794566976479565 ] } },
{ "type": "Feature", "properties": { "P29_001": "12207", "P29_002": "C112210001218", "P29_003": "16002", "P29_004": "松戸市立第五中学校", "P29_005": "千葉県松戸市高塚新田380", "P29_006": "3", "P29_007": "1", "P29_008": "00", "P29_009": null }, "geometry": { "type": "Point", "coordinates": [ 139.933400935580096, 35.768593429530753 ] } },
{ "type": "Feature", "properties": { "P29_001": "12207", "P29_002": "C112210001236", "P29_003": "16002", "P29_004": "松戸市立小金中学校", "P29_005": "千葉県松戸市新松戸北2-16-11", "P29_006": "3", "P29_007": "1", "P29_008": "00", "P29_009": null }, "geometry": { "type": "Point", "coordinates": [ 139.914279818674942, 35.83248967052694 ] } },
{ "type": "Feature", "properties": { "P29_001": "12207", "P29_002": "C112210001245", "P29_003": "16002", "P29_004": "松戸市立常盤平中学校", "P29_005": "千葉県松戸市常盤平7-25", "P29_006": "3", "P29_007": "1", "P29_008": "00", "P29_009": null }, "geometry": { "type": "Point", "coordinates": [ 139.95259522857981, 35.795067234234722 ] } },
{ "type": "Feature", "properties": { "P29_001": "12207", "P29_002": "C112210001254", "P29_003": "16002", "P29_004": "松戸市立栗ケ沢中学校", "P29_005": "千葉県松戸市小金原9-25", "P29_006": "3", "P29_007": "1", "P29_008": "00", "P29_009": null }, "geometry": { "type": "Point", "coordinates": [ 139.948101385930727, 35.812110399611832 ] } },
{ "type": "Feature", "properties": { "P29_001": "12207", "P29_002": "C112210001272", "P29_003": "16002", "P29_004": "松戸市立小金南中学校", "P29_005": "千葉県松戸市小金清志町1-16-1", "P29_006": "3", "P29_007": "1", "P29_008": "00", "P29_009": null }, "geometry": { "type": "Point", "coordinates": [ 139.929619180111729, 35.823237213083232 ] } },
{ "type": "Feature", "properties": { "P29_001": "12207", "P29_002": "C112210001281", "P29_003": "16002", "P29_004": "松戸市立古ケ崎中学校", "P29_005": "千葉県松戸市古ケ崎2515-1", "P29_006": "3", "P29_007": "1", "P29_008": "01", "P29_009": null }, "geometry": { "type": "Point", "coordinates": [ 139.893842224288392, 35.804814278334241 ] } },
{ "type": "Feature", "properties": { "P29_001": "12207", "P29_002": "C112210001290", "P29_003": "16002", "P29_004": "松戸市立牧野原中学校", "P29_005": "千葉県松戸市五香西4-39-1", "P29_006": "3", "P29_007": "1", "P29_008": "00", "P29_009": null }, "geometry": { "type": "Point", "coordinates": [ 139.958280715722651, 35.78723520440473 ] } },
{ "type": "Feature", "properties": { "P29_001": "12207", "P29_002": "C112210001307", "P29_003": "16002", "P29_004": "松戸市立根木内中学校", "P29_005": "千葉県松戸市小金原1-30", "P29_006": "3", "P29_007": "1", "P29_008": "00", "P29_009": null }, "geometry": { "type": "Point", "coordinates": [ 139.942175983189514, 35.824677378482491 ] } },
{ "type": "Feature", "properties": { "P29_001": "12207", "P29_002": "C112210001316", "P29_003": "16002", "P29_004": "松戸市立河原塚中学校", "P29_005": "千葉県松戸市河原塚190", "P29_006": "3", "P29_007": "1", "P29_008": "00", "P29_009": null }, "geometry": { "type": "Point", "coordinates": [ 139.939274010744811, 35.776323198537341 ] } },
{ "type": "Feature", "properties": { "P29_001": "12207", "P29_002": "C112210001325", "P29_003": "16002", "P29_004": "松戸市立新松戸南中学校", "P29_005": "千葉県松戸市新松戸南2-124", "P29_006": "3", "P29_007": "1", "P29_008": "00", "P29_009": null }, "geometry": { "type": "Point", "coordinates": [ 139.909617980781519, 35.821355448658771 ] } },
{ "type": "Feature", "properties": { "P29_001": "12207", "P29_002": "C112210001343", "P29_003": "16002", "P29_004": "松戸市立和名ケ谷中学校", "P29_005": "千葉県松戸市和名ケ谷1338-1", "P29_006": "3", "P29_007": "1", "P29_008": "01", "P29_009": null }, "geometry": { "type": "Point", "coordinates": [ 139.917157300586382, 35.776883299655381 ] } },
{ "type": "Feature", "properties": { "P29_001": "12207", "P29_002": "C112210001352", "P29_003": "16002", "P29_004": "松戸市立旭町中学校", "P29_005": "千葉県松戸市旭町1-150", "P29_006": "3", "P29_007": "1", "P29_008": "00", "P29_009": null }, "geometry": { "type": "Point", "coordinates": [ 139.901676151075634, 35.816330298550916 ] } },
{ "type": "Feature", "properties": { "P29_001": "12207", "P29_002": "C112210001361", "P29_003": "16002", "P29_004": "松戸市立小金北中学校", "P29_005": "千葉県松戸市幸田206", "P29_006": "3", "P29_007": "1", "P29_008": "00", "P29_009": null }, "geometry": { "type": "Point", "coordinates": [ 139.924323764255149, 35.848876693849384 ] } },
{ "type": "Feature", "properties": { "P29_001": "12207", "P29_002": "C112210001370", "P29_003": "16002", "P29_004": "松戸市立第一中学校みらい分校", "P29_005": "千葉県松戸市古ヶ崎1-3073", "P29_006": "3", "P29_007": "1", "P29_008": "00", "P29_009": null }, "geometry": { "type": "Point", "coordinates": [ 139.895466040253154, 35.794407133074849 ] } },
{ "type": "Feature", "properties": { "P29_001": "12208", "P29_002": "C112210001389", "P29_003": "16002", "P29_004": "野田市立第一中学校", "P29_005": "千葉県野田市野田829-1", "P29_006": "3", "P29_007": "1", "P29_008": "00", "P29_009": null }, "geometry": { "type": "Point", "coordinates": [ 139.867944654024114, 35.951722321317703 ] } },
{ "type": "Feature", "properties": { "P29_001": "12208", "P29_002": "C112210001398", "P29_003": "16002", "P29_004": "野田市立第二中学校", "P29_005": "千葉県野田市中根139", "P29_006": "3", "P29_007": "1", "P29_008": "00", "P29_009": null }, "geometry": { "type": "Point", "coordinates": [ 139.874827323679597, 35.939524165788974 ] } },
{ "type": "Feature", "properties": { "P29_001": "12208", "P29_002": "C112210001405", "P29_003": "16002", "P29_004": "野田市立東部中学校", "P29_005": "千葉県野田市目吹1500", "P29_006": "3", "P29_007": "1", "P29_008": "00", "P29_009": null }, "geometry": { "type": "Point", "coordinates": [ 139.884571936531614, 35.963627290913934 ] } },
{ "type": "Feature", "properties": { "P29_001": "12208", "P29_002": "C112210001414", "P29_003": "16002", "P29_004": "野田市立南部中学校", "P29_005": "千葉県野田市花井67", "P29_006": "3", "P29_007": "1", "P29_008": "00", "P29_009": null }, "geometry": { "type": "Point", "coordinates": [ 139.885233100642068, 35.935612112435955 ] } },
{ "type": "Feature", "properties": { "P29_001": "12208", "P29_002": "C112210001423", "P29_003": "16002", "P29_004": "野田市立北部中学校", "P29_005": "千葉県野田市谷津673", "P29_006": "3", "P29_007": "1", "P29_008": "00", "P29_009": null }, "geometry": { "type": "Point", "coordinates": [ 139.854386111200256, 35.976177011059498 ] } },
{ "type": "Feature", "properties": { "P29_001": "12208", "P29_002": "C112210001441", "P29_003": "16002", "P29_004": "野田市立川間中学校", "P29_005": "千葉県野田市中里136-1", "P29_006": "3", "P29_007": "1", "P29_008": "01", "P29_009": null }, "geometry": { "type": "Point", "coordinates": [ 139.838207598518437, 35.992800247919526 ] } },
{ "type": "Feature", "properties": { "P29_001": "12208", "P29_002": "C112210001450", "P29_003": "16002", "P29_004": "野田市立岩名中学校", "P29_005": "千葉県野田市岩名1700", "P29_006": "3", "P29_007": "1", "P29_008": "00", "P29_009": null }, "geometry": { "type": "Point", "coordinates": [ 139.838081216354908, 35.967462061413272 ] } },
{ "type": "Feature", "properties": { "P29_001": "12217", "P29_002": "C112210001897", "P29_003": "16002", "P29_004": "柏市立柏中学校", "P29_005": "千葉県柏市明原4-1-1", "P29_006": "3", "P29_007": "1", "P29_008": "00", "P29_009": null }, "geometry": { "type": "Point", "coordinates": [ 139.962741893402779, 35.864536773783193 ] } },
{ "type": "Feature", "properties": { "P29_001": "12217", "P29_002": "C112210001904", "P29_003": "16002", "P29_004": "柏市立柏第二中学校", "P29_005": "千葉県柏市弥生町6-6", "P29_006": "3", "P29_007": "1", "P29_008": "00", "P29_009": null }, "geometry": { "type": "Point", "coordinates": [ 139.98533688139193, 35.856812874845268 ] } },
{ "type": "Feature", "properties": { "P29_001": "12217", "P29_002": "C112210001913", "P29_003": "16002", "P29_004": "柏市立土中学校", "P29_005": "千葉県柏市増尾1-23-1", "P29_006": "3", "P29_007": "1", "P29_008": "00", "P29_009": null }, "geometry": { "type": "Point", "coordinates": [ 139.97570950479539, 35.834186793428593 ] } },
{ "type": "Feature", "properties": { "P29_001": "12217", "P29_002": "C112210001931", "P29_003": "16002", "P29_004": "柏市立田中中学校", "P29_005": "千葉県柏市大室249-9", "P29_006": "3", "P29_007": "1", "P29_008": "00", "P29_009": null }, "geometry": { "type": "Point", "coordinates": [ 139.956839749629864, 35.904589864884564 ] } },
{ "type": "Feature", "properties": { "P29_001": "12217", "P29_002": "C112210001940", "P29_003": "16002", "P29_004": "柏市立光ヶ丘中学校", "P29_005": "千葉県柏市光ヶ丘4-23-1", "P29_006": "3", "P29_007": "1", "P29_008": "00", "P29_009": null }, "geometry": { "type": "Point", "coordinates": [ 139.965134495054258, 35.829376100870235 ] } },
{ "type": "Feature", "properties": { "P29_001": "12217", "P29_002": "C112210001959", "P29_003": "16002", "P29_004": "柏市立柏第三中学校", "P29_005": "千葉県柏市篠籠田987-1", "P29_006": "3", "P29_007": "1", "P29_008": "00", "P29_009": null }, "geometry": { "type": "Point", "coordinates": [ 139.95302663362753, 35.86782890543595 ] } },
{ "type": "Feature", "properties": { "P29_001": "12217", "P29_002": "C112210001977", "P29_003": "16002", "P29_004": "柏市立南部中学校", "P29_005": "千葉県柏市南増尾6-16-1", "P29_006": "3", "P29_007": "1", "P29_008": "00", "P29_009": null }, "geometry": { "type": "Point", "coordinates": [ 139.964220968447563, 35.809363234940825 ] } },
{ "type": "Feature", "properties": { "P29_001": "12217", "P29_002": "C112210001986", "P29_003": "16002", "P29_004": "柏市立柏第五中学校", "P29_005": "千葉県柏市高田919-1", "P29_006": "3", "P29_007": "1", "P29_008": "00", "P29_009": null }, "geometry": { "type": "Point", "coordinates": [ 139.965411702587545, 35.874013601587343 ] } },
{ "type": "Feature", "properties": { "P29_001": "12217", "P29_002": "C112210001995", "P29_003": "16002", "P29_004": "柏市立酒井根中学校", "P29_005": "千葉県柏市酒井根1-3-1", "P29_006": "3", "P29_007": "1", "P29_008": "00", "P29_009": null }, "geometry": { "type": "Point", "coordinates": [ 139.965802081393548, 35.824037938073886 ] } },
{ "type": "Feature", "properties": { "P29_001": "12217", "P29_002": "C112210002002", "P29_003": "16002", "P29_004": "柏市立西原中学校", "P29_005": "千葉県柏市西原6-13-1", "P29_006": "3", "P29_007": "1", "P29_008": "00", "P29_009": null }, "geometry": { "type": "Point", "coordinates": [ 139.923965339419823, 35.889066932280009 ] } },
{ "type": "Feature", "properties": { "P29_001": "12217", "P29_002": "C112210002011", "P29_003": "16002", "P29_004": "柏市立松葉中学校", "P29_005": "千葉県柏市松葉町3-14", "P29_006": "3", "P29_007": "1", "P29_008": "00", "P29_009": null }, "geometry": { "type": "Point", "coordinates": [ 139.969827686425589, 35.887377792438336 ] } },
{ "type": "Feature", "properties": { "P29_001": "12217", "P29_002": "C112210002020", "P29_003": "16002", "P29_004": "柏市立逆井中学校", "P29_005": "千葉県柏市逆井555", "P29_006": "3", "P29_007": "1", "P29_008": "00", "P29_009": null }, "geometry": { "type": "Point", "coordinates": [ 139.98439578468907, 35.817218964214938 ] } },
{ "type": "Feature", "properties": { "P29_001": "12217", "P29_002": "C112210002048", "P29_003": "16002", "P29_004": "柏市立豊四季中学校", "P29_005": "千葉県柏市豊四季287-7", "P29_006": "3", "P29_007": "1", "P29_008": "00", "P29_009": null }, "geometry": { "type": "Point", "coordinates": [ 139.950668448225741, 35.86125620731174 ] } },
{ "type": "Feature", "properties": { "P29_001": "12220", "P29_002": "C112210002280", "P29_003": "16002", "P29_004": "流山市立南部中学校", "P29_005": "千葉県流山市加3-600-1", "P29_006": "3", "P29_007": "1", "P29_008": "00", "P29_009": null }, "geometry": { "type": "Point", "coordinates": [ 139.911036180105725, 35.861914638186462 ] } },
{ "type": "Feature", "properties": { "P29_001": "12220", "P29_002": "C112210002299", "P29_003": "16002", "P29_004": "流山市立常盤松中学校", "P29_005": "千葉県流山市東初石3-134", "P29_006": "3", "P29_007": "1", "P29_008": "00", "P29_009": null }, "geometry": { "type": "Point", "coordinates": [ 139.922475751614286, 35.882395396060033 ] } },
{ "type": "Feature", "properties": { "P29_001": "12220", "P29_002": "C112210002306", "P29_003": "16002", "P29_004": "流山市立北部中学校", "P29_005": "千葉県流山市中野久木577", "P29_006": "3", "P29_007": "1", "P29_008": "00", "P29_009": null }, "geometry": { "type": "Point", "coordinates": [ 139.906363748717837, 35.896708160477097 ] } },
{ "type": "Feature", "properties": { "P29_001": "12220", "P29_002": "C112210002324", "P29_003": "16002", "P29_004": "流山市立東深井中学校", "P29_005": "千葉県流山市東深井47", "P29_006": "3", "P29_007": "1", "P29_008": "00", "P29_009": null }, "geometry": { "type": "Point", "coordinates": [ 139.905561780351292, 35.906305217990479 ] } },
{ "type": "Feature", "properties": { "P29_001": "12220", "P29_002": "C112210002333", "P29_003": "16002", "P29_004": "流山市立八木中学校", "P29_005": "千葉県流山市古間木210-2", "P29_006": "3", "P29_007": "1", "P29_008": "00", "P29_009": null }, "geometry": { "type": "Point", "coordinates": [ 139.92790370233331, 35.855274701639694 ] } },
{ "type": "Feature", "properties": { "P29_001": "12220", "P29_002": "C112210002342", "P29_003": "16002", "P29_004": "流山市立南流山中学校", "P29_005": "千葉県流山市流山2539-1", "P29_006": "3", "P29_007": "1", "P29_008": "00", "P29_009": null }, "geometry": { "type": "Point", "coordinates": [ 139.901037368394896, 35.83444502450957 ] } },
{ "type": "Feature", "properties": { "P29_001": "12220", "P29_002": "C112210002351", "P29_003": "16002", "P29_004": "流山市立西初石中学校", "P29_005": "千葉県流山市西初石4-455-1", "P29_006": "3", "P29_007": "1", "P29_008": "00", "P29_009": null }, "geometry": { "type": "Point", "coordinates": [ 139.912174493429461, 35.879876765657393 ] } },
{ "type": "Feature", "properties": { "P29_001": "12220", "P29_002": "C112210002360", "P29_003": "16002", "P29_004": "流山市立おおたかの森中学校", "P29_005": "千葉県流山市おおたかの森西2-13-1", "P29_006": "3", "P29_007": "1", "P29_008": "00", "P29_009": null }, "geometry": { "type": "Point", "coordinates": [ 139.917662922624743, 35.867020889895301 ] } },
{ "type": "Feature", "properties": { "P29_001": "12222", "P29_002": "C112210002495", "P29_003": "16002", "P29_004": "我孫子市立湖北中学校", "P29_005": "千葉県我孫子市古戸300", "P29_006": "3", "P29_007": "1", "P29_008": "00", "P29_009": null }, "geometry": { "type": "Point", "coordinates": [ 140.091951673656723, 35.868730574239862 ] } },
{ "type": "Feature", "properties": { "P29_001": "12222", "P29_002": "C112210002501", "P29_003": "16002", "P29_004": "我孫子市立我孫子中学校", "P29_005": "千葉県我孫子市高野山537", "P29_006": "3", "P29_007": "1", "P29_008": "00", "P29_009": null }, "geometry": { "type": "Point", "coordinates": [ 140.038259458485953, 35.865649710402572 ] } },
{ "type": "Feature", "properties": { "P29_001": "12222", "P29_002": "C112210002510", "P29_003": "16002", "P29_004": "我孫子市立湖北台中学校", "P29_005": "千葉県我孫子市湖北台6-9-1", "P29_006": "3", "P29_007": "1", "P29_008": "00", "P29_009": null }, "geometry": { "type": "Point", "coordinates": [ 140.071399405069286, 35.860706171490392 ] } },
{ "type": "Feature", "properties": { "P29_001": "12222", "P29_002": "C112210002538", "P29_003": "16002", "P29_004": "我孫子市立白山中学校", "P29_005": "千葉県我孫子市白山3-7-3", "P29_006": "3", "P29_007": "1", "P29_008": "00", "P29_009": null }, "geometry": { "type": "Point", "coordinates": [ 140.00475945711446, 35.869759150588003 ] } },
{ "type": "Feature", "properties": { "P29_001": "12224", "P29_002": "C112210002565", "P29_003": "16002", "P29_004": "鎌ケ谷市立鎌ケ谷中学校", "P29_005": "千葉県鎌ケ谷市富岡1-2-1", "P29_006": "3", "P29_007": "1", "P29_008": "00", "P29_009": null }, "geometry": { "type": "Point", "coordinates": [ 139.999465266951773, 35.76979464427265 ] } },
{ "type": "Feature", "properties": { "P29_001": "12224", "P29_002": "C112210002574", "P29_003": "16002", "P29_004": "鎌ケ谷市立第二中学校", "P29_005": "千葉県鎌ケ谷市東道野辺4-19-26", "P29_006": "3", "P29_007": "1", "P29_008": "00", "P29_009": null }, "geometry": { "type": "Point", "coordinates": [ 140.004374156255437, 35.757470942283291 ] } },
{ "type": "Feature", "properties": { "P29_001": "12224", "P29_002": "C112210002583", "P29_003": "16002", "P29_004": "鎌ケ谷市立第三中学校", "P29_005": "千葉県鎌ケ谷市粟野450", "P29_006": "3", "P29_007": "1", "P29_008": "00", "P29_009": null }, "geometry": { "type": "Point", "coordinates": [ 139.99657241224773, 35.784865195301627 ] } },
{ "type": "Feature", "properties": { "P29_001": "12224", "P29_002": "C112210002592", "P29_003": "16002", "P29_004": "鎌ケ谷市立第四中学校", "P29_005": "千葉県鎌ケ谷市中沢1024-1", "P29_006": "3", "P29_007": "1", "P29_008": "00", "P29_009": null }, "geometry": { "type": "Point", "coordinates": [ 139.979761747223193, 35.763743628299835 ] } },
{ "type": "Feature", "properties": { "P29_001": "12227", "P29_002": "C112210002725", "P29_003": "16002", "P29_004": "浦安市立堀江中学校", "P29_005": "千葉県浦安市富士見2-19-1", "P29_006": "3", "P29_007": "1", "P29_008": "00", "P29_009": null }, "geometry": { "type": "Point", "coordinates": [ 139.889707723449021, 35.650512901043768 ] } },
{ "type": "Feature", "properties": { "P29_001": "12227", "P29_002": "C112210002752", "P29_003": "16002", "P29_004": "浦安市立富岡中学校", "P29_005": "千葉県浦安市富岡1-23-1", "P29_006": "3", "P29_007": "1", "P29_008": "00", "P29_009": null }, "geometry": { "type": "Point", "coordinates": [ 139.90440346755426, 35.649207763319289 ] } },
{ "type": "Feature", "properties": { "P29_001": "12227", "P29_002": "C112210002770", "P29_003": "16002", "P29_004": "浦安市立日の出中学校", "P29_005": "千葉県浦安市日の出3-1-2", "P29_006": "3", "P29_007": "1", "P29_008": "00", "P29_009": null }, "geometry": { "type": "Point", "coordinates": [ 139.927094508181824, 35.64648060181964 ] } },
{ "type": "Feature", "properties": { "P29_001": "12227", "P29_002": "C112210002789", "P29_003": "16002", "P29_004": "浦安市立明海中学校", "P29_005": "千葉県浦安市明海5-5-1", "P29_006": "3", "P29_007": "1", "P29_008": "00", "P29_009": null }, "geometry": { "type": "Point", "coordinates": [ 139.924500310530306, 35.639254517052123 ] } },
{ "type": "Feature", "properties": { "P29_001": "12208", "P29_002": "C112210002841", "P29_003": "16002", "P29_004": "野田市立関宿中学校", "P29_005": "千葉県野田市関宿台町2150", "P29_006": "3", "P29_007": "1", "P29_008": "00", "P29_009": null }, "geometry": { "type": "Point", "coordinates": [ 139.789209269863079, 36.088040683520717 ] } },
{ "type": "Feature", "properties": { "P29_001": "12208", "P29_002": "C112210002850", "P29_003": "16002", "P29_004": "野田市立二川中学校", "P29_005": "千葉県野田市桐ケ作418", "P29_006": "3", "P29_007": "1", "P29_008": "01", "P29_009": null }, "geometry": { "type": "Point", "coordinates": [ 139.812246489584481, 36.046168918313199 ] } },
{ "type": "Feature", "properties": { "P29_001": "12208", "P29_002": "C112210002869", "P29_003": "16002", "P29_004": "野田市立木間ケ瀬中学校", "P29_005": "千葉県野田市木間ケ瀬3393-1", "P29_006": "3", "P29_007": "1", "P29_008": "01", "P29_009": null }, "geometry": { "type": "Point", "coordinates": [ 139.846586108810016, 36.025512681185909 ] } },
{ "type": "Feature", "properties": { "P29_001": "12217", "P29_002": "C112210002887", "P29_003": "16002", "P29_004": "柏市立手賀中学校", "P29_005": "千葉県柏市柳戸690", "P29_006": "3", "P29_007": "1", "P29_008": "00", "P29_009": null }, "geometry": { "type": "Point", "coordinates": [ 140.050759974645132, 35.836728736411821 ] } },
{ "type": "Feature", "properties": { "P29_001": "12217", "P29_002": "C112210002896", "P29_003": "16002", "P29_004": "柏市立大津ケ丘中学校", "P29_005": "千葉県柏市大津ヶ丘1-25", "P29_006": "3", "P29_007": "1", "P29_008": "00", "P29_009": null }, "geometry": { "type": "Point", "coordinates": [ 140.002584971579324, 35.844425703354382 ] } },
{ "type": "Feature", "properties": { "P29_001": "12217", "P29_002": "C112210002903", "P29_003": "16002", "P29_004": "柏市立高柳中学校", "P29_005": "千葉県柏市高南台1-1-1", "P29_006": "3", "P29_007": "1", "P29_008": "00", "P29_009": null }, "geometry": { "type": "Point", "coordinates": [ 139.995552089084299, 35.806200305447369 ] } },
{ "type": "Feature", "properties": { "P29_001": "12232", "P29_002": "C112210003029", "P29_003": "16002", "P29_004": "白井市立大山口中学校", "P29_005": "千葉県白井市大山口2-1-1", "P29_006": "3", "P29_007": "1", "P29_008": "00", "P29_009": null }, "geometry": { "type": "Point", "coordinates": [ 140.02336935946073, 35.787917584457638 ] } },
{ "type": "Feature", "properties": { "P29_001": "12232", "P29_002": "C112210003038", "P29_003": "16002", "P29_004": "白井市立南山中学校", "P29_005": "千葉県白井市南山1-6-1", "P29_006": "3", "P29_007": "1", "P29_008": "00", "P29_009": null }, "geometry": { "type": "Point", "coordinates": [ 140.058465377322023, 35.780108734962646 ] } },
{ "type": "Feature", "properties": { "P29_001": "12232", "P29_002": "C112210003047", "P29_003": "16002", "P29_004": "白井市立七次台中学校", "P29_005": "千葉県白井市七次台1-21-1", "P29_006": "3", "P29_007": "1", "P29_008": "00", "P29_009": null }, "geometry": { "type": "Point", "coordinates": [ 140.041008520565669, 35.79514362599086 ] } },
{ "type": "Feature", "properties": { "P29_001": "12227", "P29_002": "C112210003680", "P29_003": "16002", "P29_004": "浦安市立高洲中学校", "P29_005": "千葉県浦安市高洲7-3-1", "P29_006": "3", "P29_007": "1", "P29_008": "00", "P29_009": null }, "geometry": { "type": "Point", "coordinates": [ 139.916728258802436, 35.633098168969326 ] } },
{ "type": "Feature", "properties": { "P29_001": "12203", "P29_002": "C112310000011", "P29_003": "16002", "P29_004": "国府台女子学院中学部", "P29_005": "千葉県市川市菅野3-24-1", "P29_006": "4", "P29_007": "1", "P29_008": "00", "P29_009": null }, "geometry": { "type": "Point", "coordinates": [ 139.915843328787417, 35.732366198280204 ] } },
{ "type": "Feature", "properties": { "P29_001": "12203", "P29_002": "C112310000020", "P29_003": "16002", "P29_004": "日出学園中学校", "P29_005": "千葉県市川市菅野3-23-1", "P29_006": "4", "P29_007": "1", "P29_008": "00", "P29_009": null }, "geometry": { "type": "Point", "coordinates": [ 139.918231119258138, 35.732295577698089 ] } },
{ "type": "Feature", "properties": { "P29_001": "12203", "P29_002": "C112310000039", "P29_003": "16002", "P29_004": "昭和学院中学校", "P29_005": "千葉県市川市東菅野2-17-1", "P29_006": "4", "P29_007": "1", "P29_008": "00", "P29_009": null }, "geometry": { "type": "Point", "coordinates": [ 139.931107044268771, 35.733607237391169 ] } },
{ "type": "Feature", "properties": { "P29_001": "12203", "P29_002": "C112310000048", "P29_003": "16002", "P29_004": "市川中学校", "P29_005": "千葉県市川市本北方2-38-1", "P29_006": "4", "P29_007": "1", "P29_008": "00", "P29_009": null }, "geometry": { "type": "Point", "coordinates": [ 139.947399395768002, 35.732204448510622 ] } },
{ "type": "Feature", "properties": { "P29_001": "12217", "P29_002": "C112310000208", "P29_003": "16002", "P29_004": "芝浦工業大学柏中学校", "P29_005": "千葉県柏市増尾700", "P29_006": "4", "P29_007": "1", "P29_008": "00", "P29_009": null }, "geometry": { "type": "Point", "coordinates": [ 139.985517029775878, 35.840959782879352 ] } },
{ "type": "Feature", "properties": { "P29_001": "12207", "P29_002": "C112310000217", "P29_003": "16002", "P29_004": "専修大学松戸中学校", "P29_005": "千葉県松戸市上本郷2-3621", "P29_006": "4", "P29_007": "1", "P29_008": "00", "P29_009": null }, "geometry": { "type": "Point", "coordinates": [ 139.919931692596975, 35.79895007858849 ] } },
{ "type": "Feature", "properties": { "P29_001": "12217", "P29_002": "C112310000244", "P29_003": "16002", "P29_004": "二松学舎大学附属柏中学校", "P29_005": "千葉県柏市大井2590", "P29_006": "4", "P29_007": "1", "P29_008": "00", "P29_009": null }, "geometry": { "type": "Point", "coordinates": [ 140.011639090782552, 35.851882308446839 ] } },
{ "type": "Feature", "properties": { "P29_001": "12204", "P29_002": "C112210000754", "P29_003": "16002", "P29_004": "船橋市立宮本中学校", "P29_005": "千葉県船橋市東船橋7-8-1", "P29_006": "3", "P29_007": "1", "P29_008": "00", "P29_009": null }, "geometry": { "type": "Point", "coordinates": [ 140.001262584952599, 35.694894793759488 ] } },
{ "type": "Feature", "properties": { "P29_001": "12204", "P29_002": "C112210000807", "P29_003": "16002", "P29_004": "船橋市立二宮中学校", "P29_005": "千葉県船橋市滝台1-2-1", "P29_006": "3", "P29_007": "1", "P29_008": "00", "P29_009": null }, "geometry": { "type": "Point", "coordinates": [ 140.034989271178063, 35.704244514097084 ] } },
{ "type": "Feature", "properties": { "P29_001": "12204", "P29_002": "C112210000825", "P29_003": "16002", "P29_004": "船橋市立前原中学校", "P29_005": "千葉県船橋市中野木2-33-1", "P29_006": "3", "P29_007": "1", "P29_008": "00", "P29_009": null }, "geometry": { "type": "Point", "coordinates": [ 140.017646864039591, 35.704481455798643 ] } },
{ "type": "Feature", "properties": { "P29_001": "12204", "P29_002": "C112210000834", "P29_003": "16002", "P29_004": "船橋市立高根台中学校", "P29_005": "千葉県船橋市高根台3-3-1", "P29_006": "3", "P29_007": "1", "P29_008": "00", "P29_009": null }, "geometry": { "type": "Point", "coordinates": [ 140.042984813530893, 35.731376604639379 ] } },
{ "type": "Feature", "properties": { "P29_001": "12204", "P29_002": "C112210000852", "P29_003": "16002", "P29_004": "船橋市立習志野台中学校", "P29_005": "千葉県船橋市習志野台6-23-1", "P29_006": "3", "P29_007": "1", "P29_008": "00", "P29_009": null }, "geometry": { "type": "Point", "coordinates": [ 140.053691936511257, 35.721689855677887 ] } },
{ "type": "Feature", "properties": { "P29_001": "12204", "P29_002": "C112210000889", "P29_003": "16002", "P29_004": "船橋市立古和釜中学校", "P29_005": "千葉県船橋市松が丘3-69-1", "P29_006": "3", "P29_007": "1", "P29_008": "00", "P29_009": null }, "geometry": { "type": "Point", "coordinates": [ 140.049598283687573, 35.738316847895433 ] } },
{ "type": "Feature", "properties": { "P29_001": "12204", "P29_002": "C112210000898", "P29_003": "16002", "P29_004": "船橋市立高根中学校", "P29_005": "千葉県船橋市新高根1-17-2", "P29_006": "3", "P29_007": "1", "P29_008": "00", "P29_009": null }, "geometry": { "type": "Point", "coordinates": [ 140.022507910110306, 35.726689392874263 ] } },
{ "type": "Feature", "properties": { "P29_001": "12204", "P29_002": "C112210000905", "P29_003": "16002", "P29_004": "船橋市立三田中学校", "P29_005": "千葉県船橋市田喜野井2-24-1", "P29_006": "3", "P29_007": "1", "P29_008": "00", "P29_009": null }, "geometry": { "type": "Point", "coordinates": [ 140.045033679246785, 35.698861246785334 ] } },
{ "type": "Feature", "properties": { "P29_001": "12204", "P29_002": "C112210000923", "P29_003": "16002", "P29_004": "船橋市立芝山中学校", "P29_005": "千葉県船橋市芝山1-40-11", "P29_006": "3", "P29_007": "1", "P29_008": "00", "P29_009": null }, "geometry": { "type": "Point", "coordinates": [ 140.018617567690342, 35.71632183314221 ] } },
{ "type": "Feature", "properties": { "P29_001": "12204", "P29_002": "C112210000932", "P29_003": "16002", "P29_004": "船橋市立七林中学校", "P29_005": "千葉県船橋市七林町130", "P29_006": "3", "P29_007": "1", "P29_008": "00", "P29_009": null }, "geometry": { "type": "Point", "coordinates": [ 140.036906560100448, 35.716806638978852 ] } },
{ "type": "Feature", "properties": { "P29_001": "12204", "P29_002": "C112210000969", "P29_003": "16002", "P29_004": "船橋市立大穴中学校", "P29_005": "千葉県船橋市大穴南3-19-2", "P29_006": "3", "P29_007": "1", "P29_008": "00", "P29_009": null }, "geometry": { "type": "Point", "coordinates": [ 140.042868783408238, 35.741363076418978 ] } },
{ "type": "Feature", "properties": { "P29_001": "12204", "P29_002": "C112210000978", "P29_003": "16002", "P29_004": "船橋市立坪井中学校", "P29_005": "千葉県船橋市坪井東1-24-1", "P29_006": "3", "P29_007": "1", "P29_008": "00", "P29_009": null }, "geometry": { "type": "Point", "coordinates": [ 140.056509465579694, 35.730064506361522 ] } },
{ "type": "Feature", "properties": { "P29_001": "12204", "P29_002": "C112210000996", "P29_003": "16002", "P29_004": "船橋市立飯山満中学校", "P29_005": "千葉県船橋市飯山満町1-946-1", "P29_006": "3", "P29_007": "1", "P29_008": "00", "P29_009": null }, "geometry": { "type": "Point", "coordinates": [ 140.017818165102113, 35.711317496573308 ] } },
{ "type": "Feature", "properties": { "P29_001": "12216", "P29_002": "C112210001824", "P29_003": "16002", "P29_004": "習志野市立第一中学校", "P29_005": "千葉県習志野市秦の杜1-13-1", "P29_006": "3", "P29_007": "1", "P29_008": "01", "P29_009": null }, "geometry": { "type": "Point", "coordinates": [ 140.012260443018903, 35.691165271074539 ] } },
{ "type": "Feature", "properties": { "P29_001": "12216", "P29_002": "C112210001842", "P29_003": "16002", "P29_004": "習志野市立第三中学校", "P29_005": "千葉県習志野市袖ヶ浦4-3-1", "P29_006": "3", "P29_007": "1", "P29_008": "01", "P29_009": null }, "geometry": { "type": "Point", "coordinates": [ 140.023572737010312, 35.673335206660468 ] } },
{ "type": "Feature", "properties": { "P29_001": "12216", "P29_002": "C112210001860", "P29_003": "16002", "P29_004": "習志野市立第五中学校", "P29_005": "千葉県習志野市藤崎2-3-16", "P29_006": "3", "P29_007": "1", "P29_008": "00", "P29_009": null }, "geometry": { "type": "Point", "coordinates": [ 140.028611731445835, 35.688942702316368 ] } },
{ "type": "Feature", "properties": { "P29_001": "12221", "P29_002": "C112210002388", "P29_003": "16002", "P29_004": "八千代市立睦中学校", "P29_005": "千葉県八千代市島田台756", "P29_006": "3", "P29_007": "1", "P29_008": "00", "P29_009": null }, "geometry": { "type": "Point", "coordinates": [ 140.087719602589999, 35.756745741573596 ] } },
{ "type": "Feature", "properties": { "P29_001": "12232", "P29_002": "C112210003056", "P29_003": "16002", "P29_004": "白井市立桜台中学校", "P29_005": "千葉県白井市桜台3-27", "P29_006": "3", "P29_007": "1", "P29_008": "00", "P29_009": null }, "geometry": { "type": "Point", "coordinates": [ 140.100448452706104, 35.802279203775932 ] } },
{ "type": "Feature", "properties": { "P29_001": "12231", "P29_002": "C112210003065", "P29_003": "16002", "P29_004": "印西市立船穂中学校", "P29_005": "千葉県印西市高花1-3", "P29_006": "3", "P29_007": "1", "P29_008": "00", "P29_009": null }, "geometry": { "type": "Point", "coordinates": [ 140.132411718701604, 35.795527647426745 ] } },
{ "type": "Feature", "properties": { "P29_001": "12231", "P29_002": "C112210003083", "P29_003": "16002", "P29_004": "印西市立木刈中学校", "P29_005": "千葉県印西市木刈2-1", "P29_006": "3", "P29_007": "1", "P29_008": "00", "P29_009": null }, "geometry": { "type": "Point", "coordinates": [ 140.109978107956096, 35.807102612933939 ] } },
{ "type": "Feature", "properties": { "P29_001": "12231", "P29_002": "C112210003092", "P29_003": "16002", "P29_004": "印西市立小林中学校", "P29_005": "千葉県印西市小林大門下1-4-1", "P29_006": "3", "P29_007": "1", "P29_008": "00", "P29_009": null }, "geometry": { "type": "Point", "coordinates": [ 140.186888801227013, 35.823510698676515 ] } },
{ "type": "Feature", "properties": { "P29_001": "12231", "P29_002": "C112210003109", "P29_003": "16002", "P29_004": "印西市立原山中学校", "P29_005": "千葉県印西市原山1-2", "P29_006": "3", "P29_007": "1", "P29_008": "00", "P29_009": null }, "geometry": { "type": "Point", "coordinates": [ 140.127464633369186, 35.798940537605908 ] } },
{ "type": "Feature", "properties": { "P29_001": "12231", "P29_002": "C112210003118", "P29_003": "16002", "P29_004": "印西市立西の原中学校", "P29_005": "千葉県印西市西の原1-3", "P29_006": "3", "P29_007": "1", "P29_008": "00", "P29_009": null }, "geometry": { "type": "Point", "coordinates": [ 140.156426351273979, 35.803555813441633 ] } },
{ "type": "Feature", "properties": { "P29_001": "12102", "P29_002": "C112210000077", "P29_003": "16002", "P29_004": "千葉市立花園中学校", "P29_005": "千葉県千葉市花見川区花園4-1-1", "P29_006": "3", "P29_007": "1", "P29_008": "00", "P29_009": null }, "geometry": { "type": "Point", "coordinates": [ 140.073701607020325, 35.654439310313158 ] } },
{ "type": "Feature", "properties": { "P29_001": "12102", "P29_002": "C112210000120", "P29_003": "16002", "P29_004": "千葉市立犢橋中学校", "P29_005": "千葉県千葉市花見川区三角町656-2", "P29_006": "3", "P29_007": "1", "P29_008": "00", "P29_009": null }, "geometry": { "type": "Point", "coordinates": [ 140.11695783634795, 35.677585499771205 ] } },
{ "type": "Feature", "properties": { "P29_001": "12102", "P29_002": "C112210000139", "P29_003": "16002", "P29_004": "千葉市立幕張中学校", "P29_005": "千葉県千葉市花見川区幕張町4-45", "P29_006": "3", "P29_007": "1", "P29_008": "00", "P29_009": null }, "geometry": { "type": "Point", "coordinates": [ 140.058979501173781, 35.662904966467025 ] } },
{ "type": "Feature", "properties": { "P29_001": "12102", "P29_002": "C112210000255", "P29_003": "16002", "P29_004": "千葉市立さつきが丘中学校", "P29_005": "千葉県千葉市花見川区さつきが丘2-15", "P29_006": "3", "P29_007": "1", "P29_008": "00", "P29_009": null }, "geometry": { "type": "Point", "coordinates": [ 140.091410804261869, 35.668006942444265 ] } },
{ "type": "Feature", "properties": { "P29_001": "12102", "P29_002": "C112210000264", "P29_003": "16002", "P29_004": "千葉市立こてはし台中学校", "P29_005": "千葉県千葉市花見川区こてはし台5-15-1", "P29_006": "3", "P29_007": "1", "P29_008": "00", "P29_009": null }, "geometry": { "type": "Point", "coordinates": [ 140.119153778483536, 35.691715330516708 ] } },
{ "type": "Feature", "properties": { "P29_001": "12106", "P29_002": "C112210000308", "P29_003": "16002", "P29_004": "千葉市立幕張西中学校", "P29_005": "千葉県千葉市美浜区幕張西2-9-1", "P29_006": "3", "P29_007": "1", "P29_008": "00", "P29_009": null }, "geometry": { "type": "Point", "coordinates": [ 140.037429390632099, 35.663525905206797 ] } },
{ "type": "Feature", "properties": { "P29_001": "12102", "P29_002": "C112210000353", "P29_003": "16002", "P29_004": "千葉市立緑が丘中学校", "P29_005": "千葉県千葉市花見川区犢橋町213-4", "P29_006": "3", "P29_007": "1", "P29_008": "00", "P29_009": null }, "geometry": { "type": "Point", "coordinates": [ 140.111302435485158, 35.664303539087427 ] } },
{ "type": "Feature", "properties": { "P29_001": "12102", "P29_002": "C112210000362", "P29_003": "16002", "P29_004": "千葉市立天戸中学校", "P29_005": "千葉県千葉市花見川区天戸町1429", "P29_006": "3", "P29_007": "1", "P29_008": "00", "P29_009": null }, "geometry": { "type": "Point", "coordinates": [ 140.087322094886218, 35.681429603387464 ] } },
{ "type": "Feature", "properties": { "P29_001": "12102", "P29_002": "C112210000424", "P29_003": "16002", "P29_004": "千葉市立朝日ケ丘中学校", "P29_005": "千葉県千葉市花見川区朝日ケ丘2-4-1", "P29_006": "3", "P29_007": "1", "P29_008": "00", "P29_009": null }, "geometry": { "type": "Point", "coordinates": [ 140.087593062431949, 35.656186903371037 ] } },
{ "type": "Feature", "properties": { "P29_001": "12102", "P29_002": "C112210000460", "P29_003": "16002", "P29_004": "千葉市立幕張本郷中学校", "P29_005": "千葉県千葉市花見川区幕張本郷5-18-1", "P29_006": "3", "P29_007": "1", "P29_008": "00", "P29_009": null }, "geometry": { "type": "Point", "coordinates": [ 140.047038216946021, 35.67171170307595 ] } },
{ "type": "Feature", "properties": { "P29_001": "12106", "P29_002": "C112210000488", "P29_003": "16002", "P29_004": "千葉市立打瀬中学校", "P29_005": "千葉県千葉市美浜区打瀬3-12-1", "P29_006": "3", "P29_007": "1", "P29_008": "00", "P29_009": null }, "geometry": { "type": "Point", "coordinates": [ 140.043326234724674, 35.636757351184677 ] } },
{ "type": "Feature", "properties": { "P29_001": "12202", "P29_002": "C112210000530", "P29_003": "16002", "P29_004": "銚子市立第一中学校", "P29_005": "千葉県銚子市明神町1-1", "P29_006": "3", "P29_007": "1", "P29_008": "00", "P29_009": null }, "geometry": { "type": "Point", "coordinates": [ 140.855601862790905, 35.734907773162945 ] } },
{ "type": "Feature", "properties": { "P29_001": "12202", "P29_002": "C112210000549", "P29_003": "16002", "P29_004": "銚子市立第二中学校", "P29_005": "千葉県銚子市犬吠埼10292-49", "P29_006": "3", "P29_007": "1", "P29_008": "00", "P29_009": null }, "geometry": { "type": "Point", "coordinates": [ 140.859889873757822, 35.701502912906321 ] } },
{ "type": "Feature", "properties": { "P29_001": "12202", "P29_002": "C112210000558", "P29_003": "16002", "P29_004": "銚子市立第三中学校", "P29_005": "千葉県銚子市東小川町2348", "P29_006": "3", "P29_007": "1", "P29_008": "00", "P29_009": null }, "geometry": { "type": "Point", "coordinates": [ 140.83809130378279, 35.726954681082411 ] } },
{ "type": "Feature", "properties": { "P29_001": "12204", "P29_002": "C112210000987", "P29_003": "16002", "P29_004": "船橋市立三山中学校", "P29_005": "千葉県船橋市三山6-26-1", "P29_006": "3", "P29_007": "1", "P29_008": "00", "P29_009": null }, "geometry": { "type": "Point", "coordinates": [ 140.056993827401783, 35.701369151939282 ] } },
{ "type": "Feature", "properties": { "P29_001": "12236", "P29_002": "C112210001487", "P29_003": "16002", "P29_004": "香取市立新島中学校", "P29_005": "千葉県香取市佐原ハ4428", "P29_006": "3", "P29_007": "1", "P29_008": "00", "P29_009": null }, "geometry": { "type": "Point", "coordinates": [ 140.52353274468706, 35.934090657599036 ] } },
{ "type": "Feature", "properties": { "P29_001": "12236", "P29_002": "C112210001496", "P29_003": "16002", "P29_004": "香取市立香取中学校", "P29_005": "千葉県香取市津宮1440", "P29_006": "3", "P29_007": "1", "P29_008": "00", "P29_009": null }, "geometry": { "type": "Point", "coordinates": [ 140.533452855340272, 35.897433797838382 ] } },
{ "type": "Feature", "properties": { "P29_001": "12211", "P29_002": "C112210001566", "P29_003": "16002", "P29_004": "成田市立成田中学校", "P29_005": "千葉県成田市土屋928-1", "P29_006": "3", "P29_007": "1", "P29_008": "00", "P29_009": null }, "geometry": { "type": "Point", "coordinates": [ 140.314072017719099, 35.78756622831434 ] } },
{ "type": "Feature", "properties": { "P29_001": "12211", "P29_002": "C112210001575", "P29_003": "16002", "P29_004": "成田市立遠山中学校", "P29_005": "千葉県成田市大清水19", "P29_006": "3", "P29_007": "1", "P29_008": "00", "P29_009": null }, "geometry": { "type": "Point", "coordinates": [ 140.35437556906939, 35.766966920836815 ] } },
{ "type": "Feature", "properties": { "P29_001": "12211", "P29_002": "C112210001584", "P29_003": "16002", "P29_004": "成田市立久住中学校", "P29_005": "千葉県成田市久住中央2-1", "P29_006": "3", "P29_007": "1", "P29_008": "00", "P29_009": null }, "geometry": { "type": "Point", "coordinates": [ 140.341549438118733, 35.834442648725478 ] } },
{ "type": "Feature", "properties": { "P29_001": "12211", "P29_002": "C112210001593", "P29_003": "16002", "P29_004": "成田市立西中学校", "P29_005": "千葉県成田市加良部5-11", "P29_006": "3", "P29_007": "1", "P29_008": "00", "P29_009": null }, "geometry": { "type": "Point", "coordinates": [ 140.295167050977852, 35.774125837638302 ] } },
{ "type": "Feature", "properties": { "P29_001": "12211", "P29_002": "C112210001600", "P29_003": "16002", "P29_004": "成田市立中台中学校", "P29_005": "千葉県成田市中台4-2", "P29_006": "3", "P29_007": "1", "P29_008": "00", "P29_009": null }, "geometry": { "type": "Point", "coordinates": [ 140.297858369228976, 35.782802391754942 ] } },
{ "type": "Feature", "properties": { "P29_001": "12211", "P29_002": "C112210001619", "P29_003": "16002", "P29_004": "成田市立吾妻中学校", "P29_005": "千葉県成田市吾妻1-24", "P29_006": "3", "P29_007": "1", "P29_008": "00", "P29_009": null }, "geometry": { "type": "Point", "coordinates": [ 140.286725205982123, 35.779823686296695 ] } },
{ "type": "Feature", "properties": { "P29_001": "12211", "P29_002": "C112210001628", "P29_003": "16002", "P29_004": "成田市立玉造中学校", "P29_005": "千葉県成田市玉造3-7", "P29_006": "3", "P29_007": "1", "P29_008": "00", "P29_009": null }, "geometry": { "type": "Point", "coordinates": [ 140.286540761776195, 35.789687199498921 ] } },
{ "type": "Feature", "properties": { "P29_001": "12212", "P29_002": "C112210001646", "P29_003": "16002", "P29_004": "佐倉市立志津中学校", "P29_005": "千葉県佐倉市井野1376", "P29_006": "3", "P29_007": "1", "P29_008": "00", "P29_009": null }, "geometry": { "type": "Point", "coordinates": [ 140.147047222216145, 35.723354655440488 ] } },
{ "type": "Feature", "properties": { "P29_001": "12212", "P29_002": "C112210001655", "P29_003": "16002", "P29_004": "佐倉市立上志津中学校", "P29_005": "千葉県佐倉市上志津866", "P29_006": "3", "P29_007": "1", "P29_008": "00", "P29_009": null }, "geometry": { "type": "Point", "coordinates": [ 140.149617832806342, 35.705262264850205 ] } },
{ "type": "Feature", "properties": { "P29_001": "12212", "P29_002": "C112210001664", "P29_003": "16002", "P29_004": "佐倉市立南部中学校", "P29_005": "千葉県佐倉市神門432-1", "P29_006": "3", "P29_007": "1", "P29_008": "00", "P29_009": null }, "geometry": { "type": "Point", "coordinates": [ 140.236880027818813, 35.679073823597967 ] } },
{ "type": "Feature", "properties": { "P29_001": "12212", "P29_002": "C112210001691", "P29_003": "16002", "P29_004": "佐倉市立佐倉東中学校", "P29_005": "千葉県佐倉市高岡423-1", "P29_006": "3", "P29_007": "1", "P29_008": "00", "P29_009": null }, "geometry": { "type": "Point", "coordinates": [ 140.238755548787395, 35.713331814796049 ] } },
{ "type": "Feature", "properties": { "P29_001": "12212", "P29_002": "C112210001708", "P29_003": "16002", "P29_004": "佐倉市立臼井西中学校", "P29_005": "千葉県佐倉市臼井台1588", "P29_006": "3", "P29_007": "1", "P29_008": "00", "P29_009": null }, "geometry": { "type": "Point", "coordinates": [ 140.170147596401506, 35.735849613378512 ] } },
{ "type": "Feature", "properties": { "P29_001": "12212", "P29_002": "C112210001717", "P29_003": "16002", "P29_004": "佐倉市立西志津中学校", "P29_005": "千葉県佐倉市西志津4-18-1", "P29_006": "3", "P29_007": "1", "P29_008": "00", "P29_009": null }, "geometry": { "type": "Point", "coordinates": [ 140.140589090123825, 35.711000928511694 ] } },
{ "type": "Feature", "properties": { "P29_001": "12212", "P29_002": "C112210001726", "P29_003": "16002", "P29_004": "佐倉市立臼井南中学校", "P29_005": "千葉県佐倉市染井野4-1", "P29_006": "3", "P29_007": "1", "P29_008": "00", "P29_009": null }, "geometry": { "type": "Point", "coordinates": [ 140.188962917423027, 35.7174711013257 ] } },
{ "type": "Feature", "properties": { "P29_001": "12212", "P29_002": "C112210001735", "P29_003": "16002", "P29_004": "佐倉市立根郷中学校", "P29_005": "千葉県佐倉市山王2-37-1", "P29_006": "3", "P29_007": "1", "P29_008": "00", "P29_009": null }, "geometry": { "type": "Point", "coordinates": [ 140.216586304611099, 35.685414459909211 ] } },
{ "type": "Feature", "properties": { "P29_001": "12215", "P29_002": "C112210001806", "P29_003": "16002", "P29_004": "旭市立第一中学校", "P29_005": "千葉県旭市ハ2304", "P29_006": "3", "P29_007": "1", "P29_008": "01", "P29_009": null }, "geometry": { "type": "Point", "coordinates": [ 140.64510022164319, 35.710130561434056 ] } },
{ "type": "Feature", "properties": { "P29_001": "12215", "P29_002": "C112210001815", "P29_003": "16002", "P29_004": "旭市立第二中学校", "P29_005": "千葉県旭市ニ2510-1", "P29_006": "3", "P29_007": "1", "P29_008": "01", "P29_009": null }, "geometry": { "type": "Point", "coordinates": [ 140.64444457678735, 35.718851066820662 ] } },
{ "type": "Feature", "properties": { "P29_001": "12216", "P29_002": "C112210001833", "P29_003": "16002", "P29_004": "習志野市立第二中学校", "P29_005": "千葉県習志野市実籾1-44-1", "P29_006": "3", "P29_007": "1", "P29_008": "00", "P29_009": null }, "geometry": { "type": "Point", "coordinates": [ 140.0583449383291, 35.686740026323221 ] } },
{ "type": "Feature", "properties": { "P29_001": "12216", "P29_002": "C112210001879", "P29_003": "16002", "P29_004": "習志野市立第六中学校", "P29_005": "千葉県習志野市屋敷2-17-7", "P29_006": "3", "P29_007": "1", "P29_008": "00", "P29_009": null }, "geometry": { "type": "Point", "coordinates": [ 140.053436410988155, 35.680159926640648 ] } },
{ "type": "Feature", "properties": { "P29_001": "12216", "P29_002": "C112210001888", "P29_003": "16002", "P29_004": "習志野市立第七中学校", "P29_005": "千葉県習志野市香澄6-1-1", "P29_006": "3", "P29_007": "1", "P29_008": "00", "P29_009": null }, "geometry": { "type": "Point", "coordinates": [ 140.01972888857162, 35.667594359821827 ] } },
{ "type": "Feature", "properties": { "P29_001": "12221", "P29_002": "C112210002379", "P29_003": "16002", "P29_004": "八千代市立八千代中学校", "P29_005": "千葉県八千代市八千代台北14-9-1", "P29_006": "3", "P29_007": "1", "P29_008": "00", "P29_009": null }, "geometry": { "type": "Point", "coordinates": [ 140.096240305733232, 35.712541434767779 ] } },
{ "type": "Feature", "properties": { "P29_001": "12221", "P29_002": "C112210002404", "P29_003": "16002", "P29_004": "八千代市立勝田台中学校", "P29_005": "千葉県八千代市勝田台3-1", "P29_006": "3", "P29_007": "1", "P29_008": "00", "P29_009": null }, "geometry": { "type": "Point", "coordinates": [ 140.124564524389001, 35.707685421017466 ] } },
{ "type": "Feature", "properties": { "P29_001": "12221", "P29_002": "C112210002413", "P29_003": "16002", "P29_004": "八千代市立高津中学校", "P29_005": "千葉県八千代市高津880-4", "P29_006": "3", "P29_007": "1", "P29_008": "00", "P29_009": null }, "geometry": { "type": "Point", "coordinates": [ 140.079715792642247, 35.721063062162564 ] } },
{ "type": "Feature", "properties": { "P29_001": "12221", "P29_002": "C112210002422", "P29_003": "16002", "P29_004": "八千代市立大和田中学校", "P29_005": "千葉県八千代市萱田町645", "P29_006": "3", "P29_007": "1", "P29_008": "00", "P29_009": null }, "geometry": { "type": "Point", "coordinates": [ 140.103757799276167, 35.721768149260839 ] } },
{ "type": "Feature", "properties": { "P29_001": "12221", "P29_002": "C112210002459", "P29_003": "16002", "P29_004": "八千代市立東高津中学校", "P29_005": "千葉県八千代市高津1092", "P29_006": "3", "P29_007": "1", "P29_008": "00", "P29_009": null }, "geometry": { "type": "Point", "coordinates": [ 140.090067692236687, 35.71895536285006 ] } },
{ "type": "Feature", "properties": { "P29_001": "12221", "P29_002": "C112210002477", "P29_003": "16002", "P29_004": "八千代市立萱田中学校", "P29_005": "千葉県八千代市ゆりのき台7-8-1", "P29_006": "3", "P29_007": "1", "P29_008": "00", "P29_009": null }, "geometry": { "type": "Point", "coordinates": [ 140.102308799973173, 35.736641797086492 ] } },
{ "type": "Feature", "properties": { "P29_001": "12228", "P29_002": "C112210002805", "P29_003": "16002", "P29_004": "四街道市立千代田中学校", "P29_005": "千葉県四街道市千代田5-27", "P29_006": "3", "P29_007": "1", "P29_008": "00", "P29_009": null }, "geometry": { "type": "Point", "coordinates": [ 140.184894218635378, 35.692969769953606 ] } },
{ "type": "Feature", "properties": { "P29_001": "12228", "P29_002": "C112210002823", "P29_003": "16002", "P29_004": "四街道市立四街道西中学校", "P29_005": "千葉県四街道市大日23", "P29_006": "3", "P29_007": "1", "P29_008": "00", "P29_009": null }, "geometry": { "type": "Point", "coordinates": [ 140.153428682631613, 35.665792680873153 ] } },
{ "type": "Feature", "properties": { "P29_001": "12230", "P29_002": "C112210002949", "P29_003": "16002", "P29_004": "八街市立八街中央中学校", "P29_005": "千葉県八街市八街ほ591", "P29_006": "3", "P29_007": "1", "P29_008": "00", "P29_009": null }, "geometry": { "type": "Point", "coordinates": [ 140.31197713746559, 35.65886825742956 ] } },
{ "type": "Feature", "properties": { "P29_001": "12231", "P29_002": "C112210003001", "P29_003": "16002", "P29_004": "印西市立印旛中学校", "P29_005": "千葉県印西市舞姫2-1-1", "P29_006": "3", "P29_007": "1", "P29_008": "00", "P29_009": null }, "geometry": { "type": "Point", "coordinates": [ 140.204930095537264, 35.785299915305131 ] } },
{ "type": "Feature", "properties": { "P29_001": "12231", "P29_002": "C112210003127", "P29_003": "16002", "P29_004": "印西市立本埜中学校", "P29_005": "千葉県印西市笠神250", "P29_006": "3", "P29_007": "1", "P29_008": "00", "P29_009": null }, "geometry": { "type": "Point", "coordinates": [ 140.199001569245752, 35.816478359509311 ] } },
{ "type": "Feature", "properties": { "P29_001": "12231", "P29_002": "C112210003136", "P29_003": "16002", "P29_004": "印西市立滝野中学校", "P29_005": "千葉県印西市滝野5-2", "P29_006": "3", "P29_007": "1", "P29_008": "00", "P29_009": null }, "geometry": { "type": "Point", "coordinates": [ 140.175275141586496, 35.808502784475955 ] } },
{ "type": "Feature", "properties": { "P29_001": "12342", "P29_002": "C112210003154", "P29_003": "16002", "P29_004": "神崎町立神崎中学校", "P29_005": "千葉県香取郡神崎町神崎本宿260", "P29_006": "3", "P29_007": "1", "P29_008": "00", "P29_009": null }, "geometry": { "type": "Point", "coordinates": [ 140.406544465733646, 35.899738600118646 ] } },
{ "type": "Feature", "properties": { "P29_001": "12236", "P29_002": "C112210003172", "P29_003": "16002", "P29_004": "香取市立小見川中学校", "P29_005": "千葉県香取市小見川4685", "P29_006": "3", "P29_007": "1", "P29_008": "00", "P29_009": null }, "geometry": { "type": "Point", "coordinates": [ 140.588525553215902, 35.85737255848872 ] } },
{ "type": "Feature", "properties": { "P29_001": "12236", "P29_002": "C112210003181", "P29_003": "16002", "P29_004": "香取市立山田中学校", "P29_005": "千葉県香取市仁良356-1", "P29_006": "3", "P29_007": "1", "P29_008": "00", "P29_009": null }, "geometry": { "type": "Point", "coordinates": [ 140.573198370758831, 35.808357805008939 ] } },
{ "type": "Feature", "properties": { "P29_001": "12236", "P29_002": "C112210003190", "P29_003": "16002", "P29_004": "香取市立栗源中学校", "P29_005": "千葉県香取市岩部1051-1", "P29_006": "3", "P29_007": "1", "P29_008": "00", "P29_009": null }, "geometry": { "type": "Point", "coordinates": [ 140.50840802857644, 35.81348699813217 ] } },
{ "type": "Feature", "properties": { "P29_001": "12347", "P29_002": "C112210003207", "P29_003": "16002", "P29_004": "多古町立多古中学校", "P29_005": "千葉県香取郡多古町多古2920", "P29_006": "3", "P29_007": "1", "P29_008": "00", "P29_009": null }, "geometry": { "type": "Point", "coordinates": [ 140.471151433045321, 35.744567921199646 ] } },
{ "type": "Feature", "properties": { "P29_001": "12215", "P29_002": "C112210003216", "P29_003": "16002", "P29_004": "旭市立干潟中学校", "P29_005": "千葉県旭市入野2170", "P29_006": "3", "P29_007": "1", "P29_008": "00", "P29_009": null }, "geometry": { "type": "Point", "coordinates": [ 140.621057962554374, 35.770962419364544 ] } },
{ "type": "Feature", "properties": { "P29_001": "12349", "P29_002": "C112210003225", "P29_003": "16002", "P29_004": "東庄町立東庄中学校", "P29_005": "千葉県香取郡東庄町青馬1752-1", "P29_006": "3", "P29_007": "1", "P29_008": "00", "P29_009": null }, "geometry": { "type": "Point", "coordinates": [ 140.670091605043353, 35.811768246715772 ] } },
{ "type": "Feature", "properties": { "P29_001": "12215", "P29_002": "C112210003234", "P29_003": "16002", "P29_004": "旭市立海上中学校", "P29_005": "千葉県旭市高生77", "P29_006": "3", "P29_007": "1", "P29_008": "00", "P29_009": null }, "geometry": { "type": "Point", "coordinates": [ 140.68999494678755, 35.732722371183925 ] } },
{ "type": "Feature", "properties": { "P29_001": "12215", "P29_002": "C112210003243", "P29_003": "16002", "P29_004": "旭市立飯岡中学校", "P29_005": "千葉県旭市横根3746", "P29_006": "3", "P29_007": "1", "P29_008": "01", "P29_009": null }, "geometry": { "type": "Point", "coordinates": [ 140.712491191724013, 35.71101464120342 ] } },
{ "type": "Feature", "properties": { "P29_001": "12410", "P29_002": "C112210003252", "P29_003": "16002", "P29_004": "横芝光町立光中学校", "P29_005": "千葉県山武郡横芝光町宮川5883", "P29_006": "3", "P29_007": "1", "P29_008": "00", "P29_009": null }, "geometry": { "type": "Point", "coordinates": [ 140.503179516137692, 35.667095074825468 ] } },
{ "type": "Feature", "properties": { "P29_001": "12235", "P29_002": "C112210003261", "P29_003": "16002", "P29_004": "匝瑳市立野栄中学校", "P29_005": "千葉県匝瑳市今泉5323-3", "P29_006": "3", "P29_007": "1", "P29_008": "00", "P29_009": null }, "geometry": { "type": "Point", "coordinates": [ 140.569253034175603, 35.667174663317205 ] } },
{ "type": "Feature", "properties": { "P29_001": "12410", "P29_002": "C112210003369", "P29_003": "16002", "P29_004": "横芝光町立横芝中学校", "P29_005": "千葉県山武郡横芝光町坂田池3-1", "P29_006": "3", "P29_007": "1", "P29_008": "00", "P29_009": null }, "geometry": { "type": "Point", "coordinates": [ 140.470174643727262, 35.662818027743313 ] } },
{ "type": "Feature", "properties": { "P29_001": "12409", "P29_002": "C112210003378", "P29_003": "16002", "P29_004": "芝山町立芝山中学校", "P29_005": "千葉県山武郡芝山町高田239-1", "P29_006": "3", "P29_007": "1", "P29_008": "00", "P29_009": null }, "geometry": { "type": "Point", "coordinates": [ 140.397142336991294, 35.714439898153657 ] } },
{ "type": "Feature", "properties": { "P29_001": "12106", "P29_002": "C112210003626", "P29_003": "16002", "P29_004": "千葉市立真砂中学校", "P29_005": "千葉県千葉市美浜区真砂5-18-2", "P29_006": "3", "P29_007": "1", "P29_008": "00", "P29_009": null }, "geometry": { "type": "Point", "coordinates": [ 140.06312243201404, 35.645185564931374 ] } },
{ "type": "Feature", "properties": { "P29_001": "12106", "P29_002": "C112210003653", "P29_003": "16002", "P29_004": "千葉市立磯辺中学校", "P29_005": "千葉県千葉市美浜区磯辺7-1-1", "P29_006": "3", "P29_007": "1", "P29_008": "00", "P29_009": null }, "geometry": { "type": "Point", "coordinates": [ 140.054182364299265, 35.632699892004183 ] } },
{ "type": "Feature", "properties": { "P29_001": "12202", "P29_002": "C112210003662", "P29_003": "16002", "P29_004": "銚子市立銚子中学校", "P29_005": "千葉県銚子市唐子町31-2", "P29_006": "3", "P29_007": "1", "P29_008": "00", "P29_009": null }, "geometry": { "type": "Point", "coordinates": [ 140.82241825543656, 35.731747368749851 ] } },
{ "type": "Feature", "properties": { "P29_001": "12211", "P29_002": "C112210003671", "P29_003": "16002", "P29_004": "成田市立公津の杜中学校", "P29_005": "千葉県成田市公津の杜5-29", "P29_006": "3", "P29_007": "1", "P29_008": "00", "P29_009": null }, "geometry": { "type": "Point", "coordinates": [ 140.286307078665345, 35.75656595061119 ] } },
{ "type": "Feature", "properties": { "P29_001": "12102", "P29_002": "C112210003699", "P29_003": "16002", "P29_004": "千葉市立花見川中学校", "P29_005": "千葉県千葉市花見川区花見川6-2", "P29_006": "3", "P29_007": "1", "P29_008": "00", "P29_009": null }, "geometry": { "type": "Point", "coordinates": [ 140.102589162033865, 35.689045899356941 ] } },
{ "type": "Feature", "properties": { "P29_001": "12202", "P29_002": "C112210003715", "P29_003": "16002", "P29_004": "銚子市立銚子西中学校", "P29_005": "千葉県銚子市長塚町3-620", "P29_006": "3", "P29_007": "1", "P29_008": "00", "P29_009": null }, "geometry": { "type": "Point", "coordinates": [ 140.800230222398113, 35.73862932038567 ] } },
{ "type": "Feature", "properties": { "P29_001": "12216", "P29_002": "C112310000093", "P29_003": "16002", "P29_004": "東邦大学付属東邦中学校", "P29_005": "千葉県習志野市泉町2-1-37", "P29_006": "4", "P29_007": "1", "P29_008": "00", "P29_009": null }, "geometry": { "type": "Point", "coordinates": [ 140.05332334577372, 35.691800122330392 ] } },
{ "type": "Feature", "properties": { "P29_001": "12106", "P29_002": "C112310000137", "P29_003": "16002", "P29_004": "昭和学院秀英中学校", "P29_005": "千葉県千葉市美浜区若葉1-2", "P29_006": "4", "P29_007": "1", "P29_008": "00", "P29_009": null }, "geometry": { "type": "Point", "coordinates": [ 140.046375780568326, 35.655044271649444 ] } },
{ "type": "Feature", "properties": { "P29_001": "12106", "P29_002": "C112310000155", "P29_003": "16002", "P29_004": "渋谷教育学園幕張中学校", "P29_005": "千葉県千葉市美浜区若葉1-3", "P29_006": "4", "P29_007": "1", "P29_008": "00", "P29_009": null }, "geometry": { "type": "Point", "coordinates": [ 140.046362766213406, 35.654632798700433 ] } },
{ "type": "Feature", "properties": { "P29_001": "12213", "P29_002": "C112210001744", "P29_003": "16002", "P29_004": "東金市立東金中学校", "P29_005": "千葉県東金市堀上111", "P29_006": "3", "P29_007": "1", "P29_008": "00", "P29_009": null }, "geometry": { "type": "Point", "coordinates": [ 140.370101948115803, 35.555260827300572 ] } },
{ "type": "Feature", "properties": { "P29_001": "12213", "P29_002": "C112210001753", "P29_003": "16002", "P29_004": "東金市立東中学校", "P29_005": "千葉県東金市田間953-1", "P29_006": "3", "P29_007": "1", "P29_008": "00", "P29_009": null }, "geometry": { "type": "Point", "coordinates": [ 140.381601123905568, 35.571244436827222 ] } },
{ "type": "Feature", "properties": { "P29_001": "12237", "P29_002": "C112210003314", "P29_003": "16002", "P29_004": "山武市立成東中学校", "P29_005": "千葉県山武市和田567", "P29_006": "3", "P29_007": "1", "P29_008": "00", "P29_009": null }, "geometry": { "type": "Point", "coordinates": [ 140.406711211652834, 35.610693390696355 ] } },
{ "type": "Feature", "properties": { "P29_001": "12237", "P29_002": "C112210003323", "P29_003": "16002", "P29_004": "山武市立成東東中学校", "P29_005": "千葉県山武市五木田2452-1", "P29_006": "3", "P29_007": "1", "P29_008": "00", "P29_009": null }, "geometry": { "type": "Point", "coordinates": [ 140.447458961192496, 35.585149247370083 ] } },
{ "type": "Feature", "properties": { "P29_001": "12203", "P29_002": "C112210000692", "P29_003": "16002", "P29_004": "市川市立福栄中学校", "P29_005": "千葉県市川市福栄3-4-1", "P29_006": "3", "P29_007": "1", "P29_008": "00", "P29_009": null }, "geometry": { "type": "Point", "coordinates": [ 139.910225698707904, 35.67398415705636 ] } },
{ "type": "Feature", "properties": { "P29_001": "12203", "P29_002": "C112210000727", "P29_003": "16002", "P29_004": "市川市立南行徳中学校", "P29_005": "千葉県市川市南行徳2-2-2", "P29_006": "3", "P29_007": "1", "P29_008": "00", "P29_009": null }, "geometry": { "type": "Point", "coordinates": [ 139.907320568317232, 35.670948626085789 ] } },
{ "type": "Feature", "properties": { "P29_001": "12204", "P29_002": "C112210000816", "P29_003": "16002", "P29_004": "船橋市立湊中学校", "P29_005": "千葉県船橋市日の出1-1-2", "P29_006": "3", "P29_007": "1", "P29_008": "00", "P29_009": null }, "geometry": { "type": "Point", "coordinates": [ 139.979507091390587, 35.690277910624971 ] } },
{ "type": "Feature", "properties": { "P29_001": "12204", "P29_002": "C112210000843", "P29_003": "16002", "P29_004": "船橋市立豊富中学校", "P29_005": "千葉県船橋市豊富町12", "P29_006": "3", "P29_007": "1", "P29_008": "00", "P29_009": null }, "geometry": { "type": "Point", "coordinates": [ 140.063977626519375, 35.762896468008108 ] } },
{ "type": "Feature", "properties": { "P29_001": "12204", "P29_002": "C112210000861", "P29_003": "16002", "P29_004": "船橋市立若松中学校", "P29_005": "千葉県船橋市若松3-2-3", "P29_006": "3", "P29_007": "1", "P29_008": "00", "P29_009": null }, "geometry": { "type": "Point", "coordinates": [ 139.99333217697847, 35.677133178445857 ] } },
{ "type": "Feature", "properties": { "P29_001": "12205", "P29_002": "C112210001012", "P29_003": "16002", "P29_004": "館山市立第一中学校", "P29_005": "千葉県館山市那古954", "P29_006": "3", "P29_007": "1", "P29_008": "00", "P29_009": null }, "geometry": { "type": "Point", "coordinates": [ 139.857710843824634, 35.022106478374482 ] } },
{ "type": "Feature", "properties": { "P29_001": "12206", "P29_002": "C112210001067", "P29_003": "16002", "P29_004": "木更津市立木更津第二中学校", "P29_005": "千葉県木更津市請西941", "P29_006": "3", "P29_007": "1", "P29_008": "00", "P29_009": null }, "geometry": { "type": "Point", "coordinates": [ 139.937487640955538, 35.372796476859058 ] } },
{ "type": "Feature", "properties": { "P29_001": "12207", "P29_002": "C112210001174", "P29_003": "16002", "P29_004": "松戸市立第一中学校", "P29_005": "千葉県松戸市岩瀬587", "P29_006": "3", "P29_007": "1", "P29_008": "00", "P29_009": null }, "geometry": { "type": "Point", "coordinates": [ 139.90648966730987, 35.782564183159195 ] } },
{ "type": "Feature", "properties": { "P29_001": "12207", "P29_002": "C112210001183", "P29_003": "16002", "P29_004": "松戸市立第二中学校", "P29_005": "千葉県松戸市小山685", "P29_006": "3", "P29_007": "1", "P29_008": "00", "P29_009": null }, "geometry": { "type": "Point", "coordinates": [ 139.898103572128349, 35.771668753940418 ] } },
{ "type": "Feature", "properties": { "P29_001": "12207", "P29_002": "C112210001227", "P29_003": "16002", "P29_004": "松戸市立第六中学校", "P29_005": "千葉県松戸市千駄堀1341", "P29_006": "3", "P29_007": "1", "P29_008": "00", "P29_009": null }, "geometry": { "type": "Point", "coordinates": [ 139.930487511457358, 35.796986819489895 ] } },
{ "type": "Feature", "properties": { "P29_001": "12207", "P29_002": "C112210001263", "P29_003": "16002", "P29_004": "松戸市立六実中学校", "P29_005": "千葉県松戸市六高台5-166-1", "P29_006": "3", "P29_007": "1", "P29_008": "00", "P29_009": null }, "geometry": { "type": "Point", "coordinates": [ 139.996734012842921, 35.800911110947744 ] } },
{ "type": "Feature", "properties": { "P29_001": "12207", "P29_002": "C112210001334", "P29_003": "16002", "P29_004": "松戸市立金ケ作中学校", "P29_005": "千葉県松戸市金ケ作341-15", "P29_006": "3", "P29_007": "1", "P29_008": "01", "P29_009": null }, "geometry": { "type": "Point", "coordinates": [ 139.956402300111478, 35.805570288614717 ] } },
{ "type": "Feature", "properties": { "P29_001": "12208", "P29_002": "C112210001432", "P29_003": "16002", "P29_004": "野田市立福田中学校", "P29_005": "千葉県野田市三ツ堀782", "P29_006": "3", "P29_007": "1", "P29_008": "01", "P29_009": null }, "geometry": { "type": "Point", "coordinates": [ 139.923071639413536, 35.945869726787805 ] } },
{ "type": "Feature", "properties": { "P29_001": "12236", "P29_002": "C112210001469", "P29_003": "16002", "P29_004": "香取市立佐原中学校", "P29_005": "千葉県香取市佐原ロ2124-1", "P29_006": "3", "P29_007": "1", "P29_008": "00", "P29_009": null }, "geometry": { "type": "Point", "coordinates": [ 140.500404504882709, 35.897273505129803 ] } },
{ "type": "Feature", "properties": { "P29_001": "12236", "P29_002": "C112210001478", "P29_003": "16002", "P29_004": "香取市立佐原第五中学校", "P29_005": "千葉県香取市大戸937", "P29_006": "3", "P29_007": "1", "P29_008": "00", "P29_009": null }, "geometry": { "type": "Point", "coordinates": [ 140.4552615181004, 35.888395432664005 ] } },
{ "type": "Feature", "properties": { "P29_001": "12210", "P29_002": "C112210001511", "P29_003": "16002", "P29_004": "茂原市立冨士見中学校", "P29_005": "千葉県茂原市押日1468", "P29_006": "3", "P29_007": "1", "P29_008": "00", "P29_009": null }, "geometry": { "type": "Point", "coordinates": [ 140.279575192263565, 35.443779723219983 ] } },
{ "type": "Feature", "properties": { "P29_001": "12210", "P29_002": "C112210001539", "P29_003": "16002", "P29_004": "茂原市立南中学校", "P29_005": "千葉県茂原市上永吉1185-2", "P29_006": "3", "P29_007": "1", "P29_008": "00", "P29_009": null }, "geometry": { "type": "Point", "coordinates": [ 140.294555898536316, 35.406598785901409 ] } },
{ "type": "Feature", "properties": { "P29_001": "12212", "P29_002": "C112210001637", "P29_003": "16002", "P29_004": "佐倉市立佐倉中学校", "P29_005": "千葉県佐倉市城内町117-10", "P29_006": "3", "P29_007": "1", "P29_008": "00", "P29_009": null }, "geometry": { "type": "Point", "coordinates": [ 140.222786468030193, 35.719946023598496 ] } },
{ "type": "Feature", "properties": { "P29_001": "12212", "P29_002": "C112210001673", "P29_003": "16002", "P29_004": "佐倉市立臼井中学校", "P29_005": "千葉県佐倉市臼井1530", "P29_006": "3", "P29_007": "1", "P29_008": "00", "P29_009": null }, "geometry": { "type": "Point", "coordinates": [ 140.191830169964902, 35.730581692054727 ] } },
{ "type": "Feature", "properties": { "P29_001": "12212", "P29_002": "C112210001682", "P29_003": "16002", "P29_004": "佐倉市立井野中学校", "P29_005": "千葉県佐倉市宮ノ台3-9-1", "P29_006": "3", "P29_007": "1", "P29_008": "01", "P29_009": null }, "geometry": { "type": "Point", "coordinates": [ 140.146543571685498, 35.741508905697934 ] } },
{ "type": "Feature", "properties": { "P29_001": "12235", "P29_002": "C112210001780", "P29_003": "16002", "P29_004": "匝瑳市立八日市場第一中学校", "P29_005": "千葉県匝瑳市上谷中2270-5", "P29_006": "3", "P29_007": "1", "P29_008": "00", "P29_009": null }, "geometry": { "type": "Point", "coordinates": [ 140.572138064084015, 35.712211341377063 ] } },
{ "type": "Feature", "properties": { "P29_001": "12235", "P29_002": "C112210001799", "P29_003": "16002", "P29_004": "匝瑳市立八日市場第二中学校", "P29_005": "千葉県匝瑳市八日市場イ1687", "P29_006": "3", "P29_007": "1", "P29_008": "00", "P29_009": null }, "geometry": { "type": "Point", "coordinates": [ 140.54352628957102, 35.70512307552066 ] } },
{ "type": "Feature", "properties": { "P29_001": "12216", "P29_002": "C112210001851", "P29_003": "16002", "P29_004": "習志野市立第四中学校", "P29_005": "千葉県習志野市東習志野3-4-3", "P29_006": "3", "P29_007": "1", "P29_008": "00", "P29_009": null }, "geometry": { "type": "Point", "coordinates": [ 140.073246890006629, 35.693129161877998 ] } },
{ "type": "Feature", "properties": { "P29_001": "12217", "P29_002": "C112210001922", "P29_003": "16002", "P29_004": "柏市立富勢中学校", "P29_005": "千葉県柏市根戸467-1", "P29_006": "3", "P29_007": "1", "P29_008": "00", "P29_009": null }, "geometry": { "type": "Point", "coordinates": [ 139.985358783866502, 35.885528958925313 ] } },
{ "type": "Feature", "properties": { "P29_001": "12217", "P29_002": "C112210001968", "P29_003": "16002", "P29_004": "柏市立柏第四中学校", "P29_005": "千葉県柏市名戸ヶ谷1-6-8", "P29_006": "3", "P29_007": "1", "P29_008": "00", "P29_009": null }, "geometry": { "type": "Point", "coordinates": [ 139.976609870156665, 35.846246113393718 ] } },
{ "type": "Feature", "properties": { "P29_001": "12217", "P29_002": "C112210002039", "P29_003": "16002", "P29_004": "柏市立中原中学校", "P29_005": "千葉県柏市中原1816-2", "P29_006": "3", "P29_007": "1", "P29_008": "00", "P29_009": null }, "geometry": { "type": "Point", "coordinates": [ 139.971239082009674, 35.837265352482248 ] } },
{ "type": "Feature", "properties": { "P29_001": "12217", "P29_002": "C112210002057", "P29_003": "16002", "P29_004": "柏市立柏の葉中学校", "P29_005": "千葉県柏市十余二337-93中央405街区1", "P29_006": "3", "P29_007": "1", "P29_008": "00", "P29_009": null }, "geometry": { "type": "Point", "coordinates": [ 139.953760578777036, 35.885531394301523 ] } },
{ "type": "Feature", "properties": { "P29_001": "12218", "P29_002": "C112210002066", "P29_003": "16002", "P29_004": "勝浦市立勝浦中学校", "P29_005": "千葉県勝浦市出水1120-1", "P29_006": "3", "P29_007": "1", "P29_008": "00", "P29_009": null }, "geometry": { "type": "Point", "coordinates": [ 140.316842484944402, 35.154223747635825 ] } },
{ "type": "Feature", "properties": { "P29_001": "12219", "P29_002": "C112210002084", "P29_003": "16002", "P29_004": "市原市立菊間中学校", "P29_005": "千葉県市原市菊間1850", "P29_006": "3", "P29_007": "1", "P29_008": "00", "P29_009": null }, "geometry": { "type": "Point", "coordinates": [ 140.146889634660994, 35.534609979562106 ] } },
{ "type": "Feature", "properties": { "P29_001": "12219", "P29_002": "C112210002128", "P29_003": "16002", "P29_004": "市原市立東海中学校", "P29_005": "千葉県市原市今富477", "P29_006": "3", "P29_007": "1", "P29_008": "00", "P29_009": null }, "geometry": { "type": "Point", "coordinates": [ 140.091281145624464, 35.481459653213633 ] } },
{ "type": "Feature", "properties": { "P29_001": "12219", "P29_002": "C112210002155", "P29_003": "16002", "P29_004": "市原市立市東中学校", "P29_005": "千葉県市原市東国吉356", "P29_006": "3", "P29_007": "1", "P29_008": "00", "P29_009": null }, "geometry": { "type": "Point", "coordinates": [ 140.213526526787746, 35.509706177467059 ] } },
{ "type": "Feature", "properties": { "P29_001": "12219", "P29_002": "C112210002191", "P29_003": "16002", "P29_004": "市原市立有秋中学校", "P29_005": "千葉県市原市不入斗1200", "P29_006": "3", "P29_007": "1", "P29_008": "00", "P29_009": null }, "geometry": { "type": "Point", "coordinates": [ 140.048032516213482, 35.455107254550995 ] } },
{ "type": "Feature", "properties": { "P29_001": "12219", "P29_002": "C112210002208", "P29_003": "16002", "P29_004": "市原市立若葉中学校", "P29_005": "千葉県市原市五井5308", "P29_006": "3", "P29_007": "1", "P29_008": "00", "P29_009": null }, "geometry": { "type": "Point", "coordinates": [ 140.087452610749125, 35.522662510103558 ] } },
{ "type": "Feature", "properties": { "P29_001": "12219", "P29_002": "C112210002226", "P29_003": "16002", "P29_004": "市原市立国分寺台中学校", "P29_005": "千葉県市原市南国分寺台2-1", "P29_006": "3", "P29_007": "1", "P29_008": "00", "P29_009": null }, "geometry": { "type": "Point", "coordinates": [ 140.111650013844582, 35.493042946000102 ] } },
{ "type": "Feature", "properties": { "P29_001": "12220", "P29_002": "C112210002315", "P29_003": "16002", "P29_004": "流山市立東部中学校", "P29_005": "千葉県流山市名都借865", "P29_006": "3", "P29_007": "1", "P29_008": "00", "P29_009": null }, "geometry": { "type": "Point", "coordinates": [ 139.938310323654775, 35.84373575009446 ] } },
{ "type": "Feature", "properties": { "P29_001": "12221", "P29_002": "C112210002431", "P29_003": "16002", "P29_004": "八千代市立八千代台西中学校", "P29_005": "千葉県八千代市八千代台西7-23-3", "P29_006": "3", "P29_007": "1", "P29_008": "00", "P29_009": null }, "geometry": { "type": "Point", "coordinates": [ 140.080576972784854, 35.700926515273011 ] } },
{ "type": "Feature", "properties": { "P29_001": "12221", "P29_002": "C112210002440", "P29_003": "16002", "P29_004": "八千代市立村上東中学校", "P29_005": "千葉県八千代市村上1113-1", "P29_006": "3", "P29_007": "1", "P29_008": "00", "P29_009": null }, "geometry": { "type": "Point", "coordinates": [ 140.126071489465687, 35.7286766726058 ] } },
{ "type": "Feature", "properties": { "P29_001": "12221", "P29_002": "C112210002468", "P29_003": "16002", "P29_004": "八千代市立村上中学校", "P29_005": "千葉県八千代市村上1643-55", "P29_006": "3", "P29_007": "1", "P29_008": "00", "P29_009": null }, "geometry": { "type": "Point", "coordinates": [ 140.120994862855838, 35.725751959492591 ] } },
{ "type": "Feature", "properties": { "P29_001": "12222", "P29_002": "C112210002486", "P29_003": "16002", "P29_004": "我孫子市立布佐中学校", "P29_005": "千葉県我孫子市布佐1301", "P29_006": "3", "P29_007": "1", "P29_008": "00", "P29_009": null }, "geometry": { "type": "Point", "coordinates": [ 140.133011344248672, 35.855810254543016 ] } },
{ "type": "Feature", "properties": { "P29_001": "12222", "P29_002": "C112210002529", "P29_003": "16002", "P29_004": "我孫子市立久寺家中学校", "P29_005": "千葉県我孫子市つくし野171", "P29_006": "3", "P29_007": "1", "P29_008": "00", "P29_009": null }, "geometry": { "type": "Point", "coordinates": [ 140.003986572527879, 35.885323277298355 ] } },
{ "type": "Feature", "properties": { "P29_001": "12223", "P29_002": "C112210002556", "P29_003": "16002", "P29_004": "鴨川市立安房東中学校", "P29_005": "千葉県鴨川市天津1033", "P29_006": "3", "P29_007": "1", "P29_008": "00", "P29_009": null }, "geometry": { "type": "Point", "coordinates": [ 140.152634821929638, 35.124392188620931 ] } },
{ "type": "Feature", "properties": { "P29_001": "12224", "P29_002": "C112210002609", "P29_003": "16002", "P29_004": "鎌ケ谷市立第五中学校", "P29_005": "千葉県鎌ケ谷市初富806-262", "P29_006": "3", "P29_007": "1", "P29_008": "00", "P29_009": null }, "geometry": { "type": "Point", "coordinates": [ 140.021519156786439, 35.779579212792861 ] } },
{ "type": "Feature", "properties": { "P29_001": "12225", "P29_002": "C112210002672", "P29_003": "16002", "P29_004": "君津市立八重原中学校", "P29_005": "千葉県君津市三直1305", "P29_006": "3", "P29_007": "1", "P29_008": "00", "P29_009": null }, "geometry": { "type": "Point", "coordinates": [ 139.937103665318517, 35.323768453293688 ] } },
{ "type": "Feature", "properties": { "P29_001": "12227", "P29_002": "C112210002716", "P29_003": "16002", "P29_004": "浦安市立浦安中学校", "P29_005": "千葉県浦安市海楽2-36-1", "P29_006": "3", "P29_007": "1", "P29_008": "00", "P29_009": null }, "geometry": { "type": "Point", "coordinates": [ 139.907030369784025, 35.661521429955357 ] } },
{ "type": "Feature", "properties": { "P29_001": "12227", "P29_002": "C112210002734", "P29_003": "16002", "P29_004": "浦安市立見明川中学校", "P29_005": "千葉県浦安市弁天3-1-1", "P29_006": "3", "P29_007": "1", "P29_008": "00", "P29_009": null }, "geometry": { "type": "Point", "coordinates": [ 139.896886298636133, 35.63831225057406 ] } },
{ "type": "Feature", "properties": { "P29_001": "12227", "P29_002": "C112210002743", "P29_003": "16002", "P29_004": "浦安市立入船中学校", "P29_005": "千葉県浦安市入船3-66-3", "P29_006": "3", "P29_007": "1", "P29_008": "00", "P29_009": null }, "geometry": { "type": "Point", "coordinates": [ 139.913804563176086, 35.644709268025721 ] } },
{ "type": "Feature", "properties": { "P29_001": "12227", "P29_002": "C112210002761", "P29_003": "16002", "P29_004": "浦安市立美浜中学校", "P29_005": "千葉県浦安市美浜5-12-2", "P29_006": "3", "P29_007": "1", "P29_008": "00", "P29_009": null }, "geometry": { "type": "Point", "coordinates": [ 139.916011707687744, 35.656209781092876 ] } },
{ "type": "Feature", "properties": { "P29_001": "12228", "P29_002": "C112210002814", "P29_003": "16002", "P29_004": "四街道市立旭中学校", "P29_005": "千葉県四街道市南波佐間267", "P29_006": "3", "P29_007": "1", "P29_008": "00", "P29_009": null }, "geometry": { "type": "Point", "coordinates": [ 140.195938058123346, 35.662549757661253 ] } },
{ "type": "Feature", "properties": { "P29_001": "12228", "P29_002": "C112210002832", "P29_003": "16002", "P29_004": "四街道市立四街道北中学校", "P29_005": "千葉県四街道市栗山1055", "P29_006": "3", "P29_007": "1", "P29_008": "00", "P29_009": null }, "geometry": { "type": "Point", "coordinates": [ 140.169649550711512, 35.676029872895114 ] } },
{ "type": "Feature", "properties": { "P29_001": "12217", "P29_002": "C112210002878", "P29_003": "16002", "P29_004": "柏市立風早中学校", "P29_005": "千葉県柏市塚崎1319", "P29_006": "3", "P29_007": "1", "P29_008": "00", "P29_009": null }, "geometry": { "type": "Point", "coordinates": [ 140.003759202827808, 35.831079780092544 ] } },
{ "type": "Feature", "properties": { "P29_001": "12217", "P29_002": "C112210002912", "P29_003": "16002", "P29_004": "千葉県立東葛飾中学校", "P29_005": "千葉県柏市旭町3-2-1", "P29_006": "2", "P29_007": "1", "P29_008": "00", "P29_009": null }, "geometry": { "type": "Point", "coordinates": [ 139.964501892231027, 35.86082974210165 ] } },
{ "type": "Feature", "properties": { "P29_001": "12322", "P29_002": "C112210002921", "P29_003": "16002", "P29_004": "酒々井町立酒々井中学校", "P29_005": "千葉県印旛郡酒々井町尾上141-10", "P29_006": "3", "P29_007": "1", "P29_008": "00", "P29_009": null }, "geometry": { "type": "Point", "coordinates": [ 140.287791073322722, 35.727142400688201 ] } },
{ "type": "Feature", "properties": { "P29_001": "12230", "P29_002": "C112210002930", "P29_003": "16002", "P29_004": "八街市立八街中学校", "P29_005": "千葉県八街市八街ほ35", "P29_006": "3", "P29_007": "1", "P29_008": "00", "P29_009": null }, "geometry": { "type": "Point", "coordinates": [ 140.315669671658299, 35.665522267996757 ] } },
{ "type": "Feature", "properties": { "P29_001": "12230", "P29_002": "C112210002958", "P29_003": "16002", "P29_004": "八街市立八街南中学校", "P29_005": "千葉県八街市吉倉590-1", "P29_006": "3", "P29_007": "1", "P29_008": "00", "P29_009": null }, "geometry": { "type": "Point", "coordinates": [ 140.29966883591328, 35.6168435287276 ] } },
{ "type": "Feature", "properties": { "P29_001": "12230", "P29_002": "C112210002967", "P29_003": "16002", "P29_004": "八街市立八街北中学校", "P29_005": "千葉県八街市八街は18-2", "P29_006": "3", "P29_007": "1", "P29_008": "00", "P29_009": null }, "geometry": { "type": "Point", "coordinates": [ 140.304369954713593, 35.690992145802461 ] } },
{ "type": "Feature", "properties": { "P29_001": "12233", "P29_002": "C112210002976", "P29_003": "16002", "P29_004": "富里市立富里中学校", "P29_005": "千葉県富里市七栄652-226", "P29_006": "3", "P29_007": "1", "P29_008": "00", "P29_009": null }, "geometry": { "type": "Point", "coordinates": [ 140.340551445662697, 35.727600151283482 ] } },
{ "type": "Feature", "properties": { "P29_001": "12233", "P29_002": "C112210002985", "P29_003": "16002", "P29_004": "富里市立富里北中学校", "P29_005": "千葉県富里市日吉倉1515-31", "P29_006": "3", "P29_007": "1", "P29_008": "00", "P29_009": null }, "geometry": { "type": "Point", "coordinates": [ 140.31411897338856, 35.759584887061884 ] } },
{ "type": "Feature", "properties": { "P29_001": "12233", "P29_002": "C112210002994", "P29_003": "16002", "P29_004": "富里市立富里南中学校", "P29_005": "千葉県富里市十倉127-38", "P29_006": "3", "P29_007": "1", "P29_008": "00", "P29_009": null }, "geometry": { "type": "Point", "coordinates": [ 140.359652761982915, 35.717404339386391 ] } },
{ "type": "Feature", "properties": { "P29_001": "12232", "P29_002": "C112210003010", "P29_003": "16002", "P29_004": "白井市立白井中学校", "P29_005": "千葉県白井市根54", "P29_006": "3", "P29_007": "1", "P29_008": "00", "P29_009": null }, "geometry": { "type": "Point", "coordinates": [ 140.056321287810164, 35.800805423996323 ] } },
{ "type": "Feature", "properties": { "P29_001": "12231", "P29_002": "C112210003074", "P29_003": "16002", "P29_004": "印西市立印西中学校", "P29_005": "千葉県印西市大森2244", "P29_006": "3", "P29_007": "1", "P29_008": "00", "P29_009": null }, "geometry": { "type": "Point", "coordinates": [ 140.147332775059255, 35.82796450082698 ] } },
{ "type": "Feature", "properties": { "P29_001": "12329", "P29_002": "C112210003145", "P29_003": "16002", "P29_004": "栄町立栄中学校", "P29_005": "千葉県印旛郡栄町安食55", "P29_006": "3", "P29_007": "1", "P29_008": "00", "P29_009": null }, "geometry": { "type": "Point", "coordinates": [ 140.237656094224178, 35.846577370962521 ] } },
{ "type": "Feature", "properties": { "P29_001": "12403", "P29_002": "C112210003305", "P29_003": "16002", "P29_004": "九十九里町立九十九里中学校", "P29_005": "千葉県山武郡九十九里町片貝1899-4", "P29_006": "3", "P29_007": "1", "P29_008": "00", "P29_009": null }, "geometry": { "type": "Point", "coordinates": [ 140.42406822133313, 35.537697688762727 ] } },
{ "type": "Feature", "properties": { "P29_001": "12237", "P29_002": "C112210003332", "P29_003": "16002", "P29_004": "山武市立山武中学校", "P29_005": "千葉県山武市埴谷1855", "P29_006": "3", "P29_007": "1", "P29_008": "00", "P29_009": null }, "geometry": { "type": "Point", "coordinates": [ 140.366110830417625, 35.646486058955148 ] } },
{ "type": "Feature", "properties": { "P29_001": "12421", "P29_002": "C112210003387", "P29_003": "16002", "P29_004": "一宮町立一宮中学校", "P29_005": "千葉県長生郡一宮町一宮5052", "P29_006": "3", "P29_007": "1", "P29_008": "00", "P29_009": null }, "geometry": { "type": "Point", "coordinates": [ 140.356082217932794, 35.375260521875617 ] } },
{ "type": "Feature", "properties": { "P29_001": "12238", "P29_002": "C112210003476", "P29_003": "16002", "P29_004": "いすみ市立大原中学校", "P29_005": "千葉県いすみ市大原7400-12", "P29_006": "3", "P29_007": "1", "P29_008": "00", "P29_009": null }, "geometry": { "type": "Point", "coordinates": [ 140.380645425377594, 35.253832544591042 ] } },
{ "type": "Feature", "properties": { "P29_001": "12229", "P29_002": "C112210003564", "P29_003": "16002", "P29_004": "袖ケ浦市立昭和中学校", "P29_005": "千葉県袖ケ浦市神納3204", "P29_006": "3", "P29_007": "1", "P29_008": "00", "P29_009": null }, "geometry": { "type": "Point", "coordinates": [ 139.972332193075346, 35.431728521586138 ] } },
{ "type": "Feature", "properties": { "P29_001": "12220", "P29_002": "C112210003733", "P29_003": "16002", "P29_004": "流山市立おおぐろの森中学校", "P29_005": "千葉県流山市大畔581", "P29_006": "3", "P29_007": "1", "P29_008": "00", "P29_009": null }, "geometry": { "type": "Point", "coordinates": [ 139.913280373177429, 35.875186730712429 ] } },
{ "type": "Feature", "properties": { "P29_001": "12237", "P29_002": "C112210003742", "P29_003": "16002", "P29_004": "山武市立山武望洋中学校", "P29_005": "千葉県山武市松尾町松尾112", "P29_006": "3", "P29_007": "1", "P29_008": "00", "P29_009": null }, "geometry": { "type": "Point", "coordinates": [ 140.456780050407644, 35.641704437595642 ] } },
{ "type": "Feature", "properties": { "P29_001": "12106", "P29_002": "C112210003751", "P29_003": "16002", "P29_004": "千葉市立真砂中学校かがやき分校", "P29_005": "千葉県千葉市美浜区真砂5-18-1", "P29_006": "3", "P29_007": "1", "P29_008": "00", "P29_009": null }, "geometry": { "type": "Point", "coordinates": [ 140.061533761508969, 35.644006541779945 ] } },
{ "type": "Feature", "properties": { "P29_001": "12203", "P29_002": "C112310000057", "P29_003": "16002", "P29_004": "和洋国府台女子中学校", "P29_005": "千葉県市川市国府台2-3-1", "P29_006": "4", "P29_007": "1", "P29_008": "00", "P29_009": null }, "geometry": { "type": "Point", "coordinates": [ 139.904440797155019, 35.74399860694475 ] } },
{ "type": "Feature", "properties": { "P29_001": "12204", "P29_002": "C112310000066", "P29_003": "16002", "P29_004": "千葉日本大学第一中学校", "P29_005": "千葉県船橋市習志野台8-34-1", "P29_006": "4", "P29_007": "1", "P29_008": "00", "P29_009": null }, "geometry": { "type": "Point", "coordinates": [ 140.058475987810226, 35.718447997371541 ] } },
{ "type": "Feature", "properties": { "P29_001": "12206", "P29_002": "C112310000075", "P29_003": "16002", "P29_004": "暁星国際中学校", "P29_005": "千葉県木更津市矢那1083", "P29_006": "4", "P29_007": "1", "P29_008": "00", "P29_009": null }, "geometry": { "type": "Point", "coordinates": [ 139.988282029824433, 35.34841012332614 ] } },
{ "type": "Feature", "properties": { "P29_001": "12211", "P29_002": "C112310000084", "P29_003": "16002", "P29_004": "成田高等学校付属中学校", "P29_005": "千葉県成田市成田27", "P29_006": "4", "P29_007": "1", "P29_008": "00", "P29_009": null }, "geometry": { "type": "Point", "coordinates": [ 140.322295575891189, 35.785105015669622 ] } },
{ "type": "Feature", "properties": { "P29_001": "12221", "P29_002": "C112310000100", "P29_003": "16002", "P29_004": "秀明大学学校教師学部附属秀明八千代中学校", "P29_005": "千葉県八千代市桑橋803", "P29_006": "4", "P29_007": "1", "P29_008": "00", "P29_009": null }, "geometry": { "type": "Point", "coordinates": [ 140.087511716790289, 35.753833025763242 ] } },
{ "type": "Feature", "properties": { "P29_001": "12221", "P29_002": "C112310000119", "P29_003": "16002", "P29_004": "八千代松陰中学校", "P29_005": "千葉県八千代市村上727", "P29_006": "4", "P29_007": "1", "P29_008": "00", "P29_009": null }, "geometry": { "type": "Point", "coordinates": [ 140.125829054546102, 35.740828778601532 ] } },
{ "type": "Feature", "properties": { "P29_001": "12207", "P29_002": "C112310000128", "P29_003": "16002", "P29_004": "光英ＶＥＲＩＴＡＳ中学校", "P29_005": "千葉県松戸市秋山600", "P29_006": "4", "P29_007": "1", "P29_008": "00", "P29_009": null }, "geometry": { "type": "Point", "coordinates": [ 139.924457026000681, 35.761513335401588 ] } },
{ "type": "Feature", "properties": { "P29_001": "12206", "P29_002": "C112310000146", "P29_003": "16002", "P29_004": "志学館中等部", "P29_005": "千葉県木更津市真舟3-29-1", "P29_006": "4", "P29_007": "1", "P29_008": "00", "P29_009": null }, "geometry": { "type": "Point", "coordinates": [ 139.931946909925557, 35.355121699365945 ] } },
{ "type": "Feature", "properties": { "P29_001": "12227", "P29_002": "C112310000164", "P29_003": "16002", "P29_004": "東海大学付属浦安高等学校中等部", "P29_005": "千葉県浦安市東野3-11-1", "P29_006": "4", "P29_007": "1", "P29_008": "00", "P29_009": null }, "geometry": { "type": "Point", "coordinates": [ 139.892588140362648, 35.645105101617808 ] } },
{ "type": "Feature", "properties": { "P29_001": "12225", "P29_002": "C112310000173", "P29_003": "16002", "P29_004": "翔凛中学校", "P29_005": "千葉県君津市三直1348-1", "P29_006": "4", "P29_007": "1", "P29_008": "00", "P29_009": null }, "geometry": { "type": "Point", "coordinates": [ 139.940616192151651, 35.324859012123532 ] } },
{ "type": "Feature", "properties": { "P29_001": "12208", "P29_002": "C112310000182", "P29_003": "16002", "P29_004": "西武台千葉中学校", "P29_005": "千葉県野田市尾崎2241-2", "P29_006": "4", "P29_007": "1", "P29_008": "01", "P29_009": null }, "geometry": { "type": "Point", "coordinates": [ 139.837424746095166, 35.992001552378824 ] } },
{ "type": "Feature", "properties": { "P29_001": "12217", "P29_002": "C112310000226", "P29_003": "16002", "P29_004": "麗澤中学校", "P29_005": "千葉県柏市光ヶ丘2-1-1", "P29_006": "4", "P29_007": "1", "P29_008": "00", "P29_009": null }, "geometry": { "type": "Point", "coordinates": [ 139.950582695949947, 35.831321558607954 ] } },
{ "type": "Feature", "properties": { "P29_001": "12217", "P29_002": "C112310000262", "P29_003": "16002", "P29_004": "流通経済大学付属柏中学校", "P29_005": "千葉県柏市十余二1-20", "P29_006": "4", "P29_007": "1", "P29_008": "00", "P29_009": null }, "geometry": { "type": "Point", "coordinates": [ 139.92891024335421, 35.905914603471707 ] } }
]
}
