{
"type": "FeatureCollection",
"name": "geo_12_1",
"crs": { "type": "name", "properties": { "name": "urn:ogc:def:crs:OGC:1.3:CRS84" } },
"features": [
{ "type": "Feature", "properties": { "ID": 1211200001900, "正式名称": "社会福祉法人恩賜財団済生会　千葉県済生会習志野病院", "機関区分": 1, "都道府県コード": 12, "市区町村コード": 216, "所在地": "千葉県習志野市泉町１－１－１", "緯度": 35.693239, "経度": 140.046983, "url": "https://www.iryou.teikyouseido.mhlw.go.jp/znk-web/juminkanja/S2430/initialize?prefCd=12&kikanCd=1200001900&kikanKbn=1", "url2": "http://www.chiba-saiseikai.com", "内容": "社会福祉法人恩賜財団済生会　千葉県済生会習志野病院【1:病院】【診療科目:内科_血液内科_代謝内科_脳神経内科_呼吸器内科_循環器内科_消化器内科_腫瘍内科_外科_脳神経外科_呼吸器外科_心臓血管外科_消化器外科_乳腺外科_整形外科_小児科_産婦人科_眼科_耳鼻いんこう科_皮膚科_泌尿器科_精神科_歯科_歯科口腔外科_アレルギー科_リウマチ科_リハビリテーション科_放射線科_病理診断科_救急科_麻酔科】【一般病床数:400療養病床数:0精神病床数:0感染症病床数:0合計病床数:400】千葉県習志野市泉町１－１－１" }, "geometry": { "type": "Point", "coordinates": [ 140.046983, 35.693239 ] } },
{ "type": "Feature", "properties": { "ID": 1211200002700, "正式名称": "社会医療法人社団菊田会　習志野第一病院", "機関区分": 1, "都道府県コード": 12, "市区町村コード": 216, "所在地": "千葉県習志野市津田沼５－５－２５", "緯度": 35.681182, "経度": 140.025391, "url": "https://www.iryou.teikyouseido.mhlw.go.jp/znk-web/juminkanja/S2430/initialize?prefCd=12&kikanCd=1200002700&kikanKbn=1", "url2": "http://www.naraichi.or.jp", "内容": "社会医療法人社団菊田会　習志野第一病院【1:病院】【診療科目:内科_気管食道内科_循環器内科_消化器内科_神経内科_外科_脳神経外科_消化器外科_胃腸外科_乳腺外科_肛門外科_整形外科_形成外科_美容外科_婦人科_耳鼻いんこう科_皮膚科_歯科_歯科口腔外科_小児歯科_アレルギー科_リウマチ科_リハビリテーション科_放射線科_麻酔科】【一般病床数:183療養病床数:0精神病床数:0感染症病床数:0合計病床数:183】千葉県習志野市津田沼５－５－２５" }, "geometry": { "type": "Point", "coordinates": [ 140.025391, 35.681182 ] } },
{ "type": "Feature", "properties": { "ID": 1211200003500, "正式名称": "医療法人社団保健会　谷津保健病院", "機関区分": 1, "都道府県コード": 12, "市区町村コード": 216, "所在地": "千葉県習志野市谷津４－６－１６", "緯度": 35.684487, "経度": 140.006848, "url": "https://www.iryou.teikyouseido.mhlw.go.jp/znk-web/juminkanja/S2430/initialize?prefCd=12&kikanCd=1200003500&kikanKbn=1", "url2": "http://www.yatsu.or.jp", "内容": "医療法人社団保健会　谷津保健病院【1:病院】【診療科目:内科_糖尿病内科_循環器内科_消化器内科_外科_脳神経外科_消化器外科_乳腺外科_整形外科_婦人科_泌尿器科_リハビリテーション科_放射線科_麻酔科】【一般病床数:230療養病床数:32精神病床数:0感染症病床数:0合計病床数:262】千葉県習志野市谷津４－６－１６" }, "geometry": { "type": "Point", "coordinates": [ 140.006848, 35.684487 ] } },
{ "type": "Feature", "properties": { "ID": 1211200004300, "正式名称": "医療法人社団愛友会　津田沼中央総合病院", "機関区分": 1, "都道府県コード": 12, "市区町村コード": 216, "所在地": "千葉県習志野市谷津１－９－１７", "緯度": 35.686848, "経度": 140.018627, "url": "https://www.iryou.teikyouseido.mhlw.go.jp/znk-web/juminkanja/S2430/initialize?prefCd=12&kikanCd=1200004300&kikanKbn=1", "url2": "http://www.tcgh.jp/", "内容": "医療法人社団愛友会　津田沼中央総合病院【1:病院】【診療科目:内科_血液内科_糖尿病内科_呼吸器内科_循環器内科_消化器内科_腎臓内科_外科_脳神経外科_呼吸器外科_血管外科_乳腺外科_大腸・肛門外科_整形外科_形成外科_小児科_婦人科_眼科_皮膚科_泌尿器科_リハビリテーション科_放射線科_病理診断科_麻酔科】【一般病床数:314療養病床数:0精神病床数:0感染症病床数:0合計病床数:314】千葉県習志野市谷津１－９－１７" }, "geometry": { "type": "Point", "coordinates": [ 140.018627, 35.686848 ] } },
{ "type": "Feature", "properties": { "ID": 1211200006000, "正式名称": "医療法人社団　惠仁会　セントマーガレット病院", "機関区分": 1, "都道府県コード": 12, "市区町村コード": 221, "所在地": "千葉県八千代市上高野４５０番地", "緯度": 35.738097, "経度": 140.128107, "url": "https://www.iryou.teikyouseido.mhlw.go.jp/znk-web/juminkanja/S2430/initialize?prefCd=12&kikanCd=1200006000&kikanKbn=1", "url2": "http://www.st-marguerite.or.jp/", "内容": "医療法人社団　惠仁会　セントマーガレット病院【1:病院】【診療科目:内科_脳神経内科_呼吸器内科_循環器内科_消化器内科_腎臓内科_外科_脳神経外科_血管外科_消化器外科_整形外科_形成外科_婦人科_皮膚科_泌尿器科_リハビリテーション科_放射線科_救急科_麻酔科】【一般病床数:129療養病床数:180精神病床数:0感染症病床数:0合計病床数:309】千葉県八千代市上高野４５０番地" }, "geometry": { "type": "Point", "coordinates": [ 140.128107, 35.738097 ] } },
{ "type": "Feature", "properties": { "ID": 1211200007800, "正式名称": "医療法人社団碩成会　島田台総合病院", "機関区分": 1, "都道府県コード": 12, "市区町村コード": 221, "所在地": "千葉県八千代市島田台８８７－７", "緯度": 35.768393, "経度": 140.099942, "url": "https://www.iryou.teikyouseido.mhlw.go.jp/znk-web/juminkanja/S2430/initialize?prefCd=12&kikanCd=1200007800&kikanKbn=1", "url2": "http://www.shimadadai.com/", "内容": "医療法人社団碩成会　島田台総合病院【1:病院】【診療科目:内科_糖尿病内科_糖尿病・内分泌内科_脳神経外科_脳外科_整形外科_眼科_皮膚科_泌尿器科_リハビリテーション科_麻酔科】【一般病床数:95療養病床数:180精神病床数:0感染症病床数:0合計病床数:275】千葉県八千代市島田台８８７－７" }, "geometry": { "type": "Point", "coordinates": [ 140.099942, 35.768393 ] } },
{ "type": "Feature", "properties": { "ID": 1211200008600, "正式名称": "医療法人思誠会　勝田台病院", "機関区分": 1, "都道府県コード": 12, "市区町村コード": 221, "所在地": "千葉県八千代市勝田６２２－２", "緯度": 35.705398, "経度": 140.125334, "url": "https://www.iryou.teikyouseido.mhlw.go.jp/znk-web/juminkanja/S2430/initialize?prefCd=12&kikanCd=1200008600&kikanKbn=1", "url2": "http://www.katsutadai.or.jp", "内容": "医療法人思誠会　勝田台病院【1:病院】【診療科目:内科_脳神経内科_呼吸器内科_循環器内科_消化器内科_外科_脳神経外科_整形外科_形成外科_皮膚科_泌尿器科_リハビリテーション科_放射線科】【一般病床数:100療養病床数:48精神病床数:0感染症病床数:0合計病床数:148】千葉県八千代市勝田６２２－２" }, "geometry": { "type": "Point", "coordinates": [ 140.125334, 35.705398 ] } },
{ "type": "Feature", "properties": { "ID": 1211200009400, "正式名称": "医療法人社団　東邦鎌谷病院", "機関区分": 1, "都道府県コード": 12, "市区町村コード": 224, "所在地": "千葉県鎌ケ谷市粟野５９４", "緯度": 35.790348, "経度": 140.001296, "url": "https://www.iryou.teikyouseido.mhlw.go.jp/znk-web/juminkanja/S2430/initialize?prefCd=12&kikanCd=1200009400&kikanKbn=1", "url2": "http://www.tohokamagaya.com/", "内容": "医療法人社団　東邦鎌谷病院【1:病院】【診療科目:内科_脳神経内科_循環器内科_消化器内科_外科_脳神経外科_消化器外科_整形外科_形成外科_婦人科_眼科_耳鼻いんこう科_皮膚科_泌尿器科_リハビリテーション科_麻酔科】【一般病床数:160療養病床数:0精神病床数:0感染症病床数:0合計病床数:160】千葉県鎌ケ谷市粟野５９４" }, "geometry": { "type": "Point", "coordinates": [ 140.001296, 35.790348 ] } },
{ "type": "Feature", "properties": { "ID": 1211200011600, "正式名称": "医療法人社団心和会　八千代病院", "機関区分": 1, "都道府県コード": 12, "市区町村コード": 221, "所在地": "千葉県八千代市下高野", "緯度": 35.74646, "経度": 140.137406, "url": "https://www.iryou.teikyouseido.mhlw.go.jp/znk-web/juminkanja/S2430/initialize?prefCd=12&kikanCd=1200011600&kikanKbn=1", "url2": "http://www.harmonichearts.or.jp/yachiyo/", "内容": "医療法人社団心和会　八千代病院【1:病院】【診療科目:内科_精神科_心療内科_麻酔科_ペインクリニック・心療内科】【一般病床数:0療養病床数:0精神病床数:422感染症病床数:0合計病床数:422】千葉県八千代市下高野" }, "geometry": { "type": "Point", "coordinates": [ 140.137406, 35.74646 ] } },
{ "type": "Feature", "properties": { "ID": 1211200012400, "正式名称": "医療法人社団踏青会　下総病院", "機関区分": 1, "都道府県コード": 12, "市区町村コード": 221, "所在地": "千葉県八千代市米本２４７２－２", "緯度": 35.758698, "経度": 140.124479, "url": "https://www.iryou.teikyouseido.mhlw.go.jp/znk-web/juminkanja/S2430/initialize?prefCd=12&kikanCd=1200012400&kikanKbn=1", "url2": "http://www.toseikai.or.jp/shimofusa", "内容": "医療法人社団踏青会　下総病院【1:病院】【診療科目:精神科】【一般病床数:0療養病床数:0精神病床数:360感染症病床数:0合計病床数:360】千葉県八千代市米本２４７２－２" }, "geometry": { "type": "Point", "coordinates": [ 140.124479, 35.758698 ] } },
{ "type": "Feature", "properties": { "ID": 1211200013200, "正式名称": "医療法人社団心癒会　しのだの森ホスピタル", "機関区分": 1, "都道府県コード": 12, "市区町村コード": 221, "所在地": "千葉県八千代市島田台１２１２", "緯度": 35.765768, "経度": 140.096308, "url": "https://www.iryou.teikyouseido.mhlw.go.jp/znk-web/juminkanja/S2430/initialize?prefCd=12&kikanCd=1200013200&kikanKbn=1", "url2": "https://www.sinodanomori.or.jp/", "内容": "医療法人社団心癒会　しのだの森ホスピタル【1:病院】【診療科目:精神科_心療内科】【一般病床数:0療養病床数:0精神病床数:198感染症病床数:0合計病床数:198】千葉県八千代市島田台１２１２" }, "geometry": { "type": "Point", "coordinates": [ 140.096308, 35.765768 ] } },
{ "type": "Feature", "properties": { "ID": 1211200014000, "正式名称": "医療法人社団永生会　新八千代病院", "機関区分": 1, "都道府県コード": 12, "市区町村コード": 221, "所在地": "千葉県八千代市米本２１６７", "緯度": 35.752287, "経度": 140.112466, "url": "https://www.iryou.teikyouseido.mhlw.go.jp/znk-web/juminkanja/S2430/initialize?prefCd=12&kikanCd=1200014000&kikanKbn=1", "url2": "https://www.eisei.or.jp/shinyachiyo/", "内容": "医療法人社団永生会　新八千代病院【1:病院】【診療科目:内科_血液内科_糖尿病内科_脳神経内科_呼吸器内科_循環器内科_消化器内科_神経内科_ペインクリニック内科_脳神経外科_整形外科_形成外科_眼科_耳鼻いんこう科_皮膚科_泌尿器科_心療内科_歯科_歯科口腔外科_小児歯科_リウマチ科_リハビリテーション科】【一般病床数:0療養病床数:295精神病床数:0感染症病床数:0合計病床数:295】千葉県八千代市米本２１６７" }, "geometry": { "type": "Point", "coordinates": [ 140.112466, 35.752287 ] } },
{ "type": "Feature", "properties": { "ID": 1211200015900, "正式名称": "医療法人社団一心会　初富保健病院", "機関区分": 1, "都道府県コード": 12, "市区町村コード": 224, "所在地": "千葉県鎌ケ谷市初富", "緯度": 35.784812, "経度": 139.986048, "url": "https://www.iryou.teikyouseido.mhlw.go.jp/znk-web/juminkanja/S2430/initialize?prefCd=12&kikanCd=1200015900&kikanKbn=1", "url2": "http://www.hatsutomi.or.jp", "内容": "医療法人社団一心会　初富保健病院【1:病院】【診療科目:内科_脳神経内科_循環器内科_脳神経外科_整形外科_眼科_皮膚科_泌尿器科_リハビリテーション科】【一般病床数:0療養病床数:320精神病床数:0感染症病床数:0合計病床数:320】千葉県鎌ケ谷市初富" }, "geometry": { "type": "Point", "coordinates": [ 139.986048, 35.784812 ] } },
{ "type": "Feature", "properties": { "ID": 1211200016700, "正式名称": "医療法人梨香会　秋元病院", "機関区分": 1, "都道府県コード": 12, "市区町村コード": 224, "所在地": "千葉県鎌ケ谷市初富８０８－５４", "緯度": 35.779008, "経度": 140.015804, "url": "https://www.iryou.teikyouseido.mhlw.go.jp/znk-web/juminkanja/S2430/initialize?prefCd=12&kikanCd=1200016700&kikanKbn=1", "url2": "https://www.akimoto-hospital.com", "内容": "医療法人梨香会　秋元病院【1:病院】【診療科目:内科_神経内科_整形外科_皮膚科_精神科_心療内科_歯科_リハビリテーション科】【一般病床数:70療養病床数:0精神病床数:282感染症病床数:0合計病床数:352】千葉県鎌ケ谷市初富８０８－５４" }, "geometry": { "type": "Point", "coordinates": [ 140.015804, 35.779008 ] } },
{ "type": "Feature", "properties": { "ID": 1211200017500, "正式名称": "医療法人社団ますお会　第２北総病院", "機関区分": 1, "都道府県コード": 12, "市区町村コード": 224, "所在地": "千葉県鎌ケ谷市初富８０３", "緯度": 35.777705, "経度": 140.02117, "url": "https://www.iryou.teikyouseido.mhlw.go.jp/znk-web/juminkanja/S2430/initialize?prefCd=12&kikanCd=1200017500&kikanKbn=1", "url2": "http://www.dainihokuso.jp", "内容": "医療法人社団ますお会　第２北総病院【1:病院】【診療科目:内科_消化器内科_外科_整形外科_形成外科_小児科_リハビリテーション科】【一般病床数:0療養病床数:120精神病床数:0感染症病床数:0合計病床数:120】千葉県鎌ケ谷市初富８０３" }, "geometry": { "type": "Point", "coordinates": [ 140.02117, 35.777705 ] } },
{ "type": "Feature", "properties": { "ID": 1211200018300, "正式名称": "医療法人徳洲会　鎌ケ谷総合病院", "機関区分": 1, "都道府県コード": 12, "市区町村コード": 224, "所在地": "千葉県鎌ケ谷市初富９２９－６", "緯度": 35.777896, "経度": 139.996528, "url": "https://www.iryou.teikyouseido.mhlw.go.jp/znk-web/juminkanja/S2430/initialize?prefCd=12&kikanCd=1200018300&kikanKbn=1", "url2": "http://www.kamagaya-hp.jp", "内容": "医療法人徳洲会　鎌ケ谷総合病院【1:病院】【診療科目:内科_脳神経内科_呼吸器内科_循環器内科_心臓血管内科_消化器内科_腎臓内科_緩和ケア内科_外科_脳神経外科_呼吸器外科_心臓血管外科_乳腺外科_頭頸部外科_整形外科_形成外科_小児科_産婦人科_眼科_耳鼻いんこう科_皮膚科_泌尿器科_歯科_歯科口腔外科_リウマチ科_リハビリテーション科_放射線診断科_放射線治療科_病理診断科_救急科_麻酔科】【一般病床数:331療養病床数:0精神病床数:0感染症病床数:0合計病床数:331】千葉県鎌ケ谷市初富９２９－６" }, "geometry": { "type": "Point", "coordinates": [ 139.996528, 35.777896 ] } },
{ "type": "Feature", "properties": { "ID": 1211200019100, "正式名称": "東京女子医科大学附属八千代医療センター", "機関区分": 1, "都道府県コード": 12, "市区町村コード": 221, "所在地": "千葉県八千代市大和田新田４７７－９６", "緯度": 35.730234, "経度": 140.096916, "url": "https://www.iryou.teikyouseido.mhlw.go.jp/znk-web/juminkanja/S2430/initialize?prefCd=12&kikanCd=1200019100&kikanKbn=1", "url2": "http://www.twmu.ac.jp/TYMC/", "内容": "東京女子医科大学附属八千代医療センター【1:病院】【診療科目:内科_血液内科_糖尿病内科_呼吸器内科_循環器内科_消化器内科_腎臓内科_神経内科_外科_脳神経外科_呼吸器外科_心臓血管外科_消化器外科_乳腺・内分泌外科_整形外科_形成外科_小児科_小児眼科_小児耳鼻いんこう科_小児外科_産科_婦人科_眼科_耳鼻いんこう科_皮膚科_泌尿器科_心療内科_歯科口腔外科_リウマチ科_リハビリテーション科_放射線科_病理診断科_救急科_麻酔科_神経小児科】【一般病床数:500療養病床数:0精神病床数:0感染症病床数:0合計病床数:500】千葉県八千代市大和田新田４７７－９６" }, "geometry": { "type": "Point", "coordinates": [ 140.096916, 35.730234 ] } },
{ "type": "Feature", "properties": { "ID": 1211200020500, "正式名称": "医療法人社団和康会　三橋病院", "機関区分": 1, "都道府県コード": 12, "市区町村コード": 216, "所在地": "千葉県習志野市実籾二丁目２１番１号", "緯度": 35.685774, "経度": 140.064651, "url": "https://www.iryou.teikyouseido.mhlw.go.jp/znk-web/juminkanja/S2430/initialize?prefCd=12&kikanCd=1200020500&kikanKbn=1", "url2": "http://www.mitsuhashi-hp.or.jp/", "内容": "医療法人社団和康会　三橋病院【1:病院】【診療科目:精神科_神経科】【一般病床数:0療養病床数:0精神病床数:108感染症病床数:0合計病床数:108】千葉県習志野市実籾二丁目２１番１号" }, "geometry": { "type": "Point", "coordinates": [ 140.064651, 35.685774 ] } },
{ "type": "Feature", "properties": { "ID": 1211200021300, "正式名称": "医療法人社団保健会　東京湾岸リハビリテーション病院", "機関区分": 1, "都道府県コード": 12, "市区町村コード": 216, "所在地": "千葉県習志野市谷津４―１―１", "緯度": 35.682726, "経度": 140.009459, "url": "https://www.iryou.teikyouseido.mhlw.go.jp/znk-web/juminkanja/S2430/initialize?prefCd=12&kikanCd=1200021300&kikanKbn=1", "url2": "https://www.wanreha.net", "内容": "医療法人社団保健会　東京湾岸リハビリテーション病院【1:病院】【診療科目:内科_神経内科_リハビリテーション科】【一般病床数:160療養病床数:0精神病床数:0感染症病床数:0合計病床数:160】千葉県習志野市谷津４―１―１" }, "geometry": { "type": "Point", "coordinates": [ 140.009459, 35.682726 ] } },
{ "type": "Feature", "properties": { "ID": 1211200023000, "正式名称": "医療法人社団踏青会　小池病院", "機関区分": 1, "都道府県コード": 12, "市区町村コード": 221, "所在地": "千葉県八千代市小池３７４－１", "緯度": 35.777623, "経度": 140.087539, "url": "https://www.iryou.teikyouseido.mhlw.go.jp/znk-web/juminkanja/S2430/initialize?prefCd=12&kikanCd=1200023000&kikanKbn=1", "url2": "http://www.toseikai.or.jp/koike/", "内容": "医療法人社団踏青会　小池病院【1:病院】【診療科目:精神科_神経科】【一般病床数:0療養病床数:0精神病床数:84感染症病床数:0合計病床数:84】千葉県八千代市小池３７４－１" }, "geometry": { "type": "Point", "coordinates": [ 140.087539, 35.777623 ] } },
{ "type": "Feature", "properties": { "ID": 1211200577000, "正式名称": "医療法人一条会（社団）　　一条会病院", "機関区分": 1, "都道府県コード": 12, "市区町村コード": 203, "所在地": "千葉県市川市北国分４ー２６ー１", "緯度": 35.766199, "経度": 139.909258, "url": "https://www.iryou.teikyouseido.mhlw.go.jp/znk-web/juminkanja/S2430/initialize?prefCd=12&kikanCd=1200577000&kikanKbn=1", "url2": "http://ichijyokai.or.jp/", "内容": "医療法人一条会（社団）　　一条会病院【1:病院】【診療科目:内科_呼吸器内科_気管食道内科_循環器内科_消化器内科_外科_脳神経外科_消化器外科_肛門外科_整形外科_形成外科_眼科_泌尿器科_放射線科_麻酔科_気管食道科】【一般病床数:136療養病床数:59精神病床数:0感染症病床数:0合計病床数:195】千葉県市川市北国分４ー２６ー１" }, "geometry": { "type": "Point", "coordinates": [ 139.909258, 35.766199 ] } },
{ "type": "Feature", "properties": { "ID": 1211200578900, "正式名称": "医療法人社団嵐川　大野中央病院", "機関区分": 1, "都道府県コード": 12, "市区町村コード": 203, "所在地": "千葉県市川市下貝塚３－２０－３", "緯度": 35.740149, "経度": 139.948772, "url": "https://www.iryou.teikyouseido.mhlw.go.jp/znk-web/juminkanja/S2430/initialize?prefCd=12&kikanCd=1200578900&kikanKbn=1", "url2": "https://www.ransen.or.jp", "内容": "医療法人社団嵐川　大野中央病院【1:病院】【診療科目:内科_循環器内科_消化器内科_胃腸内科_外科_脳神経外科_整形外科_皮膚科_泌尿器科_リウマチ科_リハビリテーション科_放射線科_麻酔科】【一般病床数:197療養病床数:0精神病床数:0感染症病床数:0合計病床数:197】千葉県市川市下貝塚３－２０－３" }, "geometry": { "type": "Point", "coordinates": [ 139.948772, 35.740149 ] } },
{ "type": "Feature", "properties": { "ID": 1211200580000, "正式名称": "医療法人社団平静会　大村病院", "機関区分": 1, "都道府県コード": 12, "市区町村コード": 203, "所在地": "千葉県市川市南八幡４－１４－２", "緯度": 35.71869, "経度": 139.925597, "url": "https://www.iryou.teikyouseido.mhlw.go.jp/znk-web/juminkanja/S2430/initialize?prefCd=12&kikanCd=1200580000&kikanKbn=1", "url2": "http://www.o-heiseikai.com/", "内容": "医療法人社団平静会　大村病院【1:病院】【診療科目:内科_糖尿病内科_呼吸器内科_循環器内科_消化器内科_乳腺外科】【一般病床数:75療養病床数:0精神病床数:0感染症病床数:0合計病床数:75】千葉県市川市南八幡４－１４－２" }, "geometry": { "type": "Point", "coordinates": [ 139.925597, 35.71869 ] } },
{ "type": "Feature", "properties": { "ID": 1211200581900, "正式名称": "国立健康危機管理研究機構国立国府台医療センター", "機関区分": 1, "都道府県コード": 12, "市区町村コード": 203, "所在地": "千葉県市川市国府台１－７－１", "緯度": 35.746067, "経度": 139.90577, "url": "https://www.iryou.teikyouseido.mhlw.go.jp/znk-web/juminkanja/S2430/initialize?prefCd=12&kikanCd=1200581900&kikanKbn=1", "url2": "https://kohnodai.jihs.go.jp/index.html", "内容": "国立健康危機管理研究機構国立国府台医療センター【1:病院】【診療科目:内科_感染症内科_血液内科_糖尿病・代謝内科_脳神経内科_呼吸器内科_循環器内科_心臓内科_消化器内科_腎臓内科_肝臓内科_神経内科_内視鏡内科_外科_脳神経外科_心臓血管外科_消化器外科_乳腺外科_ペインクリニック外科_内視鏡外科_整形外科_小児科_児童精神科_産婦人科_眼科_耳鼻いんこう科_皮膚科_泌尿器科_精神科_心療内科_歯科_アレルギー科_リウマチ科_リハビリテーション科_放射線科_病理診断科_臨床検査科_救急科_麻酔科_肝胆膵外科】【一般病床数:227療養病床数:0精神病床数:140感染症病床数:0合計病床数:367】千葉県市川市国府台１－７－１" }, "geometry": { "type": "Point", "coordinates": [ 139.90577, 35.746067 ] } },
{ "type": "Feature", "properties": { "ID": 1211200583500, "正式名称": "東京歯科大学市川総合病院", "機関区分": 1, "都道府県コード": 12, "市区町村コード": 203, "所在地": "千葉県市川市菅野５丁目１１－１３", "緯度": 35.73368, "経度": 139.922119, "url": "https://www.iryou.teikyouseido.mhlw.go.jp/znk-web/juminkanja/S2430/initialize?prefCd=12&kikanCd=1200583500&kikanKbn=1", "url2": "https://www.tdc.ac.jp/igh/tabid/734/Default.aspx", "内容": "東京歯科大学市川総合病院【1:病院】【診療科目:内科_呼吸器内科_循環器内科_消化器内科_腎臓内科_神経内科_外科_脳神経外科_呼吸器外科_心臓血管外科_消化器外科_整形外科_形成外科_小児科_産婦人科_眼科_耳鼻いんこう科_皮膚科_泌尿器科_精神科_歯科_歯科口腔外科_リハビリテーション科_放射線科_病理診断科_麻酔科】【一般病床数:511療養病床数:0精神病床数:0感染症病床数:0合計病床数:511】千葉県市川市菅野５丁目１１－１３" }, "geometry": { "type": "Point", "coordinates": [ 139.922119, 35.73368 ] } },
{ "type": "Feature", "properties": { "ID": 1211200586000, "正式名称": "順天堂大学医学部附属浦安病院", "機関区分": 1, "都道府県コード": 12, "市区町村コード": 227, "所在地": "千葉県浦安市富岡２－１－１", "緯度": 35.645981, "経度": 139.907136, "url": "https://www.iryou.teikyouseido.mhlw.go.jp/znk-web/juminkanja/S2430/initialize?prefCd=12&kikanCd=1200586000&kikanKbn=1", "url2": "https://www.hosp-urayasu.juntendo.ac.jp/", "内容": "順天堂大学医学部附属浦安病院【1:病院】【診療科目:内科_血液内科_糖尿病・内分泌内科_呼吸器内科_循環器内科_消化器内科_腎臓内科_神経内科_外科_脳神経外科_呼吸器外科_心臓血管外科_消化器外科_乳腺外科_整形外科_形成外科_小児科_小児外科_産婦人科_眼科_耳鼻いんこう科_皮膚科_泌尿器科_精神科_歯科_歯科口腔外科_リウマチ科_リハビリテーション科_放射線科_病理診断科_麻酔科_・救急診療科（改行）・臨床検査医学科（直接診療なし）】【一般病床数:785療養病床数:0精神病床数:0感染症病床数:0合計病床数:785】千葉県浦安市富岡２－１－１" }, "geometry": { "type": "Point", "coordinates": [ 139.907136, 35.645981 ] } },
{ "type": "Feature", "properties": { "ID": 1211200587800, "正式名称": "医療法人社団康栄会　浦安病院", "機関区分": 1, "都道府県コード": 12, "市区町村コード": 227, "所在地": "千葉県浦安市北栄４－１－１８", "緯度": 35.659255, "経度": 139.904799, "url": "https://www.iryou.teikyouseido.mhlw.go.jp/znk-web/juminkanja/S2430/initialize?prefCd=12&kikanCd=1200587800&kikanKbn=1", "url2": "http://www.urayasu-hp.jp", "内容": "医療法人社団康栄会　浦安病院【1:病院】【診療科目:内科_循環器内科_胃腸内科_外科_肛門外科_整形外科】【一般病床数:56療養病床数:0精神病床数:0感染症病床数:0合計病床数:56】千葉県浦安市北栄４－１－１８" }, "geometry": { "type": "Point", "coordinates": [ 139.904799, 35.659255 ] } },
{ "type": "Feature", "properties": { "ID": 1211200589400, "正式名称": "国際医療福祉大学市川病院", "機関区分": 1, "都道府県コード": 12, "市区町村コード": 203, "所在地": "千葉県市川市国府台６丁目１番１４号", "緯度": 35.756725, "経度": 139.902578, "url": "https://www.iryou.teikyouseido.mhlw.go.jp/znk-web/juminkanja/S2430/initialize?prefCd=12&kikanCd=1200589400&kikanKbn=1", "url2": "http://ichikawa.iuhw.ac.jp/", "内容": "国際医療福祉大学市川病院【1:病院】【診療科目:内科_内分泌内科_糖尿病・代謝内科_脳神経内科_呼吸器内科_循環器内科_消化器内科_腎臓内科_人工透析内科_老年内科_外科_脳神経外科_呼吸器外科_循環器外科_消化器外科_乳腺外科_整形外科_泌尿器科_アレルギー科_リウマチ科_リハビリテーション科_病理診断科_麻酔科】【一般病床数:128療養病床数:87精神病床数:0感染症病床数:0合計病床数:260】千葉県市川市国府台６丁目１番１４号" }, "geometry": { "type": "Point", "coordinates": [ 139.902578, 35.756725 ] } },
{ "type": "Feature", "properties": { "ID": 1211200591600, "正式名称": "医療法人　式場病院", "機関区分": 1, "都道府県コード": 12, "市区町村コード": 203, "所在地": "千葉県市川市国府台６ー１ー１４", "緯度": 35.756725, "経度": 139.902578, "url": "https://www.iryou.teikyouseido.mhlw.go.jp/znk-web/juminkanja/S2430/initialize?prefCd=12&kikanCd=1200591600&kikanKbn=1", "url2": "http://www.shikiba-hospital.jp/", "内容": "医療法人　式場病院【1:病院】【診療科目:内科_精神科】【一般病床数:0療養病床数:0精神病床数:338感染症病床数:0合計病床数:338】千葉県市川市国府台６ー１ー１４" }, "geometry": { "type": "Point", "coordinates": [ 139.902578, 35.756725 ] } },
{ "type": "Feature", "properties": { "ID": 1211200593200, "正式名称": "医療法人社団聖進会　市川東病院", "機関区分": 1, "都道府県コード": 12, "市区町村コード": 203, "所在地": "千葉県市川市二俣２－１４－３", "緯度": 35.703362, "経度": 139.95897, "url": "https://www.iryou.teikyouseido.mhlw.go.jp/znk-web/juminkanja/S2430/initialize?prefCd=12&kikanCd=1200593200&kikanKbn=1", "url2": "http://www.ichikawahigashi.com", "内容": "医療法人社団聖進会　市川東病院【1:病院】【診療科目:内科_糖尿病内科_呼吸器内科_循環器内科_胃腸内科_人工透析内科_神経内科_外科_脳神経外科_整形外科_皮膚科_泌尿器科_リハビリテーション科_放射線科】【一般病床数:103療養病床数:25精神病床数:0感染症病床数:0合計病床数:128】千葉県市川市二俣２－１４－３" }, "geometry": { "type": "Point", "coordinates": [ 139.95897, 35.703362 ] } },
{ "type": "Feature", "properties": { "ID": 1211200594000, "正式名称": "医療法人友康会行徳中央病院", "機関区分": 1, "都道府県コード": 12, "市区町村コード": 203, "所在地": "千葉県市川市日之出", "緯度": 35.676808, "経度": 139.921302, "url": "https://www.iryou.teikyouseido.mhlw.go.jp/znk-web/juminkanja/S2430/initialize?prefCd=12&kikanCd=1200594000&kikanKbn=1", "url2": "http://www.gyoutokuchuo-hospital.com", "内容": "医療法人友康会行徳中央病院【1:病院】【診療科目:内科_皮膚科_リハビリテーション科】【一般病床数:0療養病床数:25精神病床数:0感染症病床数:0合計病床数:25】千葉県市川市日之出" }, "geometry": { "type": "Point", "coordinates": [ 139.921302, 35.676808 ] } },
{ "type": "Feature", "properties": { "ID": 1211200595900, "正式名称": "医療法人社団やしの木会　浦安中央病院", "機関区分": 1, "都道府県コード": 12, "市区町村コード": 227, "所在地": "千葉県浦安市東野３ー４－１４", "緯度": 35.646745, "経度": 139.89397, "url": "https://www.iryou.teikyouseido.mhlw.go.jp/znk-web/juminkanja/S2430/initialize?prefCd=12&kikanCd=1200595900&kikanKbn=1", "url2": "http://urayasucentral.com", "内容": "医療法人社団やしの木会　浦安中央病院【1:病院】【診療科目:内科_糖尿病内科_呼吸器内科_循環器内科_外科_脳神経外科_消化器外科_整形外科_形成外科_泌尿器科】【一般病床数:44療養病床数:28精神病床数:0感染症病床数:0合計病床数:72】千葉県浦安市東野３ー４－１４" }, "geometry": { "type": "Point", "coordinates": [ 139.89397, 35.646745 ] } },
{ "type": "Feature", "properties": { "ID": 1211201356000, "正式名称": "松戸市立総合医療センター", "機関区分": 1, "都道府県コード": 12, "市区町村コード": 207, "所在地": "千葉県松戸市千駄堀９９３－１", "緯度": 35.802854, "経度": 139.932851, "url": "https://www.iryou.teikyouseido.mhlw.go.jp/znk-web/juminkanja/S2430/initialize?prefCd=12&kikanCd=1201356000&kikanKbn=1", "url2": "http://www.city.matsudo.chiba.jp/hospital/", "内容": "松戸市立総合医療センター【1:病院】【診療科目:内科_感染症内科_血液内科_糖尿病内科_糖尿病・内分泌内科_糖尿病・代謝内科_代謝・内分泌内科_脳神経内科_呼吸器内科_循環器内科_消化器内科_糖尿病・代謝・内分泌内科，化学療法内科_外科_脳神経外科_呼吸器外科_心臓血管外科_消化器外科_乳腺外科_整形外科_形成外科_小児科_小児外科_新生児内科_小児脳神経外科，小児心臓血管外科_産婦人科_眼科_耳鼻いんこう科_皮膚科_泌尿器科_精神科_歯科口腔外科_アレルギー科_リウマチ科_リハビリテーション科_放射線診断科_放射線治療科_病理診断科_救急科_麻酔科_総合診療科】【一般病床数:592療養病床数:0精神病床数:0感染症病床数:8合計病床数:600】千葉県松戸市千駄堀９９３－１" }, "geometry": { "type": "Point", "coordinates": [ 139.932851, 35.802854 ] } },
{ "type": "Feature", "properties": { "ID": 1211201357900, "正式名称": "医療法人社団清志会　山本病院", "機関区分": 1, "都道府県コード": 12, "市区町村コード": 207, "所在地": "千葉県松戸市小金きよしケ丘２－７－１０", "緯度": 35.830731, "経度": 139.93403, "url": "https://www.iryou.teikyouseido.mhlw.go.jp/znk-web/juminkanja/S2430/initialize?prefCd=12&kikanCd=1201357900&kikanKbn=1", "url2": "https://seishikai.net", "内容": "医療法人社団清志会　山本病院【1:病院】【診療科目:内科_呼吸器内科_循環器内科_消化器内科_神経内科_外科_肛門外科_整形外科_皮膚科_泌尿器科】【一般病床数:60療養病床数:0精神病床数:0感染症病床数:0合計病床数:60】千葉県松戸市小金きよしケ丘２－７－１０" }, "geometry": { "type": "Point", "coordinates": [ 139.93403, 35.830731 ] } },
{ "type": "Feature", "properties": { "ID": 1211201358700, "正式名称": "医療法人社団ときわ会　常盤平中央病院", "機関区分": 1, "都道府県コード": 12, "市区町村コード": 207, "所在地": "千葉県松戸市常盤平６－１－８", "緯度": 35.798032, "経度": 139.956541, "url": "https://www.iryou.teikyouseido.mhlw.go.jp/znk-web/juminkanja/S2430/initialize?prefCd=12&kikanCd=1201358700&kikanKbn=1", "url2": "http://tokiwakai-chp.com/", "内容": "医療法人社団ときわ会　常盤平中央病院【1:病院】【診療科目:内科_糖尿病内科_呼吸器内科_消化器内科_外科_消化器外科_整形外科_精神科_心療内科_リハビリテーション科】【一般病床数:0療養病床数:54精神病床数:0感染症病床数:0合計病床数:54】千葉県松戸市常盤平６－１－８" }, "geometry": { "type": "Point", "coordinates": [ 139.956541, 35.798032 ] } },
{ "type": "Feature", "properties": { "ID": 1211201359500, "正式名称": "医療法人財団明理会　新松戸中央総合病院", "機関区分": 1, "都道府県コード": 12, "市区町村コード": 207, "所在地": "千葉県松戸市新松戸１－３８０", "緯度": 35.828609, "経度": 139.921213, "url": "https://www.iryou.teikyouseido.mhlw.go.jp/znk-web/juminkanja/S2430/initialize?prefCd=12&kikanCd=1201359500&kikanKbn=1", "url2": "https://www.shinmatsudo-hospital.jp/", "内容": "医療法人財団明理会　新松戸中央総合病院【1:病院】【診療科目:内科_感染症内科_血液内科_糖尿病・内分泌内科_糖尿病・代謝内科_脳神経内科_呼吸器内科_循環器内科_消化器内科_腎臓内科_腫瘍内科_外科_脳神経外科_呼吸器外科_心臓血管外科_乳腺外科_大腸・肛門外科_整形外科_形成外科_小児科_小児外科_婦人科_眼科_耳鼻いんこう科_皮膚科_泌尿器科_精神科_リウマチ科_リハビリテーション科_放射線診断科_放射線治療科_病理診断科_救急科_麻酔科】【一般病床数:342療養病床数:0精神病床数:0感染症病床数:0合計病床数:342】千葉県松戸市新松戸１－３８０" }, "geometry": { "type": "Point", "coordinates": [ 139.921213, 35.828609 ] } },
{ "type": "Feature", "properties": { "ID": 1211201361700, "正式名称": "医療法人　徳洲会　千葉西総合病院", "機関区分": 1, "都道府県コード": 12, "市区町村コード": 207, "所在地": "千葉県松戸市金ケ作１０７－１", "緯度": 35.804576, "経度": 139.945122, "url": "https://www.iryou.teikyouseido.mhlw.go.jp/znk-web/juminkanja/S2430/initialize?prefCd=12&kikanCd=1201361700&kikanKbn=1", "url2": "http://www.chibanishi-hp.or.jp", "内容": "医療法人　徳洲会　千葉西総合病院【1:病院】【診療科目:内科_血液内科_糖尿病内科_呼吸器内科_循環器内科_消化器内科_腎臓内科_神経内科_腫瘍内科_疼痛緩和内科_外科_脳神経外科_呼吸器外科_心臓血管外科_消化器外科_乳腺外科_頭頸部外科_整形外科_形成外科_小児科_産婦人科_眼科_耳鼻いんこう科_皮膚科_泌尿器科_歯科_歯科口腔外科_リハビリテーション科_放射線診断科_放射線治療科_病理診断科_臨床検査科_救急科_麻酔科】【一般病床数:680療養病床数:0精神病床数:0感染症病床数:0合計病床数:680】千葉県松戸市金ケ作１０７－１" }, "geometry": { "type": "Point", "coordinates": [ 139.945122, 35.804576 ] } },
{ "type": "Feature", "properties": { "ID": 1211201362500, "正式名称": "医療法人財団松圓会　東葛クリニック病院", "機関区分": 1, "都道府県コード": 12, "市区町村コード": 207, "所在地": "千葉県松戸市樋野口８６５－２", "緯度": 35.791462, "経度": 139.893613, "url": "https://www.iryou.teikyouseido.mhlw.go.jp/znk-web/juminkanja/S2430/initialize?prefCd=12&kikanCd=1201362500&kikanKbn=1", "url2": "http://www.tokatsu-clinic.jp/", "内容": "医療法人財団松圓会　東葛クリニック病院【1:病院】【診療科目:内科_糖尿病内科_呼吸器内科_循環器内科_腎臓内科_人工透析内科_神経内科_外科_呼吸器外科_血管外科_消化器外科_整形外科_泌尿器科】【一般病床数:48療養病床数:47精神病床数:0感染症病床数:0合計病床数:95】千葉県松戸市樋野口８６５－２" }, "geometry": { "type": "Point", "coordinates": [ 139.893613, 35.791462 ] } },
{ "type": "Feature", "properties": { "ID": 1211201364100, "正式名称": "医療法人社団曙会　流山中央病院", "機関区分": 1, "都道府県コード": 12, "市区町村コード": 220, "所在地": "千葉県流山市東初石２－１３２－２", "緯度": 35.887836, "経度": 139.918123, "url": "https://www.iryou.teikyouseido.mhlw.go.jp/znk-web/juminkanja/S2430/initialize?prefCd=12&kikanCd=1201364100&kikanKbn=1", "url2": "http://www.nch.or.jp/", "内容": "医療法人社団曙会　流山中央病院【1:病院】【診療科目:内科_糖尿病内科_内分泌内科_糖尿病・内分泌内科_呼吸器内科_循環器内科_消化器内科_神経内科_外科_脳神経外科_消化器外科_肛門外科_大腸・肛門外科_整形外科_形成外科_眼科_皮膚科_泌尿器科_リハビリテーション科_放射線科_麻酔科】【一般病床数:156療養病床数:0精神病床数:0感染症病床数:0合計病床数:156】千葉県流山市東初石２－１３２－２" }, "geometry": { "type": "Point", "coordinates": [ 139.918123, 35.887836 ] } },
{ "type": "Feature", "properties": { "ID": 1211201365000, "正式名称": "医療法人社団協友会　千葉愛友会記念病院", "機関区分": 1, "都道府県コード": 12, "市区町村コード": 220, "所在地": "千葉県流山市鰭ケ崎１－１", "緯度": 35.836643, "経度": 139.911635, "url": "https://www.iryou.teikyouseido.mhlw.go.jp/znk-web/juminkanja/S2430/initialize?prefCd=12&kikanCd=1201365000&kikanKbn=1", "url2": "http://chibaaiyu-kai.com/", "内容": "医療法人社団協友会　千葉愛友会記念病院【1:病院】【診療科目:内科_糖尿病内科_内分泌内科_呼吸器内科_循環器内科_消化器内科_腎臓内科_人工透析内科_外科_脳神経外科_食道外科_消化器外科_乳腺外科_肛門外科_整形外科_小児科_新生児内科_産婦人科_眼科_耳鼻いんこう科_皮膚科_泌尿器科_リハビリテーション科_放射線科_麻酔科_胃外科】【一般病床数:245療養病床数:0精神病床数:0感染症病床数:0合計病床数:245】千葉県流山市鰭ケ崎１－１" }, "geometry": { "type": "Point", "coordinates": [ 139.911635, 35.836643 ] } },
{ "type": "Feature", "properties": { "ID": 1211201367600, "正式名称": "医療法人社団ますお会　柏の葉北総病院", "機関区分": 1, "都道府県コード": 12, "市区町村コード": 220, "所在地": "千葉県流山市駒木台２３３－４番地", "緯度": 35.893158, "経度": 139.934127, "url": "https://www.iryou.teikyouseido.mhlw.go.jp/znk-web/juminkanja/S2430/initialize?prefCd=12&kikanCd=1201367600&kikanKbn=1", "url2": "http://www.masuokai.jp/", "内容": "医療法人社団ますお会　柏の葉北総病院【1:病院】【診療科目:内科_外科_整形外科_形成外科_皮膚科_リハビリテーション科】【一般病床数:0療養病床数:120精神病床数:0感染症病床数:0合計病床数:120】千葉県流山市駒木台２３３－４番地" }, "geometry": { "type": "Point", "coordinates": [ 139.934127, 35.893158 ] } },
{ "type": "Feature", "properties": { "ID": 1211201368400, "正式名称": "医療法人社団太公会　我孫子東邦病院", "機関区分": 1, "都道府県コード": 12, "市区町村コード": 222, "所在地": "千葉県我孫子市柴崎１２２－１", "緯度": 35.875052, "経度": 140.032148, "url": "https://www.iryou.teikyouseido.mhlw.go.jp/znk-web/juminkanja/S2430/initialize?prefCd=12&kikanCd=1201368400&kikanKbn=1", "url2": "https://www.abikotoho.org", "内容": "医療法人社団太公会　我孫子東邦病院【1:病院】【診療科目:内科_血液内科_呼吸器内科_循環器内科_消化器内科_腎臓内科_外科_脳神経外科_消化器外科_整形外科_婦人科_泌尿器科_男性泌尿器科_リハビリテーション科_放射線科_麻酔科】【一般病床数:100療養病床数:0精神病床数:0感染症病床数:0合計病床数:100】千葉県我孫子市柴崎１２２－１" }, "geometry": { "type": "Point", "coordinates": [ 140.032148, 35.875052 ] } },
{ "type": "Feature", "properties": { "ID": 1211201369200, "正式名称": "アビコ外科整形外科病院", "機関区分": 1, "都道府県コード": 12, "市区町村コード": 222, "所在地": "千葉県我孫子市我孫子４－２２－２２", "緯度": 35.876911, "経度": 140.01098, "url": "https://www.iryou.teikyouseido.mhlw.go.jp/znk-web/juminkanja/S2430/initialize?prefCd=12&kikanCd=1201369200&kikanKbn=1", "url2": "http://www.abikogeka.com/", "内容": "アビコ外科整形外科病院【1:病院】【診療科目:外科_脳神経外科_整形外科_皮膚科_リウマチ科_リハビリテーション科】【一般病床数:28療養病床数:0精神病床数:0感染症病床数:0合計病床数:28】千葉県我孫子市我孫子４－２２－２２" }, "geometry": { "type": "Point", "coordinates": [ 140.01098, 35.876911 ] } },
{ "type": "Feature", "properties": { "ID": 1211201371400, "正式名称": "医療法人社団創造会　平和台病院", "機関区分": 1, "都道府県コード": 12, "市区町村コード": 222, "所在地": "千葉県我孫子市布佐８３４－２８", "緯度": 35.863753, "経度": 140.115928, "url": "https://www.iryou.teikyouseido.mhlw.go.jp/znk-web/juminkanja/S2430/initialize?prefCd=12&kikanCd=1201371400&kikanKbn=1", "url2": "http://www.medicalplaza.or.jp/", "内容": "医療法人社団創造会　平和台病院【1:病院】【診療科目:内科_血液内科_糖尿病内科_脳神経内科_呼吸器内科_循環器内科_消化器内科_腎臓内科_人工透析内科_漢方内科_ペインクリニック内科_緩和ケア内科_外科_脳神経外科_消化器外科_乳腺外科_肛門外科_整形外科_形成外科_眼科_耳鼻いんこう科_皮膚科_泌尿器科_精神科_リハビリテーション科_救急科_麻酔科】【一般病床数:148療養病床数:40精神病床数:0感染症病床数:0合計病床数:188】千葉県我孫子市布佐８３４－２８" }, "geometry": { "type": "Point", "coordinates": [ 140.115928, 35.863753 ] } },
{ "type": "Feature", "properties": { "ID": 1211201372200, "正式名称": "医療法人明柳会　恩田第二病院", "機関区分": 1, "都道府県コード": 12, "市区町村コード": 207, "所在地": "千葉県松戸市金ケ作３０２", "緯度": 35.803826, "経度": 139.96496, "url": "https://www.iryou.teikyouseido.mhlw.go.jp/znk-web/juminkanja/S2430/initialize?prefCd=12&kikanCd=1201372200&kikanKbn=1", "url2": "http://www.onda-hospital.com", "内容": "医療法人明柳会　恩田第二病院【1:病院】【診療科目:精神科_心療内科】【一般病床数:0療養病床数:0精神病床数:308感染症病床数:0合計病床数:308】千葉県松戸市金ケ作３０２" }, "geometry": { "type": "Point", "coordinates": [ 139.96496, 35.803826 ] } },
{ "type": "Feature", "properties": { "ID": 1211201375700, "正式名称": "医療法人社団弥生会　旭神経内科リハビリテーション病院", "機関区分": 1, "都道府県コード": 12, "市区町村コード": 207, "所在地": "千葉県松戸市栗ケ沢７８９－１", "緯度": 35.811072, "経度": 139.954302, "url": "https://www.iryou.teikyouseido.mhlw.go.jp/znk-web/juminkanja/S2430/initialize?prefCd=12&kikanCd=1201375700&kikanKbn=1", "url2": "http://www.yayoikai.or.jp", "内容": "医療法人社団弥生会　旭神経内科リハビリテーション病院【1:病院】【診療科目:内科_神経内科_精神科_リハビリテーション科】【一般病床数:47療養病床数:51精神病床数:0感染症病床数:0合計病床数:98】千葉県松戸市栗ケ沢７８９－１" }, "geometry": { "type": "Point", "coordinates": [ 139.954302, 35.811072 ] } },
{ "type": "Feature", "properties": { "ID": 1211201376500, "正式名称": "日本大学松戸歯学部付属病院", "機関区分": 1, "都道府県コード": 12, "市区町村コード": 207, "所在地": "千葉県松戸市栄町２－８７０－１", "緯度": 35.810013, "経度": 139.899306, "url": "https://www.iryou.teikyouseido.mhlw.go.jp/znk-web/juminkanja/S2430/initialize?prefCd=12&kikanCd=1201376500&kikanKbn=1", "url2": "http://www.mascat.nihon-u.ac.jp/hospital/", "内容": "日本大学松戸歯学部付属病院【1:病院】【診療科目:内科_脳神経外科_心臓血管外科_頭頸部外科_耳鼻いんこう科_歯科_矯正歯科_歯科口腔外科_小児歯科】【一般病床数:31療養病床数:0精神病床数:0感染症病床数:0合計病床数:31】千葉県松戸市栄町２－８７０－１" }, "geometry": { "type": "Point", "coordinates": [ 139.899306, 35.810013 ] } },
{ "type": "Feature", "properties": { "ID": 1211201378100, "正式名称": "医療法人社団江陽会　江陽台病院", "機関区分": 1, "都道府県コード": 12, "市区町村コード": 220, "所在地": "千葉県流山市西深井３９３－１", "緯度": 35.9099, "経度": 139.893083, "url": "https://www.iryou.teikyouseido.mhlw.go.jp/znk-web/juminkanja/S2430/initialize?prefCd=12&kikanCd=1201378100&kikanKbn=1", "url2": "http://www.kouyoudai.jp", "内容": "医療法人社団江陽会　江陽台病院【1:病院】【診療科目:内科_脳神経外科_リハビリテーション科_放射線科】【一般病床数:107療養病床数:42精神病床数:0感染症病床数:0合計病床数:149】千葉県流山市西深井３９３－１" }, "geometry": { "type": "Point", "coordinates": [ 139.893083, 35.9099 ] } },
{ "type": "Feature", "properties": { "ID": 1211201379000, "正式名称": "医療法人社団康喜会　東葛辻仲病院", "機関区分": 1, "都道府県コード": 12, "市区町村コード": 222, "所在地": "千葉県我孫子市根戸９４６－１", "緯度": 35.878144, "経度": 140.002161, "url": "https://www.iryou.teikyouseido.mhlw.go.jp/znk-web/juminkanja/S2430/initialize?prefCd=12&kikanCd=1201379000&kikanKbn=1", "url2": "http://tokatsu-tsujinaka.com/", "内容": "医療法人社団康喜会　東葛辻仲病院【1:病院】【診療科目:内科_消化器内科_外科_消化器外科_大腸・肛門外科_泌尿器科_消化器内視鏡内科，消化器内視鏡外科】【一般病床数:56療養病床数:0精神病床数:0感染症病床数:0合計病床数:56】千葉県我孫子市根戸９４６－１" }, "geometry": { "type": "Point", "coordinates": [ 140.002161, 35.878144 ] } },
{ "type": "Feature", "properties": { "ID": 1211201380300, "正式名称": "医療法人社団聖仁会　我孫子聖仁会病院", "機関区分": 1, "都道府県コード": 12, "市区町村コード": 222, "所在地": "千葉県我孫子市柴崎", "緯度": 35.87647, "経度": 140.051755, "url": "https://www.iryou.teikyouseido.mhlw.go.jp/znk-web/juminkanja/S2430/initialize?prefCd=12&kikanCd=1201380300&kikanKbn=1", "url2": "https://sjkhp.com/abiko", "内容": "医療法人社団聖仁会　我孫子聖仁会病院【1:病院】【診療科目:内科_糖尿病内科_内分泌内科_呼吸器内科_循環器内科_消化器内科_腎臓内科_神経内科_緩和ケア内科_外科_脳神経外科_消化器外科_乳腺外科_肛門外科_整形外科_形成外科_婦人科_眼科_皮膚科_泌尿器科_歯科口腔外科_リハビリテーション科_放射線科_麻酔科】【一般病床数:120療養病床数:48精神病床数:0感染症病床数:0合計病床数:168】千葉県我孫子市柴崎" }, "geometry": { "type": "Point", "coordinates": [ 140.051755, 35.87647 ] } },
{ "type": "Feature", "properties": { "ID": 1211201381100, "正式名称": "五香病院", "機関区分": 1, "都道府県コード": 12, "市区町村コード": 207, "所在地": "千葉県松戸市五香８－４０－１", "緯度": 35.796177, "経度": 139.980217, "url": "https://www.iryou.teikyouseido.mhlw.go.jp/znk-web/juminkanja/S2430/initialize?prefCd=12&kikanCd=1201381100&kikanKbn=1", "url2": "http://www.gokou-hp.com/", "内容": "五香病院【1:病院】【診療科目:内科_呼吸器内科_循環器内科_消化器内科_外科_脳神経外科_消化器外科_大腸・肛門外科_整形外科_皮膚科_泌尿器科_リハビリテーション科_放射線科】【一般病床数:120療養病床数:0精神病床数:0感染症病床数:0合計病床数:120】千葉県松戸市五香８－４０－１" }, "geometry": { "type": "Point", "coordinates": [ 139.980217, 35.796177 ] } },
{ "type": "Feature", "properties": { "ID": 1211201382000, "正式名称": "医療法人社団オーケーエム会　オーククリニックフォーミズ病院", "機関区分": 1, "都道府県コード": 12, "市区町村コード": 207, "所在地": "千葉県松戸市竹ケ花５０－３", "緯度": 35.788907, "経度": 139.904313, "url": "https://www.iryou.teikyouseido.mhlw.go.jp/znk-web/juminkanja/S2430/initialize?prefCd=12&kikanCd=1201382000&kikanKbn=1", "url2": "http://www.oak-clinic.com/", "内容": "医療法人社団オーケーエム会　オーククリニックフォーミズ病院【1:病院】【診療科目:産婦人科_産科_婦人科】【一般病床数:47療養病床数:0精神病床数:0感染症病床数:0合計病床数:47】千葉県松戸市竹ケ花５０－３" }, "geometry": { "type": "Point", "coordinates": [ 139.904313, 35.788907 ] } },
{ "type": "Feature", "properties": { "ID": 1211201383800, "正式名称": "小板橋病院", "機関区分": 1, "都道府県コード": 12, "市区町村コード": 207, "所在地": "千葉県松戸市和名ケ谷１３１３ー１", "緯度": 35.778836, "経度": 139.919114, "url": "https://www.iryou.teikyouseido.mhlw.go.jp/znk-web/juminkanja/S2430/initialize?prefCd=12&kikanCd=1201383800&kikanKbn=1", "url2": "https://koitabashi-hospital.jp", "内容": "小板橋病院【1:病院】【診療科目:内科_リハビリテーション科】【一般病床数:0療養病床数:94精神病床数:0感染症病床数:0合計病床数:94】千葉県松戸市和名ケ谷１３１３ー１" }, "geometry": { "type": "Point", "coordinates": [ 139.919114, 35.778836 ] } },
{ "type": "Feature", "properties": { "ID": 1211201384600, "正式名称": "医療法人社団誠馨会　新東京病院", "機関区分": 1, "都道府県コード": 12, "市区町村コード": 207, "所在地": "千葉県松戸市和名ケ谷１２７１番", "緯度": 35.777084, "経度": 139.920692, "url": "https://www.iryou.teikyouseido.mhlw.go.jp/znk-web/juminkanja/S2430/initialize?prefCd=12&kikanCd=1201384600&kikanKbn=1", "url2": "http://www.shin-tokyohospital.or.jp/", "内容": "医療法人社団誠馨会　新東京病院【1:病院】【診療科目:内科_糖尿病内科_脳神経内科_呼吸器内科_心臓内科_消化器内科_外科_脳神経外科_呼吸器外科_心臓血管外科_消化器外科_乳腺外科_整形外科_形成外科_美容外科_眼科_皮膚科_泌尿器科_リハビリテーション科_放射線科_病理診断科_臨床検査科_救急科_麻酔科】【一般病床数:430療養病床数:0精神病床数:0感染症病床数:0合計病床数:430】千葉県松戸市和名ケ谷１２７１番" }, "geometry": { "type": "Point", "coordinates": [ 139.920692, 35.777084 ] } },
{ "type": "Feature", "properties": { "ID": 1211201385400, "正式名称": "医療法人社団青嶺会　松戸整形外科病院", "機関区分": 1, "都道府県コード": 12, "市区町村コード": 207, "所在地": "千葉県松戸市旭町１－１６１", "緯度": 35.816482, "経度": 139.900162, "url": "https://www.iryou.teikyouseido.mhlw.go.jp/znk-web/juminkanja/S2430/initialize?prefCd=12&kikanCd=1201385400&kikanKbn=1", "url2": "http://www6.ocn.ne.jp/~moh1985/", "内容": "医療法人社団青嶺会　松戸整形外科病院【1:病院】【診療科目:整形外科_リハビリテーション科_麻酔科】【一般病床数:45療養病床数:0精神病床数:0感染症病床数:0合計病床数:45】千葉県松戸市旭町１－１６１" }, "geometry": { "type": "Point", "coordinates": [ 139.900162, 35.816482 ] } },
{ "type": "Feature", "properties": { "ID": 1211202256000, "正式名称": "医療法人徳洲会　野田総合病院", "機関区分": 1, "都道府県コード": 12, "市区町村コード": 208, "所在地": "千葉県野田市横内２９番１", "緯度": 35.952106, "経度": 139.879396, "url": "https://www.iryou.teikyouseido.mhlw.go.jp/znk-web/juminkanja/S2430/initialize?prefCd=12&kikanCd=1202256000&kikanKbn=1", "url2": "https://nodasougou-hp.jp/", "内容": "医療法人徳洲会　野田総合病院【1:病院】【診療科目:内科_血液内科_糖尿病・代謝内科_脳神経内科_呼吸器内科_循環器内科_消化器内科_腎臓内科_ペインクリニック内科_外科_脳神経外科_呼吸器外科_血管外科_心臓血管外科_消化器外科_乳腺外科_肛門外科_整形外科_形成外科_小児科_小児外科_産婦人科_眼科_耳鼻いんこう科_皮膚科_泌尿器科_リハビリテーション科_放射線科_病理診断科_救急科_麻酔科】【一般病床数:350療養病床数:0精神病床数:0感染症病床数:0合計病床数:350】千葉県野田市横内２９番１" }, "geometry": { "type": "Point", "coordinates": [ 139.879396, 35.952106 ] } },
{ "type": "Feature", "properties": { "ID": 1211202257800, "正式名称": "医療法人社団真療会　野田病院", "機関区分": 1, "都道府県コード": 12, "市区町村コード": 208, "所在地": "千葉県野田市中里", "緯度": 36.000745, "経度": 139.847841, "url": "https://www.iryou.teikyouseido.mhlw.go.jp/znk-web/juminkanja/S2430/initialize?prefCd=12&kikanCd=1202257800&kikanKbn=1", "url2": "https://www.nodahosp.or.jp", "内容": "医療法人社団真療会　野田病院【1:病院】【診療科目:内科_血液内科_糖尿病内科_呼吸器内科_循環器内科_消化器内科_外科_脳神経外科_整形外科_形成外科_眼科_耳鼻いんこう科_皮膚科_泌尿器科_歯科_アレルギー科_リウマチ科_リハビリテーション科】【一般病床数:141療養病床数:51精神病床数:0感染症病床数:0合計病床数:192】千葉県野田市中里" }, "geometry": { "type": "Point", "coordinates": [ 139.847841, 36.000745 ] } },
{ "type": "Feature", "properties": { "ID": 1211202258600, "正式名称": "キッコーマン総合病院", "機関区分": 1, "都道府県コード": 12, "市区町村コード": 208, "所在地": "千葉県野田市宮崎１００", "緯度": 35.953222, "経度": 139.870233, "url": "https://www.iryou.teikyouseido.mhlw.go.jp/znk-web/juminkanja/S2430/initialize?prefCd=12&kikanCd=1202258600&kikanKbn=1", "url2": "http://hospital.kikkoman.co.jp/", "内容": "キッコーマン総合病院【1:病院】【診療科目:内科_循環器内科_消化器内科_外科_脳神経外科_整形外科_小児科_産婦人科_眼科_耳鼻いんこう科_皮膚科_泌尿器科_リハビリテーション科_放射線科_麻酔科】【一般病床数:131療養病床数:0精神病床数:0感染症病床数:0合計病床数:131】千葉県野田市宮崎１００" }, "geometry": { "type": "Point", "coordinates": [ 139.870233, 35.953222 ] } },
{ "type": "Feature", "properties": { "ID": 1211202259400, "正式名称": "医療法人社団啓心会　岡田病院", "機関区分": 1, "都道府県コード": 12, "市区町村コード": 208, "所在地": "千葉県野田市柳沢２２１", "緯度": 35.962624, "経度": 139.876432, "url": "https://www.iryou.teikyouseido.mhlw.go.jp/znk-web/juminkanja/S2430/initialize?prefCd=12&kikanCd=1202259400&kikanKbn=1", "url2": "http://www.okada-hp.or.jp/", "内容": "医療法人社団啓心会　岡田病院【1:病院】【診療科目:内科_精神科_心療内科】【一般病床数:0療養病床数:0精神病床数:228感染症病床数:0合計病床数:228】千葉県野田市柳沢２２１" }, "geometry": { "type": "Point", "coordinates": [ 139.876432, 35.962624 ] } },
{ "type": "Feature", "properties": { "ID": 1211202260800, "正式名称": "医療法人社団全生会　江戸川病院", "機関区分": 1, "都道府県コード": 12, "市区町村コード": 208, "所在地": "千葉県野田市山崎２７０２", "緯度": 35.920876, "経度": 139.900879, "url": "https://www.iryou.teikyouseido.mhlw.go.jp/znk-web/juminkanja/S2430/initialize?prefCd=12&kikanCd=1202260800&kikanKbn=1", "url2": "https://www.edogawa-hp.com", "内容": "医療法人社団全生会　江戸川病院【1:病院】【診療科目:内科_精神科】【一般病床数:0療養病床数:160精神病床数:285感染症病床数:0合計病床数:445】千葉県野田市山崎２７０２" }, "geometry": { "type": "Point", "coordinates": [ 139.900879, 35.920876 ] } },
{ "type": "Feature", "properties": { "ID": 1211202261600, "正式名称": "医療法人社団福聚会　東葛飾病院", "機関区分": 1, "都道府県コード": 12, "市区町村コード": 208, "所在地": "千葉県野田市中戸", "緯度": 36.055905, "経度": 139.802559, "url": "https://www.iryou.teikyouseido.mhlw.go.jp/znk-web/juminkanja/S2430/initialize?prefCd=12&kikanCd=1202261600&kikanKbn=1", "url2": "http://www.fukuju-kai.jp/", "内容": "医療法人社団福聚会　東葛飾病院【1:病院】【診療科目:内科_胃腸内科_外科_整形外科_皮膚科_泌尿器科_リハビリテーション科】【一般病床数:51療養病床数:48精神病床数:0感染症病床数:0合計病床数:99】千葉県野田市中戸" }, "geometry": { "type": "Point", "coordinates": [ 139.802559, 36.055905 ] } },
{ "type": "Feature", "properties": { "ID": 1211202262400, "正式名称": "医療法人社団葛野会　木野崎病院", "機関区分": 1, "都道府県コード": 12, "市区町村コード": 208, "所在地": "千葉県野田市木野崎１５６１－１", "緯度": 35.955301, "経度": 139.907413, "url": "https://www.iryou.teikyouseido.mhlw.go.jp/znk-web/juminkanja/S2430/initialize?prefCd=12&kikanCd=1202262400&kikanKbn=1", "url2": "http://www.kinosaki.net/", "内容": "医療法人社団葛野会　木野崎病院【1:病院】【診療科目:内科_脳神経内科_精神科_リハビリテーション科】【一般病床数:0療養病床数:0精神病床数:150感染症病床数:0合計病床数:150】千葉県野田市木野崎１５６１－１" }, "geometry": { "type": "Point", "coordinates": [ 139.907413, 35.955301 ] } },
{ "type": "Feature", "properties": { "ID": 1211202263200, "正式名称": "医療法人社団喜晴会　野田中央病院", "機関区分": 1, "都道府県コード": 12, "市区町村コード": 208, "所在地": "千葉県野田市二ツ塚１４８", "緯度": 35.935069, "経度": 139.900437, "url": "https://www.iryou.teikyouseido.mhlw.go.jp/znk-web/juminkanja/S2430/initialize?prefCd=12&kikanCd=1202263200&kikanKbn=1", "url2": "https://nodachu.com", "内容": "医療法人社団喜晴会　野田中央病院【1:病院】【診療科目:内科_人工透析内科_整形外科】【一般病床数:34療養病床数:0精神病床数:0感染症病床数:0合計病床数:34】千葉県野田市二ツ塚１４８" }, "geometry": { "type": "Point", "coordinates": [ 139.900437, 35.935069 ] } },
{ "type": "Feature", "properties": { "ID": 1211202420100, "正式名称": "成田赤十字病院", "機関区分": 1, "都道府県コード": 12, "市区町村コード": 211, "所在地": "千葉県成田市飯田町９０番地１", "緯度": 35.765039, "経度": 140.303181, "url": "https://www.iryou.teikyouseido.mhlw.go.jp/znk-web/juminkanja/S2430/initialize?prefCd=12&kikanCd=1202420100&kikanKbn=1", "url2": "https://www.narita.jrc.or.jp/", "内容": "成田赤十字病院【1:病院】【診療科目:内科_血液・腫瘍内科_糖尿病・代謝内科_脳神経内科_呼吸器内科_循環器内科_消化器内科_腎臓内科_緩和ケア内科_外科_脳神経外科_呼吸器外科_心臓血管外科_消化器外科_乳腺外科_整形外科_形成外科_小児科_小児外科_産婦人科_眼科_耳鼻いんこう科_皮膚科_泌尿器科_精神科_歯科口腔外科_アレルギー科_リウマチ科_リハビリテーション科_放射線科_病理診断科_麻酔科】【一般病床数:598療養病床数:0精神病床数:50感染症病床数:7合計病床数:655】千葉県成田市飯田町９０番地１" }, "geometry": { "type": "Point", "coordinates": [ 140.303181, 35.765039 ] } },
{ "type": "Feature", "properties": { "ID": 1211202421000, "正式名称": "医療法人鳳生会　成田病院", "機関区分": 1, "都道府県コード": 12, "市区町村コード": 211, "所在地": "千葉県成田市押畑８９６", "緯度": 35.801846, "経度": 140.308506, "url": "https://www.iryou.teikyouseido.mhlw.go.jp/znk-web/juminkanja/S2430/initialize?prefCd=12&kikanCd=1202421000&kikanKbn=1", "url2": "http://www.narita-hospital.jp", "内容": "医療法人鳳生会　成田病院【1:病院】【診療科目:内科_感染症内科_糖尿病内科_代謝内科_内分泌内科_呼吸器内科_循環器内科_消化器内科_腎臓内科_人工透析内科_腫瘍内科_老年内科_ペインクリニック内科_外科_消化器外科_腫瘍外科_胸部外科_腹部外科_整形外科_形成外科_小児科_婦人科_眼科_耳鼻いんこう科_皮膚科_泌尿器科_精神科_心療内科_老年精神科_歯科_歯科口腔外科_リハビリテーション科_放射線科_脳脊髄神経外科】【一般病床数:180療養病床数:240精神病床数:296感染症病床数:0合計病床数:716】千葉県成田市押畑８９６" }, "geometry": { "type": "Point", "coordinates": [ 140.308506, 35.801846 ] } },
{ "type": "Feature", "properties": { "ID": 1211202423600, "正式名称": "医療法人社団威風会　栗山中央病院", "機関区分": 1, "都道府県コード": 12, "市区町村コード": 228, "所在地": "千葉県四街道市栗山９０６－１", "緯度": 35.678414, "経度": 140.176186, "url": "https://www.iryou.teikyouseido.mhlw.go.jp/znk-web/juminkanja/S2430/initialize?prefCd=12&kikanCd=1202423600&kikanKbn=1", "url2": "http://www.kuriyama-hp.jp/", "内容": "医療法人社団威風会　栗山中央病院【1:病院】【診療科目:内科_糖尿病内科_呼吸器内科_循環器内科_消化器内科_腎臓内科_神経内科_老年内科_外科_呼吸器外科_胃腸外科_大腸外科_肝臓外科_膵臓外科_胆のう外科_肛門外科_整形外科_形成外科_耳鼻いんこう科_皮膚科_泌尿器科_男性泌尿器科_アレルギー科_リウマチ科_リハビリテーション科】【一般病床数:92療養病床数:0精神病床数:0感染症病床数:0合計病床数:92】千葉県四街道市栗山９０６－１" }, "geometry": { "type": "Point", "coordinates": [ 140.176186, 35.678414 ] } },
{ "type": "Feature", "properties": { "ID": 1211202424400, "正式名称": "独立行政法人国立病院機構　下志津病院", "機関区分": 1, "都道府県コード": 12, "市区町村コード": 228, "所在地": "千葉県四街道市鹿渡９３４－５", "緯度": 35.666458, "経度": 140.166794, "url": "https://www.iryou.teikyouseido.mhlw.go.jp/znk-web/juminkanja/S2430/initialize?prefCd=12&kikanCd=1202424400&kikanKbn=1", "url2": "http://www.nsh.gr.jp/", "内容": "独立行政法人国立病院機構　下志津病院【1:病院】【診療科目:内科_感染症内科_呼吸器内科_消化器内科_神経内科_外科_脳神経外科_整形外科_小児科_耳鼻いんこう科_皮膚科_精神科_歯科_アレルギー科_リウマチ科_リハビリテーション科_放射線科_麻酔科】【一般病床数:360療養病床数:0精神病床数:0感染症病床数:0合計病床数:360】千葉県四街道市鹿渡９３４－５" }, "geometry": { "type": "Point", "coordinates": [ 140.166794, 35.666458 ] } },
{ "type": "Feature", "properties": { "ID": 1211202425200, "正式名称": "医療法人社団樹々会　日吉台病院", "機関区分": 1, "都道府県コード": 12, "市区町村コード": 233, "所在地": "千葉県富里市日吉台１－６－２", "緯度": 35.774438, "経度": 140.321456, "url": "https://www.iryou.teikyouseido.mhlw.go.jp/znk-web/juminkanja/S2430/initialize?prefCd=12&kikanCd=1202425200&kikanKbn=1", "url2": "http://www.hiyoshidai-hsp.com/", "内容": "医療法人社団樹々会　日吉台病院【1:病院】【診療科目:内科_糖尿病内科_呼吸器内科_循環器内科_神経内科_外科_消化器外科_大腸・肛門外科_耳鼻いんこう科_泌尿器科】【一般病床数:66療養病床数:0精神病床数:0感染症病床数:0合計病床数:66】千葉県富里市日吉台１－６－２" }, "geometry": { "type": "Point", "coordinates": [ 140.321456, 35.774438 ] } },
{ "type": "Feature", "properties": { "ID": 1211202426000, "正式名称": "医療法人社団育誠會　北総栄病院", "機関区分": 1, "都道府県コード": 12, "市区町村コード": 329, "所在地": "千葉県印旛郡栄町安食２４２１", "緯度": 35.834645, "経度": 140.249518, "url": "https://www.iryou.teikyouseido.mhlw.go.jp/znk-web/juminkanja/S2430/initialize?prefCd=12&kikanCd=1202426000&kikanKbn=1", "url2": "http://www.ikusei-g.com", "内容": "医療法人社団育誠會　北総栄病院【1:病院】【診療科目:内科_循環器内科_消化器内科_整形外科_形成外科_皮膚科_泌尿器科_リハビリテーション科_放射線科_麻酔科】【一般病床数:64療養病床数:0精神病床数:0感染症病床数:0合計病床数:64】千葉県印旛郡栄町安食２４２１" }, "geometry": { "type": "Point", "coordinates": [ 140.249518, 35.834645 ] } },
{ "type": "Feature", "properties": { "ID": 1211202427900, "正式名称": "医療法人社団愛信会　佐倉中央病院", "機関区分": 1, "都道府県コード": 12, "市区町村コード": 212, "所在地": "千葉県佐倉市栄町２０－４", "緯度": 35.724531, "経度": 140.228486, "url": "https://www.iryou.teikyouseido.mhlw.go.jp/znk-web/juminkanja/S2430/initialize?prefCd=12&kikanCd=1202427900&kikanKbn=1", "url2": "http://www.aishin.or.jp/sakura/", "内容": "医療法人社団愛信会　佐倉中央病院【1:病院】【診療科目:内科_糖尿病・内分泌内科_呼吸器内科_循環器内科_消化器内科_脳神経外科_整形外科_形成外科_皮膚科_泌尿器科_リハビリテーション科】【一般病床数:96療養病床数:0精神病床数:0感染症病床数:0合計病床数:96】千葉県佐倉市栄町２０－４" }, "geometry": { "type": "Point", "coordinates": [ 140.228486, 35.724531 ] } },
{ "type": "Feature", "properties": { "ID": 1211202428700, "正式名称": "医療法人甲辰会　海保病院", "機関区分": 1, "都道府県コード": 12, "市区町村コード": 230, "所在地": "千葉県八街市八街ほ３８６", "緯度": 35.656241, "経度": 140.318709, "url": "https://www.iryou.teikyouseido.mhlw.go.jp/znk-web/juminkanja/S2430/initialize?prefCd=12&kikanCd=1202428700&kikanKbn=1", "url2": "http://med.kaiho.jp/", "内容": "医療法人甲辰会　海保病院【1:病院】【診療科目:消化器内科_外科_整形外科_リハビリテーション科】【一般病床数:37療養病床数:0精神病床数:0感染症病床数:0合計病床数:37】千葉県八街市八街ほ３８６" }, "geometry": { "type": "Point", "coordinates": [ 140.318709, 35.656241 ] } },
{ "type": "Feature", "properties": { "ID": 1211202429500, "正式名称": "東邦大学医療センター佐倉病院", "機関区分": 1, "都道府県コード": 12, "市区町村コード": 212, "所在地": "千葉県佐倉市下志津５６４－１", "緯度": 35.717145, "経度": 140.168136, "url": "https://www.iryou.teikyouseido.mhlw.go.jp/znk-web/juminkanja/S2430/initialize?prefCd=12&kikanCd=1202429500&kikanKbn=1", "url2": "http://www.sakura.med.toho-u.ac.jp", "内容": "東邦大学医療センター佐倉病院【1:病院】【診療科目:内科_脳神経内科_呼吸器内科_循環器内科_消化器内科_腎臓内科_膠原病内科_外科_脳神経外科_呼吸器外科_心臓血管外科_消化器外科_乳腺外科_整形外科_形成外科_小児科_神経小児科_産婦人科_眼科_耳鼻いんこう科_皮膚科_泌尿器科_精神科_リハビリテーション科_放射線科_病理診断科_麻酔科】【一般病床数:405療養病床数:0精神病床数:0感染症病床数:0合計病床数:405】千葉県佐倉市下志津５６４－１" }, "geometry": { "type": "Point", "coordinates": [ 140.168136, 35.717145 ] } },
{ "type": "Feature", "properties": { "ID": 1211202430900, "正式名称": "医療法人大町会　新八街総合病院", "機関区分": 1, "都道府県コード": 12, "市区町村コード": 230, "所在地": "千葉県八街市八街ほ１３７－１", "緯度": 35.672269, "経度": 140.314681, "url": "https://www.iryou.teikyouseido.mhlw.go.jp/znk-web/juminkanja/S2430/initialize?prefCd=12&kikanCd=1202430900&kikanKbn=1", "url2": "http://www.yachimata-hp.or.jp", "内容": "医療法人大町会　新八街総合病院【1:病院】【診療科目:内科_脳神経内科_循環器内科_脳神経外科_胃腸外科_整形外科_小児外科_眼科_耳鼻いんこう科_皮膚科_泌尿器科_歯科_歯科口腔外科_小児歯科_リウマチ科_リハビリテーション科】【一般病床数:60療養病床数:131精神病床数:0感染症病床数:0合計病床数:191】千葉県八街市八街ほ１３７－１" }, "geometry": { "type": "Point", "coordinates": [ 140.314681, 35.672269 ] } },
{ "type": "Feature", "properties": { "ID": 1211202431700, "正式名称": "日本医科大学千葉北総病院", "機関区分": 1, "都道府県コード": 12, "市区町村コード": 231, "所在地": "千葉県印西市鎌苅１７１５", "緯度": 35.781158, "経度": 140.198169, "url": "https://www.iryou.teikyouseido.mhlw.go.jp/znk-web/juminkanja/S2430/initialize?prefCd=12&kikanCd=1202431700&kikanKbn=1", "url2": "https://www.nms.ac.jp/hokuso-h/", "内容": "日本医科大学千葉北総病院【1:病院】【診療科目:血液内科_糖尿病・内分泌内科_脳神経内科_呼吸器内科_循環器内科_消化器内科_腎臓内科_外科_脳神経外科_呼吸器外科_心臓血管外科_消化器外科_乳腺外科_整形外科_形成外科_緩和ケア外科_小児科_産婦人科_眼科_耳鼻いんこう科_皮膚科_泌尿器科_精神科_歯科_リハビリテーション科_放射線科_病理診断科_救急科_麻酔科_糖尿病・内分泌代謝内科】【一般病床数:574療養病床数:0精神病床数:0感染症病床数:0合計病床数:574】千葉県印西市鎌苅１７１５" }, "geometry": { "type": "Point", "coordinates": [ 140.198169, 35.781158 ] } },
{ "type": "Feature", "properties": { "ID": 1211202432500, "正式名称": "医療法人社団東光会　北総白井病院", "機関区分": 1, "都道府県コード": 12, "市区町村コード": 232, "所在地": "千葉県白井市根３２５－２－１", "緯度": 35.77035, "経度": 140.032433, "url": "https://www.iryou.teikyouseido.mhlw.go.jp/znk-web/juminkanja/S2430/initialize?prefCd=12&kikanCd=1202432500&kikanKbn=1", "url2": "https://hokusoushiroi-hp.tmg.or.jp/", "内容": "医療法人社団東光会　北総白井病院【1:病院】【診療科目:内科_人工透析内科_外科_脳神経外科_整形外科_形成外科_小児科_耳鼻いんこう科_皮膚科_泌尿器科_リハビリテーション科_麻酔科】【一般病床数:158療養病床数:0精神病床数:0感染症病床数:0合計病床数:158】千葉県白井市根３２５－２－１" }, "geometry": { "type": "Point", "coordinates": [ 140.032433, 35.77035 ] } },
{ "type": "Feature", "properties": { "ID": 1211202435000, "正式名称": "聖隷佐倉市民病院", "機関区分": 1, "都道府県コード": 12, "市区町村コード": 212, "所在地": "千葉県佐倉市江原台２丁目３６－２", "緯度": 35.737201, "経度": 140.200329, "url": "https://www.iryou.teikyouseido.mhlw.go.jp/znk-web/juminkanja/S2430/initialize?prefCd=12&kikanCd=1202435000&kikanKbn=1", "url2": "https://www.seirei.or.jp/sakura/", "内容": "聖隷佐倉市民病院【1:病院】【診療科目:内科_代謝・内分泌内科_呼吸器内科_循環器内科_消化器内科_腎臓内科_神経内科_漢方内科_緩和ケア内科_外科_脳神経外科_呼吸器外科_血管外科_消化器外科_乳腺外科_内視鏡外科_移植外科_整形外科_形成外科_美容外科_小児科_婦人科_眼科_耳鼻いんこう科_皮膚科_泌尿器科_精神科_心療内科_リハビリテーション科_放射線診断科_放射線治療科_病理診断科_臨床検査科_麻酔科】【一般病床数:399療養病床数:0精神病床数:0感染症病床数:0合計病床数:399】千葉県佐倉市江原台２丁目３６－２" }, "geometry": { "type": "Point", "coordinates": [ 140.200329, 35.737201 ] } },
{ "type": "Feature", "properties": { "ID": 1211202436800, "正式名称": "公益財団法人日産厚生会　佐倉厚生園病院", "機関区分": 1, "都道府県コード": 12, "市区町村コード": 212, "所在地": "千葉県佐倉市鏑木町３２０番地", "緯度": 35.714316, "経度": 140.235683, "url": "https://www.iryou.teikyouseido.mhlw.go.jp/znk-web/juminkanja/S2430/initialize?prefCd=12&kikanCd=1202436800&kikanKbn=1", "url2": "https://www.sakurakouseien.jp/", "内容": "公益財団法人日産厚生会　佐倉厚生園病院【1:病院】【診療科目:内科_血液内科_代謝・内分泌内科_脳神経内科_呼吸器内科_循環器内科_消化器内科_脳神経外科_リハビリテーション科】【一般病床数:45療養病床数:136精神病床数:0感染症病床数:0合計病床数:181】千葉県佐倉市鏑木町３２０番地" }, "geometry": { "type": "Point", "coordinates": [ 140.235683, 35.714316 ] } },
{ "type": "Feature", "properties": { "ID": 1211202437600, "正式名称": "医療法人社団愛慈会　西佐倉印西病院", "機関区分": 1, "都道府県コード": 12, "市区町村コード": 231, "所在地": "千葉県印西市岩戸１８４４－１０", "緯度": 35.755643, "経度": 140.174742, "url": "https://www.iryou.teikyouseido.mhlw.go.jp/znk-web/juminkanja/S2430/initialize?prefCd=12&kikanCd=1202437600&kikanKbn=1", "url2": "https://nishisakura-inzai.com/", "内容": "医療法人社団愛慈会　西佐倉印西病院【1:病院】【診療科目:内科_精神科_神経科_心療内科】【一般病床数:0療養病床数:0精神病床数:335感染症病床数:0合計病床数:335】千葉県印西市岩戸１８４４－１０" }, "geometry": { "type": "Point", "coordinates": [ 140.174742, 35.755643 ] } },
{ "type": "Feature", "properties": { "ID": 1211202438400, "正式名称": "医療法人社団聖母会　聖マリア記念病院", "機関区分": 1, "都道府県コード": 12, "市区町村コード": 211, "所在地": "千葉県成田市取香４４６", "緯度": 35.780978, "経度": 140.374571, "url": "https://www.iryou.teikyouseido.mhlw.go.jp/znk-web/juminkanja/S2430/initialize?prefCd=12&kikanCd=1202438400&kikanKbn=1", "url2": "http://www.seibokaimaria.or.jp/", "内容": "医療法人社団聖母会　聖マリア記念病院【1:病院】【診療科目:内科_小児科_精神科_心療内科_老年精神科_老年心療内科_歯科_リハビリテーション科_放射線科】【一般病床数:0療養病床数:0精神病床数:264感染症病床数:0合計病床数:264】千葉県成田市取香４４６" }, "geometry": { "type": "Point", "coordinates": [ 140.374571, 35.780978 ] } },
{ "type": "Feature", "properties": { "ID": 1211202439200, "正式名称": "社会福祉法人ユーカリ優都会　南ヶ丘病院", "機関区分": 1, "都道府県コード": 12, "市区町村コード": 212, "所在地": "千葉県佐倉市下志津２１８番地", "緯度": 35.719483, "経度": 140.170899, "url": "https://www.iryou.teikyouseido.mhlw.go.jp/znk-web/juminkanja/S2430/initialize?prefCd=12&kikanCd=1202439200&kikanKbn=1", "url2": "http://minamigaoka.yutokai.com/", "内容": "社会福祉法人ユーカリ優都会　南ヶ丘病院【1:病院】【診療科目:内科_呼吸器内科_循環器内科_脳神経外科】【一般病床数:51療養病床数:0精神病床数:0感染症病床数:0合計病床数:51】千葉県佐倉市下志津２１８番地" }, "geometry": { "type": "Point", "coordinates": [ 140.170899, 35.719483 ] } },
{ "type": "Feature", "properties": { "ID": 1211202440600, "正式名称": "医療法人社団わかさ会　南八街病院", "機関区分": 1, "都道府県コード": 12, "市区町村コード": 230, "所在地": "千葉県八街市四木１２４１－２", "緯度": 35.608878, "経度": 140.303526, "url": "https://www.iryou.teikyouseido.mhlw.go.jp/znk-web/juminkanja/S2430/initialize?prefCd=12&kikanCd=1202440600&kikanKbn=1", "url2": "http://www.mymh.or.jp/", "内容": "医療法人社団わかさ会　南八街病院【1:病院】【診療科目:内科_児童精神科_精神科_神経科】【一般病床数:0療養病床数:0精神病床数:180感染症病床数:0合計病床数:180】千葉県八街市四木１２４１－２" }, "geometry": { "type": "Point", "coordinates": [ 140.303526, 35.608878 ] } },
{ "type": "Feature", "properties": { "ID": 1211202441400, "正式名称": "医療法人社団千葉光徳会　千葉しすい病院", "機関区分": 1, "都道府県コード": 12, "市区町村コード": 322, "所在地": "千葉県印旛郡酒々井町上岩橋", "緯度": 35.737994, "経度": 140.277156, "url": "https://www.iryou.teikyouseido.mhlw.go.jp/znk-web/juminkanja/S2430/initialize?prefCd=12&kikanCd=1202441400&kikanKbn=1", "url2": "http://www.chibako.or.jp/", "内容": "医療法人社団千葉光徳会　千葉しすい病院【1:病院】【診療科目:内科_脳神経外科_整形外科_形成外科_耳鼻いんこう科_皮膚科_泌尿器科_リハビリテーション科】【一般病床数:0療養病床数:311精神病床数:0感染症病床数:0合計病床数:311】千葉県印旛郡酒々井町上岩橋" }, "geometry": { "type": "Point", "coordinates": [ 140.277156, 35.737994 ] } },
{ "type": "Feature", "properties": { "ID": 1211202442200, "正式名称": "医療法人社団誠和会　長谷川病院", "機関区分": 1, "都道府県コード": 12, "市区町村コード": 230, "所在地": "千葉県八街市八街に８５", "緯度": 35.661842, "経度": 140.325045, "url": "https://www.iryou.teikyouseido.mhlw.go.jp/znk-web/juminkanja/S2430/initialize?prefCd=12&kikanCd=1202442200&kikanKbn=1", "url2": "http://www.hp-hasegawa.com", "内容": "医療法人社団誠和会　長谷川病院【1:病院】【診療科目:内科_整形外科_皮膚科_泌尿器科_リハビリテーション科】【一般病床数:0療養病床数:108精神病床数:0感染症病床数:0合計病床数:108】千葉県八街市八街に８５" }, "geometry": { "type": "Point", "coordinates": [ 140.325045, 35.661842 ] } },
{ "type": "Feature", "properties": { "ID": 1211202443000, "正式名称": "医療法人それいゆ会　四街道さくら病院", "機関区分": 1, "都道府県コード": 12, "市区町村コード": 228, "所在地": "千葉県四街道市大日５２６－１", "緯度": 35.680412, "経度": 140.166129, "url": "https://www.iryou.teikyouseido.mhlw.go.jp/znk-web/juminkanja/S2430/initialize?prefCd=12&kikanCd=1202443000&kikanKbn=1", "url2": "https://soleil-y.com/sakurahp-ambulatory", "内容": "医療法人それいゆ会　四街道さくら病院【1:病院】【診療科目:内科_外科_脳神経外科】【一般病床数:0療養病床数:95精神病床数:0感染症病床数:0合計病床数:95】千葉県四街道市大日５２６－１" }, "geometry": { "type": "Point", "coordinates": [ 140.166129, 35.680412 ] } },
{ "type": "Feature", "properties": { "ID": 1211202444900, "正式名称": "医療法人社団透光会　大栄病院", "機関区分": 1, "都道府県コード": 12, "市区町村コード": 211, "所在地": "千葉県成田市桜田１１３７", "緯度": 35.843131, "経度": 140.459067, "url": "https://www.iryou.teikyouseido.mhlw.go.jp/znk-web/juminkanja/S2430/initialize?prefCd=12&kikanCd=1202444900&kikanKbn=1", "url2": "http://www.toko-kai.or.jp/", "内容": "医療法人社団透光会　大栄病院【1:病院】【診療科目:内科_精神科_リハビリテーション科】【一般病床数:0療養病床数:120精神病床数:274感染症病床数:0合計病床数:394】千葉県成田市桜田１１３７" }, "geometry": { "type": "Point", "coordinates": [ 140.459067, 35.843131 ] } },
{ "type": "Feature", "properties": { "ID": 1211202445700, "正式名称": "医療法人徳洲会　四街道徳洲会病院", "機関区分": 1, "都道府県コード": 12, "市区町村コード": 228, "所在地": "千葉県四街道市吉岡１８３０－１", "緯度": 35.628443, "経度": 140.187149, "url": "https://www.iryou.teikyouseido.mhlw.go.jp/znk-web/juminkanja/S2430/initialize?prefCd=12&kikanCd=1202445700&kikanKbn=1", "url2": "https://yotsutoku.jp/", "内容": "医療法人徳洲会　四街道徳洲会病院【1:病院】【診療科目:内科_循環器内科_消化器内科_神経内科_外科_脳神経外科_消化器外科_整形外科_形成外科_小児科_眼科_耳鼻いんこう科_皮膚科_泌尿器科_歯科口腔外科_リハビリテーション科_放射線科_麻酔科】【一般病床数:220療養病床数:0精神病床数:0感染症病床数:0合計病床数:220】千葉県四街道市吉岡１８３０－１" }, "geometry": { "type": "Point", "coordinates": [ 140.187149, 35.628443 ] } },
{ "type": "Feature", "properties": { "ID": 1211203176300, "正式名称": "香取おみがわ医療センター", "機関区分": 1, "都道府県コード": 12, "市区町村コード": 236, "所在地": "千葉県香取市南原地新田４３８番地１", "緯度": 35.842891, "経度": 140.600969, "url": "https://www.iryou.teikyouseido.mhlw.go.jp/znk-web/juminkanja/S2430/initialize?prefCd=12&kikanCd=1203176300&kikanKbn=1", "url2": "https://www.hospital.omigawa.chiba.jp", "内容": "香取おみがわ医療センター【1:病院】【診療科目:内科_循環器内科_外科_脳神経外科_整形外科_形成外科_小児科_眼科_耳鼻いんこう科_皮膚科_泌尿器科_歯科_リハビリテーション科_放射線科】【一般病床数:100療養病床数:0精神病床数:0感染症病床数:0合計病床数:100】千葉県香取市南原地新田４３８番地１" }, "geometry": { "type": "Point", "coordinates": [ 140.600969, 35.842891 ] } },
{ "type": "Feature", "properties": { "ID": 1211203177100, "正式名称": "東庄町国民健康保険　東庄病院", "機関区分": 1, "都道府県コード": 12, "市区町村コード": 349, "所在地": "千葉県香取郡東庄町石出２６９２番地１５", "緯度": 35.820584, "経度": 140.697562, "url": "https://www.iryou.teikyouseido.mhlw.go.jp/znk-web/juminkanja/S2430/initialize?prefCd=12&kikanCd=1203177100&kikanKbn=1", "url2": "http://www.town.tohnosho.chiba.jp/hospital/", "内容": "東庄町国民健康保険　東庄病院【1:病院】【診療科目:内科_整形外科_小児科】【一般病床数:32療養病床数:0精神病床数:0感染症病床数:0合計病床数:32】千葉県香取郡東庄町石出２６９２番地１５" }, "geometry": { "type": "Point", "coordinates": [ 140.697562, 35.820584 ] } },
{ "type": "Feature", "properties": { "ID": 1211203178000, "正式名称": "国保多古中央病院", "機関区分": 1, "都道府県コード": 12, "市区町村コード": 347, "所在地": "千葉県香取郡多古町多古", "緯度": 35.737928, "経度": 140.472307, "url": "https://www.iryou.teikyouseido.mhlw.go.jp/znk-web/juminkanja/S2430/initialize?prefCd=12&kikanCd=1203178000&kikanKbn=1", "url2": "http://takochu.jp", "内容": "国保多古中央病院【1:病院】【診療科目:内科_外科_整形外科_小児科_皮膚科_リハビリテーション科_放射線科】【一般病床数:86療養病床数:0精神病床数:0感染症病床数:0合計病床数:86】千葉県香取郡多古町多古" }, "geometry": { "type": "Point", "coordinates": [ 140.472307, 35.737928 ] } },
{ "type": "Feature", "properties": { "ID": 1211203179800, "正式名称": "千葉県立佐原病院", "機関区分": 1, "都道府県コード": 12, "市区町村コード": 236, "所在地": "千葉県香取市佐原イ２２８５", "緯度": 35.885588, "経度": 140.510155, "url": "https://www.iryou.teikyouseido.mhlw.go.jp/znk-web/juminkanja/S2430/initialize?prefCd=12&kikanCd=1203179800&kikanKbn=1", "url2": "http://www.pref.chiba.lg.jp/sawara/index.html", "内容": "千葉県立佐原病院【1:病院】【診療科目:内科_呼吸器内科_循環器内科_消化器内科_神経内科_外科_脳神経外科_心臓血管外科_整形外科_形成外科_小児科_小児外科_産婦人科_眼科_耳鼻いんこう科_皮膚科_泌尿器科_精神科_歯科_リハビリテーション科_放射線科_病理診断科_麻酔科】【一般病床数:195療養病床数:0精神病床数:0感染症病床数:0合計病床数:199】千葉県香取市佐原イ２２８５" }, "geometry": { "type": "Point", "coordinates": [ 140.510155, 35.885588 ] } },
{ "type": "Feature", "properties": { "ID": 1211203180100, "正式名称": "医療法人社団華光会　山野病院", "機関区分": 1, "都道府県コード": 12, "市区町村コード": 236, "所在地": "千葉県香取市佐原イ３４１６", "緯度": 35.891571, "経度": 140.499175, "url": "https://www.iryou.teikyouseido.mhlw.go.jp/znk-web/juminkanja/S2430/initialize?prefCd=12&kikanCd=1203180100&kikanKbn=1", "url2": "yamano-hp.com", "内容": "医療法人社団華光会　山野病院【1:病院】【診療科目:内科_糖尿病内科_脳神経内科_循環器内科_心臓内科_腎臓内科_脳神経外科_泌尿器科_リハビリテーション科】【一般病床数:0療養病床数:20精神病床数:0感染症病床数:0合計病床数:20】千葉県香取市佐原イ３４１６" }, "geometry": { "type": "Point", "coordinates": [ 140.499175, 35.891571 ] } },
{ "type": "Feature", "properties": { "ID": 1211203181000, "正式名称": "医療法人三省会本多病院", "機関区分": 1, "都道府県コード": 12, "市区町村コード": 236, "所在地": "千葉県香取市本郷７７２", "緯度": 35.85339, "経度": 140.583689, "url": "https://www.iryou.teikyouseido.mhlw.go.jp/znk-web/juminkanja/S2430/initialize?prefCd=12&kikanCd=1203181000&kikanKbn=1", "url2": "http://www.sanseikai.or.jp/", "内容": "医療法人三省会本多病院【1:病院】【診療科目:内科_呼吸器内科_外科_整形外科_精神科】【一般病床数:30療養病床数:0精神病床数:180感染症病床数:0合計病床数:220】千葉県香取市本郷７７２" }, "geometry": { "type": "Point", "coordinates": [ 140.583689, 35.85339 ] } },
{ "type": "Feature", "properties": { "ID": 1211203182800, "正式名称": "医療法人社団明芳会　イムス佐原リハビリテーション病院", "機関区分": 1, "都道府県コード": 12, "市区町村コード": 236, "所在地": "千葉県香取市佐原ロ２１２１－１", "緯度": 35.901178, "経度": 140.500649, "url": "https://www.iryou.teikyouseido.mhlw.go.jp/znk-web/juminkanja/S2430/initialize?prefCd=12&kikanCd=1203182800&kikanKbn=1", "url2": "http://www.ims.gr.jp/sawara_reha/", "内容": "医療法人社団明芳会　イムス佐原リハビリテーション病院【1:病院】【診療科目:内科_循環器内科_皮膚科_リハビリテーション科】【一般病床数:119療養病床数:98精神病床数:0感染症病床数:0合計病床数:217】千葉県香取市佐原ロ２１２１－１" }, "geometry": { "type": "Point", "coordinates": [ 140.500649, 35.901178 ] } },
{ "type": "Feature", "properties": { "ID": 1211203184400, "正式名称": "医療法人社団寿光会　栗源病院", "機関区分": 1, "都道府県コード": 12, "市区町村コード": 236, "所在地": "千葉県香取市助沢８３２－１", "緯度": 35.817809, "経度": 140.501359, "url": "https://www.iryou.teikyouseido.mhlw.go.jp/znk-web/juminkanja/S2430/initialize?prefCd=12&kikanCd=1203184400&kikanKbn=1", "url2": "https://www.kurimoto-hp.com/", "内容": "医療法人社団寿光会　栗源病院【1:病院】【診療科目:内科_整形外科_皮膚科_リハビリテーション科】【一般病床数:0療養病床数:165精神病床数:0感染症病床数:0合計病床数:165】千葉県香取市助沢８３２－１" }, "geometry": { "type": "Point", "coordinates": [ 140.501359, 35.817809 ] } },
{ "type": "Feature", "properties": { "ID": 1211203313800, "正式名称": "総合病院国保旭中央病院", "機関区分": 1, "都道府県コード": 12, "市区町村コード": 215, "所在地": "千葉県旭市イ１３２６", "緯度": 35.717709, "経度": 140.663745, "url": "https://www.iryou.teikyouseido.mhlw.go.jp/znk-web/juminkanja/S2430/initialize?prefCd=12&kikanCd=1203313800&kikanKbn=1", "url2": "http://www.hospital.asahi.chiba.jp/", "内容": "総合病院国保旭中央病院【1:病院】【診療科目:内科_感染症内科_血液内科_糖尿病・代謝内科_脳神経内科_呼吸器内科_循環器内科_消化器内科_腎臓内科_人工透析内科_内視鏡内科_緩和ケア内科_外科_脳神経外科_呼吸器外科_血管外科_心臓外科_消化器外科_乳腺外科_整形外科_形成外科_小児科_新生児内科_産婦人科_眼科_頭頸部・耳鼻いんこう科_皮膚科_泌尿器科_精神科_神経科_歯科_歯科口腔外科_アレルギー科_リウマチ科_リハビリテーション科_放射線科_病理診断科_臨床検査科_救急科_麻酔科_糖尿病代謝内科，化学療法内科】【一般病床数:763療養病床数:0精神病床数:220感染症病床数:6合計病床数:989】千葉県旭市イ１３２６" }, "geometry": { "type": "Point", "coordinates": [ 140.663745, 35.717709 ] } },
{ "type": "Feature", "properties": { "ID": 1211203314600, "正式名称": "医療法人　黒潮会　田辺病院", "機関区分": 1, "都道府県コード": 12, "市区町村コード": 215, "所在地": "千葉県旭市ロ８１８－２", "緯度": 35.717828, "経度": 140.653731, "url": "https://www.iryou.teikyouseido.mhlw.go.jp/znk-web/juminkanja/S2430/initialize?prefCd=12&kikanCd=1203314600&kikanKbn=1", "url2": null, "内容": "医療法人　黒潮会　田辺病院【1:病院】【診療科目:内科_糖尿病内科_脳神経内科_呼吸器内科_循環器内科_消化器内科_腎臓内科_疼痛緩和内科_小児科_皮膚科_リハビリテーション科_放射線科_内科（循環器、消化器（内視鏡）、呼吸器、脳神経、糖尿病、腎臓、疼痛緩和）】【一般病床数:0療養病床数:45精神病床数:0感染症病床数:0合計病床数:45】千葉県旭市ロ８１８－２" }, "geometry": { "type": "Point", "coordinates": [ 140.653731, 35.717828 ] } },
{ "type": "Feature", "properties": { "ID": 1211203315400, "正式名称": "銚子市立病院", "機関区分": 1, "都道府県コード": 12, "市区町村コード": 202, "所在地": "千葉県銚子市前宿町５９７番地", "緯度": 35.725542, "経度": 140.843515, "url": "https://www.iryou.teikyouseido.mhlw.go.jp/znk-web/juminkanja/S2430/initialize?prefCd=12&kikanCd=1203315400&kikanKbn=1", "url2": "http://www.choshi-ik.or.jp/", "内容": "銚子市立病院【1:病院】【診療科目:内科_外科_脳神経外科_乳腺外科_整形外科_小児科_眼科_皮膚科_泌尿器科_リハビリテーション科_放射線科_麻酔科】【一般病床数:60療養病床数:60精神病床数:0感染症病床数:0合計病床数:120】千葉県銚子市前宿町５９７番地" }, "geometry": { "type": "Point", "coordinates": [ 140.843515, 35.725542 ] } },
{ "type": "Feature", "properties": { "ID": 1211203316200, "正式名称": "医療法人積仁会　島田総合病院", "機関区分": 1, "都道府県コード": 12, "市区町村コード": 202, "所在地": "千葉県銚子市東町５－３", "緯度": 35.731946, "経度": 140.841879, "url": "https://www.iryou.teikyouseido.mhlw.go.jp/znk-web/juminkanja/S2430/initialize?prefCd=12&kikanCd=1203316200&kikanKbn=1", "url2": "http://www.shimada-hsp.or.jp", "内容": "医療法人積仁会　島田総合病院【1:病院】【診療科目:内科_呼吸器内科_循環器内科_消化器内科_外科_心臓血管外科_整形外科_小児科_産婦人科_眼科_耳鼻いんこう科_皮膚泌尿器科_放射線科】【一般病床数:156療養病床数:0精神病床数:0感染症病床数:0合計病床数:156】千葉県銚子市東町５－３" }, "geometry": { "type": "Point", "coordinates": [ 140.841879, 35.731946 ] } },
{ "type": "Feature", "properties": { "ID": 1211203317000, "正式名称": "医療法人財団みさき会　たむら記念病院", "機関区分": 1, "都道府県コード": 12, "市区町村コード": 202, "所在地": "千葉県銚子市三崎町２－２６０９－１", "緯度": 35.712331, "経度": 140.788881, "url": "https://www.iryou.teikyouseido.mhlw.go.jp/znk-web/juminkanja/S2430/initialize?prefCd=12&kikanCd=1203317000&kikanKbn=1", "url2": "https://misakikaichiba.or.jp", "内容": "医療法人財団みさき会　たむら記念病院【1:病院】【診療科目:人工透析内科_歯科口腔外科】【一般病床数:70療養病床数:97精神病床数:0感染症病床数:0合計病床数:167】千葉県銚子市三崎町２－２６０９－１" }, "geometry": { "type": "Point", "coordinates": [ 140.788881, 35.712331 ] } },
{ "type": "Feature", "properties": { "ID": 1211203318900, "正式名称": "医療法人厚仁会　内田病院", "機関区分": 1, "都道府県コード": 12, "市区町村コード": 202, "所在地": "千葉県銚子市西芝町４－４", "緯度": 35.730416, "経度": 140.826661, "url": "https://www.iryou.teikyouseido.mhlw.go.jp/znk-web/juminkanja/S2430/initialize?prefCd=12&kikanCd=1203318900&kikanKbn=1", "url2": "http://koujinkai-uchida.or.jp/", "内容": "医療法人厚仁会　内田病院【1:病院】【診療科目:内科_外科_整形外科】【一般病床数:0療養病床数:59精神病床数:0感染症病床数:0合計病床数:59】千葉県銚子市西芝町４－４" }, "geometry": { "type": "Point", "coordinates": [ 140.826661, 35.730416 ] } },
{ "type": "Feature", "properties": { "ID": 1211203319700, "正式名称": "医療法人京友会　京友会病院", "機関区分": 1, "都道府県コード": 12, "市区町村コード": 215, "所在地": "千葉県旭市仁玉２０９９", "緯度": 35.700588, "経度": 140.630884, "url": "https://www.iryou.teikyouseido.mhlw.go.jp/znk-web/juminkanja/S2430/initialize?prefCd=12&kikanCd=1203319700&kikanKbn=1", "url2": "http://www.kyoyukai.or.jp", "内容": "医療法人京友会　京友会病院【1:病院】【診療科目:精神科】【一般病床数:0療養病床数:0精神病床数:190感染症病床数:0合計病床数:190】千葉県旭市仁玉２０９９" }, "geometry": { "type": "Point", "coordinates": [ 140.630884, 35.700588 ] } },
{ "type": "Feature", "properties": { "ID": 1211203320000, "正式名称": "ロザリオの聖母会　海上寮療養所", "機関区分": 1, "都道府県コード": 12, "市区町村コード": 215, "所在地": "千葉県旭市野中", "緯度": 35.703861, "経度": 140.681594, "url": "https://www.iryou.teikyouseido.mhlw.go.jp/znk-web/juminkanja/S2430/initialize?prefCd=12&kikanCd=1203320000&kikanKbn=1", "url2": "https://www.kjr-hp.jp/", "内容": "ロザリオの聖母会　海上寮療養所【1:病院】【診療科目:内科_精神科_神経科_心療内科】【一般病床数:0療養病床数:0精神病床数:185感染症病床数:0合計病床数:185】千葉県旭市野中" }, "geometry": { "type": "Point", "coordinates": [ 140.681594, 35.703861 ] } },
{ "type": "Feature", "properties": { "ID": 1211203322700, "正式名称": "医療法人社団圭寿会　兒玉病院", "機関区分": 1, "都道府県コード": 12, "市区町村コード": 202, "所在地": "千葉県銚子市東芝町６－１５", "緯度": 35.731057, "経度": 140.829097, "url": "https://www.iryou.teikyouseido.mhlw.go.jp/znk-web/juminkanja/S2430/initialize?prefCd=12&kikanCd=1203322700&kikanKbn=1", "url2": "http://kodama-hpspital.jp/", "内容": "医療法人社団圭寿会　兒玉病院【1:病院】【診療科目:内科_呼吸器内科_循環器内科_消化器内科_神経内科_リハビリテーション科】【一般病床数:0療養病床数:77精神病床数:0感染症病床数:0合計病床数:77】千葉県銚子市東芝町６－１５" }, "geometry": { "type": "Point", "coordinates": [ 140.829097, 35.731057 ] } },
{ "type": "Feature", "properties": { "ID": 1211203480000, "正式名称": "地方独立行政法人さんむ医療センター", "機関区分": 1, "都道府県コード": 12, "市区町村コード": 237, "所在地": "千葉県山武市成東２５０番地", "緯度": 35.60092, "経度": 140.410965, "url": "https://www.iryou.teikyouseido.mhlw.go.jp/znk-web/juminkanja/S2430/initialize?prefCd=12&kikanCd=1203480000&kikanKbn=1", "url2": "https://www.sanmu-mc.jp", "内容": "地方独立行政法人さんむ医療センター【1:病院】【診療科目:内科_呼吸器内科_循環器内科_消化器内科_緩和ケア内科_外科_脳神経外科_消化器外科_大腸・肛門外科_整形外科_形成外科_小児科_小児外科_産婦人科_眼科_耳鼻いんこう科_皮膚科_泌尿器科_歯科口腔外科_リハビリテーション科_麻酔科】【一般病床数:199療養病床数:0精神病床数:0感染症病床数:0合計病床数:199】千葉県山武市成東２５０番地" }, "geometry": { "type": "Point", "coordinates": [ 140.410965, 35.60092 ] } },
{ "type": "Feature", "properties": { "ID": 1211203481900, "正式名称": "大網白里市立国保大網病院", "機関区分": 1, "都道府県コード": 12, "市区町村コード": 239, "所在地": "千葉県大網白里市富田８８４－１", "緯度": 35.515627, "経度": 140.32752, "url": "https://www.iryou.teikyouseido.mhlw.go.jp/znk-web/juminkanja/S2430/initialize?prefCd=12&kikanCd=1203481900&kikanKbn=1", "url2": "http://city-oamihp.com/", "内容": "大網白里市立国保大網病院【1:病院】【診療科目:内科_消化器内科_外科_消化器外科_整形外科_眼科_耳鼻いんこう科_皮膚科_リハビリテーション科_麻酔科】【一般病床数:99療養病床数:0精神病床数:0感染症病床数:0合計病床数:99】千葉県大網白里市富田８８４－１" }, "geometry": { "type": "Point", "coordinates": [ 140.32752, 35.515627 ] } },
{ "type": "Feature", "properties": { "ID": 1211203483500, "正式名称": "医療法人静和会　浅井病院", "機関区分": 1, "都道府県コード": 12, "市区町村コード": 213, "所在地": "千葉県東金市家徳３８番地１", "緯度": 35.544539, "経度": 140.400644, "url": "https://www.iryou.teikyouseido.mhlw.go.jp/znk-web/juminkanja/S2430/initialize?prefCd=12&kikanCd=1203483500&kikanKbn=1", "url2": "https://www.asaihospital.com", "内容": "医療法人静和会　浅井病院【1:病院】【診療科目:内科_消化器内科_脳神経外科_整形外科_泌尿器科_精神科_歯科_リハビリテーション科】【一般病床数:51療養病床数:36精神病床数:300感染症病床数:0合計病床数:387】千葉県東金市家徳３８番地１" }, "geometry": { "type": "Point", "coordinates": [ 140.400644, 35.544539 ] } },
{ "type": "Feature", "properties": { "ID": 1211203484300, "正式名称": "医療法人社団徳風会　高根病院", "機関区分": 1, "都道府県コード": 12, "市区町村コード": 409, "所在地": "千葉県山武郡芝山町岩山２３０８", "緯度": 35.724547, "経度": 140.369568, "url": "https://www.iryou.teikyouseido.mhlw.go.jp/znk-web/juminkanja/S2430/initialize?prefCd=12&kikanCd=1203484300&kikanKbn=1", "url2": "http://takane-hospital.jp", "内容": "医療法人社団徳風会　高根病院【1:病院】【診療科目:内科_神経内科_外科_脳神経外科_消化器外科_整形外科_形成外科_小児科_婦人科_耳鼻いんこう科_皮膚科_泌尿器科_精神科_歯科_矯正歯科_歯科口腔外科_小児歯科_リハビリテーション科】【一般病床数:103療養病床数:35精神病床数:0感染症病床数:4合計病床数:152】千葉県山武郡芝山町岩山２３０８" }, "geometry": { "type": "Point", "coordinates": [ 140.369568, 35.724547 ] } },
{ "type": "Feature", "properties": { "ID": 1211203485100, "正式名称": "医療法人社団慈優会　九十九里病院", "機関区分": 1, "都道府県コード": 12, "市区町村コード": 403, "所在地": "千葉県山武郡九十九里町片貝２７００", "緯度": 35.533883, "経度": 140.437319, "url": "https://www.iryou.teikyouseido.mhlw.go.jp/znk-web/juminkanja/S2430/initialize?prefCd=12&kikanCd=1203485100&kikanKbn=1", "url2": "https://kujyukuri-hp.or.jp/", "内容": "医療法人社団慈優会　九十九里病院【1:病院】【診療科目:内科_呼吸器内科_循環器内科_神経内科_脳神経外科_消化器外科_整形外科_リハビリテーション科_救急科】【一般病床数:99療養病床数:100精神病床数:0感染症病床数:0合計病床数:199】千葉県山武郡九十九里町片貝２７００" }, "geometry": { "type": "Point", "coordinates": [ 140.437319, 35.533883 ] } },
{ "type": "Feature", "properties": { "ID": 1211203486000, "正式名称": "東陽病院", "機関区分": 1, "都道府県コード": 12, "市区町村コード": 410, "所在地": "千葉県山武郡横芝光町宮川１２１００", "緯度": 35.658132, "経度": 140.502994, "url": "https://www.iryou.teikyouseido.mhlw.go.jp/znk-web/juminkanja/S2430/initialize?prefCd=12&kikanCd=1203486000&kikanKbn=1", "url2": "http://hospital.town.yokoshibahikari.chiba.jp/", "内容": "東陽病院【1:病院】【診療科目:内科_外科_脳神経外科_整形外科_婦人科_眼科_耳鼻いんこう科_皮膚科_泌尿器科_リハビリテーション科】【一般病床数:55療養病床数:40精神病床数:0感染症病床数:0合計病床数:95】千葉県山武郡横芝光町宮川１２１００" }, "geometry": { "type": "Point", "coordinates": [ 140.502994, 35.658132 ] } },
{ "type": "Feature", "properties": { "ID": 1211203722200, "正式名称": "公立長生病院", "機関区分": 1, "都道府県コード": 12, "市区町村コード": 210, "所在地": "千葉県茂原市本納２７７７", "緯度": 35.476223, "経度": 140.30323, "url": "https://www.iryou.teikyouseido.mhlw.go.jp/znk-web/juminkanja/S2430/initialize?prefCd=12&kikanCd=1203722200&kikanKbn=1", "url2": "http://www.chouseihp.jp", "内容": "公立長生病院【1:病院】【診療科目:内科_脳神経内科_消化器内科_外科_脳神経外科_整形外科_小児科_婦人科_眼科_耳鼻いんこう科_皮膚科_泌尿器科_リハビリテーション科_放射線科_麻酔科】【一般病床数:180療養病床数:0精神病床数:0感染症病床数:0合計病床数:180】千葉県茂原市本納２７７７" }, "geometry": { "type": "Point", "coordinates": [ 140.30323, 35.476223 ] } },
{ "type": "Feature", "properties": { "ID": 1211203723000, "正式名称": "医療法人社団三愛会　君塚病院", "機関区分": 1, "都道府県コード": 12, "市区町村コード": 210, "所在地": "千葉県茂原市高師２－８", "緯度": 35.434266, "経度": 140.294044, "url": "https://www.iryou.teikyouseido.mhlw.go.jp/znk-web/juminkanja/S2430/initialize?prefCd=12&kikanCd=1203723000&kikanKbn=1", "url2": "http://www.kimizuka.or.jp", "内容": "医療法人社団三愛会　君塚病院【1:病院】【診療科目:内科_消化器内科_泌尿器科_アレルギー科】【一般病床数:18療養病床数:73精神病床数:0感染症病床数:0合計病床数:91】千葉県茂原市高師２－８" }, "geometry": { "type": "Point", "coordinates": [ 140.294044, 35.434266 ] } },
{ "type": "Feature", "properties": { "ID": 1211203724900, "正式名称": "医療法人社団上総会　山之内病院", "機関区分": 1, "都道府県コード": 12, "市区町村コード": 210, "所在地": "千葉県茂原市町保３番地", "緯度": 35.426339, "経度": 140.305543, "url": "https://www.iryou.teikyouseido.mhlw.go.jp/znk-web/juminkanja/S2430/initialize?prefCd=12&kikanCd=1203724900&kikanKbn=1", "url2": "https://www.kazusakai.jp/", "内容": "医療法人社団上総会　山之内病院【1:病院】【診療科目:内科_糖尿病内科_呼吸器内科_循環器内科_消化器内科_腎臓内科_神経内科_外科_整形外科_小児科_婦人科_眼科_泌尿器科_アレルギー科_リウマチ科_リハビリテーション科_糖尿内科、腎臓内科】【一般病床数:65療養病床数:40精神病床数:0感染症病床数:0合計病床数:105】千葉県茂原市町保３番地" }, "geometry": { "type": "Point", "coordinates": [ 140.305543, 35.426339 ] } },
{ "type": "Feature", "properties": { "ID": 1211203726500, "正式名称": "医療法人社団貴志会　菅原病院", "機関区分": 1, "都道府県コード": 12, "市区町村コード": 210, "所在地": "千葉県茂原市高師町２－２－１", "緯度": 35.428292, "経度": 140.302257, "url": "https://www.iryou.teikyouseido.mhlw.go.jp/znk-web/juminkanja/S2430/initialize?prefCd=12&kikanCd=1203726500&kikanKbn=1", "url2": "http://sugaharahp.jp/", "内容": "医療法人社団貴志会　菅原病院【1:病院】【診療科目:内科_呼吸器内科_消化器内科_乳腺内科_外科_脳神経外科_消化器外科_乳腺外科_整形外科_小児科_泌尿器科_リハビリテーション科】【一般病床数:36療養病床数:26精神病床数:0感染症病床数:0合計病床数:62】千葉県茂原市高師町２－２－１" }, "geometry": { "type": "Point", "coordinates": [ 140.302257, 35.428292 ] } },
{ "type": "Feature", "properties": { "ID": 1211203727300, "正式名称": "社会医療法人社団正朋会　宍倉病院", "機関区分": 1, "都道府県コード": 12, "市区町村コード": 210, "所在地": "千葉県茂原市高師６８７", "緯度": 35.424176, "経度": 140.305218, "url": "https://www.iryou.teikyouseido.mhlw.go.jp/znk-web/juminkanja/S2430/initialize?prefCd=12&kikanCd=1203727300&kikanKbn=1", "url2": "https://www.shishikura-hospital.com/", "内容": "社会医療法人社団正朋会　宍倉病院【1:病院】【診療科目:内科_消化器内科_外科_消化器外科_乳腺外科_肛門外科_整形外科_形成外科_皮膚科_泌尿器科_リハビリテーション科】【一般病床数:54療養病床数:0精神病床数:0感染症病床数:0合計病床数:54】千葉県茂原市高師６８７" }, "geometry": { "type": "Point", "coordinates": [ 140.305218, 35.424176 ] } },
{ "type": "Feature", "properties": { "ID": 1211203728100, "正式名称": "医療法人社団澄心会　茂原神経科病院", "機関区分": 1, "都道府県コード": 12, "市区町村コード": 210, "所在地": "千葉県茂原市町保３４", "緯度": 35.432491, "経度": 140.303304, "url": "https://www.iryou.teikyouseido.mhlw.go.jp/znk-web/juminkanja/S2430/initialize?prefCd=12&kikanCd=1203728100&kikanKbn=1", "url2": "http://www.shoushinkai.jp/", "内容": "医療法人社団澄心会　茂原神経科病院【1:病院】【診療科目:内科_精神科_神経科_心療内科】【一般病床数:0療養病床数:0精神病床数:290感染症病床数:0合計病床数:290】千葉県茂原市町保３４" }, "geometry": { "type": "Point", "coordinates": [ 140.303304, 35.432491 ] } },
{ "type": "Feature", "properties": { "ID": 1211203729000, "正式名称": "医療法人社団東光会　茂原中央病院", "機関区分": 1, "都道府県コード": 12, "市区町村コード": 210, "所在地": "千葉県茂原市下永吉７９６", "緯度": 35.412192, "経度": 140.309356, "url": "https://www.iryou.teikyouseido.mhlw.go.jp/znk-web/juminkanja/S2430/initialize?prefCd=12&kikanCd=1203729000&kikanKbn=1", "url2": "http://mobarachuobyoin.jp", "内容": "医療法人社団東光会　茂原中央病院【1:病院】【診療科目:内科_脳神経内科_外科_整形外科_皮膚科_心療内科_リハビリテーション科】【一般病床数:111療養病床数:54精神病床数:0感染症病床数:0合計病床数:165】千葉県茂原市下永吉７９６" }, "geometry": { "type": "Point", "coordinates": [ 140.309356, 35.412192 ] } },
{ "type": "Feature", "properties": { "ID": 1211203730300, "正式名称": "医療法人社団優仁会　鈴木神経科病院", "機関区分": 1, "都道府県コード": 12, "市区町村コード": 210, "所在地": "千葉県茂原市高師８２番地", "緯度": 35.431655, "経度": 140.293872, "url": "https://www.iryou.teikyouseido.mhlw.go.jp/znk-web/juminkanja/S2430/initialize?prefCd=12&kikanCd=1203730300&kikanKbn=1", "url2": "https://yujinkai-medicalcare.jp/", "内容": "医療法人社団優仁会　鈴木神経科病院【1:病院】【診療科目:内科_精神科】【一般病床数:0療養病床数:45精神病床数:92感染症病床数:0合計病床数:137】千葉県茂原市高師８２番地" }, "geometry": { "type": "Point", "coordinates": [ 140.293872, 35.431655 ] } },
{ "type": "Feature", "properties": { "ID": 1211203731100, "正式名称": "医療法人社団聖光会　聖光会病院", "機関区分": 1, "都道府県コード": 12, "市区町村コード": 426, "所在地": "千葉県長生郡長柄町立鳥７４５－１", "緯度": 35.433098, "経度": 140.219917, "url": "https://www.iryou.teikyouseido.mhlw.go.jp/znk-web/juminkanja/S2430/initialize?prefCd=12&kikanCd=1203731100&kikanKbn=1", "url2": "http://www.seikoukai-hp.or.jp/", "内容": "医療法人社団聖光会　聖光会病院【1:病院】【診療科目:内科_胃腸内科_整形外科_リハビリテーション科】【一般病床数:0療養病床数:239精神病床数:0感染症病床数:0合計病床数:239】千葉県長生郡長柄町立鳥７４５－１" }, "geometry": { "type": "Point", "coordinates": [ 140.219917, 35.433098 ] } },
{ "type": "Feature", "properties": { "ID": 1211203916000, "正式名称": "いすみ医療センター", "機関区分": 1, "都道府県コード": 12, "市区町村コード": 238, "所在地": "千葉県いすみ市苅谷１１７７", "緯度": 35.284732, "経度": 140.315115, "url": "https://www.iryou.teikyouseido.mhlw.go.jp/znk-web/juminkanja/S2430/initialize?prefCd=12&kikanCd=1203916000&kikanKbn=1", "url2": "https://www.isumi-ic.jp/", "内容": "いすみ医療センター【1:病院】【診療科目:内科_脳神経内科_外科_脳神経外科_整形外科_小児科_婦人科_眼科_耳鼻いんこう科_皮膚科_泌尿器科_リハビリテーション科_放射線科_糖尿病・内分泌代謝内科】【一般病床数:92療養病床数:48精神病床数:0感染症病床数:4合計病床数:144】千葉県いすみ市苅谷１１７７" }, "geometry": { "type": "Point", "coordinates": [ 140.315115, 35.284732 ] } },
{ "type": "Feature", "properties": { "ID": 1211203917900, "正式名称": "医療法人ＳＨＩＯＤＡ　塩田病院", "機関区分": 1, "都道府県コード": 12, "市区町村コード": 218, "所在地": "千葉県勝浦市出水１２２１", "緯度": 35.15108, "経度": 140.31783, "url": "https://www.iryou.teikyouseido.mhlw.go.jp/znk-web/juminkanja/S2430/initialize?prefCd=12&kikanCd=1203917900&kikanKbn=1", "url2": "https://www.shioda.or.jp", "内容": "医療法人ＳＨＩＯＤＡ　塩田病院【1:病院】【診療科目:内科_呼吸器内科_循環器内科_消化器内科_神経内科_外科_脳神経外科_心臓血管外科_消化器外科_肛門外科_整形外科_形成外科_美容外科_小児科_婦人科_眼科_耳鼻いんこう科_皮膚科_泌尿器科_精神科_アレルギー科_リウマチ科_リハビリテーション科_放射線科_麻酔科】【一般病床数:247療養病床数:33精神病床数:0感染症病床数:0合計病床数:280】千葉県勝浦市出水１２２１" }, "geometry": { "type": "Point", "coordinates": [ 140.31783, 35.15108 ] } },
{ "type": "Feature", "properties": { "ID": 1211203919500, "正式名称": "医療法人白百合会　大多喜病院", "機関区分": 1, "都道府県コード": 12, "市区町村コード": 441, "所在地": "千葉県夷隅郡大多喜町上原７８６", "緯度": 35.275849, "経度": 140.24188, "url": "https://www.iryou.teikyouseido.mhlw.go.jp/znk-web/juminkanja/S2430/initialize?prefCd=12&kikanCd=1203919500&kikanKbn=1", "url2": "http://shirayuri-kai.jp/otaki/", "内容": "医療法人白百合会　大多喜病院【1:病院】【診療科目:内科_精神科_神経科_リハビリテーション科】【一般病床数:0療養病床数:58精神病床数:305感染症病床数:0合計病床数:363】千葉県夷隅郡大多喜町上原７８６" }, "geometry": { "type": "Point", "coordinates": [ 140.24188, 35.275849 ] } },
{ "type": "Feature", "properties": { "ID": 1211203920900, "正式名称": "医療法人　川崎病院", "機関区分": 1, "都道府県コード": 12, "市区町村コード": 441, "所在地": "千葉県夷隅郡大多喜町泉水６７４", "緯度": 35.294505, "経度": 140.242007, "url": "https://www.iryou.teikyouseido.mhlw.go.jp/znk-web/juminkanja/S2430/initialize?prefCd=12&kikanCd=1203920900&kikanKbn=1", "url2": "https://kawasaki-hospital.jp/kawasaki_clinic/index.html", "内容": "医療法人　川崎病院【1:病院】【診療科目:内科_呼吸器内科_循環器内科_消化器内科_外科_整形外科_小児科_小児外科_皮膚科_泌尿器科_リウマチ科_リハビリテーション科】【一般病床数:0療養病床数:26精神病床数:0感染症病床数:0合計病床数:26】千葉県夷隅郡大多喜町泉水６７４" }, "geometry": { "type": "Point", "coordinates": [ 140.242007, 35.294505 ] } },
{ "type": "Feature", "properties": { "ID": 1211203921700, "正式名称": "医療法人社団寿光会　岬病院", "機関区分": 1, "都道府県コード": 12, "市区町村コード": 238, "所在地": "千葉県いすみ市岬町桑田２５３１", "緯度": 35.308858, "経度": 140.348853, "url": "https://www.iryou.teikyouseido.mhlw.go.jp/znk-web/juminkanja/S2430/initialize?prefCd=12&kikanCd=1203921700&kikanKbn=1", "url2": "http://www.hp-misaki.com/", "内容": "医療法人社団寿光会　岬病院【1:病院】【診療科目:内科_リハビリテーション科】【一般病床数:0療養病床数:198精神病床数:0感染症病床数:0合計病床数:198】千葉県いすみ市岬町桑田２５３１" }, "geometry": { "type": "Point", "coordinates": [ 140.348853, 35.308858 ] } },
{ "type": "Feature", "properties": { "ID": 1211204023100, "正式名称": "鋸南町国民健康保険鋸南病院", "機関区分": 1, "都道府県コード": 12, "市区町村コード": 463, "所在地": "千葉県安房郡鋸南町保田３５９", "緯度": 35.137076, "経度": 139.839298, "url": "https://www.iryou.teikyouseido.mhlw.go.jp/znk-web/juminkanja/S2430/initialize?prefCd=12&kikanCd=1204023100&kikanKbn=1", "url2": "http://www7.ocn.ne.jp/~kyonanhp/", "内容": "鋸南町国民健康保険鋸南病院【1:病院】【診療科目:内科_外科_整形外科_眼科】【一般病床数:32療養病床数:34精神病床数:0感染症病床数:0合計病床数:66】千葉県安房郡鋸南町保田３５９" }, "geometry": { "type": "Point", "coordinates": [ 139.839298, 35.137076 ] } },
{ "type": "Feature", "properties": { "ID": 1211204024000, "正式名称": "医療法人徳洲会　館山病院", "機関区分": 1, "都道府県コード": 12, "市区町村コード": 205, "所在地": "千葉県館山市北条５２０番地１", "緯度": 34.994193, "経度": 139.87556, "url": "https://www.iryou.teikyouseido.mhlw.go.jp/znk-web/juminkanja/S2430/initialize?prefCd=12&kikanCd=1204024000&kikanKbn=1", "url2": "https://tateyama-hp.com", "内容": "医療法人徳洲会　館山病院【1:病院】【診療科目:内科_糖尿病内科_呼吸器内科_循環器内科_消化器内科_腎臓内科_神経内科_外科_脳神経外科_消化器外科_整形外科_眼科_泌尿器科_精神科_心療内科_歯科_歯科口腔外科_リハビリテーション科_放射線科】【一般病床数:148療養病床数:60精神病床数:0感染症病床数:0合計病床数:208】千葉県館山市北条５２０番地１" }, "geometry": { "type": "Point", "coordinates": [ 139.87556, 34.994193 ] } },
{ "type": "Feature", "properties": { "ID": 1211204025800, "正式名称": "医療法人博正会　北条病院", "機関区分": 1, "都道府県コード": 12, "市区町村コード": 205, "所在地": "千葉県館山市北条１０８９", "緯度": 34.993428, "経度": 139.870124, "url": "https://www.iryou.teikyouseido.mhlw.go.jp/znk-web/juminkanja/S2430/initialize?prefCd=12&kikanCd=1204025800&kikanKbn=1", "url2": "https://hojo-byoin.jp/", "内容": "医療法人博正会　北条病院【1:病院】【診療科目:内科_循環器内科】【一般病床数:0療養病床数:48精神病床数:0感染症病床数:0合計病床数:48】千葉県館山市北条１０８９" }, "geometry": { "type": "Point", "coordinates": [ 139.870124, 34.993428 ] } },
{ "type": "Feature", "properties": { "ID": 1211204026600, "正式名称": "医療法人南陽会　田村病院", "機関区分": 1, "都道府県コード": 12, "市区町村コード": 205, "所在地": "千葉県館山市館山１８３", "緯度": 34.984381, "経度": 139.854137, "url": "https://www.iryou.teikyouseido.mhlw.go.jp/znk-web/juminkanja/S2430/initialize?prefCd=12&kikanCd=1204026600&kikanKbn=1", "url2": "http://nanyoukai.info/tamurahospital/", "内容": "医療法人南陽会　田村病院【1:病院】【診療科目:内科_精神科_心療内科】【一般病床数:0療養病床数:0精神病床数:267感染症病床数:0合計病床数:267】千葉県館山市館山１８３" }, "geometry": { "type": "Point", "coordinates": [ 139.854137, 34.984381 ] } },
{ "type": "Feature", "properties": { "ID": 1211204027400, "正式名称": "医療法人社団寿会　小林病院", "機関区分": 1, "都道府県コード": 12, "市区町村コード": 205, "所在地": "千葉県館山市船形９０９番地", "緯度": 35.028299, "経度": 139.844069, "url": "https://www.iryou.teikyouseido.mhlw.go.jp/znk-web/juminkanja/S2430/initialize?prefCd=12&kikanCd=1204027400&kikanKbn=1", "url2": "https://www.kotobuki-kai.com/", "内容": "医療法人社団寿会　小林病院【1:病院】【診療科目:内科_消化器内科_整形外科_リハビリテーション科】【一般病床数:0療養病床数:84精神病床数:0感染症病床数:0合計病床数:84】千葉県館山市船形９０９番地" }, "geometry": { "type": "Point", "coordinates": [ 139.844069, 35.028299 ] } },
{ "type": "Feature", "properties": { "ID": 1211204028200, "正式名称": "医療法人光洋会　三芳病院", "機関区分": 1, "都道府県コード": 12, "市区町村コード": 234, "所在地": "千葉県南房総市本織４７番地", "緯度": 35.024361, "経度": 139.894504, "url": "https://www.iryou.teikyouseido.mhlw.go.jp/znk-web/juminkanja/S2430/initialize?prefCd=12&kikanCd=1204028200&kikanKbn=1", "url2": "http://miyoshi-hospital.jp/", "内容": "医療法人光洋会　三芳病院【1:病院】【診療科目:内科_精神科_心療内科】【一般病床数:20療養病床数:0精神病床数:267感染症病床数:0合計病床数:287】千葉県南房総市本織４７番地" }, "geometry": { "type": "Point", "coordinates": [ 139.894504, 35.024361 ] } },
{ "type": "Feature", "properties": { "ID": 1211204029000, "正式名称": "医療法人美篶会　中原病院", "機関区分": 1, "都道府県コード": 12, "市区町村コード": 234, "所在地": "千葉県南房総市和田町仁我浦１９－１", "緯度": 35.039748, "経度": 140.017818, "url": "https://www.iryou.teikyouseido.mhlw.go.jp/znk-web/juminkanja/S2430/initialize?prefCd=12&kikanCd=1204029000&kikanKbn=1", "url2": "http://www.nakahara-hosp.or.jp/", "内容": "医療法人美篶会　中原病院【1:病院】【診療科目:内科_消化器内科_整形外科_美容外科_小児科_耳鼻いんこう科_泌尿器科_リハビリテーション科】【一般病床数:0療養病床数:109精神病床数:0感染症病床数:0合計病床数:109】千葉県南房総市和田町仁我浦１９－１" }, "geometry": { "type": "Point", "coordinates": [ 140.017818, 35.039748 ] } },
{ "type": "Feature", "properties": { "ID": 1211204030400, "正式名称": "南房総市立富山国保病院", "機関区分": 1, "都道府県コード": 12, "市区町村コード": 234, "所在地": "千葉県南房総市平久里中１４１０番地１", "緯度": 35.096959, "経度": 139.914177, "url": "https://www.iryou.teikyouseido.mhlw.go.jp/znk-web/juminkanja/S2430/initialize?prefCd=12&kikanCd=1204030400&kikanKbn=1", "url2": "https://www.tomiyamakokuho.com", "内容": "南房総市立富山国保病院【1:病院】【診療科目:内科_消化器内科_外科_整形外科_リハビリテーション科】【一般病床数:47療養病床数:0精神病床数:0感染症病床数:4合計病床数:51】千葉県南房総市平久里中１４１０番地１" }, "geometry": { "type": "Point", "coordinates": [ 139.914177, 35.096959 ] } },
{ "type": "Feature", "properties": { "ID": 1211204031200, "正式名称": "社会福祉法人太陽会　安房地域医療センター", "機関区分": 1, "都道府県コード": 12, "市区町村コード": 205, "所在地": "千葉県館山市山本１１５５", "緯度": 34.999994, "経度": 139.891725, "url": "https://www.iryou.teikyouseido.mhlw.go.jp/znk-web/juminkanja/S2430/initialize?prefCd=12&kikanCd=1204031200&kikanKbn=1", "url2": "https://www.awairyo.jp/", "内容": "社会福祉法人太陽会　安房地域医療センター【1:病院】【診療科目:内科_糖尿病・内分泌内科_脳神経内科_呼吸器内科_循環器内科_消化器内科_腎臓内科_人工透析内科_腫瘍内科_外科_乳腺外科_整形外科_小児科_産婦人科_眼科_皮膚科_泌尿器科_アレルギー科_リウマチ科_リハビリテーション科_放射線科_救急科_麻酔科】【一般病床数:149療養病床数:0精神病床数:0感染症病床数:0合計病床数:149】千葉県館山市山本１１５５" }, "geometry": { "type": "Point", "coordinates": [ 139.891725, 34.999994 ] } },
{ "type": "Feature", "properties": { "ID": 1211204160200, "正式名称": "国保直営総合病院君津中央病院", "機関区分": 1, "都道府県コード": 12, "市区町村コード": 206, "所在地": "千葉県木更津市桜井１０１０番地", "緯度": 35.358704, "経度": 139.923047, "url": "https://www.iryou.teikyouseido.mhlw.go.jp/znk-web/juminkanja/S2430/initialize?prefCd=12&kikanCd=1204160200&kikanKbn=1", "url2": "http://www.hospital.kisarazu.chiba.jp", "内容": "国保直営総合病院君津中央病院【1:病院】【診療科目:内科_血液内科_脳神経内科_呼吸器内科_循環器内科_消化器内科_腎臓内科_腫瘍内科_糖尿病・内分泌・代謝内科（改行）膠原病内科_外科_脳神経外科_呼吸器外科_心臓血管外科_消化器外科_乳腺外科_整形外科_形成外科_小児科_小児外科_産婦人科_眼科_耳鼻いんこう科_皮膚科_泌尿器科_精神科_歯科_歯科口腔外科_リハビリテーション科_放射線科_放射線治療科_病理診断科_麻酔科_糖尿病・内分泌・代謝内科】【一般病床数:636療養病床数:0精神病床数:0感染症病床数:6合計病床数:660】千葉県木更津市桜井１０１０番地" }, "geometry": { "type": "Point", "coordinates": [ 139.923047, 35.358704 ] } },
{ "type": "Feature", "properties": { "ID": 1211204161000, "正式名称": "医療法人萩仁会　萩原病院", "機関区分": 1, "都道府県コード": 12, "市区町村コード": 206, "所在地": "千葉県木更津市木更津１－１－３６", "緯度": 35.383265, "経度": 139.927624, "url": "https://www.iryou.teikyouseido.mhlw.go.jp/znk-web/juminkanja/S2430/initialize?prefCd=12&kikanCd=1204161000&kikanKbn=1", "url2": "http://www.hagiwara-hsp.or.jp", "内容": "医療法人萩仁会　萩原病院【1:病院】【診療科目:内科_呼吸器内科_循環器内科_消化器内科_胃腸内科_外科_整形外科_リハビリテーション科_麻酔科】【一般病床数:112療養病床数:36精神病床数:0感染症病床数:0合計病床数:148】千葉県木更津市木更津１－１－３６" }, "geometry": { "type": "Point", "coordinates": [ 139.927624, 35.383265 ] } },
{ "type": "Feature", "properties": { "ID": 1211204162900, "正式名称": "医療法人社団養真会　上総記念病院", "機関区分": 1, "都道府県コード": 12, "市区町村コード": 206, "所在地": "千葉県木更津市新田１－１１－２５", "緯度": 35.377099, "経度": 139.923147, "url": "https://www.iryou.teikyouseido.mhlw.go.jp/znk-web/juminkanja/S2430/initialize?prefCd=12&kikanCd=1204162900&kikanKbn=1", "url2": "http://kazusa-mhp.or.jp/", "内容": "医療法人社団養真会　上総記念病院【1:病院】【診療科目:内科_呼吸器内科_循環器内科_消化器内科_小児科_放射線科】【一般病床数:49療養病床数:49精神病床数:0感染症病床数:0合計病床数:98】千葉県木更津市新田１－１１－２５" }, "geometry": { "type": "Point", "coordinates": [ 139.923147, 35.377099 ] } },
{ "type": "Feature", "properties": { "ID": 1211204163700, "正式名称": "医療法人社団邦清会　木更津東邦病院", "機関区分": 1, "都道府県コード": 12, "市区町村コード": 206, "所在地": "千葉県木更津市菅生７２５番地１", "緯度": 35.391412, "経度": 139.968076, "url": "https://www.iryou.teikyouseido.mhlw.go.jp/znk-web/juminkanja/S2430/initialize?prefCd=12&kikanCd=1204163700&kikanKbn=1", "url2": "http://www.toho.kisarazu-kamome.com", "内容": "医療法人社団邦清会　木更津東邦病院【1:病院】【診療科目:内科_外科_脳神経外科_整形外科_形成外科_皮膚科_リハビリテーション科_放射線科_麻酔科】【一般病床数:83療養病床数:0精神病床数:0感染症病床数:0合計病床数:83】千葉県木更津市菅生７２５番地１" }, "geometry": { "type": "Point", "coordinates": [ 139.968076, 35.391412 ] } },
{ "type": "Feature", "properties": { "ID": 1211204164500, "正式名称": "医療法人社団志仁会　薬丸病院", "機関区分": 1, "都道府県コード": 12, "市区町村コード": 206, "所在地": "千葉県木更津市富士見２－７－１", "緯度": 35.380324, "経度": 139.921541, "url": "https://www.iryou.teikyouseido.mhlw.go.jp/znk-web/juminkanja/S2430/initialize?prefCd=12&kikanCd=1204164500&kikanKbn=1", "url2": "http://www.yakumaru.jp", "内容": "医療法人社団志仁会　薬丸病院【1:病院】【診療科目:内科_消化器内科_外科_整形外科_小児科_産婦人科_歯科_リハビリテーション科_麻酔科】【一般病床数:57療養病床数:0精神病床数:0感染症病床数:0合計病床数:57】千葉県木更津市富士見２－７－１" }, "geometry": { "type": "Point", "coordinates": [ 139.921541, 35.380324 ] } },
{ "type": "Feature", "properties": { "ID": 1211204165300, "正式名称": "石井病院", "機関区分": 1, "都道府県コード": 12, "市区町村コード": 206, "所在地": "千葉県木更津市新田１丁目５－３１", "緯度": 35.379426, "経度": 139.922744, "url": "https://www.iryou.teikyouseido.mhlw.go.jp/znk-web/juminkanja/S2430/initialize?prefCd=12&kikanCd=1204165300&kikanKbn=1", "url2": null, "内容": "石井病院【1:病院】【診療科目:内科_消化器内科_外科_脳神経外科_整形外科_皮膚科_リハビリテーション科_放射線科_救急科】【一般病床数:46療養病床数:0精神病床数:0感染症病床数:0合計病床数:46】千葉県木更津市新田１丁目５－３１" }, "geometry": { "type": "Point", "coordinates": [ 139.922744, 35.379426 ] } },
{ "type": "Feature", "properties": { "ID": 1211204166100, "正式名称": "社会医療法人社団新都市医療研究会「君津」会　玄々堂君津病院", "機関区分": 1, "都道府県コード": 12, "市区町村コード": 225, "所在地": "千葉県君津市東坂田", "緯度": 35.336206, "経度": 139.89649, "url": "https://www.iryou.teikyouseido.mhlw.go.jp/znk-web/juminkanja/S2430/initialize?prefCd=12&kikanCd=1204166100&kikanKbn=1", "url2": "http://www.gengendo.jp", "内容": "社会医療法人社団新都市医療研究会「君津」会　玄々堂君津病院【1:病院】【診療科目:内科_血液内科_糖尿病・内分泌内科_脳神経内科_呼吸器内科_循環器内科_消化器内科_腎臓内科_人工透析内科_外科_脳神経外科_血管外科_消化器外科_腎臓外科_乳腺外科_整形外科_泌尿器科_リウマチ科_リハビリテーション科_放射線科_麻酔科】【一般病床数:132療養病床数:28精神病床数:0感染症病床数:0合計病床数:160】千葉県君津市東坂田" }, "geometry": { "type": "Point", "coordinates": [ 139.89649, 35.336206 ] } },
{ "type": "Feature", "properties": { "ID": 1211204167000, "正式名称": "君津山の手病院", "機関区分": 1, "都道府県コード": 12, "市区町村コード": 225, "所在地": "千葉県君津市外箕輪４ー１ー５", "緯度": 35.317453, "経度": 139.922624, "url": "https://www.iryou.teikyouseido.mhlw.go.jp/znk-web/juminkanja/S2430/initialize?prefCd=12&kikanCd=1204167000&kikanKbn=1", "url2": "http://www.yamanote-hp.jp", "内容": "君津山の手病院【1:病院】【診療科目:内科_糖尿病内科_外科_整形外科_小児科_リハビリテーション科】【一般病床数:0療養病床数:156精神病床数:0感染症病床数:0合計病床数:156】千葉県君津市外箕輪４ー１ー５" }, "geometry": { "type": "Point", "coordinates": [ 139.922624, 35.317453 ] } },
{ "type": "Feature", "properties": { "ID": 1211204168800, "正式名称": "医療法人社団周晴会　鈴木病院", "機関区分": 1, "都道府県コード": 12, "市区町村コード": 225, "所在地": "千葉県君津市上", "緯度": 35.306299, "経度": 139.954844, "url": "https://www.iryou.teikyouseido.mhlw.go.jp/znk-web/juminkanja/S2430/initialize?prefCd=12&kikanCd=1204168800&kikanKbn=1", "url2": "http://www.suzuki-hospital.com/", "内容": "医療法人社団周晴会　鈴木病院【1:病院】【診療科目:内科_胃腸内科_外科_乳腺外科_肛門外科_皮膚科_リハビリテーション科】【一般病床数:56療養病床数:0精神病床数:0感染症病床数:0合計病床数:56】千葉県君津市上" }, "geometry": { "type": "Point", "coordinates": [ 139.954844, 35.306299 ] } },
{ "type": "Feature", "properties": { "ID": 1211204169600, "正式名称": "医療法人社団栄陽会　東病院", "機関区分": 1, "都道府県コード": 12, "市区町村コード": 226, "所在地": "千葉県富津市大堀２１１４", "緯度": 35.327809, "経度": 139.857276, "url": "https://www.iryou.teikyouseido.mhlw.go.jp/znk-web/juminkanja/S2430/initialize?prefCd=12&kikanCd=1204169600&kikanKbn=1", "url2": "https://www.azuma-hospital.com/", "内容": "医療法人社団栄陽会　東病院【1:病院】【診療科目:内科_循環器内科_消化器内科_胃腸内科_外科_消化器外科_胃腸外科_肛門外科_整形外科_小児科_麻酔科】【一般病床数:45療養病床数:0精神病床数:0感染症病床数:0合計病床数:45】千葉県富津市大堀２１１４" }, "geometry": { "type": "Point", "coordinates": [ 139.857276, 35.327809 ] } },
{ "type": "Feature", "properties": { "ID": 1211204170000, "正式名称": "国保直営君津中央病院大佐和分院", "機関区分": 1, "都道府県コード": 12, "市区町村コード": 226, "所在地": "千葉県富津市千種新田７１０", "緯度": 35.294851, "経度": 139.850187, "url": "https://www.iryou.teikyouseido.mhlw.go.jp/znk-web/juminkanja/S2430/initialize?prefCd=12&kikanCd=1204170000&kikanKbn=1", "url2": "https://www.hospital.kisarazu.chiba.jp/osawa.html", "内容": "国保直営君津中央病院大佐和分院【1:病院】【診療科目:内科_脳神経内科_循環器内科_糖尿病・内分泌・代謝内科_外科_整形外科_小児科_眼科_皮膚科_泌尿器科】【一般病床数:36療養病床数:0精神病床数:0感染症病床数:0合計病床数:36】千葉県富津市千種新田７１０" }, "geometry": { "type": "Point", "coordinates": [ 139.850187, 35.294851 ] } },
{ "type": "Feature", "properties": { "ID": 1211204171800, "正式名称": "社会医療法人社団さつき会　袖ケ浦さつき台病院", "機関区分": 1, "都道府県コード": 12, "市区町村コード": 229, "所在地": "千葉県袖ケ浦市長浦駅前５丁目２１番地", "緯度": 35.445732, "経度": 140.006375, "url": "https://www.iryou.teikyouseido.mhlw.go.jp/znk-web/juminkanja/S2430/initialize?prefCd=12&kikanCd=1204171800&kikanKbn=1", "url2": "http://www.satsuki-kai.or.jp", "内容": "社会医療法人社団さつき会　袖ケ浦さつき台病院【1:病院】【診療科目:内科_神経内科_外科_脳神経外科_整形外科_眼科_耳鼻いんこう科_皮膚科_精神科_神経科_心療内科_リハビリテーション科】【一般病床数:191療養病床数:0精神病床数:193感染症病床数:0合計病床数:384】千葉県袖ケ浦市長浦駅前５丁目２１番地" }, "geometry": { "type": "Point", "coordinates": [ 140.006375, 35.445732 ] } },
{ "type": "Feature", "properties": { "ID": 1211204172600, "正式名称": "加藤病院", "機関区分": 1, "都道府県コード": 12, "市区町村コード": 206, "所在地": "千葉県木更津市高柳２－１２－３１", "緯度": 35.408265, "経度": 139.943146, "url": "https://www.iryou.teikyouseido.mhlw.go.jp/znk-web/juminkanja/S2430/initialize?prefCd=12&kikanCd=1204172600&kikanKbn=1", "url2": "http://kato-hosp.jp", "内容": "加藤病院【1:病院】【診療科目:内科_小児科_産婦人科_麻酔科】【一般病床数:30療養病床数:0精神病床数:0感染症病床数:0合計病床数:30】千葉県木更津市高柳２－１２－３１" }, "geometry": { "type": "Point", "coordinates": [ 139.943146, 35.408265 ] } },
{ "type": "Feature", "properties": { "ID": 1211204173400, "正式名称": "社会医療法人社団同仁会　木更津病院", "機関区分": 1, "都道府県コード": 12, "市区町村コード": 206, "所在地": "千葉県木更津市岩根２－３－１", "緯度": 35.410548, "経度": 139.929417, "url": "https://www.iryou.teikyouseido.mhlw.go.jp/znk-web/juminkanja/S2430/initialize?prefCd=12&kikanCd=1204173400&kikanKbn=1", "url2": "http://www.dojinkai-psy.jp/kisarazuhp/", "内容": "社会医療法人社団同仁会　木更津病院【1:病院】【診療科目:精神科_心療内科】【一般病床数:0療養病床数:0精神病床数:321感染症病床数:0合計病床数:321】千葉県木更津市岩根２－３－１" }, "geometry": { "type": "Point", "coordinates": [ 139.929417, 35.410548 ] } },
{ "type": "Feature", "properties": { "ID": 1211204174200, "正式名称": "医療法人社団芙蓉会　千葉芙蓉病院", "機関区分": 1, "都道府県コード": 12, "市区町村コード": 225, "所在地": "千葉県君津市広岡２９７―１", "緯度": 35.250918, "経度": 140.054316, "url": "https://www.iryou.teikyouseido.mhlw.go.jp/znk-web/juminkanja/S2430/initialize?prefCd=12&kikanCd=1204174200&kikanKbn=1", "url2": "http://www.fuyou.or.jp", "内容": "医療法人社団芙蓉会　千葉芙蓉病院【1:病院】【診療科目:内科】【一般病床数:0療養病床数:120精神病床数:0感染症病床数:0合計病床数:120】千葉県君津市広岡２９７―１" }, "geometry": { "type": "Point", "coordinates": [ 140.054316, 35.250918 ] } },
{ "type": "Feature", "properties": { "ID": 1211204176900, "正式名称": "医療法人社団三友会　三枝病院", "機関区分": 1, "都道府県コード": 12, "市区町村コード": 226, "所在地": "千葉県富津市青木１６４１", "緯度": 35.325886, "経度": 139.849125, "url": "https://www.iryou.teikyouseido.mhlw.go.jp/znk-web/juminkanja/S2430/initialize?prefCd=12&kikanCd=1204176900&kikanKbn=1", "url2": "https://www.saigusa-hospital.com", "内容": "医療法人社団三友会　三枝病院【1:病院】【診療科目:内科_循環器内科_胃腸内科_外科_整形外科_泌尿器科】【一般病床数:32療養病床数:0精神病床数:0感染症病床数:0合計病床数:32】千葉県富津市青木１６４１" }, "geometry": { "type": "Point", "coordinates": [ 139.849125, 35.325886 ] } },
{ "type": "Feature", "properties": { "ID": 1211204177700, "正式名称": "医療法人社団明敬会　重城病院", "機関区分": 1, "都道府県コード": 12, "市区町村コード": 206, "所在地": "千葉県木更津市万石", "緯度": 35.417153, "経度": 139.933341, "url": "https://www.iryou.teikyouseido.mhlw.go.jp/znk-web/juminkanja/S2430/initialize?prefCd=12&kikanCd=1204177700&kikanKbn=1", "url2": "https://jujo-mk.or.jp", "内容": "医療法人社団明敬会　重城病院【1:病院】【診療科目:内科_胃腸内科_整形外科_皮膚科】【一般病床数:36療養病床数:0精神病床数:0感染症病床数:0合計病床数:36】千葉県木更津市万石" }, "geometry": { "type": "Point", "coordinates": [ 139.933341, 35.417153 ] } },
{ "type": "Feature", "properties": { "ID": 1211204531400, "正式名称": "千葉県循環器病センター", "機関区分": 1, "都道府県コード": 12, "市区町村コード": 219, "所在地": "千葉県市原市鶴舞５７５", "緯度": 35.384875, "経度": 140.185294, "url": "https://www.iryou.teikyouseido.mhlw.go.jp/znk-web/juminkanja/S2430/initialize?prefCd=12&kikanCd=1204531400&kikanKbn=1", "url2": "http://www.pref.chiba.lg.jp/junkan", "内容": "千葉県循環器病センター【1:病院】【診療科目:内科_脳神経内科_呼吸器内科_循環器内科_腎臓内科_外科_脳神経外科_心臓血管外科_整形外科_形成外科_小児科_眼科_耳鼻いんこう科_皮膚科_泌尿器科_精神科_歯科_リハビリテーション科_放射線科_麻酔科】【一般病床数:220療養病床数:0精神病床数:0感染症病床数:0合計病床数:220】千葉県市原市鶴舞５７５" }, "geometry": { "type": "Point", "coordinates": [ 140.185294, 35.384875 ] } },
{ "type": "Feature", "properties": { "ID": 1211204532200, "正式名称": "帝京大学ちば総合医療センター", "機関区分": 1, "都道府県コード": 12, "市区町村コード": 219, "所在地": "千葉県市原市姉崎３４２６－３", "緯度": 35.466203, "経度": 140.062795, "url": "https://www.iryou.teikyouseido.mhlw.go.jp/znk-web/juminkanja/S2430/initialize?prefCd=12&kikanCd=1204532200&kikanKbn=1", "url2": "http://www.med.teikyo-u.ac.jp/~chiba/", "内容": "帝京大学ちば総合医療センター【1:病院】【診療科目:内科_脳神経内科_循環器内科_消化器内科_外科_脳神経外科_心臓血管外科_消化器外科_乳腺外科_整形外科_形成外科_小児科_産婦人科_眼科_耳鼻いんこう科_皮膚科_泌尿器科_精神科_歯科口腔外科_リハビリテーション科_放射線科_病理診断科_救急科_麻酔科】【一般病床数:427療養病床数:0精神病床数:0感染症病床数:0合計病床数:427】千葉県市原市姉崎３４２６－３" }, "geometry": { "type": "Point", "coordinates": [ 140.062795, 35.466203 ] } },
{ "type": "Feature", "properties": { "ID": 1211204533000, "正式名称": "医療法人鎗田病院", "機関区分": 1, "都道府県コード": 12, "市区町村コード": 219, "所在地": "千葉県市原市五井８９９", "緯度": 35.510149, "経度": 140.080058, "url": "https://www.iryou.teikyouseido.mhlw.go.jp/znk-web/juminkanja/S2430/initialize?prefCd=12&kikanCd=1204533000&kikanKbn=1", "url2": "http://www.yarita-hosp.or.jp", "内容": "医療法人鎗田病院【1:病院】【診療科目:内科_血液内科_糖尿病内科_代謝内科_呼吸器内科_循環器内科_消化器内科_神経内科_腫瘍内科_内視鏡内科_外科_呼吸器外科_気管食道外科_消化器外科_乳腺外科_肛門外科_ペインクリニック外科_腫瘍外科_頭頸部外科_整形外科_形成外科_小児科_皮膚科_泌尿器科_リウマチ科_リハビリテーション科_放射線科_病理診断科_臨床検査科_救急科_麻酔科_外科（内視鏡）】【一般病床数:146療養病床数:53精神病床数:0感染症病床数:0合計病床数:199】千葉県市原市五井８９９" }, "geometry": { "type": "Point", "coordinates": [ 140.080058, 35.510149 ] } },
{ "type": "Feature", "properties": { "ID": 1211204535700, "正式名称": "医療法人芙蓉会　五井病院", "機関区分": 1, "都道府県コード": 12, "市区町村コード": 219, "所在地": "千葉県市原市五井５１５５", "緯度": 35.518537, "経度": 140.088035, "url": "https://www.iryou.teikyouseido.mhlw.go.jp/znk-web/juminkanja/S2430/initialize?prefCd=12&kikanCd=1204535700&kikanKbn=1", "url2": "http://www.goi-hospital.com", "内容": "医療法人芙蓉会　五井病院【1:病院】【診療科目:内科_呼吸器内科_循環器内科_胃腸内科_神経内科_外科_脳神経外科_呼吸器外科_心臓血管外科_整形外科_形成外科_小児科_小児外科_皮膚科_リウマチ科_リハビリテーション科_放射線科_麻酔科】【一般病床数:180療養病床数:34精神病床数:0感染症病床数:0合計病床数:214】千葉県市原市五井５１５５" }, "geometry": { "type": "Point", "coordinates": [ 140.088035, 35.518537 ] } },
{ "type": "Feature", "properties": { "ID": 1211204536500, "正式名称": "医療法人社団琢心会　辰巳病院", "機関区分": 1, "都道府県コード": 12, "市区町村コード": 219, "所在地": "千葉県市原市辰巳台東５－５－１", "緯度": 35.5089, "経度": 140.151072, "url": "https://www.iryou.teikyouseido.mhlw.go.jp/znk-web/juminkanja/S2430/initialize?prefCd=12&kikanCd=1204536500&kikanKbn=1", "url2": "http://www.takushinkai.net", "内容": "医療法人社団琢心会　辰巳病院【1:病院】【診療科目:内科_呼吸器内科_消化器内科_外科_肛門外科_整形外科_小児科_眼科_皮膚科_リハビリテーション科】【一般病床数:56療養病床数:25精神病床数:0感染症病床数:0合計病床数:81】千葉県市原市辰巳台東５－５－１" }, "geometry": { "type": "Point", "coordinates": [ 140.151072, 35.5089 ] } },
{ "type": "Feature", "properties": { "ID": 1211204537300, "正式名称": "独立行政法人労働者健康安全機構　千葉労災病院", "機関区分": 1, "都道府県コード": 12, "市区町村コード": 219, "所在地": "千葉県市原市辰巳台東２－１６", "緯度": 35.521896, "経度": 140.158229, "url": "https://www.iryou.teikyouseido.mhlw.go.jp/znk-web/juminkanja/S2430/initialize?prefCd=12&kikanCd=1204537300&kikanKbn=1", "url2": "https://www.chibah.johas.go.jp/", "内容": "独立行政法人労働者健康安全機構　千葉労災病院【1:病院】【診療科目:内科_脳神経内科_循環器内科_緩和ケア内科_外科_脳神経外科_呼吸器外科_心臓血管外科_消化器外科_整形外科_形成外科_小児科_産婦人科_眼科_耳鼻いんこう科_皮膚科_泌尿器科_精神科_歯科口腔外科_リハビリテーション科_放射線科_病理診断科_麻酔科】【一般病床数:400療養病床数:0精神病床数:0感染症病床数:0合計病床数:400】千葉県市原市辰巳台東２－１６" }, "geometry": { "type": "Point", "coordinates": [ 140.158229, 35.521896 ] } },
{ "type": "Feature", "properties": { "ID": 1211204538100, "正式名称": "医療法人白百合会　市原鶴岡病院", "機関区分": 1, "都道府県コード": 12, "市区町村コード": 219, "所在地": "千葉県市原市新堀９５５", "緯度": 35.466588, "経度": 140.136833, "url": "https://www.iryou.teikyouseido.mhlw.go.jp/znk-web/juminkanja/S2430/initialize?prefCd=12&kikanCd=1204538100&kikanKbn=1", "url2": "http://shirayuri-kai.jp/ichihara_tsuruoka/", "内容": "医療法人白百合会　市原鶴岡病院【1:病院】【診療科目:内科_精神科_神経科】【一般病床数:0療養病床数:0精神病床数:205感染症病床数:0合計病床数:205】千葉県市原市新堀９５５" }, "geometry": { "type": "Point", "coordinates": [ 140.136833, 35.466588 ] } },
{ "type": "Feature", "properties": { "ID": 1211204539000, "正式名称": "医療法人社団直樹会　磯ヶ谷病院", "機関区分": 1, "都道府県コード": 12, "市区町村コード": 219, "所在地": "千葉県市原市磯ケ谷３５", "緯度": 35.451948, "経度": 140.15053, "url": "https://www.iryou.teikyouseido.mhlw.go.jp/znk-web/juminkanja/S2430/initialize?prefCd=12&kikanCd=1204539000&kikanKbn=1", "url2": "https://www.isogayahospital.org/", "内容": "医療法人社団直樹会　磯ヶ谷病院【1:病院】【診療科目:精神科_神経科】【一般病床数:0療養病床数:0精神病床数:164感染症病床数:0合計病床数:164】千葉県市原市磯ケ谷３５" }, "geometry": { "type": "Point", "coordinates": [ 140.15053, 35.451948 ] } },
{ "type": "Feature", "properties": { "ID": 1211204540300, "正式名称": "医療法人社団白金会　白金整形外科病院", "機関区分": 1, "都道府県コード": 12, "市区町村コード": 219, "所在地": "千葉県市原市白金町１－７５－１", "緯度": 35.526681, "経度": 140.104539, "url": "https://www.iryou.teikyouseido.mhlw.go.jp/znk-web/juminkanja/S2430/initialize?prefCd=12&kikanCd=1204540300&kikanKbn=1", "url2": "http://shirogane-hp.com/", "内容": "医療法人社団白金会　白金整形外科病院【1:病院】【診療科目:内科_脳神経内科_循環器内科_消化器内科_整形外科_皮膚科_リウマチ科_リハビリテーション科_麻酔科】【一般病床数:50療養病床数:78精神病床数:0感染症病床数:0合計病床数:128】千葉県市原市白金町１－７５－１" }, "geometry": { "type": "Point", "coordinates": [ 140.104539, 35.526681 ] } },
{ "type": "Feature", "properties": { "ID": 1211204541100, "正式名称": "医療法人社団健老会　姉崎病院", "機関区分": 1, "都道府県コード": 12, "市区町村コード": 219, "所在地": "千葉県市原市椎津２５５８－１", "緯度": 35.44636, "経度": 140.046894, "url": "https://www.iryou.teikyouseido.mhlw.go.jp/znk-web/juminkanja/S2430/initialize?prefCd=12&kikanCd=1204541100&kikanKbn=1", "url2": "https://www.kenroukai.jp/", "内容": "医療法人社団健老会　姉崎病院【1:病院】【診療科目:内科_リハビリテーション科_放射線科】【一般病床数:0療養病床数:99精神病床数:0感染症病床数:0合計病床数:99】千葉県市原市椎津２５５８－１" }, "geometry": { "type": "Point", "coordinates": [ 140.046894, 35.44636 ] } },
{ "type": "Feature", "properties": { "ID": 1211204542000, "正式名称": "医療法人社団緑祐会　永野病院", "機関区分": 1, "都道府県コード": 12, "市区町村コード": 219, "所在地": "千葉県市原市馬立８０２－２", "緯度": 35.422789, "経度": 140.11554, "url": "https://www.iryou.teikyouseido.mhlw.go.jp/znk-web/juminkanja/S2430/initialize?prefCd=12&kikanCd=1204542000&kikanKbn=1", "url2": "http://ryokuyukai.jp/", "内容": "医療法人社団緑祐会　永野病院【1:病院】【診療科目:内科_呼吸器内科_循環器内科_消化器内科】【一般病床数:60療養病床数:0精神病床数:0感染症病床数:0合計病床数:60】千葉県市原市馬立８０２－２" }, "geometry": { "type": "Point", "coordinates": [ 140.11554, 35.422789 ] } },
{ "type": "Feature", "properties": { "ID": 1211204543800, "正式名称": "医療法人社団千寿雅会　長谷川病院", "機関区分": 1, "都道府県コード": 12, "市区町村コード": 219, "所在地": "千葉県市原市八幡１１５番地１", "緯度": 35.530911, "経度": 140.116471, "url": "https://www.iryou.teikyouseido.mhlw.go.jp/znk-web/juminkanja/S2430/initialize?prefCd=12&kikanCd=1204543800&kikanKbn=1", "url2": "http://hasegawa-hosp.com/", "内容": "医療法人社団千寿雅会　長谷川病院【1:病院】【診療科目:内科_循環器内科_胃腸内科_外科】【一般病床数:37療養病床数:0精神病床数:0感染症病床数:0合計病床数:37】千葉県市原市八幡１１５番地１" }, "geometry": { "type": "Point", "coordinates": [ 140.116471, 35.530911 ] } },
{ "type": "Feature", "properties": { "ID": 1211204833000, "正式名称": "九十九里ホーム病院", "機関区分": 1, "都道府県コード": 12, "市区町村コード": 235, "所在地": "千葉県匝瑳市飯倉２１", "緯度": 35.68751, "経度": 140.523763, "url": "https://www.iryou.teikyouseido.mhlw.go.jp/znk-web/juminkanja/S2430/initialize?prefCd=12&kikanCd=1204833000&kikanKbn=1", "url2": "https://www.99-home.com", "内容": "九十九里ホーム病院【1:病院】【診療科目:内科_呼吸器内科_脳神経外科_整形外科_形成外科_皮膚科_泌尿器科_リハビリテーション科】【一般病床数:66療養病床数:79精神病床数:0感染症病床数:0合計病床数:145】千葉県匝瑳市飯倉２１" }, "geometry": { "type": "Point", "coordinates": [ 140.523763, 35.68751 ] } },
{ "type": "Feature", "properties": { "ID": 1211204834800, "正式名称": "医療法人社団松伯会　藤田病院", "機関区分": 1, "都道府県コード": 12, "市区町村コード": 235, "所在地": "千葉県匝瑳市八日市場ホ３２９２", "緯度": 35.694467, "経度": 140.534339, "url": "https://www.iryou.teikyouseido.mhlw.go.jp/znk-web/juminkanja/S2430/initialize?prefCd=12&kikanCd=1204834800&kikanKbn=1", "url2": "http://www.fujita-hp.or.jp", "内容": "医療法人社団松伯会　藤田病院【1:病院】【診療科目:精神科_心療内科】【一般病床数:0療養病床数:0精神病床数:60感染症病床数:0合計病床数:60】千葉県匝瑳市八日市場ホ３２９２" }, "geometry": { "type": "Point", "coordinates": [ 140.534339, 35.694467 ] } },
{ "type": "Feature", "properties": { "ID": 1211204835600, "正式名称": "国保匝瑳市民病院", "機関区分": 1, "都道府県コード": 12, "市区町村コード": 235, "所在地": "千葉県匝瑳市八日市場イ１３０４", "緯度": 35.704941, "経度": 140.535306, "url": "https://www.iryou.teikyouseido.mhlw.go.jp/znk-web/juminkanja/S2430/initialize?prefCd=12&kikanCd=1204835600&kikanKbn=1", "url2": "http://www.sosa-hp.jp/", "内容": "国保匝瑳市民病院【1:病院】【診療科目:内科_呼吸器内科_循環器内科_消化器内科_老年内科_外科_消化器外科_整形外科_眼科_耳鼻いんこう科_皮膚科_泌尿器科_リハビリテーション科_麻酔科】【一般病床数:89療養病床数:0精神病床数:0感染症病床数:0合計病床数:89】千葉県匝瑳市八日市場イ１３０４" }, "geometry": { "type": "Point", "coordinates": [ 140.535306, 35.704941 ] } },
{ "type": "Feature", "properties": { "ID": 1211204892500, "正式名称": "医療法人鉄蕉会　亀田総合病院", "機関区分": 1, "都道府県コード": 12, "市区町村コード": 223, "所在地": "千葉県鴨川市東町９２９", "緯度": 35.121894, "経度": 140.125916, "url": "https://www.iryou.teikyouseido.mhlw.go.jp/znk-web/juminkanja/S2430/initialize?prefCd=12&kikanCd=1204892500&kikanKbn=1", "url2": "http://www.kameda.com", "内容": "医療法人鉄蕉会　亀田総合病院【1:病院】【診療科目:内科_感染症内科_脳神経内科_呼吸器内科_循環器内科_消化器内科_外科_脳神経外科_呼吸器外科_心臓血管外科_消化器外科_乳腺外科_整形外科_形成外科_美容外科_小児科_小児外科_産婦人科_眼科_耳鼻いんこう科_皮膚科_泌尿器科_精神科_心療内科_歯科_矯正歯科_歯科口腔外科_小児歯科_アレルギー科_リウマチ科_リハビリテーション科_放射線科_病理診断科_救急科_麻酔科】【一般病床数:865療養病床数:0精神病床数:42感染症病床数:0合計病床数:907】千葉県鴨川市東町９２９" }, "geometry": { "type": "Point", "coordinates": [ 140.125916, 35.121894 ] } },
{ "type": "Feature", "properties": { "ID": 1211204893300, "正式名称": "鴨川市立国保病院", "機関区分": 1, "都道府県コード": 12, "市区町村コード": 223, "所在地": "千葉県鴨川市宮山", "緯度": 35.130971, "経度": 140.015045, "url": "https://www.iryou.teikyouseido.mhlw.go.jp/znk-web/juminkanja/S2430/initialize?prefCd=12&kikanCd=1204893300&kikanKbn=1", "url2": "https://kamogawakokuho-hp.com/", "内容": "鴨川市立国保病院【1:病院】【診療科目:内科_循環器内科_整形外科_小児科_眼科_耳鼻いんこう科_皮膚科_泌尿器科_歯科_リハビリテーション科】【一般病床数:60療養病床数:10精神病床数:0感染症病床数:0合計病床数:70】千葉県鴨川市宮山" }, "geometry": { "type": "Point", "coordinates": [ 140.015045, 35.130971 ] } },
{ "type": "Feature", "properties": { "ID": 1211204894100, "正式名称": "医療法人明星会　東条病院", "機関区分": 1, "都道府県コード": 12, "市区町村コード": 223, "所在地": "千葉県鴨川市広場１６１５", "緯度": 35.121491, "経度": 140.108776, "url": "https://www.iryou.teikyouseido.mhlw.go.jp/znk-web/juminkanja/S2430/initialize?prefCd=12&kikanCd=1204894100&kikanKbn=1", "url2": "http://www.tojo-h.or.jp", "内容": "医療法人明星会　東条病院【1:病院】【診療科目:内科_循環器内科_消化器内科_神経内科_外科_整形外科_皮膚科_泌尿器科_精神科_心療内科_老年精神科_リハビリテーション科_放射線科】【一般病床数:52療養病床数:0精神病床数:128感染症病床数:0合計病床数:180】千葉県鴨川市広場１６１５" }, "geometry": { "type": "Point", "coordinates": [ 140.108776, 35.121491 ] } },
{ "type": "Feature", "properties": { "ID": 1211204895000, "正式名称": "医療法人三紫会　小田病院", "機関区分": 1, "都道府県コード": 12, "市区町村コード": 223, "所在地": "千葉県鴨川市横渚８８０", "緯度": 35.106162, "経度": 140.104913, "url": "https://www.iryou.teikyouseido.mhlw.go.jp/znk-web/juminkanja/S2430/initialize?prefCd=12&kikanCd=1204895000&kikanKbn=1", "url2": "http://oda-hp.com", "内容": "医療法人三紫会　小田病院【1:病院】【診療科目:内科_胃腸内科_整形外科_小児科_皮膚科_リハビリテーション科】【一般病床数:0療養病床数:35精神病床数:0感染症病床数:0合計病床数:35】千葉県鴨川市横渚８８０" }, "geometry": { "type": "Point", "coordinates": [ 140.104913, 35.106162 ] } },
{ "type": "Feature", "properties": { "ID": 1211204931000, "正式名称": "東京慈恵会医科大学附属柏病院", "機関区分": 1, "都道府県コード": 12, "市区町村コード": 217, "所在地": "千葉県柏市柏下１６３番地１", "緯度": 35.869803, "経度": 139.98298, "url": "https://www.iryou.teikyouseido.mhlw.go.jp/znk-web/juminkanja/S2430/initialize?prefCd=12&kikanCd=1204931000&kikanKbn=1", "url2": "http://www.jikei.ac.jp/hospital/kashiwa/index.html", "内容": "東京慈恵会医科大学附属柏病院【1:病院】【診療科目:内科_血液内科_脳神経内科_呼吸器内科_循環器内科_消化器内科_腎臓内科_糖尿病・代謝・内分泌内科_外科_脳神経外科_呼吸器外科_血管外科_心臓血管外科_消化器外科_肝臓外科_乳腺外科_整形外科_形成外科_小児科_小児外科_産婦人科_眼科_耳鼻いんこう科_皮膚科_泌尿器科_精神科_リハビリテーション科_放射線科_病理診断科_臨床検査科_救急科_麻酔科】【一般病床数:664療養病床数:0精神病床数:0感染症病床数:0合計病床数:664】千葉県柏市柏下１６３番地１" }, "geometry": { "type": "Point", "coordinates": [ 139.98298, 35.869803 ] } },
{ "type": "Feature", "properties": { "ID": 1211204932800, "正式名称": "柏市立柏病院", "機関区分": 1, "都道府県コード": 12, "市区町村コード": 217, "所在地": "千葉県柏市布施", "緯度": 35.892006, "経度": 139.981996, "url": "https://www.iryou.teikyouseido.mhlw.go.jp/znk-web/juminkanja/S2430/initialize?prefCd=12&kikanCd=1204932800&kikanKbn=1", "url2": "http://www.kashiwacity-hp.or.jp/", "内容": "柏市立柏病院【1:病院】【診療科目:内科_呼吸器内科_循環器内科_消化器内科_腎臓内科_肝臓内科_神経内科_外科_脳神経外科_整形外科_小児科_眼科_泌尿器科_リハビリテーション科_放射線科_麻酔科_内分泌・代謝内科】【一般病床数:200療養病床数:0精神病床数:0感染症病床数:0合計病床数:200】千葉県柏市布施" }, "geometry": { "type": "Point", "coordinates": [ 139.981996, 35.892006 ] } },
{ "type": "Feature", "properties": { "ID": 1211204933600, "正式名称": "医療法人　深町病院", "機関区分": 1, "都道府県コード": 12, "市区町村コード": 217, "所在地": "千葉県柏市柏　４－１０－１１", "緯度": 35.864159, "経度": 139.974092, "url": "https://www.iryou.teikyouseido.mhlw.go.jp/znk-web/juminkanja/S2430/initialize?prefCd=12&kikanCd=1204933600&kikanKbn=1", "url2": "http://www.fukamati-hp.com", "内容": "医療法人　深町病院【1:病院】【診療科目:内科_糖尿病内科_内分泌内科_呼吸器内科_循環器内科_消化器内科_神経内科_外科_整形外科_歯科_歯科口腔外科_リハビリテーション科】【一般病床数:49療養病床数:39精神病床数:0感染症病床数:0合計病床数:88】千葉県柏市柏　４－１０－１１" }, "geometry": { "type": "Point", "coordinates": [ 139.974092, 35.864159 ] } },
{ "type": "Feature", "properties": { "ID": 1211204934400, "正式名称": "医療法人聖峰会　岡田病院", "機関区分": 1, "都道府県コード": 12, "市区町村コード": 217, "所在地": "千葉県柏市末広町２－１０", "緯度": 35.863614, "経度": 139.97117, "url": "https://www.iryou.teikyouseido.mhlw.go.jp/znk-web/juminkanja/S2430/initialize?prefCd=12&kikanCd=1204934400&kikanKbn=1", "url2": "https://seihoukai-okada.or.jp/", "内容": "医療法人聖峰会　岡田病院【1:病院】【診療科目:内科_小児科_婦人科_アレルギー科】【一般病床数:51療養病床数:67精神病床数:0感染症病床数:0合計病床数:118】千葉県柏市末広町２－１０" }, "geometry": { "type": "Point", "coordinates": [ 139.97117, 35.863614 ] } },
{ "type": "Feature", "properties": { "ID": 1211204936000, "正式名称": "社会医療法人社団蛍水会名戸ヶ谷病院", "機関区分": 1, "都道府県コード": 12, "市区町村コード": 217, "所在地": "千葉県柏市新柏２－１－１", "緯度": 35.838814, "経度": 139.971888, "url": "https://www.iryou.teikyouseido.mhlw.go.jp/znk-web/juminkanja/S2430/initialize?prefCd=12&kikanCd=1204936000&kikanKbn=1", "url2": "http://www.nadogaya.com", "内容": "社会医療法人社団蛍水会名戸ヶ谷病院【1:病院】【診療科目:内科_循環器内科_外科_脳神経外科_頭頸部外科_整形外科_形成外科_美容外科_小児科_小児外科_眼科_耳鼻いんこう科_皮膚科_泌尿器科_歯科_歯科口腔外科_リハビリテーション科_救急科_麻酔科】【一般病床数:300療養病床数:0精神病床数:0感染症病床数:0合計病床数:300】千葉県柏市新柏２－１－１" }, "geometry": { "type": "Point", "coordinates": [ 139.971888, 35.838814 ] } },
{ "type": "Feature", "properties": { "ID": 1211204938700, "正式名称": "医療法人巻石堂病院", "機関区分": 1, "都道府県コード": 12, "市区町村コード": 217, "所在地": "千葉県柏市柏３－１０－２８", "緯度": 35.862001, "経度": 139.97585, "url": "https://www.iryou.teikyouseido.mhlw.go.jp/znk-web/juminkanja/S2430/initialize?prefCd=12&kikanCd=1204938700&kikanKbn=1", "url2": "http://www.hospital.ne.jp/kensekido/", "内容": "医療法人巻石堂病院【1:病院】【診療科目:小児科_産婦人科_麻酔科】【一般病床数:24療養病床数:0精神病床数:0感染症病床数:0合計病床数:24】千葉県柏市柏３－１０－２８" }, "geometry": { "type": "Point", "coordinates": [ 139.97585, 35.862001 ] } },
{ "type": "Feature", "properties": { "ID": 1211204939500, "正式名称": "国立研究開発法人　国立がん研究センター東病院", "機関区分": 1, "都道府県コード": 12, "市区町村コード": 217, "所在地": "千葉県柏市柏の葉", "緯度": 35.901163, "経度": 139.941526, "url": "https://www.iryou.teikyouseido.mhlw.go.jp/znk-web/juminkanja/S2430/initialize?prefCd=12&kikanCd=1204939500&kikanKbn=1", "url2": "https://www.ncc.go.jp/jp/ncce/index.html", "内容": "国立研究開発法人　国立がん研究センター東病院【1:病院】【診療科目:呼吸器内科_循環器内科_腫瘍内科_脳神経外科_呼吸器外科_食道外科_大腸外科_乳腺外科_頭頸部外科_形成外科_婦人科_眼科_皮膚科_泌尿器科_精神科_歯科_リハビリテーション科_放射線治療科】【一般病床数:427療養病床数:0精神病床数:0感染症病床数:0合計病床数:427】千葉県柏市柏の葉" }, "geometry": { "type": "Point", "coordinates": [ 139.941526, 35.901163 ] } },
{ "type": "Feature", "properties": { "ID": 1211204940900, "正式名称": "医療法人社団柏水会　初石病院", "機関区分": 1, "都道府県コード": 12, "市区町村コード": 217, "所在地": "千葉県柏市西原", "緯度": 35.888736, "経度": 139.927637, "url": "https://www.iryou.teikyouseido.mhlw.go.jp/znk-web/juminkanja/S2430/initialize?prefCd=12&kikanCd=1204940900&kikanKbn=1", "url2": "http://hakusuikai.or.jp", "内容": "医療法人社団柏水会　初石病院【1:病院】【診療科目:神経内科_老年内科_精神科】【一般病床数:0療養病床数:0精神病床数:806感染症病床数:0合計病床数:806】千葉県柏市西原" }, "geometry": { "type": "Point", "coordinates": [ 139.927637, 35.888736 ] } },
{ "type": "Feature", "properties": { "ID": 1211204941700, "正式名称": "医療法人社団葵会　千葉・柏リハビリテーション病院", "機関区分": 1, "都道府県コード": 12, "市区町村コード": 217, "所在地": "千葉県柏市大井２６５１", "緯度": 35.856088, "経度": 140.012967, "url": "https://www.iryou.teikyouseido.mhlw.go.jp/znk-web/juminkanja/S2430/initialize?prefCd=12&kikanCd=1204941700&kikanKbn=1", "url2": "http://www.aoikai.jp/", "内容": "医療法人社団葵会　千葉・柏リハビリテーション病院【1:病院】【診療科目:内科_人工透析内科_精神科_心療内科_リハビリテーション科】【一般病床数:117療養病床数:193精神病床数:120感染症病床数:0合計病床数:430】千葉県柏市大井２６５１" }, "geometry": { "type": "Point", "coordinates": [ 140.012967, 35.856088 ] } },
{ "type": "Feature", "properties": { "ID": 1211204942500, "正式名称": "医療法人社団健仁会　手賀沼病院", "機関区分": 1, "都道府県コード": 12, "市区町村コード": 217, "所在地": "千葉県柏市箕輪７００", "緯度": 35.855747, "経度": 140.016947, "url": "https://www.iryou.teikyouseido.mhlw.go.jp/znk-web/juminkanja/S2430/initialize?prefCd=12&kikanCd=1204942500&kikanKbn=1", "url2": "http://www.kenjin.or.jp/teganuma", "内容": "医療法人社団健仁会　手賀沼病院【1:病院】【診療科目:精神科_心療内科】【一般病床数:0療養病床数:0精神病床数:294感染症病床数:0合計病床数:294】千葉県柏市箕輪７００" }, "geometry": { "type": "Point", "coordinates": [ 140.016947, 35.855747 ] } },
{ "type": "Feature", "properties": { "ID": 1211204943300, "正式名称": "医療法人社団天宣会　北柏リハビリ総合病院", "機関区分": 1, "都道府県コード": 12, "市区町村コード": 217, "所在地": "千葉県柏市柏下２６５", "緯度": 35.871766, "経度": 139.982708, "url": "https://www.iryou.teikyouseido.mhlw.go.jp/znk-web/juminkanja/S2430/initialize?prefCd=12&kikanCd=1204943300&kikanKbn=1", "url2": "https://kitakashiwa.jp/rehabili", "内容": "医療法人社団天宣会　北柏リハビリ総合病院【1:病院】【診療科目:内科_血液内科_脳神経内科_呼吸器内科_循環器内科_消化器内科_腎臓内科_脳神経外科_整形外科_眼科_泌尿器科_精神科_歯科_リハビリテーション科_放射線科】【一般病床数:111療養病床数:36精神病床数:100感染症病床数:0合計病床数:247】千葉県柏市柏下２６５" }, "geometry": { "type": "Point", "coordinates": [ 139.982708, 35.871766 ] } },
{ "type": "Feature", "properties": { "ID": 1211204945000, "正式名称": "医療法人社団誠高会　おおたかの森病院", "機関区分": 1, "都道府県コード": 12, "市区町村コード": 217, "所在地": "千葉県柏市豊四季", "緯度": 35.867972, "経度": 139.930615, "url": "https://www.iryou.teikyouseido.mhlw.go.jp/znk-web/juminkanja/S2430/initialize?prefCd=12&kikanCd=1204945000&kikanKbn=1", "url2": "http://www.otakanomori-hp.com", "内容": "医療法人社団誠高会　おおたかの森病院【1:病院】【診療科目:内科_呼吸器内科_循環器内科_消化器内科_神経内科_外科_脳神経外科_呼吸器外科_心臓血管外科_消化器外科_乳腺外科_整形外科_小児科_眼科_皮膚科_泌尿器科_リウマチ科_リハビリテーション科_麻酔科】【一般病床数:288療養病床数:0精神病床数:0感染症病床数:0合計病床数:288】千葉県柏市豊四季" }, "geometry": { "type": "Point", "coordinates": [ 139.930615, 35.867972 ] } },
{ "type": "Feature", "properties": { "ID": 1211204948400, "正式名称": "医療法人社団協友会　柏厚生総合病院", "機関区分": 1, "都道府県コード": 12, "市区町村コード": 217, "所在地": "千葉県柏市篠籠田６１７", "緯度": 35.872935, "経度": 139.961337, "url": "https://www.iryou.teikyouseido.mhlw.go.jp/znk-web/juminkanja/S2430/initialize?prefCd=12&kikanCd=1204948400&kikanKbn=1", "url2": "http://www.kashiwakousei.or.jp/", "内容": "医療法人社団協友会　柏厚生総合病院【1:病院】【診療科目:内科_血液内科_糖尿病内科_脳神経内科_呼吸器内科_循環器内科_消化器内科_腎臓内科_人工透析内科_肝臓内科_腫瘍内科_内視鏡内科_外科_脳神経外科_呼吸器外科_血管外科_心臓外科_消化器外科_乳腺外科_内視鏡外科_移植外科_整形外科_形成外科_小児科_小児外科_婦人科_眼科_耳鼻いんこう科_皮膚科_泌尿器科_歯科_歯科口腔外科_アレルギー科_リウマチ科_リハビリテーション科_放射線科_病理診断科_麻酔科】【一般病床数:416療養病床数:0精神病床数:0感染症病床数:0合計病床数:416】千葉県柏市篠籠田６１７" }, "geometry": { "type": "Point", "coordinates": [ 139.961337, 35.872935 ] } },
{ "type": "Feature", "properties": { "ID": 1211205412700, "正式名称": "独立行政法人国立病院機構　千葉医療センター", "機関区分": 1, "都道府県コード": 12, "市区町村コード": 101, "所在地": "千葉県千葉市中央区椿森４丁目１－２", "緯度": 35.621623, "経度": 140.121647, "url": "https://www.iryou.teikyouseido.mhlw.go.jp/znk-web/juminkanja/S2430/initialize?prefCd=12&kikanCd=1205412700&kikanKbn=1", "url2": "https://chiba.hosp.go.jp", "内容": "独立行政法人国立病院機構　千葉医療センター【1:病院】【診療科目:内科_糖尿病・代謝内科_脳神経内科_呼吸器内科_循環器内科_消化器内科_緩和ケア内科_外科_脳神経外科_呼吸器外科_心臓血管外科_消化器外科_乳腺外科_頭頸部外科_整形外科_形成外科_小児科_産婦人科_眼科_耳鼻いんこう科_皮膚科_泌尿器科_精神科_歯科口腔外科_リハビリテーション科_放射線科_病理診断科_救急科_麻酔科】【一般病床数:410療養病床数:0精神病床数:0感染症病床数:0合計病床数:410】千葉県千葉市中央区椿森４丁目１－２" }, "geometry": { "type": "Point", "coordinates": [ 140.121647, 35.621623 ] } },
{ "type": "Feature", "properties": { "ID": 1211205413500, "正式名称": "千葉市立海浜病院", "機関区分": 1, "都道府県コード": 12, "市区町村コード": 106, "所在地": "千葉県千葉市美浜区磯辺３－３１－１", "緯度": 35.628024, "経度": 140.051516, "url": "https://www.iryou.teikyouseido.mhlw.go.jp/znk-web/juminkanja/S2430/initialize?prefCd=12&kikanCd=1205413500&kikanKbn=1", "url2": "http://www.city.chiba.jp/byoin/kaihin/kaihintop.html", "内容": "千葉市立海浜病院【1:病院】【診療科目:内科_感染症内科_内分泌内科_糖尿病・代謝内科_脳神経内科_呼吸器内科_循環器内科_消化器内科_外科_脳神経外科_心臓血管外科_消化器外科_乳腺外科_整形外科_形成外科_小児科_小児外科_産科_婦人科_眼科_耳鼻いんこう科_泌尿器科_リハビリテーション科_放射線診断科_放射線治療科_病理診断科_救急科_麻酔科_小児科（新生児）】【一般病床数:293療養病床数:0精神病床数:0感染症病床数:0合計病床数:293】千葉県千葉市美浜区磯辺３－３１－１" }, "geometry": { "type": "Point", "coordinates": [ 140.051516, 35.628024 ] } },
{ "type": "Feature", "properties": { "ID": 1211205414300, "正式名称": "医療法人社団福生会　斎藤労災病院", "機関区分": 1, "都道府県コード": 12, "市区町村コード": 101, "所在地": "千葉県千葉市中央区道場南１－１２－７", "緯度": 35.612477, "経度": 140.130285, "url": "https://www.iryou.teikyouseido.mhlw.go.jp/znk-web/juminkanja/S2430/initialize?prefCd=12&kikanCd=1205414300&kikanKbn=1", "url2": "http://www.saito-rosai.or.jp", "内容": "医療法人社団福生会　斎藤労災病院【1:病院】【診療科目:内科_呼吸器内科_消化器内科_外科_消化器外科_乳腺外科_肛門外科_整形外科_皮膚科_泌尿器科_リハビリテーション科】【一般病床数:26療養病床数:66精神病床数:0感染症病床数:0合計病床数:92】千葉県千葉市中央区道場南１－１２－７" }, "geometry": { "type": "Point", "coordinates": [ 140.130285, 35.612477 ] } },
{ "type": "Feature", "properties": { "ID": 1211205415100, "正式名称": "医療法人社団普照会　井上記念病院", "機関区分": 1, "都道府県コード": 12, "市区町村コード": 101, "所在地": "千葉県千葉市中央区新田町", "緯度": 35.609327, "経度": 140.115792, "url": "https://www.iryou.teikyouseido.mhlw.go.jp/znk-web/juminkanja/S2430/initialize?prefCd=12&kikanCd=1205415100&kikanKbn=1", "url2": "http://www.inouemh.or.jp", "内容": "医療法人社団普照会　井上記念病院【1:病院】【診療科目:内科_外科_乳腺外科_整形外科_眼科_皮膚科_泌尿器科_リハビリテーション科_放射線科】【一般病床数:120療養病床数:51精神病床数:0感染症病床数:0合計病床数:171】千葉県千葉市中央区新田町" }, "geometry": { "type": "Point", "coordinates": [ 140.115792, 35.609327 ] } },
{ "type": "Feature", "properties": { "ID": 1211205417800, "正式名称": "医療法人社団晴山会　平山病院", "機関区分": 1, "都道府県コード": 12, "市区町村コード": 102, "所在地": "千葉県千葉市花見川区花見川１４９４番地３", "緯度": 35.685268, "経度": 140.092805, "url": "https://www.iryou.teikyouseido.mhlw.go.jp/znk-web/juminkanja/S2430/initialize?prefCd=12&kikanCd=1205417800&kikanKbn=1", "url2": "http://www.hirayama-hospital.or.jp", "内容": "医療法人社団晴山会　平山病院【1:病院】【診療科目:内科_呼吸器内科_腎臓内科_人工透析内科_外科_脳神経外科_呼吸器外科_循環器外科_心臓血管外科_整形外科_形成外科_眼科_耳鼻いんこう科_皮膚科_泌尿器科_精神科_リハビリテーション科_人工透析外科】【一般病床数:47療養病床数:143精神病床数:0感染症病床数:0合計病床数:190】千葉県千葉市花見川区花見川１４９４番地３" }, "geometry": { "type": "Point", "coordinates": [ 140.092805, 35.685268 ] } },
{ "type": "Feature", "properties": { "ID": 1211205418600, "正式名称": "医療法人社団幸有会　幸有会記念病院", "機関区分": 1, "都道府県コード": 12, "市区町村コード": 102, "所在地": "千葉県千葉市花見川区犢橋町７７－３", "緯度": 35.66874, "経度": 140.112798, "url": "https://www.iryou.teikyouseido.mhlw.go.jp/znk-web/juminkanja/S2430/initialize?prefCd=12&kikanCd=1205418600&kikanKbn=1", "url2": "https://koyukaihp.com/", "内容": "医療法人社団幸有会　幸有会記念病院【1:病院】【診療科目:内科_糖尿病内科_呼吸器内科_循環器内科_消化器内科_腎臓内科_神経内科_老年内科_外科_消化器外科_乳腺外科_肛門外科_整形外科_形成外科_内分泌外科（改行）人工透析外科_婦人科_皮膚科_泌尿器科_精神科_心療内科_老年精神科_リハビリテーション科_放射線診断科_麻酔科_内分泌外科，人工透析外科】【一般病床数:158療養病床数:0精神病床数:0感染症病床数:0合計病床数:158】千葉県千葉市花見川区犢橋町７７－３" }, "geometry": { "type": "Point", "coordinates": [ 140.112798, 35.66874 ] } },
{ "type": "Feature", "properties": { "ID": 1211205419400, "正式名称": "医療法人社団誠馨会　千葉中央メディカルセンター", "機関区分": 1, "都道府県コード": 12, "市区町村コード": 104, "所在地": "千葉県千葉市若葉区加曽利町１８３５－１", "緯度": 35.618183, "経度": 140.17162, "url": "https://www.iryou.teikyouseido.mhlw.go.jp/znk-web/juminkanja/S2430/initialize?prefCd=12&kikanCd=1205419400&kikanKbn=1", "url2": "http://www.ccmc.seikei-kai.or.jp/", "内容": "医療法人社団誠馨会　千葉中央メディカルセンター【1:病院】【診療科目:内科_糖尿病内科_脳神経内科_呼吸器内科_循環器内科_消化器内科_腎臓内科_人工透析内科_外科_脳神経外科_心臓血管外科_整形外科_形成外科_眼科_皮膚科_泌尿器科_リウマチ科_リハビリテーション科_放射線科_病理診断科_救急科_麻酔科】【一般病床数:272療養病床数:0精神病床数:0感染症病床数:0合計病床数:272】千葉県千葉市若葉区加曽利町１８３５－１" }, "geometry": { "type": "Point", "coordinates": [ 140.17162, 35.618183 ] } },
{ "type": "Feature", "properties": { "ID": 1211205421600, "正式名称": "医療法人社団創進会　みつわ台総合病院", "機関区分": 1, "都道府県コード": 12, "市区町村コード": 104, "所在地": "千葉県千葉市若葉区若松町５３１－４８６", "緯度": 35.647013, "経度": 140.143688, "url": "https://www.iryou.teikyouseido.mhlw.go.jp/znk-web/juminkanja/S2430/initialize?prefCd=12&kikanCd=1205421600&kikanKbn=1", "url2": "http://www.mitsuwadaibyoin.or.jp", "内容": "医療法人社団創進会　みつわ台総合病院【1:病院】【診療科目:内科_呼吸器内科_循環器内科_消化器内科_外科_脳神経外科_心臓血管外科_肛門外科_整形外科_形成外科_婦人科_眼科_耳鼻いんこう科_皮膚科_泌尿器科_歯科_歯科口腔外科_リハビリテーション科_放射線科_病理診断科_麻酔科】【一般病床数:261療養病床数:0精神病床数:0感染症病床数:0合計病床数:261】千葉県千葉市若葉区若松町５３１－４８６" }, "geometry": { "type": "Point", "coordinates": [ 140.143688, 35.647013 ] } },
{ "type": "Feature", "properties": { "ID": 1211205422400, "正式名称": "医療法人社団有相会　最成病院", "機関区分": 1, "都道府県コード": 12, "市区町村コード": 102, "所在地": "千葉県千葉市花見川区柏井町８００－１", "緯度": 35.688366, "経度": 140.103214, "url": "https://www.iryou.teikyouseido.mhlw.go.jp/znk-web/juminkanja/S2430/initialize?prefCd=12&kikanCd=1205422400&kikanKbn=1", "url2": "https://www.saisei.or.jp/", "内容": "医療法人社団有相会　最成病院【1:病院】【診療科目:内科_脳神経内科_呼吸器内科_循環器内科_消化器内科_肛門内科_外科_脳神経外科_乳腺外科_肛門外科_整形外科_婦人科_皮膚科_泌尿器科_精神科_リハビリテーション科_放射線科_麻酔科】【一般病床数:199療養病床数:0精神病床数:0感染症病床数:0合計病床数:199】千葉県千葉市花見川区柏井町８００－１" }, "geometry": { "type": "Point", "coordinates": [ 140.103214, 35.688366 ] } },
{ "type": "Feature", "properties": { "ID": 1211205423200, "正式名称": "医療法人社団翠明会　山王病院", "機関区分": 1, "都道府県コード": 12, "市区町村コード": 103, "所在地": "千葉県千葉市稲毛区山王町１６６番地２", "緯度": 35.667177, "経度": 140.139693, "url": "https://www.iryou.teikyouseido.mhlw.go.jp/znk-web/juminkanja/S2430/initialize?prefCd=12&kikanCd=1205423200&kikanKbn=1", "url2": "http://www.sannou.or.jp/", "内容": "医療法人社団翠明会　山王病院【1:病院】【診療科目:内科_血液内科_糖尿病内科_呼吸器内科_循環器内科_消化器内科_腎臓内科_神経内科_外科_脳神経外科_血管外科_乳腺外科_肛門外科_整形外科_小児科_婦人科_眼科_耳鼻いんこう科_皮膚科_泌尿器科_精神科_心療内科_歯科_リウマチ科_リハビリテーション科_放射線科_麻酔科】【一般病床数:255療養病床数:0精神病床数:0感染症病床数:0合計病床数:255】千葉県千葉市稲毛区山王町１６６番地２" }, "geometry": { "type": "Point", "coordinates": [ 140.139693, 35.667177 ] } },
{ "type": "Feature", "properties": { "ID": 1211205424000, "正式名称": "千葉大学医学部附属病院", "機関区分": 1, "都道府県コード": 12, "市区町村コード": 101, "所在地": "千葉県千葉市中央区亥鼻１丁目８－１", "緯度": 35.604006, "経度": 140.131672, "url": "https://www.iryou.teikyouseido.mhlw.go.jp/znk-web/juminkanja/S2430/initialize?prefCd=12&kikanCd=1205424000&kikanKbn=1", "url2": "http://www.ho.chiba-u.ac.jp", "内容": "千葉大学医学部附属病院【1:病院】【診療科目:内科_感染症内科_血液内科_脳神経内科_呼吸器内科_循環器内科_消化器内科_腎臓内科_腫瘍内科_糖尿病・代謝・内分泌・老年内科_脳神経外科_呼吸器外科_心臓血管外科_肝臓・胆のう・膵臓外科_乳腺外科_整形外科_形成外科_食道・胃腸外科_小児科_小児外科_産婦人科_眼科_頭頸部耳鼻いんこう科_皮膚科_泌尿器科_精神科_心療内科_歯科_歯科口腔外科_アレルギー科_リウマチ科_リハビリテーション科_放射線科_病理診断科_臨床検査科_救急科_麻酔科】【一般病床数:768療養病床数:0精神病床数:41感染症病床数:5合計病床数:814】千葉県千葉市中央区亥鼻１丁目８－１" }, "geometry": { "type": "Point", "coordinates": [ 140.131672, 35.604006 ] } },
{ "type": "Feature", "properties": { "ID": 1211205425900, "正式名称": "社会医療法人社団健脳会　千葉脳神経外科病院", "機関区分": 1, "都道府県コード": 12, "市区町村コード": 103, "所在地": "千葉県千葉市稲毛区長沼原町４０８", "緯度": 35.677823, "経度": 140.127599, "url": "https://www.iryou.teikyouseido.mhlw.go.jp/znk-web/juminkanja/S2430/initialize?prefCd=12&kikanCd=1205425900&kikanKbn=1", "url2": "https://ssl.chiba-nougeka.or.jp/", "内容": "社会医療法人社団健脳会　千葉脳神経外科病院【1:病院】【診療科目:脳神経外科_リハビリテーション科】【一般病床数:97療養病床数:0精神病床数:0感染症病床数:0合計病床数:97】千葉県千葉市稲毛区長沼原町４０８" }, "geometry": { "type": "Point", "coordinates": [ 140.127599, 35.677823 ] } },
{ "type": "Feature", "properties": { "ID": 1211205426700, "正式名称": "独立行政法人地域医療機能推進機構千葉病院", "機関区分": 1, "都道府県コード": 12, "市区町村コード": 101, "所在地": "千葉県千葉市中央区仁戸名町６８２", "緯度": 35.582845, "経度": 140.162803, "url": "https://www.iryou.teikyouseido.mhlw.go.jp/znk-web/juminkanja/S2430/initialize?prefCd=12&kikanCd=1205426700&kikanKbn=1", "url2": "http://www.chiba.jcho.go.jp", "内容": "独立行政法人地域医療機能推進機構千葉病院【1:病院】【診療科目:内科_血液内科_呼吸器内科_循環器内科_消化器内科_腎臓内科_人工透析内科_内視鏡内科_外科_心臓血管外科_消化器外科_大腸・肛門外科_内視鏡外科_移植外科_整形外科_形成外科_婦人科_眼科_耳鼻いんこう科_皮膚科_泌尿器科_リハビリテーション科_人工透析外科】【一般病床数:160療養病床数:0精神病床数:0感染症病床数:0合計病床数:160】千葉県千葉市中央区仁戸名町６８２" }, "geometry": { "type": "Point", "coordinates": [ 140.162803, 35.582845 ] } },
{ "type": "Feature", "properties": { "ID": 1211205428300, "正式名称": "医療法人柏葉会　柏戸病院", "機関区分": 1, "都道府県コード": 12, "市区町村コード": 101, "所在地": "千葉県千葉市中央区長洲２丁２１番８号", "緯度": 35.599665, "経度": 140.123456, "url": "https://www.iryou.teikyouseido.mhlw.go.jp/znk-web/juminkanja/S2430/initialize?prefCd=12&kikanCd=1205428300&kikanKbn=1", "url2": "http://www.kashiwado.com", "内容": "医療法人柏葉会　柏戸病院【1:病院】【診療科目:内科_糖尿病内科_脳神経内科_呼吸器内科_循環器内科_消化器内科_肝臓内科_外科_心臓血管外科_消化器外科_肛門外科_整形外科_眼科_リハビリテーション科】【一般病床数:129療養病床数:41精神病床数:0感染症病床数:0合計病床数:170】千葉県千葉市中央区長洲２丁２１番８号" }, "geometry": { "type": "Point", "coordinates": [ 140.123456, 35.599665 ] } },
{ "type": "Feature", "properties": { "ID": 1211205429100, "正式名称": "社会医療法人社団千葉県勤労者医療協会　千葉健生病院", "機関区分": 1, "都道府県コード": 12, "市区町村コード": 102, "所在地": "千葉県千葉市花見川区幕張町５－３９２－４", "緯度": 35.653136, "経度": 140.059156, "url": "https://www.iryou.teikyouseido.mhlw.go.jp/znk-web/juminkanja/S2430/initialize?prefCd=12&kikanCd=1205429100&kikanKbn=1", "url2": "http://www.chibakensei-hp.jp/", "内容": "社会医療法人社団千葉県勤労者医療協会　千葉健生病院【1:病院】【診療科目:内科_消化器内科_リハビリテーション科】【一般病床数:90療養病床数:0精神病床数:0感染症病床数:0合計病床数:90】千葉県千葉市花見川区幕張町５－３９２－４" }, "geometry": { "type": "Point", "coordinates": [ 140.059156, 35.653136 ] } },
{ "type": "Feature", "properties": { "ID": 1211205431300, "正式名称": "医療法人緑栄会　三愛記念病院", "機関区分": 1, "都道府県コード": 12, "市区町村コード": 101, "所在地": "千葉県千葉市中央区新千葉２－２－３", "緯度": 35.612883, "経度": 140.110873, "url": "https://www.iryou.teikyouseido.mhlw.go.jp/znk-web/juminkanja/S2430/initialize?prefCd=12&kikanCd=1205431300&kikanKbn=1", "url2": "http://www.3ai-hosp.jp/", "内容": "医療法人緑栄会　三愛記念病院【1:病院】【診療科目:内科_呼吸器内科_循環器内科_消化器内科_腎臓内科_人工透析内科_外科_心臓血管外科_消化器外科_整形外科_形成外科_リハビリテーション科_人工透析外科】【一般病床数:60療養病床数:120精神病床数:0感染症病床数:0合計病床数:180】千葉県千葉市中央区新千葉２－２－３" }, "geometry": { "type": "Point", "coordinates": [ 140.110873, 35.612883 ] } },
{ "type": "Feature", "properties": { "ID": 1211205433000, "正式名称": "千葉市立青葉病院", "機関区分": 1, "都道府県コード": 12, "市区町村コード": 101, "所在地": "千葉県千葉市中央区青葉町１２７３－２", "緯度": 35.601237, "経度": 140.138891, "url": "https://www.iryou.teikyouseido.mhlw.go.jp/znk-web/juminkanja/S2430/initialize?prefCd=12&kikanCd=1205433000&kikanKbn=1", "url2": "https://hospital.city.chiba.jp/aoba/", "内容": "千葉市立青葉病院【1:病院】【診療科目:内科_感染症内科_血液内科_内分泌内科_糖尿病・代謝内科_脳神経内科_呼吸器内科_循環器内科_消化器内科_外科_脳神経外科_消化器外科_整形外科_小児科_産婦人科_眼科_耳鼻いんこう科_皮膚科_泌尿器科_精神科_歯科_リウマチ科_リハビリテーション科_放射線科_病理診断科_救急科_麻酔科】【一般病床数:307療養病床数:0精神病床数:56感染症病床数:6合計病床数:369】千葉県千葉市中央区青葉町１２７３－２" }, "geometry": { "type": "Point", "coordinates": [ 140.138891, 35.601237 ] } },
{ "type": "Feature", "properties": { "ID": 1211205434800, "正式名称": "医療法人社団明生会　三橋明生病院", "機関区分": 1, "都道府県コード": 12, "市区町村コード": 101, "所在地": "千葉県千葉市中央区亀井町２番３号", "緯度": 35.608117, "経度": 140.128702, "url": "https://www.iryou.teikyouseido.mhlw.go.jp/znk-web/juminkanja/S2430/initialize?prefCd=12&kikanCd=1205434800&kikanKbn=1", "url2": "https://meysey.com/", "内容": "医療法人社団明生会　三橋明生病院【1:病院】【診療科目:内科_消化器内科_胃腸内科_腎臓内科_人工透析内科_漢方内科_ペインクリニック内科_外科_脳神経外科_消化器外科_胃腸外科_ペインクリニック外科_整形外科】【一般病床数:40療養病床数:50精神病床数:0感染症病床数:0合計病床数:90】千葉県千葉市中央区亀井町２番３号" }, "geometry": { "type": "Point", "coordinates": [ 140.128702, 35.608117 ] } },
{ "type": "Feature", "properties": { "ID": 1211205435600, "正式名称": "千葉県こども病院", "機関区分": 1, "都道府県コード": 12, "市区町村コード": 105, "所在地": "千葉県千葉市緑区辺田町５７９－１", "緯度": 35.558106, "経度": 140.190286, "url": "https://www.iryou.teikyouseido.mhlw.go.jp/znk-web/juminkanja/S2430/initialize?prefCd=12&kikanCd=1205435600&kikanKbn=1", "url2": "http://www.pref.chiba.lg.jp/kodomo/", "内容": "千葉県こども病院【1:病院】【診療科目:感染症内科_血液・腫瘍内科_代謝内科_内分泌内科_循環器内科_腎臓内科_神経内科_脳神経外科_心臓血管外科_整形外科_形成外科_小児科_小児外科_新生児内科_産科_眼科_耳鼻いんこう科_皮膚科_泌尿器科_精神科_歯科_アレルギー科_リハビリテーション科_放射線診断科_放射線治療科_病理診断科_救急科_麻酔科】【一般病床数:218療養病床数:0精神病床数:0感染症病床数:0合計病床数:218】千葉県千葉市緑区辺田町５７９－１" }, "geometry": { "type": "Point", "coordinates": [ 140.190286, 35.558106 ] } },
{ "type": "Feature", "properties": { "ID": 1211205436400, "正式名称": "独立行政法人国立病院機構千葉東病院", "機関区分": 1, "都道府県コード": 12, "市区町村コード": 101, "所在地": "千葉県千葉市中央区仁戸名町６７３", "緯度": 35.583806, "経度": 140.158873, "url": "https://www.iryou.teikyouseido.mhlw.go.jp/znk-web/juminkanja/S2430/initialize?prefCd=12&kikanCd=1205436400&kikanKbn=1", "url2": "http://www.chiba-easthp.jp/", "内容": "独立行政法人国立病院機構千葉東病院【1:病院】【診療科目:内科_糖尿病・内分泌内科_脳神経内科_呼吸器内科_循環器内科_消化器内科_腎臓内科_外科_脳神経外科_呼吸器外科_心臓血管外科_整形外科_形成外科_小児科_婦人科_眼科_耳鼻いんこう科_皮膚科_泌尿器科_精神科_心療内科_歯科_リハビリテーション科_放射線科_病理診断科_麻酔科_リウマチ・アレルギー科】【一般病床数:313療養病床数:0精神病床数:0感染症病床数:0合計病床数:313】千葉県千葉市中央区仁戸名町６７３" }, "geometry": { "type": "Point", "coordinates": [ 140.158873, 35.583806 ] } },
{ "type": "Feature", "properties": { "ID": 1211205437200, "正式名称": "独立行政法人国立病院機構下総精神医療センター", "機関区分": 1, "都道府県コード": 12, "市区町村コード": 105, "所在地": "千葉県千葉市緑区辺田町５７８", "緯度": 35.559845, "経度": 140.189541, "url": "https://www.iryou.teikyouseido.mhlw.go.jp/znk-web/juminkanja/S2430/initialize?prefCd=12&kikanCd=1205437200&kikanKbn=1", "url2": "https://shimofusa.hosp.go.jp/index.html", "内容": "独立行政法人国立病院機構下総精神医療センター【1:病院】【診療科目:内科_精神科_神経科_心療内科_歯科_リハビリテーション科】【一般病床数:0療養病床数:0精神病床数:397感染症病床数:0合計病床数:397】千葉県千葉市緑区辺田町５７８" }, "geometry": { "type": "Point", "coordinates": [ 140.189541, 35.559845 ] } },
{ "type": "Feature", "properties": { "ID": 1211205439900, "正式名称": "千葉県がんセンター", "機関区分": 1, "都道府県コード": 12, "市区町村コード": 101, "所在地": "千葉県千葉市中央区仁戸名町６６６－２", "緯度": 35.580473, "経度": 140.16049, "url": "https://www.iryou.teikyouseido.mhlw.go.jp/znk-web/juminkanja/S2430/initialize?prefCd=12&kikanCd=1205439900&kikanKbn=1", "url2": "https://www.pref.chiba.lg.jp/gan/", "内容": "千葉県がんセンター【1:病院】【診療科目:内科_呼吸器内科_循環器内科_消化器内科_内視鏡内科_緩和ケア内科_脳神経外科_呼吸器外科_消化器外科_肝臓・胆のう・膵臓外科_乳腺外科_頭頸部外科_整形外科_形成外科_婦人科_耳鼻いんこう科_皮膚科_泌尿器科_歯科_放射線診断科_放射線治療科_病理診断科_麻酔科_食道・胃腸外科，腫瘍・血液内科，腫瘍精神科】【一般病床数:450療養病床数:0精神病床数:0感染症病床数:0合計病床数:450】千葉県千葉市中央区仁戸名町６６６－２" }, "geometry": { "type": "Point", "coordinates": [ 140.16049, 35.580473 ] } },
{ "type": "Feature", "properties": { "ID": 1211205440200, "正式名称": "千葉県千葉リハビリテーションセンター", "機関区分": 1, "都道府県コード": 12, "市区町村コード": 105, "所在地": "千葉県千葉市緑区誉田町１丁目４５番２号", "緯度": 35.557118, "経度": 140.192416, "url": "https://www.iryou.teikyouseido.mhlw.go.jp/znk-web/juminkanja/S2430/initialize?prefCd=12&kikanCd=1205440200&kikanKbn=1", "url2": "http://www.chiba-reha.jp/", "内容": "千葉県千葉リハビリテーションセンター【1:病院】【診療科目:内科_神経内科_整形外科_小児科_眼科_耳鼻いんこう科_皮膚科_泌尿器科_精神科_歯科_リウマチ科_リハビリテーション科_麻酔科】【一般病床数:242療養病床数:0精神病床数:0感染症病床数:0合計病床数:242】千葉県千葉市緑区誉田町１丁目４５番２号" }, "geometry": { "type": "Point", "coordinates": [ 140.192416, 35.557118 ] } },
{ "type": "Feature", "properties": { "ID": 1211205442900, "正式名称": "医療法人社団誠馨会　自動車事故対策機構千葉療護センター", "機関区分": 1, "都道府県コード": 12, "市区町村コード": 106, "所在地": "千葉県千葉市美浜区磯辺３丁目３０番１号", "緯度": 35.625883, "経度": 140.055821, "url": "https://www.iryou.teikyouseido.mhlw.go.jp/znk-web/juminkanja/S2430/initialize?prefCd=12&kikanCd=1205442900&kikanKbn=1", "url2": "http://chiba-ryougo.jp/", "内容": "医療法人社団誠馨会　自動車事故対策機構千葉療護センター【1:病院】【診療科目:脳神経外科】【一般病床数:80療養病床数:0精神病床数:0感染症病床数:0合計病床数:80】千葉県千葉市美浜区磯辺３丁目３０番１号" }, "geometry": { "type": "Point", "coordinates": [ 140.055821, 35.625883 ] } },
{ "type": "Feature", "properties": { "ID": 1211205443700, "正式名称": "医療法人グリーンエミネンス　中村古峡記念病院", "機関区分": 1, "都道府県コード": 12, "市区町村コード": 101, "所在地": "千葉県千葉市中央区千葉寺町１８８番地", "緯度": 35.595453, "経度": 140.129457, "url": "https://www.iryou.teikyouseido.mhlw.go.jp/znk-web/juminkanja/S2430/initialize?prefCd=12&kikanCd=1205443700&kikanKbn=1", "url2": "https://www.green-eminence.com", "内容": "医療法人グリーンエミネンス　中村古峡記念病院【1:病院】【診療科目:内科_整形外科_精神科_心療内科_リハビリテーション科_放射線科】【一般病床数:0療養病床数:0精神病床数:240感染症病床数:0合計病床数:240】千葉県千葉市中央区千葉寺町１８８番地" }, "geometry": { "type": "Point", "coordinates": [ 140.129457, 35.595453 ] } },
{ "type": "Feature", "properties": { "ID": 1211205444500, "正式名称": "医療法人学而会　木村病院", "機関区分": 1, "都道府県コード": 12, "市区町村コード": 101, "所在地": "千葉県千葉市中央区東本町６番１９号", "緯度": 35.610858, "経度": 140.129099, "url": "https://www.iryou.teikyouseido.mhlw.go.jp/znk-web/juminkanja/S2430/initialize?prefCd=12&kikanCd=1205444500&kikanKbn=1", "url2": "gakujikai.jp/", "内容": "医療法人学而会　木村病院【1:病院】【診療科目:精神科_心療内科】【一般病床数:0療養病床数:0精神病床数:130感染症病床数:0合計病床数:130】千葉県千葉市中央区東本町６番１９号" }, "geometry": { "type": "Point", "coordinates": [ 140.129099, 35.610858 ] } },
{ "type": "Feature", "properties": { "ID": 1211205446100, "正式名称": "医療法人社団誠馨会総泉病院", "機関区分": 1, "都道府県コード": 12, "市区町村コード": 104, "所在地": "千葉県千葉市若葉区更科町２５９２", "緯度": 35.620986, "経度": 140.218311, "url": "https://www.iryou.teikyouseido.mhlw.go.jp/znk-web/juminkanja/S2430/initialize?prefCd=12&kikanCd=1205446100&kikanKbn=1", "url2": "http://www.sousen.seikei-kai.or.jp", "内容": "医療法人社団誠馨会総泉病院【1:病院】【診療科目:内科_脳神経内科_外科_脳神経外科_整形外科_精神科_リハビリテーション科】【一般病床数:102療養病床数:146精神病床数:0感染症病床数:0合計病床数:248】千葉県千葉市若葉区更科町２５９２" }, "geometry": { "type": "Point", "coordinates": [ 140.218311, 35.620986 ] } },
{ "type": "Feature", "properties": { "ID": 1211205448800, "正式名称": "医療法人社団紫雲会　千葉南病院", "機関区分": 1, "都道府県コード": 12, "市区町村コード": 105, "所在地": "千葉県千葉市緑区高田町４０１－５", "緯度": 35.554449, "経度": 140.211909, "url": "https://www.iryou.teikyouseido.mhlw.go.jp/znk-web/juminkanja/S2430/initialize?prefCd=12&kikanCd=1205448800&kikanKbn=1", "url2": "http://www.chibaminami-hp.jp/", "内容": "医療法人社団紫雲会　千葉南病院【1:病院】【診療科目:内科_糖尿病・内分泌内科_脳神経内科_呼吸器内科_循環器内科_消化器内科_腎臓内科_外科_脳神経外科_消化器外科_乳腺外科_内視鏡外科_整形外科_婦人科_皮膚科_泌尿器科_アレルギー科_リウマチ科_リハビリテーション科】【一般病床数:52療養病床数:79精神病床数:0感染症病床数:0合計病床数:131】千葉県千葉市緑区高田町４０１－５" }, "geometry": { "type": "Point", "coordinates": [ 140.211909, 35.554449 ] } },
{ "type": "Feature", "properties": { "ID": 1211205449600, "正式名称": "医療法人社団ふけ会　富家千葉病院", "機関区分": 1, "都道府県コード": 12, "市区町村コード": 103, "所在地": "千葉県千葉市稲毛区長沼原町２７７－１", "緯度": 35.669388, "経度": 140.128713, "url": "https://www.iryou.teikyouseido.mhlw.go.jp/znk-web/juminkanja/S2430/initialize?prefCd=12&kikanCd=1205449600&kikanKbn=1", "url2": "http://www.fukechiba-hp.jp/", "内容": "医療法人社団ふけ会　富家千葉病院【1:病院】【診療科目:内科_整形外科_人工透析外科_皮膚科_リハビリテーション科】【一般病床数:42療養病床数:157精神病床数:0感染症病床数:0合計病床数:199】千葉県千葉市稲毛区長沼原町２７７－１" }, "geometry": { "type": "Point", "coordinates": [ 140.128713, 35.669388 ] } },
{ "type": "Feature", "properties": { "ID": 1211205451800, "正式名称": "医療法人社団鏡一会　鏡戸病院", "機関区分": 1, "都道府県コード": 12, "市区町村コード": 105, "所在地": "千葉県千葉市緑区あすみが丘１丁目３１番地８", "緯度": 35.530914, "経度": 140.267753, "url": "https://www.iryou.teikyouseido.mhlw.go.jp/znk-web/juminkanja/S2430/initialize?prefCd=12&kikanCd=1205451800&kikanKbn=1", "url2": null, "内容": "医療法人社団鏡一会　鏡戸病院【1:病院】【診療科目:内科_脳神経内科_小児科_精神科】【一般病床数:0療養病床数:41精神病床数:0感染症病床数:0合計病床数:41】千葉県千葉市緑区あすみが丘１丁目３１番地８" }, "geometry": { "type": "Point", "coordinates": [ 140.267753, 35.530914 ] } },
{ "type": "Feature", "properties": { "ID": 1211205452600, "正式名称": "医療法人社団あい　増田病院", "機関区分": 1, "都道府県コード": 12, "市区町村コード": 101, "所在地": "千葉県千葉市中央区春日１－１６－５", "緯度": 35.61954, "経度": 140.104556, "url": "https://www.iryou.teikyouseido.mhlw.go.jp/znk-web/juminkanja/S2430/initialize?prefCd=12&kikanCd=1205452600&kikanKbn=1", "url2": "http://www.masuda-hp.com", "内容": "医療法人社団あい　増田病院【1:病院】【診療科目:内科_胃腸内科_外科_肛門外科_整形外科_皮膚科_泌尿器科】【一般病床数:48療養病床数:0精神病床数:0感染症病床数:0合計病床数:48】千葉県千葉市中央区春日１－１６－５" }, "geometry": { "type": "Point", "coordinates": [ 140.104556, 35.61954 ] } },
{ "type": "Feature", "properties": { "ID": 1211205453400, "正式名称": "医療法人社団青草会　篠﨑病院", "機関区分": 1, "都道府県コード": 12, "市区町村コード": 104, "所在地": "千葉県千葉市若葉区若松町２１２０番地", "緯度": 35.635951, "経度": 140.166895, "url": "https://www.iryou.teikyouseido.mhlw.go.jp/znk-web/juminkanja/S2430/initialize?prefCd=12&kikanCd=1205453400&kikanKbn=1", "url2": "www.shinozaki-hp.com", "内容": "医療法人社団青草会　篠﨑病院【1:病院】【診療科目:精神科_神経科_心療内科】【一般病床数:0療養病床数:0精神病床数:128感染症病床数:0合計病床数:128】千葉県千葉市若葉区若松町２１２０番地" }, "geometry": { "type": "Point", "coordinates": [ 140.166895, 35.635951 ] } },
{ "type": "Feature", "properties": { "ID": 1211205454200, "正式名称": "千葉市桜木園", "機関区分": 1, "都道府県コード": 12, "市区町村コード": 104, "所在地": "千葉県千葉市若葉区桜木８丁目３１番１５号", "緯度": 35.626179, "経度": 140.165212, "url": "https://www.iryou.teikyouseido.mhlw.go.jp/znk-web/juminkanja/S2430/initialize?prefCd=12&kikanCd=1205454200&kikanKbn=1", "url2": "https://chiba-shakyo.jp/sakuragi/", "内容": "千葉市桜木園【1:病院】【診療科目:内科_小児科】【一般病床数:55療養病床数:0精神病床数:0感染症病床数:0合計病床数:55】千葉県千葉市若葉区桜木８丁目３１番１５号" }, "geometry": { "type": "Point", "coordinates": [ 140.165212, 35.626179 ] } },
{ "type": "Feature", "properties": { "ID": 1211205455000, "正式名称": "医療法人社団千葉いずみ会　泉中央病院", "機関区分": 1, "都道府県コード": 12, "市区町村コード": 104, "所在地": "千葉県千葉市若葉区高根町９６４−４２", "緯度": 35.594259, "経度": 140.219868, "url": "https://www.iryou.teikyouseido.mhlw.go.jp/znk-web/juminkanja/S2430/initialize?prefCd=12&kikanCd=1205455000&kikanKbn=1", "url2": "http://chibaizumi-kai.com/izumi-chuohp/", "内容": "医療法人社団千葉いずみ会　泉中央病院【1:病院】【診療科目:内科_外科_消化器外科_整形外科_リウマチ科】【一般病床数:51療養病床数:47精神病床数:0感染症病床数:0合計病床数:98】千葉県千葉市若葉区高根町９６４−４２" }, "geometry": { "type": "Point", "coordinates": [ 140.219868, 35.594259 ] } },
{ "type": "Feature", "properties": { "ID": 1211206684200, "正式名称": "船橋市立医療センター", "機関区分": 1, "都道府県コード": 12, "市区町村コード": 204, "所在地": "千葉県船橋市金杉１丁目２１－１", "緯度": 35.723819, "経度": 139.998502, "url": "https://www.iryou.teikyouseido.mhlw.go.jp/znk-web/juminkanja/S2430/initialize?prefCd=12&kikanCd=1206684200&kikanKbn=1", "url2": "http://www.mmc.funabashi.chiba.jp/", "内容": "船橋市立医療センター【1:病院】【診療科目:内科_代謝内科_脳神経内科_呼吸器内科_循環器内科_消化器内科_腎臓内科_腫瘍内科_緩和ケア内科_外科_脳神経外科_呼吸器外科_心臓血管外科_消化器外科_乳腺外科_整形外科_形成外科_小児科_産婦人科_眼科_耳鼻いんこう科_皮膚科_泌尿器科_精神科_歯科口腔外科_リウマチ科_リハビリテーション科_放射線診断科_放射線治療科_救急科_麻酔科】【一般病床数:449療養病床数:0精神病床数:0感染症病床数:0合計病床数:449】千葉県船橋市金杉１丁目２１－１" }, "geometry": { "type": "Point", "coordinates": [ 139.998502, 35.723819 ] } },
{ "type": "Feature", "properties": { "ID": 1211206686900, "正式名称": "医療法人社団千葉秀心会　東船橋病院", "機関区分": 1, "都道府県コード": 12, "市区町村コード": 204, "所在地": "千葉県船橋市高根台４－２９－１", "緯度": 35.730669, "経度": 140.041257, "url": "https://www.iryou.teikyouseido.mhlw.go.jp/znk-web/juminkanja/S2430/initialize?prefCd=12&kikanCd=1206686900&kikanKbn=1", "url2": "http://www.hfhp.gr.jp", "内容": "医療法人社団千葉秀心会　東船橋病院【1:病院】【診療科目:内科_脳神経内科_循環器内科_胃腸内科_神経内科_外科_脳神経外科_脳・血管外科_呼吸器外科_血管外科_消化器外科_整形外科_泌尿器科_リハビリテーション科_放射線科_救急科】【一般病床数:128療養病床数:0精神病床数:0感染症病床数:0合計病床数:128】千葉県船橋市高根台４－２９－１" }, "geometry": { "type": "Point", "coordinates": [ 140.041257, 35.730669 ] } },
{ "type": "Feature", "properties": { "ID": 1211206687700, "正式名称": "独立行政法人地域医療機能推進機構　船橋中央病院", "機関区分": 1, "都道府県コード": 12, "市区町村コード": 204, "所在地": "千葉県船橋市海神６－１３－１０", "緯度": 35.705881, "経度": 139.969516, "url": "https://www.iryou.teikyouseido.mhlw.go.jp/znk-web/juminkanja/S2430/initialize?prefCd=12&kikanCd=1206687700&kikanKbn=1", "url2": "http://funabashi.jcho.go.jp/", "内容": "独立行政法人地域医療機能推進機構　船橋中央病院【1:病院】【診療科目:内科_血液内科_糖尿病内科_呼吸器内科_循環器内科_消化器内科_神経内科_外科_消化器外科_乳腺外科_肛門外科_整形外科_形成外科_小児科_小児外科_小児科（新生児）_産科_婦人科_眼科_耳鼻いんこう科_皮膚科_泌尿器科_歯科_歯科口腔外科_リハビリテーション科_放射線科_病理診断科_麻酔科】【一般病床数:356療養病床数:0精神病床数:0感染症病床数:4合計病床数:360】千葉県船橋市海神６－１３－１０" }, "geometry": { "type": "Point", "coordinates": [ 139.969516, 35.705881 ] } },
{ "type": "Feature", "properties": { "ID": 1211206689300, "正式名称": "医療法人弘仁会　板倉病院", "機関区分": 1, "都道府県コード": 12, "市区町村コード": 204, "所在地": "千葉県船橋市本町２－１０－１", "緯度": 35.697546, "経度": 139.982496, "url": "https://www.iryou.teikyouseido.mhlw.go.jp/znk-web/juminkanja/S2430/initialize?prefCd=12&kikanCd=1206689300&kikanKbn=1", "url2": "http://www.itakura.or.jp/", "内容": "医療法人弘仁会　板倉病院【1:病院】【診療科目:内科_糖尿病内科_脳神経内科_循環器内科_消化器内科_外科_脳神経外科_呼吸器外科_消化器外科_肝臓・胆のう・膵臓外科_乳腺外科_肛門外科_整形外科_形成外科_緩和ケア外科_婦人科_皮膚科_心療内科_リウマチ科_リハビリテーション科_麻酔科】【一般病床数:91療養病床数:0精神病床数:0感染症病床数:0合計病床数:91】千葉県船橋市本町２－１０－１" }, "geometry": { "type": "Point", "coordinates": [ 139.982496, 35.697546 ] } },
{ "type": "Feature", "properties": { "ID": 1211206690700, "正式名称": "医療法人成春会　北習志野花輪病院", "機関区分": 1, "都道府県コード": 12, "市区町村コード": 204, "所在地": "千葉県船橋市習志野台２－７１－１０", "緯度": 35.723789, "経度": 140.048065, "url": "https://www.iryou.teikyouseido.mhlw.go.jp/znk-web/juminkanja/S2430/initialize?prefCd=12&kikanCd=1206690700&kikanKbn=1", "url2": "http://www.hanawa.or.jp", "内容": "医療法人成春会　北習志野花輪病院【1:病院】【診療科目:内科_糖尿病内科_呼吸器内科_循環器内科_消化器内科_神経内科_外科_消化器外科_内視鏡外科_整形外科_眼科_耳鼻いんこう科_皮膚科_リウマチ科_リハビリテーション科】【一般病床数:56療養病床数:91精神病床数:0感染症病床数:0合計病床数:147】千葉県船橋市習志野台２－７１－１０" }, "geometry": { "type": "Point", "coordinates": [ 140.048065, 35.723789 ] } },
{ "type": "Feature", "properties": { "ID": 1211206693100, "正式名称": "医療法人愛の家　高根台病院", "機関区分": 1, "都道府県コード": 12, "市区町村コード": 204, "所在地": "千葉県船橋市高根台４－１－１", "緯度": 35.731541, "経度": 140.035779, "url": "https://www.iryou.teikyouseido.mhlw.go.jp/znk-web/juminkanja/S2430/initialize?prefCd=12&kikanCd=1206693100&kikanKbn=1", "url2": "http://www.aino-ie.jp/hospital/", "内容": "医療法人愛の家　高根台病院【1:病院】【診療科目:内科_循環器内科_消化器内科_整形外科_皮膚科】【一般病床数:0療養病床数:100精神病床数:0感染症病床数:0合計病床数:100】千葉県船橋市高根台４－１－１" }, "geometry": { "type": "Point", "coordinates": [ 140.035779, 35.731541 ] } },
{ "type": "Feature", "properties": { "ID": 1211206694000, "正式名称": "医療法人社団協和会　滝不動病院", "機関区分": 1, "都道府県コード": 12, "市区町村コード": 204, "所在地": "千葉県船橋市南三咲４－１３－１", "緯度": 35.737076, "経度": 140.027296, "url": "https://www.iryou.teikyouseido.mhlw.go.jp/znk-web/juminkanja/S2430/initialize?prefCd=12&kikanCd=1206694000&kikanKbn=1", "url2": "www.takifudo.jp/", "内容": "医療法人社団協和会　滝不動病院【1:病院】【診療科目:内科_脳神経内科_循環器内科_消化器内科_外科_脳神経外科_消化器外科_肛門外科_整形外科_皮膚科_泌尿器科_歯科_矯正歯科_歯科口腔外科_小児歯科_放射線科】【一般病床数:30療養病床数:21精神病床数:0感染症病床数:0合計病床数:51】千葉県船橋市南三咲４－１３－１" }, "geometry": { "type": "Point", "coordinates": [ 140.027296, 35.737076 ] } },
{ "type": "Feature", "properties": { "ID": 1211206695800, "正式名称": "医療法人　下総会　薬園台リハビリテーション病院", "機関区分": 1, "都道府県コード": 12, "市区町村コード": 204, "所在地": "千葉県船橋市滝台町９４－２２", "緯度": 35.710893, "経度": 140.033589, "url": "https://www.iryou.teikyouseido.mhlw.go.jp/znk-web/juminkanja/S2430/initialize?prefCd=12&kikanCd=1206695800&kikanKbn=1", "url2": "https://shimousakai.jp/", "内容": "医療法人　下総会　薬園台リハビリテーション病院【1:病院】【診療科目:内科_整形外科_リハビリテーション科】【一般病床数:0療養病床数:92精神病床数:0感染症病床数:0合計病床数:92】千葉県船橋市滝台町９４－２２" }, "geometry": { "type": "Point", "coordinates": [ 140.033589, 35.710893 ] } },
{ "type": "Feature", "properties": { "ID": 1211206696600, "正式名称": "医療法人社団誠馨会　セコメディック病院", "機関区分": 1, "都道府県コード": 12, "市区町村コード": 204, "所在地": "千葉県船橋市豊富町６９６－１", "緯度": 35.763381, "経度": 140.074906, "url": "https://www.iryou.teikyouseido.mhlw.go.jp/znk-web/juminkanja/S2430/initialize?prefCd=12&kikanCd=1206696600&kikanKbn=1", "url2": "https://www.secomedic.gr.jp", "内容": "医療法人社団誠馨会　セコメディック病院【1:病院】【診療科目:内科_糖尿病内科_呼吸器内科_循環器内科_消化器内科_腎臓内科_神経内科_外科_脳神経外科_心臓血管外科_整形外科_緩和ケア外科_小児科_婦人科_眼科_耳鼻いんこう科_皮膚科_泌尿器科_歯科口腔外科_リウマチ科_リハビリテーション科_放射線科_救急科_麻酔科_脳・血管内科】【一般病床数:292療養病床数:0精神病床数:0感染症病床数:0合計病床数:292】千葉県船橋市豊富町６９６－１" }, "geometry": { "type": "Point", "coordinates": [ 140.074906, 35.763381 ] } },
{ "type": "Feature", "properties": { "ID": 1211206697400, "正式名称": "公益財団法人復光会　総武病院", "機関区分": 1, "都道府県コード": 12, "市区町村コード": 204, "所在地": "千葉県船橋市市場３丁目３番１号", "緯度": 35.700982, "経度": 139.997892, "url": "https://www.iryou.teikyouseido.mhlw.go.jp/znk-web/juminkanja/S2430/initialize?prefCd=12&kikanCd=1206697400&kikanKbn=1", "url2": "https://www.soubu-hp.or.jp/", "内容": "公益財団法人復光会　総武病院【1:病院】【診療科目:内科_精神科_神経科】【一般病床数:0療養病床数:0精神病床数:447感染症病床数:0合計病床数:447】千葉県船橋市市場３丁目３番１号" }, "geometry": { "type": "Point", "coordinates": [ 139.997892, 35.700982 ] } },
{ "type": "Feature", "properties": { "ID": 1211206698200, "正式名称": "医療法人同和会　千葉病院", "機関区分": 1, "都道府県コード": 12, "市区町村コード": 204, "所在地": "千葉県船橋市飯山満町２－５０８", "緯度": 35.705829, "経度": 140.024068, "url": "https://www.iryou.teikyouseido.mhlw.go.jp/znk-web/juminkanja/S2430/initialize?prefCd=12&kikanCd=1206698200&kikanKbn=1", "url2": "https://www.dchp2176.com/", "内容": "医療法人同和会　千葉病院【1:病院】【診療科目:神経内科_精神科_神経科_心療内科_歯科】【一般病床数:0療養病床数:0精神病床数:331感染症病床数:0合計病床数:331】千葉県船橋市飯山満町２－５０８" }, "geometry": { "type": "Point", "coordinates": [ 140.024068, 35.705829 ] } },
{ "type": "Feature", "properties": { "ID": 1211206699000, "正式名称": "医療法人社団睦会　いけだ病院", "機関区分": 1, "都道府県コード": 12, "市区町村コード": 204, "所在地": "千葉県船橋市前原東Ⅰ－６－４", "緯度": 35.692611, "経度": 140.025651, "url": "https://www.iryou.teikyouseido.mhlw.go.jp/znk-web/juminkanja/S2430/initialize?prefCd=12&kikanCd=1206699000&kikanKbn=1", "url2": "http://www.mutsumi-kai.or.jp/", "内容": "医療法人社団睦会　いけだ病院【1:病院】【診療科目:内科_消化器内科_老年内科_外科_肛門外科_整形外科_リハビリテーション科】【一般病床数:0療養病床数:48精神病床数:0感染症病床数:0合計病床数:48】千葉県船橋市前原東Ⅰ－６－４" }, "geometry": { "type": "Point", "coordinates": [ 140.025651, 35.692611 ] } },
{ "type": "Feature", "properties": { "ID": 1211206700800, "正式名称": "医療法人社団健仁会　船橋北病院", "機関区分": 1, "都道府県コード": 12, "市区町村コード": 204, "所在地": "千葉県船橋市金堀町５２１‐３６", "緯度": 35.756939, "経度": 140.063009, "url": "https://www.iryou.teikyouseido.mhlw.go.jp/znk-web/juminkanja/S2430/initialize?prefCd=12&kikanCd=1206700800&kikanKbn=1", "url2": "https://funabashikita-hp.jp/", "内容": "医療法人社団健仁会　船橋北病院【1:病院】【診療科目:精神科_心療内科】【一般病床数:0療養病床数:0精神病床数:458感染症病床数:0合計病床数:458】千葉県船橋市金堀町５２１‐３６" }, "geometry": { "type": "Point", "coordinates": [ 140.063009, 35.756939 ] } },
{ "type": "Feature", "properties": { "ID": 1211206701600, "正式名称": "医療法人社団成和会　山口病院", "機関区分": 1, "都道府県コード": 12, "市区町村コード": 204, "所在地": "千葉県船橋市西船５－２４－２", "緯度": 35.709482, "経度": 139.955374, "url": "https://www.iryou.teikyouseido.mhlw.go.jp/znk-web/juminkanja/S2430/initialize?prefCd=12&kikanCd=1206701600&kikanKbn=1", "url2": "https://www.ywh.or.jp/", "内容": "医療法人社団成和会　山口病院【1:病院】【診療科目:産婦人科】【一般病床数:41療養病床数:0精神病床数:0感染症病床数:0合計病床数:41】千葉県船橋市西船５－２４－２" }, "geometry": { "type": "Point", "coordinates": [ 139.955374, 35.709482 ] } },
{ "type": "Feature", "properties": { "ID": 1211206702400, "正式名称": "医療法人社団嬉泉会　大島記念嬉泉病院", "機関区分": 1, "都道府県コード": 12, "市区町村コード": 204, "所在地": "千葉県船橋市三咲３－５－１５", "緯度": 35.752258, "経度": 140.033856, "url": "https://www.iryou.teikyouseido.mhlw.go.jp/znk-web/juminkanja/S2430/initialize?prefCd=12&kikanCd=1206702400&kikanKbn=1", "url2": "http://hospitalohshima-kisen.com/", "内容": "医療法人社団嬉泉会　大島記念嬉泉病院【1:病院】【診療科目:内科_循環器内科_消化器内科_腎臓内科_リハビリテーション科_放射線科】【一般病床数:35療養病床数:0精神病床数:0感染症病床数:0合計病床数:35】千葉県船橋市三咲３－５－１５" }, "geometry": { "type": "Point", "coordinates": [ 140.033856, 35.752258 ] } },
{ "type": "Feature", "properties": { "ID": 1211206704000, "正式名称": "船橋市立リハビリテーション病院", "機関区分": 1, "都道府県コード": 12, "市区町村コード": 204, "所在地": "千葉県船橋市夏見台４－２６－１", "緯度": 35.724416, "経度": 139.996788, "url": "https://www.iryou.teikyouseido.mhlw.go.jp/znk-web/juminkanja/S2430/initialize?prefCd=12&kikanCd=1206704000&kikanKbn=1", "url2": "http://www.funabashi-reha.com/", "内容": "船橋市立リハビリテーション病院【1:病院】【診療科目:リハビリテーション科】【一般病床数:0療養病床数:200精神病床数:0感染症病床数:0合計病床数:200】千葉県船橋市夏見台４－２６－１" }, "geometry": { "type": "Point", "coordinates": [ 139.996788, 35.724416 ] } },
{ "type": "Feature", "properties": { "ID": 1211206705900, "正式名称": "医療法人社団紺整会　船橋整形外科病院", "機関区分": 1, "都道府県コード": 12, "市区町村コード": 204, "所在地": "千葉県船橋市飯山満町１丁目８３３", "緯度": 35.708654, "経度": 140.011277, "url": "https://www.iryou.teikyouseido.mhlw.go.jp/znk-web/juminkanja/S2430/initialize?prefCd=12&kikanCd=1206705900&kikanKbn=1", "url2": "https://www.fff.or.jp", "内容": "医療法人社団紺整会　船橋整形外科病院【1:病院】【診療科目:整形外科_リハビリテーション科_麻酔科】【一般病床数:106療養病床数:0精神病床数:0感染症病床数:0合計病床数:106】千葉県船橋市飯山満町１丁目８３３" }, "geometry": { "type": "Point", "coordinates": [ 140.011277, 35.708654 ] } },
{ "type": "Feature", "properties": { "ID": 1211206706700, "正式名称": "医療法人社団良知会　共立習志野台病院", "機関区分": 1, "都道府県コード": 12, "市区町村コード": 204, "所在地": "千葉県船橋市習志野台４－１３－１６", "緯度": 35.718462, "経度": 140.045276, "url": "https://www.iryou.teikyouseido.mhlw.go.jp/znk-web/juminkanja/S2430/initialize?prefCd=12&kikanCd=1206706700&kikanKbn=1", "url2": "http://www.kyoritsunarasinodai.or.jp", "内容": "医療法人社団良知会　共立習志野台病院【1:病院】【診療科目:内科_呼吸器内科_循環器内科_乳腺外科_小児科_産婦人科_皮膚科_麻酔科】【一般病床数:60療養病床数:0精神病床数:0感染症病床数:0合計病床数:60】千葉県船橋市習志野台４－１３－１６" }, "geometry": { "type": "Point", "coordinates": [ 140.045276, 35.718462 ] } },
{ "type": "Feature", "properties": { "ID": 1211220262200, "正式名称": "東京ベイ・浦安市川医療センター", "機関区分": 1, "都道府県コード": 12, "市区町村コード": 227, "所在地": "千葉県浦安市当代島３ー４－３２", "緯度": 35.67142, "経度": 139.893641, "url": "https://www.iryou.teikyouseido.mhlw.go.jp/znk-web/juminkanja/S2430/initialize?prefCd=12&kikanCd=1220262200&kikanKbn=1", "url2": "https://tokyobay-mc.jp/", "内容": "東京ベイ・浦安市川医療センター【1:病院】【診療科目:内科_感染症内科_糖尿病内科_呼吸器内科_循環器内科_消化器内科_腎臓内科_神経内科_腫瘍内科_外科_脳神経外科_呼吸器外科_心臓血管外科_消化器外科_整形外科_形成外科_小児科_小児外科_産婦人科_眼科_耳鼻いんこう科_皮膚科_泌尿器科_精神科_心療内科_リウマチ科_リハビリテーション科_放射線科_放射線診断科_病理診断科_救急科_麻酔科_小児腫瘍内科，腎臓・内分泌内科，小児血液内科】【一般病床数:340療養病床数:0精神病床数:0感染症病床数:4合計病床数:344】千葉県浦安市当代島３ー４－３２" }, "geometry": { "type": "Point", "coordinates": [ 139.893641, 35.67142 ] } },
{ "type": "Feature", "properties": { "ID": 1211220270300, "正式名称": "医療法人社団康喜会　辻仲病院柏の葉", "機関区分": 1, "都道府県コード": 12, "市区町村コード": 217, "所在地": "千葉県柏市若柴１７８－２柏の葉キャンパス１４８街区６", "緯度": 35.896169, "経度": 139.952431, "url": "https://www.iryou.teikyouseido.mhlw.go.jp/znk-web/juminkanja/S2430/initialize?prefCd=12&kikanCd=1220270300&kikanKbn=1", "url2": "http://www.tsujinaka.or.jp", "内容": "医療法人社団康喜会　辻仲病院柏の葉【1:病院】【診療科目:内科_消化器内科_漢方内科_ペインクリニック内科_緩和ケア内科_外科_消化器外科_大腸・肛門外科_婦人科_泌尿器科_放射線科_麻酔科】【一般病床数:144療養病床数:0精神病床数:0感染症病床数:0合計病床数:144】千葉県柏市若柴１７８－２柏の葉キャンパス１４８街区６" }, "geometry": { "type": "Point", "coordinates": [ 139.952431, 35.896169 ] } },
{ "type": "Feature", "properties": { "ID": 1211220285100, "正式名称": "医療法人ＳＨＩＯＤＡ　塩田記念病院", "機関区分": 1, "都道府県コード": 12, "市区町村コード": 426, "所在地": "千葉県長生郡長柄町国府里５５０－１", "緯度": 35.457013, "経度": 140.247263, "url": "https://www.iryou.teikyouseido.mhlw.go.jp/znk-web/juminkanja/S2430/initialize?prefCd=12&kikanCd=1220285100&kikanKbn=1", "url2": "https://www.s-fmc.jp/", "内容": "医療法人ＳＨＩＯＤＡ　塩田記念病院【1:病院】【診療科目:内科_脳神経内科_循環器内科_肝臓内科_外科_脳神経外科_心臓血管外科_胃腸外科_肛門外科_腫瘍外科_内視鏡外科_整形外科_婦人科_耳鼻いんこう科_泌尿器科_リハビリテーション科_放射線科_腫瘍放射線科_救急科_麻酔科】【一般病床数:115療養病床数:0精神病床数:0感染症病床数:0合計病床数:115】千葉県長生郡長柄町国府里５５０－１" }, "geometry": { "type": "Point", "coordinates": [ 140.247263, 35.457013 ] } },
{ "type": "Feature", "properties": { "ID": 1211220359900, "正式名称": "医療法人社団聖和会　天王台消化器病院", "機関区分": 1, "都道府県コード": 12, "市区町村コード": 222, "所在地": "千葉県我孫子市柴崎台１－１８－３８", "緯度": 35.872859, "経度": 140.043445, "url": "https://www.iryou.teikyouseido.mhlw.go.jp/znk-web/juminkanja/S2430/initialize?prefCd=12&kikanCd=1220359900&kikanKbn=1", "url2": "https://tdh.or.jp/", "内容": "医療法人社団聖和会　天王台消化器病院【1:病院】【診療科目:内科_糖尿病内科_気管食道内科_循環器内科_消化器内科_胃腸内科_内視鏡内科_外科_食道外科_気管食道外科_消化器外科_胃腸外科_大腸外科_肝臓外科_膵臓外科_胆のう外科_肛門外科_腫瘍外科_胸部外科_内視鏡外科_整形外科】【一般病床数:43療養病床数:0精神病床数:0感染症病床数:0合計病床数:43】千葉県我孫子市柴崎台１－１８－３８" }, "geometry": { "type": "Point", "coordinates": [ 140.043445, 35.872859 ] } },
{ "type": "Feature", "properties": { "ID": 1211221121400, "正式名称": "医療法人社団誠仁会　みはま病院", "機関区分": 1, "都道府県コード": 12, "市区町村コード": 106, "所在地": "千葉県千葉市美浜区打瀬１丁目１番５", "緯度": 35.6443, "経度": 140.047324, "url": "https://www.iryou.teikyouseido.mhlw.go.jp/znk-web/juminkanja/S2430/initialize?prefCd=12&kikanCd=1221121400&kikanKbn=1", "url2": "https://www.seijinkai.jp/mihama/", "内容": "医療法人社団誠仁会　みはま病院【1:病院】【診療科目:糖尿病・代謝内科_腎臓内科_人工透析内科_泌尿器科_麻酔科】【一般病床数:50療養病床数:0精神病床数:0感染症病床数:0合計病床数:50】千葉県千葉市美浜区打瀬１丁目１番５" }, "geometry": { "type": "Point", "coordinates": [ 140.047324, 35.6443 ] } },
{ "type": "Feature", "properties": { "ID": 1211221197400, "正式名称": "医療法人社団誠馨会　千葉メディカルセンター", "機関区分": 1, "都道府県コード": 12, "市区町村コード": 101, "所在地": "千葉県千葉市中央区南町１－７－１", "緯度": 35.584944, "経度": 140.130889, "url": "https://www.iryou.teikyouseido.mhlw.go.jp/znk-web/juminkanja/S2430/initialize?prefCd=12&kikanCd=1221197400&kikanKbn=1", "url2": "http://www.seikeikai-cmc.jp", "内容": "医療法人社団誠馨会　千葉メディカルセンター【1:病院】【診療科目:内科_循環器内科_消化器内科_神経内科_外科_脳神経外科_心臓血管外科_消化器外科_整形外科_形成外科_小児科_産婦人科_眼科_皮膚科_泌尿器科_精神科_歯科_歯科口腔外科_リハビリテーション科_放射線科_病理診断科_救急科_麻酔科】【一般病床数:348療養病床数:0精神病床数:0感染症病床数:0合計病床数:348】千葉県千葉市中央区南町１－７－１" }, "geometry": { "type": "Point", "coordinates": [ 140.130889, 35.584944 ] } },
{ "type": "Feature", "properties": { "ID": 1211221323300, "正式名称": "医療法人社団錦昌会　みどりのは　葉記念病院", "機関区分": 1, "都道府県コード": 12, "市区町村コード": 105, "所在地": "千葉県千葉市緑区古市場町", "緯度": 35.54276, "経度": 140.151667, "url": "https://www.iryou.teikyouseido.mhlw.go.jp/znk-web/juminkanja/S2430/initialize?prefCd=12&kikanCd=1221323300&kikanKbn=1", "url2": "http://www.yoh-hospital.com/", "内容": "医療法人社団錦昌会　みどりのは　葉記念病院【1:病院】【診療科目:内科_整形外科_形成外科_泌尿器科_リウマチ科_リハビリテーション科_放射線科_麻酔科】【一般病床数:50療養病床数:0精神病床数:0感染症病床数:0合計病床数:50】千葉県千葉市緑区古市場町" }, "geometry": { "type": "Point", "coordinates": [ 140.151667, 35.54276 ] } },
{ "type": "Feature", "properties": { "ID": 1211221821900, "正式名称": "社会医療法人社団蛍水会　名戸ヶ谷あびこ病院", "機関区分": 1, "都道府県コード": 12, "市区町村コード": 222, "所在地": "千葉県我孫子市我孫子１８５５－１", "緯度": 35.865204, "経度": 140.02741, "url": "https://www.iryou.teikyouseido.mhlw.go.jp/znk-web/juminkanja/S2430/initialize?prefCd=12&kikanCd=1221821900&kikanKbn=1", "url2": "http://nadogaya-abiko.com/", "内容": "社会医療法人社団蛍水会　名戸ヶ谷あびこ病院【1:病院】【診療科目:内科_外科_脳神経外科_整形外科_形成外科_小児科_小児外科_耳鼻いんこう科_皮膚科_泌尿器科_リハビリテーション科_救急科】【一般病床数:141療養病床数:0精神病床数:0感染症病床数:0合計病床数:141】千葉県我孫子市我孫子１８５５－１" }, "geometry": { "type": "Point", "coordinates": [ 140.02741, 35.865204 ] } },
{ "type": "Feature", "properties": { "ID": 1211222100700, "正式名称": "医療法人社団協友会　船橋総合病院", "機関区分": 1, "都道府県コード": 12, "市区町村コード": 204, "所在地": "千葉県船橋市北本町１－１３－１", "緯度": 35.712925, "経度": 139.983432, "url": "https://www.iryou.teikyouseido.mhlw.go.jp/znk-web/juminkanja/S2430/initialize?prefCd=12&kikanCd=1222100700&kikanKbn=1", "url2": "http://www.fgh-carrot.com", "内容": "医療法人社団協友会　船橋総合病院【1:病院】【診療科目:内科_糖尿病内科_脳神経内科_呼吸器内科_循環器内科_消化器内科_腎臓内科_外科_脳神経外科_消化器外科_肛門外科_整形外科_形成外科_小児科_眼科_耳鼻いんこう科_皮膚科_泌尿器科_リハビリテーション科_放射線科_救急科_麻酔科】【一般病床数:246療養病床数:0精神病床数:0感染症病床数:0合計病床数:246】千葉県船橋市北本町１－１３－１" }, "geometry": { "type": "Point", "coordinates": [ 139.983432, 35.712925 ] } },
{ "type": "Feature", "properties": { "ID": 1211222140600, "正式名称": "医療法人社団聖秀会　聖光ヶ丘病院", "機関区分": 1, "都道府県コード": 12, "市区町村コード": 217, "所在地": "千葉県柏市光ケ丘団地２－３", "緯度": 35.829793, "経度": 139.958409, "url": "https://www.iryou.teikyouseido.mhlw.go.jp/znk-web/juminkanja/S2430/initialize?prefCd=12&kikanCd=1222140600&kikanKbn=1", "url2": "http://seihikarihosp.jp", "内容": "医療法人社団聖秀会　聖光ヶ丘病院【1:病院】【診療科目:内科_呼吸器内科_循環器内科_消化器内科_脳神経外科_整形外科_眼科_皮膚科_泌尿器科_精神科_心療内科_リハビリテーション科_放射線科】【一般病床数:131療養病床数:88精神病床数:0感染症病床数:0合計病床数:219】千葉県柏市光ケ丘団地２－３" }, "geometry": { "type": "Point", "coordinates": [ 139.958409, 35.829793 ] } },
{ "type": "Feature", "properties": { "ID": 1211222567300, "正式名称": "医療法人社団淳英会　おゆみの中央病院", "機関区分": 1, "都道府県コード": 12, "市区町村コード": 105, "所在地": "千葉県千葉市緑区おゆみ野南六丁目４９番地９", "緯度": 35.540053, "経度": 140.18284, "url": "https://www.iryou.teikyouseido.mhlw.go.jp/znk-web/juminkanja/S2430/initialize?prefCd=12&kikanCd=1222567300&kikanKbn=1", "url2": "http://oyumino-central.jp/", "内容": "医療法人社団淳英会　おゆみの中央病院【1:病院】【診療科目:内科_糖尿病内科_呼吸器内科_循環器内科_消化器内科_脳神経外科_消化器外科_整形外科_形成外科_リウマチ科_リハビリテーション科_麻酔科】【一般病床数:170療養病床数:0精神病床数:0感染症病床数:0合計病床数:170】千葉県千葉市緑区おゆみ野南六丁目４９番地９" }, "geometry": { "type": "Point", "coordinates": [ 140.18284, 35.540053 ] } },
{ "type": "Feature", "properties": { "ID": 1211222642400, "正式名称": "東千葉メディカルセンター", "機関区分": 1, "都道府県コード": 12, "市区町村コード": 213, "所在地": "千葉県東金市丘山台三丁目６番地２", "緯度": 35.558031, "経度": 140.307745, "url": "https://www.iryou.teikyouseido.mhlw.go.jp/znk-web/juminkanja/S2430/initialize?prefCd=12&kikanCd=1222642400&kikanKbn=1", "url2": "www.tkmedical.jp/", "内容": "東千葉メディカルセンター【1:病院】【診療科目:内科_代謝・内分泌内科_脳神経内科_呼吸器内科_循環器内科_消化器内科_外科_脳神経外科_心臓血管外科_整形外科_形成外科_小児科_産婦人科_耳鼻いんこう科_皮膚科_精神科_歯科口腔外科_リハビリテーション科_放射線科_病理診断科_救急科_麻酔科】【一般病床数:314療養病床数:0精神病床数:0感染症病床数:0合計病床数:314】千葉県東金市丘山台三丁目６番地２" }, "geometry": { "type": "Point", "coordinates": [ 140.307745, 35.558031 ] } },
{ "type": "Feature", "properties": { "ID": 1211222650500, "正式名称": "リハビリテーション病院さらしな", "機関区分": 1, "都道府県コード": 12, "市区町村コード": 219, "所在地": "千葉県市原市更級１丁目５－３", "緯度": 35.508711, "経度": 140.096302, "url": "https://www.iryou.teikyouseido.mhlw.go.jp/znk-web/juminkanja/S2430/initialize?prefCd=12&kikanCd=1222650500&kikanKbn=1", "url2": "http://reha-sarashina.com/", "内容": "リハビリテーション病院さらしな【1:病院】【診療科目:リハビリテーション科】【一般病床数:0療養病床数:120精神病床数:0感染症病床数:0合計病床数:120】千葉県市原市更級１丁目５－３" }, "geometry": { "type": "Point", "coordinates": [ 140.096302, 35.508711 ] } },
{ "type": "Feature", "properties": { "ID": 1211222652100, "正式名称": "東葛医療福祉センター光陽園", "機関区分": 1, "都道府県コード": 12, "市区町村コード": 217, "所在地": "千葉県柏市酒井根", "緯度": 35.819311, "経度": 139.96072, "url": "https://www.iryou.teikyouseido.mhlw.go.jp/znk-web/juminkanja/S2430/initialize?prefCd=12&kikanCd=1222652100&kikanKbn=1", "url2": "http://koyoen.jp/", "内容": "東葛医療福祉センター光陽園【1:病院】【診療科目:内科_小児科_リハビリテーション科】【一般病床数:88療養病床数:0精神病床数:0感染症病床数:0合計病床数:88】千葉県柏市酒井根" }, "geometry": { "type": "Point", "coordinates": [ 139.96072, 35.819311 ] } },
{ "type": "Feature", "properties": { "ID": 1211222737400, "正式名称": "医療法人社団駿心会　稲毛病院", "機関区分": 1, "都道府県コード": 12, "市区町村コード": 103, "所在地": "千葉県千葉市稲毛区小仲台６－２１－３", "緯度": 35.639607, "経度": 140.094776, "url": "https://www.iryou.teikyouseido.mhlw.go.jp/znk-web/juminkanja/S2430/initialize?prefCd=12&kikanCd=1222737400&kikanKbn=1", "url2": "https://inagehospital.com/", "内容": "医療法人社団駿心会　稲毛病院【1:病院】【診療科目:内科_糖尿病内科_呼吸器内科_循環器内科_消化器内科_腎臓内科_人工透析内科_神経内科_外科_消化器外科_肛門外科_内視鏡外科_整形外科_人工透析外科_小児皮膚科_小児外科_皮膚科_泌尿器科_精神科_老年精神科_リハビリテーション科_肛門外科】【一般病床数:180療養病床数:0精神病床数:0感染症病床数:0合計病床数:180】千葉県千葉市稲毛区小仲台６－２１－３" }, "geometry": { "type": "Point", "coordinates": [ 140.094776, 35.639607 ] } },
{ "type": "Feature", "properties": { "ID": 1211222869900, "正式名称": "医療法人徳洲会　千葉徳洲会病院", "機関区分": 1, "都道府県コード": 12, "市区町村コード": 204, "所在地": "千葉県船橋市高根台２－１１－１", "緯度": 35.731693, "経度": 140.032677, "url": "https://www.iryou.teikyouseido.mhlw.go.jp/znk-web/juminkanja/S2430/initialize?prefCd=12&kikanCd=1222869900&kikanKbn=1", "url2": "http://www.chibatoku.or.jp", "内容": "医療法人徳洲会　千葉徳洲会病院【1:病院】【診療科目:内科_糖尿病内科_呼吸器内科_循環器内科_消化器内科_神経内科_緩和ケア内科_外科_脳神経外科_呼吸器外科_心臓血管外科_消化器外科_頭頸部外科_整形外科_小児科_婦人科_眼科_耳鼻いんこう科_皮膚科_泌尿器科_リハビリテーション科_放射線診断科_放射線治療科_病理診断科_救急科_麻酔科】【一般病床数:447療養病床数:0精神病床数:0感染症病床数:0合計病床数:447】千葉県船橋市高根台２－１１－１" }, "geometry": { "type": "Point", "coordinates": [ 140.032677, 35.731693 ] } },
{ "type": "Feature", "properties": { "ID": 1211222902400, "正式名称": "医療法人社団鼎会　三和病院", "機関区分": 1, "都道府県コード": 12, "市区町村コード": 207, "所在地": "千葉県松戸市日暮７丁目３７９", "緯度": 35.787044, "経度": 139.945531, "url": "https://www.iryou.teikyouseido.mhlw.go.jp/znk-web/juminkanja/S2430/initialize?prefCd=12&kikanCd=1222902400&kikanKbn=1", "url2": "https://sanwa-hp.jp", "内容": "医療法人社団鼎会　三和病院【1:病院】【診療科目:内科_糖尿病内科_呼吸器内科_循環器内科_消化器内科_内視鏡内科_外科_脳神経外科_消化器外科_乳腺外科_整形外科_形成外科_皮膚科_泌尿器科_アレルギー科_リウマチ科_放射線科】【一般病床数:50療養病床数:0精神病床数:0感染症病床数:0合計病床数:50】千葉県松戸市日暮７丁目３７９" }, "geometry": { "type": "Point", "coordinates": [ 139.945531, 35.787044 ] } },
{ "type": "Feature", "properties": { "ID": 1211223220300, "正式名称": "医療法人財団明理会　行徳総合病院", "機関区分": 1, "都道府県コード": 12, "市区町村コード": 203, "所在地": "千葉県市川市本行徳５５２５番地２", "緯度": 35.679594, "経度": 139.931293, "url": "https://www.iryou.teikyouseido.mhlw.go.jp/znk-web/juminkanja/S2430/initialize?prefCd=12&kikanCd=1223220300&kikanKbn=1", "url2": "http://gyo-toku.jp/", "内容": "医療法人財団明理会　行徳総合病院【1:病院】【診療科目:内科_糖尿病内科_循環器内科_消化器内科_腎臓内科_人工透析内科_神経内科_外科_脳神経外科_心臓血管外科_消化器外科_乳腺外科_肛門外科_整形外科_形成外科_小児科_婦人科_眼科_耳鼻いんこう科_皮膚科_泌尿器科_精神科_リハビリテーション科_放射線科_救急科_麻酔科】【一般病床数:307療養病床数:0精神病床数:0感染症病床数:0合計病床数:307】千葉県市川市本行徳５５２５番地２" }, "geometry": { "type": "Point", "coordinates": [ 139.931293, 35.679594 ] } },
{ "type": "Feature", "properties": { "ID": 1211223229700, "正式名称": "医療法人平成博愛会　印西総合病院", "機関区分": 1, "都道府県コード": 12, "市区町村コード": 231, "所在地": "千葉県印西市牧の台１－１－１", "緯度": 35.813062, "経度": 140.163276, "url": "https://www.iryou.teikyouseido.mhlw.go.jp/znk-web/juminkanja/S2430/initialize?prefCd=12&kikanCd=1223229700&kikanKbn=1", "url2": "http://www.inzai-hospital.jp/", "内容": "医療法人平成博愛会　印西総合病院【1:病院】【診療科目:内科_呼吸器内科_循環器内科_神経内科_外科_脳神経外科_心臓血管外科_整形外科_形成外科_小児科_小児外科_婦人科_眼科_耳鼻いんこう科_皮膚科_泌尿器科_リハビリテーション科_麻酔科】【一般病床数:120療養病床数:60精神病床数:0感染症病床数:0合計病床数:180】千葉県印西市牧の台１－１－１" }, "geometry": { "type": "Point", "coordinates": [ 140.163276, 35.813062 ] } },
{ "type": "Feature", "properties": { "ID": 1211223621700, "正式名称": "医療法人徳洲会　成田富里徳洲会病院", "機関区分": 1, "都道府県コード": 12, "市区町村コード": 233, "所在地": "千葉県富里市日吉台", "緯度": 35.775347, "経度": 140.321462, "url": "https://www.iryou.teikyouseido.mhlw.go.jp/znk-web/juminkanja/S2430/initialize?prefCd=12&kikanCd=1223621700&kikanKbn=1", "url2": "https://www.naritatomisato.jp/", "内容": "医療法人徳洲会　成田富里徳洲会病院【1:病院】【診療科目:内科_血液・腫瘍内科_糖尿病内科_糖尿病・代謝内科_脳神経内科_呼吸器内科_循環器内科_消化器内科_腎臓内科_神経内科_漢方内科_外科_脳神経外科_呼吸器外科_心臓血管外科_消化器外科_整形外科_形成外科_小児科_耳鼻いんこう科_皮膚科_泌尿器科_精神科_心療内科_リウマチ科_リハビリテーション科_放射線科_病理診断科_救急科_麻酔科】【一般病床数:348療養病床数:59精神病床数:0感染症病床数:0合計病床数:407】千葉県富里市日吉台" }, "geometry": { "type": "Point", "coordinates": [ 140.321462, 35.775347 ] } },
{ "type": "Feature", "properties": { "ID": 1211223809000, "正式名称": "医療法人社団白翔会　千葉白井病院", "機関区分": 1, "都道府県コード": 12, "市区町村コード": 232, "所在地": "千葉県白井市復１４３９－２", "緯度": 35.793482, "経度": 140.057975, "url": "https://www.iryou.teikyouseido.mhlw.go.jp/znk-web/juminkanja/S2430/initialize?prefCd=12&kikanCd=1223809000&kikanKbn=1", "url2": "https://www.chibashiroi-hp.jp/", "内容": "医療法人社団白翔会　千葉白井病院【1:病院】【診療科目:内科_糖尿病内科_呼吸器内科_循環器内科_消化器内科_腎臓内科_神経内科_老年内科_内視鏡内科_ペインクリニック内科_脳神経外科_消化器外科_肛門外科_整形外科_形成外科_小児科_皮膚科_泌尿器科_アレルギー科_リハビリテーション科_救急科_麻酔科】【一般病床数:100療養病床数:0精神病床数:0感染症病床数:0合計病床数:100】千葉県白井市復１４３９－２" }, "geometry": { "type": "Point", "coordinates": [ 140.057975, 35.793482 ] } },
{ "type": "Feature", "properties": { "ID": 1211223815500, "正式名称": "医療法人社団葵会　柏たなか病院", "機関区分": 1, "都道府県コード": 12, "市区町村コード": 217, "所在地": "千葉県柏市小青田", "緯度": 35.911009, "経度": 139.955619, "url": "https://www.iryou.teikyouseido.mhlw.go.jp/znk-web/juminkanja/S2430/initialize?prefCd=12&kikanCd=1223815500&kikanKbn=1", "url2": "http://www.aoikai.jp/kashiwatanaka/", "内容": "医療法人社団葵会　柏たなか病院【1:病院】【診療科目:内科_血液内科_糖尿病内科_呼吸器内科_循環器内科_消化器内科_人工透析内科_神経内科_外科_脳神経外科_消化器外科_大腸外科_肛門外科_整形外科_形成外科_小児科_婦人科_眼科_耳鼻いんこう科_皮膚科_泌尿器科_歯科_リハビリテーション科_放射線科_救急科_麻酔科】【一般病床数:336療養病床数:176精神病床数:0感染症病床数:0合計病床数:512】千葉県柏市小青田" }, "geometry": { "type": "Point", "coordinates": [ 139.955619, 35.911009 ] } },
{ "type": "Feature", "properties": { "ID": 1211224113000, "正式名称": "医療法人財団東京勤労者医療会　東葛病院", "機関区分": 1, "都道府県コード": 12, "市区町村コード": 220, "所在地": "千葉県流山市中１０２番地の１", "緯度": 35.852948, "経度": 139.91597, "url": "https://www.iryou.teikyouseido.mhlw.go.jp/znk-web/juminkanja/S2430/initialize?prefCd=12&kikanCd=1224113000&kikanKbn=1", "url2": "http://tokatsu-hp.com/", "内容": "医療法人財団東京勤労者医療会　東葛病院【1:病院】【診療科目:内科_糖尿病内科_呼吸器内科_循環器内科_消化器内科_腎臓内科_神経内科_緩和ケア内科_外科_脳神経外科_呼吸器外科_整形外科_小児科_産婦人科_眼科_耳鼻いんこう科_皮膚科_泌尿器科_精神科_アレルギー科_リハビリテーション科_放射線科_病理診断科_臨床検査科_救急科_麻酔科】【一般病床数:366療養病床数:0精神病床数:0感染症病床数:0合計病床数:366】千葉県流山市中１０２番地の１" }, "geometry": { "type": "Point", "coordinates": [ 139.91597, 35.852948 ] } },
{ "type": "Feature", "properties": { "ID": 1211224521600, "正式名称": "医療法人互生会　アクアリハビリテーション病院", "機関区分": 1, "都道府県コード": 12, "市区町村コード": 206, "所在地": "千葉県木更津市矢那４４９０ー５", "緯度": 35.365081, "経度": 139.953245, "url": "https://www.iryou.teikyouseido.mhlw.go.jp/znk-web/juminkanja/S2430/initialize?prefCd=12&kikanCd=1224521600&kikanKbn=1", "url2": "https://www.aquariha-hp.jp", "内容": "医療法人互生会　アクアリハビリテーション病院【1:病院】【診療科目:内科_循環器内科_整形外科_耳鼻いんこう科_リウマチ科_リハビリテーション科】【一般病床数:0療養病床数:148精神病床数:0感染症病床数:0合計病床数:148】千葉県木更津市矢那４４９０ー５" }, "geometry": { "type": "Point", "coordinates": [ 139.953245, 35.365081 ] } },
{ "type": "Feature", "properties": { "ID": 1211224645000, "正式名称": "医療法人社団聖仁会　白井聖仁会病院", "機関区分": 1, "都道府県コード": 12, "市区町村コード": 232, "所在地": "千葉県白井市笹塚３丁目２５番２号", "緯度": 35.790921, "経度": 140.054225, "url": "https://www.iryou.teikyouseido.mhlw.go.jp/znk-web/juminkanja/S2430/initialize?prefCd=12&kikanCd=1224645000&kikanKbn=1", "url2": "https://sjkhp.com/shiroi/", "内容": "医療法人社団聖仁会　白井聖仁会病院【1:病院】【診療科目:内科_糖尿病内科_呼吸器内科_循環器内科_消化器内科_腎臓内科_緩和ケア内科_外科_消化器外科_乳腺外科_整形外科_小児科_婦人科_眼科_耳鼻いんこう科_皮膚科_泌尿器科_歯科口腔外科_リハビリテーション科_放射線科_麻酔科】【一般病床数:151療養病床数:42精神病床数:0感染症病床数:0合計病床数:193】千葉県白井市笹塚３丁目２５番２号" }, "geometry": { "type": "Point", "coordinates": [ 140.054225, 35.790921 ] } },
{ "type": "Feature", "properties": { "ID": 1211224784700, "正式名称": "医療法人浄光会　千葉みなと病院", "機関区分": 1, "都道府県コード": 12, "市区町村コード": 101, "所在地": "千葉県千葉市中央区中央港１－２９－１", "緯度": 35.606477, "経度": 140.098858, "url": "https://www.iryou.teikyouseido.mhlw.go.jp/znk-web/juminkanja/S2430/initialize?prefCd=12&kikanCd=1224784700&kikanKbn=1", "url2": "http://www.chibaminato.com/", "内容": "医療法人浄光会　千葉みなと病院【1:病院】【診療科目:内科_外科_整形外科】【一般病床数:57療養病床数:39精神病床数:0感染症病床数:0合計病床数:96】千葉県千葉市中央区中央港１－２９－１" }, "geometry": { "type": "Point", "coordinates": [ 140.098858, 35.606477 ] } },
{ "type": "Feature", "properties": { "ID": 1211225556400, "正式名称": "医療法人社団駿心会　いなげ西病院", "機関区分": 1, "都道府県コード": 12, "市区町村コード": 103, "所在地": "千葉県千葉市稲毛区稲毛町５－８－６", "緯度": 35.640964, "経度": 140.072793, "url": "https://www.iryou.teikyouseido.mhlw.go.jp/znk-web/juminkanja/S2430/initialize?prefCd=12&kikanCd=1225556400&kikanKbn=1", "url2": "https://inagenishi.com/", "内容": "医療法人社団駿心会　いなげ西病院【1:病院】【診療科目:内科_人工透析内科_外科】【一般病床数:0療養病床数:82精神病床数:0感染症病床数:0合計病床数:82】千葉県千葉市稲毛区稲毛町５－８－６" }, "geometry": { "type": "Point", "coordinates": [ 140.072793, 35.640964 ] } },
{ "type": "Feature", "properties": { "ID": 1211226019300, "正式名称": "医療法人社団寿光会　松戸牧の原病院", "機関区分": 1, "都道府県コード": 12, "市区町村コード": 207, "所在地": "千葉県松戸市五香西４丁目３２番の１", "緯度": 35.78835, "経度": 139.95953, "url": "https://www.iryou.teikyouseido.mhlw.go.jp/znk-web/juminkanja/S2430/initialize?prefCd=12&kikanCd=1226019300&kikanKbn=1", "url2": "https://makinohara-hp.jp/", "内容": "医療法人社団寿光会　松戸牧の原病院【1:病院】【診療科目:内科_整形外科_リハビリテーション科】【一般病床数:0療養病床数:180精神病床数:0感染症病床数:0合計病床数:180】千葉県松戸市五香西４丁目３２番の１" }, "geometry": { "type": "Point", "coordinates": [ 139.95953, 35.78835 ] } },
{ "type": "Feature", "properties": { "ID": 1211226144000, "正式名称": "タムス浦安病院", "機関区分": 1, "都道府県コード": 12, "市区町村コード": 227, "所在地": "千葉県浦安市高洲７丁目２番地３２号", "緯度": 35.632199, "経度": 139.917957, "url": "https://www.iryou.teikyouseido.mhlw.go.jp/znk-web/juminkanja/S2430/initialize?prefCd=12&kikanCd=1226144000&kikanKbn=1", "url2": "https://tums-urayasuhp.jp", "内容": "タムス浦安病院【1:病院】【診療科目:内科_緩和ケア内科_整形外科_精神科_リハビリテーション科_放射線科】【一般病床数:109療養病床数:90精神病床数:0感染症病床数:0合計病床数:199】千葉県浦安市高洲７丁目２番地３２号" }, "geometry": { "type": "Point", "coordinates": [ 139.917957, 35.632199 ] } },
{ "type": "Feature", "properties": { "ID": 1211226200500, "正式名称": "医療法人社団城東桐和会　タムス市川リハビリテーション病院", "機関区分": 1, "都道府県コード": 12, "市区町村コード": 203, "所在地": "千葉県市川市柏井町", "緯度": 35.751265, "経度": 139.964865, "url": "https://www.iryou.teikyouseido.mhlw.go.jp/znk-web/juminkanja/S2430/initialize?prefCd=12&kikanCd=1226200500&kikanKbn=1", "url2": "https://tums-ichikawahp.jp/", "内容": "医療法人社団城東桐和会　タムス市川リハビリテーション病院【1:病院】【診療科目:内科_脳神経内科_ペインクリニック外科_整形外科_精神科_リハビリテーション科】【一般病床数:0療養病床数:100精神病床数:0感染症病床数:0合計病床数:100】千葉県市川市柏井町" }, "geometry": { "type": "Point", "coordinates": [ 139.964865, 35.751265 ] } },
{ "type": "Feature", "properties": { "ID": 1211226391500, "正式名称": "医療法人社団曙会流山中央病院附属　泉リハビリテーション病院", "機関区分": 1, "都道府県コード": 12, "市区町村コード": 220, "所在地": "千葉県流山市おおたかの森北３丁目２３番地１２", "緯度": 35.881988, "経度": 139.926222, "url": "https://www.iryou.teikyouseido.mhlw.go.jp/znk-web/juminkanja/S2430/initialize?prefCd=12&kikanCd=1226391500&kikanKbn=1", "url2": "https://www.izumireha.jp/", "内容": "医療法人社団曙会流山中央病院附属　泉リハビリテーション病院【1:病院】【診療科目:内科_リハビリテーション科】【一般病床数:0療養病床数:70精神病床数:0感染症病床数:0合計病床数:70】千葉県流山市おおたかの森北３丁目２３番地１２" }, "geometry": { "type": "Point", "coordinates": [ 139.926222, 35.881988 ] } },
{ "type": "Feature", "properties": { "ID": 1211226701500, "正式名称": "くぼのやウィメンズホスピタル", "機関区分": 1, "都道府県コード": 12, "市区町村コード": 217, "所在地": "千葉県柏市中央２－２－１２", "緯度": 35.856632, "経度": 139.972126, "url": "https://www.iryou.teikyouseido.mhlw.go.jp/znk-web/juminkanja/S2430/initialize?prefCd=12&kikanCd=1226701500&kikanKbn=1", "url2": "http://www.kubonoya.or.jp", "内容": "くぼのやウィメンズホスピタル【1:病院】【診療科目:小児科_産科_婦人科_麻酔科】【一般病床数:40療養病床数:0精神病床数:0感染症病床数:0合計病床数:40】千葉県柏市中央２－２－１２" }, "geometry": { "type": "Point", "coordinates": [ 139.972126, 35.856632 ] } },
{ "type": "Feature", "properties": { "ID": 1211226716300, "正式名称": "国際医療福祉大学成田病院", "機関区分": 1, "都道府県コード": 12, "市区町村コード": 211, "所在地": "千葉県成田市畑ケ田８５２", "緯度": 35.760493, "経度": 140.351466, "url": "https://www.iryou.teikyouseido.mhlw.go.jp/znk-web/juminkanja/S2430/initialize?prefCd=12&kikanCd=1226716300&kikanKbn=1", "url2": "http://naritahospital.iuhw.ac.jp/", "内容": "国際医療福祉大学成田病院【1:病院】【診療科目:内科_感染症内科_血液内科_代謝・内分泌内科_脳神経内科_呼吸器内科_循環器内科_消化器内科_腎臓内科_腫瘍内科_老年内科_外科_脳神経外科_呼吸器外科_血管外科_心臓外科_消化器外科_乳腺外科_頭頸部外科_移植外科_整形外科_形成外科_小児科_小児外科_産婦人科_眼科_耳鼻いんこう科_皮膚科_泌尿器科_精神科_心療内科_歯科口腔外科_アレルギー科_リウマチ科_リハビリテーション科_放射線診断科_放射線治療科_病理診断科_臨床検査科_救急科_麻酔科_婦人科】【一般病床数:582療養病床数:0精神病床数:40感染症病床数:2合計病床数:624】千葉県成田市畑ケ田８５２" }, "geometry": { "type": "Point", "coordinates": [ 140.351466, 35.760493 ] } },
{ "type": "Feature", "properties": { "ID": 1211228355000, "正式名称": "医療法人白百合会　幕張病院", "機関区分": 1, "都道府県コード": 12, "市区町村コード": 106, "所在地": "千葉県千葉市美浜区幕張西４丁目２－１２", "緯度": 35.66249, "経度": 140.042568, "url": "https://www.iryou.teikyouseido.mhlw.go.jp/znk-web/juminkanja/S2430/initialize?prefCd=12&kikanCd=1228355000&kikanKbn=1", "url2": "http://makuharihp.com", "内容": "医療法人白百合会　幕張病院【1:病院】【診療科目:内科】【一般病床数:0療養病床数:206精神病床数:0感染症病床数:0合計病床数:206】千葉県千葉市美浜区幕張西４丁目２－１２" }, "geometry": { "type": "Point", "coordinates": [ 140.042568, 35.66249 ] } },
{ "type": "Feature", "properties": { "ID": 1211228757100, "正式名称": "医療法人社団　樹徳会　佐倉整形外科眼科病院", "機関区分": 1, "都道府県コード": 12, "市区町村コード": 212, "所在地": "千葉県佐倉市大崎台３−１１ー１７", "緯度": 35.706882, "経度": 140.22146, "url": "https://www.iryou.teikyouseido.mhlw.go.jp/znk-web/juminkanja/S2430/initialize?prefCd=12&kikanCd=1228757100&kikanKbn=1", "url2": "https://www.sakuraseikei.jp", "内容": "医療法人社団　樹徳会　佐倉整形外科眼科病院【1:病院】【診療科目:整形外科_形成外科_眼科_リウマチ科_リハビリテーション科_麻酔科】【一般病床数:33療養病床数:0精神病床数:0感染症病床数:0合計病床数:33】千葉県佐倉市大崎台３−１１ー１７" }, "geometry": { "type": "Point", "coordinates": [ 140.22146, 35.706882 ] } },
{ "type": "Feature", "properties": { "ID": 1211230000112, "正式名称": "千葉県総合救急災害医療センター", "機関区分": 1, "都道府県コード": 12, "市区町村コード": 106, "所在地": "千葉県千葉市美浜区豊砂６－１", "緯度": 35.615731, "経度": 140.097581, "url": "https://www.iryou.teikyouseido.mhlw.go.jp/znk-web/juminkanja/S2430/initialize?prefCd=12&kikanCd=1230000112&kikanKbn=1", "url2": null, "内容": "千葉県総合救急災害医療センター【1:病院】【診療科目:内科_循環器内科_神経内科_外科_脳神経外科_脳外科_心臓血管外科_整形外科_形成外科_精神科_リハビリテーション科_放射線科_救急科_麻酔科】【一般病床数:100療養病床数:0精神病床数:50感染症病床数:0合計病床数:150】千葉県千葉市美浜区豊砂６－１" }, "geometry": { "type": "Point", "coordinates": [ 140.097581, 35.615731 ] } },
{ "type": "Feature", "properties": { "ID": 1211230000120, "正式名称": "社会医療法人社団蛍水会　名戸ヶ谷記念病院", "機関区分": 1, "都道府県コード": 12, "市区町村コード": 217, "所在地": "千葉県柏市名戸ケ谷６８７－４", "緯度": 35.845217, "経度": 139.982001, "url": "https://www.iryou.teikyouseido.mhlw.go.jp/znk-web/juminkanja/S2430/initialize?prefCd=12&kikanCd=1230000120&kikanKbn=1", "url2": "https://kinen.nadogaya.com", "内容": "社会医療法人社団蛍水会　名戸ヶ谷記念病院【1:病院】【診療科目:内科_外科_脳神経外科_整形外科_リハビリテーション科】【一般病床数:100療養病床数:0精神病床数:0感染症病床数:0合計病床数:100】千葉県柏市名戸ケ谷６８７－４" }, "geometry": { "type": "Point", "coordinates": [ 139.982001, 35.845217 ] } }
]
}
