{
"type": "FeatureCollection",
"name": "geo_12_短期入所生活介護",
"crs": { "type": "name", "properties": { "name": "urn:ogc:def:crs:OGC:1.3:CRS84" } },
"features": [
{ "type": "Feature", "properties": { "内容": "さわやかゆう輝の里【短期入所生活介護】千葉県千葉市中央区川戸町254-1", "url2": "https://www.kaigokensaku.mhlw.go.jp/12/index.php?action_kouhyou_detail_004_kani=true&JigyosyoCd=1270103540-00&ServiceCd=210&Type=search" }, "geometry": { "type": "Point", "coordinates": [ 140.173342277479037, 35.580225882440033 ] } },
{ "type": "Feature", "properties": { "内容": "あずみ苑おゆみ【短期入所生活介護】千葉県千葉市中央区生実町1850-7", "url2": "https://www.kaigokensaku.mhlw.go.jp/12/index.php?action_kouhyou_detail_004_kani=true&JigyosyoCd=1270102377-00&ServiceCd=210&Type=search" }, "geometry": { "type": "Point", "coordinates": [ 140.149645100000043, 35.5576479 ] } },
{ "type": "Feature", "properties": { "内容": "ショートステイ都苑【短期入所生活介護】千葉市中央区川戸町２番地", "url2": "https://www.kaigokensaku.mhlw.go.jp/12/index.php?action_kouhyou_detail_004_kani=true&JigyosyoCd=1270100116-00&ServiceCd=210&Type=search" }, "geometry": { "type": "Point", "coordinates": [ 140.165103, 35.5927034 ] } },
{ "type": "Feature", "properties": { "内容": "ショートステイかなめ一倫荘【短期入所生活介護】千葉県千葉市中央区要町1-2", "url2": "https://www.kaigokensaku.mhlw.go.jp/12/index.php?action_kouhyou_detail_004_kani=true&JigyosyoCd=1270105537-00&ServiceCd=210&Type=search" }, "geometry": { "type": "Point", "coordinates": [ 140.1190963, 35.615661 ] } },
{ "type": "Feature", "properties": { "内容": "あかいの郷ショートステイ【短期入所生活介護】千葉市中央区赤井町２８４番地", "url2": "https://www.kaigokensaku.mhlw.go.jp/12/index.php?action_kouhyou_detail_004_kani=true&JigyosyoCd=1270101122-00&ServiceCd=210&Type=search" }, "geometry": { "type": "Point", "coordinates": [ 140.1549752, 35.5689806 ] } },
{ "type": "Feature", "properties": { "内容": "短期入所生活介護事業所　ピアポート千壽苑【短期入所生活介護】千葉県千葉市中央区問屋町６－４", "url2": "https://www.kaigokensaku.mhlw.go.jp/12/index.php?action_kouhyou_detail_004_kani=true&JigyosyoCd=1270101874-00&ServiceCd=210&Type=search" }, "geometry": { "type": "Point", "coordinates": [ 140.111254499999973, 35.6006459 ] } },
{ "type": "Feature", "properties": { "内容": "特別養護老人ホームローゼンヴィラはま野【短期入所生活介護】千葉県千葉市中央区南生実町461-2", "url2": "https://www.kaigokensaku.mhlw.go.jp/12/index.php?action_kouhyou_detail_004_kani=true&JigyosyoCd=1270100728-00&ServiceCd=210&Type=search" }, "geometry": { "type": "Point", "coordinates": [ 140.142801800000029, 35.5543259 ] } },
{ "type": "Feature", "properties": { "内容": "特別養護老人ホーム　星久喜白山荘【短期入所生活介護】千葉市中央区星久喜町152-2", "url2": "https://www.kaigokensaku.mhlw.go.jp/12/index.php?action_kouhyou_detail_004_kani=true&JigyosyoCd=1270102583-00&ServiceCd=210&Type=search" }, "geometry": { "type": "Point", "coordinates": [ 140.1494059, 35.6040192 ] } },
{ "type": "Feature", "properties": { "内容": "ショートステイ新千葉一倫荘【短期入所生活介護】千葉県千葉市中央区新千葉３－１０－２０", "url2": "https://www.kaigokensaku.mhlw.go.jp/12/index.php?action_kouhyou_detail_004_kani=true&JigyosyoCd=1270103615-00&ServiceCd=210&Type=search" }, "geometry": { "type": "Point", "coordinates": [ 140.105811899999907, 35.6145415 ] } },
{ "type": "Feature", "properties": { "内容": "ショートステイ恵光園シャイニー中央【短期入所生活介護】千葉県千葉市中央区星久喜町36番", "url2": "https://www.kaigokensaku.mhlw.go.jp/12/index.php?action_kouhyou_detail_004_kani=true&JigyosyoCd=1270105016-00&ServiceCd=210&Type=search" }, "geometry": { "type": "Point", "coordinates": [ 140.155543200000011, 35.5997432 ] } },
{ "type": "Feature", "properties": { "内容": "淑徳共生苑短期入所生活介護事業所【短期入所生活介護】千葉市中央区生実町2407-1", "url2": "https://www.kaigokensaku.mhlw.go.jp/12/index.php?action_kouhyou_detail_004_kani=true&JigyosyoCd=1270102187-00&ServiceCd=210&Type=search" }, "geometry": { "type": "Point", "coordinates": [ 140.15382390000002, 35.567108 ] } },
{ "type": "Feature", "properties": { "内容": "幕張ケアセンターそよ風【短期入所生活介護】千葉県千葉市花見川区幕張町6-67", "url2": "https://www.kaigokensaku.mhlw.go.jp/12/index.php?action_kouhyou_detail_004_kani=true&JigyosyoCd=1270202730-00&ServiceCd=210&Type=search" }, "geometry": { "type": "Point", "coordinates": [ 140.060585968370106, 35.663133219496025 ] } },
{ "type": "Feature", "properties": { "内容": "ゆうゆう苑指定短期入所生活介護【短期入所生活介護】千葉県千葉市花見川区犢橋町10番地特別養護老人ホーム　ゆうゆう苑", "url2": "https://www.kaigokensaku.mhlw.go.jp/12/index.php?action_kouhyou_detail_004_kani=true&JigyosyoCd=1270202466-00&ServiceCd=210&Type=search" }, "geometry": { "type": "Point", "coordinates": [ 140.112418299999945, 35.671079700000021 ] } },
{ "type": "Feature", "properties": { "内容": "ショートステイサービス花見の里【短期入所生活介護】千葉県千葉市花見川区柏井町２７７番５", "url2": "https://www.kaigokensaku.mhlw.go.jp/12/index.php?action_kouhyou_detail_004_kani=true&JigyosyoCd=1270200585-00&ServiceCd=210&Type=search" }, "geometry": { "type": "Point", "coordinates": [ 140.114114400000062, 35.6887361 ] } },
{ "type": "Feature", "properties": { "内容": "ショートステイりんりん【短期入所生活介護】千葉県千葉市花見川区宇那谷町１７３５", "url2": "https://www.kaigokensaku.mhlw.go.jp/12/index.php?action_kouhyou_detail_004_kani=true&JigyosyoCd=1270201708-00&ServiceCd=210&Type=search" }, "geometry": { "type": "Point", "coordinates": [ 140.135838199999966, 35.6794269 ] } },
{ "type": "Feature", "properties": { "内容": "ショートステイサービスみ春野れんげの丘【短期入所生活介護】千葉県千葉市花見川区宇那谷町182-2特別養護老人ホームみ春野れんげの丘", "url2": "https://www.kaigokensaku.mhlw.go.jp/12/index.php?action_kouhyou_detail_004_kani=true&JigyosyoCd=1270204090-00&ServiceCd=210&Type=search" }, "geometry": { "type": "Point", "coordinates": [ 140.135684891926587, 35.69345100558391 ] } },
{ "type": "Feature", "properties": { "内容": "晴山苑ショートステイサービス【短期入所生活介護】千葉市花見川区花島町149-1", "url2": "https://www.kaigokensaku.mhlw.go.jp/12/index.php?action_kouhyou_detail_004_kani=true&JigyosyoCd=1270200106-00&ServiceCd=210&Type=search" }, "geometry": { "type": "Point", "coordinates": [ 140.098505299999943, 35.6803673 ] } },
{ "type": "Feature", "properties": { "内容": "ショートステイサービス　桐花園【短期入所生活介護】千葉市花見川区幕張町3-2362-2", "url2": "https://www.kaigokensaku.mhlw.go.jp/12/index.php?action_kouhyou_detail_004_kani=true&JigyosyoCd=1270200346-00&ServiceCd=210&Type=search" }, "geometry": { "type": "Point", "coordinates": [ 140.057934299999943, 35.6739258 ] } },
{ "type": "Feature", "properties": { "内容": "ショートステイ一倫荘【短期入所生活介護】千葉県千葉市花見川区大日町1492-2特別養護老人ホーム一倫荘", "url2": "https://www.kaigokensaku.mhlw.go.jp/12/index.php?action_kouhyou_detail_004_kani=true&JigyosyoCd=1270202532-00&ServiceCd=210&Type=search" }, "geometry": { "type": "Point", "coordinates": [ 140.13527160000001, 35.6797046 ] } },
{ "type": "Feature", "properties": { "内容": "特別養護老人ホーム花見川フェニックス【短期入所生活介護】千葉県千葉市花見川区畑町591番地1", "url2": "https://www.kaigokensaku.mhlw.go.jp/12/index.php?action_kouhyou_detail_004_kani=true&JigyosyoCd=1270203175-00&ServiceCd=210&Type=search" }, "geometry": { "type": "Point", "coordinates": [ 140.091453900000033, 35.660027599999985 ] } },
{ "type": "Feature", "properties": { "内容": "エスケアステーション千葉稲毛ショートステイ【短期入所生活介護】千葉県千葉市稲毛区園生町451番13", "url2": "https://www.kaigokensaku.mhlw.go.jp/12/index.php?action_kouhyou_detail_004_kani=true&JigyosyoCd=1270302258-00&ServiceCd=210&Type=search" }, "geometry": { "type": "Point", "coordinates": [ 140.113746229360942, 35.643466929142086 ] } },
{ "type": "Feature", "properties": { "内容": "短期入所施設　こぶしの里【短期入所生活介護】千葉県千葉市稲毛区山王町171-1", "url2": "https://www.kaigokensaku.mhlw.go.jp/12/index.php?action_kouhyou_detail_004_kani=true&JigyosyoCd=1270303058-00&ServiceCd=210&Type=search" }, "geometry": { "type": "Point", "coordinates": [ 140.138782481739923, 35.665655772281085 ] } },
{ "type": "Feature", "properties": { "内容": "ショートステイいなげ一倫荘【短期入所生活介護】千葉県千葉市稲毛区稲毛町５－８７－１", "url2": "https://www.kaigokensaku.mhlw.go.jp/12/index.php?action_kouhyou_detail_004_kani=true&JigyosyoCd=1270302357-00&ServiceCd=210&Type=search" }, "geometry": { "type": "Point", "coordinates": [ 140.078838899999937, 35.6404021 ] } },
{ "type": "Feature", "properties": { "内容": "ショートステイとどろき一倫荘【短期入所生活介護】轟町５－２－１", "url2": "https://www.kaigokensaku.mhlw.go.jp/12/index.php?action_kouhyou_detail_004_kani=true&JigyosyoCd=1270302639-00&ServiceCd=210&Type=search" }, "geometry": { "type": "Point", "coordinates": [ 140.11120899867251, 35.629723055952262 ] } },
{ "type": "Feature", "properties": { "内容": "いなげケアセンターそよ風【短期入所生活介護】千葉県千葉市稲毛区穴川3-6-12いなげケアセンターそよ風", "url2": "https://www.kaigokensaku.mhlw.go.jp/12/index.php?action_kouhyou_detail_004_kani=true&JigyosyoCd=1270300534-00&ServiceCd=210&Type=search" }, "geometry": { "type": "Point", "coordinates": [ 140.108077500000036, 35.6373814 ] } },
{ "type": "Feature", "properties": { "内容": "短期入所施設双樹苑【短期入所生活介護】千葉市稲毛区山王町１６２－１", "url2": "https://www.kaigokensaku.mhlw.go.jp/12/index.php?action_kouhyou_detail_004_kani=true&JigyosyoCd=1270300070-00&ServiceCd=210&Type=search" }, "geometry": { "type": "Point", "coordinates": [ 140.140229299999987, 35.6678662 ] } },
{ "type": "Feature", "properties": { "内容": "ショートステイサービス　ソレイユ千葉北【短期入所生活介護】千葉市稲毛区長沼原町250番地", "url2": "https://www.kaigokensaku.mhlw.go.jp/12/index.php?action_kouhyou_detail_004_kani=true&JigyosyoCd=1270300138-00&ServiceCd=210&Type=search" }, "geometry": { "type": "Point", "coordinates": [ 140.127532300000013, 35.6703258 ] } },
{ "type": "Feature", "properties": { "内容": "特別養護老人ホーム稲毛こひつじ園【短期入所生活介護】千葉県千葉市稲毛区萩台町380-2", "url2": "https://www.kaigokensaku.mhlw.go.jp/12/index.php?action_kouhyou_detail_004_kani=true&JigyosyoCd=1270300914-00&ServiceCd=210&Type=search" }, "geometry": { "type": "Point", "coordinates": [ 140.121416700000026, 35.6442563 ] } },
{ "type": "Feature", "properties": { "内容": "短期入所施設プラタナス【短期入所生活介護】千葉県千葉市稲毛区園生町1283-12", "url2": "https://www.kaigokensaku.mhlw.go.jp/12/index.php?action_kouhyou_detail_004_kani=true&JigyosyoCd=1270301409-00&ServiceCd=210&Type=search" }, "geometry": { "type": "Point", "coordinates": [ 140.100395, 35.6435662 ] } },
{ "type": "Feature", "properties": { "内容": "ショートステイサービスソレイユ千葉北ユニット【短期入所生活介護】千葉県千葉市稲毛区長沼原町250番地", "url2": "https://www.kaigokensaku.mhlw.go.jp/12/index.php?action_kouhyou_detail_004_kani=true&JigyosyoCd=1270301995-00&ServiceCd=210&Type=search" }, "geometry": { "type": "Point", "coordinates": [ 140.127603300000033, 35.6703193 ] } },
{ "type": "Feature", "properties": { "内容": "短期入所施設桃花苑【短期入所生活介護】千葉県千葉市稲毛区山王町255-3", "url2": "https://www.kaigokensaku.mhlw.go.jp/12/index.php?action_kouhyou_detail_004_kani=true&JigyosyoCd=1270302555-00&ServiceCd=210&Type=search" }, "geometry": { "type": "Point", "coordinates": [ 140.134908043038905, 35.664372973243431 ] } },
{ "type": "Feature", "properties": { "内容": "特別養護老人ホームちとせ稲毛【短期入所生活介護】千葉県千葉市稲毛区萩台町50-1特別養護老人ホームちとせ稲毛", "url2": "https://www.kaigokensaku.mhlw.go.jp/12/index.php?action_kouhyou_detail_004_kani=true&JigyosyoCd=1270302845-00&ServiceCd=210&Type=search" }, "geometry": { "type": "Point", "coordinates": [ 140.121759941995094, 35.63647786548718 ] } },
{ "type": "Feature", "properties": { "内容": "ショートステイ　ケアサポートわかば【短期入所生活介護】千葉県千葉市若葉区若松町502-9", "url2": "https://www.kaigokensaku.mhlw.go.jp/12/index.php?action_kouhyou_detail_004_kani=true&JigyosyoCd=1270401811-00&ServiceCd=210&Type=search" }, "geometry": { "type": "Point", "coordinates": [ 140.149808200000052, 35.6451139 ] } },
{ "type": "Feature", "properties": { "内容": "ショートステイ　ケアサポート寿クラブ【短期入所生活介護】千葉県千葉市若葉区小倉町829-1", "url2": "https://www.kaigokensaku.mhlw.go.jp/12/index.php?action_kouhyou_detail_004_kani=true&JigyosyoCd=1270403528-00&ServiceCd=210&Type=search" }, "geometry": { "type": "Point", "coordinates": [ 140.1762014, 35.6207568 ] } },
{ "type": "Feature", "properties": { "内容": "特別養護老人ホーム御殿町(ユニット型)ショートステイ【短期入所生活介護】千葉県千葉市若葉区御殿町699-23", "url2": "https://www.kaigokensaku.mhlw.go.jp/12/index.php?action_kouhyou_detail_004_kani=true&JigyosyoCd=1270404112-00&ServiceCd=210&Type=search" }, "geometry": { "type": "Point", "coordinates": [ 140.211349830591701, 35.615298590449321 ] } },
{ "type": "Feature", "properties": { "内容": "特別養護老人ホーム　いずみ苑【短期入所生活介護】千葉市若葉区中田町１０４４－５５", "url2": "https://www.kaigokensaku.mhlw.go.jp/12/index.php?action_kouhyou_detail_004_kani=true&JigyosyoCd=1270400144-00&ServiceCd=210&Type=search" }, "geometry": { "type": "Point", "coordinates": [ 140.223795699999982, 35.5937297 ] } },
{ "type": "Feature", "properties": { "内容": "特別養護老人ホーム清和園【短期入所生活介護】千葉市若葉区多部田町１４６８", "url2": "https://www.kaigokensaku.mhlw.go.jp/12/index.php?action_kouhyou_detail_004_kani=true&JigyosyoCd=1270400193-00&ServiceCd=210&Type=search" }, "geometry": { "type": "Point", "coordinates": [ 140.201813200000061, 35.5988876 ] } },
{ "type": "Feature", "properties": { "内容": "ショートステイサービスセンター小倉町いずみ苑【短期入所生活介護】千葉県千葉市若葉区小倉町1325-1", "url2": "https://www.kaigokensaku.mhlw.go.jp/12/index.php?action_kouhyou_detail_004_kani=true&JigyosyoCd=1270401506-00&ServiceCd=210&Type=search" }, "geometry": { "type": "Point", "coordinates": [ 140.185479699999973, 35.6319884 ] } },
{ "type": "Feature", "properties": { "内容": "あずみ苑若葉【短期入所生活介護】千葉市若葉区原町９２６－３", "url2": "https://www.kaigokensaku.mhlw.go.jp/12/index.php?action_kouhyou_detail_004_kani=true&JigyosyoCd=1270401605-00&ServiceCd=210&Type=search" }, "geometry": { "type": "Point", "coordinates": [ 140.1418921, 35.6363873 ] } },
{ "type": "Feature", "properties": { "内容": "ショートステイサービス　サンライズビラ【短期入所生活介護】千葉市若葉区大宮町2107番地", "url2": "https://www.kaigokensaku.mhlw.go.jp/12/index.php?action_kouhyou_detail_004_kani=true&JigyosyoCd=1270400334-00&ServiceCd=210&Type=search" }, "geometry": { "type": "Point", "coordinates": [ 140.182745800000021, 35.5871643 ] } },
{ "type": "Feature", "properties": { "内容": "ユニット型ショートステイサービスサンライズビラ【短期入所生活介護】千葉県千葉市若葉区大宮町2107番地", "url2": "https://www.kaigokensaku.mhlw.go.jp/12/index.php?action_kouhyou_detail_004_kani=true&JigyosyoCd=1270402678-00&ServiceCd=210&Type=search" }, "geometry": { "type": "Point", "coordinates": [ 140.182745800000021, 35.5871643 ] } },
{ "type": "Feature", "properties": { "内容": "ちば美香苑ショートステイサービス【短期入所生活介護】千葉県千葉市若葉区佐和町322-88", "url2": "https://www.kaigokensaku.mhlw.go.jp/12/index.php?action_kouhyou_detail_004_kani=true&JigyosyoCd=1270400276-00&ServiceCd=210&Type=search" }, "geometry": { "type": "Point", "coordinates": [ 140.20590530000004, 35.5819768 ] } },
{ "type": "Feature", "properties": { "内容": "ショートステイサービス中野園【短期入所生活介護】千葉市若葉区中野町２１４８番地６", "url2": "https://www.kaigokensaku.mhlw.go.jp/12/index.php?action_kouhyou_detail_004_kani=true&JigyosyoCd=1270400284-00&ServiceCd=210&Type=search" }, "geometry": { "type": "Point", "coordinates": [ 140.250664300000039, 35.5914597 ] } },
{ "type": "Feature", "properties": { "内容": "若葉ケアコミュニティそよ風【短期入所生活介護】千葉県千葉市若葉区若松町2076-3", "url2": "https://www.kaigokensaku.mhlw.go.jp/12/index.php?action_kouhyou_detail_004_kani=true&JigyosyoCd=1270402215-00&ServiceCd=210&Type=search" }, "geometry": { "type": "Point", "coordinates": [ 140.1618102, 35.6348382 ] } },
{ "type": "Feature", "properties": { "内容": "セイワ若松ショートステイサービス【短期入所生活介護】千葉市若葉区若松町７９２－１", "url2": "https://www.kaigokensaku.mhlw.go.jp/12/index.php?action_kouhyou_detail_004_kani=true&JigyosyoCd=1270400235-00&ServiceCd=210&Type=search" }, "geometry": { "type": "Point", "coordinates": [ 140.143916499999932, 35.6537255 ] } },
{ "type": "Feature", "properties": { "内容": "ショートステイサービスセンター第2いずみ苑【短期入所生活介護】中田町1044-32", "url2": "https://www.kaigokensaku.mhlw.go.jp/12/index.php?action_kouhyou_detail_004_kani=true&JigyosyoCd=1270403023-00&ServiceCd=210&Type=search" }, "geometry": { "type": "Point", "coordinates": [ 140.224715899999978, 35.5933659 ] } },
{ "type": "Feature", "properties": { "内容": "特別養護老人ホーム　菜の花園【短期入所生活介護】千葉市若葉区大宮町1621番地", "url2": "https://www.kaigokensaku.mhlw.go.jp/12/index.php?action_kouhyou_detail_004_kani=true&JigyosyoCd=1270400102-00&ServiceCd=210&Type=search" }, "geometry": { "type": "Point", "coordinates": [ 140.1701769, 35.5925195 ] } },
{ "type": "Feature", "properties": { "内容": "短期入所生活介護事業所　恵光園【短期入所生活介護】千葉市若葉区大広町252-4", "url2": "https://www.kaigokensaku.mhlw.go.jp/12/index.php?action_kouhyou_detail_004_kani=true&JigyosyoCd=1270400151-00&ServiceCd=210&Type=search" }, "geometry": { "type": "Point", "coordinates": [ 140.209095100000013, 35.5716989 ] } },
{ "type": "Feature", "properties": { "内容": "ショートステイサービス　更科ホーム【短期入所生活介護】千葉市若葉区更科町2593-2", "url2": "https://www.kaigokensaku.mhlw.go.jp/12/index.php?action_kouhyou_detail_004_kani=true&JigyosyoCd=1270400383-00&ServiceCd=210&Type=search" }, "geometry": { "type": "Point", "coordinates": [ 140.2193327, 35.6212607 ] } },
{ "type": "Feature", "properties": { "内容": "ユニット型短期入所生活介護事業所恵光園【短期入所生活介護】千葉県千葉市若葉区大広町２５２－４", "url2": "https://www.kaigokensaku.mhlw.go.jp/12/index.php?action_kouhyou_detail_004_kani=true&JigyosyoCd=1270402736-00&ServiceCd=210&Type=search" }, "geometry": { "type": "Point", "coordinates": [ 140.209114499999941, 35.5716739 ] } },
{ "type": "Feature", "properties": { "内容": "特別養護老人ホーム和陽園【短期入所生活介護】千葉県千葉市若葉区千城台南4-13-1", "url2": "https://www.kaigokensaku.mhlw.go.jp/12/index.php?action_kouhyou_detail_004_kani=true&JigyosyoCd=1270402744-00&ServiceCd=210&Type=search" }, "geometry": { "type": "Point", "coordinates": [ 140.190913, 35.6141784 ] } },
{ "type": "Feature", "properties": { "内容": "特別養護老人ホーム和陽園（ユニット型）【短期入所生活介護】千葉県千葉市若葉区千城台南4-13-1", "url2": "https://www.kaigokensaku.mhlw.go.jp/12/index.php?action_kouhyou_detail_004_kani=true&JigyosyoCd=1270403106-00&ServiceCd=210&Type=search" }, "geometry": { "type": "Point", "coordinates": [ 140.190913, 35.6141784 ] } },
{ "type": "Feature", "properties": { "内容": "短期入所生活介護　若葉いこいの里【短期入所生活介護】千葉県千葉市若葉区若松町531-156", "url2": "https://www.kaigokensaku.mhlw.go.jp/12/index.php?action_kouhyou_detail_004_kani=true&JigyosyoCd=1270403940-00&ServiceCd=210&Type=search" }, "geometry": { "type": "Point", "coordinates": [ 140.1475134, 35.6510577 ] } },
{ "type": "Feature", "properties": { "内容": "ショートステイ昌晴園【短期入所生活介護】千葉市若葉区野呂町736番地1号", "url2": "https://www.kaigokensaku.mhlw.go.jp/12/index.php?action_kouhyou_detail_004_kani=true&JigyosyoCd=1270400300-00&ServiceCd=210&Type=search" }, "geometry": { "type": "Point", "coordinates": [ 140.236455299999989, 35.5845651 ] } },
{ "type": "Feature", "properties": { "内容": "短期入所生活介護　ロイヤル千葉グリーンホーム【短期入所生活介護】千葉県千葉市緑区あすみが丘東2-21-1", "url2": "https://www.kaigokensaku.mhlw.go.jp/12/index.php?action_kouhyou_detail_004_kani=true&JigyosyoCd=1270501560-00&ServiceCd=210&Type=search" }, "geometry": { "type": "Point", "coordinates": [ 140.277632400000016, 35.5242952 ] } },
{ "type": "Feature", "properties": { "内容": "特別養護老人ホームけやき園【短期入所生活介護】千葉県千葉市緑区鎌取町75-1", "url2": "https://www.kaigokensaku.mhlw.go.jp/12/index.php?action_kouhyou_detail_004_kani=true&JigyosyoCd=1270500539-00&ServiceCd=210&Type=search" }, "geometry": { "type": "Point", "coordinates": [ 140.179388600000038, 35.5649252 ] } },
{ "type": "Feature", "properties": { "内容": "ショートステイ　アーバンライフ・ネクステ【短期入所生活介護】千葉県千葉市緑区古市場461番地1", "url2": "https://www.kaigokensaku.mhlw.go.jp/12/index.php?action_kouhyou_detail_004_kani=true&JigyosyoCd=1270502345-00&ServiceCd=210&Type=search" }, "geometry": { "type": "Point", "coordinates": [ 140.150047197483843, 35.546112098697009 ] } },
{ "type": "Feature", "properties": { "内容": "おゆみ野ショートステイそよ風【短期入所生活介護】千葉県千葉市緑区おゆみ野1-41-9", "url2": "https://www.kaigokensaku.mhlw.go.jp/12/index.php?action_kouhyou_detail_004_kani=true&JigyosyoCd=1270501792-00&ServiceCd=210&Type=search" }, "geometry": { "type": "Point", "coordinates": [ 140.168411454200623, 35.56375737545018 ] } },
{ "type": "Feature", "properties": { "内容": "裕和園ショートステイサービス【短期入所生活介護】千葉市緑区高田町1084番地特別養護老人ホーム裕和園", "url2": "https://www.kaigokensaku.mhlw.go.jp/12/index.php?action_kouhyou_detail_004_kani=true&JigyosyoCd=1270500075-00&ServiceCd=210&Type=search" }, "geometry": { "type": "Point", "coordinates": [ 140.224593654996596, 35.552101556402029 ] } },
{ "type": "Feature", "properties": { "内容": "ときわ園短期入所生活介護事業所【短期入所生活介護】千葉県千葉市緑区平川町１７３１", "url2": "https://www.kaigokensaku.mhlw.go.jp/12/index.php?action_kouhyou_detail_004_kani=true&JigyosyoCd=1270500117-00&ServiceCd=210&Type=search" }, "geometry": { "type": "Point", "coordinates": [ 140.2387412, 35.5560321 ] } },
{ "type": "Feature", "properties": { "内容": "短期入所施設　千寿苑【短期入所生活介護】千葉市緑区大木戸町1200-73", "url2": "https://www.kaigokensaku.mhlw.go.jp/12/index.php?action_kouhyou_detail_004_kani=true&JigyosyoCd=1270500158-00&ServiceCd=210&Type=search" }, "geometry": { "type": "Point", "coordinates": [ 140.233573500000034, 35.5092543 ] } },
{ "type": "Feature", "properties": { "内容": "特別養護老人ホーム誉田園【短期入所生活介護】千葉県千葉市緑区高田町1790－1", "url2": "https://www.kaigokensaku.mhlw.go.jp/12/index.php?action_kouhyou_detail_004_kani=true&JigyosyoCd=1270500190-00&ServiceCd=210&Type=search" }, "geometry": { "type": "Point", "coordinates": [ 140.225326099999961, 35.5665346 ] } },
{ "type": "Feature", "properties": { "内容": "フローラユーワショートステイサービス【短期入所生活介護】千葉県千葉市緑区高田町1083番地25", "url2": "https://www.kaigokensaku.mhlw.go.jp/12/index.php?action_kouhyou_detail_004_kani=true&JigyosyoCd=1270501420-00&ServiceCd=210&Type=search" }, "geometry": { "type": "Point", "coordinates": [ 140.22201629999995, 35.5496761 ] } },
{ "type": "Feature", "properties": { "内容": "ときわ園短期入所生活介護事業所（ユニット型）【短期入所生活介護】千葉県千葉市緑区平川町１７３１", "url2": "https://www.kaigokensaku.mhlw.go.jp/12/index.php?action_kouhyou_detail_004_kani=true&JigyosyoCd=1270501735-00&ServiceCd=210&Type=search" }, "geometry": { "type": "Point", "coordinates": [ 140.2388115, 35.55609 ] } },
{ "type": "Feature", "properties": { "内容": "ショートステイサービス緑苑【短期入所生活介護】千葉県千葉市緑区平山町2008-1", "url2": "https://www.kaigokensaku.mhlw.go.jp/12/index.php?action_kouhyou_detail_004_kani=true&JigyosyoCd=1270501974-00&ServiceCd=210&Type=search" }, "geometry": { "type": "Point", "coordinates": [ 140.181698800000049, 35.5732847 ] } },
{ "type": "Feature", "properties": { "内容": "セイワ美浜ショートステイサービスセンター【短期入所生活介護】千葉市美浜区磯辺2-21-2", "url2": "https://www.kaigokensaku.mhlw.go.jp/12/index.php?action_kouhyou_detail_004_kani=true&JigyosyoCd=1270600271-00&ServiceCd=210&Type=search" }, "geometry": { "type": "Point", "coordinates": [ 140.061389, 35.6263893 ] } },
{ "type": "Feature", "properties": { "内容": "千葉県千葉市美浜区真砂4-2-8　セザール検見川浜3階【短期入所生活介護】千葉県千葉市美浜区真砂4-2-8セザール検見川浜3階", "url2": "https://www.kaigokensaku.mhlw.go.jp/12/index.php?action_kouhyou_detail_004_kani=true&JigyosyoCd=1270600701-00&ServiceCd=210&Type=search" }, "geometry": { "type": "Point", "coordinates": [ 140.0598099, 35.6369927 ] } },
{ "type": "Feature", "properties": { "内容": "特別養護老人ホームみはま苑【短期入所生活介護】千葉県千葉市美浜区高洲3-3-12", "url2": "https://www.kaigokensaku.mhlw.go.jp/12/index.php?action_kouhyou_detail_004_kani=true&JigyosyoCd=1270600065-00&ServiceCd=210&Type=search" }, "geometry": { "type": "Point", "coordinates": [ 140.073330299999952, 35.6262167 ] } },
{ "type": "Feature", "properties": { "内容": "ショートステイしょうじゅ美浜【短期入所生活介護】千葉県千葉市美浜区幸町2-12-2しょうじゅ美浜", "url2": "https://www.kaigokensaku.mhlw.go.jp/12/index.php?action_kouhyou_detail_004_kani=true&JigyosyoCd=1270600883-00&ServiceCd=210&Type=search" }, "geometry": { "type": "Point", "coordinates": [ 140.093095090351852, 35.62102434507451 ] } },
{ "type": "Feature", "properties": { "内容": "短期入所生活介護事業所コスタリゾン千壽苑【短期入所生活介護】千葉市美浜区真砂2-3-3コスタリゾン千壽苑", "url2": "https://www.kaigokensaku.mhlw.go.jp/12/index.php?action_kouhyou_detail_004_kani=true&JigyosyoCd=1270601196-00&ServiceCd=210&Type=search" }, "geometry": { "type": "Point", "coordinates": [ 140.069878499999959, 35.6401611 ] } },
{ "type": "Feature", "properties": { "内容": "特別養護老人ホームアルマ美浜【短期入所生活介護】千葉県千葉市美浜区稲毛海岸5-22-1", "url2": "https://www.kaigokensaku.mhlw.go.jp/12/index.php?action_kouhyou_detail_004_kani=true&JigyosyoCd=1270601014-00&ServiceCd=210&Type=search" }, "geometry": { "type": "Point", "coordinates": [ 140.07546289723669, 35.637425227663691 ] } },
{ "type": "Feature", "properties": { "内容": "ショートステイ松籟の丘【短期入所生活介護】千葉県銚子市野尻町1472番地の1", "url2": "https://www.kaigokensaku.mhlw.go.jp/12/index.php?action_kouhyou_detail_004_kani=true&JigyosyoCd=1270700980-00&ServiceCd=210&Type=search" }, "geometry": { "type": "Point", "coordinates": [ 140.748275820315456, 35.759998282494124 ] } },
{ "type": "Feature", "properties": { "内容": "個室ユニット型特別養護老人ホーム松籟の丘【短期入所生活介護】千葉県銚子市野尻町1472番地の1", "url2": "https://www.kaigokensaku.mhlw.go.jp/12/index.php?action_kouhyou_detail_004_kani=true&JigyosyoCd=1270701053-00&ServiceCd=210&Type=search" }, "geometry": { "type": "Point", "coordinates": [ 140.7482453, 35.7601015 ] } },
{ "type": "Feature", "properties": { "内容": "ショートステイさんきゅう【短期入所生活介護】千葉県銚子市上野町215", "url2": "https://www.kaigokensaku.mhlw.go.jp/12/index.php?action_kouhyou_detail_004_kani=true&JigyosyoCd=1270700949-00&ServiceCd=210&Type=search" }, "geometry": { "type": "Point", "coordinates": [ 140.806128899999976, 35.7240067 ] } },
{ "type": "Feature", "properties": { "内容": "特別養護老人ホームさざんか園【短期入所生活介護】千葉県銚子市新町959番地4", "url2": "https://www.kaigokensaku.mhlw.go.jp/12/index.php?action_kouhyou_detail_004_kani=true&JigyosyoCd=1270700139-00&ServiceCd=210&Type=search" }, "geometry": { "type": "Point", "coordinates": [ 140.75551280000002, 35.7314324 ] } },
{ "type": "Feature", "properties": { "内容": "特別養護老人ホームなごみ【短期入所生活介護】千葉県市川市大町442", "url2": "https://www.kaigokensaku.mhlw.go.jp/12/index.php?action_kouhyou_detail_004_kani=true&JigyosyoCd=1270805540-00&ServiceCd=210&Type=search" }, "geometry": { "type": "Point", "coordinates": [ 139.95784624854889, 35.765593292801846 ] } },
{ "type": "Feature", "properties": { "内容": "特別養護老人ホーム　華つばき【短期入所生活介護】千葉県市川市原木2丁目10番地42特別養護老人ホーム　華つばき", "url2": "https://www.kaigokensaku.mhlw.go.jp/12/index.php?action_kouhyou_detail_004_kani=true&JigyosyoCd=1270805896-00&ServiceCd=210&Type=search" }, "geometry": { "type": "Point", "coordinates": [ 139.9459819, 35.6995838 ] } },
{ "type": "Feature", "properties": { "内容": "市川ヒルズショートステイ【短期入所生活介護】千葉県市川市柏井町4-312", "url2": "https://www.kaigokensaku.mhlw.go.jp/12/index.php?action_kouhyou_detail_004_kani=true&JigyosyoCd=1270805649-00&ServiceCd=210&Type=search" }, "geometry": { "type": "Point", "coordinates": [ 139.9745737, 35.7527421 ] } },
{ "type": "Feature", "properties": { "内容": "特別養護老人ホーム　清山荘【短期入所生活介護】千葉県市川市柏井町４丁目３１４番地", "url2": "https://www.kaigokensaku.mhlw.go.jp/12/index.php?action_kouhyou_detail_004_kani=true&JigyosyoCd=1270800202-00&ServiceCd=210&Type=search" }, "geometry": { "type": "Point", "coordinates": [ 139.9733999, 35.7527323 ] } },
{ "type": "Feature", "properties": { "内容": "ホワイト市川ショートステイサービス【短期入所生活介護】千葉県市川市高谷１８５４番地", "url2": "https://www.kaigokensaku.mhlw.go.jp/12/index.php?action_kouhyou_detail_004_kani=true&JigyosyoCd=1270800160-00&ServiceCd=210&Type=search" }, "geometry": { "type": "Point", "coordinates": [ 139.945109499999944, 35.692082 ] } },
{ "type": "Feature", "properties": { "内容": "レガーレ市川　ショートステイ【短期入所生活介護】千葉県市川市柏井町4丁目315番地", "url2": "https://www.kaigokensaku.mhlw.go.jp/12/index.php?action_kouhyou_detail_004_kani=true&JigyosyoCd=1270803396-00&ServiceCd=210&Type=search" }, "geometry": { "type": "Point", "coordinates": [ 139.97350270000004, 35.7530434 ] } },
{ "type": "Feature", "properties": { "内容": "特別養護老人ホーム　太陽と緑の家【短期入所生活介護】千葉県市川市大町５５２番地", "url2": "https://www.kaigokensaku.mhlw.go.jp/12/index.php?action_kouhyou_detail_004_kani=true&JigyosyoCd=1270801473-00&ServiceCd=210&Type=search" }, "geometry": { "type": "Point", "coordinates": [ 139.952081799999974, 35.7632585 ] } },
{ "type": "Feature", "properties": { "内容": "特別養護老人ホームやわらぎの郷【短期入所生活介護】千葉県市川市大町438-2", "url2": "https://www.kaigokensaku.mhlw.go.jp/12/index.php?action_kouhyou_detail_004_kani=true&JigyosyoCd=1270801549-00&ServiceCd=210&Type=search" }, "geometry": { "type": "Point", "coordinates": [ 139.957984, 35.7658361 ] } },
{ "type": "Feature", "properties": { "内容": "ショートステイタムスさくらの杜市川【短期入所生活介護】千葉県市川市高谷3-1-1", "url2": "https://www.kaigokensaku.mhlw.go.jp/12/index.php?action_kouhyou_detail_004_kani=true&JigyosyoCd=1270805722-00&ServiceCd=210&Type=search" }, "geometry": { "type": "Point", "coordinates": [ 139.9415306, 35.6980931 ] } },
{ "type": "Feature", "properties": { "内容": "らいおんハートリハビリ温泉ショートステイ【短期入所生活介護】千葉県市川市押切3-7さとみの郷", "url2": "https://www.kaigokensaku.mhlw.go.jp/12/index.php?action_kouhyou_detail_004_kani=true&JigyosyoCd=1270805417-00&ServiceCd=210&Type=search" }, "geometry": { "type": "Point", "coordinates": [ 139.9123725, 35.6876743 ] } },
{ "type": "Feature", "properties": { "内容": "ショートステイ市川三愛【短期入所生活介護】千葉県市川市柏井町2-727特別養護老人ホーム市川三愛", "url2": "https://www.kaigokensaku.mhlw.go.jp/12/index.php?action_kouhyou_detail_004_kani=true&JigyosyoCd=1270805169-00&ServiceCd=210&Type=search" }, "geometry": { "type": "Point", "coordinates": [ 139.960823399999981, 35.7425583 ] } },
{ "type": "Feature", "properties": { "内容": "ナーシングホーム市川【短期入所生活介護】千葉県市川市柏井町４－３１０", "url2": "https://www.kaigokensaku.mhlw.go.jp/12/index.php?action_kouhyou_detail_004_kani=true&JigyosyoCd=1270800038-00&ServiceCd=210&Type=search" }, "geometry": { "type": "Point", "coordinates": [ 139.973444996186828, 35.753760346691884 ] } },
{ "type": "Feature", "properties": { "内容": "特別養護老人ホーム市川ひかり（ユニット型）【短期入所生活介護】千葉県市川市柏井町4-417-4特別養護老人ホーム市川ひかり", "url2": "https://www.kaigokensaku.mhlw.go.jp/12/index.php?action_kouhyou_detail_004_kani=true&JigyosyoCd=1270806001-00&ServiceCd=210&Type=search" }, "geometry": { "type": "Point", "coordinates": [ 139.968737299999987, 35.7520345 ] } },
{ "type": "Feature", "properties": { "内容": "特別養護老人ホーム　市川ひかり（従来型）【短期入所生活介護】千葉県市川市柏井町4-417-4", "url2": "https://www.kaigokensaku.mhlw.go.jp/12/index.php?action_kouhyou_detail_004_kani=true&JigyosyoCd=1270806027-00&ServiceCd=210&Type=search" }, "geometry": { "type": "Point", "coordinates": [ 139.9692867, 35.7506611 ] } },
{ "type": "Feature", "properties": { "内容": "ショートステイ　ケアサポートいちかわ【短期入所生活介護】千葉県市川市南行徳1-4-21", "url2": "https://www.kaigokensaku.mhlw.go.jp/12/index.php?action_kouhyou_detail_004_kani=true&JigyosyoCd=1270803511-00&ServiceCd=210&Type=search" }, "geometry": { "type": "Point", "coordinates": [ 139.905988500000035, 35.6741564 ] } },
{ "type": "Feature", "properties": { "内容": "サンライズ市川ショートステイ【短期入所生活介護】千葉県市川市大町79-2", "url2": "https://www.kaigokensaku.mhlw.go.jp/12/index.php?action_kouhyou_detail_004_kani=true&JigyosyoCd=1270804287-00&ServiceCd=210&Type=search" }, "geometry": { "type": "Point", "coordinates": [ 139.958469288885453, 35.769533141459597 ] } },
{ "type": "Feature", "properties": { "内容": "市川あさひ荘ショートステイ【短期入所生活介護】千葉県市川市大町537", "url2": "https://www.kaigokensaku.mhlw.go.jp/12/index.php?action_kouhyou_detail_004_kani=true&JigyosyoCd=1270800236-00&ServiceCd=210&Type=search" }, "geometry": { "type": "Point", "coordinates": [ 139.95360983743447, 35.760468919097796 ] } },
{ "type": "Feature", "properties": { "内容": "セントケアショートステイ市川大和田【短期入所生活介護】千葉県市川市大和田5-6-5", "url2": "https://www.kaigokensaku.mhlw.go.jp/12/index.php?action_kouhyou_detail_004_kani=true&JigyosyoCd=1280800036-00&ServiceCd=210&Type=search" }, "geometry": { "type": "Point", "coordinates": [ 139.9145021, 35.7136516 ] } },
{ "type": "Feature", "properties": { "内容": "アフェクシオン市川　短期入所生活介護【短期入所生活介護】千葉県市川市北方町四丁目1800番2", "url2": "https://www.kaigokensaku.mhlw.go.jp/12/index.php?action_kouhyou_detail_004_kani=true&JigyosyoCd=1270806357-00&ServiceCd=210&Type=search" }, "geometry": { "type": "Point", "coordinates": [ 139.9569204, 35.7294722 ] } },
{ "type": "Feature", "properties": { "内容": "親愛の丘市川ショートステイ【短期入所生活介護】千葉県市川市原木4-10-20", "url2": "https://www.kaigokensaku.mhlw.go.jp/12/index.php?action_kouhyou_detail_004_kani=true&JigyosyoCd=1270805367-00&ServiceCd=210&Type=search" }, "geometry": { "type": "Point", "coordinates": [ 139.951206503151866, 35.698422641498446 ] } },
{ "type": "Feature", "properties": { "内容": "特別養護老人ホーム　広尾苑【短期入所生活介護】千葉県市川市広尾２丁目３番１号", "url2": "https://www.kaigokensaku.mhlw.go.jp/12/index.php?action_kouhyou_detail_004_kani=true&JigyosyoCd=1270802729-00&ServiceCd=210&Type=search" }, "geometry": { "type": "Point", "coordinates": [ 139.890395099999978, 35.6795057 ] } },
{ "type": "Feature", "properties": { "内容": "シンシア市川ショートステイ【短期入所生活介護】千葉県市川市柏井町4丁目326-4シンシア市川ショートステイ", "url2": "https://www.kaigokensaku.mhlw.go.jp/12/index.php?action_kouhyou_detail_004_kani=true&JigyosyoCd=1270805615-00&ServiceCd=210&Type=search" }, "geometry": { "type": "Point", "coordinates": [ 139.97410690000001, 35.7518031 ] } },
{ "type": "Feature", "properties": { "内容": "桜楓親愛の丘ショートステイ【短期入所生活介護】千葉県市川市国分７丁目６番１１号", "url2": "https://www.kaigokensaku.mhlw.go.jp/12/index.php?action_kouhyou_detail_004_kani=true&JigyosyoCd=1270806381-00&ServiceCd=210&Type=search" }, "geometry": { "type": "Point", "coordinates": [ 139.920359100000013, 35.7534448 ] } },
{ "type": "Feature", "properties": { "内容": "ケアプラスホテル市川ステイ【短期入所生活介護】千葉県市川市東菅野1-25-17", "url2": "https://www.kaigokensaku.mhlw.go.jp/12/index.php?action_kouhyou_detail_004_kani=true&JigyosyoCd=1270805573-00&ServiceCd=210&Type=search" }, "geometry": { "type": "Point", "coordinates": [ 139.933086, 35.7296453 ] } },
{ "type": "Feature", "properties": { "内容": "特別養護老人ホームワールドナーシングホーム【短期入所生活介護】千葉県船橋市飯山満町2-681", "url2": "https://www.kaigokensaku.mhlw.go.jp/12/index.php?action_kouhyou_detail_004_kani=true&JigyosyoCd=1270900119-00&ServiceCd=210&Type=search" }, "geometry": { "type": "Point", "coordinates": [ 140.021380799999946, 35.7094013 ] } },
{ "type": "Feature", "properties": { "内容": "船橋愛弘園短期入所生活介護事業所【短期入所生活介護】千葉県船橋市高根台3丁目10-1", "url2": "https://www.kaigokensaku.mhlw.go.jp/12/index.php?action_kouhyou_detail_004_kani=true&JigyosyoCd=1270908419-00&ServiceCd=210&Type=search" }, "geometry": { "type": "Point", "coordinates": [ 140.0345681, 35.7317374 ] } },
{ "type": "Feature", "properties": { "内容": "特別養護老人ホームひかりの郷【短期入所生活介護】千葉県船橋市二和西6－3－20", "url2": "https://www.kaigokensaku.mhlw.go.jp/12/index.php?action_kouhyou_detail_004_kani=true&JigyosyoCd=1270903717-00&ServiceCd=210&Type=search" }, "geometry": { "type": "Point", "coordinates": [ 140.009399300000041, 35.7483113 ] } },
{ "type": "Feature", "properties": { "内容": "特別養護老人ホーム三山園【短期入所生活介護】千葉県船橋市三山2-3-2", "url2": "https://www.kaigokensaku.mhlw.go.jp/12/index.php?action_kouhyou_detail_004_kani=true&JigyosyoCd=1270910696-00&ServiceCd=210&Type=search" }, "geometry": { "type": "Point", "coordinates": [ 140.047198900000012, 35.6941342 ] } },
{ "type": "Feature", "properties": { "内容": "プレーゲ船橋短期入所生活介護事業所【短期入所生活介護】千葉県船橋市金堀町195", "url2": "https://www.kaigokensaku.mhlw.go.jp/12/index.php?action_kouhyou_detail_004_kani=true&JigyosyoCd=1270905530-00&ServiceCd=210&Type=search" }, "geometry": { "type": "Point", "coordinates": [ 140.063615600000048, 35.751201 ] } },
{ "type": "Feature", "properties": { "内容": "短期入所生活介護事業所　習志野台みゆき苑【短期入所生活介護】千葉県船橋市習志野台4-46-7", "url2": "https://www.kaigokensaku.mhlw.go.jp/12/index.php?action_kouhyou_detail_004_kani=true&JigyosyoCd=1270902883-00&ServiceCd=210&Type=search" }, "geometry": { "type": "Point", "coordinates": [ 140.046055900000027, 35.716615 ] } },
{ "type": "Feature", "properties": { "内容": "ショートステイたか音の杜【短期入所生活介護】千葉県船橋市高根台2-10-30", "url2": "https://www.kaigokensaku.mhlw.go.jp/12/index.php?action_kouhyou_detail_004_kani=true&JigyosyoCd=1270906264-00&ServiceCd=210&Type=search" }, "geometry": { "type": "Point", "coordinates": [ 140.033495, 35.7323604 ] } },
{ "type": "Feature", "properties": { "内容": "特別養護老人ホームさくら館【短期入所生活介護】千葉県船橋市習志野台8-55-1", "url2": "https://www.kaigokensaku.mhlw.go.jp/12/index.php?action_kouhyou_detail_004_kani=true&JigyosyoCd=1270903857-00&ServiceCd=210&Type=search" }, "geometry": { "type": "Point", "coordinates": [ 140.063891802737544, 35.718847523723355 ] } },
{ "type": "Feature", "properties": { "内容": "ショートステイ　さわやか苑（ユニット型）【短期入所生活介護】千葉県船橋市米ヶ崎町691番地1", "url2": "https://www.kaigokensaku.mhlw.go.jp/12/index.php?action_kouhyou_detail_004_kani=true&JigyosyoCd=1270906835-00&ServiceCd=210&Type=search" }, "geometry": { "type": "Point", "coordinates": [ 140.008062500000051, 35.7104317 ] } },
{ "type": "Feature", "properties": { "内容": "特別養護老人ホームノテ南船橋【短期入所生活介護】千葉県船橋市若松2-3-51", "url2": "https://www.kaigokensaku.mhlw.go.jp/12/index.php?action_kouhyou_detail_004_kani=true&JigyosyoCd=1270910670-00&ServiceCd=210&Type=search" }, "geometry": { "type": "Point", "coordinates": [ 139.997389355989554, 35.67996853893758 ] } },
{ "type": "Feature", "properties": { "内容": "特別養護老人ホームノテ南船橋（ユニット型）【短期入所生活介護】千葉県船橋市若松2-3-51", "url2": "https://www.kaigokensaku.mhlw.go.jp/12/index.php?action_kouhyou_detail_004_kani=true&JigyosyoCd=1270910688-00&ServiceCd=210&Type=search" }, "geometry": { "type": "Point", "coordinates": [ 139.997411134044285, 35.679978522299763 ] } },
{ "type": "Feature", "properties": { "内容": "シンシア船橋【短期入所生活介護】千葉県船橋市小室町3060-1", "url2": "https://www.kaigokensaku.mhlw.go.jp/12/index.php?action_kouhyou_detail_004_kani=true&JigyosyoCd=1270907809-00&ServiceCd=210&Type=search" }, "geometry": { "type": "Point", "coordinates": [ 140.071006200000056, 35.793305699999983 ] } },
{ "type": "Feature", "properties": { "内容": "船橋あさひ苑ショートステイ【短期入所生活介護】千葉県船橋市旭町４－９－１", "url2": "https://www.kaigokensaku.mhlw.go.jp/12/index.php?action_kouhyou_detail_004_kani=true&JigyosyoCd=1270900481-00&ServiceCd=210&Type=search" }, "geometry": { "type": "Point", "coordinates": [ 139.992049400000042, 35.7332428 ] } },
{ "type": "Feature", "properties": { "内容": "ショートステイ　さわやか苑【短期入所生活介護】千葉県船橋市米ヶ崎町６９１-１", "url2": "https://www.kaigokensaku.mhlw.go.jp/12/index.php?action_kouhyou_detail_004_kani=true&JigyosyoCd=1270900671-00&ServiceCd=210&Type=search" }, "geometry": { "type": "Point", "coordinates": [ 140.0079384, 35.7103723 ] } },
{ "type": "Feature", "properties": { "内容": "特別養護老人ホーム　第２ワールドナーシングホーム　ショートステイサービス【短期入所生活介護】千葉県船橋市飯山満町２丁目５１８番地１", "url2": "https://www.kaigokensaku.mhlw.go.jp/12/index.php?action_kouhyou_detail_004_kani=true&JigyosyoCd=1270900242-00&ServiceCd=210&Type=search" }, "geometry": { "type": "Point", "coordinates": [ 140.022383699999978, 35.7057239 ] } },
{ "type": "Feature", "properties": { "内容": "船橋百寿苑短期入所サービス【短期入所生活介護】千葉県船橋市古和釜町７９１番地１特別養護老人ホーム　船橋百寿苑内", "url2": "https://www.kaigokensaku.mhlw.go.jp/12/index.php?action_kouhyou_detail_004_kani=true&JigyosyoCd=1270900390-00&ServiceCd=210&Type=search" }, "geometry": { "type": "Point", "coordinates": [ 140.05215265211487, 35.740932427252169 ] } },
{ "type": "Feature", "properties": { "内容": "船橋梨香園ショートステイサービス【短期入所生活介護】千葉県船橋市車方町５４１－２", "url2": "https://www.kaigokensaku.mhlw.go.jp/12/index.php?action_kouhyou_detail_004_kani=true&JigyosyoCd=1270900424-00&ServiceCd=210&Type=search" }, "geometry": { "type": "Point", "coordinates": [ 140.0768842, 35.7746081 ] } },
{ "type": "Feature", "properties": { "内容": "特別養護老人ホーム南三咲【短期入所生活介護】千葉県船橋市南三咲3-27-1", "url2": "https://www.kaigokensaku.mhlw.go.jp/12/index.php?action_kouhyou_detail_004_kani=true&JigyosyoCd=1270905662-00&ServiceCd=210&Type=search" }, "geometry": { "type": "Point", "coordinates": [ 140.028471099999933, 35.7389457 ] } },
{ "type": "Feature", "properties": { "内容": "特別養護老人ホームつぼい愛の郷【短期入所生活介護】千葉県船橋市坪井町146番地1", "url2": "https://www.kaigokensaku.mhlw.go.jp/12/index.php?action_kouhyou_detail_004_kani=true&JigyosyoCd=1270905688-00&ServiceCd=210&Type=search" }, "geometry": { "type": "Point", "coordinates": [ 140.0645892, 35.7346994 ] } },
{ "type": "Feature", "properties": { "内容": "特別養護老人ホームノテ船橋【短期入所生活介護】千葉県船橋市高根町1665-2", "url2": "https://www.kaigokensaku.mhlw.go.jp/12/index.php?action_kouhyou_detail_004_kani=true&JigyosyoCd=1270909987-00&ServiceCd=210&Type=search" }, "geometry": { "type": "Point", "coordinates": [ 140.004628033385046, 35.721627408914394 ] } },
{ "type": "Feature", "properties": { "内容": "特別養護老人ホームノテ船橋（ユニット型）【短期入所生活介護】千葉県船橋市高根町1665-2特別養護老人ホームノテ船橋", "url2": "https://www.kaigokensaku.mhlw.go.jp/12/index.php?action_kouhyou_detail_004_kani=true&JigyosyoCd=1270909995-00&ServiceCd=210&Type=search" }, "geometry": { "type": "Point", "coordinates": [ 140.004596423695574, 35.721734646904011 ] } },
{ "type": "Feature", "properties": { "内容": "特別養護老人ホーム　船橋グリーンてらす【短期入所生活介護】千葉県船橋市古和釜町８７１番地２", "url2": "https://www.kaigokensaku.mhlw.go.jp/12/index.php?action_kouhyou_detail_004_kani=true&JigyosyoCd=1270910076-00&ServiceCd=210&Type=search" }, "geometry": { "type": "Point", "coordinates": [ 140.0525155, 35.744077 ] } },
{ "type": "Feature", "properties": { "内容": "みやぎ台南生苑ショートステイサービス【短期入所生活介護】千葉県船橋市みやぎ台4-18-1", "url2": "https://www.kaigokensaku.mhlw.go.jp/12/index.php?action_kouhyou_detail_004_kani=true&JigyosyoCd=1270907270-00&ServiceCd=210&Type=search" }, "geometry": { "type": "Point", "coordinates": [ 140.041811400000029, 35.7623498 ] } },
{ "type": "Feature", "properties": { "内容": "特別養護老人ホーム太陽と緑の家藤原（ユニット型）【短期入所生活介護】千葉県船橋市藤原5-27-20", "url2": "https://www.kaigokensaku.mhlw.go.jp/12/index.php?action_kouhyou_detail_004_kani=true&JigyosyoCd=1270909144-00&ServiceCd=210&Type=search" }, "geometry": { "type": "Point", "coordinates": [ 139.9807595, 35.7428879 ] } },
{ "type": "Feature", "properties": { "内容": "健恒会ショートステイ【短期入所生活介護】千葉県船橋市金杉町141-2", "url2": "https://www.kaigokensaku.mhlw.go.jp/12/index.php?action_kouhyou_detail_004_kani=true&JigyosyoCd=1270902149-00&ServiceCd=210&Type=search" }, "geometry": { "type": "Point", "coordinates": [ 139.999493600000051, 35.719189 ] } },
{ "type": "Feature", "properties": { "内容": "船橋市朋松苑ショートステイサービス【短期入所生活介護】千葉県船橋市西船２－２１－１２", "url2": "https://www.kaigokensaku.mhlw.go.jp/12/index.php?action_kouhyou_detail_004_kani=true&JigyosyoCd=1270903592-00&ServiceCd=210&Type=search" }, "geometry": { "type": "Point", "coordinates": [ 139.969285, 35.7129706 ] } },
{ "type": "Feature", "properties": { "内容": "なつみ平ショートステイ【短期入所生活介護】千葉県船橋市金杉町139-2", "url2": "https://www.kaigokensaku.mhlw.go.jp/12/index.php?action_kouhyou_detail_004_kani=true&JigyosyoCd=1270907221-00&ServiceCd=210&Type=search" }, "geometry": { "type": "Point", "coordinates": [ 139.998996930935618, 35.719000522636101 ] } },
{ "type": "Feature", "properties": { "内容": "ふなばし翔裕園ショートステイサービス【短期入所生活介護】千葉県船橋市旭町4丁目19番30号", "url2": "https://www.kaigokensaku.mhlw.go.jp/12/index.php?action_kouhyou_detail_004_kani=true&JigyosyoCd=1270907585-00&ServiceCd=210&Type=search" }, "geometry": { "type": "Point", "coordinates": [ 139.99509003016351, 35.735350320418924 ] } },
{ "type": "Feature", "properties": { "内容": "ショートステイいこいの森【短期入所生活介護】千葉県船橋市大神保町700-5特別養護老人ホームアグリ・ケアホームいこいの森", "url2": "https://www.kaigokensaku.mhlw.go.jp/12/index.php?action_kouhyou_detail_004_kani=true&JigyosyoCd=1270907718-00&ServiceCd=210&Type=search" }, "geometry": { "type": "Point", "coordinates": [ 140.055417339581226, 35.769937972338525 ] } },
{ "type": "Feature", "properties": { "内容": "特別養護老人ホーム太陽と緑の家藤原【短期入所生活介護】千葉県船橋市藤原5-27-20", "url2": "https://www.kaigokensaku.mhlw.go.jp/12/index.php?action_kouhyou_detail_004_kani=true&JigyosyoCd=1270909151-00&ServiceCd=210&Type=search" }, "geometry": { "type": "Point", "coordinates": [ 139.9814408, 35.7419739 ] } },
{ "type": "Feature", "properties": { "内容": "船橋笑寿苑短期入所サービス【短期入所生活介護】千葉県船橋市大穴北4丁目25番15号特別養護老人ホーム船橋笑寿苑", "url2": "https://www.kaigokensaku.mhlw.go.jp/12/index.php?action_kouhyou_detail_004_kani=true&JigyosyoCd=1270906413-00&ServiceCd=210&Type=search" }, "geometry": { "type": "Point", "coordinates": [ 140.048333700000057, 35.7519868 ] } },
{ "type": "Feature", "properties": { "内容": "あずみ苑　西船橋【短期入所生活介護】千葉県船橋市西船2丁目17番7号", "url2": "https://www.kaigokensaku.mhlw.go.jp/12/index.php?action_kouhyou_detail_004_kani=true&JigyosyoCd=1270908195-00&ServiceCd=210&Type=search" }, "geometry": { "type": "Point", "coordinates": [ 139.966421200000013, 35.7135872 ] } },
{ "type": "Feature", "properties": { "内容": "特別養護老人ホームローゼンヴィラ藤原【短期入所生活介護】千葉県船橋市藤原８丁目１７番３号", "url2": "https://www.kaigokensaku.mhlw.go.jp/12/index.php?action_kouhyou_detail_004_kani=true&JigyosyoCd=1270900457-00&ServiceCd=210&Type=search" }, "geometry": { "type": "Point", "coordinates": [ 139.98292546016296, 35.749573836220065 ] } },
{ "type": "Feature", "properties": { "内容": "特別養護老人ホーム　ローゼンヴィラ藤原（ユニット型）【短期入所生活介護】千葉県船橋市藤原8丁目17番3号", "url2": "https://www.kaigokensaku.mhlw.go.jp/12/index.php?action_kouhyou_detail_004_kani=true&JigyosyoCd=1270906843-00&ServiceCd=210&Type=search" }, "geometry": { "type": "Point", "coordinates": [ 139.982393900000034, 35.7496411 ] } },
{ "type": "Feature", "properties": { "内容": "みさきショートステイわかば【短期入所生活介護】千葉県船橋市二和東2-8-5", "url2": "https://www.kaigokensaku.mhlw.go.jp/12/index.php?action_kouhyou_detail_004_kani=true&JigyosyoCd=1270907064-00&ServiceCd=210&Type=search" }, "geometry": { "type": "Point", "coordinates": [ 140.026414944180289, 35.746967684101364 ] } },
{ "type": "Feature", "properties": { "内容": "介護老人福祉施設　ケアホーム船橋（ユニット型）【短期入所生活介護】千葉県船橋市馬込町899-2", "url2": "https://www.kaigokensaku.mhlw.go.jp/12/index.php?action_kouhyou_detail_004_kani=true&JigyosyoCd=1270908625-00&ServiceCd=210&Type=search" }, "geometry": { "type": "Point", "coordinates": [ 139.999695299999985, 35.7410673 ] } },
{ "type": "Feature", "properties": { "内容": "ショートステイ船橋こひつじ園（ユニット型）【短期入所生活介護】千葉県船橋市高根台三丁目15番１号", "url2": "https://www.kaigokensaku.mhlw.go.jp/12/index.php?action_kouhyou_detail_004_kani=true&JigyosyoCd=1270909698-00&ServiceCd=210&Type=search" }, "geometry": { "type": "Point", "coordinates": [ 140.0368947, 35.7327337 ] } },
{ "type": "Feature", "properties": { "内容": "特別養護老人ホーム船橋こひつじ園【短期入所生活介護】千葉県船橋市高根台３丁目15番1号", "url2": "https://www.kaigokensaku.mhlw.go.jp/12/index.php?action_kouhyou_detail_004_kani=true&JigyosyoCd=1270909755-00&ServiceCd=210&Type=search" }, "geometry": { "type": "Point", "coordinates": [ 140.0368947, 35.7327337 ] } },
{ "type": "Feature", "properties": { "内容": "在宅ケアサービスソラスト薬園台【短期入所生活介護】千葉県船橋市薬円台6-16-8", "url2": "https://www.kaigokensaku.mhlw.go.jp/12/index.php?action_kouhyou_detail_004_kani=true&JigyosyoCd=1270903386-00&ServiceCd=210&Type=search" }, "geometry": { "type": "Point", "coordinates": [ 140.040587100000039, 35.7130486 ] } },
{ "type": "Feature", "properties": { "内容": "ショートステイタムスさくらの杜船橋【短期入所生活介護】千葉県船橋市上山町３丁目672-1特別養護老人ホーム　タムスさくらの杜船橋", "url2": "https://www.kaigokensaku.mhlw.go.jp/12/index.php?action_kouhyou_detail_004_kani=true&JigyosyoCd=1270909839-00&ServiceCd=210&Type=search" }, "geometry": { "type": "Point", "coordinates": [ 139.99150166745909, 35.737625322658154 ] } },
{ "type": "Feature", "properties": { "内容": "船橋ケアセンターそよ風【短期入所生活介護】千葉県船橋市夏見4丁目35-9", "url2": "https://www.kaigokensaku.mhlw.go.jp/12/index.php?action_kouhyou_detail_004_kani=true&JigyosyoCd=1270908575-00&ServiceCd=210&Type=search" }, "geometry": { "type": "Point", "coordinates": [ 139.9919167, 35.7164193 ] } },
{ "type": "Feature", "properties": { "内容": "ショートステイオレンジガーデン【短期入所生活介護】千葉県船橋市芝山7-41-2", "url2": "https://www.kaigokensaku.mhlw.go.jp/12/index.php?action_kouhyou_detail_004_kani=true&JigyosyoCd=1270901034-00&ServiceCd=210&Type=search" }, "geometry": { "type": "Point", "coordinates": [ 140.0273575, 35.7169757 ] } },
{ "type": "Feature", "properties": { "内容": "南生苑ショートステイサービス【短期入所生活介護】千葉県船橋市古和釜町４３０－１", "url2": "https://www.kaigokensaku.mhlw.go.jp/12/index.php?action_kouhyou_detail_004_kani=true&JigyosyoCd=1270900549-00&ServiceCd=210&Type=search" }, "geometry": { "type": "Point", "coordinates": [ 140.061797, 35.7434459 ] } },
{ "type": "Feature", "properties": { "内容": "セントケア南房総【短期入所生活介護】千葉県館山市正木640-1", "url2": "https://www.kaigokensaku.mhlw.go.jp/12/index.php?action_kouhyou_detail_004_kani=true&JigyosyoCd=1271000604-00&ServiceCd=210&Type=search" }, "geometry": { "type": "Point", "coordinates": [ 139.872324299999946, 35.0131543 ] } },
{ "type": "Feature", "properties": { "内容": "特別養護老人ホーム　だん暖の郷【短期入所生活介護】千葉県館山市波左間405", "url2": "https://www.kaigokensaku.mhlw.go.jp/12/index.php?action_kouhyou_detail_004_kani=true&JigyosyoCd=1271000380-00&ServiceCd=210&Type=search" }, "geometry": { "type": "Point", "coordinates": [ 139.786168300000014, 34.968819400000015 ] } },
{ "type": "Feature", "properties": { "内容": "ユニット型特別養護老人ホーム　微笑の里【短期入所生活介護】千葉県館山市広瀬667-1", "url2": "https://www.kaigokensaku.mhlw.go.jp/12/index.php?action_kouhyou_detail_004_kani=true&JigyosyoCd=1271000851-00&ServiceCd=210&Type=search" }, "geometry": { "type": "Point", "coordinates": [ 139.895998800000029, 35.0052521 ] } },
{ "type": "Feature", "properties": { "内容": "特別養護老人ホーム　微笑の里【短期入所生活介護】千葉県館山市広瀬667-1", "url2": "https://www.kaigokensaku.mhlw.go.jp/12/index.php?action_kouhyou_detail_004_kani=true&JigyosyoCd=1271000869-00&ServiceCd=210&Type=search" }, "geometry": { "type": "Point", "coordinates": [ 139.895998800000029, 35.0052521 ] } },
{ "type": "Feature", "properties": { "内容": "館山明光苑ショートステイ【短期入所生活介護】千葉県館山市大神宮巴井３６番地７", "url2": "https://www.kaigokensaku.mhlw.go.jp/12/index.php?action_kouhyou_detail_004_kani=true&JigyosyoCd=1271001206-00&ServiceCd=210&Type=search" }, "geometry": { "type": "Point", "coordinates": [ 139.830525200000011, 34.9281319 ] } },
{ "type": "Feature", "properties": { "内容": "館山特別養護老人ホーム【短期入所生活介護】千葉県館山市湊３７３番地", "url2": "https://www.kaigokensaku.mhlw.go.jp/12/index.php?action_kouhyou_detail_004_kani=true&JigyosyoCd=1271000067-00&ServiceCd=210&Type=search" }, "geometry": { "type": "Point", "coordinates": [ 139.866712600000028, 35.0115285 ] } },
{ "type": "Feature", "properties": { "内容": "短期入所生活介護リビングサポート木更津【短期入所生活介護】千葉県木更津市永井作２６３－１リビングサポート木更津", "url2": "https://www.kaigokensaku.mhlw.go.jp/12/index.php?action_kouhyou_detail_004_kani=true&JigyosyoCd=1271102962-00&ServiceCd=210&Type=search" }, "geometry": { "type": "Point", "coordinates": [ 139.9425941, 35.3867133 ] } },
{ "type": "Feature", "properties": { "内容": "木更津短期入所施設【短期入所生活介護】千葉県木更津市ほたる野4-12-3", "url2": "https://www.kaigokensaku.mhlw.go.jp/12/index.php?action_kouhyou_detail_004_kani=true&JigyosyoCd=1271100875-00&ServiceCd=210&Type=search" }, "geometry": { "type": "Point", "coordinates": [ 139.96583720000001, 35.376916 ] } },
{ "type": "Feature", "properties": { "内容": "ショートステイサービス南清苑【短期入所生活介護】千葉県木更津市中尾623-1", "url2": "https://www.kaigokensaku.mhlw.go.jp/12/index.php?action_kouhyou_detail_004_kani=true&JigyosyoCd=1271100222-00&ServiceCd=210&Type=search" }, "geometry": { "type": "Point", "coordinates": [ 139.971703599999955, 35.3765439 ] } },
{ "type": "Feature", "properties": { "内容": "特別養護老人ホームしおかぜ【短期入所生活介護】千葉県木更津市岩根２丁目２番２号", "url2": "https://www.kaigokensaku.mhlw.go.jp/12/index.php?action_kouhyou_detail_004_kani=true&JigyosyoCd=1271101956-00&ServiceCd=210&Type=search" }, "geometry": { "type": "Point", "coordinates": [ 139.9295217, 35.4097712 ] } },
{ "type": "Feature", "properties": { "内容": "特別養護老人ホームしおかぜ南指定短期入所生活介護事業所【短期入所生活介護】千葉県木更津市岩根2-2-2", "url2": "https://www.kaigokensaku.mhlw.go.jp/12/index.php?action_kouhyou_detail_004_kani=true&JigyosyoCd=1271102780-00&ServiceCd=210&Type=search" }, "geometry": { "type": "Point", "coordinates": [ 139.92908, 35.4090776 ] } },
{ "type": "Feature", "properties": { "内容": "中郷記念館ショートステイ多床室型【短期入所生活介護】千葉県木更津市井尻951", "url2": "https://www.kaigokensaku.mhlw.go.jp/12/index.php?action_kouhyou_detail_004_kani=true&JigyosyoCd=1271101550-00&ServiceCd=210&Type=search" }, "geometry": { "type": "Point", "coordinates": [ 139.974936299999968, 35.4054201 ] } },
{ "type": "Feature", "properties": { "内容": "セントケア木更津【短期入所生活介護】千葉県木更津市畑沢南3-13-19", "url2": "https://www.kaigokensaku.mhlw.go.jp/12/index.php?action_kouhyou_detail_004_kani=true&JigyosyoCd=1271101212-00&ServiceCd=210&Type=search" }, "geometry": { "type": "Point", "coordinates": [ 139.907203900000013, 35.3414793 ] } },
{ "type": "Feature", "properties": { "内容": "中郷記念館ショートステイ個室型【短期入所生活介護】千葉県木更津市井尻951中郷記念館", "url2": "https://www.kaigokensaku.mhlw.go.jp/12/index.php?action_kouhyou_detail_004_kani=true&JigyosyoCd=1271100289-00&ServiceCd=210&Type=search" }, "geometry": { "type": "Point", "coordinates": [ 139.975055800000064, 35.4053757 ] } },
{ "type": "Feature", "properties": { "内容": "特別養護老人ホーム波岡の家指定短期入所生活介護事業所【短期入所生活介護】千葉県木更津市畑沢南3-16-76", "url2": "https://www.kaigokensaku.mhlw.go.jp/12/index.php?action_kouhyou_detail_004_kani=true&JigyosyoCd=1271100180-00&ServiceCd=210&Type=search" }, "geometry": { "type": "Point", "coordinates": [ 139.908666223151187, 35.341346345827098 ] } },
{ "type": "Feature", "properties": { "内容": "特別養護老人ホームさつき園【短期入所生活介護】千葉県木更津市長須賀1219番地", "url2": "https://www.kaigokensaku.mhlw.go.jp/12/index.php?action_kouhyou_detail_004_kani=true&JigyosyoCd=1271100727-00&ServiceCd=210&Type=search" }, "geometry": { "type": "Point", "coordinates": [ 139.934204685458326, 35.398483712570318 ] } },
{ "type": "Feature", "properties": { "内容": "特別養護老人ホームさつき園【短期入所生活介護】千葉県木更津市長須賀1219", "url2": "https://www.kaigokensaku.mhlw.go.jp/12/index.php?action_kouhyou_detail_004_kani=true&JigyosyoCd=1271102160-00&ServiceCd=210&Type=search" }, "geometry": { "type": "Point", "coordinates": [ 139.93415525092621, 35.398484663845139 ] } },
{ "type": "Feature", "properties": { "内容": "ショートステイ波岡の家【短期入所生活介護】千葉県木更津市畑沢南3-16-76", "url2": "https://www.kaigokensaku.mhlw.go.jp/12/index.php?action_kouhyou_detail_004_kani=true&JigyosyoCd=1271102939-00&ServiceCd=210&Type=search" }, "geometry": { "type": "Point", "coordinates": [ 139.908663801713573, 35.341391696640272 ] } },
{ "type": "Feature", "properties": { "内容": "特別養護老人ホーム　矢那梅の香園【短期入所生活介護】千葉県木更津市矢那字天神前3731番地2", "url2": "https://www.kaigokensaku.mhlw.go.jp/12/index.php?action_kouhyou_detail_004_kani=true&JigyosyoCd=1271101642-00&ServiceCd=210&Type=search" }, "geometry": { "type": "Point", "coordinates": [ 139.962691757286052, 35.355176208482256 ] } },
{ "type": "Feature", "properties": { "内容": "ショートステイ矢那梅の香園【短期入所生活介護】千葉県木更津市矢那字天神前3731番地2", "url2": "https://www.kaigokensaku.mhlw.go.jp/12/index.php?action_kouhyou_detail_004_kani=true&JigyosyoCd=1271101691-00&ServiceCd=210&Type=search" }, "geometry": { "type": "Point", "coordinates": [ 139.962638113105754, 35.355123707074704 ] } },
{ "type": "Feature", "properties": { "内容": "地域密着型特別養護老人ホーム矢那梅の香園【短期入所生活介護】千葉県木更津市矢那字天神前3731番地2", "url2": "https://www.kaigokensaku.mhlw.go.jp/12/index.php?action_kouhyou_detail_004_kani=true&JigyosyoCd=1271101964-00&ServiceCd=210&Type=search" }, "geometry": { "type": "Point", "coordinates": [ 139.962654206359844, 35.355049330020194 ] } },
{ "type": "Feature", "properties": { "内容": "あずみ苑木更津【短期入所生活介護】千葉県木更津市清見台南3-5-12", "url2": "https://www.kaigokensaku.mhlw.go.jp/12/index.php?action_kouhyou_detail_004_kani=true&JigyosyoCd=1271102137-00&ServiceCd=210&Type=search" }, "geometry": { "type": "Point", "coordinates": [ 139.954588699722336, 35.379343412042651 ] } },
{ "type": "Feature", "properties": { "内容": "ショートステイ　いわね潮の香園【短期入所生活介護】千葉県木更津市万石146-1", "url2": "https://www.kaigokensaku.mhlw.go.jp/12/index.php?action_kouhyou_detail_004_kani=true&JigyosyoCd=1271102335-00&ServiceCd=210&Type=search" }, "geometry": { "type": "Point", "coordinates": [ 139.933732029070569, 35.416014363697364 ] } },
{ "type": "Feature", "properties": { "内容": "地域密着型特別養護老人ホームいわね潮の香園【短期入所生活介護】千葉県木更津市万石146-1", "url2": "https://www.kaigokensaku.mhlw.go.jp/12/index.php?action_kouhyou_detail_004_kani=true&JigyosyoCd=1271102343-00&ServiceCd=210&Type=search" }, "geometry": { "type": "Point", "coordinates": [ 139.933333976892158, 35.416095038707475 ] } },
{ "type": "Feature", "properties": { "内容": "特別養護老人ホーム　かもめの森【短期入所生活介護】千葉県木更津市伊豆島671", "url2": "https://www.kaigokensaku.mhlw.go.jp/12/index.php?action_kouhyou_detail_004_kani=true&JigyosyoCd=1271101824-00&ServiceCd=210&Type=search" }, "geometry": { "type": "Point", "coordinates": [ 139.978139700000042, 35.3685534 ] } },
{ "type": "Feature", "properties": { "内容": "ユニット型特別養護老人ホームかもめの森ショートステイ【短期入所生活介護】千葉県木更津市伊豆島671番地", "url2": "https://www.kaigokensaku.mhlw.go.jp/12/index.php?action_kouhyou_detail_004_kani=true&JigyosyoCd=1271101840-00&ServiceCd=210&Type=search" }, "geometry": { "type": "Point", "coordinates": [ 139.978139700000042, 35.3685534 ] } },
{ "type": "Feature", "properties": { "内容": "ショートステイアウル大金平（ユニット型）【短期入所生活介護】千葉県松戸市大金平3-155", "url2": "https://www.kaigokensaku.mhlw.go.jp/12/index.php?action_kouhyou_detail_004_kani=true&JigyosyoCd=1271208363-00&ServiceCd=210&Type=search" }, "geometry": { "type": "Point", "coordinates": [ 139.920728599999961, 35.836258100000016 ] } },
{ "type": "Feature", "properties": { "内容": "ショートステイアウル大金平（従来型）【短期入所生活介護】千葉県松戸市大金平3-155", "url2": "https://www.kaigokensaku.mhlw.go.jp/12/index.php?action_kouhyou_detail_004_kani=true&JigyosyoCd=1271208850-00&ServiceCd=210&Type=search" }, "geometry": { "type": "Point", "coordinates": [ 139.9207286, 35.8362581 ] } },
{ "type": "Feature", "properties": { "内容": "エスケアステーション松戸ショートステイ【短期入所生活介護】千葉県松戸市新松戸四丁目258番", "url2": "https://www.kaigokensaku.mhlw.go.jp/12/index.php?action_kouhyou_detail_004_kani=true&JigyosyoCd=1271206151-00&ServiceCd=210&Type=search" }, "geometry": { "type": "Point", "coordinates": [ 139.9178819, 35.82764980000001 ] } },
{ "type": "Feature", "properties": { "内容": "ショートステイやわら木苑【短期入所生活介護】千葉県松戸市金ケ作277", "url2": "https://www.kaigokensaku.mhlw.go.jp/12/index.php?action_kouhyou_detail_004_kani=true&JigyosyoCd=1271200394-00&ServiceCd=210&Type=search" }, "geometry": { "type": "Point", "coordinates": [ 139.9645233, 35.8080711 ] } },
{ "type": "Feature", "properties": { "内容": "ショートスティリバーサイド・ヴィラ【短期入所生活介護】千葉県松戸市根木内149番地", "url2": "https://www.kaigokensaku.mhlw.go.jp/12/index.php?action_kouhyou_detail_004_kani=true&JigyosyoCd=1271205765-00&ServiceCd=210&Type=search" }, "geometry": { "type": "Point", "coordinates": [ 139.944504599999959, 35.8302953 ] } },
{ "type": "Feature", "properties": { "内容": "ショートステイサービスマーシイヒル【短期入所生活介護】千葉県松戸市根木内６７７番地２", "url2": "https://www.kaigokensaku.mhlw.go.jp/12/index.php?action_kouhyou_detail_004_kani=true&JigyosyoCd=1271200535-00&ServiceCd=210&Type=search" }, "geometry": { "type": "Point", "coordinates": [ 139.947076599999946, 35.829715 ] } },
{ "type": "Feature", "properties": { "内容": "ユニット型特別養護老人ホームプレミア東松戸【短期入所生活介護】千葉県松戸市紙敷297番2特別養護老人ホームプレミア東松戸", "url2": "https://www.kaigokensaku.mhlw.go.jp/12/index.php?action_kouhyou_detail_004_kani=true&JigyosyoCd=1271207795-00&ServiceCd=210&Type=search" }, "geometry": { "type": "Point", "coordinates": [ 139.947941246438489, 35.769244107811211 ] } },
{ "type": "Feature", "properties": { "内容": "親愛の丘ショートステイ【短期入所生活介護】千葉県松戸市和名ケ谷1258-1", "url2": "https://www.kaigokensaku.mhlw.go.jp/12/index.php?action_kouhyou_detail_004_kani=true&JigyosyoCd=1271207027-00&ServiceCd=210&Type=search" }, "geometry": { "type": "Point", "coordinates": [ 139.922292299999981, 35.774964500000017 ] } },
{ "type": "Feature", "properties": { "内容": "ショートステイソラスト二十世紀が丘【短期入所生活介護】千葉県松戸市三矢小台５－４－１", "url2": "https://www.kaigokensaku.mhlw.go.jp/12/index.php?action_kouhyou_detail_004_kani=true&JigyosyoCd=1271205617-00&ServiceCd=210&Type=search" }, "geometry": { "type": "Point", "coordinates": [ 139.903171599999951, 35.7694152 ] } },
{ "type": "Feature", "properties": { "内容": "ショートステイ　ひまわりの丘【短期入所生活介護】千葉県松戸市五香西５－１９－８", "url2": "https://www.kaigokensaku.mhlw.go.jp/12/index.php?action_kouhyou_detail_004_kani=true&JigyosyoCd=1271201137-00&ServiceCd=210&Type=search" }, "geometry": { "type": "Point", "coordinates": [ 139.951972699999942, 35.7866895 ] } },
{ "type": "Feature", "properties": { "内容": "老人短期入所事業　緑風園【短期入所生活介護】千葉県松戸市和名ヶ谷1484特別養護老人ホーム　緑風園", "url2": "https://www.kaigokensaku.mhlw.go.jp/12/index.php?action_kouhyou_detail_004_kani=true&JigyosyoCd=1271200899-00&ServiceCd=210&Type=search" }, "geometry": { "type": "Point", "coordinates": [ 139.922017500000038, 35.7718899 ] } },
{ "type": "Feature", "properties": { "内容": "陽光苑ショートステイサービス【短期入所生活介護】千葉県松戸市旭町２丁目２３８番地", "url2": "https://www.kaigokensaku.mhlw.go.jp/12/index.php?action_kouhyou_detail_004_kani=true&JigyosyoCd=1271200485-00&ServiceCd=210&Type=search" }, "geometry": { "type": "Point", "coordinates": [ 139.89937, 35.8175844 ] } },
{ "type": "Feature", "properties": { "内容": "短期入所生活介護事業所松戸陽だまり館【短期入所生活介護】千葉県松戸市幸田111番地", "url2": "https://www.kaigokensaku.mhlw.go.jp/12/index.php?action_kouhyou_detail_004_kani=true&JigyosyoCd=1271205419-00&ServiceCd=210&Type=search" }, "geometry": { "type": "Point", "coordinates": [ 139.920178399999941, 35.8452058 ] } },
{ "type": "Feature", "properties": { "内容": "セントケア松戸馬橋【短期入所生活介護】千葉県松戸市栄町８－６１２－２", "url2": "https://www.kaigokensaku.mhlw.go.jp/12/index.php?action_kouhyou_detail_004_kani=true&JigyosyoCd=1271205898-00&ServiceCd=210&Type=search" }, "geometry": { "type": "Point", "coordinates": [ 139.90237819999993, 35.8110048 ] } },
{ "type": "Feature", "properties": { "内容": "まんさくの里短期入所施設【短期入所生活介護】千葉県松戸市八ヶ崎二丁目15番地の1", "url2": "https://www.kaigokensaku.mhlw.go.jp/12/index.php?action_kouhyou_detail_004_kani=true&JigyosyoCd=1271202382-00&ServiceCd=210&Type=search" }, "geometry": { "type": "Point", "coordinates": [ 139.933342300000049, 35.8147826 ] } },
{ "type": "Feature", "properties": { "内容": "ショートステイケアサポートまつど【短期入所生活介護】千葉県松戸市高塚新田512-4", "url2": "https://www.kaigokensaku.mhlw.go.jp/12/index.php?action_kouhyou_detail_004_kani=true&JigyosyoCd=1271207217-00&ServiceCd=210&Type=search" }, "geometry": { "type": "Point", "coordinates": [ 139.935661127508524, 35.756648181626282 ] } },
{ "type": "Feature", "properties": { "内容": "短期入所生活介護事業所松寿園【短期入所生活介護】千葉県松戸市六高台２丁目１９番地の２", "url2": "https://www.kaigokensaku.mhlw.go.jp/12/index.php?action_kouhyou_detail_004_kani=true&JigyosyoCd=1271200253-00&ServiceCd=210&Type=search" }, "geometry": { "type": "Point", "coordinates": [ 139.986926899999958, 35.7956342 ] } },
{ "type": "Feature", "properties": { "内容": "松戸愛光園ショートステイ【短期入所生活介護】千葉県松戸市高塚新田128-8", "url2": "https://www.kaigokensaku.mhlw.go.jp/12/index.php?action_kouhyou_detail_004_kani=true&JigyosyoCd=1271201699-00&ServiceCd=210&Type=search" }, "geometry": { "type": "Point", "coordinates": [ 139.943457800000033, 35.7544955 ] } },
{ "type": "Feature", "properties": { "内容": "特別養護老人ホーム第二南花園【短期入所生活介護】千葉県松戸市紙敷1186-8特別養護老人ホーム第二南花園", "url2": "https://www.kaigokensaku.mhlw.go.jp/12/index.php?action_kouhyou_detail_004_kani=true&JigyosyoCd=1271205674-00&ServiceCd=210&Type=search" }, "geometry": { "type": "Point", "coordinates": [ 139.9331333, 35.7695072 ] } },
{ "type": "Feature", "properties": { "内容": "東松戸ヒルズショートステイサービス【短期入所生活介護】千葉県松戸市紙敷薄浦1065-4", "url2": "https://www.kaigokensaku.mhlw.go.jp/12/index.php?action_kouhyou_detail_004_kani=true&JigyosyoCd=1271207548-00&ServiceCd=210&Type=search" }, "geometry": { "type": "Point", "coordinates": [ 139.938896435920697, 35.771652897175152 ] } },
{ "type": "Feature", "properties": { "内容": "セイワ松戸ショートステイサービスセンター【短期入所生活介護】千葉県松戸市大橋89", "url2": "https://www.kaigokensaku.mhlw.go.jp/12/index.php?action_kouhyou_detail_004_kani=true&JigyosyoCd=1271208579-00&ServiceCd=210&Type=search" }, "geometry": { "type": "Point", "coordinates": [ 139.920547, 35.765921 ] } },
{ "type": "Feature", "properties": { "内容": "セイワ松戸ショートステイサービスセンター【短期入所生活介護】千葉県松戸市大橋89", "url2": "https://www.kaigokensaku.mhlw.go.jp/12/index.php?action_kouhyou_detail_004_kani=true&JigyosyoCd=1271208033-00&ServiceCd=210&Type=search" }, "geometry": { "type": "Point", "coordinates": [ 139.920532838892314, 35.766050728361442 ] } },
{ "type": "Feature", "properties": { "内容": "短期入所生活介護松峰苑【短期入所生活介護】千葉県松戸市高塚新田４８８－９", "url2": "https://www.kaigokensaku.mhlw.go.jp/12/index.php?action_kouhyou_detail_004_kani=true&JigyosyoCd=1271204636-00&ServiceCd=210&Type=search" }, "geometry": { "type": "Point", "coordinates": [ 139.931964200000039, 35.7608833 ] } },
{ "type": "Feature", "properties": { "内容": "特別養護老人ホームプレミア東松戸【短期入所生活介護】千葉県松戸市紙敷297番2", "url2": "https://www.kaigokensaku.mhlw.go.jp/12/index.php?action_kouhyou_detail_004_kani=true&JigyosyoCd=1271207803-00&ServiceCd=210&Type=search" }, "geometry": { "type": "Point", "coordinates": [ 139.947008239465731, 35.769286050653726 ] } },
{ "type": "Feature", "properties": { "内容": "明尽苑ショートステイサービス【短期入所生活介護】千葉県松戸市金ヶ作296-1", "url2": "https://www.kaigokensaku.mhlw.go.jp/12/index.php?action_kouhyou_detail_004_kani=true&JigyosyoCd=1271202549-00&ServiceCd=210&Type=search" }, "geometry": { "type": "Point", "coordinates": [ 139.965892899999972, 35.8024302 ] } },
{ "type": "Feature", "properties": { "内容": "特別養護老人ホームなでしこ（従来型）【短期入所生活介護】千葉県松戸市中矢切259-1特別養護老人ホームなでしこ", "url2": "https://www.kaigokensaku.mhlw.go.jp/12/index.php?action_kouhyou_detail_004_kani=true&JigyosyoCd=1271205435-00&ServiceCd=210&Type=search" }, "geometry": { "type": "Point", "coordinates": [ 139.893730530024754, 35.764048566943529 ] } },
{ "type": "Feature", "properties": { "内容": "ショートステイサービスなでしこ【短期入所生活介護】千葉県松戸市中矢切259－1特別養護老人ホームなでしこ", "url2": "https://www.kaigokensaku.mhlw.go.jp/12/index.php?action_kouhyou_detail_004_kani=true&JigyosyoCd=1271205450-00&ServiceCd=210&Type=search" }, "geometry": { "type": "Point", "coordinates": [ 139.893961200000035, 35.7640132 ] } },
{ "type": "Feature", "properties": { "内容": "明尽苑ショートステイサービス別館【短期入所生活介護】千葉県松戸市金ケ作296-1", "url2": "https://www.kaigokensaku.mhlw.go.jp/12/index.php?action_kouhyou_detail_004_kani=true&JigyosyoCd=1271207613-00&ServiceCd=210&Type=search" }, "geometry": { "type": "Point", "coordinates": [ 139.965884599999981, 35.8024329 ] } },
{ "type": "Feature", "properties": { "内容": "あずみ苑高塚新田【短期入所生活介護】千葉県松戸市高塚新田350-5", "url2": "https://www.kaigokensaku.mhlw.go.jp/12/index.php?action_kouhyou_detail_004_kani=true&JigyosyoCd=1271209247-00&ServiceCd=210&Type=search" }, "geometry": { "type": "Point", "coordinates": [ 139.9393604, 35.7641332 ] } },
{ "type": "Feature", "properties": { "内容": "秋桜ショートステイサービス【短期入所生活介護】千葉県松戸市栄町西3-1036-2", "url2": "https://www.kaigokensaku.mhlw.go.jp/12/index.php?action_kouhyou_detail_004_kani=true&JigyosyoCd=1271203224-00&ServiceCd=210&Type=search" }, "geometry": { "type": "Point", "coordinates": [ 139.896414899999968, 35.8122878 ] } },
{ "type": "Feature", "properties": { "内容": "ショートステイセンターエルケア【短期入所生活介護】千葉県松戸市新松戸３－１１４", "url2": "https://www.kaigokensaku.mhlw.go.jp/12/index.php?action_kouhyou_detail_004_kani=true&JigyosyoCd=1271204222-00&ServiceCd=210&Type=search" }, "geometry": { "type": "Point", "coordinates": [ 139.912360300000046, 35.8253473 ] } },
{ "type": "Feature", "properties": { "内容": "特別養護老人ホーム　南花園【短期入所生活介護】千葉県松戸市河原塚南花102-8", "url2": "https://www.kaigokensaku.mhlw.go.jp/12/index.php?action_kouhyou_detail_004_kani=true&JigyosyoCd=1271200568-00&ServiceCd=210&Type=search" }, "geometry": { "type": "Point", "coordinates": [ 139.938360489271531, 35.780745775417842 ] } },
{ "type": "Feature", "properties": { "内容": "ショートステイサービス　あすなろ【短期入所生活介護】千葉県松戸市金ヶ作139-10", "url2": "https://www.kaigokensaku.mhlw.go.jp/12/index.php?action_kouhyou_detail_004_kani=true&JigyosyoCd=1271204107-00&ServiceCd=210&Type=search" }, "geometry": { "type": "Point", "coordinates": [ 139.942280899999986, 35.8065092 ] } },
{ "type": "Feature", "properties": { "内容": "松戸ケアセンターそよ風【短期入所生活介護】千葉県松戸市八ヶ崎4-31-1", "url2": "https://www.kaigokensaku.mhlw.go.jp/12/index.php?action_kouhyou_detail_004_kani=true&JigyosyoCd=1271206243-00&ServiceCd=210&Type=search" }, "geometry": { "type": "Point", "coordinates": [ 139.93613670000002, 35.8098251 ] } },
{ "type": "Feature", "properties": { "内容": "シンシア清水公園【短期入所生活介護】千葉県野田市清水公園東2丁目31－21シンシア清水公園", "url2": "https://www.kaigokensaku.mhlw.go.jp/12/index.php?action_kouhyou_detail_004_kani=true&JigyosyoCd=1271302356-00&ServiceCd=210&Type=search" }, "geometry": { "type": "Point", "coordinates": [ 139.862990500000024, 35.9545664 ] } },
{ "type": "Feature", "properties": { "内容": "特別養護老人ホーム船形サルビア荘【短期入所生活介護】千葉県野田市船形297番2", "url2": "https://www.kaigokensaku.mhlw.go.jp/12/index.php?action_kouhyou_detail_004_kani=true&JigyosyoCd=1271302042-00&ServiceCd=210&Type=search" }, "geometry": { "type": "Point", "coordinates": [ 139.866764592868122, 35.978035700656619 ] } },
{ "type": "Feature", "properties": { "内容": "ショートステイ松葉園【短期入所生活介護】千葉県野田市中里４３番３", "url2": "https://www.kaigokensaku.mhlw.go.jp/12/index.php?action_kouhyou_detail_004_kani=true&JigyosyoCd=1271301036-00&ServiceCd=210&Type=search" }, "geometry": { "type": "Point", "coordinates": [ 139.842615099999989, 35.9907821 ] } },
{ "type": "Feature", "properties": { "内容": "特別養護老人ホーム福寿園【短期入所生活介護】千葉県野田市金杉2325番地１", "url2": "https://www.kaigokensaku.mhlw.go.jp/12/index.php?action_kouhyou_detail_004_kani=true&JigyosyoCd=1271300160-00&ServiceCd=210&Type=search" }, "geometry": { "type": "Point", "coordinates": [ 139.8796628, 35.963133 ] } },
{ "type": "Feature", "properties": { "内容": "短期入所生活介護施設関宿ナーシングビレッジ【短期入所生活介護】千葉県野田市桐ケ作666番地", "url2": "https://www.kaigokensaku.mhlw.go.jp/12/index.php?action_kouhyou_detail_004_kani=true&JigyosyoCd=1273700037-00&ServiceCd=210&Type=search" }, "geometry": { "type": "Point", "coordinates": [ 139.811726499999907, 36.0551717 ] } },
{ "type": "Feature", "properties": { "内容": "縁「ゆかり」【短期入所生活介護】千葉県野田市木間ケ瀬2148番地3", "url2": "https://www.kaigokensaku.mhlw.go.jp/12/index.php?action_kouhyou_detail_004_kani=true&JigyosyoCd=1271301747-00&ServiceCd=210&Type=search" }, "geometry": { "type": "Point", "coordinates": [ 139.822853198889106, 36.02602790139516 ] } },
{ "type": "Feature", "properties": { "内容": "特別養護老人ホームふれあいの里【短期入所生活介護】千葉県野田市野田1307-1", "url2": "https://www.kaigokensaku.mhlw.go.jp/12/index.php?action_kouhyou_detail_004_kani=true&JigyosyoCd=1271302158-00&ServiceCd=210&Type=search" }, "geometry": { "type": "Point", "coordinates": [ 139.864450585736137, 35.952389025729119 ] } },
{ "type": "Feature", "properties": { "内容": "ショートステイすばる【短期入所生活介護】千葉県野田市上三ヶ尾382", "url2": "https://www.kaigokensaku.mhlw.go.jp/12/index.php?action_kouhyou_detail_004_kani=true&JigyosyoCd=1271300665-00&ServiceCd=210&Type=search" }, "geometry": { "type": "Point", "coordinates": [ 139.924522199999956, 35.9245076 ] } },
{ "type": "Feature", "properties": { "内容": "ショートステイ鶴寿園（従来型）【短期入所生活介護】千葉県野田市鶴奉２７０番地の５", "url2": "https://www.kaigokensaku.mhlw.go.jp/12/index.php?action_kouhyou_detail_004_kani=true&JigyosyoCd=1271300129-00&ServiceCd=210&Type=search" }, "geometry": { "type": "Point", "coordinates": [ 139.884707, 35.9600834 ] } },
{ "type": "Feature", "properties": { "内容": "ショートステイほまれの家【短期入所生活介護】千葉県野田市目吹字二ツ塚1511-3", "url2": "https://www.kaigokensaku.mhlw.go.jp/12/index.php?action_kouhyou_detail_004_kani=true&JigyosyoCd=1271300509-00&ServiceCd=210&Type=search" }, "geometry": { "type": "Point", "coordinates": [ 139.890139699999963, 35.9632165 ] } },
{ "type": "Feature", "properties": { "内容": "ショートステイ鶴寿園（ユニット型）【短期入所生活介護】千葉県野田市鶴奉280番地", "url2": "https://www.kaigokensaku.mhlw.go.jp/12/index.php?action_kouhyou_detail_004_kani=true&JigyosyoCd=1271301879-00&ServiceCd=210&Type=search" }, "geometry": { "type": "Point", "coordinates": [ 139.883923699999968, 35.9604806 ] } },
{ "type": "Feature", "properties": { "内容": "ショートステイいきいきタウンのだ【短期入所生活介護】千葉県野田市中根193-12", "url2": "https://www.kaigokensaku.mhlw.go.jp/12/index.php?action_kouhyou_detail_004_kani=true&JigyosyoCd=1271301986-00&ServiceCd=210&Type=search" }, "geometry": { "type": "Point", "coordinates": [ 139.879076347221371, 35.940351780373817 ] } },
{ "type": "Feature", "properties": { "内容": "梅郷ケアセンターそよ風【短期入所生活介護】千葉県野田市梅郷５－２", "url2": "https://www.kaigokensaku.mhlw.go.jp/12/index.php?action_kouhyou_detail_004_kani=true&JigyosyoCd=1271301853-00&ServiceCd=210&Type=search" }, "geometry": { "type": "Point", "coordinates": [ 139.891033565406843, 35.930128858657199 ] } },
{ "type": "Feature", "properties": { "内容": "あずみ苑清水公園【短期入所生活介護】千葉県野田市柳沢新田字庚申塚49-11あずみ苑清水公園", "url2": "https://www.kaigokensaku.mhlw.go.jp/12/index.php?action_kouhyou_detail_004_kani=true&JigyosyoCd=1271302497-00&ServiceCd=210&Type=search" }, "geometry": { "type": "Point", "coordinates": [ 139.869986895969419, 35.9603419022107 ] } },
{ "type": "Feature", "properties": { "内容": "短期入所生活介護・介護予防短期入所生活介護椿寿の里【短期入所生活介護】千葉県野田市山崎2723-3", "url2": "https://www.kaigokensaku.mhlw.go.jp/12/index.php?action_kouhyou_detail_004_kani=true&JigyosyoCd=1271301614-00&ServiceCd=210&Type=search" }, "geometry": { "type": "Point", "coordinates": [ 139.901202, 35.9260457 ] } },
{ "type": "Feature", "properties": { "内容": "ショートステイサービス光風荘【短期入所生活介護】千葉県茂原市御蔵芝３９番地1", "url2": "https://www.kaigokensaku.mhlw.go.jp/12/index.php?action_kouhyou_detail_004_kani=true&JigyosyoCd=1271500157-00&ServiceCd=210&Type=search" }, "geometry": { "type": "Point", "coordinates": [ 140.3666293, 35.4749817 ] } },
{ "type": "Feature", "properties": { "内容": "サンライズ茂原【短期入所生活介護】千葉県茂原市本納3356-1", "url2": "https://www.kaigokensaku.mhlw.go.jp/12/index.php?action_kouhyou_detail_004_kani=true&JigyosyoCd=1271500074-00&ServiceCd=210&Type=search" }, "geometry": { "type": "Point", "coordinates": [ 140.2996161, 35.4803364 ] } },
{ "type": "Feature", "properties": { "内容": "セントケア茂原【短期入所生活介護】千葉県茂原市鷲巣706-2", "url2": "https://www.kaigokensaku.mhlw.go.jp/12/index.php?action_kouhyou_detail_004_kani=true&JigyosyoCd=1271501163-00&ServiceCd=210&Type=search" }, "geometry": { "type": "Point", "coordinates": [ 140.280246700000021, 35.4242109 ] } },
{ "type": "Feature", "properties": { "内容": "特別養護老人ホーム第二長生共楽園ひめはる【短期入所生活介護】千葉県茂原市下永吉2667番地5", "url2": "https://www.kaigokensaku.mhlw.go.jp/12/index.php?action_kouhyou_detail_004_kani=true&JigyosyoCd=1271501957-00&ServiceCd=210&Type=search" }, "geometry": { "type": "Point", "coordinates": [ 140.297576076057453, 35.40089335166801 ] } },
{ "type": "Feature", "properties": { "内容": "特別養護老人ホーム長生共楽園【短期入所生活介護】千葉県茂原市下永吉２８１２番地", "url2": "https://www.kaigokensaku.mhlw.go.jp/12/index.php?action_kouhyou_detail_004_kani=true&JigyosyoCd=1271500066-00&ServiceCd=210&Type=search" }, "geometry": { "type": "Point", "coordinates": [ 140.302260072460285, 35.400011748550291 ] } },
{ "type": "Feature", "properties": { "内容": "短期入所生活介護サービス真名実恵園【短期入所生活介護】千葉県茂原市真名675番地2", "url2": "https://www.kaigokensaku.mhlw.go.jp/12/index.php?action_kouhyou_detail_004_kani=true&JigyosyoCd=1271500512-00&ServiceCd=210&Type=search" }, "geometry": { "type": "Point", "coordinates": [ 140.254025400000046, 35.4590028 ] } },
{ "type": "Feature", "properties": { "内容": "短期入所生活介護サービス実恵園【短期入所生活介護】千葉県茂原市法目字南原代２６７２番地１", "url2": "https://www.kaigokensaku.mhlw.go.jp/12/index.php?action_kouhyou_detail_004_kani=true&JigyosyoCd=1271500199-00&ServiceCd=210&Type=search" }, "geometry": { "type": "Point", "coordinates": [ 140.3146457, 35.4864856 ] } },
{ "type": "Feature", "properties": { "内容": "ショートステイ　長生苑【短期入所生活介護】千葉県茂原市南吉田4061-1", "url2": "https://www.kaigokensaku.mhlw.go.jp/12/index.php?action_kouhyou_detail_004_kani=true&JigyosyoCd=1271500314-00&ServiceCd=210&Type=search" }, "geometry": { "type": "Point", "coordinates": [ 140.331259100000011, 35.470317 ] } },
{ "type": "Feature", "properties": { "内容": "老人短期入所事業　名木の里【短期入所生活介護】千葉県成田市名木192番地", "url2": "https://www.kaigokensaku.mhlw.go.jp/12/index.php?action_kouhyou_detail_004_kani=true&JigyosyoCd=1271600619-00&ServiceCd=210&Type=search" }, "geometry": { "type": "Point", "coordinates": [ 140.3867019, 35.8804921 ] } },
{ "type": "Feature", "properties": { "内容": "特別養護老人ホームユニットケア成田苑【短期入所生活介護】千葉県成田市大室1783-22", "url2": "https://www.kaigokensaku.mhlw.go.jp/12/index.php?action_kouhyou_detail_004_kani=true&JigyosyoCd=1271601104-00&ServiceCd=210&Type=search" }, "geometry": { "type": "Point", "coordinates": [ 140.3870121, 35.816716700000015 ] } },
{ "type": "Feature", "properties": { "内容": "ショートステイサービス玲光苑【短期入所生活介護】千葉県成田市押畑８９６－４", "url2": "https://www.kaigokensaku.mhlw.go.jp/12/index.php?action_kouhyou_detail_004_kani=true&JigyosyoCd=1271600189-00&ServiceCd=210&Type=search" }, "geometry": { "type": "Point", "coordinates": [ 140.3072062, 35.8015764 ] } },
{ "type": "Feature", "properties": { "内容": "ショートステイ成田苑【短期入所生活介護】千葉県成田市大室1783-22", "url2": "https://www.kaigokensaku.mhlw.go.jp/12/index.php?action_kouhyou_detail_004_kani=true&JigyosyoCd=1271600270-00&ServiceCd=210&Type=search" }, "geometry": { "type": "Point", "coordinates": [ 140.387013799999977, 35.8167127 ] } },
{ "type": "Feature", "properties": { "内容": "特別養護老人ホーム　まきの里（短期入所生活介護）【短期入所生活介護】千葉県成田市吉岡1342-6", "url2": "https://www.kaigokensaku.mhlw.go.jp/12/index.php?action_kouhyou_detail_004_kani=true&JigyosyoCd=1271601583-00&ServiceCd=210&Type=search" }, "geometry": { "type": "Point", "coordinates": [ 140.394768800000065, 35.8120968 ] } },
{ "type": "Feature", "properties": { "内容": "ショートステイ杜の家なりた【短期入所生活介護】千葉県成田市下方686-1", "url2": "https://www.kaigokensaku.mhlw.go.jp/12/index.php?action_kouhyou_detail_004_kani=true&JigyosyoCd=1271601617-00&ServiceCd=210&Type=search" }, "geometry": { "type": "Point", "coordinates": [ 140.271328361932319, 35.759381893145715 ] } },
{ "type": "Feature", "properties": { "内容": "特別養護老人ホーム有楽苑【短期入所生活介護】千葉県成田市横山204番40", "url2": "https://www.kaigokensaku.mhlw.go.jp/12/index.php?action_kouhyou_detail_004_kani=true&JigyosyoCd=1274700028-00&ServiceCd=210&Type=search" }, "geometry": { "type": "Point", "coordinates": [ 140.454182800000012, 35.8158531 ] } },
{ "type": "Feature", "properties": { "内容": "特別養護老人ホーム有楽苑（ユニット）【短期入所生活介護】千葉県成田市横山204-40", "url2": "https://www.kaigokensaku.mhlw.go.jp/12/index.php?action_kouhyou_detail_004_kani=true&JigyosyoCd=1271601088-00&ServiceCd=210&Type=search" }, "geometry": { "type": "Point", "coordinates": [ 140.454182800000012, 35.8158531 ] } },
{ "type": "Feature", "properties": { "内容": "特別養護老人ホーム長寿園【短期入所生活介護】千葉県成田市長沼字長津１６００", "url2": "https://www.kaigokensaku.mhlw.go.jp/12/index.php?action_kouhyou_detail_004_kani=true&JigyosyoCd=1271600064-00&ServiceCd=210&Type=search" }, "geometry": { "type": "Point", "coordinates": [ 140.300210900000025, 35.830500500000014 ] } },
{ "type": "Feature", "properties": { "内容": "成田ケアセンターそよ風【短期入所生活介護】千葉県成田市並木町145-10", "url2": "https://www.kaigokensaku.mhlw.go.jp/12/index.php?action_kouhyou_detail_004_kani=true&JigyosyoCd=1271602151-00&ServiceCd=210&Type=search" }, "geometry": { "type": "Point", "coordinates": [ 140.3093321, 35.7544115 ] } },
{ "type": "Feature", "properties": { "内容": "ショートスティひだまりの杜（ユニット型）【短期入所生活介護】千葉県成田市不動ヶ岡2012番地3", "url2": "https://www.kaigokensaku.mhlw.go.jp/12/index.php?action_kouhyou_detail_004_kani=true&JigyosyoCd=1271602094-00&ServiceCd=210&Type=search" }, "geometry": { "type": "Point", "coordinates": [ 140.309800776763552, 35.768613802981463 ] } },
{ "type": "Feature", "properties": { "内容": "千年希望の杜佐倉【短期入所生活介護】千葉県佐倉市下志津214-1", "url2": "https://www.kaigokensaku.mhlw.go.jp/12/index.php?action_kouhyou_detail_004_kani=true&JigyosyoCd=1271703108-00&ServiceCd=210&Type=search" }, "geometry": { "type": "Point", "coordinates": [ 140.168739547101438, 35.719265000362498 ] } },
{ "type": "Feature", "properties": { "内容": "老人短期入所事業ゆたか苑【短期入所生活介護】千葉県佐倉市上志津原９", "url2": "https://www.kaigokensaku.mhlw.go.jp/12/index.php?action_kouhyou_detail_004_kani=true&JigyosyoCd=1271700559-00&ServiceCd=210&Type=search" }, "geometry": { "type": "Point", "coordinates": [ 140.141916499999979, 35.7035767 ] } },
{ "type": "Feature", "properties": { "内容": "佐倉西ケアセンターそよ風【短期入所生活介護】千葉県佐倉市西志津７－３－１３", "url2": "https://www.kaigokensaku.mhlw.go.jp/12/index.php?action_kouhyou_detail_004_kani=true&JigyosyoCd=1271701615-00&ServiceCd=210&Type=search" }, "geometry": { "type": "Point", "coordinates": [ 140.1373341, 35.7066573 ] } },
{ "type": "Feature", "properties": { "内容": "ショートステイはちす苑【短期入所生活介護】千葉県佐倉市太田１１４５－１", "url2": "https://www.kaigokensaku.mhlw.go.jp/12/index.php?action_kouhyou_detail_004_kani=true&JigyosyoCd=1271700328-00&ServiceCd=210&Type=search" }, "geometry": { "type": "Point", "coordinates": [ 140.2092619, 35.684227 ] } },
{ "type": "Feature", "properties": { "内容": "特別養護老人ホーム志津ユーカリ苑（ユニット）【短期入所生活介護】千葉県佐倉市青菅1008-7", "url2": "https://www.kaigokensaku.mhlw.go.jp/12/index.php?action_kouhyou_detail_004_kani=true&JigyosyoCd=1271702134-00&ServiceCd=210&Type=search" }, "geometry": { "type": "Point", "coordinates": [ 140.1422087, 35.7455539 ] } },
{ "type": "Feature", "properties": { "内容": "志津ユーカリ苑指定短期入所介護事業所【短期入所生活介護】千葉県佐倉市青菅1008番地7", "url2": "https://www.kaigokensaku.mhlw.go.jp/12/index.php?action_kouhyou_detail_004_kani=true&JigyosyoCd=1271700096-00&ServiceCd=210&Type=search" }, "geometry": { "type": "Point", "coordinates": [ 140.14235450000001, 35.7456672 ] } },
{ "type": "Feature", "properties": { "内容": "さくら苑ショートステイサービス【短期入所生活介護】千葉県佐倉市鏑木町３４６番地", "url2": "https://www.kaigokensaku.mhlw.go.jp/12/index.php?action_kouhyou_detail_004_kani=true&JigyosyoCd=1271700211-00&ServiceCd=210&Type=search" }, "geometry": { "type": "Point", "coordinates": [ 140.233971600000018, 35.7154623 ] } },
{ "type": "Feature", "properties": { "内容": "特別養護老人ホーム　ユーカリゆうとの杜【短期入所生活介護】千葉県佐倉市青菅1023-14", "url2": "https://www.kaigokensaku.mhlw.go.jp/12/index.php?action_kouhyou_detail_004_kani=true&JigyosyoCd=1271702969-00&ServiceCd=210&Type=search" }, "geometry": { "type": "Point", "coordinates": [ 140.143170877384961, 35.744347610491602 ] } },
{ "type": "Feature", "properties": { "内容": "ショートステイサービスさくらの丘【短期入所生活介護】千葉県佐倉市飯重６２２番地", "url2": "https://www.kaigokensaku.mhlw.go.jp/12/index.php?action_kouhyou_detail_004_kani=true&JigyosyoCd=1271702100-00&ServiceCd=210&Type=search" }, "geometry": { "type": "Point", "coordinates": [ 140.200254419079585, 35.725227310988046 ] } },
{ "type": "Feature", "properties": { "内容": "佐倉白翠園ショートステイサービス【短期入所生活介護】千葉県佐倉市岩名１０１１番地", "url2": "https://www.kaigokensaku.mhlw.go.jp/12/index.php?action_kouhyou_detail_004_kani=true&JigyosyoCd=1271700161-00&ServiceCd=210&Type=search" }, "geometry": { "type": "Point", "coordinates": [ 140.220105399999966, 35.738262 ] } },
{ "type": "Feature", "properties": { "内容": "特別養護老人ホームちとせ小町【短期入所生活介護】千葉県佐倉市大蛇町215-7", "url2": "https://www.kaigokensaku.mhlw.go.jp/12/index.php?action_kouhyou_detail_004_kani=true&JigyosyoCd=1271701698-00&ServiceCd=210&Type=search" }, "geometry": { "type": "Point", "coordinates": [ 140.244968400000062, 35.7149936 ] } },
{ "type": "Feature", "properties": { "内容": "さくらケアセンターそよ風【短期入所生活介護】千葉県佐倉市六崎1525-1", "url2": "https://www.kaigokensaku.mhlw.go.jp/12/index.php?action_kouhyou_detail_004_kani=true&JigyosyoCd=1271702415-00&ServiceCd=210&Type=search" }, "geometry": { "type": "Point", "coordinates": [ 140.2206314, 35.7042688 ] } },
{ "type": "Feature", "properties": { "内容": "特別養護老人ホームときわの杜【短期入所生活介護】千葉県佐倉市石川５５６", "url2": "https://www.kaigokensaku.mhlw.go.jp/12/index.php?action_kouhyou_detail_004_kani=true&JigyosyoCd=1271701649-00&ServiceCd=210&Type=search" }, "geometry": { "type": "Point", "coordinates": [ 140.228386499999942, 35.6890054 ] } },
{ "type": "Feature", "properties": { "内容": "あずみ苑高岡【短期入所生活介護】千葉県佐倉市高岡479-1", "url2": "https://www.kaigokensaku.mhlw.go.jp/12/index.php?action_kouhyou_detail_004_kani=true&JigyosyoCd=1271703116-00&ServiceCd=210&Type=search" }, "geometry": { "type": "Point", "coordinates": [ 140.2366954, 35.7125988 ] } },
{ "type": "Feature", "properties": { "内容": "特別養護老人ホームゆりの木苑【短期入所生活介護】千葉県東金市家徳７５６－２", "url2": "https://www.kaigokensaku.mhlw.go.jp/12/index.php?action_kouhyou_detail_004_kani=true&JigyosyoCd=1271800086-00&ServiceCd=210&Type=search" }, "geometry": { "type": "Point", "coordinates": [ 140.4014575, 35.5510455 ] } },
{ "type": "Feature", "properties": { "内容": "特別養護老人ホームユニット型ゆりの木苑【短期入所生活介護】千葉県東金市家徳756-2", "url2": "https://www.kaigokensaku.mhlw.go.jp/12/index.php?action_kouhyou_detail_004_kani=true&JigyosyoCd=1271801217-00&ServiceCd=210&Type=search" }, "geometry": { "type": "Point", "coordinates": [ 140.401308900000032, 35.550753899999982 ] } },
{ "type": "Feature", "properties": { "内容": "プラチナ・ショートステイ東金【短期入所生活介護】千葉県東金市関下456-1", "url2": "https://www.kaigokensaku.mhlw.go.jp/12/index.php?action_kouhyou_detail_004_kani=true&JigyosyoCd=1271800953-00&ServiceCd=210&Type=search" }, "geometry": { "type": "Point", "coordinates": [ 140.3991919, 35.5342756 ] } },
{ "type": "Feature", "properties": { "内容": "芙蓉荘短期入所生活介護事業所【短期入所生活介護】東金市家之子２０１０－３", "url2": "https://www.kaigokensaku.mhlw.go.jp/12/index.php?action_kouhyou_detail_004_kani=true&JigyosyoCd=1271800177-00&ServiceCd=210&Type=search" }, "geometry": { "type": "Point", "coordinates": [ 140.376603400000022, 35.598881 ] } },
{ "type": "Feature", "properties": { "内容": "ショートステイ福岡福福の里【短期入所生活介護】千葉県東金市東中島97番地1", "url2": "https://www.kaigokensaku.mhlw.go.jp/12/index.php?action_kouhyou_detail_004_kani=true&JigyosyoCd=1271801647-00&ServiceCd=210&Type=search" }, "geometry": { "type": "Point", "coordinates": [ 140.377578789791102, 35.515928680472889 ] } },
{ "type": "Feature", "properties": { "内容": "ショートステイ福福の里【短期入所生活介護】千葉県東金市極楽寺字松山１６３番１", "url2": "https://www.kaigokensaku.mhlw.go.jp/12/index.php?action_kouhyou_detail_004_kani=true&JigyosyoCd=1271801167-00&ServiceCd=210&Type=search" }, "geometry": { "type": "Point", "coordinates": [ 140.327000684114097, 35.626837614284376 ] } },
{ "type": "Feature", "properties": { "内容": "特別養護老人ホーム白寿園【短期入所生活介護】千葉県旭市清和乙２０番地1", "url2": "https://www.kaigokensaku.mhlw.go.jp/12/index.php?action_kouhyou_detail_004_kani=true&JigyosyoCd=1275200028-00&ServiceCd=210&Type=search" }, "geometry": { "type": "Point", "coordinates": [ 140.617606199999955, 35.770494 ] } },
{ "type": "Feature", "properties": { "内容": "特別養護老人ホームやすらぎ園（ユニット型）【短期入所生活介護】千葉県旭市イ３９２５番１", "url2": "https://www.kaigokensaku.mhlw.go.jp/12/index.php?action_kouhyou_detail_004_kani=true&JigyosyoCd=1272000637-00&ServiceCd=210&Type=search" }, "geometry": { "type": "Point", "coordinates": [ 140.672313700000018, 35.7254169 ] } },
{ "type": "Feature", "properties": { "内容": "第二やすらぎ園ショートステイサービス【短期入所生活介護】千葉県旭市秋田1698番3", "url2": "https://www.kaigokensaku.mhlw.go.jp/12/index.php?action_kouhyou_detail_004_kani=true&JigyosyoCd=1272000520-00&ServiceCd=210&Type=search" }, "geometry": { "type": "Point", "coordinates": [ 140.595181300000036, 35.7412836 ] } },
{ "type": "Feature", "properties": { "内容": "やすらぎ園ショートステイサービス【短期入所生活介護】千葉県旭市イ３９２５番２", "url2": "https://www.kaigokensaku.mhlw.go.jp/12/index.php?action_kouhyou_detail_004_kani=true&JigyosyoCd=1272000074-00&ServiceCd=210&Type=search" }, "geometry": { "type": "Point", "coordinates": [ 140.672208100000034, 35.72613070000002 ] } },
{ "type": "Feature", "properties": { "内容": "特別養護老人ホーム東風荘【短期入所生活介護】千葉県旭市三川字篠堆６３０１－６", "url2": "https://www.kaigokensaku.mhlw.go.jp/12/index.php?action_kouhyou_detail_004_kani=true&JigyosyoCd=1275500047-00&ServiceCd=210&Type=search" }, "geometry": { "type": "Point", "coordinates": [ 140.6898823, 35.7056085 ] } },
{ "type": "Feature", "properties": { "内容": "やすらぎ園きらめきショートステイサービス【短期入所生活介護】千葉県旭市イの3947番3", "url2": "https://www.kaigokensaku.mhlw.go.jp/12/index.php?action_kouhyou_detail_004_kani=true&JigyosyoCd=1272000884-00&ServiceCd=210&Type=search" }, "geometry": { "type": "Point", "coordinates": [ 140.6730087, 35.7260816 ] } },
{ "type": "Feature", "properties": { "内容": "恵天堂ショートステイサービス【短期入所生活介護】千葉県旭市蛇園2532", "url2": "https://www.kaigokensaku.mhlw.go.jp/12/index.php?action_kouhyou_detail_004_kani=true&JigyosyoCd=1275400040-00&ServiceCd=210&Type=search" }, "geometry": { "type": "Point", "coordinates": [ 140.7040584, 35.7191268 ] } },
{ "type": "Feature", "properties": { "内容": "ショートステイグロリア旭【短期入所生活介護】千葉県旭市井戸野1038-1", "url2": "https://www.kaigokensaku.mhlw.go.jp/12/index.php?action_kouhyou_detail_004_kani=true&JigyosyoCd=1272000793-00&ServiceCd=210&Type=search" }, "geometry": { "type": "Point", "coordinates": [ 140.625238399999944, 35.7153786 ] } },
{ "type": "Feature", "properties": { "内容": "サンクレール谷津　ショートステイ【短期入所生活介護】千葉県習志野市谷津4-6-10", "url2": "https://www.kaigokensaku.mhlw.go.jp/12/index.php?action_kouhyou_detail_004_kani=true&JigyosyoCd=1272102060-00&ServiceCd=210&Type=search" }, "geometry": { "type": "Point", "coordinates": [ 140.006263600000011, 35.6841375 ] } },
{ "type": "Feature", "properties": { "内容": "ショートステイセンター　ブレーメン習志野【短期入所生活介護】千葉県習志野市東習志野２-１０-３", "url2": "https://www.kaigokensaku.mhlw.go.jp/12/index.php?action_kouhyou_detail_004_kani=true&JigyosyoCd=1272101229-00&ServiceCd=210&Type=search" }, "geometry": { "type": "Point", "coordinates": [ 140.06843, 35.6930794 ] } },
{ "type": "Feature", "properties": { "内容": "かがやきの郷福楽園短期入所生活介護事業所（従来型）【短期入所生活介護】千葉県習志野市東習志野1-1-20", "url2": "https://www.kaigokensaku.mhlw.go.jp/12/index.php?action_kouhyou_detail_004_kani=true&JigyosyoCd=1272102391-00&ServiceCd=210&Type=search" }, "geometry": { "type": "Point", "coordinates": [ 140.0638582, 35.6951194 ] } },
{ "type": "Feature", "properties": { "内容": "かがやきの郷福楽園短期入所生活介護事業所（ユニット型）【短期入所生活介護】千葉県習志野市東習志野1-1-20", "url2": "https://www.kaigokensaku.mhlw.go.jp/12/index.php?action_kouhyou_detail_004_kani=true&JigyosyoCd=1272102383-00&ServiceCd=210&Type=search" }, "geometry": { "type": "Point", "coordinates": [ 140.063836742327908, 35.694657596715096 ] } },
{ "type": "Feature", "properties": { "内容": "マイホーム習志野ショートステイ【短期入所生活介護】千葉県習志野市屋敷1-1-1", "url2": "https://www.kaigokensaku.mhlw.go.jp/12/index.php?action_kouhyou_detail_004_kani=true&JigyosyoCd=1272100676-00&ServiceCd=210&Type=search" }, "geometry": { "type": "Point", "coordinates": [ 140.051240300000018, 35.6775892 ] } },
{ "type": "Feature", "properties": { "内容": "ゆいまーる習志野ショートステイサービスセンター【短期入所生活介護】千葉県習志野市秋津3-5-1", "url2": "https://www.kaigokensaku.mhlw.go.jp/12/index.php?action_kouhyou_detail_004_kani=true&JigyosyoCd=1272101435-00&ServiceCd=210&Type=search" }, "geometry": { "type": "Point", "coordinates": [ 140.017463, 35.6693809 ] } },
{ "type": "Feature", "properties": { "内容": "習志野偕生園ショートステイサービス【短期入所生活介護】千葉県習志野市新栄1-10-2", "url2": "https://www.kaigokensaku.mhlw.go.jp/12/index.php?action_kouhyou_detail_004_kani=true&JigyosyoCd=1272100098-00&ServiceCd=210&Type=search" }, "geometry": { "type": "Point", "coordinates": [ 140.0623501, 35.6898463 ] } },
{ "type": "Feature", "properties": { "内容": "セイワ習志野ショートステイサービスセンター【短期入所生活介護】千葉県習志野市秋津3-5-3", "url2": "https://www.kaigokensaku.mhlw.go.jp/12/index.php?action_kouhyou_detail_004_kani=true&JigyosyoCd=1272100239-00&ServiceCd=210&Type=search" }, "geometry": { "type": "Point", "coordinates": [ 140.017221400000039, 35.668681 ] } },
{ "type": "Feature", "properties": { "内容": "特別養護老人ホーム習志野偕生園（ユニット型）【短期入所生活介護】千葉県習志野市新栄1-10-2", "url2": "https://www.kaigokensaku.mhlw.go.jp/12/index.php?action_kouhyou_detail_004_kani=true&JigyosyoCd=1272101732-00&ServiceCd=210&Type=search" }, "geometry": { "type": "Point", "coordinates": [ 140.062334600000014, 35.6898412 ] } },
{ "type": "Feature", "properties": { "内容": "習志野市立養護老人ホーム白鷺園【短期入所生活介護】千葉県習志野市鷺沼3-6-44", "url2": "https://www.kaigokensaku.mhlw.go.jp/12/index.php?action_kouhyou_detail_004_kani=true&JigyosyoCd=1272100858-00&ServiceCd=210&Type=search" }, "geometry": { "type": "Point", "coordinates": [ 140.0287519, 35.6769775 ] } },
{ "type": "Feature", "properties": { "内容": "特別養護老人ホーム玲光苑習志野ローズ館（ユニット型）【短期入所生活介護】千葉県習志野市谷津3-14-7", "url2": "https://www.kaigokensaku.mhlw.go.jp/12/index.php?action_kouhyou_detail_004_kani=true&JigyosyoCd=1272101831-00&ServiceCd=210&Type=search" }, "geometry": { "type": "Point", "coordinates": [ 140.003768600000058, 35.6839855 ] } },
{ "type": "Feature", "properties": { "内容": "ショートステイ望陽荘【短期入所生活介護】千葉県柏市みどり台１－３－１", "url2": "https://www.kaigokensaku.mhlw.go.jp/12/index.php?action_kouhyou_detail_004_kani=true&JigyosyoCd=1272200773-00&ServiceCd=210&Type=search" }, "geometry": { "type": "Point", "coordinates": [ 139.920126799999906, 35.9009104 ] } },
{ "type": "Feature", "properties": { "内容": "ショートステイサービスヴィヴァン【短期入所生活介護】千葉県柏市中原1815番5", "url2": "https://www.kaigokensaku.mhlw.go.jp/12/index.php?action_kouhyou_detail_004_kani=true&JigyosyoCd=1272202407-00&ServiceCd=210&Type=search" }, "geometry": { "type": "Point", "coordinates": [ 139.972065199999946, 35.8369118 ] } },
{ "type": "Feature", "properties": { "内容": "ショートステイ温雅荘【短期入所生活介護】千葉県柏市十余二156番地1", "url2": "https://www.kaigokensaku.mhlw.go.jp/12/index.php?action_kouhyou_detail_004_kani=true&JigyosyoCd=1272207836-00&ServiceCd=210&Type=search" }, "geometry": { "type": "Point", "coordinates": [ 139.935078, 35.886297 ] } },
{ "type": "Feature", "properties": { "内容": "ショートステイ柏陽光園【短期入所生活介護】千葉県柏市酒井根393-1", "url2": "https://www.kaigokensaku.mhlw.go.jp/12/index.php?action_kouhyou_detail_004_kani=true&JigyosyoCd=1272207992-00&ServiceCd=210&Type=search" }, "geometry": { "type": "Point", "coordinates": [ 139.9499739, 35.8260712 ] } },
{ "type": "Feature", "properties": { "内容": "ショートステイサービスハートかしわ【短期入所生活介護】千葉県柏市高田1032番地1", "url2": "https://www.kaigokensaku.mhlw.go.jp/12/index.php?action_kouhyou_detail_004_kani=true&JigyosyoCd=1272201177-00&ServiceCd=210&Type=search" }, "geometry": { "type": "Point", "coordinates": [ 139.9561546, 35.8766549 ] } },
{ "type": "Feature", "properties": { "内容": "柏きらりの風【短期入所生活介護】千葉県柏市西原2-9-1", "url2": "https://www.kaigokensaku.mhlw.go.jp/12/index.php?action_kouhyou_detail_004_kani=true&JigyosyoCd=1272201763-00&ServiceCd=210&Type=search" }, "geometry": { "type": "Point", "coordinates": [ 139.920299099999966, 35.8972388 ] } },
{ "type": "Feature", "properties": { "内容": "ショートステイマザーズガーデン【短期入所生活介護】千葉県柏市布施1113-2", "url2": "https://www.kaigokensaku.mhlw.go.jp/12/index.php?action_kouhyou_detail_004_kani=true&JigyosyoCd=1272201524-00&ServiceCd=210&Type=search" }, "geometry": { "type": "Point", "coordinates": [ 140.0034498, 35.8870545 ] } },
{ "type": "Feature", "properties": { "内容": "ショートステイサービス四季の里（従来型）【短期入所生活介護】千葉県柏市松ヶ崎899番地1", "url2": "https://www.kaigokensaku.mhlw.go.jp/12/index.php?action_kouhyou_detail_004_kani=true&JigyosyoCd=1272204833-00&ServiceCd=210&Type=search" }, "geometry": { "type": "Point", "coordinates": [ 139.975578, 35.8766194 ] } },
{ "type": "Feature", "properties": { "内容": "ショートステイサービス四季の里（ユニット型）【短期入所生活介護】千葉県柏市松ヶ崎899番地1", "url2": "https://www.kaigokensaku.mhlw.go.jp/12/index.php?action_kouhyou_detail_004_kani=true&JigyosyoCd=1272204841-00&ServiceCd=210&Type=search" }, "geometry": { "type": "Point", "coordinates": [ 139.975578, 35.8766194 ] } },
{ "type": "Feature", "properties": { "内容": "豊四季ケアセンターそよ風【短期入所生活介護】千葉県柏市豊四季286-16", "url2": "https://www.kaigokensaku.mhlw.go.jp/12/index.php?action_kouhyou_detail_004_kani=true&JigyosyoCd=1272202308-00&ServiceCd=210&Type=search" }, "geometry": { "type": "Point", "coordinates": [ 139.9489059, 35.8610072 ] } },
{ "type": "Feature", "properties": { "内容": "八幡苑ショートステイサービス【短期入所生活介護】千葉県柏市篠籠田１３９０", "url2": "https://www.kaigokensaku.mhlw.go.jp/12/index.php?action_kouhyou_detail_004_kani=true&JigyosyoCd=1272200211-00&ServiceCd=210&Type=search" }, "geometry": { "type": "Point", "coordinates": [ 139.9470308, 35.8691585 ] } },
{ "type": "Feature", "properties": { "内容": "八幡苑然然ショートステイサービス【短期入所生活介護】千葉県柏市篠籠田1386-12", "url2": "https://www.kaigokensaku.mhlw.go.jp/12/index.php?action_kouhyou_detail_004_kani=true&JigyosyoCd=1272207513-00&ServiceCd=210&Type=search" }, "geometry": { "type": "Point", "coordinates": [ 139.947640289549241, 35.869697558758936 ] } },
{ "type": "Feature", "properties": { "内容": "パナソニックエイジフリーケアセンター柏豊住・ショートステイ【短期入所生活介護】千葉県柏市豊住1-3-36", "url2": "https://www.kaigokensaku.mhlw.go.jp/12/index.php?action_kouhyou_detail_004_kani=true&JigyosyoCd=1272205871-00&ServiceCd=210&Type=search" }, "geometry": { "type": "Point", "coordinates": [ 139.965411, 35.839842 ] } },
{ "type": "Feature", "properties": { "内容": "あおいの里・柏短期入所生活介護事業所【短期入所生活介護】千葉県柏市大井９８８番地１", "url2": "https://www.kaigokensaku.mhlw.go.jp/12/index.php?action_kouhyou_detail_004_kani=true&JigyosyoCd=1272205343-00&ServiceCd=210&Type=search" }, "geometry": { "type": "Point", "coordinates": [ 139.994565400000056, 35.8480547 ] } },
{ "type": "Feature", "properties": { "内容": "ショートステイサービス沼風苑新館【短期入所生活介護】千葉県柏市箕輪５８５番地", "url2": "https://www.kaigokensaku.mhlw.go.jp/12/index.php?action_kouhyou_detail_004_kani=true&JigyosyoCd=1272204817-00&ServiceCd=210&Type=search" }, "geometry": { "type": "Point", "coordinates": [ 140.0193822, 35.8538042 ] } },
{ "type": "Feature", "properties": { "内容": "ショートステイサービス沼風苑【短期入所生活介護】千葉県柏市箕輪５８５番地", "url2": "https://www.kaigokensaku.mhlw.go.jp/12/index.php?action_kouhyou_detail_004_kani=true&JigyosyoCd=1272204809-00&ServiceCd=210&Type=search" }, "geometry": { "type": "Point", "coordinates": [ 140.0193822, 35.8538042 ] } },
{ "type": "Feature", "properties": { "内容": "大津川八幡苑ショートステイサービス【短期入所生活介護】千葉県柏市藤心271-1", "url2": "https://www.kaigokensaku.mhlw.go.jp/12/index.php?action_kouhyou_detail_004_kani=true&JigyosyoCd=1272204874-00&ServiceCd=210&Type=search" }, "geometry": { "type": "Point", "coordinates": [ 139.994094, 35.8239082 ] } },
{ "type": "Feature", "properties": { "内容": "藤心八幡苑ショートステイサービス【短期入所生活介護】千葉県柏市藤心293-2", "url2": "https://www.kaigokensaku.mhlw.go.jp/12/index.php?action_kouhyou_detail_004_kani=true&JigyosyoCd=1272200492-00&ServiceCd=210&Type=search" }, "geometry": { "type": "Point", "coordinates": [ 139.995954900000015, 35.8243498 ] } },
{ "type": "Feature", "properties": { "内容": "ショートステイかしわ安心館【短期入所生活介護】千葉県柏市藤ケ谷810番地2", "url2": "https://www.kaigokensaku.mhlw.go.jp/12/index.php?action_kouhyou_detail_004_kani=true&JigyosyoCd=1272205202-00&ServiceCd=210&Type=search" }, "geometry": { "type": "Point", "coordinates": [ 140.031672516510298, 35.814082017279006 ] } },
{ "type": "Feature", "properties": { "内容": "柏中原ケアセンターそよ風【短期入所生活介護】千葉県柏市中原1-28-2", "url2": "https://www.kaigokensaku.mhlw.go.jp/12/index.php?action_kouhyou_detail_004_kani=true&JigyosyoCd=1272203470-00&ServiceCd=210&Type=search" }, "geometry": { "type": "Point", "coordinates": [ 139.9660527, 35.826949 ] } },
{ "type": "Feature", "properties": { "内容": "ショートステイサービスひかり隣保館【短期入所生活介護】千葉県柏市十余二175-42", "url2": "https://www.kaigokensaku.mhlw.go.jp/12/index.php?action_kouhyou_detail_004_kani=true&JigyosyoCd=1272200435-00&ServiceCd=210&Type=search" }, "geometry": { "type": "Point", "coordinates": [ 139.940497199999982, 35.8882025 ] } },
{ "type": "Feature", "properties": { "内容": "輝陽園ショートステイ【短期入所生活介護】千葉県柏市酒井根４５－１", "url2": "https://www.kaigokensaku.mhlw.go.jp/12/index.php?action_kouhyou_detail_004_kani=true&JigyosyoCd=1272200260-00&ServiceCd=210&Type=search" }, "geometry": { "type": "Point", "coordinates": [ 139.962197800000013, 35.8213332 ] } },
{ "type": "Feature", "properties": { "内容": "ショートステイ柏こひつじ園【短期入所生活介護】千葉県柏市豊四季台三丁目１番４号", "url2": "https://www.kaigokensaku.mhlw.go.jp/12/index.php?action_kouhyou_detail_004_kani=true&JigyosyoCd=1272203579-00&ServiceCd=210&Type=search" }, "geometry": { "type": "Point", "coordinates": [ 139.957438599999932, 35.8628599 ] } },
{ "type": "Feature", "properties": { "内容": "特別養護老人ホームアネシス【短期入所生活介護】千葉県柏市手賀1682番地", "url2": "https://www.kaigokensaku.mhlw.go.jp/12/index.php?action_kouhyou_detail_004_kani=true&JigyosyoCd=1273800043-00&ServiceCd=210&Type=search" }, "geometry": { "type": "Point", "coordinates": [ 140.080284799999959, 35.8327392 ] } },
{ "type": "Feature", "properties": { "内容": "ショートステイサービスマーガレットヒル【短期入所生活介護】千葉県柏市中新宿1-8-6", "url2": "https://www.kaigokensaku.mhlw.go.jp/12/index.php?action_kouhyou_detail_004_kani=true&JigyosyoCd=1272201003-00&ServiceCd=210&Type=search" }, "geometry": { "type": "Point", "coordinates": [ 139.943573900000047, 35.8348447 ] } },
{ "type": "Feature", "properties": { "内容": "ショートステイサービス　勝浦裕和園【短期入所生活介護】千葉県勝浦市市野郷２３０番地１", "url2": "https://www.kaigokensaku.mhlw.go.jp/12/index.php?action_kouhyou_detail_004_kani=true&JigyosyoCd=1272300110-00&ServiceCd=210&Type=search" }, "geometry": { "type": "Point", "coordinates": [ 140.278482100000019, 35.2284504 ] } },
{ "type": "Feature", "properties": { "内容": "特別養護老人ホームオーシャンビュー勝浦【短期入所生活介護】千葉県勝浦市部原1930-3", "url2": "https://www.kaigokensaku.mhlw.go.jp/12/index.php?action_kouhyou_detail_004_kani=true&JigyosyoCd=1272300367-00&ServiceCd=210&Type=search" }, "geometry": { "type": "Point", "coordinates": [ 140.334412408226854, 35.168258375514618 ] } },
{ "type": "Feature", "properties": { "内容": "ショートステイ名木緑風苑【短期入所生活介護】千葉県勝浦市名木89番地13", "url2": "https://www.kaigokensaku.mhlw.go.jp/12/index.php?action_kouhyou_detail_004_kani=true&JigyosyoCd=1272300284-00&ServiceCd=210&Type=search" }, "geometry": { "type": "Point", "coordinates": [ 140.232047400000056, 35.1533972 ] } },
{ "type": "Feature", "properties": { "内容": "特別養護老人ホーム　緑祐の郷【短期入所生活介護】千葉県市原市養老９９８－１", "url2": "https://www.kaigokensaku.mhlw.go.jp/12/index.php?action_kouhyou_detail_004_kani=true&JigyosyoCd=1272402452-00&ServiceCd=210&Type=search" }, "geometry": { "type": "Point", "coordinates": [ 140.11497, 35.496635 ] } },
{ "type": "Feature", "properties": { "内容": "特別養護老人ホーム　緑祐の郷　Ⅲ【短期入所生活介護】千葉県市原市養老９９８－１", "url2": "https://www.kaigokensaku.mhlw.go.jp/12/index.php?action_kouhyou_detail_004_kani=true&JigyosyoCd=1272402478-00&ServiceCd=210&Type=search" }, "geometry": { "type": "Point", "coordinates": [ 140.153518500000018, 35.3560128 ] } },
{ "type": "Feature", "properties": { "内容": "ショートステイサービス　高滝神明の里【短期入所生活介護】千葉県市原市駒込字初崎１９６番１", "url2": "https://www.kaigokensaku.mhlw.go.jp/12/index.php?action_kouhyou_detail_004_kani=true&JigyosyoCd=1272400803-00&ServiceCd=210&Type=search" }, "geometry": { "type": "Point", "coordinates": [ 140.148245659524463, 35.364519435341194 ] } },
{ "type": "Feature", "properties": { "内容": "特別養護老人ホームしらつかⅢ【短期入所生活介護】千葉県市原市白塚603-1", "url2": "https://www.kaigokensaku.mhlw.go.jp/12/index.php?action_kouhyou_detail_004_kani=true&JigyosyoCd=1272404201-00&ServiceCd=210&Type=search" }, "geometry": { "type": "Point", "coordinates": [ 140.058944825625616, 35.48943800294397 ] } },
{ "type": "Feature", "properties": { "内容": "特別養護老人ホーム　しらつか【短期入所生活介護】千葉県市原市白塚603-1", "url2": "https://www.kaigokensaku.mhlw.go.jp/12/index.php?action_kouhyou_detail_004_kani=true&JigyosyoCd=1272404185-00&ServiceCd=210&Type=search" }, "geometry": { "type": "Point", "coordinates": [ 140.058989406236662, 35.489457412545164 ] } },
{ "type": "Feature", "properties": { "内容": "市原中央ケアセンターそよ風【短期入所生活介護】千葉県市原市山田橋一丁目１４番１５", "url2": "https://www.kaigokensaku.mhlw.go.jp/12/index.php?action_kouhyou_detail_004_kani=true&JigyosyoCd=1272402809-00&ServiceCd=210&Type=search" }, "geometry": { "type": "Point", "coordinates": [ 140.123233600000049, 35.5000404 ] } },
{ "type": "Feature", "properties": { "内容": "市原ケアセンターそよ風【短期入所生活介護】千葉県市原市喜多759-10", "url2": "https://www.kaigokensaku.mhlw.go.jp/12/index.php?action_kouhyou_detail_004_kani=true&JigyosyoCd=1272401702-00&ServiceCd=210&Type=search" }, "geometry": { "type": "Point", "coordinates": [ 140.1847067, 35.5064877 ] } },
{ "type": "Feature", "properties": { "内容": "清流園ショートステイサービス（ユニット型）【短期入所生活介護】千葉県市原市勝間下五反目３３７番２", "url2": "https://www.kaigokensaku.mhlw.go.jp/12/index.php?action_kouhyou_detail_004_kani=true&JigyosyoCd=1272402643-00&ServiceCd=210&Type=search" }, "geometry": { "type": "Point", "coordinates": [ 140.165109499999971, 35.4785493 ] } },
{ "type": "Feature", "properties": { "内容": "セントケア市原【短期入所生活介護】千葉県市原市惣社４－３－５", "url2": "https://www.kaigokensaku.mhlw.go.jp/12/index.php?action_kouhyou_detail_004_kani=true&JigyosyoCd=1272401835-00&ServiceCd=210&Type=search" }, "geometry": { "type": "Point", "coordinates": [ 140.109926399999949, 35.4983903 ] } },
{ "type": "Feature", "properties": { "内容": "特別養護老人ホーム　グランモア和光苑【短期入所生活介護】千葉県市原市椎津５番地１号", "url2": "https://www.kaigokensaku.mhlw.go.jp/12/index.php?action_kouhyou_detail_004_kani=true&JigyosyoCd=1272400324-00&ServiceCd=210&Type=search" }, "geometry": { "type": "Point", "coordinates": [ 140.026951300000064, 35.4677711 ] } },
{ "type": "Feature", "properties": { "内容": "特別養護老人ホーム　市原園【短期入所生活介護】千葉県市原市　万田野732番地6", "url2": "https://www.kaigokensaku.mhlw.go.jp/12/index.php?action_kouhyou_detail_004_kani=true&JigyosyoCd=1272400068-00&ServiceCd=210&Type=search" }, "geometry": { "type": "Point", "coordinates": [ 140.1238727, 35.3220892 ] } },
{ "type": "Feature", "properties": { "内容": "ショートステイサービス三和の里【短期入所生活介護】千葉県市原市山田７９８－１", "url2": "https://www.kaigokensaku.mhlw.go.jp/12/index.php?action_kouhyou_detail_004_kani=true&JigyosyoCd=1272402064-00&ServiceCd=210&Type=search" }, "geometry": { "type": "Point", "coordinates": [ 140.122850500000027, 35.46312 ] } },
{ "type": "Feature", "properties": { "内容": "ケアセンターさざんか【短期入所生活介護】千葉県市原市磯ヶ谷　２０６７", "url2": "https://www.kaigokensaku.mhlw.go.jp/12/index.php?action_kouhyou_detail_004_kani=true&JigyosyoCd=1272401991-00&ServiceCd=210&Type=search" }, "geometry": { "type": "Point", "coordinates": [ 140.126089500000035, 35.4557935 ] } },
{ "type": "Feature", "properties": { "内容": "短期入所生活介護　ポプラの樹【短期入所生活介護】千葉県市原市二日市場７７３－１", "url2": "https://www.kaigokensaku.mhlw.go.jp/12/index.php?action_kouhyou_detail_004_kani=true&JigyosyoCd=1272404771-00&ServiceCd=210&Type=search" }, "geometry": { "type": "Point", "coordinates": [ 140.116452165762126, 35.443223891225678 ] } },
{ "type": "Feature", "properties": { "内容": "ショートステイサービス　ふるさと苑【短期入所生活介護】千葉県市原市能満1925番282", "url2": "https://www.kaigokensaku.mhlw.go.jp/12/index.php?action_kouhyou_detail_004_kani=true&JigyosyoCd=1272400225-00&ServiceCd=210&Type=search" }, "geometry": { "type": "Point", "coordinates": [ 140.144693024986992, 35.499474610544631 ] } },
{ "type": "Feature", "properties": { "内容": "特別養護老人ホーム辰巳萬緑苑【短期入所生活介護】千葉県市原市神崎263-1", "url2": "https://www.kaigokensaku.mhlw.go.jp/12/index.php?action_kouhyou_detail_004_kani=true&JigyosyoCd=1272400274-00&ServiceCd=210&Type=search" }, "geometry": { "type": "Point", "coordinates": [ 140.153537, 35.5082644 ] } },
{ "type": "Feature", "properties": { "内容": "特別養護老人ホーム清流園【短期入所生活介護】千葉県市原市勝間下五反目337番2", "url2": "https://www.kaigokensaku.mhlw.go.jp/12/index.php?action_kouhyou_detail_004_kani=true&JigyosyoCd=1272400290-00&ServiceCd=210&Type=search" }, "geometry": { "type": "Point", "coordinates": [ 140.165109499999971, 35.4785493 ] } },
{ "type": "Feature", "properties": { "内容": "ショートステイサービス第二ふるさと苑里休【短期入所生活介護】千葉県市原市能満2073-25", "url2": "https://www.kaigokensaku.mhlw.go.jp/12/index.php?action_kouhyou_detail_004_kani=true&JigyosyoCd=1272402957-00&ServiceCd=210&Type=search" }, "geometry": { "type": "Point", "coordinates": [ 140.145209629499846, 35.495911991544688 ] } },
{ "type": "Feature", "properties": { "内容": "ショートステイサービス青柳園【短期入所生活介護】千葉県市原市青柳３－６－６", "url2": "https://www.kaigokensaku.mhlw.go.jp/12/index.php?action_kouhyou_detail_004_kani=true&JigyosyoCd=1272400258-00&ServiceCd=210&Type=search" }, "geometry": { "type": "Point", "coordinates": [ 140.056205299999988, 35.502902 ] } },
{ "type": "Feature", "properties": { "内容": "ショートステイサービスあじさい苑【短期入所生活介護】千葉県市原市新堀947-3", "url2": "https://www.kaigokensaku.mhlw.go.jp/12/index.php?action_kouhyou_detail_004_kani=true&JigyosyoCd=1272400779-00&ServiceCd=210&Type=search" }, "geometry": { "type": "Point", "coordinates": [ 140.137472099999968, 35.467717 ] } },
{ "type": "Feature", "properties": { "内容": "ショートステイサービスあじさい苑ユニット型【短期入所生活介護】千葉県市原市新堀947-3", "url2": "https://www.kaigokensaku.mhlw.go.jp/12/index.php?action_kouhyou_detail_004_kani=true&JigyosyoCd=1272402650-00&ServiceCd=210&Type=search" }, "geometry": { "type": "Point", "coordinates": [ 140.137472099999968, 35.467717 ] } },
{ "type": "Feature", "properties": { "内容": "特別養護老人ホーム　やまき【短期入所生活介護】千葉県市原市山木307-1", "url2": "https://www.kaigokensaku.mhlw.go.jp/12/index.php?action_kouhyou_detail_004_kani=true&JigyosyoCd=1272404748-00&ServiceCd=210&Type=search" }, "geometry": { "type": "Point", "coordinates": [ 140.14337409999996, 35.517277300000018 ] } },
{ "type": "Feature", "properties": { "内容": "地域密着型特別養護老人ホームおおまや【短期入所生活介護】千葉県市原市山木307-1", "url2": "https://www.kaigokensaku.mhlw.go.jp/12/index.php?action_kouhyou_detail_004_kani=true&JigyosyoCd=1272404763-00&ServiceCd=210&Type=search" }, "geometry": { "type": "Point", "coordinates": [ 140.143775700195505, 35.522412053854474 ] } },
{ "type": "Feature", "properties": { "内容": "特別養護老人ホームトータス【短期入所生活介護】千葉県市原市鶴舞559-1", "url2": "https://www.kaigokensaku.mhlw.go.jp/12/index.php?action_kouhyou_detail_004_kani=true&JigyosyoCd=1272401603-00&ServiceCd=210&Type=search" }, "geometry": { "type": "Point", "coordinates": [ 140.184235700000045, 35.3871258 ] } },
{ "type": "Feature", "properties": { "内容": "ショートステイゆうしゅう園八幡【短期入所生活介護】千葉県市原市八幡北町３－６－３４", "url2": "https://www.kaigokensaku.mhlw.go.jp/12/index.php?action_kouhyou_detail_004_kani=true&JigyosyoCd=1272403104-00&ServiceCd=210&Type=search" }, "geometry": { "type": "Point", "coordinates": [ 140.123424601028205, 35.545349810461119 ] } },
{ "type": "Feature", "properties": { "内容": "ショートステイ　グリーンライフ・ネクステ【短期入所生活介護】千葉県市原市福増459-1", "url2": "https://www.kaigokensaku.mhlw.go.jp/12/index.php?action_kouhyou_detail_004_kani=true&JigyosyoCd=1272403658-00&ServiceCd=210&Type=search" }, "geometry": { "type": "Point", "coordinates": [ 140.134810349300551, 35.471917340670281 ] } },
{ "type": "Feature", "properties": { "内容": "特別養護老人ホームゆうしゅう園【短期入所生活介護】千葉県市原市天羽田下細山1500番3", "url2": "https://www.kaigokensaku.mhlw.go.jp/12/index.php?action_kouhyou_detail_004_kani=true&JigyosyoCd=1272400183-00&ServiceCd=210&Type=search" }, "geometry": { "type": "Point", "coordinates": [ 140.060739333924801, 35.431972752294079 ] } },
{ "type": "Feature", "properties": { "内容": "ショートステイぬくもりの家惣社【短期入所生活介護】千葉県市原市惣社１２７２番地１", "url2": "https://www.kaigokensaku.mhlw.go.jp/12/index.php?action_kouhyou_detail_004_kani=true&JigyosyoCd=1272403989-00&ServiceCd=210&Type=search" }, "geometry": { "type": "Point", "coordinates": [ 140.1070001, 35.4979 ] } },
{ "type": "Feature", "properties": { "内容": "特別養護老人ホーム　やまきⅡ【短期入所生活介護】千葉県市原市山木307-1", "url2": "https://www.kaigokensaku.mhlw.go.jp/12/index.php?action_kouhyou_detail_004_kani=true&JigyosyoCd=1272404755-00&ServiceCd=210&Type=search" }, "geometry": { "type": "Point", "coordinates": [ 140.143374099999988, 35.5172773 ] } },
{ "type": "Feature", "properties": { "内容": "グリーンホームショートステイサービス【短期入所生活介護】千葉県市原市喜多893番地1", "url2": "https://www.kaigokensaku.mhlw.go.jp/12/index.php?action_kouhyou_detail_004_kani=true&JigyosyoCd=1272403195-00&ServiceCd=210&Type=search" }, "geometry": { "type": "Point", "coordinates": [ 140.185851700000057, 35.4931588 ] } },
{ "type": "Feature", "properties": { "内容": "地域密着型特別養護老人ホームよろこび（短期入所生活介護）【短期入所生活介護】千葉県市原市喜多893-29", "url2": "https://www.kaigokensaku.mhlw.go.jp/12/index.php?action_kouhyou_detail_004_kani=true&JigyosyoCd=1272404037-00&ServiceCd=210&Type=search" }, "geometry": { "type": "Point", "coordinates": [ 140.18513555158998, 35.493399874487466 ] } },
{ "type": "Feature", "properties": { "内容": "イリーゼ市原　ショートステイ【短期入所生活介護】千葉県市原市市原408-5", "url2": "https://www.kaigokensaku.mhlw.go.jp/12/index.php?action_kouhyou_detail_004_kani=true&JigyosyoCd=1272405000-00&ServiceCd=210&Type=search" }, "geometry": { "type": "Point", "coordinates": [ 140.123731, 35.5250677 ] } },
{ "type": "Feature", "properties": { "内容": "あずみ苑駒木台【短期入所生活介護】千葉県流山市駒木台107-1", "url2": "https://www.kaigokensaku.mhlw.go.jp/12/index.php?action_kouhyou_detail_004_kani=true&JigyosyoCd=1272503341-00&ServiceCd=210&Type=search" }, "geometry": { "type": "Point", "coordinates": [ 139.930322499999988, 35.887201900000015 ] } },
{ "type": "Feature", "properties": { "内容": "リバーパレス流山ショートステイサービス【短期入所生活介護】千葉県流山市西深井１４２", "url2": "https://www.kaigokensaku.mhlw.go.jp/12/index.php?action_kouhyou_detail_004_kani=true&JigyosyoCd=1272500354-00&ServiceCd=210&Type=search" }, "geometry": { "type": "Point", "coordinates": [ 139.893473299999982, 35.907584300000011 ] } },
{ "type": "Feature", "properties": { "内容": "流山ケアセンターそよ風【短期入所生活介護】千葉県流山市加三丁目１番９", "url2": "https://www.kaigokensaku.mhlw.go.jp/12/index.php?action_kouhyou_detail_004_kani=true&JigyosyoCd=1272501949-00&ServiceCd=210&Type=search" }, "geometry": { "type": "Point", "coordinates": [ 139.9072569, 35.8602258 ] } },
{ "type": "Feature", "properties": { "内容": "ショートステイサービスあざみ苑【短期入所生活介護】千葉県流山市野々下2丁目488番地5", "url2": "https://www.kaigokensaku.mhlw.go.jp/12/index.php?action_kouhyou_detail_004_kani=true&JigyosyoCd=1272500206-00&ServiceCd=210&Type=search" }, "geometry": { "type": "Point", "coordinates": [ 139.9324464, 35.8587098 ] } },
{ "type": "Feature", "properties": { "内容": "ショートステイこまぎ安心館【短期入所生活介護】千葉県流山市駒木649番地の3", "url2": "https://www.kaigokensaku.mhlw.go.jp/12/index.php?action_kouhyou_detail_004_kani=true&JigyosyoCd=1272501550-00&ServiceCd=210&Type=search" }, "geometry": { "type": "Point", "coordinates": [ 139.9345035, 35.8852971 ] } },
{ "type": "Feature", "properties": { "内容": "ショートステイ時の花【短期入所生活介護】千葉県流山市流山9-500-31", "url2": "https://www.kaigokensaku.mhlw.go.jp/12/index.php?action_kouhyou_detail_004_kani=true&JigyosyoCd=1272503515-00&ServiceCd=210&Type=search" }, "geometry": { "type": "Point", "coordinates": [ 139.901447600000012, 35.8480914 ] } },
{ "type": "Feature", "properties": { "内容": "ショートステイ花のいろ【短期入所生活介護】千葉県流山市中野久木421", "url2": "https://www.kaigokensaku.mhlw.go.jp/12/index.php?action_kouhyou_detail_004_kani=true&JigyosyoCd=1272502699-00&ServiceCd=210&Type=search" }, "geometry": { "type": "Point", "coordinates": [ 139.899304863970912, 35.894002254997417 ] } },
{ "type": "Feature", "properties": { "内容": "ショートステイ季の花【短期入所生活介護】千葉県流山市おおたかの森西4-17-1", "url2": "https://www.kaigokensaku.mhlw.go.jp/12/index.php?action_kouhyou_detail_004_kani=true&JigyosyoCd=1272502210-00&ServiceCd=210&Type=search" }, "geometry": { "type": "Point", "coordinates": [ 139.918635900000027, 35.8768536 ] } },
{ "type": "Feature", "properties": { "内容": "ショートステイ月の船【短期入所生活介護】千葉県流山市野々下1-292", "url2": "https://www.kaigokensaku.mhlw.go.jp/12/index.php?action_kouhyou_detail_004_kani=true&JigyosyoCd=1272501832-00&ServiceCd=210&Type=search" }, "geometry": { "type": "Point", "coordinates": [ 139.92536640000003, 35.8615174 ] } },
{ "type": "Feature", "properties": { "内容": "ショートステイ春の苑【短期入所生活介護】千葉県流山市東深井５１８－１", "url2": "https://www.kaigokensaku.mhlw.go.jp/12/index.php?action_kouhyou_detail_004_kani=true&JigyosyoCd=1272501311-00&ServiceCd=210&Type=search" }, "geometry": { "type": "Point", "coordinates": [ 139.9136598, 35.9161472 ] } },
{ "type": "Feature", "properties": { "内容": "特別養護老人ホーム慶櫻美原の森（ユニット型空床利用）【短期入所生活介護】千葉県流山市美原3-46", "url2": "https://www.kaigokensaku.mhlw.go.jp/12/index.php?action_kouhyou_detail_004_kani=true&JigyosyoCd=1272502921-00&ServiceCd=210&Type=search" }, "geometry": { "type": "Point", "coordinates": [ 139.9015076, 35.9022081 ] } },
{ "type": "Feature", "properties": { "内容": "特別養護老人ホーム慶櫻美原の森（従来型空床利用）【短期入所生活介護】千葉県流山市美原3-46", "url2": "https://www.kaigokensaku.mhlw.go.jp/12/index.php?action_kouhyou_detail_004_kani=true&JigyosyoCd=1272502947-00&ServiceCd=210&Type=search" }, "geometry": { "type": "Point", "coordinates": [ 139.9015076, 35.9022081 ] } },
{ "type": "Feature", "properties": { "内容": "ショートステイサービスでいご【短期入所生活介護】千葉県流山市こうのす台634-1", "url2": "https://www.kaigokensaku.mhlw.go.jp/12/index.php?action_kouhyou_detail_004_kani=true&JigyosyoCd=1272502442-00&ServiceCd=210&Type=search" }, "geometry": { "type": "Point", "coordinates": [ 139.918929383219819, 35.910536980291084 ] } },
{ "type": "Feature", "properties": { "内容": "エスケアステーション流山ショートステイ【短期入所生活介護】千葉県流山市おおたかの森北3丁目8番地の11", "url2": "https://www.kaigokensaku.mhlw.go.jp/12/index.php?action_kouhyou_detail_004_kani=true&JigyosyoCd=1272501980-00&ServiceCd=210&Type=search" }, "geometry": { "type": "Point", "coordinates": [ 139.927473823377795, 35.879765962476043 ] } },
{ "type": "Feature", "properties": { "内容": "ショートステイサービスはまなす苑【短期入所生活介護】千葉県流山市こうのす台269番地1", "url2": "https://www.kaigokensaku.mhlw.go.jp/12/index.php?action_kouhyou_detail_004_kani=true&JigyosyoCd=1272501014-00&ServiceCd=210&Type=search" }, "geometry": { "type": "Point", "coordinates": [ 139.919179200000031, 35.9090482 ] } },
{ "type": "Feature", "properties": { "内容": "特別養護老人ホーム美晴らしの里【短期入所生活介護】千葉県流山市名都借１１２６番地", "url2": "https://www.kaigokensaku.mhlw.go.jp/12/index.php?action_kouhyou_detail_004_kani=true&JigyosyoCd=1272502228-00&ServiceCd=210&Type=search" }, "geometry": { "type": "Point", "coordinates": [ 139.944231700000046, 35.8495979 ] } },
{ "type": "Feature", "properties": { "内容": "特別養護老人ホーム太陽の里おおたかの森短期入所（従来型）【短期入所生活介護】千葉県流山市西初石4-368-3", "url2": "https://www.kaigokensaku.mhlw.go.jp/12/index.php?action_kouhyou_detail_004_kani=true&JigyosyoCd=1272503424-00&ServiceCd=210&Type=search" }, "geometry": { "type": "Point", "coordinates": [ 139.9134508, 35.8791474 ] } },
{ "type": "Feature", "properties": { "内容": "特別養護老人ホーム太陽の里おおたかの森短期入所（ユニット型）【短期入所生活介護】千葉県流山市西初石4-368-3", "url2": "https://www.kaigokensaku.mhlw.go.jp/12/index.php?action_kouhyou_detail_004_kani=true&JigyosyoCd=1272503432-00&ServiceCd=210&Type=search" }, "geometry": { "type": "Point", "coordinates": [ 139.9134508, 35.8791474 ] } },
{ "type": "Feature", "properties": { "内容": "特別養護老人ホームカーサ・八千代【短期入所生活介護】千葉県八千代市吉橋2700-1カーサ・八千代", "url2": "https://www.kaigokensaku.mhlw.go.jp/12/index.php?action_kouhyou_detail_004_kani=true&JigyosyoCd=1272603737-00&ServiceCd=210&Type=search" }, "geometry": { "type": "Point", "coordinates": [ 140.073679199999987, 35.7446664 ] } },
{ "type": "Feature", "properties": { "内容": "やちよ台ケアセンターそよ風【短期入所生活介護】千葉県八千代市八千代台南３－２－３２", "url2": "https://www.kaigokensaku.mhlw.go.jp/12/index.php?action_kouhyou_detail_004_kani=true&JigyosyoCd=1272601467-00&ServiceCd=210&Type=search" }, "geometry": { "type": "Point", "coordinates": [ 140.088444699999968, 35.6973988 ] } },
{ "type": "Feature", "properties": { "内容": "勝田台ケアセンターそよ風【短期入所生活介護】千葉県八千代市下市場1-14-17", "url2": "https://www.kaigokensaku.mhlw.go.jp/12/index.php?action_kouhyou_detail_004_kani=true&JigyosyoCd=1272601772-00&ServiceCd=210&Type=search" }, "geometry": { "type": "Point", "coordinates": [ 140.117475900000045, 35.7180608 ] } },
{ "type": "Feature", "properties": { "内容": "特別養護老人ホーム八千代城【短期入所生活介護】千葉県八千代市保品2070番地5", "url2": "https://www.kaigokensaku.mhlw.go.jp/12/index.php?action_kouhyou_detail_004_kani=true&JigyosyoCd=1272600303-00&ServiceCd=210&Type=search" }, "geometry": { "type": "Point", "coordinates": [ 140.133034, 35.764176 ] } },
{ "type": "Feature", "properties": { "内容": "短期入所生活介護　むらかみの郷【短期入所生活介護】千葉県八千代市村上1113-36", "url2": "https://www.kaigokensaku.mhlw.go.jp/12/index.php?action_kouhyou_detail_004_kani=true&JigyosyoCd=1272603216-00&ServiceCd=210&Type=search" }, "geometry": { "type": "Point", "coordinates": [ 140.120854099999974, 35.730534100000014 ] } },
{ "type": "Feature", "properties": { "内容": "ショートステイひばりの郷【短期入所生活介護】千葉県八千代市大和田53", "url2": "https://www.kaigokensaku.mhlw.go.jp/12/index.php?action_kouhyou_detail_004_kani=true&JigyosyoCd=1272602218-00&ServiceCd=210&Type=search" }, "geometry": { "type": "Point", "coordinates": [ 140.100067200000012, 35.7166469 ] } },
{ "type": "Feature", "properties": { "内容": "あずみ苑勝田台【短期入所生活介護】千葉県八千代市下市場1-6-37", "url2": "https://www.kaigokensaku.mhlw.go.jp/12/index.php?action_kouhyou_detail_004_kani=true&JigyosyoCd=1272602770-00&ServiceCd=210&Type=search" }, "geometry": { "type": "Point", "coordinates": [ 140.118967500000053, 35.7163527 ] } },
{ "type": "Feature", "properties": { "内容": "ショートステイ愛生苑【短期入所生活介護】千葉県八千代市吉橋１０５９－１７", "url2": "https://www.kaigokensaku.mhlw.go.jp/12/index.php?action_kouhyou_detail_004_kani=true&JigyosyoCd=1272600238-00&ServiceCd=210&Type=search" }, "geometry": { "type": "Point", "coordinates": [ 140.075536174868802, 35.73257713696723 ] } },
{ "type": "Feature", "properties": { "内容": "美香苑ショートステイサービス【短期入所生活介護】千葉県八千代市村上６４１", "url2": "https://www.kaigokensaku.mhlw.go.jp/12/index.php?action_kouhyou_detail_004_kani=true&JigyosyoCd=1272600204-00&ServiceCd=210&Type=search" }, "geometry": { "type": "Point", "coordinates": [ 140.119379, 35.7426503 ] } },
{ "type": "Feature", "properties": { "内容": "緑が丘美香苑ショートステイサービス（ユニット型）【短期入所生活介護】千葉県八千代市緑が丘西7-13-3", "url2": "https://www.kaigokensaku.mhlw.go.jp/12/index.php?action_kouhyou_detail_004_kani=true&JigyosyoCd=1272603661-00&ServiceCd=210&Type=search" }, "geometry": { "type": "Point", "coordinates": [ 140.0730728, 35.7423385 ] } },
{ "type": "Feature", "properties": { "内容": "緑が丘美香苑ショートステイサービス（従来型）【短期入所生活介護】千葉県八千代市緑が丘西7-13-3", "url2": "https://www.kaigokensaku.mhlw.go.jp/12/index.php?action_kouhyou_detail_004_kani=true&JigyosyoCd=1272603679-00&ServiceCd=210&Type=search" }, "geometry": { "type": "Point", "coordinates": [ 140.0730728, 35.7423385 ] } },
{ "type": "Feature", "properties": { "内容": "ショートステイ　ケアサポートやちよ【短期入所生活介護】千葉県八千代市大和田新田926－2", "url2": "https://www.kaigokensaku.mhlw.go.jp/12/index.php?action_kouhyou_detail_004_kani=true&JigyosyoCd=1272602424-00&ServiceCd=210&Type=search" }, "geometry": { "type": "Point", "coordinates": [ 140.080798922615031, 35.724350660313952 ] } },
{ "type": "Feature", "properties": { "内容": "特別養護老人ホーム　はなみずき【短期入所生活介護】千葉県八千代市島田台９９８－４", "url2": "https://www.kaigokensaku.mhlw.go.jp/12/index.php?action_kouhyou_detail_004_kani=true&JigyosyoCd=1272600212-00&ServiceCd=210&Type=search" }, "geometry": { "type": "Point", "coordinates": [ 140.0980151, 35.7702923 ] } },
{ "type": "Feature", "properties": { "内容": "短期入所生活介護　グリーンヒル八千代台【短期入所生活介護】千葉県八千代市八千代台西7-2-69", "url2": "https://www.kaigokensaku.mhlw.go.jp/12/index.php?action_kouhyou_detail_004_kani=true&JigyosyoCd=1272601319-00&ServiceCd=210&Type=search" }, "geometry": { "type": "Point", "coordinates": [ 140.085217100000023, 35.7026066 ] } },
{ "type": "Feature", "properties": { "内容": "特別養護老人ホームほうゆうの里ショートステイ【短期入所生活介護】千葉県八千代市上高野１５７", "url2": "https://www.kaigokensaku.mhlw.go.jp/12/index.php?action_kouhyou_detail_004_kani=true&JigyosyoCd=1272601806-00&ServiceCd=210&Type=search" }, "geometry": { "type": "Point", "coordinates": [ 140.127800200000024, 35.7446531 ] } },
{ "type": "Feature", "properties": { "内容": "特別養護老人ホームほうゆうの里（従来型）ショートステイ【短期入所生活介護】千葉県八千代市上高野157", "url2": "https://www.kaigokensaku.mhlw.go.jp/12/index.php?action_kouhyou_detail_004_kani=true&JigyosyoCd=1272602986-00&ServiceCd=210&Type=search" }, "geometry": { "type": "Point", "coordinates": [ 140.12790960000001, 35.7445366 ] } },
{ "type": "Feature", "properties": { "内容": "グリーンヒル指定短期入所生活介護【短期入所生活介護】千葉県八千代市上高野２０５８－５", "url2": "https://www.kaigokensaku.mhlw.go.jp/12/index.php?action_kouhyou_detail_004_kani=true&JigyosyoCd=1272600139-00&ServiceCd=210&Type=search" }, "geometry": { "type": "Point", "coordinates": [ 140.127306399999952, 35.7372204 ] } },
{ "type": "Feature", "properties": { "内容": "あずみ苑我孫子【短期入所生活介護】千葉県我孫子市柴崎1261-7", "url2": "https://www.kaigokensaku.mhlw.go.jp/12/index.php?action_kouhyou_detail_004_kani=true&JigyosyoCd=1272701960-00&ServiceCd=210&Type=search" }, "geometry": { "type": "Point", "coordinates": [ 140.050290100000012, 35.8754474 ] } },
{ "type": "Feature", "properties": { "内容": "特別養護老人ホームけやきの里従来型（空床型）【短期入所生活介護】千葉県我孫子市青山417番", "url2": "https://www.kaigokensaku.mhlw.go.jp/12/index.php?action_kouhyou_detail_004_kani=true&JigyosyoCd=1272701663-00&ServiceCd=210&Type=search" }, "geometry": { "type": "Point", "coordinates": [ 140.048914299999979, 35.8839315 ] } },
{ "type": "Feature", "properties": { "内容": "特別養護老人ホームけやきの里ショートステイサービス【短期入所生活介護】千葉県我孫子市青山417番地", "url2": "https://www.kaigokensaku.mhlw.go.jp/12/index.php?action_kouhyou_detail_004_kani=true&JigyosyoCd=1272701689-00&ServiceCd=210&Type=search" }, "geometry": { "type": "Point", "coordinates": [ 140.048914299999979, 35.8839315 ] } },
{ "type": "Feature", "properties": { "内容": "特別養護老人ホームけやきの里あやめ館ユニット型ショートステイサービス【短期入所生活介護】千葉県我孫子市青山415", "url2": "https://www.kaigokensaku.mhlw.go.jp/12/index.php?action_kouhyou_detail_004_kani=true&JigyosyoCd=1272702141-00&ServiceCd=210&Type=search" }, "geometry": { "type": "Point", "coordinates": [ 140.051614699999988, 35.8771406 ] } },
{ "type": "Feature", "properties": { "内容": "ショートステイサービスあおいの里・我孫子【短期入所生活介護】千葉県我孫子市柴崎216-1", "url2": "https://www.kaigokensaku.mhlw.go.jp/12/index.php?action_kouhyou_detail_004_kani=true&JigyosyoCd=1272701408-00&ServiceCd=210&Type=search" }, "geometry": { "type": "Point", "coordinates": [ 140.034891199999947, 35.8737798 ] } },
{ "type": "Feature", "properties": { "内容": "特別養護老人ホームけやきの里あやめ館従来型ショートステイサービス【短期入所生活介護】千葉県我孫子市青山415", "url2": "https://www.kaigokensaku.mhlw.go.jp/12/index.php?action_kouhyou_detail_004_kani=true&JigyosyoCd=1272702158-00&ServiceCd=210&Type=search" }, "geometry": { "type": "Point", "coordinates": [ 140.051614699999988, 35.8771406 ] } },
{ "type": "Feature", "properties": { "内容": "くおん苑短期入所生活介護事業所【短期入所生活介護】千葉県我孫子市日秀208番地", "url2": "https://www.kaigokensaku.mhlw.go.jp/12/index.php?action_kouhyou_detail_004_kani=true&JigyosyoCd=1272700160-00&ServiceCd=210&Type=search" }, "geometry": { "type": "Point", "coordinates": [ 140.088888499999939, 35.8609658 ] } },
{ "type": "Feature", "properties": { "内容": "天王台ケアセンターそよ風【短期入所生活介護】千葉県我孫子市柴崎台3-13-1", "url2": "https://www.kaigokensaku.mhlw.go.jp/12/index.php?action_kouhyou_detail_004_kani=true&JigyosyoCd=1272701044-00&ServiceCd=210&Type=search" }, "geometry": { "type": "Point", "coordinates": [ 140.045509399999986, 35.8792932 ] } },
{ "type": "Feature", "properties": { "内容": "ショートステイサービス和楽園【短期入所生活介護】千葉県我孫子市中峠字篠堤２４７３番", "url2": "https://www.kaigokensaku.mhlw.go.jp/12/index.php?action_kouhyou_detail_004_kani=true&JigyosyoCd=1272700111-00&ServiceCd=210&Type=search" }, "geometry": { "type": "Point", "coordinates": [ 140.088716366396767, 35.874926998045794 ] } },
{ "type": "Feature", "properties": { "内容": "特別養護老人ホームアクイール【短期入所生活介護】千葉県我孫子市岡発戸1498", "url2": "https://www.kaigokensaku.mhlw.go.jp/12/index.php?action_kouhyou_detail_004_kani=true&JigyosyoCd=1272701176-00&ServiceCd=210&Type=search" }, "geometry": { "type": "Point", "coordinates": [ 140.060473049212646, 35.861393601050175 ] } },
{ "type": "Feature", "properties": { "内容": "ユニット型特別養護老人ホームアクイール【短期入所生活介護】千葉県我孫子市岡発戸１４９８番地特別養護老人ホームアクイール", "url2": "https://www.kaigokensaku.mhlw.go.jp/12/index.php?action_kouhyou_detail_004_kani=true&JigyosyoCd=1272701184-00&ServiceCd=210&Type=search" }, "geometry": { "type": "Point", "coordinates": [ 140.060319700000036, 35.8617821 ] } },
{ "type": "Feature", "properties": { "内容": "特別養護老人ホームアコモード【短期入所生活介護】千葉県我孫子市布佐1559-2", "url2": "https://www.kaigokensaku.mhlw.go.jp/12/index.php?action_kouhyou_detail_004_kani=true&JigyosyoCd=1272700145-00&ServiceCd=210&Type=search" }, "geometry": { "type": "Point", "coordinates": [ 140.12494659999993, 35.8556833 ] } },
{ "type": "Feature", "properties": { "内容": "めぐみの里指定短期入所介護事業所【短期入所生活介護】千葉県鴨川市大幡1222-1", "url2": "https://www.kaigokensaku.mhlw.go.jp/12/index.php?action_kouhyou_detail_004_kani=true&JigyosyoCd=1272800101-00&ServiceCd=210&Type=search" }, "geometry": { "type": "Point", "coordinates": [ 139.988457199999971, 35.1363734 ] } },
{ "type": "Feature", "properties": { "内容": "有料老人ホーム　ナーシングヴィラ　ハートフル鴨川【短期入所生活介護】千葉県鴨川市太海６３０－１", "url2": "https://www.kaigokensaku.mhlw.go.jp/12/index.php?action_kouhyou_detail_004_kani=true&JigyosyoCd=1272800036-00&ServiceCd=210&Type=search" }, "geometry": { "type": "Point", "coordinates": [ 140.090978899999982, 35.0908428 ] } },
{ "type": "Feature", "properties": { "内容": "ショートステイサービス千の風・清澄【短期入所生活介護】千葉県鴨川市天津３４６６", "url2": "https://www.kaigokensaku.mhlw.go.jp/12/index.php?action_kouhyou_detail_004_kani=true&JigyosyoCd=1272800275-00&ServiceCd=210&Type=search" }, "geometry": { "type": "Point", "coordinates": [ 140.1504774, 35.1334017 ] } },
{ "type": "Feature", "properties": { "内容": "あずみ苑鎌ヶ谷【短期入所生活介護】千葉県鎌ヶ谷市東道野辺三丁目6-8", "url2": "https://www.kaigokensaku.mhlw.go.jp/12/index.php?action_kouhyou_detail_004_kani=true&JigyosyoCd=1272901594-00&ServiceCd=210&Type=search" }, "geometry": { "type": "Point", "coordinates": [ 139.997633800000017, 35.7525884 ] } },
{ "type": "Feature", "properties": { "内容": "ショートステイアウル鎌ケ谷ネクスト【短期入所生活介護】千葉県鎌ケ谷市佐津間616-3", "url2": "https://www.kaigokensaku.mhlw.go.jp/12/index.php?action_kouhyou_detail_004_kani=true&JigyosyoCd=1272902444-00&ServiceCd=210&Type=search" }, "geometry": { "type": "Point", "coordinates": [ 140.00517, 35.7952538 ] } },
{ "type": "Feature", "properties": { "内容": "特別養護老人ホームなごみ三清荘（従来型）【短期入所生活介護】千葉県鎌ヶ谷市初富919-16", "url2": "https://www.kaigokensaku.mhlw.go.jp/12/index.php?action_kouhyou_detail_004_kani=true&JigyosyoCd=1272902584-00&ServiceCd=210&Type=search" }, "geometry": { "type": "Point", "coordinates": [ 140.0083386, 35.7800154 ] } },
{ "type": "Feature", "properties": { "内容": "特別養護老人ホームなごみ三清荘（ユニット型）【短期入所生活介護】千葉県鎌ケ谷市初富字五本松919-16", "url2": "https://www.kaigokensaku.mhlw.go.jp/12/index.php?action_kouhyou_detail_004_kani=true&JigyosyoCd=1272902592-00&ServiceCd=210&Type=search" }, "geometry": { "type": "Point", "coordinates": [ 140.007108100000011, 35.7780976 ] } },
{ "type": "Feature", "properties": { "内容": "初富ケアセンターそよ風【短期入所生活介護】千葉県鎌ヶ谷市南初富二丁目9番66号", "url2": "https://www.kaigokensaku.mhlw.go.jp/12/index.php?action_kouhyou_detail_004_kani=true&JigyosyoCd=1272902022-00&ServiceCd=210&Type=search" }, "geometry": { "type": "Point", "coordinates": [ 140.0075467, 35.7730619 ] } },
{ "type": "Feature", "properties": { "内容": "鎌ヶ谷翔裕園ショートステイサービス【短期入所生活介護】千葉県鎌ケ谷市初富字東野848番地10", "url2": "https://www.kaigokensaku.mhlw.go.jp/12/index.php?action_kouhyou_detail_004_kani=true&JigyosyoCd=1272900141-00&ServiceCd=210&Type=search" }, "geometry": { "type": "Point", "coordinates": [ 140.022414799999979, 35.77839 ] } },
{ "type": "Feature", "properties": { "内容": "新鎌ヶ谷ケアセンターそよ風【短期入所生活介護】千葉県鎌ケ谷市初富本町1-13-10", "url2": "https://www.kaigokensaku.mhlw.go.jp/12/index.php?action_kouhyou_detail_004_kani=true&JigyosyoCd=1272901123-00&ServiceCd=210&Type=search" }, "geometry": { "type": "Point", "coordinates": [ 139.997376900000063, 35.7758751 ] } },
{ "type": "Feature", "properties": { "内容": "特別養護老人ホーム　慈祐苑【短期入所生活介護】千葉県　鎌ケ谷市　道野辺　214-4", "url2": "https://www.kaigokensaku.mhlw.go.jp/12/index.php?action_kouhyou_detail_004_kani=true&JigyosyoCd=1272900075-00&ServiceCd=210&Type=search" }, "geometry": { "type": "Point", "coordinates": [ 139.989595799999961, 35.7531881 ] } },
{ "type": "Feature", "properties": { "内容": "特別養護老人ホームあかりユニット型【短期入所生活介護】千葉県鎌ケ谷市鎌ヶ谷7-13-33", "url2": "https://www.kaigokensaku.mhlw.go.jp/12/index.php?action_kouhyou_detail_004_kani=true&JigyosyoCd=1272901719-00&ServiceCd=210&Type=search" }, "geometry": { "type": "Point", "coordinates": [ 140.0090576, 35.748972400000014 ] } },
{ "type": "Feature", "properties": { "内容": "ショートステイ　初富の里２【短期入所生活介護】千葉県鎌ヶ谷市東初富一丁目4番3号", "url2": "https://www.kaigokensaku.mhlw.go.jp/12/index.php?action_kouhyou_detail_004_kani=true&JigyosyoCd=1272900935-00&ServiceCd=210&Type=search" }, "geometry": { "type": "Point", "coordinates": [ 140.012308699999949, 35.7730258 ] } },
{ "type": "Feature", "properties": { "内容": "ショートステイ　初富の里　１【短期入所生活介護】千葉県鎌ヶ谷市東初富一丁目４番３号", "url2": "https://www.kaigokensaku.mhlw.go.jp/12/index.php?action_kouhyou_detail_004_kani=true&JigyosyoCd=1272900943-00&ServiceCd=210&Type=search" }, "geometry": { "type": "Point", "coordinates": [ 140.012308699999949, 35.7730258 ] } },
{ "type": "Feature", "properties": { "内容": "特別養護老人ホームあかり従来型【短期入所生活介護】千葉県鎌ヶ谷市鎌ヶ谷7-13-33", "url2": "https://www.kaigokensaku.mhlw.go.jp/12/index.php?action_kouhyou_detail_004_kani=true&JigyosyoCd=1272901776-00&ServiceCd=210&Type=search" }, "geometry": { "type": "Point", "coordinates": [ 140.0090576, 35.7489724 ] } },
{ "type": "Feature", "properties": { "内容": "くぬぎ山ショートステイわかば【短期入所生活介護】千葉県鎌ケ谷市初富35番地4", "url2": "https://www.kaigokensaku.mhlw.go.jp/12/index.php?action_kouhyou_detail_004_kani=true&JigyosyoCd=1272901438-00&ServiceCd=210&Type=search" }, "geometry": { "type": "Point", "coordinates": [ 139.980109099999936, 35.779241 ] } },
{ "type": "Feature", "properties": { "内容": "くぬぎ山空床利用型ショートステイわかば(ユニット型)【短期入所生活介護】千葉県鎌ケ谷市初富35番地4", "url2": "https://www.kaigokensaku.mhlw.go.jp/12/index.php?action_kouhyou_detail_004_kani=true&JigyosyoCd=1272902493-00&ServiceCd=210&Type=search" }, "geometry": { "type": "Point", "coordinates": [ 139.979773699999981, 35.7791986 ] } },
{ "type": "Feature", "properties": { "内容": "特別養護老人ホーム　幸豊苑【短期入所生活介護】千葉県鎌ケ谷市粟野225-1", "url2": "https://www.kaigokensaku.mhlw.go.jp/12/index.php?action_kouhyou_detail_004_kani=true&JigyosyoCd=1272900539-00&ServiceCd=210&Type=search" }, "geometry": { "type": "Point", "coordinates": [ 139.99767369999995, 35.7837632 ] } },
{ "type": "Feature", "properties": { "内容": "ショートステイアウル鎌ケ谷【短期入所生活介護】千葉県鎌ケ谷市佐津間字568", "url2": "https://www.kaigokensaku.mhlw.go.jp/12/index.php?action_kouhyou_detail_004_kani=true&JigyosyoCd=1272902162-00&ServiceCd=210&Type=search" }, "geometry": { "type": "Point", "coordinates": [ 140.0051651, 35.795197 ] } },
{ "type": "Feature", "properties": { "内容": "ショートステイさつまの里１【短期入所生活介護】千葉県鎌ケ谷市佐津間989番地1", "url2": "https://www.kaigokensaku.mhlw.go.jp/12/index.php?action_kouhyou_detail_004_kani=true&JigyosyoCd=1272901263-00&ServiceCd=210&Type=search" }, "geometry": { "type": "Point", "coordinates": [ 140.005647, 35.8026892 ] } },
{ "type": "Feature", "properties": { "内容": "ショートステイさつまの里2【短期入所生活介護】千葉県鎌ケ谷市佐津間989番地1", "url2": "https://www.kaigokensaku.mhlw.go.jp/12/index.php?action_kouhyou_detail_004_kani=true&JigyosyoCd=1272901271-00&ServiceCd=210&Type=search" }, "geometry": { "type": "Point", "coordinates": [ 140.005647, 35.8026892 ] } },
{ "type": "Feature", "properties": { "内容": "居宅サービス事業所上総園【短期入所生活介護】千葉県君津市広岡３７５番地", "url2": "https://www.kaigokensaku.mhlw.go.jp/12/index.php?action_kouhyou_detail_004_kani=true&JigyosyoCd=1273000115-00&ServiceCd=210&Type=search" }, "geometry": { "type": "Point", "coordinates": [ 140.0550409, 35.2519737 ] } },
{ "type": "Feature", "properties": { "内容": "やすらぎの里・尾車【短期入所生活介護】千葉県君津市尾車６１９－１", "url2": "https://www.kaigokensaku.mhlw.go.jp/12/index.php?action_kouhyou_detail_004_kani=true&JigyosyoCd=1273001428-00&ServiceCd=210&Type=search" }, "geometry": { "type": "Point", "coordinates": [ 139.944022547116276, 35.28186992366453 ] } },
{ "type": "Feature", "properties": { "内容": "ショートステイ山の手フラワーヒル【短期入所生活介護】千葉県君津市大山野８７５番地", "url2": "https://www.kaigokensaku.mhlw.go.jp/12/index.php?action_kouhyou_detail_004_kani=true&JigyosyoCd=1273000057-00&ServiceCd=210&Type=search" }, "geometry": { "type": "Point", "coordinates": [ 139.930853800000023, 35.2816239 ] } },
{ "type": "Feature", "properties": { "内容": "特別養護老人ホーム山の手フラワーヒル（ユニット）【短期入所生活介護】千葉県君津市大山野８７５番地", "url2": "https://www.kaigokensaku.mhlw.go.jp/12/index.php?action_kouhyou_detail_004_kani=true&JigyosyoCd=1273001261-00&ServiceCd=210&Type=search" }, "geometry": { "type": "Point", "coordinates": [ 139.9308031, 35.2815402 ] } },
{ "type": "Feature", "properties": { "内容": "短期入所生活介護夢の郷【短期入所生活介護】千葉県君津市杉谷3-1", "url2": "https://www.kaigokensaku.mhlw.go.jp/12/index.php?action_kouhyou_detail_004_kani=true&JigyosyoCd=1273001303-00&ServiceCd=210&Type=search" }, "geometry": { "type": "Point", "coordinates": [ 139.911787600000025, 35.311425 ] } },
{ "type": "Feature", "properties": { "内容": "短期入所生活介護つばさ【短期入所生活介護】千葉県君津市貞元５１０", "url2": "https://www.kaigokensaku.mhlw.go.jp/12/index.php?action_kouhyou_detail_004_kani=true&JigyosyoCd=1273000917-00&ServiceCd=210&Type=search" }, "geometry": { "type": "Point", "coordinates": [ 139.9112821, 35.3121805 ] } },
{ "type": "Feature", "properties": { "内容": "ウィステリア八重原短期入所生活介護事業所【短期入所生活介護】千葉県君津市八重原１７２番２７５", "url2": "https://www.kaigokensaku.mhlw.go.jp/12/index.php?action_kouhyou_detail_004_kani=true&JigyosyoCd=1273001287-00&ServiceCd=210&Type=search" }, "geometry": { "type": "Point", "coordinates": [ 139.93620551111448, 35.327776430099284 ] } },
{ "type": "Feature", "properties": { "内容": "玄々堂亀田の郷　ショートステイ【短期入所生活介護】千葉県富津市亀田４４５番地１特別養護老人ホーム　玄々堂亀田の郷", "url2": "https://www.kaigokensaku.mhlw.go.jp/12/index.php?action_kouhyou_detail_004_kani=true&JigyosyoCd=1273101111-00&ServiceCd=210&Type=search" }, "geometry": { "type": "Point", "coordinates": [ 139.877892100000054, 35.2612849 ] } },
{ "type": "Feature", "properties": { "内容": "望みの門ショートステイサービス【短期入所生活介護】千葉県富津市富津617-14", "url2": "https://www.kaigokensaku.mhlw.go.jp/12/index.php?action_kouhyou_detail_004_kani=true&JigyosyoCd=1273100196-00&ServiceCd=210&Type=search" }, "geometry": { "type": "Point", "coordinates": [ 139.825934500000017, 35.3076414 ] } },
{ "type": "Feature", "properties": { "内容": "サテライト特養やまぶき苑【短期入所生活介護】千葉県富津市豊岡1434番地1", "url2": "https://www.kaigokensaku.mhlw.go.jp/12/index.php?action_kouhyou_detail_004_kani=true&JigyosyoCd=1273100931-00&ServiceCd=210&Type=search" }, "geometry": { "type": "Point", "coordinates": [ 139.955055899999934, 35.1871935 ] } },
{ "type": "Feature", "properties": { "内容": "特別養護老人ホーム望みの門富士見の里（ユニット型）【短期入所生活介護】千葉県富津市湊７０１", "url2": "https://www.kaigokensaku.mhlw.go.jp/12/index.php?action_kouhyou_detail_004_kani=true&JigyosyoCd=1273100832-00&ServiceCd=210&Type=search" }, "geometry": { "type": "Point", "coordinates": [ 139.874318300000027, 35.2214384 ] } },
{ "type": "Feature", "properties": { "内容": "特別養護老人ホーム望みの門富士見の里（短期入所）【短期入所生活介護】千葉県富津市湊701", "url2": "https://www.kaigokensaku.mhlw.go.jp/12/index.php?action_kouhyou_detail_004_kani=true&JigyosyoCd=1273100808-00&ServiceCd=210&Type=search" }, "geometry": { "type": "Point", "coordinates": [ 139.874318300000027, 35.2214384 ] } },
{ "type": "Feature", "properties": { "内容": "特別養護老人ホーム　やまぶき苑【短期入所生活介護】千葉県富津市豊岡１７６８番地", "url2": "https://www.kaigokensaku.mhlw.go.jp/12/index.php?action_kouhyou_detail_004_kani=true&JigyosyoCd=1273100493-00&ServiceCd=210&Type=search" }, "geometry": { "type": "Point", "coordinates": [ 139.9565169, 35.1881934 ] } },
{ "type": "Feature", "properties": { "内容": "ショートスティサービス金谷の里【短期入所生活介護】千葉県富津市金谷1912番地2", "url2": "https://www.kaigokensaku.mhlw.go.jp/12/index.php?action_kouhyou_detail_004_kani=true&JigyosyoCd=1273100113-00&ServiceCd=210&Type=search" }, "geometry": { "type": "Point", "coordinates": [ 139.824165300000033, 35.175946800000034 ] } },
{ "type": "Feature", "properties": { "内容": "つつじ苑短期入所生活介護事業所【短期入所生活介護】千葉県富津市上飯野1426番3", "url2": "https://www.kaigokensaku.mhlw.go.jp/12/index.php?action_kouhyou_detail_004_kani=true&JigyosyoCd=1273100071-00&ServiceCd=210&Type=search" }, "geometry": { "type": "Point", "coordinates": [ 139.867300300000011, 35.315016 ] } },
{ "type": "Feature", "properties": { "内容": "ショートステイわとなーる浦安【短期入所生活介護】千葉県浦安市富士見３丁目２３－１６特別養護老人ホームわとなーる浦安内", "url2": "https://www.kaigokensaku.mhlw.go.jp/12/index.php?action_kouhyou_detail_004_kani=true&JigyosyoCd=1273200947-00&ServiceCd=210&Type=search" }, "geometry": { "type": "Point", "coordinates": [ 139.885980099999983, 35.645875600000011 ] } },
{ "type": "Feature", "properties": { "内容": "うらやす和楽苑（ユニット型）【短期入所生活介護】千葉県浦安市当代島2-14-2", "url2": "https://www.kaigokensaku.mhlw.go.jp/12/index.php?action_kouhyou_detail_004_kani=true&JigyosyoCd=1273201085-00&ServiceCd=210&Type=search" }, "geometry": { "type": "Point", "coordinates": [ 139.889812399999983, 35.6704151 ] } },
{ "type": "Feature", "properties": { "内容": "うらやす和楽苑（従来型）【短期入所生活介護】千葉県浦安市当代島2-14-2", "url2": "https://www.kaigokensaku.mhlw.go.jp/12/index.php?action_kouhyou_detail_004_kani=true&JigyosyoCd=1273201093-00&ServiceCd=210&Type=search" }, "geometry": { "type": "Point", "coordinates": [ 139.889812399999983, 35.6704151 ] } },
{ "type": "Feature", "properties": { "内容": "地域密着型特別養護老人ホーム清風荘うらやす【短期入所生活介護】千葉県浦安市堀江６丁目８－３３", "url2": "https://www.kaigokensaku.mhlw.go.jp/12/index.php?action_kouhyou_detail_004_kani=true&JigyosyoCd=1273200996-00&ServiceCd=210&Type=search" }, "geometry": { "type": "Point", "coordinates": [ 139.897073399999954, 35.6529724 ] } },
{ "type": "Feature", "properties": { "内容": "浦安市特別養護老人ホーム【短期入所生活介護】千葉県浦安市高洲９－３－１", "url2": "https://www.kaigokensaku.mhlw.go.jp/12/index.php?action_kouhyou_detail_004_kani=true&JigyosyoCd=1273200129-00&ServiceCd=210&Type=search" }, "geometry": { "type": "Point", "coordinates": [ 139.919375, 35.6310028 ] } },
{ "type": "Feature", "properties": { "内容": "浦安愛光園【短期入所生活介護】千葉県浦安市高洲九丁目3番2号", "url2": "https://www.kaigokensaku.mhlw.go.jp/12/index.php?action_kouhyou_detail_004_kani=true&JigyosyoCd=1273200681-00&ServiceCd=210&Type=search" }, "geometry": { "type": "Point", "coordinates": [ 139.918790899999976, 35.6315822 ] } },
{ "type": "Feature", "properties": { "内容": "浦安市特別養護老人ホーム（ユニット型）【短期入所生活介護】千葉県浦安市高洲9-3-1", "url2": "https://www.kaigokensaku.mhlw.go.jp/12/index.php?action_kouhyou_detail_004_kani=true&JigyosyoCd=1273201051-00&ServiceCd=210&Type=search" }, "geometry": { "type": "Point", "coordinates": [ 139.919375, 35.6310028 ] } },
{ "type": "Feature", "properties": { "内容": "ショートステイ四街道陽光園（空床）【短期入所生活介護】千葉県四街道市鹿放ケ丘291－4", "url2": "https://www.kaigokensaku.mhlw.go.jp/12/index.php?action_kouhyou_detail_004_kani=true&JigyosyoCd=1273301844-00&ServiceCd=210&Type=search" }, "geometry": { "type": "Point", "coordinates": [ 140.1476855, 35.6763682 ] } },
{ "type": "Feature", "properties": { "内容": "特別養護老人ホームあさひ園【短期入所生活介護】千葉県四街道市山梨字東根柄内1488番1", "url2": "https://www.kaigokensaku.mhlw.go.jp/12/index.php?action_kouhyou_detail_004_kani=true&JigyosyoCd=1273300093-00&ServiceCd=210&Type=search" }, "geometry": { "type": "Point", "coordinates": [ 140.196120900000011, 35.6753378 ] } },
{ "type": "Feature", "properties": { "内容": "あすみの丘ショートステイ【短期入所生活介護】千葉県四街道市大日１６２３－１", "url2": "https://www.kaigokensaku.mhlw.go.jp/12/index.php?action_kouhyou_detail_004_kani=true&JigyosyoCd=1273300168-00&ServiceCd=210&Type=search" }, "geometry": { "type": "Point", "coordinates": [ 140.166353599999979, 35.69069630000002 ] } },
{ "type": "Feature", "properties": { "内容": "あすみの丘ショートステイ（ユニット型）【短期入所生活介護】千葉県四街道市大日１６２３番地１", "url2": "https://www.kaigokensaku.mhlw.go.jp/12/index.php?action_kouhyou_detail_004_kani=true&JigyosyoCd=1273301075-00&ServiceCd=210&Type=search" }, "geometry": { "type": "Point", "coordinates": [ 140.166353599999979, 35.69069630000002 ] } },
{ "type": "Feature", "properties": { "内容": "ショートステイからたち【短期入所生活介護】千葉県四街道市大日595-1", "url2": "https://www.kaigokensaku.mhlw.go.jp/12/index.php?action_kouhyou_detail_004_kani=true&JigyosyoCd=1273301646-00&ServiceCd=210&Type=search" }, "geometry": { "type": "Point", "coordinates": [ 140.1665396, 35.680986400000016 ] } },
{ "type": "Feature", "properties": { "内容": "まごころ館四街道（ユニット）【短期入所生活介護】千葉県四街道市中台498-1", "url2": "https://www.kaigokensaku.mhlw.go.jp/12/index.php?action_kouhyou_detail_004_kani=true&JigyosyoCd=1273300879-00&ServiceCd=210&Type=search" }, "geometry": { "type": "Point", "coordinates": [ 140.208991500000025, 35.657611 ] } },
{ "type": "Feature", "properties": { "内容": "まごころ館四街道【短期入所生活介護】千葉県四街道市中台498-1", "url2": "https://www.kaigokensaku.mhlw.go.jp/12/index.php?action_kouhyou_detail_004_kani=true&JigyosyoCd=1273300861-00&ServiceCd=210&Type=search" }, "geometry": { "type": "Point", "coordinates": [ 140.208962899999989, 35.6575561 ] } },
{ "type": "Feature", "properties": { "内容": "短期入所施設リバーサイド【短期入所生活介護】千葉県四街道市小名木101-9", "url2": "https://www.kaigokensaku.mhlw.go.jp/12/index.php?action_kouhyou_detail_004_kani=true&JigyosyoCd=1273300994-00&ServiceCd=210&Type=search" }, "geometry": { "type": "Point", "coordinates": [ 140.185558899999933, 35.6577216 ] } },
{ "type": "Feature", "properties": { "内容": "特別養護老人ホーム四街道苑【短期入所生活介護】千葉県四街道市鹿放ヶ丘593-3", "url2": "https://www.kaigokensaku.mhlw.go.jp/12/index.php?action_kouhyou_detail_004_kani=true&JigyosyoCd=1273301190-00&ServiceCd=210&Type=search" }, "geometry": { "type": "Point", "coordinates": [ 140.151761500000021, 35.6861545 ] } },
{ "type": "Feature", "properties": { "内容": "特別養護老人ホーム蔵波　短期入所生活介護【短期入所生活介護】千葉県袖ケ浦市蔵波3037番地１", "url2": "https://www.kaigokensaku.mhlw.go.jp/12/index.php?action_kouhyou_detail_004_kani=true&JigyosyoCd=1273400935-00&ServiceCd=210&Type=search" }, "geometry": { "type": "Point", "coordinates": [ 140.011315244844042, 35.43459694051856 ] } },
{ "type": "Feature", "properties": { "内容": "特別養護老人ホームみどりの丘【短期入所生活介護】千葉県袖ケ浦市下泉1424番3", "url2": "https://www.kaigokensaku.mhlw.go.jp/12/index.php?action_kouhyou_detail_004_kani=true&JigyosyoCd=1273400695-00&ServiceCd=210&Type=search" }, "geometry": { "type": "Point", "coordinates": [ 140.0345165, 35.421080600000018 ] } },
{ "type": "Feature", "properties": { "内容": "ショートステイみどりの樹【短期入所生活介護】千葉県袖ケ浦市下泉1426番地特別養護老人ホームみどりの樹", "url2": "https://www.kaigokensaku.mhlw.go.jp/12/index.php?action_kouhyou_detail_004_kani=true&JigyosyoCd=1273400869-00&ServiceCd=210&Type=search" }, "geometry": { "type": "Point", "coordinates": [ 140.034535868786634, 35.420974240811766 ] } },
{ "type": "Feature", "properties": { "内容": "瑞穂特養ホームショートステイ【短期入所生活介護】千葉県袖ケ浦市野里1452-4", "url2": "https://www.kaigokensaku.mhlw.go.jp/12/index.php?action_kouhyou_detail_004_kani=true&JigyosyoCd=1273400489-00&ServiceCd=210&Type=search" }, "geometry": { "type": "Point", "coordinates": [ 140.051170599999978, 35.401805 ] } },
{ "type": "Feature", "properties": { "内容": "ショートステイサービスサニーヒル【短期入所生活介護】千葉県袖ケ浦市久保田857-9", "url2": "https://www.kaigokensaku.mhlw.go.jp/12/index.php?action_kouhyou_detail_004_kani=true&JigyosyoCd=1273400117-00&ServiceCd=210&Type=search" }, "geometry": { "type": "Point", "coordinates": [ 140.009663300000057, 35.4449489 ] } },
{ "type": "Feature", "properties": { "内容": "特別養護老人ホームサニーヒルユニット【短期入所生活介護】千葉県袖ケ浦市久保田８５７－９特別養護老人ホームサニーヒル", "url2": "https://www.kaigokensaku.mhlw.go.jp/12/index.php?action_kouhyou_detail_004_kani=true&JigyosyoCd=1273400745-00&ServiceCd=210&Type=search" }, "geometry": { "type": "Point", "coordinates": [ 140.009662599999956, 35.4449568 ] } },
{ "type": "Feature", "properties": { "内容": "ショートステイサービス和心苑【短期入所生活介護】千葉県袖ヶ浦市神納2840-1", "url2": "https://www.kaigokensaku.mhlw.go.jp/12/index.php?action_kouhyou_detail_004_kani=true&JigyosyoCd=1273400687-00&ServiceCd=210&Type=search" }, "geometry": { "type": "Point", "coordinates": [ 139.97856360000003, 35.4280945 ] } },
{ "type": "Feature", "properties": { "内容": "ちいたの平川【短期入所生活介護】千葉県袖ケ浦市百目木157-1ちいたの平川", "url2": "https://www.kaigokensaku.mhlw.go.jp/12/index.php?action_kouhyou_detail_004_kani=true&JigyosyoCd=1283400032-00&ServiceCd=210&Type=search" }, "geometry": { "type": "Point", "coordinates": [ 140.0354723, 35.3819136 ] } },
{ "type": "Feature", "properties": { "内容": "メディケアーならわ【短期入所生活介護】千葉県袖ヶ浦市奈良輪535-1", "url2": "https://www.kaigokensaku.mhlw.go.jp/12/index.php?action_kouhyou_detail_004_kani=true&JigyosyoCd=1273400604-00&ServiceCd=210&Type=search" }, "geometry": { "type": "Point", "coordinates": [ 139.9652734, 35.4347518 ] } },
{ "type": "Feature", "properties": { "内容": "袖ケ浦菜の花苑短期入所生活介護事業所【短期入所生活介護】千葉県袖ケ浦市神納4181番20", "url2": "https://www.kaigokensaku.mhlw.go.jp/12/index.php?action_kouhyou_detail_004_kani=true&JigyosyoCd=1273400133-00&ServiceCd=210&Type=search" }, "geometry": { "type": "Point", "coordinates": [ 139.990217700000017, 35.4378321 ] } },
{ "type": "Feature", "properties": { "内容": "ショートステイわらく【短期入所生活介護】千葉県袖ケ浦市上泉1308", "url2": "https://www.kaigokensaku.mhlw.go.jp/12/index.php?action_kouhyou_detail_004_kani=true&JigyosyoCd=1273400729-00&ServiceCd=210&Type=search" }, "geometry": { "type": "Point", "coordinates": [ 140.047904199999948, 35.4086209 ] } },
{ "type": "Feature", "properties": { "内容": "ショートステイみどりの風【短期入所生活介護】千葉県袖ケ浦市下泉1425番地", "url2": "https://www.kaigokensaku.mhlw.go.jp/12/index.php?action_kouhyou_detail_004_kani=true&JigyosyoCd=1273400901-00&ServiceCd=210&Type=search" }, "geometry": { "type": "Point", "coordinates": [ 140.0347554, 35.4214667 ] } },
{ "type": "Feature", "properties": { "内容": "ちいたの福王台【短期入所生活介護】千葉県袖ケ浦市坂戸市場66-1", "url2": "https://www.kaigokensaku.mhlw.go.jp/12/index.php?action_kouhyou_detail_004_kani=true&JigyosyoCd=1283400024-00&ServiceCd=210&Type=search" }, "geometry": { "type": "Point", "coordinates": [ 139.952190699999989, 35.4286476 ] } },
{ "type": "Feature", "properties": { "内容": "特別養護老人ホームハーモニー短期入所生活介護事業所【短期入所生活介護】千葉県八街市文違73番地2", "url2": "https://www.kaigokensaku.mhlw.go.jp/12/index.php?action_kouhyou_detail_004_kani=true&JigyosyoCd=1273500627-00&ServiceCd=210&Type=search" }, "geometry": { "type": "Point", "coordinates": [ 140.319898100000046, 35.6837348 ] } },
{ "type": "Feature", "properties": { "内容": "短期入所生活介護施設コート・エミナース【短期入所生活介護】千葉県八街市滝台739-2", "url2": "https://www.kaigokensaku.mhlw.go.jp/12/index.php?action_kouhyou_detail_004_kani=true&JigyosyoCd=1273500056-00&ServiceCd=210&Type=search" }, "geometry": { "type": "Point", "coordinates": [ 140.317742800000019, 35.5983826 ] } },
{ "type": "Feature", "properties": { "内容": "生活クラブ風の村特養ホーム八街【短期入所生活介護】千葉県八街市東吉田912番地８", "url2": "https://www.kaigokensaku.mhlw.go.jp/12/index.php?action_kouhyou_detail_004_kani=true&JigyosyoCd=1273500148-00&ServiceCd=210&Type=search" }, "geometry": { "type": "Point", "coordinates": [ 140.2925488, 35.6389048 ] } },
{ "type": "Feature", "properties": { "内容": "特別養護老人ホームコート・エミナース（ユニット型）【短期入所生活介護】千葉県八街市滝台739-2", "url2": "https://www.kaigokensaku.mhlw.go.jp/12/index.php?action_kouhyou_detail_004_kani=true&JigyosyoCd=1273501427-00&ServiceCd=210&Type=search" }, "geometry": { "type": "Point", "coordinates": [ 140.3177325, 35.598413 ] } },
{ "type": "Feature", "properties": { "内容": "特別養護老人ホーム　空　（ユニット型）【短期入所生活介護】千葉県八街市八街ほ２０８-２３", "url2": "https://www.kaigokensaku.mhlw.go.jp/12/index.php?action_kouhyou_detail_004_kani=true&JigyosyoCd=1273500965-00&ServiceCd=210&Type=search" }, "geometry": { "type": "Point", "coordinates": [ 140.3071506, 35.670001200000023 ] } },
{ "type": "Feature", "properties": { "内容": "特別養護老人ホーム　空（従来型）短期入所生活介護【短期入所生活介護】千葉県八街市八街ほ208-23", "url2": "https://www.kaigokensaku.mhlw.go.jp/12/index.php?action_kouhyou_detail_004_kani=true&JigyosyoCd=1273500957-00&ServiceCd=210&Type=search" }, "geometry": { "type": "Point", "coordinates": [ 140.3074675, 35.6700678 ] } },
{ "type": "Feature", "properties": { "内容": "老人短期入所事業ひだまりの里【短期入所生活介護】千葉県八街市八街は2-339", "url2": "https://www.kaigokensaku.mhlw.go.jp/12/index.php?action_kouhyou_detail_004_kani=true&JigyosyoCd=1273501419-00&ServiceCd=210&Type=search" }, "geometry": { "type": "Point", "coordinates": [ 140.2944392, 35.6982181 ] } },
{ "type": "Feature", "properties": { "内容": "ショートステイゆかり八街西林【短期入所生活介護】千葉県八街市八街ろ113番地3", "url2": "https://www.kaigokensaku.mhlw.go.jp/12/index.php?action_kouhyou_detail_004_kani=true&JigyosyoCd=1273501229-00&ServiceCd=210&Type=search" }, "geometry": { "type": "Point", "coordinates": [ 140.281851299999971, 35.6603383 ] } },
{ "type": "Feature", "properties": { "内容": "ショートステイ印西【短期入所生活介護】千葉県印西市草深225-5", "url2": "https://www.kaigokensaku.mhlw.go.jp/12/index.php?action_kouhyou_detail_004_kani=true&JigyosyoCd=1273600765-00&ServiceCd=210&Type=search" }, "geometry": { "type": "Point", "coordinates": [ 140.150700420901558, 35.792542055578807 ] } },
{ "type": "Feature", "properties": { "内容": "印西舞姫ケアセンターそよ風【短期入所生活介護】千葉県印西市舞姫1－1－25", "url2": "https://www.kaigokensaku.mhlw.go.jp/12/index.php?action_kouhyou_detail_004_kani=true&JigyosyoCd=1273601094-00&ServiceCd=210&Type=search" }, "geometry": { "type": "Point", "coordinates": [ 140.202951729297638, 35.786721564582955 ] } },
{ "type": "Feature", "properties": { "内容": "特別養護老人ホームみどり荘　ユニット型【短期入所生活介護】千葉県印西市竜腹寺342番2", "url2": "https://www.kaigokensaku.mhlw.go.jp/12/index.php?action_kouhyou_detail_004_kani=true&JigyosyoCd=1273600914-00&ServiceCd=210&Type=search" }, "geometry": { "type": "Point", "coordinates": [ 140.180678100000023, 35.8028174 ] } },
{ "type": "Feature", "properties": { "内容": "特別養護老人ホームみどり荘　短期入所生活介護事業所【短期入所生活介護】千葉県印西市竜腹寺３４２－２", "url2": "https://www.kaigokensaku.mhlw.go.jp/12/index.php?action_kouhyou_detail_004_kani=true&JigyosyoCd=1273600120-00&ServiceCd=210&Type=search" }, "geometry": { "type": "Point", "coordinates": [ 140.178001454017362, 35.804541398608109 ] } },
{ "type": "Feature", "properties": { "内容": "印旛晴山苑ショートステイサービス【短期入所生活介護】千葉県印西市大廻１８７番地", "url2": "https://www.kaigokensaku.mhlw.go.jp/12/index.php?action_kouhyou_detail_004_kani=true&JigyosyoCd=1274100112-00&ServiceCd=210&Type=search" }, "geometry": { "type": "Point", "coordinates": [ 140.178649800000017, 35.7784726 ] } },
{ "type": "Feature", "properties": { "内容": "特別養護老人ホームアマポーラ【短期入所生活介護】千葉県印西市内野1-7-1アマポーラ", "url2": "https://www.kaigokensaku.mhlw.go.jp/12/index.php?action_kouhyou_detail_004_kani=true&JigyosyoCd=1273601078-00&ServiceCd=210&Type=search" }, "geometry": { "type": "Point", "coordinates": [ 140.127143100000012, 35.7968595 ] } },
{ "type": "Feature", "properties": { "内容": "プレーゲ本埜短期入所生活介護事業所【短期入所生活介護】千葉県印西市笠神1620", "url2": "https://www.kaigokensaku.mhlw.go.jp/12/index.php?action_kouhyou_detail_004_kani=true&JigyosyoCd=1274300043-00&ServiceCd=210&Type=search" }, "geometry": { "type": "Point", "coordinates": [ 140.209765800000014, 35.8267982 ] } },
{ "type": "Feature", "properties": { "内容": "介護老人福祉施設　ハートヴィレッヂ【短期入所生活介護】千葉県印西市武西1269-1", "url2": "https://www.kaigokensaku.mhlw.go.jp/12/index.php?action_kouhyou_detail_004_kani=true&JigyosyoCd=1273600302-00&ServiceCd=210&Type=search" }, "geometry": { "type": "Point", "coordinates": [ 140.1096437, 35.7891622 ] } },
{ "type": "Feature", "properties": { "内容": "介護老人福祉施設ハートヴィレッヂⅡ【短期入所生活介護】千葉県印西市武西1269番1", "url2": "https://www.kaigokensaku.mhlw.go.jp/12/index.php?action_kouhyou_detail_004_kani=true&JigyosyoCd=1273600625-00&ServiceCd=210&Type=search" }, "geometry": { "type": "Point", "coordinates": [ 140.1096437, 35.7891622 ] } },
{ "type": "Feature", "properties": { "内容": "短期入所生活介護事業所ハートヴィレッヂ【短期入所生活介護】千葉県印西市武西1269-1", "url2": "https://www.kaigokensaku.mhlw.go.jp/12/index.php?action_kouhyou_detail_004_kani=true&JigyosyoCd=1273600310-00&ServiceCd=210&Type=search" }, "geometry": { "type": "Point", "coordinates": [ 140.1096437, 35.7891622 ] } },
{ "type": "Feature", "properties": { "内容": "特別養護老人ホーム　サクラビア印西【短期入所生活介護】千葉県印西市草深1161", "url2": "https://www.kaigokensaku.mhlw.go.jp/12/index.php?action_kouhyou_detail_004_kani=true&JigyosyoCd=1273600989-00&ServiceCd=210&Type=search" }, "geometry": { "type": "Point", "coordinates": [ 140.132093858538809, 35.80274394105826 ] } },
{ "type": "Feature", "properties": { "内容": "特別養護老人ホームさつきの里（従来型空床ショートステイ）【短期入所生活介護】千葉県白井市笹塚3-25-1", "url2": "https://www.kaigokensaku.mhlw.go.jp/12/index.php?action_kouhyou_detail_004_kani=true&JigyosyoCd=1274200680-00&ServiceCd=210&Type=search" }, "geometry": { "type": "Point", "coordinates": [ 140.0544262, 35.7900949 ] } },
{ "type": "Feature", "properties": { "内容": "特別養護老人ホームさつきの里ショートステイサービス【短期入所生活介護】千葉県白井市笹塚3-25-1", "url2": "https://www.kaigokensaku.mhlw.go.jp/12/index.php?action_kouhyou_detail_004_kani=true&JigyosyoCd=1274200706-00&ServiceCd=210&Type=search" }, "geometry": { "type": "Point", "coordinates": [ 140.054347, 35.789925 ] } },
{ "type": "Feature", "properties": { "内容": "特別養護老人ホーム菊華園(ユニット型）【短期入所生活介護】千葉県白井市神々廻1030番地", "url2": "https://www.kaigokensaku.mhlw.go.jp/12/index.php?action_kouhyou_detail_004_kani=true&JigyosyoCd=1274200599-00&ServiceCd=210&Type=search" }, "geometry": { "type": "Point", "coordinates": [ 140.078580800000026, 35.8001734 ] } },
{ "type": "Feature", "properties": { "内容": "アンスリールショートステイサービス【短期入所生活介護】千葉県白井市神々廻１８８９－２", "url2": "https://www.kaigokensaku.mhlw.go.jp/12/index.php?action_kouhyou_detail_004_kani=true&JigyosyoCd=1274200565-00&ServiceCd=210&Type=search" }, "geometry": { "type": "Point", "coordinates": [ 140.0878791, 35.8077515 ] } },
{ "type": "Feature", "properties": { "内容": "菊華園ショートステイサービス【短期入所生活介護】千葉県白井市神々廻１０３０", "url2": "https://www.kaigokensaku.mhlw.go.jp/12/index.php?action_kouhyou_detail_004_kani=true&JigyosyoCd=1274200078-00&ServiceCd=210&Type=search" }, "geometry": { "type": "Point", "coordinates": [ 140.078816299999971, 35.8000301 ] } },
{ "type": "Feature", "properties": { "内容": "白井ケアセンターそよ風【短期入所生活介護】千葉県白井市西白井２－１０－１７", "url2": "https://www.kaigokensaku.mhlw.go.jp/12/index.php?action_kouhyou_detail_004_kani=true&JigyosyoCd=1274200227-00&ServiceCd=210&Type=search" }, "geometry": { "type": "Point", "coordinates": [ 140.028028, 35.794918 ] } },
{ "type": "Feature", "properties": { "内容": "ショートステイサクラビア【短期入所生活介護】千葉県白井市神々廻１９２７番６", "url2": "https://www.kaigokensaku.mhlw.go.jp/12/index.php?action_kouhyou_detail_004_kani=true&JigyosyoCd=1274200318-00&ServiceCd=210&Type=search" }, "geometry": { "type": "Point", "coordinates": [ 140.082732399999941, 35.8057211 ] } },
{ "type": "Feature", "properties": { "内容": "あずみ苑中沢【短期入所生活介護】千葉県富里市中沢359-32", "url2": "https://www.kaigokensaku.mhlw.go.jp/12/index.php?action_kouhyou_detail_004_kani=true&JigyosyoCd=1274000791-00&ServiceCd=210&Type=search" }, "geometry": { "type": "Point", "coordinates": [ 140.31785, 35.7292872 ] } },
{ "type": "Feature", "properties": { "内容": "ショートステイ九十九荘【短期入所生活介護】千葉県富里市立沢新田192-16", "url2": "https://www.kaigokensaku.mhlw.go.jp/12/index.php?action_kouhyou_detail_004_kani=true&JigyosyoCd=1274000072-00&ServiceCd=210&Type=search" }, "geometry": { "type": "Point", "coordinates": [ 140.341119599999956, 35.7164319 ] } },
{ "type": "Feature", "properties": { "内容": "おもいやりの郷ショートステイ【短期入所生活介護】千葉県南房総市白浜町滝口7216-8", "url2": "https://www.kaigokensaku.mhlw.go.jp/12/index.php?action_kouhyou_detail_004_kani=true&JigyosyoCd=1278100035-00&ServiceCd=210&Type=search" }, "geometry": { "type": "Point", "coordinates": [ 139.880144100000052, 34.904328 ] } },
{ "type": "Feature", "properties": { "内容": "しおのねケアセンター【短期入所生活介護】千葉県南房総市白子2133", "url2": "https://www.kaigokensaku.mhlw.go.jp/12/index.php?action_kouhyou_detail_004_kani=true&JigyosyoCd=1278800451-00&ServiceCd=210&Type=search" }, "geometry": { "type": "Point", "coordinates": [ 139.973815599999966, 35.0040867 ] } },
{ "type": "Feature", "properties": { "内容": "ショートステイ　リブ丸山【短期入所生活介護】千葉県南房総市川谷302-5特別養護老人ホームリブ丸山", "url2": "https://www.kaigokensaku.mhlw.go.jp/12/index.php?action_kouhyou_detail_004_kani=true&JigyosyoCd=1278300049-00&ServiceCd=210&Type=search" }, "geometry": { "type": "Point", "coordinates": [ 139.95917970000005, 35.0583842 ] } },
{ "type": "Feature", "properties": { "内容": "特別養護老人ホームアイリスの里【短期入所生活介護】千葉県南房総市富浦町深名1170番地1", "url2": "https://www.kaigokensaku.mhlw.go.jp/12/index.php?action_kouhyou_detail_004_kani=true&JigyosyoCd=1277700033-00&ServiceCd=210&Type=search" }, "geometry": { "type": "Point", "coordinates": [ 139.851612599999953, 35.0532338 ] } },
{ "type": "Feature", "properties": { "内容": "千倉苑ショートステイ【短期入所生活介護】千葉県南房総市千倉町瀬戸字浜田2712番地24", "url2": "https://www.kaigokensaku.mhlw.go.jp/12/index.php?action_kouhyou_detail_004_kani=true&JigyosyoCd=1278200116-00&ServiceCd=210&Type=search" }, "geometry": { "type": "Point", "coordinates": [ 139.959752, 34.9706424 ] } },
{ "type": "Feature", "properties": { "内容": "三芳光陽園指定短期入所生活介護事業所【短期入所生活介護】千葉県南房総市上堀２８０", "url2": "https://www.kaigokensaku.mhlw.go.jp/12/index.php?action_kouhyou_detail_004_kani=true&JigyosyoCd=1278000045-00&ServiceCd=210&Type=search" }, "geometry": { "type": "Point", "coordinates": [ 139.889051699999982, 35.0302178 ] } },
{ "type": "Feature", "properties": { "内容": "ショートステイサービスセンター「夕凪の郷」【短期入所生活介護】千葉県南房総市久枝257", "url2": "https://www.kaigokensaku.mhlw.go.jp/12/index.php?action_kouhyou_detail_004_kani=true&JigyosyoCd=1278800410-00&ServiceCd=210&Type=search" }, "geometry": { "type": "Point", "coordinates": [ 139.847461800000019, 35.0944532 ] } },
{ "type": "Feature", "properties": { "内容": "ショートステイリブテラス丸山【短期入所生活介護】千葉県南房総市珠師谷542ショートステイリブテラス丸山", "url2": "https://www.kaigokensaku.mhlw.go.jp/12/index.php?action_kouhyou_detail_004_kani=true&JigyosyoCd=1278800022-00&ServiceCd=210&Type=search" }, "geometry": { "type": "Point", "coordinates": [ 139.961882599999967, 35.0441531 ] } },
{ "type": "Feature", "properties": { "内容": "特別養護老人ホーム「伏姫の郷」【短期入所生活介護】千葉県南房総市平久里下字宮崎１１２９－２", "url2": "https://www.kaigokensaku.mhlw.go.jp/12/index.php?action_kouhyou_detail_004_kani=true&JigyosyoCd=1277800072-00&ServiceCd=210&Type=search" }, "geometry": { "type": "Point", "coordinates": [ 139.91356559999997, 35.0964917 ] } },
{ "type": "Feature", "properties": { "内容": "特別養護老人ホーム花の里指定短期入所生活介護事業所【短期入所生活介護】千葉県南房総市和田町松田８０８", "url2": "https://www.kaigokensaku.mhlw.go.jp/12/index.php?action_kouhyou_detail_004_kani=true&JigyosyoCd=1278400039-00&ServiceCd=210&Type=search" }, "geometry": { "type": "Point", "coordinates": [ 139.989325099999974, 35.0263618 ] } },
{ "type": "Feature", "properties": { "内容": "ショートステイサービスシオン【短期入所生活介護】千葉県匝瑳市飯倉95-1", "url2": "https://www.kaigokensaku.mhlw.go.jp/12/index.php?action_kouhyou_detail_004_kani=true&JigyosyoCd=1278700305-00&ServiceCd=210&Type=search" }, "geometry": { "type": "Point", "coordinates": [ 140.516146400000025, 35.694799 ] } },
{ "type": "Feature", "properties": { "内容": "ショートステイサービス松丘園【短期入所生活介護】千葉県匝瑳市飯倉１７番地の１", "url2": "https://www.kaigokensaku.mhlw.go.jp/12/index.php?action_kouhyou_detail_004_kani=true&JigyosyoCd=1271900100-00&ServiceCd=210&Type=search" }, "geometry": { "type": "Point", "coordinates": [ 140.524766399999976, 35.6872605 ] } },
{ "type": "Feature", "properties": { "内容": "短期入所生活介護花園【短期入所生活介護】千葉県匝瑳市野手１９８６番地１", "url2": "https://www.kaigokensaku.mhlw.go.jp/12/index.php?action_kouhyou_detail_004_kani=true&JigyosyoCd=1275700084-00&ServiceCd=210&Type=search" }, "geometry": { "type": "Point", "coordinates": [ 140.5859954, 35.6628422 ] } },
{ "type": "Feature", "properties": { "内容": "太陽の家ショートステイサービス【短期入所生活介護】千葉県匝瑳市春海6387", "url2": "https://www.kaigokensaku.mhlw.go.jp/12/index.php?action_kouhyou_detail_004_kani=true&JigyosyoCd=1278700420-00&ServiceCd=210&Type=search" }, "geometry": { "type": "Point", "coordinates": [ 140.5860092, 35.7334218 ] } },
{ "type": "Feature", "properties": { "内容": "特別養護老人ホームかとりの郷福楽園短期入所生活介護【短期入所生活介護】千葉県香取市内野448-1", "url2": "https://www.kaigokensaku.mhlw.go.jp/12/index.php?action_kouhyou_detail_004_kani=true&JigyosyoCd=1278900624-00&ServiceCd=210&Type=search" }, "geometry": { "type": "Point", "coordinates": [ 140.558442900000045, 35.8530142 ] } },
{ "type": "Feature", "properties": { "内容": "ショートステイサービス東総あやめ苑【短期入所生活介護】千葉県香取市佐原イ１２５７番地１", "url2": "https://www.kaigokensaku.mhlw.go.jp/12/index.php?action_kouhyou_detail_004_kani=true&JigyosyoCd=1271400119-00&ServiceCd=210&Type=search" }, "geometry": { "type": "Point", "coordinates": [ 140.486354003566021, 35.882498475549525 ] } },
{ "type": "Feature", "properties": { "内容": "ショートステイ水都苑【短期入所生活介護】千葉県香取市小見川676-2", "url2": "https://www.kaigokensaku.mhlw.go.jp/12/index.php?action_kouhyou_detail_004_kani=true&JigyosyoCd=1274800034-00&ServiceCd=210&Type=search" }, "geometry": { "type": "Point", "coordinates": [ 140.615419200000019, 35.849510700000017 ] } },
{ "type": "Feature", "properties": { "内容": "ショートステイサービス九十九里ホーム山田【短期入所生活介護】千葉県香取市大角１５４５－１６", "url2": "https://www.kaigokensaku.mhlw.go.jp/12/index.php?action_kouhyou_detail_004_kani=true&JigyosyoCd=1274900099-00&ServiceCd=210&Type=search" }, "geometry": { "type": "Point", "coordinates": [ 140.540463899999963, 35.7793269 ] } },
{ "type": "Feature", "properties": { "内容": "ショートステイ杜の家くりもと【短期入所生活介護】千葉県香取市岩部869番60", "url2": "https://www.kaigokensaku.mhlw.go.jp/12/index.php?action_kouhyou_detail_004_kani=true&JigyosyoCd=1275000055-00&ServiceCd=210&Type=search" }, "geometry": { "type": "Point", "coordinates": [ 140.517096600000059, 35.812619 ] } },
{ "type": "Feature", "properties": { "内容": "ショートステイ杜の家くりもと【短期入所生活介護】千葉県香取市岩部869番60特別養護老人ホーム杜の家くりもと", "url2": "https://www.kaigokensaku.mhlw.go.jp/12/index.php?action_kouhyou_detail_004_kani=true&JigyosyoCd=1278900517-00&ServiceCd=210&Type=search" }, "geometry": { "type": "Point", "coordinates": [ 140.516987970534984, 35.812409102854708 ] } },
{ "type": "Feature", "properties": { "内容": "短期入所生活介護香取の杜中々【短期入所生活介護】千葉県香取市小見川5598-1", "url2": "https://www.kaigokensaku.mhlw.go.jp/12/index.php?action_kouhyou_detail_004_kani=true&JigyosyoCd=1278900103-00&ServiceCd=210&Type=search" }, "geometry": { "type": "Point", "coordinates": [ 140.612055400000031, 35.8623893 ] } },
{ "type": "Feature", "properties": { "内容": "香取市養護老人ホームひまわり苑【短期入所生活介護】千葉県香取市津宮４１０２", "url2": "https://www.kaigokensaku.mhlw.go.jp/12/index.php?action_kouhyou_detail_004_kani=true&JigyosyoCd=1278900244-00&ServiceCd=210&Type=search" }, "geometry": { "type": "Point", "coordinates": [ 140.53763, 35.9024276 ] } },
{ "type": "Feature", "properties": { "内容": "特別養護老人ホーム　かとりの郷福楽園（従来型）【短期入所生活介護】千葉県香取市内野448-1", "url2": "https://www.kaigokensaku.mhlw.go.jp/12/index.php?action_kouhyou_detail_004_kani=true&JigyosyoCd=1278900640-00&ServiceCd=210&Type=search" }, "geometry": { "type": "Point", "coordinates": [ 140.5589845, 35.8523384 ] } },
{ "type": "Feature", "properties": { "内容": "ショートステイサービス海【短期入所生活介護】千葉県山武市蓮沼二5032番地", "url2": "https://www.kaigokensaku.mhlw.go.jp/12/index.php?action_kouhyou_detail_004_kani=true&JigyosyoCd=1276200043-00&ServiceCd=210&Type=search" }, "geometry": { "type": "Point", "coordinates": [ 140.482414699999907, 35.5942591 ] } },
{ "type": "Feature", "properties": { "内容": "ショートステイ成島苑【短期入所生活介護】千葉県山武市成東651-2", "url2": "https://www.kaigokensaku.mhlw.go.jp/12/index.php?action_kouhyou_detail_004_kani=true&JigyosyoCd=1279000408-00&ServiceCd=210&Type=search" }, "geometry": { "type": "Point", "coordinates": [ 140.402247817860399, 35.596835119520058 ] } },
{ "type": "Feature", "properties": { "内容": "短期入所生活介護施設北総長寿苑【短期入所生活介護】千葉県山武市木原８１４番地１", "url2": "https://www.kaigokensaku.mhlw.go.jp/12/index.php?action_kouhyou_detail_004_kani=true&JigyosyoCd=1276100029-00&ServiceCd=210&Type=search" }, "geometry": { "type": "Point", "coordinates": [ 140.3536686, 35.6484536 ] } },
{ "type": "Feature", "properties": { "内容": "桔梗ケ丘シルバーホーム【短期入所生活介護】千葉県山武市松尾町田越756-6", "url2": "https://www.kaigokensaku.mhlw.go.jp/12/index.php?action_kouhyou_detail_004_kani=true&JigyosyoCd=1276300033-00&ServiceCd=210&Type=search" }, "geometry": { "type": "Point", "coordinates": [ 140.44385520000003, 35.63009 ] } },
{ "type": "Feature", "properties": { "内容": "特別養護老人ホームいすみ苑【短期入所生活介護】千葉県いすみ市能実６１５番地", "url2": "https://www.kaigokensaku.mhlw.go.jp/12/index.php?action_kouhyou_detail_004_kani=true&JigyosyoCd=1277300057-00&ServiceCd=210&Type=search" }, "geometry": { "type": "Point", "coordinates": [ 140.306632900000068, 35.3166485 ] } },
{ "type": "Feature", "properties": { "内容": "特別養護老人ホーム　いすみ苑弐号館【短期入所生活介護】千葉県いすみ市能実615", "url2": "https://www.kaigokensaku.mhlw.go.jp/12/index.php?action_kouhyou_detail_004_kani=true&JigyosyoCd=1278600331-00&ServiceCd=210&Type=search" }, "geometry": { "type": "Point", "coordinates": [ 140.306571800000029, 35.3165429 ] } },
{ "type": "Feature", "properties": { "内容": "ショートステイサービス愛恵苑【短期入所生活介護】千葉県いすみ市岬町中滝１６９２－３", "url2": "https://www.kaigokensaku.mhlw.go.jp/12/index.php?action_kouhyou_detail_004_kani=true&JigyosyoCd=1277600100-00&ServiceCd=210&Type=search" }, "geometry": { "type": "Point", "coordinates": [ 140.35657029999993, 35.3020664 ] } },
{ "type": "Feature", "properties": { "内容": "特別養護老人ホーム　シルバーガーデン【短期入所生活介護】千葉県いすみ市新田若山深堀入会地９番地", "url2": "https://www.kaigokensaku.mhlw.go.jp/12/index.php?action_kouhyou_detail_004_kani=true&JigyosyoCd=1277500037-00&ServiceCd=210&Type=search" }, "geometry": { "type": "Point", "coordinates": [ 140.373631700000033, 35.2386601 ] } },
{ "type": "Feature", "properties": { "内容": "ショートステイ　ゆかり国吉【短期入所生活介護】千葉県いすみ市苅谷1283番地1", "url2": "https://www.kaigokensaku.mhlw.go.jp/12/index.php?action_kouhyou_detail_004_kani=true&JigyosyoCd=1278600257-00&ServiceCd=210&Type=search" }, "geometry": { "type": "Point", "coordinates": [ 140.310882900000024, 35.2817968 ] } },
{ "type": "Feature", "properties": { "内容": "ショートステイゆかり大原【短期入所生活介護】千葉県いすみ市大原８７６３ー１", "url2": "https://www.kaigokensaku.mhlw.go.jp/12/index.php?action_kouhyou_detail_004_kani=true&JigyosyoCd=1278600166-00&ServiceCd=210&Type=search" }, "geometry": { "type": "Point", "coordinates": [ 140.389920109262107, 35.252446936255097 ] } },
{ "type": "Feature", "properties": { "内容": "短期入所生活介護茶ノ木台くらぶ【短期入所生活介護】千葉県いすみ市山田6033-3", "url2": "https://www.kaigokensaku.mhlw.go.jp/12/index.php?action_kouhyou_detail_004_kani=true&JigyosyoCd=1278600133-00&ServiceCd=210&Type=search" }, "geometry": { "type": "Point", "coordinates": [ 140.3156993, 35.2473729 ] } },
{ "type": "Feature", "properties": { "内容": "社会福祉法人林声会特別養護老人ホームゆかり岬【短期入所生活介護】千葉県いすみ市岬町押日1508番地3", "url2": "https://www.kaigokensaku.mhlw.go.jp/12/index.php?action_kouhyou_detail_004_kani=true&JigyosyoCd=1278600448-00&ServiceCd=210&Type=search" }, "geometry": { "type": "Point", "coordinates": [ 140.363211099999944, 35.3103711 ] } },
{ "type": "Feature", "properties": { "内容": "ショートステイ杜の街【短期入所生活介護】千葉県大網白里市南飯塚404-14", "url2": "https://www.kaigokensaku.mhlw.go.jp/12/index.php?action_kouhyou_detail_004_kani=true&JigyosyoCd=1275800447-00&ServiceCd=210&Type=search" }, "geometry": { "type": "Point", "coordinates": [ 140.346599800000035, 35.5020196 ] } },
{ "type": "Feature", "properties": { "内容": "ショートステイ北斗【短期入所生活介護】千葉県大網白里市南飯塚277－1", "url2": "https://www.kaigokensaku.mhlw.go.jp/12/index.php?action_kouhyou_detail_004_kani=true&JigyosyoCd=1275800819-00&ServiceCd=210&Type=search" }, "geometry": { "type": "Point", "coordinates": [ 140.344663699999955, 35.5076772 ] } },
{ "type": "Feature", "properties": { "内容": "セントケアショートステイ大網【短期入所生活介護】千葉県大網白里市大網327-2セントケアデイサービス・ショートステイ大網", "url2": "https://www.kaigokensaku.mhlw.go.jp/12/index.php?action_kouhyou_detail_004_kani=true&JigyosyoCd=1279200107-00&ServiceCd=210&Type=search" }, "geometry": { "type": "Point", "coordinates": [ 140.323335376721161, 35.524692402635047 ] } },
{ "type": "Feature", "properties": { "内容": "ショートステイ季美の森（ユニット型）【短期入所生活介護】千葉県大網白里市季美の森南1-30-8", "url2": "https://www.kaigokensaku.mhlw.go.jp/12/index.php?action_kouhyou_detail_004_kani=true&JigyosyoCd=1279200404-00&ServiceCd=210&Type=search" }, "geometry": { "type": "Point", "coordinates": [ 140.292379282664484, 35.553954945621207 ] } },
{ "type": "Feature", "properties": { "内容": "居宅介護支援センターおおあみ緑の里【短期入所生活介護】千葉県大網白里市柿餅268-2", "url2": "https://www.kaigokensaku.mhlw.go.jp/12/index.php?action_kouhyou_detail_004_kani=true&JigyosyoCd=1275800017-00&ServiceCd=210&Type=search" }, "geometry": { "type": "Point", "coordinates": [ 140.351015500000017, 35.516721 ] } },
{ "type": "Feature", "properties": { "内容": "ショートステイ季美の森（従来型）【短期入所生活介護】千葉県大網白里市季美の森南1-30-8", "url2": "https://www.kaigokensaku.mhlw.go.jp/12/index.php?action_kouhyou_detail_004_kani=true&JigyosyoCd=1279200396-00&ServiceCd=210&Type=search" }, "geometry": { "type": "Point", "coordinates": [ 140.292714558791346, 35.553492798803646 ] } },
{ "type": "Feature", "properties": { "内容": "ショートステイサービスエコトピア酒々井【短期入所生活介護】千葉県印旛郡酒々井町本佐倉３５２－２", "url2": "https://www.kaigokensaku.mhlw.go.jp/12/index.php?action_kouhyou_detail_004_kani=true&JigyosyoCd=1273900066-00&ServiceCd=210&Type=search" }, "geometry": { "type": "Point", "coordinates": [ 140.255117199999972, 35.715949 ] } },
{ "type": "Feature", "properties": { "内容": "特別養護老人ホーム　しすいの郷【短期入所生活介護】千葉県印旛郡酒々井町上岩橋1187-1", "url2": "https://www.kaigokensaku.mhlw.go.jp/12/index.php?action_kouhyou_detail_004_kani=true&JigyosyoCd=1273900405-00&ServiceCd=210&Type=search" }, "geometry": { "type": "Point", "coordinates": [ 140.283704099999966, 35.73753270000001 ] } },
{ "type": "Feature", "properties": { "内容": "栄白翠園ショートステイサービス【短期入所生活介護】千葉県印旛郡栄町酒直1335番地", "url2": "https://www.kaigokensaku.mhlw.go.jp/12/index.php?action_kouhyou_detail_004_kani=true&JigyosyoCd=1274400058-00&ServiceCd=210&Type=search" }, "geometry": { "type": "Point", "coordinates": [ 140.2601406, 35.8309716 ] } },
{ "type": "Feature", "properties": { "内容": "ショートステイじょうもんの郷【短期入所生活介護】千葉県香取郡神崎町神崎神宿66-10", "url2": "https://www.kaigokensaku.mhlw.go.jp/12/index.php?action_kouhyou_detail_004_kani=true&JigyosyoCd=1274600061-00&ServiceCd=210&Type=search" }, "geometry": { "type": "Point", "coordinates": [ 140.399815799999942, 35.8966555 ] } },
{ "type": "Feature", "properties": { "内容": "多古特別養護老人ホーム【短期入所生活介護】千葉県香取郡多古町南玉造４６０－３６", "url2": "https://www.kaigokensaku.mhlw.go.jp/12/index.php?action_kouhyou_detail_004_kani=true&JigyosyoCd=1275100012-00&ServiceCd=210&Type=search" }, "geometry": { "type": "Point", "coordinates": [ 140.520536, 35.7556606 ] } },
{ "type": "Feature", "properties": { "内容": "ショートステイサービス藹藹【短期入所生活介護】千葉県香取郡東庄町羽計2189番地13", "url2": "https://www.kaigokensaku.mhlw.go.jp/12/index.php?action_kouhyou_detail_004_kani=true&JigyosyoCd=1275300034-00&ServiceCd=210&Type=search" }, "geometry": { "type": "Point", "coordinates": [ 140.689879099999985, 35.824136 ] } },
{ "type": "Feature", "properties": { "内容": "短期入所施設九十九里園【短期入所生活介護】千葉県山武郡九十九里町粟生1532番1", "url2": "https://www.kaigokensaku.mhlw.go.jp/12/index.php?action_kouhyou_detail_004_kani=true&JigyosyoCd=1275900056-00&ServiceCd=210&Type=search" }, "geometry": { "type": "Point", "coordinates": [ 140.4318816, 35.5252463 ] } },
{ "type": "Feature", "properties": { "内容": "ショートステイ九十九里【短期入所生活介護】千葉県山武郡九十九里町片貝2905", "url2": "https://www.kaigokensaku.mhlw.go.jp/12/index.php?action_kouhyou_detail_004_kani=true&JigyosyoCd=1285900054-00&ServiceCd=210&Type=search" }, "geometry": { "type": "Point", "coordinates": [ 140.4407928, 35.5344918 ] } },
{ "type": "Feature", "properties": { "内容": "ショートステイ芝山苑【短期入所生活介護】千葉県山武郡芝山町山中1337-1", "url2": "https://www.kaigokensaku.mhlw.go.jp/12/index.php?action_kouhyou_detail_004_kani=true&JigyosyoCd=1276500038-00&ServiceCd=210&Type=search" }, "geometry": { "type": "Point", "coordinates": [ 140.433968700000037, 35.7001279 ] } },
{ "type": "Feature", "properties": { "内容": "特別養護老人ホーム　ユニットケア芝山苑【短期入所生活介護】千葉県山武郡芝山町山中1337-1", "url2": "https://www.kaigokensaku.mhlw.go.jp/12/index.php?action_kouhyou_detail_004_kani=true&JigyosyoCd=1276500079-00&ServiceCd=210&Type=search" }, "geometry": { "type": "Point", "coordinates": [ 140.433844099999988, 35.7001991 ] } },
{ "type": "Feature", "properties": { "内容": "高齢者福祉施設三愛短期入所生活介護従来型【短期入所生活介護】千葉県山武郡横芝光町栗山2700", "url2": "https://www.kaigokensaku.mhlw.go.jp/12/index.php?action_kouhyou_detail_004_kani=true&JigyosyoCd=1279100190-00&ServiceCd=210&Type=search" }, "geometry": { "type": "Point", "coordinates": [ 140.495202699999936, 35.6581924 ] } },
{ "type": "Feature", "properties": { "内容": "高齢者福祉施設三愛（ユニット）【短期入所生活介護】千葉県山武郡横芝光町栗山2700", "url2": "https://www.kaigokensaku.mhlw.go.jp/12/index.php?action_kouhyou_detail_004_kani=true&JigyosyoCd=1279100182-00&ServiceCd=210&Type=search" }, "geometry": { "type": "Point", "coordinates": [ 140.4952418, 35.658234 ] } },
{ "type": "Feature", "properties": { "内容": "ショートステイサービスセンター吉祥苑【短期入所生活介護】千葉県山武郡横芝光町寺方780-1", "url2": "https://www.kaigokensaku.mhlw.go.jp/12/index.php?action_kouhyou_detail_004_kani=true&JigyosyoCd=1276400072-00&ServiceCd=210&Type=search" }, "geometry": { "type": "Point", "coordinates": [ 140.461178166209379, 35.676436709715126 ] } },
{ "type": "Feature", "properties": { "内容": "ショートステイサービス第二松丘園【短期入所生活介護】千葉県山武郡横芝光町宮川１２１０３－１", "url2": "https://www.kaigokensaku.mhlw.go.jp/12/index.php?action_kouhyou_detail_004_kani=true&JigyosyoCd=1275600037-00&ServiceCd=210&Type=search" }, "geometry": { "type": "Point", "coordinates": [ 140.503985100000023, 35.6577655 ] } },
{ "type": "Feature", "properties": { "内容": "短期入所生活介護特別養護老人ホーム一宮喜楽園ユニット型【短期入所生活介護】千葉県長生郡一宮町船頭給201", "url2": "https://www.kaigokensaku.mhlw.go.jp/12/index.php?action_kouhyou_detail_004_kani=true&JigyosyoCd=1276600275-00&ServiceCd=210&Type=search" }, "geometry": { "type": "Point", "coordinates": [ 140.3679842, 35.3822874 ] } },
{ "type": "Feature", "properties": { "内容": "短期入所生活介護特別養護老人ホーム一宮喜楽園【短期入所生活介護】千葉県長生郡一宮町船頭給201", "url2": "https://www.kaigokensaku.mhlw.go.jp/12/index.php?action_kouhyou_detail_004_kani=true&JigyosyoCd=1276600267-00&ServiceCd=210&Type=search" }, "geometry": { "type": "Point", "coordinates": [ 140.3679842, 35.3822874 ] } },
{ "type": "Feature", "properties": { "内容": "ショートステイサービス一宮苑【短期入所生活介護】千葉県長生郡一宮町一宮３８９", "url2": "https://www.kaigokensaku.mhlw.go.jp/12/index.php?action_kouhyou_detail_004_kani=true&JigyosyoCd=1276600044-00&ServiceCd=210&Type=search" }, "geometry": { "type": "Point", "coordinates": [ 140.382164227095814, 35.381915239594136 ] } },
{ "type": "Feature", "properties": { "内容": "短期入所生活介護せせらぎ【短期入所生活介護】千葉県長生郡睦沢町北山田724番地１", "url2": "https://www.kaigokensaku.mhlw.go.jp/12/index.php?action_kouhyou_detail_004_kani=true&JigyosyoCd=1276700166-00&ServiceCd=210&Type=search" }, "geometry": { "type": "Point", "coordinates": [ 140.31457524702148, 35.378733902085472 ] } },
{ "type": "Feature", "properties": { "内容": "ショートステイサービス　睦沢園【短期入所生活介護】千葉県長生郡睦沢町川島1458番地1", "url2": "https://www.kaigokensaku.mhlw.go.jp/12/index.php?action_kouhyou_detail_004_kani=true&JigyosyoCd=1276700059-00&ServiceCd=210&Type=search" }, "geometry": { "type": "Point", "coordinates": [ 140.334493299999963, 35.3872485 ] } },
{ "type": "Feature", "properties": { "内容": "老人短期入所　まきの木苑【短期入所生活介護】千葉県長生郡長生村七井土下田台1789-1", "url2": "https://www.kaigokensaku.mhlw.go.jp/12/index.php?action_kouhyou_detail_004_kani=true&JigyosyoCd=1276800107-00&ServiceCd=210&Type=search" }, "geometry": { "type": "Point", "coordinates": [ 140.337343, 35.391862 ] } },
{ "type": "Feature", "properties": { "内容": "地域密着型特別養護老人ホーム　いこいの郷【短期入所生活介護】千葉県長生郡長生村本郷5059-1", "url2": "https://www.kaigokensaku.mhlw.go.jp/12/index.php?action_kouhyou_detail_004_kani=true&JigyosyoCd=1276800339-00&ServiceCd=210&Type=search" }, "geometry": { "type": "Point", "coordinates": [ 140.344440951071022, 35.428361286517841 ] } },
{ "type": "Feature", "properties": { "内容": "短期入所生活介護事業所長生き邑【短期入所生活介護】千葉県長生郡長生村金田２１３３番地", "url2": "https://www.kaigokensaku.mhlw.go.jp/12/index.php?action_kouhyou_detail_004_kani=true&JigyosyoCd=1276800180-00&ServiceCd=210&Type=search" }, "geometry": { "type": "Point", "coordinates": [ 140.349297094967625, 35.394823512716663 ] } },
{ "type": "Feature", "properties": { "内容": "ショートステイサービスはまひるがお【短期入所生活介護】千葉県長生郡白子町古所５４２１－１", "url2": "https://www.kaigokensaku.mhlw.go.jp/12/index.php?action_kouhyou_detail_004_kani=true&JigyosyoCd=1276900048-00&ServiceCd=210&Type=search" }, "geometry": { "type": "Point", "coordinates": [ 140.3839825, 35.4470696 ] } },
{ "type": "Feature", "properties": { "内容": "ショートステイサービス長柄園ユニット型【短期入所生活介護】千葉県長生郡長柄町徳増659-1", "url2": "https://www.kaigokensaku.mhlw.go.jp/12/index.php?action_kouhyou_detail_004_kani=true&JigyosyoCd=1277000160-00&ServiceCd=210&Type=search" }, "geometry": { "type": "Point", "coordinates": [ 140.237320899999986, 35.4283769 ] } },
{ "type": "Feature", "properties": { "内容": "ショートステイサービス長柄園従来型【短期入所生活介護】千葉県長生郡長柄町徳増659-1", "url2": "https://www.kaigokensaku.mhlw.go.jp/12/index.php?action_kouhyou_detail_004_kani=true&JigyosyoCd=1277000194-00&ServiceCd=210&Type=search" }, "geometry": { "type": "Point", "coordinates": [ 140.2407178, 35.4272224 ] } },
{ "type": "Feature", "properties": { "内容": "特別養護老人ホーム　ほしの郷【短期入所生活介護】千葉県長生郡長柄町鴇谷９８２番地", "url2": "https://www.kaigokensaku.mhlw.go.jp/12/index.php?action_kouhyou_detail_004_kani=true&JigyosyoCd=1277000103-00&ServiceCd=210&Type=search" }, "geometry": { "type": "Point", "coordinates": [ 140.223145499999987, 35.4271782 ] } },
{ "type": "Feature", "properties": { "内容": "ショートステイサービス　ザイクスヒル長南【短期入所生活介護】千葉県長生郡長南町芝原3050番地", "url2": "https://www.kaigokensaku.mhlw.go.jp/12/index.php?action_kouhyou_detail_004_kani=true&JigyosyoCd=1277100051-00&ServiceCd=210&Type=search" }, "geometry": { "type": "Point", "coordinates": [ 140.3021076, 35.3662618 ] } },
{ "type": "Feature", "properties": { "内容": "ショートステイサービス　豊栄の里【短期入所生活介護】千葉県長生郡長南町須田６－１", "url2": "https://www.kaigokensaku.mhlw.go.jp/12/index.php?action_kouhyou_detail_004_kani=true&JigyosyoCd=1277100200-00&ServiceCd=210&Type=search" }, "geometry": { "type": "Point", "coordinates": [ 140.260065599999962, 35.4172947 ] } },
{ "type": "Feature", "properties": { "内容": "特別養護老人ホーム　外房【短期入所生活介護】千葉県夷隅郡御宿町久保７９６", "url2": "https://www.kaigokensaku.mhlw.go.jp/12/index.php?action_kouhyou_detail_004_kani=true&JigyosyoCd=1277400030-00&ServiceCd=210&Type=search" }, "geometry": { "type": "Point", "coordinates": [ 140.360093900000038, 35.201285 ] } },
{ "type": "Feature", "properties": { "内容": "特別養護老人ホーム　鋸南苑【短期入所生活介護】千葉県安房郡鋸南町保田854-1", "url2": "https://www.kaigokensaku.mhlw.go.jp/12/index.php?action_kouhyou_detail_004_kani=true&JigyosyoCd=1277900070-00&ServiceCd=210&Type=search" }, "geometry": { "type": "Point", "coordinates": [ 139.8469632, 35.1452905 ] } },
{ "type": "Feature", "properties": { "内容": "特別養護老人ホーム鋸南苑（本館）【短期入所生活介護】千葉県安房郡鋸南町保田854-1", "url2": "https://www.kaigokensaku.mhlw.go.jp/12/index.php?action_kouhyou_detail_004_kani=true&JigyosyoCd=1277900211-00&ServiceCd=210&Type=search" }, "geometry": { "type": "Point", "coordinates": [ 139.8469632, 35.1452905 ] } }
]
}
