{
"type": "FeatureCollection",
"name": "geo_12_訪問介護",
"crs": { "type": "name", "properties": { "name": "urn:ogc:def:crs:OGC:1.3:CRS84" } },
"features": [
{ "type": "Feature", "properties": { "内容": "松ヶ丘ケアセンター【訪問介護】千葉市中央区星久喜町1158-7　第２ＣＩビル1F", "url2": "https://www.kaigokensaku.mhlw.go.jp/12/index.php?action_kouhyou_detail_004_kani=true&JigyosyoCd=1270101635-00&ServiceCd=110&Type=search" }, "geometry": { "type": "Point", "coordinates": [ 140.147381699999983, 35.5946224 ] } },
{ "type": "Feature", "properties": { "内容": "株式会社アルマ　アルマケアサービス【訪問介護】千葉市中央区寒川町１－２３２", "url2": "https://www.kaigokensaku.mhlw.go.jp/12/index.php?action_kouhyou_detail_004_kani=true&JigyosyoCd=1270101148-00&ServiceCd=110&Type=search" }, "geometry": { "type": "Point", "coordinates": [ 140.12238990000003, 35.5977414 ] } },
{ "type": "Feature", "properties": { "内容": "訪問介護サービスみやび【訪問介護】千葉県千葉市中央区仁戸名町３５７－２０ナリトモビル２階Ａ室", "url2": "https://www.kaigokensaku.mhlw.go.jp/12/index.php?action_kouhyou_detail_004_kani=true&JigyosyoCd=1270104381-00&ServiceCd=110&Type=search" }, "geometry": { "type": "Point", "coordinates": [ 140.153578, 35.5893784 ] } },
{ "type": "Feature", "properties": { "内容": "いちごケアサ－ビス【訪問介護】千葉市中央区道場北2－18－34", "url2": "https://www.kaigokensaku.mhlw.go.jp/12/index.php?action_kouhyou_detail_004_kani=true&JigyosyoCd=1270102955-00&ServiceCd=110&Type=search" }, "geometry": { "type": "Point", "coordinates": [ 140.1322715, 35.6147671 ] } },
{ "type": "Feature", "properties": { "内容": "ロングライフ介護タクシー【訪問介護】千葉市中央区長洲2-6-11　コーポ小川１号棟１０２", "url2": "https://www.kaigokensaku.mhlw.go.jp/12/index.php?action_kouhyou_detail_004_kani=true&JigyosyoCd=1270102542-00&ServiceCd=110&Type=search" }, "geometry": { "type": "Point", "coordinates": [ 140.122559, 35.600472 ] } },
{ "type": "Feature", "properties": { "内容": "ほーぷケアセンター【訪問介護】千葉県千葉市中央区生実町1572-1", "url2": "https://www.kaigokensaku.mhlw.go.jp/12/index.php?action_kouhyou_detail_004_kani=true&JigyosyoCd=1270103201-00&ServiceCd=110&Type=search" }, "geometry": { "type": "Point", "coordinates": [ 140.147272, 35.5638212 ] } },
{ "type": "Feature", "properties": { "内容": "やさしい手　浜野巡回訪問介護事業所【訪問介護】千葉県千葉市中央区村田町1120ライブガーデン千葉浜野1階", "url2": "https://www.kaigokensaku.mhlw.go.jp/12/index.php?action_kouhyou_detail_004_kani=true&JigyosyoCd=1270103292-00&ServiceCd=110&Type=search" }, "geometry": { "type": "Point", "coordinates": [ 140.135897200000045, 35.5511317 ] } },
{ "type": "Feature", "properties": { "内容": "ヘルパーステーションかえで【訪問介護】千葉県千葉市中央区亥鼻1-2-5ＪＥビル", "url2": "https://www.kaigokensaku.mhlw.go.jp/12/index.php?action_kouhyou_detail_004_kani=true&JigyosyoCd=1270103706-00&ServiceCd=110&Type=search" }, "geometry": { "type": "Point", "coordinates": [ 140.127189300000026, 35.6059934 ] } },
{ "type": "Feature", "properties": { "内容": "ケアステーション　ミミズク【訪問介護】千葉県千葉市中央区登戸1-15-32キャピタル登戸ビル7-03号室", "url2": "https://www.kaigokensaku.mhlw.go.jp/12/index.php?action_kouhyou_detail_004_kani=true&JigyosyoCd=1270105107-00&ServiceCd=110&Type=search" }, "geometry": { "type": "Point", "coordinates": [ 140.108922488343268, 35.610380538099925 ] } },
{ "type": "Feature", "properties": { "内容": "合同会社ほほ笑みの杖【訪問介護】千葉県千葉市中央区稲荷町3-3-3", "url2": "https://www.kaigokensaku.mhlw.go.jp/12/index.php?action_kouhyou_detail_004_kani=true&JigyosyoCd=1270105099-00&ServiceCd=110&Type=search" }, "geometry": { "type": "Point", "coordinates": [ 140.125750599999947, 35.5854117 ] } },
{ "type": "Feature", "properties": { "内容": "やさしい手青葉町巡回訪問介護事業所【訪問介護】千葉県千葉市中央区千葉寺町577-6センチュリーテラス青葉の森", "url2": "https://www.kaigokensaku.mhlw.go.jp/12/index.php?action_kouhyou_detail_004_kani=true&JigyosyoCd=1270103854-00&ServiceCd=110&Type=search" }, "geometry": { "type": "Point", "coordinates": [ 140.139515800000027, 35.5920003 ] } },
{ "type": "Feature", "properties": { "内容": "介護サービス友乃家　千葉中央事業所【訪問介護】千葉県千葉市中央区南町2-19-7ビル高菜2Ｆ", "url2": "https://www.kaigokensaku.mhlw.go.jp/12/index.php?action_kouhyou_detail_004_kani=true&JigyosyoCd=1270103011-00&ServiceCd=110&Type=search" }, "geometry": { "type": "Point", "coordinates": [ 140.134594099999987, 35.581058 ] } },
{ "type": "Feature", "properties": { "内容": "ご長寿くらぶ千葉おゆみ訪問介護事業所【訪問介護】生実町2164-1ご長寿くらぶ千葉おゆみ", "url2": "https://www.kaigokensaku.mhlw.go.jp/12/index.php?action_kouhyou_detail_004_kani=true&JigyosyoCd=1270105412-00&ServiceCd=110&Type=search" }, "geometry": { "type": "Point", "coordinates": [ 140.1539846, 35.561584 ] } },
{ "type": "Feature", "properties": { "内容": "ケアステーションMare【訪問介護】千葉県千葉市中央区港町13-1グリーンハイツ藤106", "url2": "https://www.kaigokensaku.mhlw.go.jp/12/index.php?action_kouhyou_detail_004_kani=true&JigyosyoCd=1270105545-00&ServiceCd=110&Type=search" }, "geometry": { "type": "Point", "coordinates": [ 140.1190374, 35.6001097 ] } },
{ "type": "Feature", "properties": { "内容": "陽だまり訪問介護ステーション【訪問介護】千葉県千葉市中央区新田町2-10-306サイトービルNo3", "url2": "https://www.kaigokensaku.mhlw.go.jp/12/index.php?action_kouhyou_detail_004_kani=true&JigyosyoCd=1270103227-00&ServiceCd=110&Type=search" }, "geometry": { "type": "Point", "coordinates": [ 140.115503799999942, 35.608911800000023 ] } },
{ "type": "Feature", "properties": { "内容": "青空ヘルパーステーション【訪問介護】千葉県千葉市中央区赤井町33-1", "url2": "https://www.kaigokensaku.mhlw.go.jp/12/index.php?action_kouhyou_detail_004_kani=true&JigyosyoCd=1270101213-00&ServiceCd=110&Type=search" }, "geometry": { "type": "Point", "coordinates": [ 140.150402399999962, 35.5700134 ] } },
{ "type": "Feature", "properties": { "内容": "ヘルパーステーション朝顔【訪問介護】千葉県千葉市中央区塩田町671", "url2": "https://www.kaigokensaku.mhlw.go.jp/12/index.php?action_kouhyou_detail_004_kani=true&JigyosyoCd=1270105313-00&ServiceCd=110&Type=search" }, "geometry": { "type": "Point", "coordinates": [ 140.1335762, 35.5615036 ] } },
{ "type": "Feature", "properties": { "内容": "ハーモニー介護ステーション【訪問介護】千葉県千葉市中央区松波4-20-4　三枝ビル２F", "url2": "https://www.kaigokensaku.mhlw.go.jp/12/index.php?action_kouhyou_detail_004_kani=true&JigyosyoCd=1270103342-00&ServiceCd=110&Type=search" }, "geometry": { "type": "Point", "coordinates": [ 140.1084727, 35.6232554 ] } },
{ "type": "Feature", "properties": { "内容": "特定非営利活動法人介護サービス【訪問介護】千葉県千葉市中央区院内２－１５－１３", "url2": "https://www.kaigokensaku.mhlw.go.jp/12/index.php?action_kouhyou_detail_004_kani=true&JigyosyoCd=1270101445-00&ServiceCd=110&Type=search" }, "geometry": { "type": "Point", "coordinates": [ 140.124470615396234, 35.611607725615961 ] } },
{ "type": "Feature", "properties": { "内容": "さくらケアセンター【訪問介護】千葉県千葉市中央区末広3-9-1さくらロイヤルホーム千葉末広内", "url2": "https://www.kaigokensaku.mhlw.go.jp/12/index.php?action_kouhyou_detail_004_kani=true&JigyosyoCd=1270103482-00&ServiceCd=110&Type=search" }, "geometry": { "type": "Point", "coordinates": [ 140.127025499999945, 35.5950555 ] } },
{ "type": "Feature", "properties": { "内容": "りべるたす【訪問介護】千葉県千葉市中央区川戸町468－1", "url2": "https://www.kaigokensaku.mhlw.go.jp/12/index.php?action_kouhyou_detail_004_kani=true&JigyosyoCd=1270104803-00&ServiceCd=110&Type=search" }, "geometry": { "type": "Point", "coordinates": [ 140.166860400000019, 35.5839427 ] } },
{ "type": "Feature", "properties": { "内容": "あさなぎ【訪問介護】千葉県千葉市中央区神明町26番地3", "url2": "https://www.kaigokensaku.mhlw.go.jp/12/index.php?action_kouhyou_detail_004_kani=true&JigyosyoCd=1270105180-00&ServiceCd=110&Type=search" }, "geometry": { "type": "Point", "coordinates": [ 140.117641, 35.601419500000034 ] } },
{ "type": "Feature", "properties": { "内容": "ふれあいセンター【訪問介護】川戸町378-1", "url2": "https://www.kaigokensaku.mhlw.go.jp/12/index.php?action_kouhyou_detail_004_kani=true&JigyosyoCd=1270105420-00&ServiceCd=110&Type=search" }, "geometry": { "type": "Point", "coordinates": [ 140.1665256, 35.5841017 ] } },
{ "type": "Feature", "properties": { "内容": "ちゅらゆいケア【訪問介護】千葉県千葉市中央区都町6-17-17つるおかハイツ102号室", "url2": "https://www.kaigokensaku.mhlw.go.jp/12/index.php?action_kouhyou_detail_004_kani=true&JigyosyoCd=1270103441-00&ServiceCd=110&Type=search" }, "geometry": { "type": "Point", "coordinates": [ 140.148899867797411, 35.614621010372225 ] } },
{ "type": "Feature", "properties": { "内容": "訪問介護事業所並木道【訪問介護】千葉県千葉市中央区今井2-5-23天満ビル2階", "url2": "https://www.kaigokensaku.mhlw.go.jp/12/index.php?action_kouhyou_detail_004_kani=true&JigyosyoCd=1270104498-00&ServiceCd=110&Type=search" }, "geometry": { "type": "Point", "coordinates": [ 140.130680748288, 35.580360152457779 ] } },
{ "type": "Feature", "properties": { "内容": "訪問介護センターファースト【訪問介護】千葉県千葉市中央区仁戸名町635-1カインドステージ千葉大森台203", "url2": "https://www.kaigokensaku.mhlw.go.jp/12/index.php?action_kouhyou_detail_004_kani=true&JigyosyoCd=1270105321-00&ServiceCd=110&Type=search" }, "geometry": { "type": "Point", "coordinates": [ 140.15656340000001, 35.5845505 ] } },
{ "type": "Feature", "properties": { "内容": "トータルケアサポートニッセイ【訪問介護】千葉県千葉市中央区椿森1-22-17　1F", "url2": "https://www.kaigokensaku.mhlw.go.jp/12/index.php?action_kouhyou_detail_004_kani=true&JigyosyoCd=1270101130-00&ServiceCd=110&Type=search" }, "geometry": { "type": "Point", "coordinates": [ 140.120413612380958, 35.618508943215424 ] } },
{ "type": "Feature", "properties": { "内容": "株式会社　ケアフレンドモリタ　訪問介護事業所【訪問介護】千葉市中央区本町３－２－１４", "url2": "https://www.kaigokensaku.mhlw.go.jp/12/index.php?action_kouhyou_detail_004_kani=true&JigyosyoCd=1270100124-00&ServiceCd=110&Type=search" }, "geometry": { "type": "Point", "coordinates": [ 140.127080899999982, 35.6077745 ] } },
{ "type": "Feature", "properties": { "内容": "ハートフルケア　てとて。【訪問介護】千葉県千葉市中央区仁戸名町５５４－１スペースイマージュ２０１", "url2": "https://www.kaigokensaku.mhlw.go.jp/12/index.php?action_kouhyou_detail_004_kani=true&JigyosyoCd=1270105875-00&ServiceCd=110&Type=search" }, "geometry": { "type": "Point", "coordinates": [ 140.15516980000001, 35.5886101 ] } },
{ "type": "Feature", "properties": { "内容": "らいおん介護事業所【訪問介護】千葉市中央区神明町２０４－１２千葉聴覚障害者センター内", "url2": "https://www.kaigokensaku.mhlw.go.jp/12/index.php?action_kouhyou_detail_004_kani=true&JigyosyoCd=1270102484-00&ServiceCd=110&Type=search" }, "geometry": { "type": "Point", "coordinates": [ 140.116984617161989, 35.603991664307351 ] } },
{ "type": "Feature", "properties": { "内容": "優らいふ　ちばステーション【訪問介護】千葉県千葉市中央区星久喜町158-1光生ビル101", "url2": "https://www.kaigokensaku.mhlw.go.jp/12/index.php?action_kouhyou_detail_004_kani=true&JigyosyoCd=1270103623-00&ServiceCd=110&Type=search" }, "geometry": { "type": "Point", "coordinates": [ 140.148648699999967, 35.6034855 ] } },
{ "type": "Feature", "properties": { "内容": "なのはな介護【訪問介護】千葉県千葉市中央区都町1-2-23", "url2": "https://www.kaigokensaku.mhlw.go.jp/12/index.php?action_kouhyou_detail_004_kani=true&JigyosyoCd=1270105297-00&ServiceCd=110&Type=search" }, "geometry": { "type": "Point", "coordinates": [ 140.1361253, 35.6149956 ] } },
{ "type": "Feature", "properties": { "内容": "医心館訪問介護ステーション蘇我【訪問介護】千葉県千葉市中央区今井1丁目14番21号", "url2": "https://www.kaigokensaku.mhlw.go.jp/12/index.php?action_kouhyou_detail_004_kani=true&JigyosyoCd=1270105495-00&ServiceCd=110&Type=search" }, "geometry": { "type": "Point", "coordinates": [ 140.129838989895092, 35.582113817123918 ] } },
{ "type": "Feature", "properties": { "内容": "ユースタイルケア千葉重度訪問介護【訪問介護】千葉県千葉市中央区新田町7-16フォントビル3階", "url2": "https://www.kaigokensaku.mhlw.go.jp/12/index.php?action_kouhyou_detail_004_kani=true&JigyosyoCd=1270105214-00&ServiceCd=110&Type=search" }, "geometry": { "type": "Point", "coordinates": [ 140.113903568862582, 35.60840295345016 ] } },
{ "type": "Feature", "properties": { "内容": "やまねこヘルパーステーション【訪問介護】千葉県千葉市中央区末広2-4-5", "url2": "https://www.kaigokensaku.mhlw.go.jp/12/index.php?action_kouhyou_detail_004_kani=true&JigyosyoCd=1270105503-00&ServiceCd=110&Type=search" }, "geometry": { "type": "Point", "coordinates": [ 140.126301650926194, 35.59724264122719 ] } },
{ "type": "Feature", "properties": { "内容": "おゆみヘルパーステーション【訪問介護】千葉県千葉市中央区生実町1661番地2", "url2": "https://www.kaigokensaku.mhlw.go.jp/12/index.php?action_kouhyou_detail_004_kani=true&JigyosyoCd=1270102369-00&ServiceCd=110&Type=search" }, "geometry": { "type": "Point", "coordinates": [ 140.1458341, 35.5631084 ] } },
{ "type": "Feature", "properties": { "内容": "Hanaヘルパーステーション中央【訪問介護】千葉県千葉市中央区稲荷町2-3-23　MARUSYOビル201MARUSYOビル201", "url2": "https://www.kaigokensaku.mhlw.go.jp/12/index.php?action_kouhyou_detail_004_kani=true&JigyosyoCd=1270105271-00&ServiceCd=110&Type=search" }, "geometry": { "type": "Point", "coordinates": [ 140.123839238705273, 35.587848691566698 ] } },
{ "type": "Feature", "properties": { "内容": "トップケアサイエンス有限会社【訪問介護】千葉県千葉市中央区椿森3-14-10椿森有料老人ホーム", "url2": "https://www.kaigokensaku.mhlw.go.jp/12/index.php?action_kouhyou_detail_004_kani=true&JigyosyoCd=1270100256-00&ServiceCd=110&Type=search" }, "geometry": { "type": "Point", "coordinates": [ 140.118392549073832, 35.623788582049023 ] } },
{ "type": "Feature", "properties": { "内容": "ホームヘルプサービスソラスト千葉【訪問介護】登戸４丁目３番９号", "url2": "https://www.kaigokensaku.mhlw.go.jp/12/index.php?action_kouhyou_detail_004_kani=true&JigyosyoCd=1270100157-00&ServiceCd=110&Type=search" }, "geometry": { "type": "Point", "coordinates": [ 140.1022294, 35.6167386 ] } },
{ "type": "Feature", "properties": { "内容": "ソフトケア蘇我【訪問介護】千葉県千葉市中央区南町三丁目3番5号古市第三ビル201号", "url2": "https://www.kaigokensaku.mhlw.go.jp/12/index.php?action_kouhyou_detail_004_kani=true&JigyosyoCd=1270104753-00&ServiceCd=110&Type=search" }, "geometry": { "type": "Point", "coordinates": [ 140.1348352, 35.57982 ] } },
{ "type": "Feature", "properties": { "内容": "訪問カイゴマン【訪問介護】千葉県千葉市中央区都町５丁目１８番１７号", "url2": "https://www.kaigokensaku.mhlw.go.jp/12/index.php?action_kouhyou_detail_004_kani=true&JigyosyoCd=1270105685-00&ServiceCd=110&Type=search" }, "geometry": { "type": "Point", "coordinates": [ 140.1490013, 35.6114369 ] } },
{ "type": "Feature", "properties": { "内容": "ひばり訪問介護ステーション千葉中央【訪問介護】千葉県千葉市中央区都町2-20-17ガーデンテラス千葉中央", "url2": "https://www.kaigokensaku.mhlw.go.jp/12/index.php?action_kouhyou_detail_004_kani=true&JigyosyoCd=1270103599-00&ServiceCd=110&Type=search" }, "geometry": { "type": "Point", "coordinates": [ 140.140219600000023, 35.610591200000016 ] } },
{ "type": "Feature", "properties": { "内容": "リラス訪問介護センター千葉【訪問介護】千葉県千葉市中央区富士見2-2-3吉田興業第一ビル5階-B", "url2": "https://www.kaigokensaku.mhlw.go.jp/12/index.php?action_kouhyou_detail_004_kani=true&JigyosyoCd=1270105784-00&ServiceCd=110&Type=search" }, "geometry": { "type": "Point", "coordinates": [ 140.1159329, 35.6120613 ] } },
{ "type": "Feature", "properties": { "内容": "かたくり千葉中央【訪問介護】千葉県千葉市中央区新田町14-11パークサイド・アイ　1F", "url2": "https://www.kaigokensaku.mhlw.go.jp/12/index.php?action_kouhyou_detail_004_kani=true&JigyosyoCd=1270103409-00&ServiceCd=110&Type=search" }, "geometry": { "type": "Point", "coordinates": [ 140.112695700000017, 35.608445 ] } },
{ "type": "Feature", "properties": { "内容": "千葉診訪問介護ステーションひたき【訪問介護】千葉県千葉市中央区院内１－８－１２LAPYUTAビル８Ｆ", "url2": "https://www.kaigokensaku.mhlw.go.jp/12/index.php?action_kouhyou_detail_004_kani=true&JigyosyoCd=1270103961-00&ServiceCd=110&Type=search" }, "geometry": { "type": "Point", "coordinates": [ 140.123918227647408, 35.612985156008243 ] } },
{ "type": "Feature", "properties": { "内容": "やさしい手千葉訪問介護事業所【訪問介護】千葉市中央区新田町4-22サンライト202", "url2": "https://www.kaigokensaku.mhlw.go.jp/12/index.php?action_kouhyou_detail_004_kani=true&JigyosyoCd=1270100553-00&ServiceCd=110&Type=search" }, "geometry": { "type": "Point", "coordinates": [ 140.1138039, 35.6092005 ] } },
{ "type": "Feature", "properties": { "内容": "ダリアケアセンター【訪問介護】千葉県千葉市中央区都町7-10-1", "url2": "https://www.kaigokensaku.mhlw.go.jp/12/index.php?action_kouhyou_detail_004_kani=true&JigyosyoCd=1270102518-00&ServiceCd=110&Type=search" }, "geometry": { "type": "Point", "coordinates": [ 140.146414899999968, 35.6175006 ] } },
{ "type": "Feature", "properties": { "内容": "かのん介護タクシー【訪問介護】千葉県千葉市中央区蘇我2-16-12自宅　伊藤", "url2": "https://www.kaigokensaku.mhlw.go.jp/12/index.php?action_kouhyou_detail_004_kani=true&JigyosyoCd=1270104662-00&ServiceCd=110&Type=search" }, "geometry": { "type": "Point", "coordinates": [ 140.13270220000004, 35.5709961 ] } },
{ "type": "Feature", "properties": { "内容": "セントラル介護ステーション株式会社【訪問介護】千葉県千葉市中央区星久喜町477-7アルカディア21　101号", "url2": "https://www.kaigokensaku.mhlw.go.jp/12/index.php?action_kouhyou_detail_004_kani=true&JigyosyoCd=1270105057-00&ServiceCd=110&Type=search" }, "geometry": { "type": "Point", "coordinates": [ 140.154302499999972, 35.5951522 ] } },
{ "type": "Feature", "properties": { "内容": "ニチイケアセンターはまの【訪問介護】千葉市中央区村田町1226", "url2": "https://www.kaigokensaku.mhlw.go.jp/12/index.php?action_kouhyou_detail_004_kani=true&JigyosyoCd=1270100678-00&ServiceCd=110&Type=search" }, "geometry": { "type": "Point", "coordinates": [ 140.132078299999989, 35.5497984 ] } },
{ "type": "Feature", "properties": { "内容": "さわやかケア千葉・訪問介護【訪問介護】千葉県千葉市中央区登戸1-10-20糸居ビル４F", "url2": "https://www.kaigokensaku.mhlw.go.jp/12/index.php?action_kouhyou_detail_004_kani=true&JigyosyoCd=1270101833-00&ServiceCd=110&Type=search" }, "geometry": { "type": "Point", "coordinates": [ 140.107951497084684, 35.610105694528727 ] } },
{ "type": "Feature", "properties": { "内容": "セントケアちば【訪問介護】千葉県千葉市中央区蘇我2-5-3", "url2": "https://www.kaigokensaku.mhlw.go.jp/12/index.php?action_kouhyou_detail_004_kani=true&JigyosyoCd=1270102203-00&ServiceCd=110&Type=search" }, "geometry": { "type": "Point", "coordinates": [ 140.132119, 35.573171 ] } },
{ "type": "Feature", "properties": { "内容": "GTLケアサービス千葉みなと【訪問介護】千葉市中央区中央港１－１８－２８", "url2": "https://www.kaigokensaku.mhlw.go.jp/12/index.php?action_kouhyou_detail_004_kani=true&JigyosyoCd=1270102229-00&ServiceCd=110&Type=search" }, "geometry": { "type": "Point", "coordinates": [ 140.098835799999961, 35.6017392 ] } },
{ "type": "Feature", "properties": { "内容": "医療法人社団福寿会　訪問介護ひまわり【訪問介護】千葉県千葉市中央区今井2-7-9", "url2": "https://www.kaigokensaku.mhlw.go.jp/12/index.php?action_kouhyou_detail_004_kani=true&JigyosyoCd=1270102740-00&ServiceCd=110&Type=search" }, "geometry": { "type": "Point", "coordinates": [ 140.130391599999939, 35.5795233 ] } },
{ "type": "Feature", "properties": { "内容": "ＧＴＬケアサービス千葉みなと／駅前通【訪問介護】千葉県千葉市中央区中央港１丁目１５番８号", "url2": "https://www.kaigokensaku.mhlw.go.jp/12/index.php?action_kouhyou_detail_004_kani=true&JigyosyoCd=1270102971-00&ServiceCd=110&Type=search" }, "geometry": { "type": "Point", "coordinates": [ 140.1035743, 35.6050392 ] } },
{ "type": "Feature", "properties": { "内容": "学研ココファン蘇我ヘルパーセンター【訪問介護】千葉市中央区稲荷町1-4-1ココファン蘇我", "url2": "https://www.kaigokensaku.mhlw.go.jp/12/index.php?action_kouhyou_detail_004_kani=true&JigyosyoCd=1270103532-00&ServiceCd=110&Type=search" }, "geometry": { "type": "Point", "coordinates": [ 140.123378699999989, 35.5906808 ] } },
{ "type": "Feature", "properties": { "内容": "ドットライフ千葉中央（訪問介護）【訪問介護】千葉県千葉市中央区本町1-4-2サガビル3階", "url2": "https://www.kaigokensaku.mhlw.go.jp/12/index.php?action_kouhyou_detail_004_kani=true&JigyosyoCd=1270104324-00&ServiceCd=110&Type=search" }, "geometry": { "type": "Point", "coordinates": [ 140.125741799999986, 35.6107232 ] } },
{ "type": "Feature", "properties": { "内容": "ドット３６５都町（訪問介護）【訪問介護】千葉市中央区都町6-21-14高井ビル２A", "url2": "https://www.kaigokensaku.mhlw.go.jp/12/index.php?action_kouhyou_detail_004_kani=true&JigyosyoCd=1270104837-00&ServiceCd=110&Type=search" }, "geometry": { "type": "Point", "coordinates": [ 140.151186596958922, 35.614763320199721 ] } },
{ "type": "Feature", "properties": { "内容": "介護サービスえいと　千葉中央事業所【訪問介護】千葉市中央区弁天3丁目3-2-201", "url2": "https://www.kaigokensaku.mhlw.go.jp/12/index.php?action_kouhyou_detail_004_kani=true&JigyosyoCd=1270105149-00&ServiceCd=110&Type=search" }, "geometry": { "type": "Point", "coordinates": [ 140.131641, 35.6180241 ] } },
{ "type": "Feature", "properties": { "内容": "ニチイケアセンタ－松ヶ丘【訪問介護】千葉県千葉市中央区星久喜町1219-47", "url2": "https://www.kaigokensaku.mhlw.go.jp/12/index.php?action_kouhyou_detail_004_kani=true&JigyosyoCd=1270105263-00&ServiceCd=110&Type=search" }, "geometry": { "type": "Point", "coordinates": [ 140.1529592, 35.5897551 ] } },
{ "type": "Feature", "properties": { "内容": "医心館訪問介護ステーション千葉駅前【訪問介護】千葉県千葉市中央区弁天2丁目2番3号", "url2": "https://www.kaigokensaku.mhlw.go.jp/12/index.php?action_kouhyou_detail_004_kani=true&JigyosyoCd=1270105677-00&ServiceCd=110&Type=search" }, "geometry": { "type": "Point", "coordinates": [ 140.11533080000001, 35.6140944 ] } },
{ "type": "Feature", "properties": { "内容": "なぎ訪問介護ステーション【訪問介護】千葉県千葉市中央区新田町32-7斎藤事務所２階斎藤事務所２階", "url2": "https://www.kaigokensaku.mhlw.go.jp/12/index.php?action_kouhyou_detail_004_kani=true&JigyosyoCd=1270105966-00&ServiceCd=110&Type=search" }, "geometry": { "type": "Point", "coordinates": [ 140.110931035581956, 35.606754098795221 ] } },
{ "type": "Feature", "properties": { "内容": "ＪＡ千葉厚生連介護サービス訪問介護事業所【訪問介護】千葉県千葉市中央区新千葉3-2-6農業会館6階", "url2": "https://www.kaigokensaku.mhlw.go.jp/12/index.php?action_kouhyou_detail_004_kani=true&JigyosyoCd=1270100405-00&ServiceCd=110&Type=search" }, "geometry": { "type": "Point", "coordinates": [ 140.108543, 35.61454190000002 ] } },
{ "type": "Feature", "properties": { "内容": "訪問介護まごのて【訪問介護】千葉県千葉市中央区白旗2-19-4ミューズ鴻崎Ⅱ－Ｄ", "url2": "https://www.kaigokensaku.mhlw.go.jp/12/index.php?action_kouhyou_detail_004_kani=true&JigyosyoCd=1270104274-00&ServiceCd=110&Type=search" }, "geometry": { "type": "Point", "coordinates": [ 140.140054100000043, 35.577084799999952 ] } },
{ "type": "Feature", "properties": { "内容": "障害福祉サービス青葉【訪問介護】千葉市中央区大森町514-236", "url2": "https://www.kaigokensaku.mhlw.go.jp/12/index.php?action_kouhyou_detail_004_kani=true&JigyosyoCd=1270105156-00&ServiceCd=110&Type=search" }, "geometry": { "type": "Point", "coordinates": [ 140.1521051, 35.5832463 ] } },
{ "type": "Feature", "properties": { "内容": "訪問介護ファミリー・ホスピス東千葉【訪問介護】千葉県千葉市中央区道場南1-5-2", "url2": "https://www.kaigokensaku.mhlw.go.jp/12/index.php?action_kouhyou_detail_004_kani=true&JigyosyoCd=1270105891-00&ServiceCd=110&Type=search" }, "geometry": { "type": "Point", "coordinates": [ 140.1283163, 35.6129546 ] } },
{ "type": "Feature", "properties": { "内容": "ドットライフ本千葉（訪問介護）【訪問介護】千葉県千葉市中央区寒川町2丁目147番地１ドットホーム本千葉（ナーシングホーム）1階", "url2": "https://www.kaigokensaku.mhlw.go.jp/12/index.php?action_kouhyou_detail_004_kani=true&JigyosyoCd=1270105941-00&ServiceCd=110&Type=search" }, "geometry": { "type": "Point", "coordinates": [ 140.123651500000022, 35.595529082630875 ] } },
{ "type": "Feature", "properties": { "内容": "ＪＡ千葉みらい訪問介護事業所【訪問介護】千葉県千葉市中央区千葉港5-25", "url2": "https://www.kaigokensaku.mhlw.go.jp/12/index.php?action_kouhyou_detail_004_kani=true&JigyosyoCd=1270102062-00&ServiceCd=110&Type=search" }, "geometry": { "type": "Point", "coordinates": [ 140.107498699999951, 35.6041889 ] } },
{ "type": "Feature", "properties": { "内容": "ヤックスヘルパーステーション本千葉【訪問介護】千葉県千葉市中央区末広2-7-4", "url2": "https://www.kaigokensaku.mhlw.go.jp/12/index.php?action_kouhyou_detail_004_kani=true&JigyosyoCd=1270105909-00&ServiceCd=110&Type=search" }, "geometry": { "type": "Point", "coordinates": [ 140.127452550297164, 35.597765006100119 ] } },
{ "type": "Feature", "properties": { "内容": "コープみらい登戸介護センター【訪問介護】千葉県千葉市中央区登戸4-7-16", "url2": "https://www.kaigokensaku.mhlw.go.jp/12/index.php?action_kouhyou_detail_004_kani=true&JigyosyoCd=1270103797-00&ServiceCd=110&Type=search" }, "geometry": { "type": "Point", "coordinates": [ 140.101309899999933, 35.6171981 ] } },
{ "type": "Feature", "properties": { "内容": "ケアサポート　あいか【訪問介護】末広3-18-4", "url2": "https://www.kaigokensaku.mhlw.go.jp/12/index.php?action_kouhyou_detail_004_kani=true&JigyosyoCd=1270105347-00&ServiceCd=110&Type=search" }, "geometry": { "type": "Point", "coordinates": [ 140.128269850061059, 35.593670855400603 ] } },
{ "type": "Feature", "properties": { "内容": "ネコロボマン訪問介護千葉都町店【訪問介護】千葉県千葉市中央区都町1‐45‐14", "url2": "https://www.kaigokensaku.mhlw.go.jp/12/index.php?action_kouhyou_detail_004_kani=true&JigyosyoCd=1270105974-00&ServiceCd=110&Type=search" }, "geometry": { "type": "Point", "coordinates": [ 140.1419254, 35.6160193 ] } },
{ "type": "Feature", "properties": { "内容": "イリーゼ千葉新宿訪問介護センター【訪問介護】新宿２－１６－２２", "url2": "https://www.kaigokensaku.mhlw.go.jp/12/index.php?action_kouhyou_detail_004_kani=true&JigyosyoCd=1270106014-00&ServiceCd=110&Type=search" }, "geometry": { "type": "Point", "coordinates": [ 139.7086989, 35.6913817 ] } },
{ "type": "Feature", "properties": { "内容": "ヘルパーステーションアリス【訪問介護】千葉県千葉市花見川区天戸町1342番地4グリーンハイツ天戸101号", "url2": "https://www.kaigokensaku.mhlw.go.jp/12/index.php?action_kouhyou_detail_004_kani=true&JigyosyoCd=1270201575-00&ServiceCd=110&Type=search" }, "geometry": { "type": "Point", "coordinates": [ 140.093630699999949, 35.682903 ] } },
{ "type": "Feature", "properties": { "内容": "訪問介護ピアサポート【訪問介護】千葉県千葉市花見川区作新台2-22-14モアステージ106号", "url2": "https://www.kaigokensaku.mhlw.go.jp/12/index.php?action_kouhyou_detail_004_kani=true&JigyosyoCd=1270202540-00&ServiceCd=110&Type=search" }, "geometry": { "type": "Point", "coordinates": [ 140.086606667638989, 35.694297719592001 ] } },
{ "type": "Feature", "properties": { "内容": "ホンマケアサービス【訪問介護】千葉県千葉市花見川区横戸台４７－２", "url2": "https://www.kaigokensaku.mhlw.go.jp/12/index.php?action_kouhyou_detail_004_kani=true&JigyosyoCd=1270202821-00&ServiceCd=110&Type=search" }, "geometry": { "type": "Point", "coordinates": [ 140.112397399999963, 35.6998598 ] } },
{ "type": "Feature", "properties": { "内容": "ドリーム花見川【訪問介護】千葉県千葉市花見川区千種町３４３サンビレッジ花見川Ｈ－１０２", "url2": "https://www.kaigokensaku.mhlw.go.jp/12/index.php?action_kouhyou_detail_004_kani=true&JigyosyoCd=1270203084-00&ServiceCd=110&Type=search" }, "geometry": { "type": "Point", "coordinates": [ 140.1218417, 35.6833229 ] } },
{ "type": "Feature", "properties": { "内容": "ニチイケアセンターさつきが丘【訪問介護】千葉市花見川区さつきが丘2-28-15", "url2": "https://www.kaigokensaku.mhlw.go.jp/12/index.php?action_kouhyou_detail_004_kani=true&JigyosyoCd=1270200981-00&ServiceCd=110&Type=search" }, "geometry": { "type": "Point", "coordinates": [ 140.093211800000063, 35.6682267 ] } },
{ "type": "Feature", "properties": { "内容": "千葉れんげサービス【訪問介護】千葉市花見川区花園町1574-18", "url2": "https://www.kaigokensaku.mhlw.go.jp/12/index.php?action_kouhyou_detail_004_kani=true&JigyosyoCd=1270200676-00&ServiceCd=110&Type=search" }, "geometry": { "type": "Point", "coordinates": [ 140.078906, 35.6526113 ] } },
{ "type": "Feature", "properties": { "内容": "麦わら訪問介護【訪問介護】千葉県千葉市花見川区西小中台5-14-505", "url2": "https://www.kaigokensaku.mhlw.go.jp/12/index.php?action_kouhyou_detail_004_kani=true&JigyosyoCd=1270203423-00&ServiceCd=110&Type=search" }, "geometry": { "type": "Point", "coordinates": [ 140.087318399999958, 35.6527756 ] } },
{ "type": "Feature", "properties": { "内容": "ケイワ介護サービス【訪問介護】千葉県千葉市花見川区千種町166-90", "url2": "https://www.kaigokensaku.mhlw.go.jp/12/index.php?action_kouhyou_detail_004_kani=true&JigyosyoCd=1270200825-00&ServiceCd=110&Type=search" }, "geometry": { "type": "Point", "coordinates": [ 140.113168099999939, 35.6746404 ] } },
{ "type": "Feature", "properties": { "内容": "在宅介護センターこぶしの会【訪問介護】千葉市花見川区こてはし台1-23-3", "url2": "https://www.kaigokensaku.mhlw.go.jp/12/index.php?action_kouhyou_detail_004_kani=true&JigyosyoCd=1270201542-00&ServiceCd=110&Type=search" }, "geometry": { "type": "Point", "coordinates": [ 140.12372640000001, 35.6852782 ] } },
{ "type": "Feature", "properties": { "内容": "アミカ花見川介護センター【訪問介護】千葉県千葉市花見川区南花園2-9-21ブオナスタンザ新検見川402号", "url2": "https://www.kaigokensaku.mhlw.go.jp/12/index.php?action_kouhyou_detail_004_kani=true&JigyosyoCd=1270202136-00&ServiceCd=110&Type=search" }, "geometry": { "type": "Point", "coordinates": [ 140.07004122209014, 35.651856300003125 ] } },
{ "type": "Feature", "properties": { "内容": "アイケア幕張ヘルパーステーション【訪問介護】千葉県千葉市花見川区幕張町５－４１７－２９２", "url2": "https://www.kaigokensaku.mhlw.go.jp/12/index.php?action_kouhyou_detail_004_kani=true&JigyosyoCd=1270202417-00&ServiceCd=110&Type=search" }, "geometry": { "type": "Point", "coordinates": [ 140.056963024432747, 35.654695157134071 ] } },
{ "type": "Feature", "properties": { "内容": "希望のまち幕張訪問介護事業所【訪問介護】千葉県千葉市花見川区幕張本郷4-7-17MHビル101", "url2": "https://www.kaigokensaku.mhlw.go.jp/12/index.php?action_kouhyou_detail_004_kani=true&JigyosyoCd=1270203670-00&ServiceCd=110&Type=search" }, "geometry": { "type": "Point", "coordinates": [ 140.050700199999966, 35.6693237 ] } },
{ "type": "Feature", "properties": { "内容": "幕張やわらぎ【訪問介護】千葉県千葉市花見川区幕張本郷3-3-12サニーライフ幕張内", "url2": "https://www.kaigokensaku.mhlw.go.jp/12/index.php?action_kouhyou_detail_004_kani=true&JigyosyoCd=1270202409-00&ServiceCd=110&Type=search" }, "geometry": { "type": "Point", "coordinates": [ 140.045667900000012, 35.668639900000016 ] } },
{ "type": "Feature", "properties": { "内容": "訪問介護本舗ウィズ美浜【訪問介護】千葉県千葉市幕張本郷1-30-1ローゼン市原202", "url2": "https://www.kaigokensaku.mhlw.go.jp/12/index.php?action_kouhyou_detail_004_kani=true&JigyosyoCd=1270203605-00&ServiceCd=110&Type=search" }, "geometry": { "type": "Point", "coordinates": [ 140.0388158, 35.6705039 ] } },
{ "type": "Feature", "properties": { "内容": "山びこ会合同会社【訪問介護】千葉県千葉市花見川区幕張町5丁目408番地6メゾン・グランベルデ103号", "url2": "https://www.kaigokensaku.mhlw.go.jp/12/index.php?action_kouhyou_detail_004_kani=true&JigyosyoCd=1270203704-00&ServiceCd=110&Type=search" }, "geometry": { "type": "Point", "coordinates": [ 140.0587414, 35.6544028 ] } },
{ "type": "Feature", "properties": { "内容": "グローバルケアフル花見川【訪問介護】千葉県千葉市花見川区花園町2470-2RFIELDSCHIBA308号室", "url2": "https://www.kaigokensaku.mhlw.go.jp/12/index.php?action_kouhyou_detail_004_kani=true&JigyosyoCd=1270203902-00&ServiceCd=110&Type=search" }, "geometry": { "type": "Point", "coordinates": [ 140.0827076, 35.6507014 ] } },
{ "type": "Feature", "properties": { "内容": "順ケアサービス【訪問介護】千葉県千葉市花見川区幕張本郷2-4-12", "url2": "https://www.kaigokensaku.mhlw.go.jp/12/index.php?action_kouhyou_detail_004_kani=true&JigyosyoCd=1270202052-00&ServiceCd=110&Type=search" }, "geometry": { "type": "Point", "coordinates": [ 140.044218900000033, 35.6704787 ] } },
{ "type": "Feature", "properties": { "内容": "Y．K．F介護サービス【訪問介護】千葉県千葉市花見川区横戸町1572番地20", "url2": "https://www.kaigokensaku.mhlw.go.jp/12/index.php?action_kouhyou_detail_004_kani=true&JigyosyoCd=1270202060-00&ServiceCd=110&Type=search" }, "geometry": { "type": "Point", "coordinates": [ 140.113066500000059, 35.7112709 ] } },
{ "type": "Feature", "properties": { "内容": "雛菊訪問介護事業所【訪問介護】千葉県千葉市花見川区長作台１－１０－１２－１０１", "url2": "https://www.kaigokensaku.mhlw.go.jp/12/index.php?action_kouhyou_detail_004_kani=true&JigyosyoCd=1270203290-00&ServiceCd=110&Type=search" }, "geometry": { "type": "Point", "coordinates": [ 140.072678186370467, 35.684450843291565 ] } },
{ "type": "Feature", "properties": { "内容": "ヘルパーステーションなごみ【訪問介護】千葉県千葉市花見川区作新台６丁目１８番地35エクセル田中201", "url2": "https://www.kaigokensaku.mhlw.go.jp/12/index.php?action_kouhyou_detail_004_kani=true&JigyosyoCd=1270203688-00&ServiceCd=110&Type=search" }, "geometry": { "type": "Point", "coordinates": [ 140.086565930162237, 35.689755861200965 ] } },
{ "type": "Feature", "properties": { "内容": "ゆかり花見川　訪問介護事業所【訪問介護】千葉県千葉市花見川区千種町365-3", "url2": "https://www.kaigokensaku.mhlw.go.jp/12/index.php?action_kouhyou_detail_004_kani=true&JigyosyoCd=1270203381-00&ServiceCd=110&Type=search" }, "geometry": { "type": "Point", "coordinates": [ 140.120383700000048, 35.6811315 ] } },
{ "type": "Feature", "properties": { "内容": "あおぞら【訪問介護】千葉県千葉市花見川区作新台2-15-1", "url2": "https://www.kaigokensaku.mhlw.go.jp/12/index.php?action_kouhyou_detail_004_kani=true&JigyosyoCd=1270203563-00&ServiceCd=110&Type=search" }, "geometry": { "type": "Point", "coordinates": [ 140.0871481, 35.6916619 ] } },
{ "type": "Feature", "properties": { "内容": "ニチイケアセンターはなぞの【訪問介護】千葉県千葉市花見川区南花園1-44-9高山ビル101", "url2": "https://www.kaigokensaku.mhlw.go.jp/12/index.php?action_kouhyou_detail_004_kani=true&JigyosyoCd=1270200221-00&ServiceCd=110&Type=search" }, "geometry": { "type": "Point", "coordinates": [ 140.074223500000016, 35.6513568 ] } },
{ "type": "Feature", "properties": { "内容": "有限会社メロディ介護サービス【訪問介護】千葉市花見川区検見川町5-2215-18", "url2": "https://www.kaigokensaku.mhlw.go.jp/12/index.php?action_kouhyou_detail_004_kani=true&JigyosyoCd=1270200569-00&ServiceCd=110&Type=search" }, "geometry": { "type": "Point", "coordinates": [ 140.074299687727347, 35.642228752551325 ] } },
{ "type": "Feature", "properties": { "内容": "ヘルパーステーションここみ【訪問介護】長作台２－３４－４０S.T.ヴィラ　２０４", "url2": "https://www.kaigokensaku.mhlw.go.jp/12/index.php?action_kouhyou_detail_004_kani=true&JigyosyoCd=1270203894-00&ServiceCd=110&Type=search" }, "geometry": { "type": "Point", "coordinates": [ 140.08443, 35.6852745 ] } },
{ "type": "Feature", "properties": { "内容": "ヤックスヘルパーステーション花見川【訪問介護】千葉県千葉市花見川区柏井１丁目４番１号", "url2": "https://www.kaigokensaku.mhlw.go.jp/12/index.php?action_kouhyou_detail_004_kani=true&JigyosyoCd=1270200791-00&ServiceCd=110&Type=search" }, "geometry": { "type": "Point", "coordinates": [ 140.094099799999981, 35.6922077 ] } },
{ "type": "Feature", "properties": { "内容": "訪問介護事業所エール花見川【訪問介護】千葉市花見川区作新台7-21-16ロイヤルパレス１０３", "url2": "https://www.kaigokensaku.mhlw.go.jp/12/index.php?action_kouhyou_detail_004_kani=true&JigyosyoCd=1270203878-00&ServiceCd=110&Type=search" }, "geometry": { "type": "Point", "coordinates": [ 140.0838292, 35.6900486 ] } },
{ "type": "Feature", "properties": { "内容": "ワムケアヘルパーステーション【訪問介護】千葉県千葉市花見川区天戸町1472-4", "url2": "https://www.kaigokensaku.mhlw.go.jp/12/index.php?action_kouhyou_detail_004_kani=true&JigyosyoCd=1270203886-00&ServiceCd=110&Type=search" }, "geometry": { "type": "Point", "coordinates": [ 140.087942605370557, 35.684263545193723 ] } },
{ "type": "Feature", "properties": { "内容": "ゴールデンケア花見川【訪問介護】千葉県千葉市花見川区作新台5-27-20林ビル２F", "url2": "https://www.kaigokensaku.mhlw.go.jp/12/index.php?action_kouhyou_detail_004_kani=true&JigyosyoCd=1270204033-00&ServiceCd=110&Type=search" }, "geometry": { "type": "Point", "coordinates": [ 140.083542599999987, 35.6921764 ] } },
{ "type": "Feature", "properties": { "内容": "ハートフル幕張【訪問介護】千葉市花見川区花園3-5-7", "url2": "https://www.kaigokensaku.mhlw.go.jp/12/index.php?action_kouhyou_detail_004_kani=true&JigyosyoCd=1270202128-00&ServiceCd=110&Type=search" }, "geometry": { "type": "Point", "coordinates": [ 140.069993699999941, 35.6557643 ] } },
{ "type": "Feature", "properties": { "内容": "ヤックスヘルパーステーション新検見川【訪問介護】千葉県千葉市花見川区畑町1425-1", "url2": "https://www.kaigokensaku.mhlw.go.jp/12/index.php?action_kouhyou_detail_004_kani=true&JigyosyoCd=1270202854-00&ServiceCd=110&Type=search" }, "geometry": { "type": "Point", "coordinates": [ 140.078056552778662, 35.663750737494617 ] } },
{ "type": "Feature", "properties": { "内容": "ソフトケア新検見川店【訪問介護】千葉県千葉市花見川区花園1-7-2第8花園ビル2階", "url2": "https://www.kaigokensaku.mhlw.go.jp/12/index.php?action_kouhyou_detail_004_kani=true&JigyosyoCd=1270202888-00&ServiceCd=110&Type=search" }, "geometry": { "type": "Point", "coordinates": [ 140.073683499999987, 35.651996833323899 ] } },
{ "type": "Feature", "properties": { "内容": "ままみ訪問介護サービス【訪問介護】千葉県千葉市花見川区朝日ヶ丘１－２１－１３", "url2": "https://www.kaigokensaku.mhlw.go.jp/12/index.php?action_kouhyou_detail_004_kani=true&JigyosyoCd=1270203928-00&ServiceCd=110&Type=search" }, "geometry": { "type": "Point", "coordinates": [ 140.091144899999989, 35.6579001 ] } },
{ "type": "Feature", "properties": { "内容": "ゴールデンケア幕張【訪問介護】幕張本郷2-8-9ゼックスベルク203", "url2": "https://www.kaigokensaku.mhlw.go.jp/12/index.php?action_kouhyou_detail_004_kani=true&JigyosyoCd=1270204009-00&ServiceCd=110&Type=search" }, "geometry": { "type": "Point", "coordinates": [ 140.041679, 35.6703188 ] } },
{ "type": "Feature", "properties": { "内容": "訪問介護鈴の庵【訪問介護】千葉県千葉市花見川区幕張本郷7-31-3", "url2": "https://www.kaigokensaku.mhlw.go.jp/12/index.php?action_kouhyou_detail_004_kani=true&JigyosyoCd=1270202615-00&ServiceCd=110&Type=search" }, "geometry": { "type": "Point", "coordinates": [ 140.049576699999989, 35.6733202 ] } },
{ "type": "Feature", "properties": { "内容": "ホームケアひかり【訪問介護】千葉県花見川区検見川町3-333-18", "url2": "https://www.kaigokensaku.mhlw.go.jp/12/index.php?action_kouhyou_detail_004_kani=true&JigyosyoCd=1270204025-00&ServiceCd=110&Type=search" }, "geometry": { "type": "Point", "coordinates": [ 140.0684655, 35.6468595 ] } },
{ "type": "Feature", "properties": { "内容": "癒しのヘルパーステーションまくはり【訪問介護】千葉県千葉市花見川区幕張町5-370-4", "url2": "https://www.kaigokensaku.mhlw.go.jp/12/index.php?action_kouhyou_detail_004_kani=true&JigyosyoCd=1270200841-00&ServiceCd=110&Type=search" }, "geometry": { "type": "Point", "coordinates": [ 140.060687799999982, 35.6536096 ] } },
{ "type": "Feature", "properties": { "内容": "ヘルパーステーションなのはな幕張事業所【訪問介護】千葉県千葉市花見川区幕張町5-225", "url2": "https://www.kaigokensaku.mhlw.go.jp/12/index.php?action_kouhyou_detail_004_kani=true&JigyosyoCd=1270200874-00&ServiceCd=110&Type=search" }, "geometry": { "type": "Point", "coordinates": [ 140.059666861376968, 35.655683869459963 ] } },
{ "type": "Feature", "properties": { "内容": "マウントバード訪問介護【訪問介護】千葉県千葉市花見川区千種町231", "url2": "https://www.kaigokensaku.mhlw.go.jp/12/index.php?action_kouhyou_detail_004_kani=true&JigyosyoCd=1270201583-00&ServiceCd=110&Type=search" }, "geometry": { "type": "Point", "coordinates": [ 140.1148733, 35.6773763 ] } },
{ "type": "Feature", "properties": { "内容": "エルケア検見川ケアセンター【訪問介護】千葉県千葉市花見川区検見川町1-107-18", "url2": "https://www.kaigokensaku.mhlw.go.jp/12/index.php?action_kouhyou_detail_004_kani=true&JigyosyoCd=1270202771-00&ServiceCd=110&Type=search" }, "geometry": { "type": "Point", "coordinates": [ 140.065736468651636, 35.651631719529924 ] } },
{ "type": "Feature", "properties": { "内容": "夢のケアステーション【訪問介護】千葉県千葉市花見川区犢橋町678-1", "url2": "https://www.kaigokensaku.mhlw.go.jp/12/index.php?action_kouhyou_detail_004_kani=true&JigyosyoCd=1270203019-00&ServiceCd=110&Type=search" }, "geometry": { "type": "Point", "coordinates": [ 140.103732700000023, 35.6772732 ] } },
{ "type": "Feature", "properties": { "内容": "Ｈａｎａヘルパーステーションさつきが丘【訪問介護】千葉県千葉市花見川区さつきが丘2-1-1ビューアイランドさつきが丘１０７号", "url2": "https://www.kaigokensaku.mhlw.go.jp/12/index.php?action_kouhyou_detail_004_kani=true&JigyosyoCd=1270203191-00&ServiceCd=110&Type=search" }, "geometry": { "type": "Point", "coordinates": [ 140.0929092, 35.662794 ] } },
{ "type": "Feature", "properties": { "内容": "SOMPOケア幕張訪問介護【訪問介護】千葉県千葉市花見川区幕張町6-112-1マイホーム幕張2階202号室", "url2": "https://www.kaigokensaku.mhlw.go.jp/12/index.php?action_kouhyou_detail_004_kani=true&JigyosyoCd=1270203936-00&ServiceCd=110&Type=search" }, "geometry": { "type": "Point", "coordinates": [ 140.058663700000011, 35.659609 ] } },
{ "type": "Feature", "properties": { "内容": "在宅支援がってん！となり組【訪問介護】千葉県千葉市花見川区花園２丁目９番９号", "url2": "https://www.kaigokensaku.mhlw.go.jp/12/index.php?action_kouhyou_detail_004_kani=true&JigyosyoCd=1270203340-00&ServiceCd=110&Type=search" }, "geometry": { "type": "Point", "coordinates": [ 140.070953706745968, 35.653119594579778 ] } },
{ "type": "Feature", "properties": { "内容": "グッドタイムケア・幕張弐番館【訪問介護】千葉県千葉市花見川区幕張町6-77-17グッドタイムナーシングホーム・幕張弐番館", "url2": "https://www.kaigokensaku.mhlw.go.jp/12/index.php?action_kouhyou_detail_004_kani=true&JigyosyoCd=1270203738-00&ServiceCd=110&Type=search" }, "geometry": { "type": "Point", "coordinates": [ 140.060681100000011, 35.6618986 ] } },
{ "type": "Feature", "properties": { "内容": "特定非営利活動法人まごころサービス千葉【訪問介護】千葉県千葉市花見川区幕張本郷１丁目２３番１５号グランドゥール第２－１０７号", "url2": "https://www.kaigokensaku.mhlw.go.jp/12/index.php?action_kouhyou_detail_004_kani=true&JigyosyoCd=1270200239-00&ServiceCd=110&Type=search" }, "geometry": { "type": "Point", "coordinates": [ 140.037190099999947, 35.6712999 ] } },
{ "type": "Feature", "properties": { "内容": "訪問介護事業所ゆーはーと【訪問介護】千葉県千葉市花見川区三角町275－2ケ―テイーマンション102", "url2": "https://www.kaigokensaku.mhlw.go.jp/12/index.php?action_kouhyou_detail_004_kani=true&JigyosyoCd=1270201427-00&ServiceCd=110&Type=search" }, "geometry": { "type": "Point", "coordinates": [ 140.114914545388103, 35.687888695121103 ] } },
{ "type": "Feature", "properties": { "内容": "さくらひめサポート【訪問介護】千葉市花見川区幕張町3-1113-4サンスプレンダー203", "url2": "https://www.kaigokensaku.mhlw.go.jp/12/index.php?action_kouhyou_detail_004_kani=true&JigyosyoCd=1270202045-00&ServiceCd=110&Type=search" }, "geometry": { "type": "Point", "coordinates": [ 140.054528, 35.6646755 ] } },
{ "type": "Feature", "properties": { "内容": "コープみらい花見川介護センター【訪問介護】千葉県千葉市花見川区作新台6-9-1", "url2": "https://www.kaigokensaku.mhlw.go.jp/12/index.php?action_kouhyou_detail_004_kani=true&JigyosyoCd=1270202631-00&ServiceCd=110&Type=search" }, "geometry": { "type": "Point", "coordinates": [ 140.0886061, 35.6870331 ] } },
{ "type": "Feature", "properties": { "内容": "アースサポート幕張【訪問介護】千葉県千葉市花見川区幕張町5丁目447番地8号２階", "url2": "https://www.kaigokensaku.mhlw.go.jp/12/index.php?action_kouhyou_detail_004_kani=true&JigyosyoCd=1270203266-00&ServiceCd=110&Type=search" }, "geometry": { "type": "Point", "coordinates": [ 140.054001800000037, 35.6575167 ] } },
{ "type": "Feature", "properties": { "内容": "Ｈａｎａヘルパーステーション花見川【訪問介護】千葉県千葉市花見川区幕張本郷２丁目４１－５", "url2": "https://www.kaigokensaku.mhlw.go.jp/12/index.php?action_kouhyou_detail_004_kani=true&JigyosyoCd=1270201930-00&ServiceCd=110&Type=search" }, "geometry": { "type": "Point", "coordinates": [ 140.0452355, 35.6694233 ] } },
{ "type": "Feature", "properties": { "内容": "福祉の相談室花見川【訪問介護】さつきが丘2丁目34番地さつきが丘西団地1号棟403", "url2": "https://www.kaigokensaku.mhlw.go.jp/12/index.php?action_kouhyou_detail_004_kani=true&JigyosyoCd=1270203803-00&ServiceCd=110&Type=search" }, "geometry": { "type": "Point", "coordinates": [ 140.0949167, 35.6682876 ] } },
{ "type": "Feature", "properties": { "内容": "リフィックス幕張【訪問介護】千葉県千葉市花見川区幕張本郷4-7-17MHビル102号室", "url2": "https://www.kaigokensaku.mhlw.go.jp/12/index.php?action_kouhyou_detail_004_kani=true&JigyosyoCd=1270204058-00&ServiceCd=110&Type=search" }, "geometry": { "type": "Point", "coordinates": [ 140.050746263159937, 35.669352104123625 ] } },
{ "type": "Feature", "properties": { "内容": "生活クラブ風の村介護ステーション稲毛【訪問介護】千葉県千葉市稲毛区園生町１１０７－７", "url2": "https://www.kaigokensaku.mhlw.go.jp/12/index.php?action_kouhyou_detail_004_kani=true&JigyosyoCd=1270301607-00&ServiceCd=110&Type=search" }, "geometry": { "type": "Point", "coordinates": [ 140.103566900000033, 35.641189 ] } },
{ "type": "Feature", "properties": { "内容": "ウィッシュ【訪問介護】千葉県千葉市稲毛区宮野木町１７２２－１４７", "url2": "https://www.kaigokensaku.mhlw.go.jp/12/index.php?action_kouhyou_detail_004_kani=true&JigyosyoCd=1270301516-00&ServiceCd=110&Type=search" }, "geometry": { "type": "Point", "coordinates": [ 140.107644, 35.6536708 ] } },
{ "type": "Feature", "properties": { "内容": "ホンマケアサービス稲毛【訪問介護】千葉県千葉市稲毛区長沼町134-5", "url2": "https://www.kaigokensaku.mhlw.go.jp/12/index.php?action_kouhyou_detail_004_kani=true&JigyosyoCd=1270302738-00&ServiceCd=110&Type=search" }, "geometry": { "type": "Point", "coordinates": [ 140.1186021, 35.6629602 ] } },
{ "type": "Feature", "properties": { "内容": "ケア・サービス花見川介護事業所【訪問介護】千葉県千葉市稲毛区長沼原497-7", "url2": "https://www.kaigokensaku.mhlw.go.jp/12/index.php?action_kouhyou_detail_004_kani=true&JigyosyoCd=1270301979-00&ServiceCd=110&Type=search" }, "geometry": { "type": "Point", "coordinates": [ 140.130655599999955, 35.6735968 ] } },
{ "type": "Feature", "properties": { "内容": "ファーストステージ稲毛【訪問介護】千葉県千葉市稲毛区園生町1025-1", "url2": "https://www.kaigokensaku.mhlw.go.jp/12/index.php?action_kouhyou_detail_004_kani=true&JigyosyoCd=1270301904-00&ServiceCd=110&Type=search" }, "geometry": { "type": "Point", "coordinates": [ 140.106885899999952, 35.6390978 ] } },
{ "type": "Feature", "properties": { "内容": "はなみずきヘルパーステーション【訪問介護】山王町２７１－３", "url2": "https://www.kaigokensaku.mhlw.go.jp/12/index.php?action_kouhyou_detail_004_kani=true&JigyosyoCd=1270302969-00&ServiceCd=110&Type=search" }, "geometry": { "type": "Point", "coordinates": [ 140.1341923, 35.6607501 ] } },
{ "type": "Feature", "properties": { "内容": "スマイルケアサービス【訪問介護】千葉市稲毛区小中台町２７５－１", "url2": "https://www.kaigokensaku.mhlw.go.jp/12/index.php?action_kouhyou_detail_004_kani=true&JigyosyoCd=1270301276-00&ServiceCd=110&Type=search" }, "geometry": { "type": "Point", "coordinates": [ 140.097704099999987, 35.6480031 ] } },
{ "type": "Feature", "properties": { "内容": "虹色介護ステーション【訪問介護】千葉県千葉市稲毛区六方町25-2", "url2": "https://www.kaigokensaku.mhlw.go.jp/12/index.php?action_kouhyou_detail_004_kani=true&JigyosyoCd=1270302001-00&ServiceCd=110&Type=search" }, "geometry": { "type": "Point", "coordinates": [ 140.147514250387019, 35.658019829408666 ] } },
{ "type": "Feature", "properties": { "内容": "優らいふ　いなげステーション【訪問介護】千葉県千葉市稲毛区宮野木町1157－５エムズガーデン302", "url2": "https://www.kaigokensaku.mhlw.go.jp/12/index.php?action_kouhyou_detail_004_kani=true&JigyosyoCd=1270302522-00&ServiceCd=110&Type=search" }, "geometry": { "type": "Point", "coordinates": [ 140.101405800000066, 35.6542038 ] } },
{ "type": "Feature", "properties": { "内容": "かいごせんたー　じゅじゅしんみなと【訪問介護】千葉県千葉市稲毛区稲毛東3-4-162階", "url2": "https://www.kaigokensaku.mhlw.go.jp/12/index.php?action_kouhyou_detail_004_kani=true&JigyosyoCd=1270302936-00&ServiceCd=110&Type=search" }, "geometry": { "type": "Point", "coordinates": [ 140.08990270000001, 35.6359816 ] } },
{ "type": "Feature", "properties": { "内容": "癒しのヘルパーステーション稲毛園生【訪問介護】千葉県千葉市稲毛区園生町268-3", "url2": "https://www.kaigokensaku.mhlw.go.jp/12/index.php?action_kouhyou_detail_004_kani=true&JigyosyoCd=1270302399-00&ServiceCd=110&Type=search" }, "geometry": { "type": "Point", "coordinates": [ 140.106933, 35.6502323 ] } },
{ "type": "Feature", "properties": { "内容": "ソフトケア稲毛【訪問介護】千葉県千葉市稲毛区轟町１丁目8-9ハイツ菊地101", "url2": "https://www.kaigokensaku.mhlw.go.jp/12/index.php?action_kouhyou_detail_004_kani=true&JigyosyoCd=1270303066-00&ServiceCd=110&Type=search" }, "geometry": { "type": "Point", "coordinates": [ 140.108642300000014, 35.627173 ] } },
{ "type": "Feature", "properties": { "内容": "ヘルパーステーションおきらく【訪問介護】千葉県千葉市稲毛区轟町4-1-10", "url2": "https://www.kaigokensaku.mhlw.go.jp/12/index.php?action_kouhyou_detail_004_kani=true&JigyosyoCd=1270303249-00&ServiceCd=110&Type=search" }, "geometry": { "type": "Point", "coordinates": [ 140.1137443, 35.6251164 ] } },
{ "type": "Feature", "properties": { "内容": "花いちりん千葉【訪問介護】千葉市稲毛区宮野木町1722ー89ﾍﾞﾙｼｵﾝ宮野木102号", "url2": "https://www.kaigokensaku.mhlw.go.jp/12/index.php?action_kouhyou_detail_004_kani=true&JigyosyoCd=1270300799-00&ServiceCd=110&Type=search" }, "geometry": { "type": "Point", "coordinates": [ 140.108828003351647, 35.654785840583031 ] } },
{ "type": "Feature", "properties": { "内容": "稲毛やわらぎ【訪問介護】千葉県千葉市稲毛区山王町142-1", "url2": "https://www.kaigokensaku.mhlw.go.jp/12/index.php?action_kouhyou_detail_004_kani=true&JigyosyoCd=1270301771-00&ServiceCd=110&Type=search" }, "geometry": { "type": "Point", "coordinates": [ 140.1417609, 35.6638101 ] } },
{ "type": "Feature", "properties": { "内容": "合同会社たいよう【訪問介護】千葉県千葉市稲毛区園生町1325-8サンクレイドル稲毛スポーツセンター401号", "url2": "https://www.kaigokensaku.mhlw.go.jp/12/index.php?action_kouhyou_detail_004_kani=true&JigyosyoCd=1270302712-00&ServiceCd=110&Type=search" }, "geometry": { "type": "Point", "coordinates": [ 140.123806699999932, 35.6526992 ] } },
{ "type": "Feature", "properties": { "内容": "プラチナ・訪問介護ステーションいなげ【訪問介護】千葉県千葉市稲毛区山王町103-4", "url2": "https://www.kaigokensaku.mhlw.go.jp/12/index.php?action_kouhyou_detail_004_kani=true&JigyosyoCd=1270301102-00&ServiceCd=110&Type=search" }, "geometry": { "type": "Point", "coordinates": [ 140.143992902131799, 35.663139942695913 ] } },
{ "type": "Feature", "properties": { "内容": "ゴールデンケア稲毛【訪問介護】千葉県千葉市稲毛区稲毛東３－６－１８須藤第5マンション２０１", "url2": "https://www.kaigokensaku.mhlw.go.jp/12/index.php?action_kouhyou_detail_004_kani=true&JigyosyoCd=1270302894-00&ServiceCd=110&Type=search" }, "geometry": { "type": "Point", "coordinates": [ 140.089678513474439, 35.637251374044929 ] } },
{ "type": "Feature", "properties": { "内容": "ゴールデンケア稲毛ネクスト【訪問介護】千葉県千葉市稲毛区小仲台３－２－９グラシア小仲台１F", "url2": "https://www.kaigokensaku.mhlw.go.jp/12/index.php?action_kouhyou_detail_004_kani=true&JigyosyoCd=1270303116-00&ServiceCd=110&Type=search" }, "geometry": { "type": "Point", "coordinates": [ 140.098133499999989, 35.6365437 ] } },
{ "type": "Feature", "properties": { "内容": "富家千葉訪問介護ステーション【訪問介護】千葉県千葉市稲毛区長沼原町277-1", "url2": "https://www.kaigokensaku.mhlw.go.jp/12/index.php?action_kouhyou_detail_004_kani=true&JigyosyoCd=1270303256-00&ServiceCd=110&Type=search" }, "geometry": { "type": "Point", "coordinates": [ 140.1287182, 35.6694249 ] } },
{ "type": "Feature", "properties": { "内容": "アースサポート千葉【訪問介護】千葉県千葉市稲毛区稲毛3丁目10番24号", "url2": "https://www.kaigokensaku.mhlw.go.jp/12/index.php?action_kouhyou_detail_004_kani=true&JigyosyoCd=1270301201-00&ServiceCd=110&Type=search" }, "geometry": { "type": "Point", "coordinates": [ 140.08527730000003, 35.6384051 ] } },
{ "type": "Feature", "properties": { "内容": "合同会社ふっとてっく【訪問介護】千葉市稲毛区稲丘町５番21号ライオンズマンション稲毛205号", "url2": "https://www.kaigokensaku.mhlw.go.jp/12/index.php?action_kouhyou_detail_004_kani=true&JigyosyoCd=1270302993-00&ServiceCd=110&Type=search" }, "geometry": { "type": "Point", "coordinates": [ 140.0877422, 35.6305743 ] } },
{ "type": "Feature", "properties": { "内容": "ニチイケアセンター西千葉【訪問介護】千葉県千葉市稲毛区緑町1－18－3新日本オフィスビル102", "url2": "https://www.kaigokensaku.mhlw.go.jp/12/index.php?action_kouhyou_detail_004_kani=true&JigyosyoCd=1270300096-00&ServiceCd=110&Type=search" }, "geometry": { "type": "Point", "coordinates": [ 140.0996275, 35.6241201 ] } },
{ "type": "Feature", "properties": { "内容": "さわやかケア稲毛・訪問介護【訪問介護】千葉市稲毛区稲毛東３－４－１５吉田ビル２階", "url2": "https://www.kaigokensaku.mhlw.go.jp/12/index.php?action_kouhyou_detail_004_kani=true&JigyosyoCd=1270300815-00&ServiceCd=110&Type=search" }, "geometry": { "type": "Point", "coordinates": [ 140.090074100000038, 35.6361083 ] } },
{ "type": "Feature", "properties": { "内容": "ツクイ千葉稲毛【訪問介護】千葉県千葉市稲毛区小中台町1498-5", "url2": "https://www.kaigokensaku.mhlw.go.jp/12/index.php?action_kouhyou_detail_004_kani=true&JigyosyoCd=1270300393-00&ServiceCd=110&Type=search" }, "geometry": { "type": "Point", "coordinates": [ 140.085182337257237, 35.64824336692606 ] } },
{ "type": "Feature", "properties": { "内容": "スマイル介護サービス七夢【訪問介護】千葉県千葉市稲毛区宮野木町1652-148Ｋハイツ101", "url2": "https://www.kaigokensaku.mhlw.go.jp/12/index.php?action_kouhyou_detail_004_kani=true&JigyosyoCd=1270302183-00&ServiceCd=110&Type=search" }, "geometry": { "type": "Point", "coordinates": [ 140.106669700305815, 35.654684100000019 ] } },
{ "type": "Feature", "properties": { "内容": "SOMPOケア　千葉作草部　訪問介護【訪問介護】千葉県千葉市稲毛区作草部町578-1101号2階", "url2": "https://www.kaigokensaku.mhlw.go.jp/12/index.php?action_kouhyou_detail_004_kani=true&JigyosyoCd=1270302670-00&ServiceCd=110&Type=search" }, "geometry": { "type": "Point", "coordinates": [ 140.119785399999955, 35.6251811 ] } },
{ "type": "Feature", "properties": { "内容": "グリーンケアプラザ【訪問介護】千葉県千葉市稲毛区宮野木町1755-13", "url2": "https://www.kaigokensaku.mhlw.go.jp/12/index.php?action_kouhyou_detail_004_kani=true&JigyosyoCd=1270302761-00&ServiceCd=110&Type=search" }, "geometry": { "type": "Point", "coordinates": [ 140.107599100000016, 35.657497400000011 ] } },
{ "type": "Feature", "properties": { "内容": "医心館訪問介護ステーション稲毛【訪問介護】千葉県千葉市稲毛区稲毛東3丁目4番17号", "url2": "https://www.kaigokensaku.mhlw.go.jp/12/index.php?action_kouhyou_detail_004_kani=true&JigyosyoCd=1270303009-00&ServiceCd=110&Type=search" }, "geometry": { "type": "Point", "coordinates": [ 140.0897692, 35.6359884 ] } },
{ "type": "Feature", "properties": { "内容": "アイテム介護サービス【訪問介護】千葉県千葉市稲毛区園生町781-1ダイアパレス稲毛緑園都市Ｂ-910", "url2": "https://www.kaigokensaku.mhlw.go.jp/12/index.php?action_kouhyou_detail_004_kani=true&JigyosyoCd=1270302100-00&ServiceCd=110&Type=search" }, "geometry": { "type": "Point", "coordinates": [ 140.1075386, 35.6460746 ] } },
{ "type": "Feature", "properties": { "内容": "ひばりサービス稲毛センター【訪問介護】千葉県千葉市稲毛区稲毛東3-16-13二葉ビル3FC号室", "url2": "https://www.kaigokensaku.mhlw.go.jp/12/index.php?action_kouhyou_detail_004_kani=true&JigyosyoCd=1270302753-00&ServiceCd=110&Type=search" }, "geometry": { "type": "Point", "coordinates": [ 140.090165326983623, 35.637408402285793 ] } },
{ "type": "Feature", "properties": { "内容": "Ｈａｎａヘルパーステーション四街道【訪問介護】千葉市稲毛区小深町32-4", "url2": "https://www.kaigokensaku.mhlw.go.jp/12/index.php?action_kouhyou_detail_004_kani=true&JigyosyoCd=1270303173-00&ServiceCd=110&Type=search" }, "geometry": { "type": "Point", "coordinates": [ 140.153919800000011, 35.6566054 ] } },
{ "type": "Feature", "properties": { "内容": "東京海上日動みずたま介護ＳＴ千葉【訪問介護】千葉県千葉市稲毛区小仲台３丁目8-5KAビル４階", "url2": "https://www.kaigokensaku.mhlw.go.jp/12/index.php?action_kouhyou_detail_004_kani=true&JigyosyoCd=1270302381-00&ServiceCd=110&Type=search" }, "geometry": { "type": "Point", "coordinates": [ 140.097195789383477, 35.638726386817176 ] } },
{ "type": "Feature", "properties": { "内容": "Y'sケアセンター【訪問介護】千葉県千葉市若葉区小倉台3-4-52階", "url2": "https://www.kaigokensaku.mhlw.go.jp/12/index.php?action_kouhyou_detail_004_kani=true&JigyosyoCd=1270402371-00&ServiceCd=110&Type=search" }, "geometry": { "type": "Point", "coordinates": [ 140.17572819999998, 35.6287164 ] } },
{ "type": "Feature", "properties": { "内容": "やさしい手都賀巡回訪問介護事業所【訪問介護】千葉県千葉市若葉区都賀5-19-1グランドマストやさしえ都賀", "url2": "https://www.kaigokensaku.mhlw.go.jp/12/index.php?action_kouhyou_detail_004_kani=true&JigyosyoCd=1270403155-00&ServiceCd=110&Type=search" }, "geometry": { "type": "Point", "coordinates": [ 140.154599598841884, 35.637842664898379 ] } },
{ "type": "Feature", "properties": { "内容": "機動戦隊バンブーレンジャー【訪問介護】千葉県千葉市若葉区西都賀4-2-19アイキョウーライブリービル203", "url2": "https://www.kaigokensaku.mhlw.go.jp/12/index.php?action_kouhyou_detail_004_kani=true&JigyosyoCd=1270402959-00&ServiceCd=110&Type=search" }, "geometry": { "type": "Point", "coordinates": [ 140.151445631282769, 35.638703672574245 ] } },
{ "type": "Feature", "properties": { "内容": "訪問介護事業所のぞみ【訪問介護】千葉県千葉市若葉区加曽利町866-7都町ハイリビング三番館１０３号室", "url2": "https://www.kaigokensaku.mhlw.go.jp/12/index.php?action_kouhyou_detail_004_kani=true&JigyosyoCd=1270402769-00&ServiceCd=110&Type=search" }, "geometry": { "type": "Point", "coordinates": [ 140.152419191622585, 35.609567124369015 ] } },
{ "type": "Feature", "properties": { "内容": "小倉ハーモニー【訪問介護】千葉県千葉市若葉区小倉台3-25-1", "url2": "https://www.kaigokensaku.mhlw.go.jp/12/index.php?action_kouhyou_detail_004_kani=true&JigyosyoCd=1270403700-00&ServiceCd=110&Type=search" }, "geometry": { "type": "Point", "coordinates": [ 140.173701899999969, 35.6257277 ] } },
{ "type": "Feature", "properties": { "内容": "アミカ若葉介護センター【訪問介護】千葉県千葉市若葉区都賀3-21-9BKハイツ302号", "url2": "https://www.kaigokensaku.mhlw.go.jp/12/index.php?action_kouhyou_detail_004_kani=true&JigyosyoCd=1270401951-00&ServiceCd=110&Type=search" }, "geometry": { "type": "Point", "coordinates": [ 140.151641700000027, 35.6343075 ] } },
{ "type": "Feature", "properties": { "内容": "訪問介護いろは【訪問介護】千葉県千葉市若葉区源町175－3大越ビル", "url2": "https://www.kaigokensaku.mhlw.go.jp/12/index.php?action_kouhyou_detail_004_kani=true&JigyosyoCd=1270403064-00&ServiceCd=110&Type=search" }, "geometry": { "type": "Point", "coordinates": [ 140.13141440000004, 35.64322660000002 ] } },
{ "type": "Feature", "properties": { "内容": "若葉ケアコミュニティそよ風【訪問介護】千葉県千葉市若葉区若松町2076-3", "url2": "https://www.kaigokensaku.mhlw.go.jp/12/index.php?action_kouhyou_detail_004_kani=true&JigyosyoCd=1270402215-00&ServiceCd=110&Type=search" }, "geometry": { "type": "Point", "coordinates": [ 140.1618102, 35.6348382 ] } },
{ "type": "Feature", "properties": { "内容": "訪問介護ひだまりの家【訪問介護】千葉県千葉市若葉区源町175-3大越ビル　1階", "url2": "https://www.kaigokensaku.mhlw.go.jp/12/index.php?action_kouhyou_detail_004_kani=true&JigyosyoCd=1270402256-00&ServiceCd=110&Type=search" }, "geometry": { "type": "Point", "coordinates": [ 140.131336599999941, 35.643196 ] } },
{ "type": "Feature", "properties": { "内容": "セイワ若松ホームヘルプステーション【訪問介護】千葉市若葉区若松町792-1", "url2": "https://www.kaigokensaku.mhlw.go.jp/12/index.php?action_kouhyou_detail_004_kani=true&JigyosyoCd=1270400219-00&ServiceCd=110&Type=search" }, "geometry": { "type": "Point", "coordinates": [ 140.143916499999932, 35.6537255 ] } },
{ "type": "Feature", "properties": { "内容": "若葉の丘ケアセンター【訪問介護】千葉市若葉区小倉町1763番地12", "url2": "https://www.kaigokensaku.mhlw.go.jp/12/index.php?action_kouhyou_detail_004_kani=true&JigyosyoCd=1270402173-00&ServiceCd=110&Type=search" }, "geometry": { "type": "Point", "coordinates": [ 140.164328325933894, 35.632453877284028 ] } },
{ "type": "Feature", "properties": { "内容": "ケアサポート　たちばな【訪問介護】千葉市若葉区大宮台１丁目１７－２１", "url2": "https://www.kaigokensaku.mhlw.go.jp/12/index.php?action_kouhyou_detail_004_kani=true&JigyosyoCd=1270402223-00&ServiceCd=110&Type=search" }, "geometry": { "type": "Point", "coordinates": [ 140.18512080000005, 35.5938657 ] } },
{ "type": "Feature", "properties": { "内容": "アイホープ【訪問介護】千葉県千葉市若葉区みつわ台5-12-1第5みつわ台ハイツO棟310", "url2": "https://www.kaigokensaku.mhlw.go.jp/12/index.php?action_kouhyou_detail_004_kani=true&JigyosyoCd=1270402413-00&ServiceCd=110&Type=search" }, "geometry": { "type": "Point", "coordinates": [ 140.134273243069657, 35.648760681258914 ] } },
{ "type": "Feature", "properties": { "内容": "ＳＯＭＰＯケア千葉都賀　訪問介護【訪問介護】千葉県千葉市若葉区桜木北2-11-11", "url2": "https://www.kaigokensaku.mhlw.go.jp/12/index.php?action_kouhyou_detail_004_kani=true&JigyosyoCd=1270403593-00&ServiceCd=110&Type=search" }, "geometry": { "type": "Point", "coordinates": [ 140.156411700000064, 35.6372067 ] } },
{ "type": "Feature", "properties": { "内容": "憩ヘルパーステーション【訪問介護】千葉県千葉市若葉区大宮台3-18-15", "url2": "https://www.kaigokensaku.mhlw.go.jp/12/index.php?action_kouhyou_detail_004_kani=true&JigyosyoCd=1270404427-00&ServiceCd=110&Type=search" }, "geometry": { "type": "Point", "coordinates": [ 140.179853900000012, 35.5884195 ] } },
{ "type": "Feature", "properties": { "内容": "ヤックスヘルパーステーション千城台【訪問介護】千葉県千葉市若葉区千城台西２－１－３あんしんケアタウン千城台内", "url2": "https://www.kaigokensaku.mhlw.go.jp/12/index.php?action_kouhyou_detail_004_kani=true&JigyosyoCd=1270402918-00&ServiceCd=110&Type=search" }, "geometry": { "type": "Point", "coordinates": [ 140.187715799999978, 35.6223917 ] } },
{ "type": "Feature", "properties": { "内容": "コープみらい桜木介護センター【訪問介護】千葉県千葉市若葉区桜木北2-26-30", "url2": "https://www.kaigokensaku.mhlw.go.jp/12/index.php?action_kouhyou_detail_004_kani=true&JigyosyoCd=1270402322-00&ServiceCd=110&Type=search" }, "geometry": { "type": "Point", "coordinates": [ 140.159257799999978, 35.6328106 ] } },
{ "type": "Feature", "properties": { "内容": "株式会社トータルケア　ヘルパーステーション緑【訪問介護】桜木7丁目5-71桜木第2コーポ101", "url2": "https://www.kaigokensaku.mhlw.go.jp/12/index.php?action_kouhyou_detail_004_kani=true&JigyosyoCd=1270404450-00&ServiceCd=110&Type=search" }, "geometry": { "type": "Point", "coordinates": [ 140.1587867, 35.6284976 ] } },
{ "type": "Feature", "properties": { "内容": "介護医療院秀眉園　訪問介護事業所【訪問介護】千葉県千葉市若葉区加曽利町1803-1", "url2": "https://www.kaigokensaku.mhlw.go.jp/12/index.php?action_kouhyou_detail_004_kani=true&JigyosyoCd=1270400680-00&ServiceCd=110&Type=search" }, "geometry": { "type": "Point", "coordinates": [ 140.1705902, 35.6179062 ] } },
{ "type": "Feature", "properties": { "内容": "スマイル訪問介護【訪問介護】貝塚2-4-28", "url2": "https://www.kaigokensaku.mhlw.go.jp/12/index.php?action_kouhyou_detail_004_kani=true&JigyosyoCd=1270404070-00&ServiceCd=110&Type=search" }, "geometry": { "type": "Point", "coordinates": [ 140.14466010000001, 35.6227386 ] } },
{ "type": "Feature", "properties": { "内容": "訪問介護事業所エール若葉【訪問介護】千葉県千葉市若葉区西都賀2-10-8シーダーヒルズ101号", "url2": "https://www.kaigokensaku.mhlw.go.jp/12/index.php?action_kouhyou_detail_004_kani=true&JigyosyoCd=1270404153-00&ServiceCd=110&Type=search" }, "geometry": { "type": "Point", "coordinates": [ 140.1443088, 35.6385037 ] } },
{ "type": "Feature", "properties": { "内容": "こころ【訪問介護】みつわ台3-10-2-301", "url2": "https://www.kaigokensaku.mhlw.go.jp/12/index.php?action_kouhyou_detail_004_kani=true&JigyosyoCd=1270404351-00&ServiceCd=110&Type=search" }, "geometry": { "type": "Point", "coordinates": [ 140.134770123411982, 35.639205994333437 ] } },
{ "type": "Feature", "properties": { "内容": "ホ－ムヘルプ若葉泉の里【訪問介護】千葉県千葉市若葉区野呂町1791-3", "url2": "https://www.kaigokensaku.mhlw.go.jp/12/index.php?action_kouhyou_detail_004_kani=true&JigyosyoCd=1270402165-00&ServiceCd=110&Type=search" }, "geometry": { "type": "Point", "coordinates": [ 140.2272653, 35.5841461 ] } },
{ "type": "Feature", "properties": { "内容": "ケアステーション　コスモス【訪問介護】千葉市若葉区千城台東3-35-8", "url2": "https://www.kaigokensaku.mhlw.go.jp/12/index.php?action_kouhyou_detail_004_kani=true&JigyosyoCd=1270401001-00&ServiceCd=110&Type=search" }, "geometry": { "type": "Point", "coordinates": [ 140.198748121020571, 35.620654081562243 ] } },
{ "type": "Feature", "properties": { "内容": "千葉ハートケア訪問介護サービス【訪問介護】千葉市若葉区多部田町１５９２-２", "url2": "https://www.kaigokensaku.mhlw.go.jp/12/index.php?action_kouhyou_detail_004_kani=true&JigyosyoCd=1270401399-00&ServiceCd=110&Type=search" }, "geometry": { "type": "Point", "coordinates": [ 140.200931154002348, 35.600545652431194 ] } },
{ "type": "Feature", "properties": { "内容": "ケアステーションきずな【訪問介護】千葉県千葉市若葉区桜木3-17-2", "url2": "https://www.kaigokensaku.mhlw.go.jp/12/index.php?action_kouhyou_detail_004_kani=true&JigyosyoCd=1270401738-00&ServiceCd=110&Type=search" }, "geometry": { "type": "Point", "coordinates": [ 140.159924522753926, 35.622878173913925 ] } },
{ "type": "Feature", "properties": { "内容": "プラチナ訪問介護ステーション都賀駅前【訪問介護】千葉県千葉市若葉区都賀3丁目32番1号プラチナシニアホーム都賀駅前", "url2": "https://www.kaigokensaku.mhlw.go.jp/12/index.php?action_kouhyou_detail_004_kani=true&JigyosyoCd=1270403759-00&ServiceCd=110&Type=search" }, "geometry": { "type": "Point", "coordinates": [ 140.152345056973644, 35.637278414402658 ] } },
{ "type": "Feature", "properties": { "内容": "訪問介護ステーションM'style【訪問介護】千葉県千葉市若葉区大宮町３８５１", "url2": "https://www.kaigokensaku.mhlw.go.jp/12/index.php?action_kouhyou_detail_004_kani=true&JigyosyoCd=1270403767-00&ServiceCd=110&Type=search" }, "geometry": { "type": "Point", "coordinates": [ 140.17186259999994, 35.5966876 ] } },
{ "type": "Feature", "properties": { "内容": "HoneyBee【訪問介護】千葉県千葉市若葉区御成台3丁目7番地2", "url2": "https://www.kaigokensaku.mhlw.go.jp/12/index.php?action_kouhyou_detail_004_kani=true&JigyosyoCd=1270403981-00&ServiceCd=110&Type=search" }, "geometry": { "type": "Point", "coordinates": [ 140.200754546032698, 35.635113018297325 ] } },
{ "type": "Feature", "properties": { "内容": "アイナケアステーション【訪問介護】千葉県千葉市若葉区小倉台2-1035-27エムコーポ201", "url2": "https://www.kaigokensaku.mhlw.go.jp/12/index.php?action_kouhyou_detail_004_kani=true&JigyosyoCd=1270404088-00&ServiceCd=110&Type=search" }, "geometry": { "type": "Point", "coordinates": [ 140.1701468, 35.626778700000017 ] } },
{ "type": "Feature", "properties": { "内容": "あんしん快護株式会社【訪問介護】千葉県千葉市若葉区御成台3-9-9", "url2": "https://www.kaigokensaku.mhlw.go.jp/12/index.php?action_kouhyou_detail_004_kani=true&JigyosyoCd=1270404146-00&ServiceCd=110&Type=search" }, "geometry": { "type": "Point", "coordinates": [ 140.202571442906532, 35.633476255730521 ] } },
{ "type": "Feature", "properties": { "内容": "あみ訪問ヘルパーステーション【訪問介護】若松町531-578", "url2": "https://www.kaigokensaku.mhlw.go.jp/12/index.php?action_kouhyou_detail_004_kani=true&JigyosyoCd=1270404195-00&ServiceCd=110&Type=search" }, "geometry": { "type": "Point", "coordinates": [ 140.1461088, 35.6459203 ] } },
{ "type": "Feature", "properties": { "内容": "ゴールデンケア都町【訪問介護】若葉区貝塚町551-1車坂貸事務所B棟2階", "url2": "https://www.kaigokensaku.mhlw.go.jp/12/index.php?action_kouhyou_detail_004_kani=true&JigyosyoCd=1270404260-00&ServiceCd=110&Type=search" }, "geometry": { "type": "Point", "coordinates": [ 140.144058657672133, 35.618401772977954 ] } },
{ "type": "Feature", "properties": { "内容": "訪問介護のメディカライフ加曽利【訪問介護】千葉県千葉市若葉区加曽利町702番17", "url2": "https://www.kaigokensaku.mhlw.go.jp/12/index.php?action_kouhyou_detail_004_kani=true&JigyosyoCd=1270404476-00&ServiceCd=110&Type=search" }, "geometry": { "type": "Point", "coordinates": [ 140.155197549737551, 35.61065155224864 ] } },
{ "type": "Feature", "properties": { "内容": "ニチイケアセンター千葉わかば【訪問介護】千葉市若葉区都賀3-19-1パープルヴィレッヂ103号", "url2": "https://www.kaigokensaku.mhlw.go.jp/12/index.php?action_kouhyou_detail_004_kani=true&JigyosyoCd=1270400532-00&ServiceCd=110&Type=search" }, "geometry": { "type": "Point", "coordinates": [ 140.150380700000028, 35.6333297 ] } },
{ "type": "Feature", "properties": { "内容": "訪問介護事業所　和陽園【訪問介護】千葉市若葉区千城台南４－１３－１", "url2": "https://www.kaigokensaku.mhlw.go.jp/12/index.php?action_kouhyou_detail_004_kani=true&JigyosyoCd=1270401415-00&ServiceCd=110&Type=search" }, "geometry": { "type": "Point", "coordinates": [ 140.190674700000045, 35.6139987 ] } },
{ "type": "Feature", "properties": { "内容": "Ｈａｎａヘルパーステーション高品【訪問介護】千葉県千葉市若葉区高品町1587-3菊泉ビル102号", "url2": "https://www.kaigokensaku.mhlw.go.jp/12/index.php?action_kouhyou_detail_004_kani=true&JigyosyoCd=1270402116-00&ServiceCd=110&Type=search" }, "geometry": { "type": "Point", "coordinates": [ 140.132484699999964, 35.6204827 ] } },
{ "type": "Feature", "properties": { "内容": "訪問介護サービスひびき【訪問介護】千葉県千葉市若葉区桜木５丁目３番１号モアクレスト千葉Ａ棟909", "url2": "https://www.kaigokensaku.mhlw.go.jp/12/index.php?action_kouhyou_detail_004_kani=true&JigyosyoCd=1270402793-00&ServiceCd=110&Type=search" }, "geometry": { "type": "Point", "coordinates": [ 140.153300899999977, 35.6222989 ] } },
{ "type": "Feature", "properties": { "内容": "ヘルパーステーションケアサービスてらす【訪問介護】千城台西2丁目9番5-1号", "url2": "https://www.kaigokensaku.mhlw.go.jp/12/index.php?action_kouhyou_detail_004_kani=true&JigyosyoCd=1270403171-00&ServiceCd=110&Type=search" }, "geometry": { "type": "Point", "coordinates": [ 140.186095654439328, 35.619602176390281 ] } },
{ "type": "Feature", "properties": { "内容": "訪問介護事業所　なな【訪問介護】千葉県千葉市若葉区都賀3-17-5戸村第二ハイツ101号", "url2": "https://www.kaigokensaku.mhlw.go.jp/12/index.php?action_kouhyou_detail_004_kani=true&JigyosyoCd=1270403734-00&ServiceCd=110&Type=search" }, "geometry": { "type": "Point", "coordinates": [ 140.149659199999974, 35.6342576 ] } },
{ "type": "Feature", "properties": { "内容": "ヘルパーステーションみっつの輪【訪問介護】千葉県千葉市若葉区若松町５３１－１３０サービス付き高齢者向け住宅みっつの輪1F事務室", "url2": "https://www.kaigokensaku.mhlw.go.jp/12/index.php?action_kouhyou_detail_004_kani=true&JigyosyoCd=1270402454-00&ServiceCd=110&Type=search" }, "geometry": { "type": "Point", "coordinates": [ 140.14387158885495, 35.647709611385579 ] } },
{ "type": "Feature", "properties": { "内容": "テルウェル東日本千葉若葉介護センタ【訪問介護】千葉市若葉区小倉台３－２－５ＭＫビル1階", "url2": "https://www.kaigokensaku.mhlw.go.jp/12/index.php?action_kouhyou_detail_004_kani=true&JigyosyoCd=1270400763-00&ServiceCd=110&Type=search" }, "geometry": { "type": "Point", "coordinates": [ 140.1730202, 35.6280026 ] } },
{ "type": "Feature", "properties": { "内容": "シャローム若葉訪問介護事業所【訪問介護】千葉県千葉市若葉区若松町2170-8", "url2": "https://www.kaigokensaku.mhlw.go.jp/12/index.php?action_kouhyou_detail_004_kani=true&JigyosyoCd=1270401639-00&ServiceCd=110&Type=search" }, "geometry": { "type": "Point", "coordinates": [ 140.174696642397294, 35.634742785071914 ] } },
{ "type": "Feature", "properties": { "内容": "アスモ介護サービス桜木【訪問介護】千葉県千葉市若葉区桜木5-10-12住宅型有料老人ホームベストライフ都賀内", "url2": "https://www.kaigokensaku.mhlw.go.jp/12/index.php?action_kouhyou_detail_004_kani=true&JigyosyoCd=1270402827-00&ServiceCd=110&Type=search" }, "geometry": { "type": "Point", "coordinates": [ 140.154983371302819, 35.625735229934925 ] } },
{ "type": "Feature", "properties": { "内容": "クラーチ訪問介護ステーション千葉【訪問介護】千葉県千葉市若葉区東寺山町７９０-１", "url2": "https://www.kaigokensaku.mhlw.go.jp/12/index.php?action_kouhyou_detail_004_kani=true&JigyosyoCd=1270402843-00&ServiceCd=110&Type=search" }, "geometry": { "type": "Point", "coordinates": [ 140.129777142991657, 35.624826478188275 ] } },
{ "type": "Feature", "properties": { "内容": "ケアタク【訪問介護】千葉県千葉市若葉区桜木4-17-39", "url2": "https://www.kaigokensaku.mhlw.go.jp/12/index.php?action_kouhyou_detail_004_kani=true&JigyosyoCd=1270403668-00&ServiceCd=110&Type=search" }, "geometry": { "type": "Point", "coordinates": [ 140.157561399999963, 35.625207 ] } },
{ "type": "Feature", "properties": { "内容": "訪問介護アベリア千葉【訪問介護】千葉県千葉市若葉区みつわ台3-10-2市瀬マンション202", "url2": "https://www.kaigokensaku.mhlw.go.jp/12/index.php?action_kouhyou_detail_004_kani=true&JigyosyoCd=1270404278-00&ServiceCd=110&Type=search" }, "geometry": { "type": "Point", "coordinates": [ 140.134795, 35.6392051 ] } },
{ "type": "Feature", "properties": { "内容": "ひまわりとそら訪問介護ステーション【訪問介護】千葉県千葉市若葉区桜木北1-3-18", "url2": "https://www.kaigokensaku.mhlw.go.jp/12/index.php?action_kouhyou_detail_004_kani=true&JigyosyoCd=1270402512-00&ServiceCd=110&Type=search" }, "geometry": { "type": "Point", "coordinates": [ 140.162313, 35.6319718 ] } },
{ "type": "Feature", "properties": { "内容": "元気サービス・千葉【訪問介護】小倉台2丁目1037-10", "url2": "https://www.kaigokensaku.mhlw.go.jp/12/index.php?action_kouhyou_detail_004_kani=true&JigyosyoCd=1270404468-00&ServiceCd=110&Type=search" }, "geometry": { "type": "Point", "coordinates": [ 140.171736399999986, 35.6243015 ] } },
{ "type": "Feature", "properties": { "内容": "ニチイケアセンター千城台【訪問介護】千葉県千葉市若葉区千城台北1-26-11", "url2": "https://www.kaigokensaku.mhlw.go.jp/12/index.php?action_kouhyou_detail_004_kani=true&JigyosyoCd=1270400771-00&ServiceCd=110&Type=search" }, "geometry": { "type": "Point", "coordinates": [ 140.18380860000002, 35.6266475 ] } },
{ "type": "Feature", "properties": { "内容": "ハピネスケアステーション【訪問介護】千葉県千葉市若葉区桜木４－９－４", "url2": "https://www.kaigokensaku.mhlw.go.jp/12/index.php?action_kouhyou_detail_004_kani=true&JigyosyoCd=1270401712-00&ServiceCd=110&Type=search" }, "geometry": { "type": "Point", "coordinates": [ 140.155241899999965, 35.6229393 ] } },
{ "type": "Feature", "properties": { "内容": "さんわケアサービス訪問介護事業所みつわ【訪問介護】千葉県千葉市若葉区殿台町399-4", "url2": "https://www.kaigokensaku.mhlw.go.jp/12/index.php?action_kouhyou_detail_004_kani=true&JigyosyoCd=1270402801-00&ServiceCd=110&Type=search" }, "geometry": { "type": "Point", "coordinates": [ 140.126824969905783, 35.634098155401965 ] } },
{ "type": "Feature", "properties": { "内容": "訪問介護事業所イーライフ若葉【訪問介護】千葉県千葉市若葉区都賀3-22-9ヴィラグレイス102", "url2": "https://www.kaigokensaku.mhlw.go.jp/12/index.php?action_kouhyou_detail_004_kani=true&JigyosyoCd=1270404161-00&ServiceCd=110&Type=search" }, "geometry": { "type": "Point", "coordinates": [ 140.151131099999986, 35.6344343 ] } },
{ "type": "Feature", "properties": { "内容": "土屋訪問介護事業所　千葉若葉センター【訪問介護】桜木8-30-2第四クロス１０１", "url2": "https://www.kaigokensaku.mhlw.go.jp/12/index.php?action_kouhyou_detail_004_kani=true&JigyosyoCd=1270404179-00&ServiceCd=110&Type=search" }, "geometry": { "type": "Point", "coordinates": [ 140.167561, 35.620897 ] } },
{ "type": "Feature", "properties": { "内容": "オクターヴ　ヘルパーステーション【訪問介護】千葉市緑区あすみが丘8丁目10-1", "url2": "https://www.kaigokensaku.mhlw.go.jp/12/index.php?action_kouhyou_detail_004_kani=true&JigyosyoCd=1270500935-00&ServiceCd=110&Type=search" }, "geometry": { "type": "Point", "coordinates": [ 140.271974900000032, 35.5193873 ] } },
{ "type": "Feature", "properties": { "内容": "訪問介護ステーション結び【訪問介護】あすみが丘5-6-2", "url2": "https://www.kaigokensaku.mhlw.go.jp/12/index.php?action_kouhyou_detail_004_kani=true&JigyosyoCd=1270502204-00&ServiceCd=110&Type=search" }, "geometry": { "type": "Point", "coordinates": [ 140.2636877, 35.5307356 ] } },
{ "type": "Feature", "properties": { "内容": "杏寿（アンズ）訪問介護センター【訪問介護】千葉県千葉市緑区平山町542-6", "url2": "https://www.kaigokensaku.mhlw.go.jp/12/index.php?action_kouhyou_detail_004_kani=true&JigyosyoCd=1270501933-00&ServiceCd=110&Type=search" }, "geometry": { "type": "Point", "coordinates": [ 140.2007896, 35.5797928 ] } },
{ "type": "Feature", "properties": { "内容": "有限会社　トータル介護サービスアイ　千葉営業所【訪問介護】千葉市緑区あすみが丘2-41-11", "url2": "https://www.kaigokensaku.mhlw.go.jp/12/index.php?action_kouhyou_detail_004_kani=true&JigyosyoCd=1270500281-00&ServiceCd=110&Type=search" }, "geometry": { "type": "Point", "coordinates": [ 140.2692659, 35.521887800000016 ] } },
{ "type": "Feature", "properties": { "内容": "学研ココファンあすみが丘HC【訪問介護】千葉県千葉市緑区あすみが丘3-52-6", "url2": "https://www.kaigokensaku.mhlw.go.jp/12/index.php?action_kouhyou_detail_004_kani=true&JigyosyoCd=1270501271-00&ServiceCd=110&Type=search" }, "geometry": { "type": "Point", "coordinates": [ 140.2631252, 35.5289142 ] } },
{ "type": "Feature", "properties": { "内容": "ハートフレンド誉田【訪問介護】千葉県千葉市緑区誉田町2-21-50ハートケアライフ誉田", "url2": "https://www.kaigokensaku.mhlw.go.jp/12/index.php?action_kouhyou_detail_004_kani=true&JigyosyoCd=1270501594-00&ServiceCd=110&Type=search" }, "geometry": { "type": "Point", "coordinates": [ 140.2124533, 35.5508068 ] } },
{ "type": "Feature", "properties": { "内容": "訪問介護事業所　ケアセンターといろ【訪問介護】千葉県千葉市緑区誉田町1-849-6誉田トーカンビル202", "url2": "https://www.kaigokensaku.mhlw.go.jp/12/index.php?action_kouhyou_detail_004_kani=true&JigyosyoCd=1270502485-00&ServiceCd=110&Type=search" }, "geometry": { "type": "Point", "coordinates": [ 140.194951, 35.547497 ] } },
{ "type": "Feature", "properties": { "内容": "訪問介護ステーションあいあい【訪問介護】千葉県千葉市緑区高津戸町318番地2", "url2": "https://www.kaigokensaku.mhlw.go.jp/12/index.php?action_kouhyou_detail_004_kani=true&JigyosyoCd=1270500448-00&ServiceCd=110&Type=search" }, "geometry": { "type": "Point", "coordinates": [ 140.262981299999979, 35.5372176 ] } },
{ "type": "Feature", "properties": { "内容": "ステップワン介護サービス【訪問介護】千葉県千葉市緑区誉田町2-24-15ロイヤルアスコット千葉", "url2": "https://www.kaigokensaku.mhlw.go.jp/12/index.php?action_kouhyou_detail_004_kani=true&JigyosyoCd=1270501941-00&ServiceCd=110&Type=search" }, "geometry": { "type": "Point", "coordinates": [ 140.211126791220153, 35.547457969645706 ] } },
{ "type": "Feature", "properties": { "内容": "訪問介護ステーションくりきんとん【訪問介護】あすみが丘4丁目１－１１布施ビル１F", "url2": "https://www.kaigokensaku.mhlw.go.jp/12/index.php?action_kouhyou_detail_004_kani=true&JigyosyoCd=1270502014-00&ServiceCd=110&Type=search" }, "geometry": { "type": "Point", "coordinates": [ 140.268806468348942, 35.523029864101105 ] } },
{ "type": "Feature", "properties": { "内容": "訪問介護　楽隠居【訪問介護】千葉県千葉市緑区おゆみ野南2－12－2サービス付き高齢者向け住宅　おゆみ野楽隠居倶楽部", "url2": "https://www.kaigokensaku.mhlw.go.jp/12/index.php?action_kouhyou_detail_004_kani=true&JigyosyoCd=1270501701-00&ServiceCd=110&Type=search" }, "geometry": { "type": "Point", "coordinates": [ 140.166918656483375, 35.5517892155151 ] } },
{ "type": "Feature", "properties": { "内容": "訪問介護事業所エール土気【訪問介護】千葉県千葉市緑区あすみが丘2-18-4パークハイツ102号室", "url2": "https://www.kaigokensaku.mhlw.go.jp/12/index.php?action_kouhyou_detail_004_kani=true&JigyosyoCd=1270502378-00&ServiceCd=110&Type=search" }, "geometry": { "type": "Point", "coordinates": [ 140.2702324, 35.5253363 ] } },
{ "type": "Feature", "properties": { "内容": "ケアステーション奏【訪問介護】千葉県千葉市緑区誉田町1-980-5", "url2": "https://www.kaigokensaku.mhlw.go.jp/12/index.php?action_kouhyou_detail_004_kani=true&JigyosyoCd=1270501768-00&ServiceCd=110&Type=search" }, "geometry": { "type": "Point", "coordinates": [ 140.2036124, 35.5606447 ] } },
{ "type": "Feature", "properties": { "内容": "訪問介護事業所エール市原【訪問介護】古市場町97-2エンゼルハイツ102", "url2": "https://www.kaigokensaku.mhlw.go.jp/12/index.php?action_kouhyou_detail_004_kani=true&JigyosyoCd=1270502238-00&ServiceCd=110&Type=search" }, "geometry": { "type": "Point", "coordinates": [ 140.1525746, 35.5416888 ] } },
{ "type": "Feature", "properties": { "内容": "OHANAケアステーションあすみが丘【訪問介護】あすみが丘５丁目７１－３ラフォーレビューC１０１", "url2": "https://www.kaigokensaku.mhlw.go.jp/12/index.php?action_kouhyou_detail_004_kani=true&JigyosyoCd=1270502444-00&ServiceCd=110&Type=search" }, "geometry": { "type": "Point", "coordinates": [ 140.2546872, 35.5226809 ] } },
{ "type": "Feature", "properties": { "内容": "ブルーバード【訪問介護】千葉市緑区古市場町474－154", "url2": "https://www.kaigokensaku.mhlw.go.jp/12/index.php?action_kouhyou_detail_004_kani=true&JigyosyoCd=1270502469-00&ServiceCd=110&Type=search" }, "geometry": { "type": "Point", "coordinates": [ 140.1456944, 35.5477202 ] } },
{ "type": "Feature", "properties": { "内容": "あったかケアセンター【訪問介護】千葉県千葉市緑区おゆみ野中央５－３１－１１", "url2": "https://www.kaigokensaku.mhlw.go.jp/12/index.php?action_kouhyou_detail_004_kani=true&JigyosyoCd=1270500604-00&ServiceCd=110&Type=search" }, "geometry": { "type": "Point", "coordinates": [ 140.1741333, 35.5563678 ] } },
{ "type": "Feature", "properties": { "内容": "ホームケアバナナ【訪問介護】あすみが丘東1-20-9", "url2": "https://www.kaigokensaku.mhlw.go.jp/12/index.php?action_kouhyou_detail_004_kani=true&JigyosyoCd=1270502428-00&ServiceCd=110&Type=search" }, "geometry": { "type": "Point", "coordinates": [ 140.280463700000013, 35.5265998 ] } },
{ "type": "Feature", "properties": { "内容": "合同会社　AND　YOU【訪問介護】千葉県千葉市緑区おゆみ野中央8-15-1Green8　B棟", "url2": "https://www.kaigokensaku.mhlw.go.jp/12/index.php?action_kouhyou_detail_004_kani=true&JigyosyoCd=1270502568-00&ServiceCd=110&Type=search" }, "geometry": { "type": "Point", "coordinates": [ 140.1863543, 35.548295500000016 ] } },
{ "type": "Feature", "properties": { "内容": "ゴールデンケアおゆみ野【訪問介護】千葉県千葉市緑区おゆみ野中央5-38-6アイランドビル102号室", "url2": "https://www.kaigokensaku.mhlw.go.jp/12/index.php?action_kouhyou_detail_004_kani=true&JigyosyoCd=1270502584-00&ServiceCd=110&Type=search" }, "geometry": { "type": "Point", "coordinates": [ 140.175103, 35.5555834 ] } },
{ "type": "Feature", "properties": { "内容": "「めだかの学校」指定訪問介護事業所【訪問介護】千葉県千葉市緑区あすみが丘1-7-7", "url2": "https://www.kaigokensaku.mhlw.go.jp/12/index.php?action_kouhyou_detail_004_kani=true&JigyosyoCd=1270500216-00&ServiceCd=110&Type=search" }, "geometry": { "type": "Point", "coordinates": [ 140.272978752778585, 35.529141366177761 ] } },
{ "type": "Feature", "properties": { "内容": "土気ヘルパーステーション【訪問介護】千葉県千葉市緑区土気町1632-6", "url2": "https://www.kaigokensaku.mhlw.go.jp/12/index.php?action_kouhyou_detail_004_kani=true&JigyosyoCd=1270500463-00&ServiceCd=110&Type=search" }, "geometry": { "type": "Point", "coordinates": [ 140.27264660000003, 35.5311081 ] } },
{ "type": "Feature", "properties": { "内容": "ファミリーケアセンター【訪問介護】千葉県緑区誉田町1-222", "url2": "https://www.kaigokensaku.mhlw.go.jp/12/index.php?action_kouhyou_detail_004_kani=true&JigyosyoCd=1270500489-00&ServiceCd=110&Type=search" }, "geometry": { "type": "Point", "coordinates": [ 140.195227, 35.552162700000011 ] } },
{ "type": "Feature", "properties": { "内容": "ぽかぽか介護おてんとさん【訪問介護】千葉市緑区あすみが丘1-38-1", "url2": "https://www.kaigokensaku.mhlw.go.jp/12/index.php?action_kouhyou_detail_004_kani=true&JigyosyoCd=1270501206-00&ServiceCd=110&Type=search" }, "geometry": { "type": "Point", "coordinates": [ 140.266249822134569, 35.529834085565646 ] } },
{ "type": "Feature", "properties": { "内容": "ヘルパーステーションすみれ【訪問介護】千葉県千葉市緑区高田町590", "url2": "https://www.kaigokensaku.mhlw.go.jp/12/index.php?action_kouhyou_detail_004_kani=true&JigyosyoCd=1270501321-00&ServiceCd=110&Type=search" }, "geometry": { "type": "Point", "coordinates": [ 140.213367100000028, 35.5671103 ] } },
{ "type": "Feature", "properties": { "内容": "アースサポート千葉緑【訪問介護】千葉県千葉市緑区おゆみ野3丁目41番地7", "url2": "https://www.kaigokensaku.mhlw.go.jp/12/index.php?action_kouhyou_detail_004_kani=true&JigyosyoCd=1270501511-00&ServiceCd=110&Type=search" }, "geometry": { "type": "Point", "coordinates": [ 140.176880500000038, 35.5584148 ] } },
{ "type": "Feature", "properties": { "内容": "訪問介護大杏【訪問介護】千葉県千葉市緑区おゆみ野南3-17-2-105グランドガーデニア１０５号", "url2": "https://www.kaigokensaku.mhlw.go.jp/12/index.php?action_kouhyou_detail_004_kani=true&JigyosyoCd=1270501529-00&ServiceCd=110&Type=search" }, "geometry": { "type": "Point", "coordinates": [ 140.206456600000024, 35.5494821 ] } },
{ "type": "Feature", "properties": { "内容": "ヘルパーステーション　きりん【訪問介護】千葉市緑区誉田町2-20-68第一コーポA棟102号室", "url2": "https://www.kaigokensaku.mhlw.go.jp/12/index.php?action_kouhyou_detail_004_kani=true&JigyosyoCd=1270502196-00&ServiceCd=110&Type=search" }, "geometry": { "type": "Point", "coordinates": [ 140.2193427, 35.548819844288715 ] } },
{ "type": "Feature", "properties": { "内容": "セントケア緑【訪問介護】千葉県千葉市緑区あすみが丘1-27-1ウイロウヒルⅡ101", "url2": "https://www.kaigokensaku.mhlw.go.jp/12/index.php?action_kouhyou_detail_004_kani=true&JigyosyoCd=1270502535-00&ServiceCd=110&Type=search" }, "geometry": { "type": "Point", "coordinates": [ 140.2684841, 35.5290693 ] } },
{ "type": "Feature", "properties": { "内容": "ヘルパーステーション日東【訪問介護】千葉県千葉市緑区土気町1731番地96", "url2": "https://www.kaigokensaku.mhlw.go.jp/12/index.php?action_kouhyou_detail_004_kani=true&JigyosyoCd=1270500711-00&ServiceCd=110&Type=search" }, "geometry": { "type": "Point", "coordinates": [ 140.263279821630249, 35.532258273892523 ] } },
{ "type": "Feature", "properties": { "内容": "Ｈａｎａヘルパーステーションおゆみ野【訪問介護】千葉県千葉市緑区おゆみ野1-21-6", "url2": "https://www.kaigokensaku.mhlw.go.jp/12/index.php?action_kouhyou_detail_004_kani=true&JigyosyoCd=1270501180-00&ServiceCd=110&Type=search" }, "geometry": { "type": "Point", "coordinates": [ 140.161780200000067, 35.5614505 ] } },
{ "type": "Feature", "properties": { "内容": "シンシアケア【訪問介護】千葉県千葉市緑区おゆみ野中央7-25-4RockYard101", "url2": "https://www.kaigokensaku.mhlw.go.jp/12/index.php?action_kouhyou_detail_004_kani=true&JigyosyoCd=1270501826-00&ServiceCd=110&Type=search" }, "geometry": { "type": "Point", "coordinates": [ 140.184113021686045, 35.54979261277996 ] } },
{ "type": "Feature", "properties": { "内容": "ドット３６５誉田（訪問介護）【訪問介護】千葉県千葉市緑区誉田町2-23-56第一物産誉田ビル", "url2": "https://www.kaigokensaku.mhlw.go.jp/12/index.php?action_kouhyou_detail_004_kani=true&JigyosyoCd=1270502121-00&ServiceCd=110&Type=search" }, "geometry": { "type": "Point", "coordinates": [ 140.209004735690314, 35.547890270181284 ] } },
{ "type": "Feature", "properties": { "内容": "ニチイケアセンター鎌取【訪問介護】千葉県千葉市緑区おゆみ野3-39-1セントアベニュービル1F", "url2": "https://www.kaigokensaku.mhlw.go.jp/12/index.php?action_kouhyou_detail_004_kani=true&JigyosyoCd=1270500091-00&ServiceCd=110&Type=search" }, "geometry": { "type": "Point", "coordinates": [ 140.1755971, 35.5582898 ] } },
{ "type": "Feature", "properties": { "内容": "訪問介護　はる【訪問介護】おゆみ野6-30-5ガーデンハイツD201", "url2": "https://www.kaigokensaku.mhlw.go.jp/12/index.php?action_kouhyou_detail_004_kani=true&JigyosyoCd=1270502360-00&ServiceCd=110&Type=search" }, "geometry": { "type": "Point", "coordinates": [ 140.200476900000012, 35.5428504 ] } },
{ "type": "Feature", "properties": { "内容": "訪問介護ステーションふたば・土気【訪問介護】千葉県千葉市緑区土気町1627-103", "url2": "https://www.kaigokensaku.mhlw.go.jp/12/index.php?action_kouhyou_detail_004_kani=true&JigyosyoCd=1270502519-00&ServiceCd=110&Type=search" }, "geometry": { "type": "Point", "coordinates": [ 140.2699505, 35.5321929 ] } },
{ "type": "Feature", "properties": { "内容": "イリーゼ誉田訪問介護センター【訪問介護】千葉市緑区誉田町2-23-2", "url2": "https://www.kaigokensaku.mhlw.go.jp/12/index.php?action_kouhyou_detail_004_kani=true&JigyosyoCd=1270502600-00&ServiceCd=110&Type=search" }, "geometry": { "type": "Point", "coordinates": [ 140.2143048, 35.548841 ] } },
{ "type": "Feature", "properties": { "内容": "特定非営利活動法人介護サポートつくしんぼ【訪問介護】千葉県千葉市美浜区磯辺6-1-6-201パイロットハウス検見川", "url2": "https://www.kaigokensaku.mhlw.go.jp/12/index.php?action_kouhyou_detail_004_kani=true&JigyosyoCd=1270600396-00&ServiceCd=110&Type=search" }, "geometry": { "type": "Point", "coordinates": [ 140.057096099999967, 35.6371267 ] } },
{ "type": "Feature", "properties": { "内容": "ベイライフ千葉【訪問介護】千葉市美浜区高洲1-16-15-205", "url2": "https://www.kaigokensaku.mhlw.go.jp/12/index.php?action_kouhyou_detail_004_kani=true&JigyosyoCd=1270601238-00&ServiceCd=110&Type=search" }, "geometry": { "type": "Point", "coordinates": [ 140.079842, 35.6310541 ] } },
{ "type": "Feature", "properties": { "内容": "美浜ヘルパーステーションささえ愛【訪問介護】千葉県千葉市美浜区磯辺6-3-10", "url2": "https://www.kaigokensaku.mhlw.go.jp/12/index.php?action_kouhyou_detail_004_kani=true&JigyosyoCd=1270601071-00&ServiceCd=110&Type=search" }, "geometry": { "type": "Point", "coordinates": [ 140.0533163, 35.6364858 ] } },
{ "type": "Feature", "properties": { "内容": "みはま苑　ヘルパーステーション【訪問介護】千葉県千葉市美浜区高洲3-3-12", "url2": "https://www.kaigokensaku.mhlw.go.jp/12/index.php?action_kouhyou_detail_004_kani=true&JigyosyoCd=1270600248-00&ServiceCd=110&Type=search" }, "geometry": { "type": "Point", "coordinates": [ 140.073290199999974, 35.6262167 ] } },
{ "type": "Feature", "properties": { "内容": "ほほえみ訪問ケアサービス【訪問介護】千葉県千葉市美浜区幕張西3-6-4-201海浜幕張コーポ", "url2": "https://www.kaigokensaku.mhlw.go.jp/12/index.php?action_kouhyou_detail_004_kani=true&JigyosyoCd=1270600792-00&ServiceCd=110&Type=search" }, "geometry": { "type": "Point", "coordinates": [ 140.038669600000048, 35.6625406 ] } },
{ "type": "Feature", "properties": { "内容": "学研ココファン稲毛海岸ヘルパーセンター【訪問介護】千葉市美浜区高洲4-5-13", "url2": "https://www.kaigokensaku.mhlw.go.jp/12/index.php?action_kouhyou_detail_004_kani=true&JigyosyoCd=1270601337-00&ServiceCd=110&Type=search" }, "geometry": { "type": "Point", "coordinates": [ 140.0693877, 35.6308644 ] } },
{ "type": "Feature", "properties": { "内容": "セントケア美浜【訪問介護】千葉市美浜区高洲3-5-6ボナ－ジュ稲毛海岸　1階", "url2": "https://www.kaigokensaku.mhlw.go.jp/12/index.php?action_kouhyou_detail_004_kani=true&JigyosyoCd=1270600404-00&ServiceCd=110&Type=search" }, "geometry": { "type": "Point", "coordinates": [ 140.070242600000029, 35.6263578 ] } },
{ "type": "Feature", "properties": { "内容": "学研ココファン幕張ベイタウンヘルパーセンター【訪問介護】千葉県千葉市美浜区打瀬1-11-1学研ココファン幕張ベイタウン", "url2": "https://www.kaigokensaku.mhlw.go.jp/12/index.php?action_kouhyou_detail_004_kani=true&JigyosyoCd=1270600867-00&ServiceCd=110&Type=search" }, "geometry": { "type": "Point", "coordinates": [ 140.0479805, 35.6393576 ] } },
{ "type": "Feature", "properties": { "内容": "亀田ホームケアサービス幕張【訪問介護】若葉3-1-23パークウェルステイト幕張ベイパーク内１F", "url2": "https://www.kaigokensaku.mhlw.go.jp/12/index.php?action_kouhyou_detail_004_kani=true&JigyosyoCd=1270601436-00&ServiceCd=110&Type=search" }, "geometry": { "type": "Point", "coordinates": [ 140.0535063, 35.6449328 ] } },
{ "type": "Feature", "properties": { "内容": "きょうあい【訪問介護】千葉県千葉市美浜区幕張西一丁目8-9", "url2": "https://www.kaigokensaku.mhlw.go.jp/12/index.php?action_kouhyou_detail_004_kani=true&JigyosyoCd=1270601477-00&ServiceCd=110&Type=search" }, "geometry": { "type": "Point", "coordinates": [ 140.0339591, 35.6669514 ] } },
{ "type": "Feature", "properties": { "内容": "風の村介護ステーション磯辺【訪問介護】千葉県千葉市美浜区磯辺3-41-3　2F", "url2": "https://www.kaigokensaku.mhlw.go.jp/12/index.php?action_kouhyou_detail_004_kani=true&JigyosyoCd=1270601394-00&ServiceCd=110&Type=search" }, "geometry": { "type": "Point", "coordinates": [ 140.0541668, 35.6294156 ] } },
{ "type": "Feature", "properties": { "内容": "ソワン訪問介護センター【訪問介護】千葉県千葉市美浜区中瀬2丁目6番1ワールドビジネスガーデン　マリブウエスト20階　A2003号室", "url2": "https://www.kaigokensaku.mhlw.go.jp/12/index.php?action_kouhyou_detail_004_kani=true&JigyosyoCd=1270601378-00&ServiceCd=110&Type=search" }, "geometry": { "type": "Point", "coordinates": [ 140.0392062, 35.6485863 ] } },
{ "type": "Feature", "properties": { "内容": "訪問介護事業所エール美浜【訪問介護】高洲1-8-1花光ビル201", "url2": "https://www.kaigokensaku.mhlw.go.jp/12/index.php?action_kouhyou_detail_004_kani=true&JigyosyoCd=1270601303-00&ServiceCd=110&Type=search" }, "geometry": { "type": "Point", "coordinates": [ 140.082466899999986, 35.6271666 ] } },
{ "type": "Feature", "properties": { "内容": "千葉訪問介護【訪問介護】高洲1-17-4-101101", "url2": "https://www.kaigokensaku.mhlw.go.jp/12/index.php?action_kouhyou_detail_004_kani=true&JigyosyoCd=1270601485-00&ServiceCd=110&Type=search" }, "geometry": { "type": "Point", "coordinates": [ 140.077352736267187, 35.631781711923139 ] } },
{ "type": "Feature", "properties": { "内容": "東京海上日動みずたま介護ＳＴ稲毛海岸【訪問介護】千葉県千葉市美浜区高洲4-5-15ウェルキャビン稲毛海岸", "url2": "https://www.kaigokensaku.mhlw.go.jp/12/index.php?action_kouhyou_detail_004_kani=true&JigyosyoCd=1270601246-00&ServiceCd=110&Type=search" }, "geometry": { "type": "Point", "coordinates": [ 140.071751400000039, 35.630243299999982 ] } },
{ "type": "Feature", "properties": { "内容": "ドット３６５稲毛海岸（訪問介護）【訪問介護】千葉県千葉市美浜区高洲1-24-2千葉市不動産会館3-B", "url2": "https://www.kaigokensaku.mhlw.go.jp/12/index.php?action_kouhyou_detail_004_kani=true&JigyosyoCd=1270601279-00&ServiceCd=110&Type=search" }, "geometry": { "type": "Point", "coordinates": [ 140.074752499999931, 35.6303158 ] } },
{ "type": "Feature", "properties": { "内容": "あなたの手ケアサービス【訪問介護】千葉市美浜区高洲1-1-11", "url2": "https://www.kaigokensaku.mhlw.go.jp/12/index.php?action_kouhyou_detail_004_kani=true&JigyosyoCd=1270600354-00&ServiceCd=110&Type=search" }, "geometry": { "type": "Point", "coordinates": [ 140.084143899999958, 35.6273135 ] } },
{ "type": "Feature", "properties": { "内容": "ツクイ幕張ベイパーク【訪問介護】若葉3丁目1-36", "url2": "https://www.kaigokensaku.mhlw.go.jp/12/index.php?action_kouhyou_detail_004_kani=true&JigyosyoCd=1270601287-00&ServiceCd=110&Type=search" }, "geometry": { "type": "Point", "coordinates": [ 140.0517075, 35.646844 ] } },
{ "type": "Feature", "properties": { "内容": "介護サービスハートフル【訪問介護】千葉県銚子市中央町5番地の10", "url2": "https://www.kaigokensaku.mhlw.go.jp/12/index.php?action_kouhyou_detail_004_kani=true&JigyosyoCd=1270701061-00&ServiceCd=110&Type=search" }, "geometry": { "type": "Point", "coordinates": [ 140.8302069, 35.7349064 ] } },
{ "type": "Feature", "properties": { "内容": "ミナト介護サービス【訪問介護】千葉県銚子市川口町2-6385-44", "url2": "https://www.kaigokensaku.mhlw.go.jp/12/index.php?action_kouhyou_detail_004_kani=true&JigyosyoCd=1270700329-00&ServiceCd=110&Type=search" }, "geometry": { "type": "Point", "coordinates": [ 140.857421199999976, 35.7414346 ] } },
{ "type": "Feature", "properties": { "内容": "有限会社弘誠会看護婦家政婦紹介所【訪問介護】千葉県銚子市末広町６番地の１５", "url2": "https://www.kaigokensaku.mhlw.go.jp/12/index.php?action_kouhyou_detail_004_kani=true&JigyosyoCd=1270700261-00&ServiceCd=110&Type=search" }, "geometry": { "type": "Point", "coordinates": [ 140.831540200000063, 35.7313874 ] } },
{ "type": "Feature", "properties": { "内容": "指定訪問介護銀河【訪問介護】千葉県銚子市黒生町７２４９－３", "url2": "https://www.kaigokensaku.mhlw.go.jp/12/index.php?action_kouhyou_detail_004_kani=true&JigyosyoCd=1270700915-00&ServiceCd=110&Type=search" }, "geometry": { "type": "Point", "coordinates": [ 140.862837500000069, 35.7332659 ] } },
{ "type": "Feature", "properties": { "内容": "介護サービスマリンピア銚子【訪問介護】千葉県銚子市外川町４－１１２２９", "url2": "https://www.kaigokensaku.mhlw.go.jp/12/index.php?action_kouhyou_detail_004_kani=true&JigyosyoCd=1270700840-00&ServiceCd=110&Type=search" }, "geometry": { "type": "Point", "coordinates": [ 140.851777800000036, 35.699730399999986 ] } },
{ "type": "Feature", "properties": { "内容": "ウエスト介護サービス【訪問介護】千葉県銚子市春日町29-5", "url2": "https://www.kaigokensaku.mhlw.go.jp/12/index.php?action_kouhyou_detail_004_kani=true&JigyosyoCd=1270700386-00&ServiceCd=110&Type=search" }, "geometry": { "type": "Point", "coordinates": [ 140.825013099999978, 35.7277458 ] } },
{ "type": "Feature", "properties": { "内容": "楽天堂ホームケア銚子【訪問介護】千葉県銚子市前宿町741-2", "url2": "https://www.kaigokensaku.mhlw.go.jp/12/index.php?action_kouhyou_detail_004_kani=true&JigyosyoCd=1270700485-00&ServiceCd=110&Type=search" }, "geometry": { "type": "Point", "coordinates": [ 140.841278200000033, 35.7254272 ] } },
{ "type": "Feature", "properties": { "内容": "訪問介護事業所あかり【訪問介護】千葉県銚子市前宿町647-3", "url2": "https://www.kaigokensaku.mhlw.go.jp/12/index.php?action_kouhyou_detail_004_kani=true&JigyosyoCd=1270701384-00&ServiceCd=110&Type=search" }, "geometry": { "type": "Point", "coordinates": [ 140.842606715344232, 35.726171002795752 ] } },
{ "type": "Feature", "properties": { "内容": "かすが苑指定訪問介護事業部【訪問介護】千葉県銚子市春日町1947-3", "url2": "https://www.kaigokensaku.mhlw.go.jp/12/index.php?action_kouhyou_detail_004_kani=true&JigyosyoCd=1270700154-00&ServiceCd=110&Type=search" }, "geometry": { "type": "Point", "coordinates": [ 140.816559949073707, 35.720066913591083 ] } },
{ "type": "Feature", "properties": { "内容": "ニチイケアセンター銚子【訪問介護】千葉県銚子市三軒町19-4銚子商工会館4Ｆ", "url2": "https://www.kaigokensaku.mhlw.go.jp/12/index.php?action_kouhyou_detail_004_kani=true&JigyosyoCd=1270700105-00&ServiceCd=110&Type=search" }, "geometry": { "type": "Point", "coordinates": [ 140.824298099999965, 35.7301149 ] } },
{ "type": "Feature", "properties": { "内容": "訪問介護事業所さんきゅう【訪問介護】千葉県銚子市上野町215番地", "url2": "https://www.kaigokensaku.mhlw.go.jp/12/index.php?action_kouhyou_detail_004_kani=true&JigyosyoCd=1270700600-00&ServiceCd=110&Type=search" }, "geometry": { "type": "Point", "coordinates": [ 140.806128899999976, 35.7240067 ] } },
{ "type": "Feature", "properties": { "内容": "介護きずな【訪問介護】千葉県銚子市小浜町2052", "url2": "https://www.kaigokensaku.mhlw.go.jp/12/index.php?action_kouhyou_detail_004_kani=true&JigyosyoCd=1270700824-00&ServiceCd=110&Type=search" }, "geometry": { "type": "Point", "coordinates": [ 140.770284599999968, 35.71604 ] } },
{ "type": "Feature", "properties": { "内容": "ＮＰＯ法人コアラ銚子【訪問介護】千葉県銚子市松本町1-11-1", "url2": "https://www.kaigokensaku.mhlw.go.jp/12/index.php?action_kouhyou_detail_004_kani=true&JigyosyoCd=1270701194-00&ServiceCd=110&Type=search" }, "geometry": { "type": "Point", "coordinates": [ 140.819014543516573, 35.732658846032727 ] } },
{ "type": "Feature", "properties": { "内容": "アステルサポート株式会社【訪問介護】千葉県銚子市春日町105", "url2": "https://www.kaigokensaku.mhlw.go.jp/12/index.php?action_kouhyou_detail_004_kani=true&JigyosyoCd=1270701269-00&ServiceCd=110&Type=search" }, "geometry": { "type": "Point", "coordinates": [ 140.824998599999986, 35.724502500000021 ] } },
{ "type": "Feature", "properties": { "内容": "訪問介護康楽【訪問介護】千葉県銚子市清水町2733-12", "url2": "https://www.kaigokensaku.mhlw.go.jp/12/index.php?action_kouhyou_detail_004_kani=true&JigyosyoCd=1270701475-00&ServiceCd=110&Type=search" }, "geometry": { "type": "Point", "coordinates": [ 140.8500133, 35.7331546 ] } },
{ "type": "Feature", "properties": { "内容": "介護サービスメロディー【訪問介護】千葉県銚子市双葉町６－１６小林ビル２F", "url2": "https://www.kaigokensaku.mhlw.go.jp/12/index.php?action_kouhyou_detail_004_kani=true&JigyosyoCd=1270701285-00&ServiceCd=110&Type=search" }, "geometry": { "type": "Point", "coordinates": [ 140.828235160713234, 35.732747091360864 ] } },
{ "type": "Feature", "properties": { "内容": "合同会社介護24ハートケア京葉【訪問介護】千葉県市川市中国分２－１４－９ボンドストリートⅠ２０２", "url2": "https://www.kaigokensaku.mhlw.go.jp/12/index.php?action_kouhyou_detail_004_kani=true&JigyosyoCd=1270803172-00&ServiceCd=110&Type=search" }, "geometry": { "type": "Point", "coordinates": [ 139.912339700900731, 35.749933759780646 ] } },
{ "type": "Feature", "properties": { "内容": "さらん訪問介護行徳【訪問介護】千葉県市川市宝1-15-6", "url2": "https://www.kaigokensaku.mhlw.go.jp/12/index.php?action_kouhyou_detail_004_kani=true&JigyosyoCd=1270806118-00&ServiceCd=110&Type=search" }, "geometry": { "type": "Point", "coordinates": [ 139.92712130000001, 35.681985900000015 ] } },
{ "type": "Feature", "properties": { "内容": "有限会社　市川家政婦紹介所【訪問介護】千葉県市川市市川1-13-32-401アパートメントウイステリア", "url2": "https://www.kaigokensaku.mhlw.go.jp/12/index.php?action_kouhyou_detail_004_kani=true&JigyosyoCd=1270800491-00&ServiceCd=110&Type=search" }, "geometry": { "type": "Point", "coordinates": [ 139.908094600000027, 35.731626499999955 ] } },
{ "type": "Feature", "properties": { "内容": "ケアリッツ市川大野【訪問介護】千葉県市川市大野町4-3013-17", "url2": "https://www.kaigokensaku.mhlw.go.jp/12/index.php?action_kouhyou_detail_004_kani=true&JigyosyoCd=1270806282-00&ServiceCd=110&Type=search" }, "geometry": { "type": "Point", "coordinates": [ 139.9580671, 35.7559306 ] } },
{ "type": "Feature", "properties": { "内容": "リエゾン訪問介護ステーション【訪問介護】千葉県市川市南大野1-40-28", "url2": "https://www.kaigokensaku.mhlw.go.jp/12/index.php?action_kouhyou_detail_004_kani=true&JigyosyoCd=1270806290-00&ServiceCd=110&Type=search" }, "geometry": { "type": "Point", "coordinates": [ 139.9501477, 35.7429043 ] } },
{ "type": "Feature", "properties": { "内容": "福介ＳＯＫ【訪問介護】千葉県市川市若宮３丁目５６番２４号ハルメゾン２０２", "url2": "https://www.kaigokensaku.mhlw.go.jp/12/index.php?action_kouhyou_detail_004_kani=true&JigyosyoCd=1270806316-00&ServiceCd=110&Type=search" }, "geometry": { "type": "Point", "coordinates": [ 139.9538272, 35.7278547 ] } },
{ "type": "Feature", "properties": { "内容": "ケアリッツ行徳【訪問介護】千葉県市川市行徳駅前1-27-19アネックス渋谷302", "url2": "https://www.kaigokensaku.mhlw.go.jp/12/index.php?action_kouhyou_detail_004_kani=true&JigyosyoCd=1270804626-00&ServiceCd=110&Type=search" }, "geometry": { "type": "Point", "coordinates": [ 139.916133323907786, 35.681859700286687 ] } },
{ "type": "Feature", "properties": { "内容": "ケアリッツ南行徳【訪問介護】千葉県市川市南行徳3-13-6グランディ南行徳３０３", "url2": "https://www.kaigokensaku.mhlw.go.jp/12/index.php?action_kouhyou_detail_004_kani=true&JigyosyoCd=1270805672-00&ServiceCd=110&Type=search" }, "geometry": { "type": "Point", "coordinates": [ 139.902186572404702, 35.668957134269121 ] } },
{ "type": "Feature", "properties": { "内容": "ケアリッツ本八幡【訪問介護】千葉県市川市南八幡1-16-24三輪舎２０１", "url2": "https://www.kaigokensaku.mhlw.go.jp/12/index.php?action_kouhyou_detail_004_kani=true&JigyosyoCd=1270805839-00&ServiceCd=110&Type=search" }, "geometry": { "type": "Point", "coordinates": [ 139.930097495735566, 35.715838045732305 ] } },
{ "type": "Feature", "properties": { "内容": "ケアリッツ妙典【訪問介護】千葉県市川市富浜2-1-1クレアハウス3階", "url2": "https://www.kaigokensaku.mhlw.go.jp/12/index.php?action_kouhyou_detail_004_kani=true&JigyosyoCd=1270805847-00&ServiceCd=110&Type=search" }, "geometry": { "type": "Point", "coordinates": [ 139.923064900000014, 35.6916739 ] } },
{ "type": "Feature", "properties": { "内容": "ケアリッツ市川【訪問介護】千葉県市川市市川南3-1-1アプロード市川413", "url2": "https://www.kaigokensaku.mhlw.go.jp/12/index.php?action_kouhyou_detail_004_kani=true&JigyosyoCd=1270806100-00&ServiceCd=110&Type=search" }, "geometry": { "type": "Point", "coordinates": [ 139.905115626983672, 35.728665660856727 ] } },
{ "type": "Feature", "properties": { "内容": "ライブラリ　下総中山【訪問介護】千葉県市川市鬼高3－30－1", "url2": "https://www.kaigokensaku.mhlw.go.jp/12/index.php?action_kouhyou_detail_004_kani=true&JigyosyoCd=1270806324-00&ServiceCd=110&Type=search" }, "geometry": { "type": "Point", "coordinates": [ 139.9383119, 35.7075728 ] } },
{ "type": "Feature", "properties": { "内容": "Ｇ＆Ｂ【訪問介護】千葉県市川市大野町三丁目121いずみビル３０２", "url2": "https://www.kaigokensaku.mhlw.go.jp/12/index.php?action_kouhyou_detail_004_kani=true&JigyosyoCd=1270805235-00&ServiceCd=110&Type=search" }, "geometry": { "type": "Point", "coordinates": [ 139.95188588558068, 35.7551965664072 ] } },
{ "type": "Feature", "properties": { "内容": "いこいの住処訪問介護事業所【訪問介護】千葉県市川市南大野3丁目15番3号", "url2": "https://www.kaigokensaku.mhlw.go.jp/12/index.php?action_kouhyou_detail_004_kani=true&JigyosyoCd=1270806266-00&ServiceCd=110&Type=search" }, "geometry": { "type": "Point", "coordinates": [ 139.954053499999986, 35.7472795 ] } },
{ "type": "Feature", "properties": { "内容": "にじたま訪問介護【訪問介護】千葉県市川市宮久保3-3-13マルヨシマンション106", "url2": "https://www.kaigokensaku.mhlw.go.jp/12/index.php?action_kouhyou_detail_004_kani=true&JigyosyoCd=1270806068-00&ServiceCd=110&Type=search" }, "geometry": { "type": "Point", "coordinates": [ 139.9339924, 35.7353729 ] } },
{ "type": "Feature", "properties": { "内容": "二チイケアセンター妙典【訪問介護】千葉県市川市妙典4-7-12", "url2": "https://www.kaigokensaku.mhlw.go.jp/12/index.php?action_kouhyou_detail_004_kani=true&JigyosyoCd=1270800640-00&ServiceCd=110&Type=search" }, "geometry": { "type": "Point", "coordinates": [ 139.927750100000026, 35.690166 ] } },
{ "type": "Feature", "properties": { "内容": "特定非営利活動法人コミュニティやすらぎ【訪問介護】千葉県市川市南大野2-20-4山室ハイツ103", "url2": "https://www.kaigokensaku.mhlw.go.jp/12/index.php?action_kouhyou_detail_004_kani=true&JigyosyoCd=1270800988-00&ServiceCd=110&Type=search" }, "geometry": { "type": "Point", "coordinates": [ 139.949366599999962, 35.745232100000017 ] } },
{ "type": "Feature", "properties": { "内容": "訪問介護エグザ【訪問介護】千葉県市川市鬼高3-13-2マンションニュー中山324", "url2": "https://www.kaigokensaku.mhlw.go.jp/12/index.php?action_kouhyou_detail_004_kani=true&JigyosyoCd=1270805334-00&ServiceCd=110&Type=search" }, "geometry": { "type": "Point", "coordinates": [ 139.9379305, 35.7105386 ] } },
{ "type": "Feature", "properties": { "内容": "のんびりケアサービス【訪問介護】千葉県市川市関ヶ島13-3第二牧野ビル101号", "url2": "https://www.kaigokensaku.mhlw.go.jp/12/index.php?action_kouhyou_detail_004_kani=true&JigyosyoCd=1270803578-00&ServiceCd=110&Type=search" }, "geometry": { "type": "Point", "coordinates": [ 139.917369600000029, 35.6884851 ] } },
{ "type": "Feature", "properties": { "内容": "ケアパートナー　マザーシップ【訪問介護】千葉県市川市市川1-22-11", "url2": "https://www.kaigokensaku.mhlw.go.jp/12/index.php?action_kouhyou_detail_004_kani=true&JigyosyoCd=1270806050-00&ServiceCd=110&Type=search" }, "geometry": { "type": "Point", "coordinates": [ 139.908842600000014, 35.7316194 ] } },
{ "type": "Feature", "properties": { "内容": "株式会社朝日ケアコンサルタント「テレサ会」【訪問介護】千葉県市川市南八幡4-14-15アール・ワイ・エムビル２F", "url2": "https://www.kaigokensaku.mhlw.go.jp/12/index.php?action_kouhyou_detail_004_kani=true&JigyosyoCd=1270805599-00&ServiceCd=110&Type=search" }, "geometry": { "type": "Point", "coordinates": [ 139.9252071, 35.718913 ] } },
{ "type": "Feature", "properties": { "内容": "ホームヘルプサービス　ソラスト市川新田【訪問介護】千葉県市川市新田3-5-17", "url2": "https://www.kaigokensaku.mhlw.go.jp/12/index.php?action_kouhyou_detail_004_kani=true&JigyosyoCd=1270805508-00&ServiceCd=110&Type=search" }, "geometry": { "type": "Point", "coordinates": [ 139.912641900000011, 35.7199288 ] } },
{ "type": "Feature", "properties": { "内容": "学研ココファン市川中山ヘルパーセンター【訪問介護】千葉県市川市本北方3-12-10", "url2": "https://www.kaigokensaku.mhlw.go.jp/12/index.php?action_kouhyou_detail_004_kani=true&JigyosyoCd=1270804998-00&ServiceCd=110&Type=search" }, "geometry": { "type": "Point", "coordinates": [ 139.950805014387925, 35.725699460619637 ] } },
{ "type": "Feature", "properties": { "内容": "レンティケアサービス菅野【訪問介護】千葉県市川市菅野４－１７－１４ゴールドパレス201", "url2": "https://www.kaigokensaku.mhlw.go.jp/12/index.php?action_kouhyou_detail_004_kani=true&JigyosyoCd=1270802455-00&ServiceCd=110&Type=search" }, "geometry": { "type": "Point", "coordinates": [ 139.923229699999979, 35.7327069 ] } },
{ "type": "Feature", "properties": { "内容": "心ほっと市川【訪問介護】千葉県市川市八幡3-22-16ヴィラ市川", "url2": "https://www.kaigokensaku.mhlw.go.jp/12/index.php?action_kouhyou_detail_004_kani=true&JigyosyoCd=1270803719-00&ServiceCd=110&Type=search" }, "geometry": { "type": "Point", "coordinates": [ 139.927368123140042, 35.726202633551289 ] } },
{ "type": "Feature", "properties": { "内容": "ひばり訪問介護ステーション南行徳【訪問介護】千葉県市川市相之川1-13-20ガーデンテラス南行徳1階", "url2": "https://www.kaigokensaku.mhlw.go.jp/12/index.php?action_kouhyou_detail_004_kani=true&JigyosyoCd=1270803859-00&ServiceCd=110&Type=search" }, "geometry": { "type": "Point", "coordinates": [ 139.896508499999982, 35.6803918 ] } },
{ "type": "Feature", "properties": { "内容": "ニチイケアセンター市川大野【訪問介護】千葉県市川市大野町3-1737-1　大野アパート1階", "url2": "https://www.kaigokensaku.mhlw.go.jp/12/index.php?action_kouhyou_detail_004_kani=true&JigyosyoCd=1270805631-00&ServiceCd=110&Type=search" }, "geometry": { "type": "Point", "coordinates": [ 139.9555353, 35.7575789 ] } },
{ "type": "Feature", "properties": { "内容": "ＳＳＵ介護サービス【訪問介護】千葉県市川市塩焼2-11-14", "url2": "https://www.kaigokensaku.mhlw.go.jp/12/index.php?action_kouhyou_detail_004_kani=true&JigyosyoCd=1270801788-00&ServiceCd=110&Type=search" }, "geometry": { "type": "Point", "coordinates": [ 139.9275169, 35.6864358 ] } },
{ "type": "Feature", "properties": { "内容": "株式会社　愛ネット【訪問介護】千葉県市川市福栄３－２０－８", "url2": "https://www.kaigokensaku.mhlw.go.jp/12/index.php?action_kouhyou_detail_004_kani=true&JigyosyoCd=1270800871-00&ServiceCd=110&Type=search" }, "geometry": { "type": "Point", "coordinates": [ 139.910379899999953, 35.67164 ] } },
{ "type": "Feature", "properties": { "内容": "三愛ホームヘルパーステーション【訪問介護】千葉県市川市柏井町3丁目650番", "url2": "https://www.kaigokensaku.mhlw.go.jp/12/index.php?action_kouhyou_detail_004_kani=true&JigyosyoCd=1270801275-00&ServiceCd=110&Type=search" }, "geometry": { "type": "Point", "coordinates": [ 139.964287, 35.7457441 ] } },
{ "type": "Feature", "properties": { "内容": "ひばり訪問介護ステーション市川【訪問介護】千葉県市川市広尾1-5-17ガーデンテラス市川", "url2": "https://www.kaigokensaku.mhlw.go.jp/12/index.php?action_kouhyou_detail_004_kani=true&JigyosyoCd=1270802828-00&ServiceCd=110&Type=search" }, "geometry": { "type": "Point", "coordinates": [ 139.891732300000058, 35.6778452 ] } },
{ "type": "Feature", "properties": { "内容": "ヘルパーすみれ【訪問介護】千葉県市川市中国分２－１１－６", "url2": "https://www.kaigokensaku.mhlw.go.jp/12/index.php?action_kouhyou_detail_004_kani=true&JigyosyoCd=1270803685-00&ServiceCd=110&Type=search" }, "geometry": { "type": "Point", "coordinates": [ 139.91086329999996, 35.7504986 ] } },
{ "type": "Feature", "properties": { "内容": "やさしい手ハーネス市川訪問介護ステーション【訪問介護】千葉県市川市幸2-12-10グランドマストやさしえ市川行徳１F", "url2": "https://www.kaigokensaku.mhlw.go.jp/12/index.php?action_kouhyou_detail_004_kani=true&JigyosyoCd=1270804550-00&ServiceCd=110&Type=search" }, "geometry": { "type": "Point", "coordinates": [ 139.92506179999998, 35.6778894 ] } },
{ "type": "Feature", "properties": { "内容": "訪問介護くら【訪問介護】千葉県市川市押切15ー12フラットM　302号室", "url2": "https://www.kaigokensaku.mhlw.go.jp/12/index.php?action_kouhyou_detail_004_kani=true&JigyosyoCd=1270805227-00&ServiceCd=110&Type=search" }, "geometry": { "type": "Point", "coordinates": [ 139.914081900000042, 35.6856859 ] } },
{ "type": "Feature", "properties": { "内容": "癒しのヘルパーステーション市川おにだか【訪問介護】千葉県市川市鬼高1-6-2", "url2": "https://www.kaigokensaku.mhlw.go.jp/12/index.php?action_kouhyou_detail_004_kani=true&JigyosyoCd=1270801564-00&ServiceCd=110&Type=search" }, "geometry": { "type": "Point", "coordinates": [ 139.933676600000013, 35.7127741 ] } },
{ "type": "Feature", "properties": { "内容": "セントケア市川【訪問介護】千葉県市川市行徳駅前2－20－9ﾗｸﾞﾅﾊﾟｰｸ102", "url2": "https://www.kaigokensaku.mhlw.go.jp/12/index.php?action_kouhyou_detail_004_kani=true&JigyosyoCd=1270802075-00&ServiceCd=110&Type=search" }, "geometry": { "type": "Point", "coordinates": [ 139.9123912, 35.683424100000018 ] } },
{ "type": "Feature", "properties": { "内容": "ナチュラルライフサポート【訪問介護】千葉県市川市福栄4-9-1-104トーコーマンション104号", "url2": "https://www.kaigokensaku.mhlw.go.jp/12/index.php?action_kouhyou_detail_004_kani=true&JigyosyoCd=1270801762-00&ServiceCd=110&Type=search" }, "geometry": { "type": "Point", "coordinates": [ 139.910357699999963, 35.671204 ] } },
{ "type": "Feature", "properties": { "内容": "東京海上日動みずたま介護ST本八幡【訪問介護】千葉県市川市南八幡3-3-16アグレ本八幡１０１号室", "url2": "https://www.kaigokensaku.mhlw.go.jp/12/index.php?action_kouhyou_detail_004_kani=true&JigyosyoCd=1270804857-00&ServiceCd=110&Type=search" }, "geometry": { "type": "Point", "coordinates": [ 139.928825838749276, 35.719979938921256 ] } },
{ "type": "Feature", "properties": { "内容": "トモカンパニー介護のとも【訪問介護】千葉県市川市南八幡３－７－７シティハイツ１０３", "url2": "https://www.kaigokensaku.mhlw.go.jp/12/index.php?action_kouhyou_detail_004_kani=true&JigyosyoCd=1270800913-00&ServiceCd=110&Type=search" }, "geometry": { "type": "Point", "coordinates": [ 139.928100099999938, 35.719375399999983 ] } },
{ "type": "Feature", "properties": { "内容": "有限会社　京成ケアサービス【訪問介護】千葉県市川市市川3-32-8", "url2": "https://www.kaigokensaku.mhlw.go.jp/12/index.php?action_kouhyou_detail_004_kani=true&JigyosyoCd=1270800095-00&ServiceCd=110&Type=search" }, "geometry": { "type": "Point", "coordinates": [ 139.903730799999948, 35.737572700000015 ] } },
{ "type": "Feature", "properties": { "内容": "一般財団法人　市川市福祉公社【訪問介護】千葉県市川市市川南１-１-１ザタワーズイースト２０９", "url2": "https://www.kaigokensaku.mhlw.go.jp/12/index.php?action_kouhyou_detail_004_kani=true&JigyosyoCd=1270800178-00&ServiceCd=110&Type=search" }, "geometry": { "type": "Point", "coordinates": [ 139.908031392715429, 35.728570461714163 ] } },
{ "type": "Feature", "properties": { "内容": "ニチイケアセンター市川【訪問介護】千葉県市川市市川2-1-1パークノヴァ市川205号室", "url2": "https://www.kaigokensaku.mhlw.go.jp/12/index.php?action_kouhyou_detail_004_kani=true&JigyosyoCd=1270800293-00&ServiceCd=110&Type=search" }, "geometry": { "type": "Point", "coordinates": [ 139.906042, 35.7303989 ] } },
{ "type": "Feature", "properties": { "内容": "イリオス・ケアセンター【訪問介護】千葉県市川市市川4-10-25アヴァンス303", "url2": "https://www.kaigokensaku.mhlw.go.jp/12/index.php?action_kouhyou_detail_004_kani=true&JigyosyoCd=1270800624-00&ServiceCd=110&Type=search" }, "geometry": { "type": "Point", "coordinates": [ 139.90294849999998, 35.7393981 ] } },
{ "type": "Feature", "properties": { "内容": "京成ケアサービス曽谷【訪問介護】千葉県市川市曽谷4丁目3番5号103", "url2": "https://www.kaigokensaku.mhlw.go.jp/12/index.php?action_kouhyou_detail_004_kani=true&JigyosyoCd=1270801960-00&ServiceCd=110&Type=search" }, "geometry": { "type": "Point", "coordinates": [ 139.929826, 35.7446273 ] } },
{ "type": "Feature", "properties": { "内容": "市川市福祉公社北部ヘルパーステーション【訪問介護】千葉県市川市南大野3-21-22", "url2": "https://www.kaigokensaku.mhlw.go.jp/12/index.php?action_kouhyou_detail_004_kani=true&JigyosyoCd=1270804402-00&ServiceCd=110&Type=search" }, "geometry": { "type": "Point", "coordinates": [ 139.956418, 35.747652099999989 ] } },
{ "type": "Feature", "properties": { "内容": "学研ココファン本八幡ヘルパーセンター【訪問介護】千葉県市川市大和田1-13-8サービス付き高齢者住宅", "url2": "https://www.kaigokensaku.mhlw.go.jp/12/index.php?action_kouhyou_detail_004_kani=true&JigyosyoCd=1270805037-00&ServiceCd=110&Type=search" }, "geometry": { "type": "Point", "coordinates": [ 139.91949169999998, 35.7145962 ] } },
{ "type": "Feature", "properties": { "内容": "ケアライズ【訪問介護】千葉県市川市新田４ー１２ー１７翠松苑１０４", "url2": "https://www.kaigokensaku.mhlw.go.jp/12/index.php?action_kouhyou_detail_004_kani=true&JigyosyoCd=1270805664-00&ServiceCd=110&Type=search" }, "geometry": { "type": "Point", "coordinates": [ 139.908806942327885, 35.726226584461003 ] } },
{ "type": "Feature", "properties": { "内容": "さわやかケア市川・訪問介護【訪問介護】千葉県市川市真間　１－１２－４市川センタービル4階", "url2": "https://www.kaigokensaku.mhlw.go.jp/12/index.php?action_kouhyou_detail_004_kani=true&JigyosyoCd=1270801796-00&ServiceCd=110&Type=search" }, "geometry": { "type": "Point", "coordinates": [ 139.91104498612205, 35.732086556583994 ] } },
{ "type": "Feature", "properties": { "内容": "ニチイケアセンター曽谷【訪問介護】千葉県市川市曽谷1-33-22　グランメールC棟101号室", "url2": "https://www.kaigokensaku.mhlw.go.jp/12/index.php?action_kouhyou_detail_004_kani=true&JigyosyoCd=1270805474-00&ServiceCd=110&Type=search" }, "geometry": { "type": "Point", "coordinates": [ 139.935078, 35.7429915 ] } },
{ "type": "Feature", "properties": { "内容": "訪問介護事業所ルミエブランシュ【訪問介護】千葉県市川市新田四丁目18番30号ルミエ市川", "url2": "https://www.kaigokensaku.mhlw.go.jp/12/index.php?action_kouhyou_detail_004_kani=true&JigyosyoCd=1270804766-00&ServiceCd=110&Type=search" }, "geometry": { "type": "Point", "coordinates": [ 139.908250400000043, 35.724311 ] } },
{ "type": "Feature", "properties": { "内容": "りぼんケア【訪問介護】千葉県市川市大和田3-25-8", "url2": "https://www.kaigokensaku.mhlw.go.jp/12/index.php?action_kouhyou_detail_004_kani=true&JigyosyoCd=1270803073-00&ServiceCd=110&Type=search" }, "geometry": { "type": "Point", "coordinates": [ 139.91560579999998, 35.715687600000024 ] } },
{ "type": "Feature", "properties": { "内容": "株式会社中山総合福祉マネジメント北方店【訪問介護】千葉県市川市北方2-12-1フォレストハウス市川101", "url2": "https://www.kaigokensaku.mhlw.go.jp/12/index.php?action_kouhyou_detail_004_kani=true&JigyosyoCd=1270803693-00&ServiceCd=110&Type=search" }, "geometry": { "type": "Point", "coordinates": [ 139.939186899999982, 35.7232806 ] } },
{ "type": "Feature", "properties": { "内容": "有限会社　武藤自動車【訪問介護】千葉県市川市若宮３－４９－１３", "url2": "https://www.kaigokensaku.mhlw.go.jp/12/index.php?action_kouhyou_detail_004_kani=true&JigyosyoCd=1270800517-00&ServiceCd=110&Type=search" }, "geometry": { "type": "Point", "coordinates": [ 139.95774204620713, 35.727795487377485 ] } },
{ "type": "Feature", "properties": { "内容": "ナーシングホーム市川【訪問介護】千葉県市川市柏井町4丁目310番地特別養護老人ホ－ム「ナ－シングホ－ム市川」内", "url2": "https://www.kaigokensaku.mhlw.go.jp/12/index.php?action_kouhyou_detail_004_kani=true&JigyosyoCd=1270800038-00&ServiceCd=110&Type=search" }, "geometry": { "type": "Point", "coordinates": [ 139.973337707826232, 35.753764700108619 ] } },
{ "type": "Feature", "properties": { "内容": "ニチイケアセンター国府台【訪問介護】千葉県市川市国府台4-1-24ＫＭビル1Ｆ", "url2": "https://www.kaigokensaku.mhlw.go.jp/12/index.php?action_kouhyou_detail_004_kani=true&JigyosyoCd=1270801176-00&ServiceCd=110&Type=search" }, "geometry": { "type": "Point", "coordinates": [ 139.903038599999945, 35.749869 ] } },
{ "type": "Feature", "properties": { "内容": "ニチイケアセンター北方【訪問介護】千葉県市川市北方2-12-5北郵ビル2F", "url2": "https://www.kaigokensaku.mhlw.go.jp/12/index.php?action_kouhyou_detail_004_kani=true&JigyosyoCd=1270802943-00&ServiceCd=110&Type=search" }, "geometry": { "type": "Point", "coordinates": [ 139.93926190000002, 35.723733299999985 ] } },
{ "type": "Feature", "properties": { "内容": "らいおんハート訪問介護【訪問介護】千葉県市川市末広2-15-16らいおんハートリハビリ温泉デイサービス末広", "url2": "https://www.kaigokensaku.mhlw.go.jp/12/index.php?action_kouhyou_detail_004_kani=true&JigyosyoCd=1270804253-00&ServiceCd=110&Type=search" }, "geometry": { "type": "Point", "coordinates": [ 139.919854699999973, 35.681928700000022 ] } },
{ "type": "Feature", "properties": { "内容": "市川市福祉公社南部ヘルパーステーション【訪問介護】千葉県市川市相之川2-6-8フォンティーヌ弐番館101号室", "url2": "https://www.kaigokensaku.mhlw.go.jp/12/index.php?action_kouhyou_detail_004_kani=true&JigyosyoCd=1270804394-00&ServiceCd=110&Type=search" }, "geometry": { "type": "Point", "coordinates": [ 139.899705600000061, 35.6779588 ] } },
{ "type": "Feature", "properties": { "内容": "ベネッセ介護センター本八幡【訪問介護】千葉県市川市南八幡4-8-9ニューグリーンビル402号室", "url2": "https://www.kaigokensaku.mhlw.go.jp/12/index.php?action_kouhyou_detail_004_kani=true&JigyosyoCd=1270804881-00&ServiceCd=110&Type=search" }, "geometry": { "type": "Point", "coordinates": [ 139.9260605, 35.7188757 ] } },
{ "type": "Feature", "properties": { "内容": "株式会社エイドケアサービス【訪問介護】千葉県市川市行徳駅前1丁目12番2号ポートオブコール206号室", "url2": "https://www.kaigokensaku.mhlw.go.jp/12/index.php?action_kouhyou_detail_004_kani=true&JigyosyoCd=1270806142-00&ServiceCd=110&Type=search" }, "geometry": { "type": "Point", "coordinates": [ 139.917509199999984, 35.68252 ] } },
{ "type": "Feature", "properties": { "内容": "シルバン介護センター【訪問介護】千葉県市川市真間２-９-５", "url2": "https://www.kaigokensaku.mhlw.go.jp/12/index.php?action_kouhyou_detail_004_kani=true&JigyosyoCd=1270800665-00&ServiceCd=110&Type=search" }, "geometry": { "type": "Point", "coordinates": [ 139.909171760713178, 35.735789838433526 ] } },
{ "type": "Feature", "properties": { "内容": "ニチイケアセンター北国分【訪問介護】千葉県市川市堀之内4-10-25", "url2": "https://www.kaigokensaku.mhlw.go.jp/12/index.php?action_kouhyou_detail_004_kani=true&JigyosyoCd=1270800533-00&ServiceCd=110&Type=search" }, "geometry": { "type": "Point", "coordinates": [ 139.915854399999944, 35.7599916 ] } },
{ "type": "Feature", "properties": { "内容": "つばさヘルパーステーション【訪問介護】千葉県市川市曽谷6-3-1", "url2": "https://www.kaigokensaku.mhlw.go.jp/12/index.php?action_kouhyou_detail_004_kani=true&JigyosyoCd=1270802505-00&ServiceCd=110&Type=search" }, "geometry": { "type": "Point", "coordinates": [ 139.92628209999998, 35.7391142 ] } },
{ "type": "Feature", "properties": { "内容": "百合台ヘルパーステーション【訪問介護】千葉県市川市本北方1-9-22", "url2": "https://www.kaigokensaku.mhlw.go.jp/12/index.php?action_kouhyou_detail_004_kani=true&JigyosyoCd=1270802802-00&ServiceCd=110&Type=search" }, "geometry": { "type": "Point", "coordinates": [ 139.941405799999984, 35.72898 ] } },
{ "type": "Feature", "properties": { "内容": "アースサポート市川【訪問介護】千葉県市川市平田2丁目5番20号", "url2": "https://www.kaigokensaku.mhlw.go.jp/12/index.php?action_kouhyou_detail_004_kani=true&JigyosyoCd=1270800681-00&ServiceCd=110&Type=search" }, "geometry": { "type": "Point", "coordinates": [ 139.921013499999958, 35.7253332 ] } },
{ "type": "Feature", "properties": { "内容": "ウイング市川訪問介護【訪問介護】千葉県市川市北方1-3-10北方フラッツ101", "url2": "https://www.kaigokensaku.mhlw.go.jp/12/index.php?action_kouhyou_detail_004_kani=true&JigyosyoCd=1270804543-00&ServiceCd=110&Type=search" }, "geometry": { "type": "Point", "coordinates": [ 139.936709899999983, 35.7220539 ] } },
{ "type": "Feature", "properties": { "内容": "ケアみなみ支援センター【訪問介護】千葉県市川市市川1-21-7クレール市川　310", "url2": "https://www.kaigokensaku.mhlw.go.jp/12/index.php?action_kouhyou_detail_004_kani=true&JigyosyoCd=1270804022-00&ServiceCd=110&Type=search" }, "geometry": { "type": "Point", "coordinates": [ 139.90968620000001, 35.7318209 ] } },
{ "type": "Feature", "properties": { "内容": "介護のパムコ菅野【訪問介護】千葉県市川市東菅野1-5-5", "url2": "https://www.kaigokensaku.mhlw.go.jp/12/index.php?action_kouhyou_detail_004_kani=true&JigyosyoCd=1270801028-00&ServiceCd=110&Type=search" }, "geometry": { "type": "Point", "coordinates": [ 139.929507100000023, 35.7279438 ] } },
{ "type": "Feature", "properties": { "内容": "はあとふる・ほのか【訪問介護】千葉県市川市平田2－6－1", "url2": "https://www.kaigokensaku.mhlw.go.jp/12/index.php?action_kouhyou_detail_004_kani=true&JigyosyoCd=1270801051-00&ServiceCd=110&Type=search" }, "geometry": { "type": "Point", "coordinates": [ 139.920410700000048, 35.7255693 ] } },
{ "type": "Feature", "properties": { "内容": "有限会社　ひかりスタッフ【訪問介護】千葉県市川市市川１－２１－７クレール市川プラザピコ３１１", "url2": "https://www.kaigokensaku.mhlw.go.jp/12/index.php?action_kouhyou_detail_004_kani=true&JigyosyoCd=1270800707-00&ServiceCd=110&Type=search" }, "geometry": { "type": "Point", "coordinates": [ 139.909689722753939, 35.731577719293526 ] } },
{ "type": "Feature", "properties": { "内容": "ここち行徳ケアステーション【訪問介護】千葉県市川市入船8-15", "url2": "https://www.kaigokensaku.mhlw.go.jp/12/index.php?action_kouhyou_detail_004_kani=true&JigyosyoCd=1270805607-00&ServiceCd=110&Type=search" }, "geometry": { "type": "Point", "coordinates": [ 139.9214734, 35.6781777 ] } },
{ "type": "Feature", "properties": { "内容": "ケアステーション・ポピー【訪問介護】千葉県市川市宮久保1-11-6", "url2": "https://www.kaigokensaku.mhlw.go.jp/12/index.php?action_kouhyou_detail_004_kani=true&JigyosyoCd=1270801739-00&ServiceCd=110&Type=search" }, "geometry": { "type": "Point", "coordinates": [ 139.93251209999994, 35.7361396 ] } },
{ "type": "Feature", "properties": { "内容": "ここち本八幡ケアステーション【訪問介護】千葉県市川市大和田３－２４－１２", "url2": "https://www.kaigokensaku.mhlw.go.jp/12/index.php?action_kouhyou_detail_004_kani=true&JigyosyoCd=1270804824-00&ServiceCd=110&Type=search" }, "geometry": { "type": "Point", "coordinates": [ 139.916228600000068, 35.7160591 ] } },
{ "type": "Feature", "properties": { "内容": "ケアパートナー銀木犀＜市川＞【訪問介護】千葉県市川市北方町4-1876銀木犀＜市川＞", "url2": "https://www.kaigokensaku.mhlw.go.jp/12/index.php?action_kouhyou_detail_004_kani=true&JigyosyoCd=1270803479-00&ServiceCd=110&Type=search" }, "geometry": { "type": "Point", "coordinates": [ 139.959771700000033, 35.7295067 ] } },
{ "type": "Feature", "properties": { "内容": "がんばさぽーとほーむ絆【訪問介護】千葉県市川市八幡3-28-23本八幡イーストビル2階", "url2": "https://www.kaigokensaku.mhlw.go.jp/12/index.php?action_kouhyou_detail_004_kani=true&JigyosyoCd=1270803180-00&ServiceCd=110&Type=search" }, "geometry": { "type": "Point", "coordinates": [ 139.928957200000013, 35.7248777 ] } },
{ "type": "Feature", "properties": { "内容": "ＳＯＭＰＯケア　地域サービスセンター　市川八幡　訪問介護【訪問介護】千葉県市川市八幡2-3-18ヴェルス本八幡1階", "url2": "https://www.kaigokensaku.mhlw.go.jp/12/index.php?action_kouhyou_detail_004_kani=true&JigyosyoCd=1270805268-00&ServiceCd=110&Type=search" }, "geometry": { "type": "Point", "coordinates": [ 139.928971, 35.7235018 ] } },
{ "type": "Feature", "properties": { "内容": "ケアステーションひよりの里【訪問介護】千葉県市川市菅野5-2-9", "url2": "https://www.kaigokensaku.mhlw.go.jp/12/index.php?action_kouhyou_detail_004_kani=true&JigyosyoCd=1270804345-00&ServiceCd=110&Type=search" }, "geometry": { "type": "Point", "coordinates": [ 139.925868400000013, 35.7336401 ] } },
{ "type": "Feature", "properties": { "内容": "ヒノデ第一交通株式会社　市川営業所【訪問介護】千葉県市川市高谷1949-12", "url2": "https://www.kaigokensaku.mhlw.go.jp/12/index.php?action_kouhyou_detail_004_kani=true&JigyosyoCd=1270800616-00&ServiceCd=110&Type=search" }, "geometry": { "type": "Point", "coordinates": [ 139.947123064418037, 35.691021625320339 ] } },
{ "type": "Feature", "properties": { "内容": "ケアセレクト市川【訪問介護】千葉県市川市鬼高２丁目１２番３９号－Ｂ号室", "url2": "https://www.kaigokensaku.mhlw.go.jp/12/index.php?action_kouhyou_detail_004_kani=true&JigyosyoCd=1270803321-00&ServiceCd=110&Type=search" }, "geometry": { "type": "Point", "coordinates": [ 139.938836872036433, 35.714001450450823 ] } },
{ "type": "Feature", "properties": { "内容": "アーチケアサービス【訪問介護】千葉県市川市高石神36-5竹中荘2階６号室", "url2": "https://www.kaigokensaku.mhlw.go.jp/12/index.php?action_kouhyou_detail_004_kani=true&JigyosyoCd=1270804329-00&ServiceCd=110&Type=search" }, "geometry": { "type": "Point", "coordinates": [ 139.9420371, 35.7156639 ] } },
{ "type": "Feature", "properties": { "内容": "ひだまりの丘　ヘルパーステーション【訪問介護】千葉県船橋市二和東6-17-3QH二和東101", "url2": "https://www.kaigokensaku.mhlw.go.jp/12/index.php?action_kouhyou_detail_004_kani=true&JigyosyoCd=1270907460-00&ServiceCd=110&Type=search" }, "geometry": { "type": "Point", "coordinates": [ 140.021072237825024, 35.754280420276679 ] } },
{ "type": "Feature", "properties": { "内容": "はつみ訪問介護事業所【訪問介護】千葉県船橋市前貝塚町653ロイヤルヒルズC202", "url2": "https://www.kaigokensaku.mhlw.go.jp/12/index.php?action_kouhyou_detail_004_kani=true&JigyosyoCd=1270909318-00&ServiceCd=110&Type=search" }, "geometry": { "type": "Point", "coordinates": [ 139.9763059, 35.7265765 ] } },
{ "type": "Feature", "properties": { "内容": "京成タクシー船橋株式会社【訪問介護】千葉県船橋市湊町２－７－７", "url2": "https://www.kaigokensaku.mhlw.go.jp/12/index.php?action_kouhyou_detail_004_kani=true&JigyosyoCd=1270901653-00&ServiceCd=110&Type=search" }, "geometry": { "type": "Point", "coordinates": [ 139.980934700000034, 35.6965917 ] } },
{ "type": "Feature", "properties": { "内容": "アミカ船橋塚田介護センター【訪問介護】千葉県船橋市旭町1-25-15", "url2": "https://www.kaigokensaku.mhlw.go.jp/12/index.php?action_kouhyou_detail_004_kani=true&JigyosyoCd=1270910423-00&ServiceCd=110&Type=search" }, "geometry": { "type": "Point", "coordinates": [ 139.98781360000001, 35.7301782 ] } },
{ "type": "Feature", "properties": { "内容": "えん訪問介護【訪問介護】千葉県船橋市西船4-19-2第12花園ビル508", "url2": "https://www.kaigokensaku.mhlw.go.jp/12/index.php?action_kouhyou_detail_004_kani=true&JigyosyoCd=1270910472-00&ServiceCd=110&Type=search" }, "geometry": { "type": "Point", "coordinates": [ 139.95762179999997, 35.7091245 ] } },
{ "type": "Feature", "properties": { "内容": "ご長寿くらぶ船橋・南三咲訪問介護事業所【訪問介護】千葉県船橋市南三咲2-12-5", "url2": "https://www.kaigokensaku.mhlw.go.jp/12/index.php?action_kouhyou_detail_004_kani=true&JigyosyoCd=1270910340-00&ServiceCd=110&Type=search" }, "geometry": { "type": "Point", "coordinates": [ 140.0215647, 35.7378344 ] } },
{ "type": "Feature", "properties": { "内容": "訪問介護エニー船橋【訪問介護】千葉県船橋市本町1-22-7ソネアル船橋502", "url2": "https://www.kaigokensaku.mhlw.go.jp/12/index.php?action_kouhyou_detail_004_kani=true&JigyosyoCd=1270910258-00&ServiceCd=110&Type=search" }, "geometry": { "type": "Point", "coordinates": [ 139.9813102, 35.6996619 ] } },
{ "type": "Feature", "properties": { "内容": "ライムケア船橋【訪問介護】千葉県船橋市西習志野1‐9‐2FEILA西習志野105", "url2": "https://www.kaigokensaku.mhlw.go.jp/12/index.php?action_kouhyou_detail_004_kani=true&JigyosyoCd=1270908807-00&ServiceCd=110&Type=search" }, "geometry": { "type": "Point", "coordinates": [ 140.03265650000003, 35.7267054 ] } },
{ "type": "Feature", "properties": { "内容": "高齢者・障害者支援センター　りんかむ【訪問介護】千葉県船橋市浜町１－５－３－１１７－１", "url2": "https://www.kaigokensaku.mhlw.go.jp/12/index.php?action_kouhyou_detail_004_kani=true&JigyosyoCd=1270903071-00&ServiceCd=110&Type=search" }, "geometry": { "type": "Point", "coordinates": [ 139.9900859, 35.6903246 ] } },
{ "type": "Feature", "properties": { "内容": "訪問介護　ゆいまーる【訪問介護】千葉県船橋市東船橋5-26-17ポピーハイツ103", "url2": "https://www.kaigokensaku.mhlw.go.jp/12/index.php?action_kouhyou_detail_004_kani=true&JigyosyoCd=1270909474-00&ServiceCd=110&Type=search" }, "geometry": { "type": "Point", "coordinates": [ 140.003868899999986, 35.690123600000014 ] } },
{ "type": "Feature", "properties": { "内容": "ケアサービス春の空【訪問介護】千葉県船橋市夏見6-7-14エールハイツ1-102", "url2": "https://www.kaigokensaku.mhlw.go.jp/12/index.php?action_kouhyou_detail_004_kani=true&JigyosyoCd=1270909953-00&ServiceCd=110&Type=search" }, "geometry": { "type": "Point", "coordinates": [ 139.9938363, 35.714314 ] } },
{ "type": "Feature", "properties": { "内容": "２４訪問介護ステーション【訪問介護】千葉県船橋市前貝塚町877-3", "url2": "https://www.kaigokensaku.mhlw.go.jp/12/index.php?action_kouhyou_detail_004_kani=true&JigyosyoCd=1270910357-00&ServiceCd=110&Type=search" }, "geometry": { "type": "Point", "coordinates": [ 139.9749424, 35.7265413 ] } },
{ "type": "Feature", "properties": { "内容": "ヘルパーステーションなのはな二和事業所【訪問介護】千葉県船橋市二和東5-8-11", "url2": "https://www.kaigokensaku.mhlw.go.jp/12/index.php?action_kouhyou_detail_004_kani=true&JigyosyoCd=1270902404-00&ServiceCd=110&Type=search" }, "geometry": { "type": "Point", "coordinates": [ 140.019344050587478, 35.753057044795611 ] } },
{ "type": "Feature", "properties": { "内容": "まいむケアサポート【訪問介護】千葉県船橋市本中山1-7-10　キョウエイビル３階", "url2": "https://www.kaigokensaku.mhlw.go.jp/12/index.php?action_kouhyou_detail_004_kani=true&JigyosyoCd=1270902313-00&ServiceCd=110&Type=search" }, "geometry": { "type": "Point", "coordinates": [ 139.945851700000048, 35.7157046 ] } },
{ "type": "Feature", "properties": { "内容": "ラプレケア西船橋【訪問介護】千葉県船橋市西船7-8-2", "url2": "https://www.kaigokensaku.mhlw.go.jp/12/index.php?action_kouhyou_detail_004_kani=true&JigyosyoCd=1270909458-00&ServiceCd=110&Type=search" }, "geometry": { "type": "Point", "coordinates": [ 139.957038, 35.71735060000001 ] } },
{ "type": "Feature", "properties": { "内容": "学研ココファン船橋三咲ヘルパーセンター【訪問介護】千葉県船橋市三咲2-15-41学研ココファン船橋三咲", "url2": "https://www.kaigokensaku.mhlw.go.jp/12/index.php?action_kouhyou_detail_004_kani=true&JigyosyoCd=1270910084-00&ServiceCd=110&Type=search" }, "geometry": { "type": "Point", "coordinates": [ 140.030322192725947, 35.754457947318599 ] } },
{ "type": "Feature", "properties": { "内容": "ケアリッツ芝山【訪問介護】千葉県船橋市新高根6-38-12ロアジス302", "url2": "https://www.kaigokensaku.mhlw.go.jp/12/index.php?action_kouhyou_detail_004_kani=true&JigyosyoCd=1270910738-00&ServiceCd=110&Type=search" }, "geometry": { "type": "Point", "coordinates": [ 140.0273681, 35.7250851 ] } },
{ "type": "Feature", "properties": { "内容": "クローバーケアステーション船橋【訪問介護】千葉県船橋市東船橋4-39-24サンシティー東船橋102", "url2": "https://www.kaigokensaku.mhlw.go.jp/12/index.php?action_kouhyou_detail_004_kani=true&JigyosyoCd=1270910431-00&ServiceCd=110&Type=search" }, "geometry": { "type": "Point", "coordinates": [ 140.0092171, 35.698802 ] } },
{ "type": "Feature", "properties": { "内容": "サンウェルズ船橋ヘルパーステーション【訪問介護】千葉県船橋市二子町561", "url2": "https://www.kaigokensaku.mhlw.go.jp/12/index.php?action_kouhyou_detail_004_kani=true&JigyosyoCd=1270910647-00&ServiceCd=110&Type=search" }, "geometry": { "type": "Point", "coordinates": [ 139.9458024, 35.7098048 ] } },
{ "type": "Feature", "properties": { "内容": "ケアリッツ船橋【訪問介護】千葉県船橋市湊町2-8-2昭和コーポ2号棟３０３", "url2": "https://www.kaigokensaku.mhlw.go.jp/12/index.php?action_kouhyou_detail_004_kani=true&JigyosyoCd=1270909847-00&ServiceCd=110&Type=search" }, "geometry": { "type": "Point", "coordinates": [ 139.980897296312548, 35.69445969412908 ] } },
{ "type": "Feature", "properties": { "内容": "ケアリッツ西船橋【訪問介護】千葉県船橋市西船4-26-8スカイ21ビル3階", "url2": "https://www.kaigokensaku.mhlw.go.jp/12/index.php?action_kouhyou_detail_004_kani=true&JigyosyoCd=1270910100-00&ServiceCd=110&Type=search" }, "geometry": { "type": "Point", "coordinates": [ 139.959649955207993, 35.708373465000165 ] } },
{ "type": "Feature", "properties": { "内容": "ケアリッツ下総中山【訪問介護】千葉県船橋市本中山3-20-13ステーションハイツ中山201", "url2": "https://www.kaigokensaku.mhlw.go.jp/12/index.php?action_kouhyou_detail_004_kani=true&JigyosyoCd=1270910159-00&ServiceCd=110&Type=search" }, "geometry": { "type": "Point", "coordinates": [ 139.942556370711827, 35.714049433853226 ] } },
{ "type": "Feature", "properties": { "内容": "ローゼンホーム上山ヘルパーステーション【訪問介護】千葉県船橋市上山町2-286-1", "url2": "https://www.kaigokensaku.mhlw.go.jp/12/index.php?action_kouhyou_detail_004_kani=true&JigyosyoCd=1270907122-00&ServiceCd=110&Type=search" }, "geometry": { "type": "Point", "coordinates": [ 139.974771061979709, 35.731967706537077 ] } },
{ "type": "Feature", "properties": { "内容": "ケアリッツ東船橋【訪問介護】千葉県船橋市東船橋1-37-6TYビル4階", "url2": "https://www.kaigokensaku.mhlw.go.jp/12/index.php?action_kouhyou_detail_004_kani=true&JigyosyoCd=1270910191-00&ServiceCd=110&Type=search" }, "geometry": { "type": "Point", "coordinates": [ 140.003802378538893, 35.699654911827672 ] } },
{ "type": "Feature", "properties": { "内容": "学研ココファンはさまヘルパーセンター【訪問介護】千葉県船橋市芝山2-12-8", "url2": "https://www.kaigokensaku.mhlw.go.jp/12/index.php?action_kouhyou_detail_004_kani=true&JigyosyoCd=1270906538-00&ServiceCd=110&Type=search" }, "geometry": { "type": "Point", "coordinates": [ 140.018424800000048, 35.7216168 ] } },
{ "type": "Feature", "properties": { "内容": "ティエラ訪問介護サービスセンター【訪問介護】千葉県船橋市旭町2-27-33", "url2": "https://www.kaigokensaku.mhlw.go.jp/12/index.php?action_kouhyou_detail_004_kani=true&JigyosyoCd=1270905548-00&ServiceCd=110&Type=search" }, "geometry": { "type": "Point", "coordinates": [ 139.984855599999946, 35.7326761 ] } },
{ "type": "Feature", "properties": { "内容": "セントケア船橋【訪問介護】千葉県船橋市習志野台１－２－２ウイング２１　４階", "url2": "https://www.kaigokensaku.mhlw.go.jp/12/index.php?action_kouhyou_detail_004_kani=true&JigyosyoCd=1270910803-00&ServiceCd=110&Type=search" }, "geometry": { "type": "Point", "coordinates": [ 140.035131400000012, 35.7275762 ] } },
{ "type": "Feature", "properties": { "内容": "訪問介護みかん【訪問介護】千葉県船橋市宮本1-22-10オネスティ船橋五番館1102", "url2": "https://www.kaigokensaku.mhlw.go.jp/12/index.php?action_kouhyou_detail_004_kani=true&JigyosyoCd=1270910209-00&ServiceCd=110&Type=search" }, "geometry": { "type": "Point", "coordinates": [ 139.991240800000014, 35.6971376 ] } },
{ "type": "Feature", "properties": { "内容": "さざんかケアサービス【訪問介護】千葉県船橋市習志野台１－３８－９", "url2": "https://www.kaigokensaku.mhlw.go.jp/12/index.php?action_kouhyou_detail_004_kani=true&JigyosyoCd=1270901224-00&ServiceCd=110&Type=search" }, "geometry": { "type": "Point", "coordinates": [ 140.041383600000017, 35.7242474 ] } },
{ "type": "Feature", "properties": { "内容": "天空ケアホームサービス【訪問介護】千葉県船橋市高根台７－３２－１5浜田店舗２号", "url2": "https://www.kaigokensaku.mhlw.go.jp/12/index.php?action_kouhyou_detail_004_kani=true&JigyosyoCd=1270905878-00&ServiceCd=110&Type=search" }, "geometry": { "type": "Point", "coordinates": [ 140.033036960153623, 35.727122569776334 ] } },
{ "type": "Feature", "properties": { "内容": "訪問介護ステーションＦａｉｒｙ【訪問介護】千葉県船橋市金杉７-13-7レジデンス御滝１０２", "url2": "https://www.kaigokensaku.mhlw.go.jp/12/index.php?action_kouhyou_detail_004_kani=true&JigyosyoCd=1270909375-00&ServiceCd=110&Type=search" }, "geometry": { "type": "Point", "coordinates": [ 140.019226, 35.7345834 ] } },
{ "type": "Feature", "properties": { "内容": "花いちりん馬込【訪問介護】千葉県船橋市馬込西2-18-22", "url2": "https://www.kaigokensaku.mhlw.go.jp/12/index.php?action_kouhyou_detail_004_kani=true&JigyosyoCd=1270903337-00&ServiceCd=110&Type=search" }, "geometry": { "type": "Point", "coordinates": [ 139.992937899999987, 35.7403977 ] } },
{ "type": "Feature", "properties": { "内容": "在宅ケアサービスソラスト薬園台【訪問介護】千葉県船橋市薬円台６－１６－８", "url2": "https://www.kaigokensaku.mhlw.go.jp/12/index.php?action_kouhyou_detail_004_kani=true&JigyosyoCd=1270903386-00&ServiceCd=110&Type=search" }, "geometry": { "type": "Point", "coordinates": [ 140.0405677, 35.7129847 ] } },
{ "type": "Feature", "properties": { "内容": "介護サービス藤【訪問介護】千葉県船橋市丸山５－1８－１コーポラス　ＮＩ　１０４号", "url2": "https://www.kaigokensaku.mhlw.go.jp/12/index.php?action_kouhyou_detail_004_kani=true&JigyosyoCd=1270906892-00&ServiceCd=110&Type=search" }, "geometry": { "type": "Point", "coordinates": [ 139.99670357334648, 35.746134968437701 ] } },
{ "type": "Feature", "properties": { "内容": "つばさ在宅訪問介護センター【訪問介護】千葉県船橋市芝山3-10-5つばさの杜", "url2": "https://www.kaigokensaku.mhlw.go.jp/12/index.php?action_kouhyou_detail_004_kani=true&JigyosyoCd=1270908898-00&ServiceCd=110&Type=search" }, "geometry": { "type": "Point", "coordinates": [ 140.019746333948433, 35.716865249590477 ] } },
{ "type": "Feature", "properties": { "内容": "ケアサービスすみれ【訪問介護】千葉県船橋市高野台4-5-34", "url2": "https://www.kaigokensaku.mhlw.go.jp/12/index.php?action_kouhyou_detail_004_kani=true&JigyosyoCd=1270908773-00&ServiceCd=110&Type=search" }, "geometry": { "type": "Point", "coordinates": [ 140.029298599999947, 35.7667047 ] } },
{ "type": "Feature", "properties": { "内容": "さわやかケア船橋・訪問介護【訪問介護】千葉県船橋市本中山２－１０－１　ミレニティ中山４階", "url2": "https://www.kaigokensaku.mhlw.go.jp/12/index.php?action_kouhyou_detail_004_kani=true&JigyosyoCd=1270903519-00&ServiceCd=110&Type=search" }, "geometry": { "type": "Point", "coordinates": [ 139.94413940000004, 35.7142949 ] } },
{ "type": "Feature", "properties": { "内容": "あずみ苑グランデ三咲【訪問介護】千葉県船橋市三咲7丁目12番18号", "url2": "https://www.kaigokensaku.mhlw.go.jp/12/index.php?action_kouhyou_detail_004_kani=true&JigyosyoCd=1270904228-00&ServiceCd=110&Type=search" }, "geometry": { "type": "Point", "coordinates": [ 140.037732300000016, 35.7493313 ] } },
{ "type": "Feature", "properties": { "内容": "ケアパートナー銀木犀＜薬園台＞【訪問介護】千葉県船橋市飯山満町３－１５８７", "url2": "https://www.kaigokensaku.mhlw.go.jp/12/index.php?action_kouhyou_detail_004_kani=true&JigyosyoCd=1270907049-00&ServiceCd=110&Type=search" }, "geometry": { "type": "Point", "coordinates": [ 140.031296904229748, 35.713289098094663 ] } },
{ "type": "Feature", "properties": { "内容": "ドット３６５船橋（訪問介護）【訪問介護】千葉県船橋市習志野台3-17-16第2エルビル2階", "url2": "https://www.kaigokensaku.mhlw.go.jp/12/index.php?action_kouhyou_detail_004_kani=true&JigyosyoCd=1270909789-00&ServiceCd=110&Type=search" }, "geometry": { "type": "Point", "coordinates": [ 140.0440561, 35.7195164 ] } },
{ "type": "Feature", "properties": { "内容": "セントケア新船橋【訪問介護】千葉県船橋市北本町1-10-14", "url2": "https://www.kaigokensaku.mhlw.go.jp/12/index.php?action_kouhyou_detail_004_kani=true&JigyosyoCd=1270910316-00&ServiceCd=110&Type=search" }, "geometry": { "type": "Point", "coordinates": [ 139.981911699999984, 35.7137896 ] } },
{ "type": "Feature", "properties": { "内容": "ＳＯＭＰＯケア　船橋　訪問介護【訪問介護】千葉県船橋市本町七丁目11番5号KDX船橋ビル　5F　502号", "url2": "https://www.kaigokensaku.mhlw.go.jp/12/index.php?action_kouhyou_detail_004_kani=true&JigyosyoCd=1270908435-00&ServiceCd=110&Type=search" }, "geometry": { "type": "Point", "coordinates": [ 139.96622990000003, 35.703599699999984 ] } },
{ "type": "Feature", "properties": { "内容": "あしたば訪問介護ステーション【訪問介護】千葉県船橋市咲が丘１丁目４番３号メゾン・ド・プロスペレ１Ｆ", "url2": "https://www.kaigokensaku.mhlw.go.jp/12/index.php?action_kouhyou_detail_004_kani=true&JigyosyoCd=1270910233-00&ServiceCd=110&Type=search" }, "geometry": { "type": "Point", "coordinates": [ 140.0189393, 35.7571517 ] } },
{ "type": "Feature", "properties": { "内容": "ぞうさん訪問介護ステーション二和【訪問介護】千葉県船橋市二和東6-16-16石田ビル201", "url2": "https://www.kaigokensaku.mhlw.go.jp/12/index.php?action_kouhyou_detail_004_kani=true&JigyosyoCd=1270909003-00&ServiceCd=110&Type=search" }, "geometry": { "type": "Point", "coordinates": [ 140.022846200000032, 35.7549368 ] } },
{ "type": "Feature", "properties": { "内容": "アミカ船橋介護センター【訪問介護】千葉県船橋市山手3-6-10", "url2": "https://www.kaigokensaku.mhlw.go.jp/12/index.php?action_kouhyou_detail_004_kani=true&JigyosyoCd=1270909441-00&ServiceCd=110&Type=search" }, "geometry": { "type": "Point", "coordinates": [ 139.9779799, 35.7177592 ] } },
{ "type": "Feature", "properties": { "内容": "東京海上日動みずたま介護ＳＴ北習志野【訪問介護】千葉県船橋市習志野台3-17-15東海北習志野5番館2-B", "url2": "https://www.kaigokensaku.mhlw.go.jp/12/index.php?action_kouhyou_detail_004_kani=true&JigyosyoCd=1270908013-00&ServiceCd=110&Type=search" }, "geometry": { "type": "Point", "coordinates": [ 140.044072599999936, 35.7193591 ] } },
{ "type": "Feature", "properties": { "内容": "地域福祉事業所　ヘルパーステーション　ゆりの木【訪問介護】千葉県船橋市高根台6-2-20大蔵ビル　2Ｆ", "url2": "https://www.kaigokensaku.mhlw.go.jp/12/index.php?action_kouhyou_detail_004_kani=true&JigyosyoCd=1270901570-00&ServiceCd=110&Type=search" }, "geometry": { "type": "Point", "coordinates": [ 140.033051526042186, 35.728138801108273 ] } },
{ "type": "Feature", "properties": { "内容": "有限会社　ケア・サービス虹【訪問介護】千葉県船橋市高根台6-47-4", "url2": "https://www.kaigokensaku.mhlw.go.jp/12/index.php?action_kouhyou_detail_004_kani=true&JigyosyoCd=1270900069-00&ServiceCd=110&Type=search" }, "geometry": { "type": "Point", "coordinates": [ 140.034842300000037, 35.7279775 ] } },
{ "type": "Feature", "properties": { "内容": "ひばりサービス船橋センター【訪問介護】千葉県船橋市湊町２丁目４−５第五白川ビル202", "url2": "https://www.kaigokensaku.mhlw.go.jp/12/index.php?action_kouhyou_detail_004_kani=true&JigyosyoCd=1270908922-00&ServiceCd=110&Type=search" }, "geometry": { "type": "Point", "coordinates": [ 139.983224299999961, 35.694883 ] } },
{ "type": "Feature", "properties": { "内容": "ニチイケアセンター船橋北【訪問介護】千葉県船橋市丸山5-22-3アークハウス101号室", "url2": "https://www.kaigokensaku.mhlw.go.jp/12/index.php?action_kouhyou_detail_004_kani=true&JigyosyoCd=1270909169-00&ServiceCd=110&Type=search" }, "geometry": { "type": "Point", "coordinates": [ 139.996102900000011, 35.7458804 ] } },
{ "type": "Feature", "properties": { "内容": "介護事業所みっれ　船橋【訪問介護】千葉県船橋市印内町603-1田中ビル522号", "url2": "https://www.kaigokensaku.mhlw.go.jp/12/index.php?action_kouhyou_detail_004_kani=true&JigyosyoCd=1270909557-00&ServiceCd=110&Type=search" }, "geometry": { "type": "Point", "coordinates": [ 139.9584374, 35.7061546 ] } },
{ "type": "Feature", "properties": { "内容": "ヘルパーステーション　らふ【訪問介護】千葉県船橋市二和西4-36-21", "url2": "https://www.kaigokensaku.mhlw.go.jp/12/index.php?action_kouhyou_detail_004_kani=true&JigyosyoCd=1270910399-00&ServiceCd=110&Type=search" }, "geometry": { "type": "Point", "coordinates": [ 140.0188756, 35.7527636 ] } },
{ "type": "Feature", "properties": { "内容": "京葉ガスケアサービス船橋【訪問介護】千葉県船橋市市場5-16-18京葉ガス船橋ビル1F", "url2": "https://www.kaigokensaku.mhlw.go.jp/12/index.php?action_kouhyou_detail_004_kani=true&JigyosyoCd=1270909383-00&ServiceCd=110&Type=search" }, "geometry": { "type": "Point", "coordinates": [ 140.003024799999963, 35.7038513 ] } },
{ "type": "Feature", "properties": { "内容": "レビー・ケア株式会社「レビー船橋」【訪問介護】千葉県船橋市上山町1-157-1", "url2": "https://www.kaigokensaku.mhlw.go.jp/12/index.php?action_kouhyou_detail_004_kani=true&JigyosyoCd=1270900721-00&ServiceCd=110&Type=search" }, "geometry": { "type": "Point", "coordinates": [ 139.971601, 35.7278657 ] } },
{ "type": "Feature", "properties": { "内容": "船橋やわらぎ【訪問介護】千葉県船橋市前原西4-21-17サニーライフ船橋", "url2": "https://www.kaigokensaku.mhlw.go.jp/12/index.php?action_kouhyou_detail_004_kani=true&JigyosyoCd=1270906280-00&ServiceCd=110&Type=search" }, "geometry": { "type": "Point", "coordinates": [ 140.016854480671697, 35.697715143162235 ] } },
{ "type": "Feature", "properties": { "内容": "ブレストケア【訪問介護】千葉県船橋市南本町6-15ブレスト船橋壱番館", "url2": "https://www.kaigokensaku.mhlw.go.jp/12/index.php?action_kouhyou_detail_004_kani=true&JigyosyoCd=1270907486-00&ServiceCd=110&Type=search" }, "geometry": { "type": "Point", "coordinates": [ 139.979016099999967, 35.696874100000024 ] } },
{ "type": "Feature", "properties": { "内容": "ピースサポート指定訪問介護事業所【訪問介護】千葉県船橋市芝山3-10-3-103", "url2": "https://www.kaigokensaku.mhlw.go.jp/12/index.php?action_kouhyou_detail_004_kani=true&JigyosyoCd=1270903634-00&ServiceCd=110&Type=search" }, "geometry": { "type": "Point", "coordinates": [ 140.019625271163903, 35.717177954950778 ] } },
{ "type": "Feature", "properties": { "内容": "ケアサポート24馬込沢【訪問介護】千葉県船橋市藤原7-32-5", "url2": "https://www.kaigokensaku.mhlw.go.jp/12/index.php?action_kouhyou_detail_004_kani=true&JigyosyoCd=1270909201-00&ServiceCd=110&Type=search" }, "geometry": { "type": "Point", "coordinates": [ 139.988552092065447, 35.740105505892259 ] } },
{ "type": "Feature", "properties": { "内容": "医心館訪問介護ステーション西船橋【訪問介護】千葉県船橋市西船５丁目27番３号", "url2": "https://www.kaigokensaku.mhlw.go.jp/12/index.php?action_kouhyou_detail_004_kani=true&JigyosyoCd=1270910266-00&ServiceCd=110&Type=search" }, "geometry": { "type": "Point", "coordinates": [ 139.9566661, 35.7090097 ] } },
{ "type": "Feature", "properties": { "内容": "やすらぎケアセンター【訪問介護】千葉県船橋市三山8-47-6　三山ビル1号", "url2": "https://www.kaigokensaku.mhlw.go.jp/12/index.php?action_kouhyou_detail_004_kani=true&JigyosyoCd=1270902255-00&ServiceCd=110&Type=search" }, "geometry": { "type": "Point", "coordinates": [ 140.058781599999946, 35.6947775 ] } },
{ "type": "Feature", "properties": { "内容": "アースサポート船橋【訪問介護】千葉県船橋市湊町1丁目4番1号", "url2": "https://www.kaigokensaku.mhlw.go.jp/12/index.php?action_kouhyou_detail_004_kani=true&JigyosyoCd=1270901299-00&ServiceCd=110&Type=search" }, "geometry": { "type": "Point", "coordinates": [ 139.985759499999972, 35.6948918 ] } },
{ "type": "Feature", "properties": { "内容": "テルウェル東日本　船橋介護センタ【訪問介護】千葉県船橋市前原西6-6-80", "url2": "https://www.kaigokensaku.mhlw.go.jp/12/index.php?action_kouhyou_detail_004_kani=true&JigyosyoCd=1270902289-00&ServiceCd=110&Type=search" }, "geometry": { "type": "Point", "coordinates": [ 140.043734800000038, 35.7169935 ] } },
{ "type": "Feature", "properties": { "内容": "三咲在宅介護センター【訪問介護】千葉県船橋市三咲5-32-10", "url2": "https://www.kaigokensaku.mhlw.go.jp/12/index.php?action_kouhyou_detail_004_kani=true&JigyosyoCd=1270902651-00&ServiceCd=110&Type=search" }, "geometry": { "type": "Point", "coordinates": [ 140.030580200000031, 35.7491367 ] } },
{ "type": "Feature", "properties": { "内容": "世話好き北部ステーション【訪問介護】千葉県船橋市小室町3319-2", "url2": "https://www.kaigokensaku.mhlw.go.jp/12/index.php?action_kouhyou_detail_004_kani=true&JigyosyoCd=1270903295-00&ServiceCd=110&Type=search" }, "geometry": { "type": "Point", "coordinates": [ 140.07442330237734, 35.787547597300062 ] } },
{ "type": "Feature", "properties": { "内容": "コープみらい習志野介護センター【訪問介護】千葉県船橋市習志野4-5-1", "url2": "https://www.kaigokensaku.mhlw.go.jp/12/index.php?action_kouhyou_detail_004_kani=true&JigyosyoCd=1270906173-00&ServiceCd=110&Type=search" }, "geometry": { "type": "Point", "coordinates": [ 140.058344499999947, 35.703303 ] } },
{ "type": "Feature", "properties": { "内容": "ヘルパーステーションヴィラ梨香園【訪問介護】千葉県船橋市車方町543", "url2": "https://www.kaigokensaku.mhlw.go.jp/12/index.php?action_kouhyou_detail_004_kani=true&JigyosyoCd=1270906215-00&ServiceCd=110&Type=search" }, "geometry": { "type": "Point", "coordinates": [ 140.077214700000013, 35.7742415 ] } },
{ "type": "Feature", "properties": { "内容": "エルケア船橋ケアセンター【訪問介護】千葉県船橋市湊町2-5-4藤代ビル３階", "url2": "https://www.kaigokensaku.mhlw.go.jp/12/index.php?action_kouhyou_detail_004_kani=true&JigyosyoCd=1270906637-00&ServiceCd=110&Type=search" }, "geometry": { "type": "Point", "coordinates": [ 139.982426300000043, 35.6959612 ] } },
{ "type": "Feature", "properties": { "内容": "アスモ介護サービス薬園台【訪問介護】千葉県船橋市滝台2-1-1ベストライフ船橋薬園台", "url2": "https://www.kaigokensaku.mhlw.go.jp/12/index.php?action_kouhyou_detail_004_kani=true&JigyosyoCd=1270907395-00&ServiceCd=110&Type=search" }, "geometry": { "type": "Point", "coordinates": [ 140.036618299999986, 35.7089045 ] } },
{ "type": "Feature", "properties": { "内容": "公益財団法人船橋市福祉サービス公社三咲【訪問介護】千葉県船橋市二和東６－４２－２１飛田ビル１階", "url2": "https://www.kaigokensaku.mhlw.go.jp/12/index.php?action_kouhyou_detail_004_kani=true&JigyosyoCd=1270907635-00&ServiceCd=110&Type=search" }, "geometry": { "type": "Point", "coordinates": [ 140.029069, 35.7536669 ] } },
{ "type": "Feature", "properties": { "内容": "ももえケア【訪問介護】千葉県船橋市行田町49-5さくらの郷　船橋", "url2": "https://www.kaigokensaku.mhlw.go.jp/12/index.php?action_kouhyou_detail_004_kani=true&JigyosyoCd=1270909078-00&ServiceCd=110&Type=search" }, "geometry": { "type": "Point", "coordinates": [ 139.972383799999989, 35.7240006 ] } },
{ "type": "Feature", "properties": { "内容": "ホームグランド松が丘【訪問介護】千葉県船橋市松が丘4-11-14阿見ハウス101号", "url2": "https://www.kaigokensaku.mhlw.go.jp/12/index.php?action_kouhyou_detail_004_kani=true&JigyosyoCd=1270909334-00&ServiceCd=110&Type=search" }, "geometry": { "type": "Point", "coordinates": [ 140.0450587, 35.7309268 ] } },
{ "type": "Feature", "properties": { "内容": "有限会社アシスト　ひだまりの家ホームヘルプサービス【訪問介護】千葉県船橋市習志野台2-49-18", "url2": "https://www.kaigokensaku.mhlw.go.jp/12/index.php?action_kouhyou_detail_004_kani=true&JigyosyoCd=1270900762-00&ServiceCd=110&Type=search" }, "geometry": { "type": "Point", "coordinates": [ 140.045479134471179, 35.722811079016395 ] } },
{ "type": "Feature", "properties": { "内容": "NPO法人福祉グループ西船コアラ【訪問介護】千葉県船橋市行田3丁目10番45-112号", "url2": "https://www.kaigokensaku.mhlw.go.jp/12/index.php?action_kouhyou_detail_004_kani=true&JigyosyoCd=1270910605-00&ServiceCd=110&Type=search" }, "geometry": { "type": "Point", "coordinates": [ 139.968597100000011, 35.722151599999982 ] } },
{ "type": "Feature", "properties": { "内容": "ニチイケアセンター津田沼【訪問介護】千葉県船橋市前原西2-12-7　津田沼第一生命ビル２階", "url2": "https://www.kaigokensaku.mhlw.go.jp/12/index.php?action_kouhyou_detail_004_kani=true&JigyosyoCd=1270900374-00&ServiceCd=110&Type=search" }, "geometry": { "type": "Point", "coordinates": [ 140.022570634393333, 35.693258094156938 ] } },
{ "type": "Feature", "properties": { "内容": "コープみらい船橋介護センター【訪問介護】千葉県船橋市緑台2-6-1-105", "url2": "https://www.kaigokensaku.mhlw.go.jp/12/index.php?action_kouhyou_detail_004_kani=true&JigyosyoCd=1270906165-00&ServiceCd=110&Type=search" }, "geometry": { "type": "Point", "coordinates": [ 140.015971857563699, 35.728434870514405 ] } },
{ "type": "Feature", "properties": { "内容": "前原ハート訪問介護ステーション【訪問介護】千葉県船橋市前原東４－２１－６", "url2": "https://www.kaigokensaku.mhlw.go.jp/12/index.php?action_kouhyou_detail_004_kani=true&JigyosyoCd=1270907841-00&ServiceCd=110&Type=search" }, "geometry": { "type": "Point", "coordinates": [ 140.026273533746917, 35.698864437077781 ] } },
{ "type": "Feature", "properties": { "内容": "あいケアサービス【訪問介護】千葉県船橋市高根台7-2-4", "url2": "https://www.kaigokensaku.mhlw.go.jp/12/index.php?action_kouhyou_detail_004_kani=true&JigyosyoCd=1270908211-00&ServiceCd=110&Type=search" }, "geometry": { "type": "Point", "coordinates": [ 140.028894669905839, 35.727186694900219 ] } },
{ "type": "Feature", "properties": { "内容": "ヘルパーステーションかなで【訪問介護】千葉県船橋市海神2丁目18-9", "url2": "https://www.kaigokensaku.mhlw.go.jp/12/index.php?action_kouhyou_detail_004_kani=true&JigyosyoCd=1270908534-00&ServiceCd=110&Type=search" }, "geometry": { "type": "Point", "coordinates": [ 139.983030553442404, 35.694199035406861 ] } },
{ "type": "Feature", "properties": { "内容": "ケアサービス　陽だまり【訪問介護】千葉県船橋市東船橋2-21-61F", "url2": "https://www.kaigokensaku.mhlw.go.jp/12/index.php?action_kouhyou_detail_004_kani=true&JigyosyoCd=1270902610-00&ServiceCd=110&Type=search" }, "geometry": { "type": "Point", "coordinates": [ 140.003924993254032, 35.70324260955487 ] } },
{ "type": "Feature", "properties": { "内容": "アースサポート西船橋【訪問介護】千葉県船橋市西船5丁目18番19号", "url2": "https://www.kaigokensaku.mhlw.go.jp/12/index.php?action_kouhyou_detail_004_kani=true&JigyosyoCd=1270902750-00&ServiceCd=110&Type=search" }, "geometry": { "type": "Point", "coordinates": [ 139.9549442, 35.7111045 ] } },
{ "type": "Feature", "properties": { "内容": "アイハート・スマイルケアサービス有限会社【訪問介護】千葉県船橋市滝台２－１－２２横川ビル２Ｆ", "url2": "https://www.kaigokensaku.mhlw.go.jp/12/index.php?action_kouhyou_detail_004_kani=true&JigyosyoCd=1270903287-00&ServiceCd=110&Type=search" }, "geometry": { "type": "Point", "coordinates": [ 140.0372155, 35.7087018 ] } },
{ "type": "Feature", "properties": { "内容": "双葉ハート【訪問介護】千葉県船橋市本町4-7-17-3Ｆ", "url2": "https://www.kaigokensaku.mhlw.go.jp/12/index.php?action_kouhyou_detail_004_kani=true&JigyosyoCd=1270905639-00&ServiceCd=110&Type=search" }, "geometry": { "type": "Point", "coordinates": [ 139.9904967, 35.701030100000018 ] } },
{ "type": "Feature", "properties": { "内容": "公益財団法人船橋市福祉サービス公社西船【訪問介護】千葉県船橋市西船４－１７－３西船橋出張所内１階", "url2": "https://www.kaigokensaku.mhlw.go.jp/12/index.php?action_kouhyou_detail_004_kani=true&JigyosyoCd=1270907601-00&ServiceCd=110&Type=search" }, "geometry": { "type": "Point", "coordinates": [ 139.958896800000048, 35.7102295 ] } },
{ "type": "Feature", "properties": { "内容": "ふなばし翔裕園訪問介護センター【訪問介護】千葉県船橋市旭町4-19-30", "url2": "https://www.kaigokensaku.mhlw.go.jp/12/index.php?action_kouhyou_detail_004_kani=true&JigyosyoCd=1270907866-00&ServiceCd=110&Type=search" }, "geometry": { "type": "Point", "coordinates": [ 139.994860099999983, 35.735403800000014 ] } },
{ "type": "Feature", "properties": { "内容": "ツクイ新船橋【訪問介護】千葉県船橋市北本町1-16-56オウカス船橋内", "url2": "https://www.kaigokensaku.mhlw.go.jp/12/index.php?action_kouhyou_detail_004_kani=true&JigyosyoCd=1270908385-00&ServiceCd=110&Type=search" }, "geometry": { "type": "Point", "coordinates": [ 139.983391, 35.710995900000015 ] } },
{ "type": "Feature", "properties": { "内容": "訪問介護かすみ草【訪問介護】千葉県船橋市本郷町421-2大塚ビル205", "url2": "https://www.kaigokensaku.mhlw.go.jp/12/index.php?action_kouhyou_detail_004_kani=true&JigyosyoCd=1270909284-00&ServiceCd=110&Type=search" }, "geometry": { "type": "Point", "coordinates": [ 139.954912900000011, 35.7075431 ] } },
{ "type": "Feature", "properties": { "内容": "ニチイケアセンター船橋【訪問介護】千葉県船橋市本町6-4-28　竹内ビル3Ｆ", "url2": "https://www.kaigokensaku.mhlw.go.jp/12/index.php?action_kouhyou_detail_004_kani=true&JigyosyoCd=1270900101-00&ServiceCd=110&Type=search" }, "geometry": { "type": "Point", "coordinates": [ 139.98598990000005, 35.7040328 ] } },
{ "type": "Feature", "properties": { "内容": "合同会社訪問介護サービスさまさま【訪問介護】千葉県船橋市行田１－４６－７", "url2": "https://www.kaigokensaku.mhlw.go.jp/12/index.php?action_kouhyou_detail_004_kani=true&JigyosyoCd=1270909292-00&ServiceCd=110&Type=search" }, "geometry": { "type": "Point", "coordinates": [ 139.9800396, 35.72153 ] } },
{ "type": "Feature", "properties": { "内容": "介護の専門店　悠【訪問介護】千葉県船橋市湊町３－１９－５", "url2": "https://www.kaigokensaku.mhlw.go.jp/12/index.php?action_kouhyou_detail_004_kani=true&JigyosyoCd=1270901216-00&ServiceCd=110&Type=search" }, "geometry": { "type": "Point", "coordinates": [ 139.982029300000022, 35.690548 ] } },
{ "type": "Feature", "properties": { "内容": "株式会社朝日ケアコンサルタント「テレサ会」船橋事業所【訪問介護】千葉県船橋市高根台3－15－5　3F", "url2": "https://www.kaigokensaku.mhlw.go.jp/12/index.php?action_kouhyou_detail_004_kani=true&JigyosyoCd=1270909417-00&ServiceCd=110&Type=search" }, "geometry": { "type": "Point", "coordinates": [ 140.03671882709267, 35.732582135563383 ] } },
{ "type": "Feature", "properties": { "内容": "ソアレライフサポート【訪問介護】千葉県船橋市本中山４－２５－3", "url2": "https://www.kaigokensaku.mhlw.go.jp/12/index.php?action_kouhyou_detail_004_kani=true&JigyosyoCd=1270903931-00&ServiceCd=110&Type=search" }, "geometry": { "type": "Point", "coordinates": [ 139.940501, 35.7124851 ] } },
{ "type": "Feature", "properties": { "内容": "愛＆喜び　訪問介護【訪問介護】千葉県船橋市西船7-4-15かねしち　コーポⅡ　202室", "url2": "https://www.kaigokensaku.mhlw.go.jp/12/index.php?action_kouhyou_detail_004_kani=true&JigyosyoCd=1270909854-00&ServiceCd=110&Type=search" }, "geometry": { "type": "Point", "coordinates": [ 139.9577792, 35.7173764 ] } },
{ "type": "Feature", "properties": { "内容": "らいおんハート訪問介護船橋【訪問介護】千葉県船橋市行田3-26-22", "url2": "https://www.kaigokensaku.mhlw.go.jp/12/index.php?action_kouhyou_detail_004_kani=true&JigyosyoCd=1270910043-00&ServiceCd=110&Type=search" }, "geometry": { "type": "Point", "coordinates": [ 139.969109, 35.7230109 ] } },
{ "type": "Feature", "properties": { "内容": "訪問介護やどかり【訪問介護】千葉県船橋市松が丘5丁目44-10", "url2": "https://www.kaigokensaku.mhlw.go.jp/12/index.php?action_kouhyou_detail_004_kani=true&JigyosyoCd=1270910118-00&ServiceCd=110&Type=search" }, "geometry": { "type": "Point", "coordinates": [ 140.053528637013045, 35.735594090189458 ] } },
{ "type": "Feature", "properties": { "内容": "Hana船橋ヘルパーステーション【訪問介護】千葉県船橋市金杉7-6-12ステップビル2階203", "url2": "https://www.kaigokensaku.mhlw.go.jp/12/index.php?action_kouhyou_detail_004_kani=true&JigyosyoCd=1270906546-00&ServiceCd=110&Type=search" }, "geometry": { "type": "Point", "coordinates": [ 140.0192065, 35.7372395 ] } },
{ "type": "Feature", "properties": { "内容": "東京海上日動みずたま介護ＳＴ船橋【訪問介護】千葉県船橋市本町3-32-20東信船橋ビル３階", "url2": "https://www.kaigokensaku.mhlw.go.jp/12/index.php?action_kouhyou_detail_004_kani=true&JigyosyoCd=1270907999-00&ServiceCd=110&Type=search" }, "geometry": { "type": "Point", "coordinates": [ 139.985326403704903, 35.69555850764911 ] } },
{ "type": "Feature", "properties": { "内容": "生活クラブ風の村介護ステーション船橋【訪問介護】千葉県船橋市高根台２－２－１７", "url2": "https://www.kaigokensaku.mhlw.go.jp/12/index.php?action_kouhyou_detail_004_kani=true&JigyosyoCd=1270902271-00&ServiceCd=110&Type=search" }, "geometry": { "type": "Point", "coordinates": [ 140.031656099999964, 35.7345769 ] } },
{ "type": "Feature", "properties": { "内容": "エルケア高根ケアセンター【訪問介護】千葉県船橋市高根台7-18-2　1F", "url2": "https://www.kaigokensaku.mhlw.go.jp/12/index.php?action_kouhyou_detail_004_kani=true&JigyosyoCd=1270906652-00&ServiceCd=110&Type=search" }, "geometry": { "type": "Point", "coordinates": [ 140.029311560188262, 35.726676794163033 ] } },
{ "type": "Feature", "properties": { "内容": "リルセーヌ高根台訪問介護事業所【訪問介護】千葉県船橋市高根台1-3-21デュオセーヌ船橋高根台1階", "url2": "https://www.kaigokensaku.mhlw.go.jp/12/index.php?action_kouhyou_detail_004_kani=true&JigyosyoCd=1270909771-00&ServiceCd=110&Type=search" }, "geometry": { "type": "Point", "coordinates": [ 140.0333647, 35.7307562 ] } },
{ "type": "Feature", "properties": { "内容": "プライマルケア船橋【訪問介護】千葉県船橋市習志野台4-71-10ベルスクエア習志野台101号室", "url2": "https://www.kaigokensaku.mhlw.go.jp/12/index.php?action_kouhyou_detail_004_kani=true&JigyosyoCd=1270909862-00&ServiceCd=110&Type=search" }, "geometry": { "type": "Point", "coordinates": [ 140.050431043551242, 35.713516921650275 ] } },
{ "type": "Feature", "properties": { "内容": "ペアレントホームケア親おもい【訪問介護】千葉県船橋市薬円台６ー１１ー１１", "url2": "https://www.kaigokensaku.mhlw.go.jp/12/index.php?action_kouhyou_detail_004_kani=true&JigyosyoCd=1270902438-00&ServiceCd=110&Type=search" }, "geometry": { "type": "Point", "coordinates": [ 140.038890199999969, 35.7114821 ] } },
{ "type": "Feature", "properties": { "内容": "プラチナ・訪問介護ステーション　船橋日大前【訪問介護】千葉県船橋市坪井東5丁目23番15号", "url2": "https://www.kaigokensaku.mhlw.go.jp/12/index.php?action_kouhyou_detail_004_kani=true&JigyosyoCd=1270908518-00&ServiceCd=110&Type=search" }, "geometry": { "type": "Point", "coordinates": [ 140.0645806, 35.7304275 ] } },
{ "type": "Feature", "properties": { "内容": "くまさんヘルパー訪問介護【訪問介護】千葉県船橋市大穴北4－15－3", "url2": "https://www.kaigokensaku.mhlw.go.jp/12/index.php?action_kouhyou_detail_004_kani=true&JigyosyoCd=1270910407-00&ServiceCd=110&Type=search" }, "geometry": { "type": "Point", "coordinates": [ 140.0446741, 35.7533677 ] } },
{ "type": "Feature", "properties": { "内容": "ポピー訪問介護ステーション【訪問介護】千葉県船橋市行田１丁目４８－２０オータムハイツ１０１号", "url2": "https://www.kaigokensaku.mhlw.go.jp/12/index.php?action_kouhyou_detail_004_kani=true&JigyosyoCd=1270909607-00&ServiceCd=110&Type=search" }, "geometry": { "type": "Point", "coordinates": [ 139.981748, 35.7213527 ] } },
{ "type": "Feature", "properties": { "内容": "こひつじ船橋訪問介護ステーション【訪問介護】千葉県船橋市夏見台4-8-10", "url2": "https://www.kaigokensaku.mhlw.go.jp/12/index.php?action_kouhyou_detail_004_kani=true&JigyosyoCd=1270910308-00&ServiceCd=110&Type=search" }, "geometry": { "type": "Point", "coordinates": [ 139.9952553, 35.7250124 ] } },
{ "type": "Feature", "properties": { "内容": "ニチイケアセンター高根台【訪問介護】千葉県船橋市高根台1-8-1-301", "url2": "https://www.kaigokensaku.mhlw.go.jp/12/index.php?action_kouhyou_detail_004_kani=true&JigyosyoCd=1270902222-00&ServiceCd=110&Type=search" }, "geometry": { "type": "Point", "coordinates": [ 140.030025900000027, 35.7305634 ] } },
{ "type": "Feature", "properties": { "内容": "ここち東船橋ケアステーション【訪問介護】千葉県船橋市中野木1丁目6番1号", "url2": "https://www.kaigokensaku.mhlw.go.jp/12/index.php?action_kouhyou_detail_004_kani=true&JigyosyoCd=1270906900-00&ServiceCd=110&Type=search" }, "geometry": { "type": "Point", "coordinates": [ 140.011957, 35.702502 ] } },
{ "type": "Feature", "properties": { "内容": "ここち船橋夏見ケアステーション【訪問介護】千葉県船橋市夏見1-17-27", "url2": "https://www.kaigokensaku.mhlw.go.jp/12/index.php?action_kouhyou_detail_004_kani=true&JigyosyoCd=1270908484-00&ServiceCd=110&Type=search" }, "geometry": { "type": "Point", "coordinates": [ 139.991833600000064, 35.7076153 ] } },
{ "type": "Feature", "properties": { "内容": "公益財団法人船橋市福祉サービス公社中央【訪問介護】千葉県船橋市本町２－７－８船橋市福祉ビル６階", "url2": "https://www.kaigokensaku.mhlw.go.jp/12/index.php?action_kouhyou_detail_004_kani=true&JigyosyoCd=1270907627-00&ServiceCd=110&Type=search" }, "geometry": { "type": "Point", "coordinates": [ 139.983526286467281, 35.696314564912619 ] } },
{ "type": "Feature", "properties": { "内容": "介護ステーションなかま【訪問介護】千葉県船橋市咲が丘２丁目２８番１４号", "url2": "https://www.kaigokensaku.mhlw.go.jp/12/index.php?action_kouhyou_detail_004_kani=true&JigyosyoCd=1270910506-00&ServiceCd=110&Type=search" }, "geometry": { "type": "Point", "coordinates": [ 140.023386, 35.758885 ] } },
{ "type": "Feature", "properties": { "内容": "ユタリト船橋【訪問介護】千葉県船橋市飯山満町2-737-6　15-2-1", "url2": "https://www.kaigokensaku.mhlw.go.jp/12/index.php?action_kouhyou_detail_004_kani=true&JigyosyoCd=1270904160-00&ServiceCd=110&Type=search" }, "geometry": { "type": "Point", "coordinates": [ 140.022011054106144, 35.712392202249063 ] } },
{ "type": "Feature", "properties": { "内容": "ニチイケアセンター船橋行田【訪問介護】千葉県船橋市行田3-14-1", "url2": "https://www.kaigokensaku.mhlw.go.jp/12/index.php?action_kouhyou_detail_004_kani=true&JigyosyoCd=1270903493-00&ServiceCd=110&Type=search" }, "geometry": { "type": "Point", "coordinates": [ 139.966673799999967, 35.7205168 ] } },
{ "type": "Feature", "properties": { "内容": "アスモ介護サービス西船橋【訪問介護】千葉県船橋市西船4-19-11パストラル西船503号室", "url2": "https://www.kaigokensaku.mhlw.go.jp/12/index.php?action_kouhyou_detail_004_kani=true&JigyosyoCd=1270906371-00&ServiceCd=110&Type=search" }, "geometry": { "type": "Point", "coordinates": [ 139.957047032161768, 35.70899937605062 ] } },
{ "type": "Feature", "properties": { "内容": "訪問介護田喜野井タック【訪問介護】千葉県船橋市薬円台5-14-15203", "url2": "https://www.kaigokensaku.mhlw.go.jp/12/index.php?action_kouhyou_detail_004_kani=true&JigyosyoCd=1270910241-00&ServiceCd=110&Type=search" }, "geometry": { "type": "Point", "coordinates": [ 140.0402043, 35.711026 ] } },
{ "type": "Feature", "properties": { "内容": "ヘルパーステーションにじいろ船橋【訪問介護】千葉県船橋市海神２丁目２−１０ドルミレポ302号室", "url2": "https://www.kaigokensaku.mhlw.go.jp/12/index.php?action_kouhyou_detail_004_kani=true&JigyosyoCd=1270910837-00&ServiceCd=110&Type=search" }, "geometry": { "type": "Point", "coordinates": [ 139.979923299999967, 35.702745700000015 ] } },
{ "type": "Feature", "properties": { "内容": "ケア・ネット船橋事業所【訪問介護】千葉県船橋市南本町8-25", "url2": "https://www.kaigokensaku.mhlw.go.jp/12/index.php?action_kouhyou_detail_004_kani=true&JigyosyoCd=1270902719-00&ServiceCd=110&Type=search" }, "geometry": { "type": "Point", "coordinates": [ 139.979113538453674, 35.697890737643448 ] } },
{ "type": "Feature", "properties": { "内容": "24訪問介護ステーション夏見台【訪問介護】千葉県船橋市夏見台6-16-13ニフティ/AI303", "url2": "https://www.kaigokensaku.mhlw.go.jp/12/index.php?action_kouhyou_detail_004_kani=true&JigyosyoCd=1270910811-00&ServiceCd=110&Type=search" }, "geometry": { "type": "Point", "coordinates": [ 139.99603110000001, 35.726586 ] } },
{ "type": "Feature", "properties": { "内容": "ＳＯＭＰＯケア　船橋前原　訪問介護【訪問介護】千葉県船橋市前原西３丁目１６-６", "url2": "https://www.kaigokensaku.mhlw.go.jp/12/index.php?action_kouhyou_detail_004_kani=true&JigyosyoCd=1270908260-00&ServiceCd=110&Type=search" }, "geometry": { "type": "Point", "coordinates": [ 140.021131500000024, 35.6962421 ] } },
{ "type": "Feature", "properties": { "内容": "あおい鳥ヘルパーステーション【訪問介護】千葉県船橋市三山５－２５－１ファミリーハイツＫ２０３", "url2": "https://www.kaigokensaku.mhlw.go.jp/12/index.php?action_kouhyou_detail_004_kani=true&JigyosyoCd=1270905720-00&ServiceCd=110&Type=search" }, "geometry": { "type": "Point", "coordinates": [ 140.052433800000017, 35.7040277 ] } },
{ "type": "Feature", "properties": { "内容": "ここち西船橋ケアステーション【訪問介護】千葉県船橋市印内3-4-18", "url2": "https://www.kaigokensaku.mhlw.go.jp/12/index.php?action_kouhyou_detail_004_kani=true&JigyosyoCd=1270905894-00&ServiceCd=110&Type=search" }, "geometry": { "type": "Point", "coordinates": [ 139.964851700000054, 35.7176894 ] } },
{ "type": "Feature", "properties": { "内容": "訪問介護うららか【訪問介護】千葉県船橋市習志野1-8-15アーバンハウスＣ棟2", "url2": "https://www.kaigokensaku.mhlw.go.jp/12/index.php?action_kouhyou_detail_004_kani=true&JigyosyoCd=1270910134-00&ServiceCd=110&Type=search" }, "geometry": { "type": "Point", "coordinates": [ 140.0560127, 35.7115139 ] } },
{ "type": "Feature", "properties": { "内容": "ホームグランド田喜野井【訪問介護】千葉県船橋市田喜野井２－１８－３グレーネⅡ１０１", "url2": "https://www.kaigokensaku.mhlw.go.jp/12/index.php?action_kouhyou_detail_004_kani=true&JigyosyoCd=1270909342-00&ServiceCd=110&Type=search" }, "geometry": { "type": "Point", "coordinates": [ 140.0429771, 35.7003442 ] } },
{ "type": "Feature", "properties": { "内容": "東京海上日動みずたま介護ＳＴ西船橋【訪問介護】千葉県船橋市印内3-33-23Ｄ－Ｆｅｓｔａ西船橋内", "url2": "https://www.kaigokensaku.mhlw.go.jp/12/index.php?action_kouhyou_detail_004_kani=true&JigyosyoCd=1270908120-00&ServiceCd=110&Type=search" }, "geometry": { "type": "Point", "coordinates": [ 139.967140706220988, 35.716475113694194 ] } },
{ "type": "Feature", "properties": { "内容": "ベストケア千葉【訪問介護】千葉県船橋市高根台６-３０-５グリーンバン２０１", "url2": "https://www.kaigokensaku.mhlw.go.jp/12/index.php?action_kouhyou_detail_004_kani=true&JigyosyoCd=1270909136-00&ServiceCd=110&Type=search" }, "geometry": { "type": "Point", "coordinates": [ 140.0376963, 35.7300022 ] } },
{ "type": "Feature", "properties": { "内容": "ホームヘルプサービスソラスト西船橋【訪問介護】千葉県船橋市西船1-24-1エクセル青山1F", "url2": "https://www.kaigokensaku.mhlw.go.jp/12/index.php?action_kouhyou_detail_004_kani=true&JigyosyoCd=1270902164-00&ServiceCd=110&Type=search" }, "geometry": { "type": "Point", "coordinates": [ 139.96549170000003, 35.7063841 ] } },
{ "type": "Feature", "properties": { "内容": "訪問介護　けー【訪問介護】千葉県船橋市北本町2－26－2", "url2": "https://www.kaigokensaku.mhlw.go.jp/12/index.php?action_kouhyou_detail_004_kani=true&JigyosyoCd=1270901182-00&ServiceCd=110&Type=search" }, "geometry": { "type": "Point", "coordinates": [ 139.973017760713219, 35.708901352509805 ] } },
{ "type": "Feature", "properties": { "内容": "ファミリアヘルパーステーション【訪問介護】千葉県船橋市旭町1-5-10アサヒパレス207", "url2": "https://www.kaigokensaku.mhlw.go.jp/12/index.php?action_kouhyou_detail_004_kani=true&JigyosyoCd=1270906504-00&ServiceCd=110&Type=search" }, "geometry": { "type": "Point", "coordinates": [ 139.982046967073046, 35.723984433296366 ] } },
{ "type": "Feature", "properties": { "内容": "訪問介護サービス事業所かぼちゃネコ【訪問介護】千葉県船橋市若松２－６－１－１０８ＵＲ　若松団地", "url2": "https://www.kaigokensaku.mhlw.go.jp/12/index.php?action_kouhyou_detail_004_kani=true&JigyosyoCd=1270903923-00&ServiceCd=110&Type=search" }, "geometry": { "type": "Point", "coordinates": [ 139.992928900000038, 35.6792242 ] } },
{ "type": "Feature", "properties": { "内容": "訪問介護支援所　丸美ライフサービス【訪問介護】千葉県船橋市本町2-26-21", "url2": "https://www.kaigokensaku.mhlw.go.jp/12/index.php?action_kouhyou_detail_004_kani=true&JigyosyoCd=1270903188-00&ServiceCd=110&Type=search" }, "geometry": { "type": "Point", "coordinates": [ 139.982954, 35.698672 ] } },
{ "type": "Feature", "properties": { "内容": "さくら・介護ステーション夏見【訪問介護】千葉県船橋市夏見台4-9-1クレスト夏見台101", "url2": "https://www.kaigokensaku.mhlw.go.jp/12/index.php?action_kouhyou_detail_004_kani=true&JigyosyoCd=1270909045-00&ServiceCd=110&Type=search" }, "geometry": { "type": "Point", "coordinates": [ 139.994470800000045, 35.7252764 ] } },
{ "type": "Feature", "properties": { "内容": "ｇｒｏｗ【訪問介護】千葉県船橋市大穴北1丁目16番31号", "url2": "https://www.kaigokensaku.mhlw.go.jp/12/index.php?action_kouhyou_detail_004_kani=true&JigyosyoCd=1270907312-00&ServiceCd=110&Type=search" }, "geometry": { "type": "Point", "coordinates": [ 140.041679235651401, 35.745998004054719 ] } },
{ "type": "Feature", "properties": { "内容": "訪問介護事業所エール三山【訪問介護】千葉県船橋市三山5丁目33-6第１ヤマリハイツ102号室", "url2": "https://www.kaigokensaku.mhlw.go.jp/12/index.php?action_kouhyou_detail_004_kani=true&JigyosyoCd=1270910332-00&ServiceCd=110&Type=search" }, "geometry": { "type": "Point", "coordinates": [ 140.0535248, 35.7030837 ] } },
{ "type": "Feature", "properties": { "内容": "つむぐ介護サービス【訪問介護】千葉県船橋市咲が丘4-20-40", "url2": "https://www.kaigokensaku.mhlw.go.jp/12/index.php?action_kouhyou_detail_004_kani=true&JigyosyoCd=1270909706-00&ServiceCd=110&Type=search" }, "geometry": { "type": "Point", "coordinates": [ 140.028588869275183, 35.757102696482086 ] } },
{ "type": "Feature", "properties": { "内容": "ケアサービスかりん【訪問介護】千葉県船橋市二和東5-22-16", "url2": "https://www.kaigokensaku.mhlw.go.jp/12/index.php?action_kouhyou_detail_004_kani=true&JigyosyoCd=1270903402-00&ServiceCd=110&Type=search" }, "geometry": { "type": "Point", "coordinates": [ 140.021749758860778, 35.754252773732119 ] } },
{ "type": "Feature", "properties": { "内容": "ケアパートナー銀木犀＜船橋夏見＞【訪問介護】千葉県船橋市夏見2丁目16番12号", "url2": "https://www.kaigokensaku.mhlw.go.jp/12/index.php?action_kouhyou_detail_004_kani=true&JigyosyoCd=1270908963-00&ServiceCd=110&Type=search" }, "geometry": { "type": "Point", "coordinates": [ 139.9881591, 35.713165900000021 ] } },
{ "type": "Feature", "properties": { "内容": "やさしい手新高根訪問介護事業所【訪問介護】千葉県船橋市新高根3-27-2センチュリーテラス船橋１階", "url2": "https://www.kaigokensaku.mhlw.go.jp/12/index.php?action_kouhyou_detail_004_kani=true&JigyosyoCd=1270905126-00&ServiceCd=110&Type=search" }, "geometry": { "type": "Point", "coordinates": [ 140.025807342991556, 35.732852545019874 ] } },
{ "type": "Feature", "properties": { "内容": "介護ステーションつなぐ【訪問介護】千葉県船橋市三山6-42-2ｺｰﾖｰﾏﾝｼｮﾝﾌﾟﾛﾐﾈﾝｽ305", "url2": "https://www.kaigokensaku.mhlw.go.jp/12/index.php?action_kouhyou_detail_004_kani=true&JigyosyoCd=1270910126-00&ServiceCd=110&Type=search" }, "geometry": { "type": "Point", "coordinates": [ 140.0577357, 35.6990621 ] } },
{ "type": "Feature", "properties": { "内容": "学研ココファン西船橋ヘルパーセンター【訪問介護】千葉県船橋市二子町610ココファン西船橋", "url2": "https://www.kaigokensaku.mhlw.go.jp/12/index.php?action_kouhyou_detail_004_kani=true&JigyosyoCd=1270906819-00&ServiceCd=110&Type=search" }, "geometry": { "type": "Point", "coordinates": [ 139.948128200000042, 35.7101242 ] } },
{ "type": "Feature", "properties": { "内容": "学研ココファン船橋前原ヘルパーセンター【訪問介護】千葉県船橋市前原西6-4-45ココファン船橋前原", "url2": "https://www.kaigokensaku.mhlw.go.jp/12/index.php?action_kouhyou_detail_004_kani=true&JigyosyoCd=1270910068-00&ServiceCd=110&Type=search" }, "geometry": { "type": "Point", "coordinates": [ 140.025342599999988, 35.704278 ] } },
{ "type": "Feature", "properties": { "内容": "ミモザヘルパーステーション北習志野【訪問介護】千葉県船橋市習志野台2－12－29ASビル1号室", "url2": "https://www.kaigokensaku.mhlw.go.jp/12/index.php?action_kouhyou_detail_004_kani=true&JigyosyoCd=1270910720-00&ServiceCd=110&Type=search" }, "geometry": { "type": "Point", "coordinates": [ 140.0415738, 35.7247701 ] } },
{ "type": "Feature", "properties": { "内容": "医心館訪問介護ステーション西船橋Ⅱ【訪問介護】千葉県船橋市印内町636番地１", "url2": "https://www.kaigokensaku.mhlw.go.jp/12/index.php?action_kouhyou_detail_004_kani=true&JigyosyoCd=1270910894-00&ServiceCd=110&Type=search" }, "geometry": { "type": "Point", "coordinates": [ 139.958260603233896, 35.705835387941981 ] } },
{ "type": "Feature", "properties": { "内容": "イリーゼ船橋塚田訪問介護センター【訪問介護】千葉県船橋市行田1-40-22", "url2": "https://www.kaigokensaku.mhlw.go.jp/12/index.php?action_kouhyou_detail_004_kani=true&JigyosyoCd=1270910977-00&ServiceCd=110&Type=search" }, "geometry": { "type": "Point", "coordinates": [ 139.9787249, 35.7226174 ] } },
{ "type": "Feature", "properties": { "内容": "イリーゼ船橋塚田・新館訪問介護センター【訪問介護】千葉県船橋市前貝塚町509-5イリーゼ船橋塚田・新館", "url2": "https://www.kaigokensaku.mhlw.go.jp/12/index.php?action_kouhyou_detail_004_kani=true&JigyosyoCd=1270910985-00&ServiceCd=110&Type=search" }, "geometry": { "type": "Point", "coordinates": [ 139.9861823, 35.7224371 ] } },
{ "type": "Feature", "properties": { "内容": "おうえん介護サービス訪問介護事業所【訪問介護】千葉県船橋市丸山３－７－６", "url2": "https://www.kaigokensaku.mhlw.go.jp/12/index.php?action_kouhyou_detail_004_kani=true&JigyosyoCd=1270904780-00&ServiceCd=110&Type=search" }, "geometry": { "type": "Point", "coordinates": [ 139.992143283065843, 35.749215918431744 ] } },
{ "type": "Feature", "properties": { "内容": "イリーゼ船橋三咲【訪問介護】千葉県船橋市南三咲1-20-10", "url2": "https://www.kaigokensaku.mhlw.go.jp/12/index.php?action_kouhyou_detail_004_kani=true&JigyosyoCd=1270910951-00&ServiceCd=110&Type=search" }, "geometry": { "type": "Point", "coordinates": [ 140.0238741, 35.736059 ] } },
{ "type": "Feature", "properties": { "内容": "ホームヘルプサービス世話好き【訪問介護】千葉県船橋市小室町3319-2", "url2": "https://www.kaigokensaku.mhlw.go.jp/12/index.php?action_kouhyou_detail_004_kani=true&JigyosyoCd=1270900408-00&ServiceCd=110&Type=search" }, "geometry": { "type": "Point", "coordinates": [ 140.075454391885586, 35.787716299065202 ] } },
{ "type": "Feature", "properties": { "内容": "礎訪問介護事業所【訪問介護】千葉県船橋市行田3-2-13-113", "url2": "https://www.kaigokensaku.mhlw.go.jp/12/index.php?action_kouhyou_detail_004_kani=true&JigyosyoCd=1270901737-00&ServiceCd=110&Type=search" }, "geometry": { "type": "Point", "coordinates": [ 139.970405223890509, 35.718313579124974 ] } },
{ "type": "Feature", "properties": { "内容": "訪問介護エール【訪問介護】千葉県館山市北条685番地", "url2": "https://www.kaigokensaku.mhlw.go.jp/12/index.php?action_kouhyou_detail_004_kani=true&JigyosyoCd=1271001131-00&ServiceCd=110&Type=search" }, "geometry": { "type": "Point", "coordinates": [ 139.873246599999959, 34.9927031 ] } },
{ "type": "Feature", "properties": { "内容": "セントケア南房総【訪問介護】千葉県館山市正木640-1", "url2": "https://www.kaigokensaku.mhlw.go.jp/12/index.php?action_kouhyou_detail_004_kani=true&JigyosyoCd=1271000604-00&ServiceCd=110&Type=search" }, "geometry": { "type": "Point", "coordinates": [ 139.872324299999946, 35.0131543 ] } },
{ "type": "Feature", "properties": { "内容": "特定非営利活動法人　たんぽぽの会【訪問介護】千葉県館山市下真倉279-1", "url2": "https://www.kaigokensaku.mhlw.go.jp/12/index.php?action_kouhyou_detail_004_kani=true&JigyosyoCd=1271000182-00&ServiceCd=110&Type=search" }, "geometry": { "type": "Point", "coordinates": [ 139.871729600000037, 34.980905600000014 ] } },
{ "type": "Feature", "properties": { "内容": "やすらぎ訪問介護ステーション【訪問介護】千葉県館山市犬石１６７８－１１３", "url2": "https://www.kaigokensaku.mhlw.go.jp/12/index.php?action_kouhyou_detail_004_kani=true&JigyosyoCd=1271000299-00&ServiceCd=110&Type=search" }, "geometry": { "type": "Point", "coordinates": [ 139.834713099999988, 34.9341776 ] } },
{ "type": "Feature", "properties": { "内容": "ヘルパーステーション　雲母【訪問介護】千葉県館山市正木４６１４－１３", "url2": "https://www.kaigokensaku.mhlw.go.jp/12/index.php?action_kouhyou_detail_004_kani=true&JigyosyoCd=1271000539-00&ServiceCd=110&Type=search" }, "geometry": { "type": "Point", "coordinates": [ 139.873775300000034, 35.0279681 ] } },
{ "type": "Feature", "properties": { "内容": "訪問看護ステーションたてやま【訪問介護】千葉県館山市北条字段所５２０番地1", "url2": "https://www.kaigokensaku.mhlw.go.jp/12/index.php?action_kouhyou_detail_004_kani=true&JigyosyoCd=1271001305-00&ServiceCd=110&Type=search" }, "geometry": { "type": "Point", "coordinates": [ 139.875516110973365, 34.993356401665459 ] } },
{ "type": "Feature", "properties": { "内容": "ファミリアぜんべや【訪問介護】千葉県館山市北条2151番地1", "url2": "https://www.kaigokensaku.mhlw.go.jp/12/index.php?action_kouhyou_detail_004_kani=true&JigyosyoCd=1271001289-00&ServiceCd=110&Type=search" }, "geometry": { "type": "Point", "coordinates": [ 139.867526, 34.9955391 ] } },
{ "type": "Feature", "properties": { "内容": "みっく【訪問介護】千葉県館山市笠名　５－６", "url2": "https://www.kaigokensaku.mhlw.go.jp/12/index.php?action_kouhyou_detail_004_kani=true&JigyosyoCd=1271000356-00&ServiceCd=110&Type=search" }, "geometry": { "type": "Point", "coordinates": [ 139.8355712, 34.9824655 ] } },
{ "type": "Feature", "properties": { "内容": "亀田ホームケアサービス館山【訪問介護】千葉県館山市山本2423-3安房地域医療センター複合事務所", "url2": "https://www.kaigokensaku.mhlw.go.jp/12/index.php?action_kouhyou_detail_004_kani=true&JigyosyoCd=1271000414-00&ServiceCd=110&Type=search" }, "geometry": { "type": "Point", "coordinates": [ 139.892668273406002, 35.000051824395179 ] } },
{ "type": "Feature", "properties": { "内容": "ヘルパーステーションみなづき【訪問介護】千葉県館山市大賀103-2", "url2": "https://www.kaigokensaku.mhlw.go.jp/12/index.php?action_kouhyou_detail_004_kani=true&JigyosyoCd=1271000976-00&ServiceCd=110&Type=search" }, "geometry": { "type": "Point", "coordinates": [ 139.826774710559107, 34.981446753929404 ] } },
{ "type": "Feature", "properties": { "内容": "ヘルパーステーションスマイル【訪問介護】千葉県館山市船形９０９番地", "url2": "https://www.kaigokensaku.mhlw.go.jp/12/index.php?action_kouhyou_detail_004_kani=true&JigyosyoCd=1271000075-00&ServiceCd=110&Type=search" }, "geometry": { "type": "Point", "coordinates": [ 139.844061099999976, 35.0282927 ] } },
{ "type": "Feature", "properties": { "内容": "あゆみ訪問介護ステーション【訪問介護】千葉県館山市大戸１－５", "url2": "https://www.kaigokensaku.mhlw.go.jp/12/index.php?action_kouhyou_detail_004_kani=true&JigyosyoCd=1271000737-00&ServiceCd=110&Type=search" }, "geometry": { "type": "Point", "coordinates": [ 139.872491482508849, 34.974185707534595 ] } },
{ "type": "Feature", "properties": { "内容": "館山養護老人ホーム訪問介護事業所【訪問介護】千葉県館山市湊373番地館山養護老人ホーム", "url2": "https://www.kaigokensaku.mhlw.go.jp/12/index.php?action_kouhyou_detail_004_kani=true&JigyosyoCd=1271000620-00&ServiceCd=110&Type=search" }, "geometry": { "type": "Point", "coordinates": [ 139.866933882243757, 35.011200073644218 ] } },
{ "type": "Feature", "properties": { "内容": "なのはな訪問看護ステーション【訪問介護】千葉県館山市沼1604-4", "url2": "https://www.kaigokensaku.mhlw.go.jp/12/index.php?action_kouhyou_detail_004_kani=true&JigyosyoCd=1263690013-00&ServiceCd=110&Type=search" }, "geometry": { "type": "Point", "coordinates": [ 139.846388499999989, 34.982045300000024 ] } },
{ "type": "Feature", "properties": { "内容": "ケアサポート　青空【訪問介護】千葉県木更津市大久保３－１５－１", "url2": "https://www.kaigokensaku.mhlw.go.jp/12/index.php?action_kouhyou_detail_004_kani=true&JigyosyoCd=1271100891-00&ServiceCd=110&Type=search" }, "geometry": { "type": "Point", "coordinates": [ 139.93140470000003, 35.3403521 ] } },
{ "type": "Feature", "properties": { "内容": "太陽介護センター【訪問介護】木更津市貝渕1-9-3", "url2": "https://www.kaigokensaku.mhlw.go.jp/12/index.php?action_kouhyou_detail_004_kani=true&JigyosyoCd=1271100768-00&ServiceCd=110&Type=search" }, "geometry": { "type": "Point", "coordinates": [ 139.922501799999964, 35.375771800000017 ] } },
{ "type": "Feature", "properties": { "内容": "YNK【訪問介護】千葉県木更津市東太田1-11-28-105", "url2": "https://www.kaigokensaku.mhlw.go.jp/12/index.php?action_kouhyou_detail_004_kani=true&JigyosyoCd=1271100669-00&ServiceCd=110&Type=search" }, "geometry": { "type": "Point", "coordinates": [ 139.9471431, 35.3762749 ] } },
{ "type": "Feature", "properties": { "内容": "訪問介護nonno【訪問介護】千葉県木更津市畑沢南5-8-3B103", "url2": "https://www.kaigokensaku.mhlw.go.jp/12/index.php?action_kouhyou_detail_004_kani=true&JigyosyoCd=1271103036-00&ServiceCd=110&Type=search" }, "geometry": { "type": "Point", "coordinates": [ 139.905520700000011, 35.3383244 ] } },
{ "type": "Feature", "properties": { "内容": "訪問介護　のぞみ【訪問介護】千葉県木更津市羽鳥野５－４－１１", "url2": "https://www.kaigokensaku.mhlw.go.jp/12/index.php?action_kouhyou_detail_004_kani=true&JigyosyoCd=1271100701-00&ServiceCd=110&Type=search" }, "geometry": { "type": "Point", "coordinates": [ 139.941995600000041, 35.3426879 ] } },
{ "type": "Feature", "properties": { "内容": "ライフ介護支援センター【訪問介護】千葉県木更津市大久保2-16-7", "url2": "https://www.kaigokensaku.mhlw.go.jp/12/index.php?action_kouhyou_detail_004_kani=true&JigyosyoCd=1271102418-00&ServiceCd=110&Type=search" }, "geometry": { "type": "Point", "coordinates": [ 139.9310883, 35.3425 ] } },
{ "type": "Feature", "properties": { "内容": "ヘルパーステーションとう花【訪問介護】千葉県木更津市八幡台4-965-73", "url2": "https://www.kaigokensaku.mhlw.go.jp/12/index.php?action_kouhyou_detail_004_kani=true&JigyosyoCd=1271102954-00&ServiceCd=110&Type=search" }, "geometry": { "type": "Point", "coordinates": [ 139.948865899999987, 35.3404773 ] } },
{ "type": "Feature", "properties": { "内容": "ヘルパーステーションかけはし【訪問介護】千葉県木更津市岩根3-1-7", "url2": "https://www.kaigokensaku.mhlw.go.jp/12/index.php?action_kouhyou_detail_004_kani=true&JigyosyoCd=1271102368-00&ServiceCd=110&Type=search" }, "geometry": { "type": "Point", "coordinates": [ 139.931598799999961, 35.4127884 ] } },
{ "type": "Feature", "properties": { "内容": "ナチュラル介護サービス【訪問介護】千葉県木更津市真舟4-15-3", "url2": "https://www.kaigokensaku.mhlw.go.jp/12/index.php?action_kouhyou_detail_004_kani=true&JigyosyoCd=1271101683-00&ServiceCd=110&Type=search" }, "geometry": { "type": "Point", "coordinates": [ 139.9333567, 35.3575967 ] } },
{ "type": "Feature", "properties": { "内容": "医心館訪問介護ステーション木更津【訪問介護】千葉県木更津市太田４丁目３番11号", "url2": "https://www.kaigokensaku.mhlw.go.jp/12/index.php?action_kouhyou_detail_004_kani=true&JigyosyoCd=1271103101-00&ServiceCd=110&Type=search" }, "geometry": { "type": "Point", "coordinates": [ 139.943585364639517, 35.37860893411289 ] } },
{ "type": "Feature", "properties": { "内容": "訪問介護ケアセンター絆【訪問介護】千葉県木更津市江川５３６－１", "url2": "https://www.kaigokensaku.mhlw.go.jp/12/index.php?action_kouhyou_detail_004_kani=true&JigyosyoCd=1271101816-00&ServiceCd=110&Type=search" }, "geometry": { "type": "Point", "coordinates": [ 139.919488900000033, 35.4053256 ] } },
{ "type": "Feature", "properties": { "内容": "スマイル【訪問介護】千葉県木更津市下烏田367番地", "url2": "https://www.kaigokensaku.mhlw.go.jp/12/index.php?action_kouhyou_detail_004_kani=true&JigyosyoCd=1271101626-00&ServiceCd=110&Type=search" }, "geometry": { "type": "Point", "coordinates": [ 139.935295699999983, 35.3511199 ] } },
{ "type": "Feature", "properties": { "内容": "有限会社やまみ介護サービス【訪問介護】千葉県木更津市大久保2-20-7", "url2": "https://www.kaigokensaku.mhlw.go.jp/12/index.php?action_kouhyou_detail_004_kani=true&JigyosyoCd=1271100362-00&ServiceCd=110&Type=search" }, "geometry": { "type": "Point", "coordinates": [ 139.933329500000013, 35.3430378 ] } },
{ "type": "Feature", "properties": { "内容": "訪問介護なごみ【訪問介護】千葉県木更津市東太田4-2-8", "url2": "https://www.kaigokensaku.mhlw.go.jp/12/index.php?action_kouhyou_detail_004_kani=true&JigyosyoCd=1271100578-00&ServiceCd=110&Type=search" }, "geometry": { "type": "Point", "coordinates": [ 139.956927900000011, 35.3742309 ] } },
{ "type": "Feature", "properties": { "内容": "訪問介護事業所　朝陽【訪問介護】千葉県木更津市請西南2-14-2-202", "url2": "https://www.kaigokensaku.mhlw.go.jp/12/index.php?action_kouhyou_detail_004_kani=true&JigyosyoCd=1271101105-00&ServiceCd=110&Type=search" }, "geometry": { "type": "Point", "coordinates": [ 139.9421806, 35.362035499999983 ] } },
{ "type": "Feature", "properties": { "内容": "訪問介護いちばん星【訪問介護】千葉県木更津市八幡台３-２１-１", "url2": "https://www.kaigokensaku.mhlw.go.jp/12/index.php?action_kouhyou_detail_004_kani=true&JigyosyoCd=1271100784-00&ServiceCd=110&Type=search" }, "geometry": { "type": "Point", "coordinates": [ 139.954571225428708, 35.344352105050049 ] } },
{ "type": "Feature", "properties": { "内容": "京成タクシーイースト株式会社かずさ営業所【訪問介護】千葉県木更津市潮浜2丁目1番35", "url2": "https://www.kaigokensaku.mhlw.go.jp/12/index.php?action_kouhyou_detail_004_kani=true&JigyosyoCd=1271103127-00&ServiceCd=110&Type=search" }, "geometry": { "type": "Point", "coordinates": [ 139.9096319, 35.3728727 ] } },
{ "type": "Feature", "properties": { "内容": "有限会社コウトクユ介護事業所【訪問介護】千葉県木更津市曽根89-2", "url2": "https://www.kaigokensaku.mhlw.go.jp/12/index.php?action_kouhyou_detail_004_kani=true&JigyosyoCd=1271100495-00&ServiceCd=110&Type=search" }, "geometry": { "type": "Point", "coordinates": [ 139.970819560713153, 35.413196002699657 ] } },
{ "type": "Feature", "properties": { "内容": "訪問介護センターたんぽぽ【訪問介護】千葉県木更津市祇園２－３０－２１", "url2": "https://www.kaigokensaku.mhlw.go.jp/12/index.php?action_kouhyou_detail_004_kani=true&JigyosyoCd=1271100537-00&ServiceCd=110&Type=search" }, "geometry": { "type": "Point", "coordinates": [ 139.952857200000039, 35.392647 ] } },
{ "type": "Feature", "properties": { "内容": "木更津ムツミヘルパーステーション【訪問介護】千葉県木更津市太田4-12-21", "url2": "https://www.kaigokensaku.mhlw.go.jp/12/index.php?action_kouhyou_detail_004_kani=true&JigyosyoCd=1271101295-00&ServiceCd=110&Type=search" }, "geometry": { "type": "Point", "coordinates": [ 139.946721700000012, 35.3787463 ] } },
{ "type": "Feature", "properties": { "内容": "ハートケア訪問介護支援センター【訪問介護】千葉県木更津市清見台東1-23-1ハートケア清見台館", "url2": "https://www.kaigokensaku.mhlw.go.jp/12/index.php?action_kouhyou_detail_004_kani=true&JigyosyoCd=1271102830-00&ServiceCd=110&Type=search" }, "geometry": { "type": "Point", "coordinates": [ 139.9500476, 35.3871579 ] } },
{ "type": "Feature", "properties": { "内容": "ドット３６５木更津（訪問介護）【訪問介護】千葉県木更津市請西東5-5-10", "url2": "https://www.kaigokensaku.mhlw.go.jp/12/index.php?action_kouhyou_detail_004_kani=true&JigyosyoCd=1271102871-00&ServiceCd=110&Type=search" }, "geometry": { "type": "Point", "coordinates": [ 139.9506546, 35.3677542 ] } },
{ "type": "Feature", "properties": { "内容": "中郷記念館ホームヘルパー【訪問介護】千葉県木更津市井尻951番地", "url2": "https://www.kaigokensaku.mhlw.go.jp/12/index.php?action_kouhyou_detail_004_kani=true&JigyosyoCd=1271100263-00&ServiceCd=110&Type=search" }, "geometry": { "type": "Point", "coordinates": [ 139.975055800000064, 35.4053757 ] } },
{ "type": "Feature", "properties": { "内容": "木更津やわらぎ【訪問介護】千葉県木更津市請西東５丁目２２番４号", "url2": "https://www.kaigokensaku.mhlw.go.jp/12/index.php?action_kouhyou_detail_004_kani=true&JigyosyoCd=1271102764-00&ServiceCd=110&Type=search" }, "geometry": { "type": "Point", "coordinates": [ 139.949249825794965, 35.366048805694739 ] } },
{ "type": "Feature", "properties": { "内容": "訪問介護ステーションこころ【訪問介護】千葉県木更津市請西一丁目18番22号", "url2": "https://www.kaigokensaku.mhlw.go.jp/12/index.php?action_kouhyou_detail_004_kani=true&JigyosyoCd=1271103002-00&ServiceCd=110&Type=search" }, "geometry": { "type": "Point", "coordinates": [ 139.945341, 35.3711029 ] } },
{ "type": "Feature", "properties": { "内容": "グリーンパレス訪問介護事業所【訪問介護】千葉県木更津市長須賀1329", "url2": "https://www.kaigokensaku.mhlw.go.jp/12/index.php?action_kouhyou_detail_004_kani=true&JigyosyoCd=1271100073-00&ServiceCd=110&Type=search" }, "geometry": { "type": "Point", "coordinates": [ 139.93407397672118, 35.39579868631796 ] } },
{ "type": "Feature", "properties": { "内容": "サンライズヘルパーステーション【訪問介護】千葉県木更津市清見台東2-3-1", "url2": "https://www.kaigokensaku.mhlw.go.jp/12/index.php?action_kouhyou_detail_004_kani=true&JigyosyoCd=1271102210-00&ServiceCd=110&Type=search" }, "geometry": { "type": "Point", "coordinates": [ 139.955176488082856, 35.382465894197523 ] } },
{ "type": "Feature", "properties": { "内容": "訪問介護さんぽ【訪問介護】千葉県木更津市清見台２丁目９番９号", "url2": "https://www.kaigokensaku.mhlw.go.jp/12/index.php?action_kouhyou_detail_004_kani=true&JigyosyoCd=1271102442-00&ServiceCd=110&Type=search" }, "geometry": { "type": "Point", "coordinates": [ 139.94623009999998, 35.3822402 ] } },
{ "type": "Feature", "properties": { "内容": "セントケア木更津【訪問介護】千葉県木更津市畑沢南3-13-19", "url2": "https://www.kaigokensaku.mhlw.go.jp/12/index.php?action_kouhyou_detail_004_kani=true&JigyosyoCd=1271101212-00&ServiceCd=110&Type=search" }, "geometry": { "type": "Point", "coordinates": [ 139.907203900000013, 35.3414793 ] } },
{ "type": "Feature", "properties": { "内容": "アースサポート木更津【訪問介護】千葉県木更津市木更津2丁目2番41号", "url2": "https://www.kaigokensaku.mhlw.go.jp/12/index.php?action_kouhyou_detail_004_kani=true&JigyosyoCd=1271101360-00&ServiceCd=110&Type=search" }, "geometry": { "type": "Point", "coordinates": [ 139.931464900000037, 35.3818598 ] } },
{ "type": "Feature", "properties": { "内容": "介護ステーション伊助【訪問介護】千葉県木更津市中島２３３８－４", "url2": "https://www.kaigokensaku.mhlw.go.jp/12/index.php?action_kouhyou_detail_004_kani=true&JigyosyoCd=1271101444-00&ServiceCd=110&Type=search" }, "geometry": { "type": "Point", "coordinates": [ 139.9216726, 35.4368992 ] } },
{ "type": "Feature", "properties": { "内容": "玄々堂ヘルパーステーション【訪問介護】千葉県木更津市中里231-1", "url2": "https://www.kaigokensaku.mhlw.go.jp/12/index.php?action_kouhyou_detail_004_kani=true&JigyosyoCd=1271103077-00&ServiceCd=110&Type=search" }, "geometry": { "type": "Point", "coordinates": [ 139.9238758, 35.3968973 ] } },
{ "type": "Feature", "properties": { "内容": "訪問介護カムローズ【訪問介護】千葉県木更津市江川529-1", "url2": "https://www.kaigokensaku.mhlw.go.jp/12/index.php?action_kouhyou_detail_004_kani=true&JigyosyoCd=1271102723-00&ServiceCd=110&Type=search" }, "geometry": { "type": "Point", "coordinates": [ 139.92039840000001, 35.4060265 ] } },
{ "type": "Feature", "properties": { "内容": "特定非営利活動法人ガイドヘルパー・ホームヘルパー木更津【訪問介護】千葉県木更津市木更津９５３番地", "url2": "https://www.kaigokensaku.mhlw.go.jp/12/index.php?action_kouhyou_detail_004_kani=true&JigyosyoCd=1271100883-00&ServiceCd=110&Type=search" }, "geometry": { "type": "Point", "coordinates": [ 139.925574, 35.3875145 ] } },
{ "type": "Feature", "properties": { "内容": "ニチイケアセンター　きみさらず【訪問介護】千葉県木更津市東中央3-1-16イーストコート102号", "url2": "https://www.kaigokensaku.mhlw.go.jp/12/index.php?action_kouhyou_detail_004_kani=true&JigyosyoCd=1271102814-00&ServiceCd=110&Type=search" }, "geometry": { "type": "Point", "coordinates": [ 139.934399899999988, 35.3790092 ] } },
{ "type": "Feature", "properties": { "内容": "フォレスト・ケア【訪問介護】千葉県木更津市大和2-6-8ミユキマンション304", "url2": "https://www.kaigokensaku.mhlw.go.jp/12/index.php?action_kouhyou_detail_004_kani=true&JigyosyoCd=1271102913-00&ServiceCd=110&Type=search" }, "geometry": { "type": "Point", "coordinates": [ 139.932825400000041, 35.378519 ] } },
{ "type": "Feature", "properties": { "内容": "グレイト訪問介護ステーション木更津【訪問介護】千葉県木更津市千束台2-19-1グレイト木更津", "url2": "https://www.kaigokensaku.mhlw.go.jp/12/index.php?action_kouhyou_detail_004_kani=true&JigyosyoCd=1271103085-00&ServiceCd=110&Type=search" }, "geometry": { "type": "Point", "coordinates": [ 139.936943774989999, 35.366904400161552 ] } },
{ "type": "Feature", "properties": { "内容": "訪問介護マリア【訪問介護】木更津市清見台東２ー９ー２", "url2": "https://www.kaigokensaku.mhlw.go.jp/12/index.php?action_kouhyou_detail_004_kani=true&JigyosyoCd=1271100529-00&ServiceCd=110&Type=search" }, "geometry": { "type": "Point", "coordinates": [ 139.953873199999947, 35.3833943 ] } },
{ "type": "Feature", "properties": { "内容": "つばき訪問介護事業所【訪問介護】千葉県木更津市永井作2-5-3", "url2": "https://www.kaigokensaku.mhlw.go.jp/12/index.php?action_kouhyou_detail_004_kani=true&JigyosyoCd=1271103051-00&ServiceCd=110&Type=search" }, "geometry": { "type": "Point", "coordinates": [ 139.943122599999981, 35.3908979 ] } },
{ "type": "Feature", "properties": { "内容": "木更津タクシー株式会社介護事業部【訪問介護】千葉県木更津市中里２－１－２０", "url2": "https://www.kaigokensaku.mhlw.go.jp/12/index.php?action_kouhyou_detail_004_kani=true&JigyosyoCd=1271103150-00&ServiceCd=110&Type=search" }, "geometry": { "type": "Point", "coordinates": [ 139.9199965, 35.3952979 ] } },
{ "type": "Feature", "properties": { "内容": "グッドケアサービス【訪問介護】千葉県松戸市八ケ崎６丁目２３－１０コモド八ヶ崎A　102", "url2": "https://www.kaigokensaku.mhlw.go.jp/12/index.php?action_kouhyou_detail_004_kani=true&JigyosyoCd=1271205864-00&ServiceCd=110&Type=search" }, "geometry": { "type": "Point", "coordinates": [ 139.927556800000048, 35.8093135 ] } },
{ "type": "Feature", "properties": { "内容": "チャオ・アミーゴ松戸八柱【訪問介護】千葉県松戸市日暮２－５－３ソレイユ八柱３０２号", "url2": "https://www.kaigokensaku.mhlw.go.jp/12/index.php?action_kouhyou_detail_004_kani=true&JigyosyoCd=1271207977-00&ServiceCd=110&Type=search" }, "geometry": { "type": "Point", "coordinates": [ 139.936840299999972, 35.7914466 ] } },
{ "type": "Feature", "properties": { "内容": "ラベンダー介護ステーション【訪問介護】千葉県松戸市栄町1-53-2斎藤荘203号", "url2": "https://www.kaigokensaku.mhlw.go.jp/12/index.php?action_kouhyou_detail_004_kani=true&JigyosyoCd=1271209064-00&ServiceCd=110&Type=search" }, "geometry": { "type": "Point", "coordinates": [ 139.902600749073827, 35.798686050957457 ] } },
{ "type": "Feature", "properties": { "内容": "介護福祉事業所はーと【訪問介護】千葉県松戸市三矢小台３－１－４松南１０２号室", "url2": "https://www.kaigokensaku.mhlw.go.jp/12/index.php?action_kouhyou_detail_004_kani=true&JigyosyoCd=1271209304-00&ServiceCd=110&Type=search" }, "geometry": { "type": "Point", "coordinates": [ 139.9000905, 35.76565140000001 ] } },
{ "type": "Feature", "properties": { "内容": "たくみケアサービス【訪問介護】千葉県松戸市西馬橋広手町101-1", "url2": "https://www.kaigokensaku.mhlw.go.jp/12/index.php?action_kouhyou_detail_004_kani=true&JigyosyoCd=1271204461-00&ServiceCd=110&Type=search" }, "geometry": { "type": "Point", "coordinates": [ 139.907157333131323, 35.814049487504349 ] } },
{ "type": "Feature", "properties": { "内容": "しろくま介護サービス【訪問介護】千葉県松戸市西馬橋蔵元町28番地ウィステリア102号室", "url2": "https://www.kaigokensaku.mhlw.go.jp/12/index.php?action_kouhyou_detail_004_kani=true&JigyosyoCd=1271208413-00&ServiceCd=110&Type=search" }, "geometry": { "type": "Point", "coordinates": [ 139.915263399999986, 35.813061300000022 ] } },
{ "type": "Feature", "properties": { "内容": "愛・あいⅡこまわり福祉センター【訪問介護】千葉県松戸市北松戸１丁目６番１", "url2": "https://www.kaigokensaku.mhlw.go.jp/12/index.php?action_kouhyou_detail_004_kani=true&JigyosyoCd=1271203158-00&ServiceCd=110&Type=search" }, "geometry": { "type": "Point", "coordinates": [ 139.913611193793827, 35.803540414718846 ] } },
{ "type": "Feature", "properties": { "内容": "ケアホーム松戸ヘルパーセンター【訪問介護】千葉県松戸市新松戸　4-50新松戸Uビル　402-A", "url2": "https://www.kaigokensaku.mhlw.go.jp/12/index.php?action_kouhyou_detail_004_kani=true&JigyosyoCd=1271209684-00&ServiceCd=110&Type=search" }, "geometry": { "type": "Point", "coordinates": [ 139.916388800000021, 35.8263558 ] } },
{ "type": "Feature", "properties": { "内容": "ケアラ思いやり【訪問介護】千葉県松戸市六高台3-85", "url2": "https://www.kaigokensaku.mhlw.go.jp/12/index.php?action_kouhyou_detail_004_kani=true&JigyosyoCd=1271208090-00&ServiceCd=110&Type=search" }, "geometry": { "type": "Point", "coordinates": [ 139.988945358537308, 35.798712035967483 ] } },
{ "type": "Feature", "properties": { "内容": "介護サービスりっぷる【訪問介護】千葉県松戸市二十世紀が丘美野里町135フローラルハイム201", "url2": "https://www.kaigokensaku.mhlw.go.jp/12/index.php?action_kouhyou_detail_004_kani=true&JigyosyoCd=1271205161-00&ServiceCd=110&Type=search" }, "geometry": { "type": "Point", "coordinates": [ 139.908795645846567, 35.774022526036305 ] } },
{ "type": "Feature", "properties": { "内容": "グリーンセレスト【訪問介護】千葉県松戸市八ケ崎7-33-1宇田川ハイツ弐番館202号室", "url2": "https://www.kaigokensaku.mhlw.go.jp/12/index.php?action_kouhyou_detail_004_kani=true&JigyosyoCd=1271206680-00&ServiceCd=110&Type=search" }, "geometry": { "type": "Point", "coordinates": [ 139.9294416, 35.8118415 ] } },
{ "type": "Feature", "properties": { "内容": "こまどりケアセンター・八柱【訪問介護】千葉県松戸市日暮２－６－１清水ビル２０２", "url2": "https://www.kaigokensaku.mhlw.go.jp/12/index.php?action_kouhyou_detail_004_kani=true&JigyosyoCd=1271207605-00&ServiceCd=110&Type=search" }, "geometry": { "type": "Point", "coordinates": [ 139.937327900000014, 35.7915052 ] } },
{ "type": "Feature", "properties": { "内容": "メデカル・シンパシィ株式会社さくら【訪問介護】千葉県松戸市二十世紀が丘柿の木町80", "url2": "https://www.kaigokensaku.mhlw.go.jp/12/index.php?action_kouhyou_detail_004_kani=true&JigyosyoCd=1271203802-00&ServiceCd=110&Type=search" }, "geometry": { "type": "Point", "coordinates": [ 139.906126800000038, 35.7727231 ] } },
{ "type": "Feature", "properties": { "内容": "小金タクシー指定訪問介護事業所【訪問介護】千葉県松戸市大金平４丁目２８９番１号", "url2": "https://www.kaigokensaku.mhlw.go.jp/12/index.php?action_kouhyou_detail_004_kani=true&JigyosyoCd=1271201046-00&ServiceCd=110&Type=search" }, "geometry": { "type": "Point", "coordinates": [ 139.9174789, 35.837728129942995 ] } },
{ "type": "Feature", "properties": { "内容": "訪問介護えがお【訪問介護】千葉県松戸市串崎新田１５８", "url2": "https://www.kaigokensaku.mhlw.go.jp/12/index.php?action_kouhyou_detail_004_kani=true&JigyosyoCd=1271207399-00&ServiceCd=110&Type=search" }, "geometry": { "type": "Point", "coordinates": [ 139.973654200000027, 35.7793158 ] } },
{ "type": "Feature", "properties": { "内容": "月明会稔台訪問介護事業所【訪問介護】千葉県松戸市稔台7-17-2メゾンブローニュ　102", "url2": "https://www.kaigokensaku.mhlw.go.jp/12/index.php?action_kouhyou_detail_004_kani=true&JigyosyoCd=1271209460-00&ServiceCd=110&Type=search" }, "geometry": { "type": "Point", "coordinates": [ 139.928901, 35.7868536 ] } },
{ "type": "Feature", "properties": { "内容": "マナココチ訪問介護ステーション【訪問介護】千葉県松戸市日暮5-191ビーンズ八柱403", "url2": "https://www.kaigokensaku.mhlw.go.jp/12/index.php?action_kouhyou_detail_004_kani=true&JigyosyoCd=1271207852-00&ServiceCd=110&Type=search" }, "geometry": { "type": "Point", "coordinates": [ 139.939905353967305, 35.79056474579491 ] } },
{ "type": "Feature", "properties": { "内容": "とき訪問介護ステーシション【訪問介護】千葉県松戸市東松戸3‐5‐7‐101ﾗｸﾞｼﾞｭｱﾘｰｶﾞｰﾃﾞﾝ", "url2": "https://www.kaigokensaku.mhlw.go.jp/12/index.php?action_kouhyou_detail_004_kani=true&JigyosyoCd=1271209114-00&ServiceCd=110&Type=search" }, "geometry": { "type": "Point", "coordinates": [ 139.942407713739016, 35.77195826741108 ] } },
{ "type": "Feature", "properties": { "内容": "ホームヘルプサービス　やわら木苑【訪問介護】千葉県松戸市金ケ作277", "url2": "https://www.kaigokensaku.mhlw.go.jp/12/index.php?action_kouhyou_detail_004_kani=true&JigyosyoCd=1271200378-00&ServiceCd=110&Type=search" }, "geometry": { "type": "Point", "coordinates": [ 139.9645233, 35.8080711 ] } },
{ "type": "Feature", "properties": { "内容": "めいと小金原訪問介護事業所【訪問介護】千葉県松戸市小金原4－26－6めいと小金原新館", "url2": "https://www.kaigokensaku.mhlw.go.jp/12/index.php?action_kouhyou_detail_004_kani=true&JigyosyoCd=1271207985-00&ServiceCd=110&Type=search" }, "geometry": { "type": "Point", "coordinates": [ 139.941608, 35.8220323 ] } },
{ "type": "Feature", "properties": { "内容": "ヘルパーステーションあやめ【訪問介護】千葉県松戸市高塚新田115-77", "url2": "https://www.kaigokensaku.mhlw.go.jp/12/index.php?action_kouhyou_detail_004_kani=true&JigyosyoCd=1271205203-00&ServiceCd=110&Type=search" }, "geometry": { "type": "Point", "coordinates": [ 139.941482899999983, 35.75812 ] } },
{ "type": "Feature", "properties": { "内容": "smartケア【訪問介護】千葉県松戸市栄町8-701-18", "url2": "https://www.kaigokensaku.mhlw.go.jp/12/index.php?action_kouhyou_detail_004_kani=true&JigyosyoCd=1271209270-00&ServiceCd=110&Type=search" }, "geometry": { "type": "Point", "coordinates": [ 139.90480980000001, 35.8121824 ] } },
{ "type": "Feature", "properties": { "内容": "ケアリッツ八柱【訪問介護】千葉県松戸市日暮2-5-3ソレイユ八柱204", "url2": "https://www.kaigokensaku.mhlw.go.jp/12/index.php?action_kouhyou_detail_004_kani=true&JigyosyoCd=1271209833-00&ServiceCd=110&Type=search" }, "geometry": { "type": "Point", "coordinates": [ 139.9368594, 35.7914566 ] } },
{ "type": "Feature", "properties": { "内容": "シュガーパイン介護ステーション【訪問介護】千葉県松戸市五香西1-5-6", "url2": "https://www.kaigokensaku.mhlw.go.jp/12/index.php?action_kouhyou_detail_004_kani=true&JigyosyoCd=1271204727-00&ServiceCd=110&Type=search" }, "geometry": { "type": "Point", "coordinates": [ 139.965554399999974, 35.7945059 ] } },
{ "type": "Feature", "properties": { "内容": "マルシモホームヘルプサービス馬橋【訪問介護】千葉県松戸市西馬橋広手町３５第２シマムラビル２０１号", "url2": "https://www.kaigokensaku.mhlw.go.jp/12/index.php?action_kouhyou_detail_004_kani=true&JigyosyoCd=1271209908-00&ServiceCd=110&Type=search" }, "geometry": { "type": "Point", "coordinates": [ 139.90921560000001, 35.8135934 ] } },
{ "type": "Feature", "properties": { "内容": "ひばりサービス松戸センター【訪問介護】千葉県松戸市仲井町3丁目1番地渡辺ビル2階201号室", "url2": "https://www.kaigokensaku.mhlw.go.jp/12/index.php?action_kouhyou_detail_004_kani=true&JigyosyoCd=1271208405-00&ServiceCd=110&Type=search" }, "geometry": { "type": "Point", "coordinates": [ 139.9164088, 35.7894019 ] } },
{ "type": "Feature", "properties": { "内容": "元気介護サービス【訪問介護】千葉県松戸市中根517", "url2": "https://www.kaigokensaku.mhlw.go.jp/12/index.php?action_kouhyou_detail_004_kani=true&JigyosyoCd=1271200097-00&ServiceCd=110&Type=search" }, "geometry": { "type": "Point", "coordinates": [ 139.917282600000021, 35.8060385 ] } },
{ "type": "Feature", "properties": { "内容": "ケアリッツ松戸【訪問介護】千葉県松戸市松戸1495-56ベルトピア松戸第6マンション201", "url2": "https://www.kaigokensaku.mhlw.go.jp/12/index.php?action_kouhyou_detail_004_kani=true&JigyosyoCd=1271209734-00&ServiceCd=110&Type=search" }, "geometry": { "type": "Point", "coordinates": [ 139.899164016567653, 35.779669080005434 ] } },
{ "type": "Feature", "properties": { "内容": "ギフトケアサービス合同会社【訪問介護】千葉県新松戸四丁目２０２番関口第６ビル２０２号室", "url2": "https://www.kaigokensaku.mhlw.go.jp/12/index.php?action_kouhyou_detail_004_kani=true&JigyosyoCd=1271208116-00&ServiceCd=110&Type=search" }, "geometry": { "type": "Point", "coordinates": [ 139.91504759999998, 35.827882 ] } },
{ "type": "Feature", "properties": { "内容": "ケアリッツ北国分【訪問介護】千葉県松戸市大橋408-31三徳ハウス1階", "url2": "https://www.kaigokensaku.mhlw.go.jp/12/index.php?action_kouhyou_detail_004_kani=true&JigyosyoCd=1271209932-00&ServiceCd=110&Type=search" }, "geometry": { "type": "Point", "coordinates": [ 139.9105054, 35.7665039 ] } },
{ "type": "Feature", "properties": { "内容": "訪問介護鈴音【訪問介護】千葉県松戸市金ケ作419-54", "url2": "https://www.kaigokensaku.mhlw.go.jp/12/index.php?action_kouhyou_detail_004_kani=true&JigyosyoCd=1271209858-00&ServiceCd=110&Type=search" }, "geometry": { "type": "Point", "coordinates": [ 139.9675953, 35.7999525 ] } },
{ "type": "Feature", "properties": { "内容": "まんまる訪問介護サービス【訪問介護】千葉県松戸市東平賀227-6", "url2": "https://www.kaigokensaku.mhlw.go.jp/12/index.php?action_kouhyou_detail_004_kani=true&JigyosyoCd=1271207324-00&ServiceCd=110&Type=search" }, "geometry": { "type": "Point", "coordinates": [ 139.93412308903271, 35.835176833803139 ] } },
{ "type": "Feature", "properties": { "内容": "ケアステーションたんぽぽ【訪問介護】千葉県松戸市五香南2-18-5", "url2": "https://www.kaigokensaku.mhlw.go.jp/12/index.php?action_kouhyou_detail_004_kani=true&JigyosyoCd=1271209825-00&ServiceCd=110&Type=search" }, "geometry": { "type": "Point", "coordinates": [ 139.975669599999947, 35.7908605 ] } },
{ "type": "Feature", "properties": { "内容": "グリーンヒル小金原訪問介護事業所【訪問介護】千葉県松戸市小金原6-1-2グリーンヒル小金原", "url2": "https://www.kaigokensaku.mhlw.go.jp/12/index.php?action_kouhyou_detail_004_kani=true&JigyosyoCd=1271207274-00&ServiceCd=110&Type=search" }, "geometry": { "type": "Point", "coordinates": [ 139.9440052, 35.8193633 ] } },
{ "type": "Feature", "properties": { "内容": "ファーストステージ松戸【訪問介護】千葉県松戸市常盤平5-17-28藤田ビル202号室", "url2": "https://www.kaigokensaku.mhlw.go.jp/12/index.php?action_kouhyou_detail_004_kani=true&JigyosyoCd=1271204669-00&ServiceCd=110&Type=search" }, "geometry": { "type": "Point", "coordinates": [ 139.962947500000041, 35.7968797 ] } },
{ "type": "Feature", "properties": { "内容": "訪問介護ケアレジデンス松戸【訪問介護】千葉県松戸市樋野口756ケアレジデンス松戸", "url2": "https://www.kaigokensaku.mhlw.go.jp/12/index.php?action_kouhyou_detail_004_kani=true&JigyosyoCd=1271209197-00&ServiceCd=110&Type=search" }, "geometry": { "type": "Point", "coordinates": [ 139.894833799999986, 35.7894662 ] } },
{ "type": "Feature", "properties": { "内容": "アウル在宅介護支援サービス【訪問介護】千葉県松戸市小金きよしヶ丘3-12-2", "url2": "https://www.kaigokensaku.mhlw.go.jp/12/index.php?action_kouhyou_detail_004_kani=true&JigyosyoCd=1271201244-00&ServiceCd=110&Type=search" }, "geometry": { "type": "Point", "coordinates": [ 139.93477804403102, 35.828024916263566 ] } },
{ "type": "Feature", "properties": { "内容": "ニチイライフケア小金原ヘルパーステーション【訪問介護】千葉県松戸市小金原4-40-8ニチイメゾン小金原", "url2": "https://www.kaigokensaku.mhlw.go.jp/12/index.php?action_kouhyou_detail_004_kani=true&JigyosyoCd=1271209965-00&ServiceCd=110&Type=search" }, "geometry": { "type": "Point", "coordinates": [ 139.943373814155592, 35.820189158785062 ] } },
{ "type": "Feature", "properties": { "内容": "ケアセンターじゅえん【訪問介護】千葉県松戸市三矢小台3-9-10", "url2": "https://www.kaigokensaku.mhlw.go.jp/12/index.php?action_kouhyou_detail_004_kani=true&JigyosyoCd=1271209510-00&ServiceCd=110&Type=search" }, "geometry": { "type": "Point", "coordinates": [ 139.8997286, 35.7665565 ] } },
{ "type": "Feature", "properties": { "内容": "訪問介護ひなた　まつど【訪問介護】千葉県松戸市常盤平2-11-11ジョリーメゾン１階左号", "url2": "https://www.kaigokensaku.mhlw.go.jp/12/index.php?action_kouhyou_detail_004_kani=true&JigyosyoCd=1271209056-00&ServiceCd=110&Type=search" }, "geometry": { "type": "Point", "coordinates": [ 139.948725700000011, 35.8020104 ] } },
{ "type": "Feature", "properties": { "内容": "めいと東松戸訪問介護事業所【訪問介護】千葉県松戸市串崎南町266-1", "url2": "https://www.kaigokensaku.mhlw.go.jp/12/index.php?action_kouhyou_detail_004_kani=true&JigyosyoCd=1271209023-00&ServiceCd=110&Type=search" }, "geometry": { "type": "Point", "coordinates": [ 139.964237549737533, 35.777123451378785 ] } },
{ "type": "Feature", "properties": { "内容": "松寿園ホームヘルプサービス六実【訪問介護】千葉県松戸市六実1-3-1", "url2": "https://www.kaigokensaku.mhlw.go.jp/12/index.php?action_kouhyou_detail_004_kani=true&JigyosyoCd=1271200196-00&ServiceCd=110&Type=search" }, "geometry": { "type": "Point", "coordinates": [ 139.983330199999955, 35.7933482 ] } },
{ "type": "Feature", "properties": { "内容": "らんらん【訪問介護】千葉県松戸市小金原3－1－55", "url2": "https://www.kaigokensaku.mhlw.go.jp/12/index.php?action_kouhyou_detail_004_kani=true&JigyosyoCd=1271206425-00&ServiceCd=110&Type=search" }, "geometry": { "type": "Point", "coordinates": [ 139.943851494781484, 35.822215480439851 ] } },
{ "type": "Feature", "properties": { "内容": "親愛ケアサービス【訪問介護】千葉県松戸市紙敷3-10-1", "url2": "https://www.kaigokensaku.mhlw.go.jp/12/index.php?action_kouhyou_detail_004_kani=true&JigyosyoCd=1271200014-00&ServiceCd=110&Type=search" }, "geometry": { "type": "Point", "coordinates": [ 139.950209399999949, 35.7728879 ] } },
{ "type": "Feature", "properties": { "内容": "サニーライフ松戸訪問介護事業所【訪問介護】千葉県松戸市八ヶ崎２丁目４５－１０", "url2": "https://www.kaigokensaku.mhlw.go.jp/12/index.php?action_kouhyou_detail_004_kani=true&JigyosyoCd=1271206524-00&ServiceCd=110&Type=search" }, "geometry": { "type": "Point", "coordinates": [ 139.931572917790959, 35.817605949914089 ] } },
{ "type": "Feature", "properties": { "内容": "平林ケアステーション【訪問介護】千葉県松戸市八ヶ崎7-45-3グリーンヒル八ヶ崎103", "url2": "https://www.kaigokensaku.mhlw.go.jp/12/index.php?action_kouhyou_detail_004_kani=true&JigyosyoCd=1271205245-00&ServiceCd=110&Type=search" }, "geometry": { "type": "Point", "coordinates": [ 139.931637, 35.810941299999989 ] } },
{ "type": "Feature", "properties": { "内容": "めいとケア訪問介護事業所【訪問介護】千葉県松戸市殿平賀56-1", "url2": "https://www.kaigokensaku.mhlw.go.jp/12/index.php?action_kouhyou_detail_004_kani=true&JigyosyoCd=1271201087-00&ServiceCd=110&Type=search" }, "geometry": { "type": "Point", "coordinates": [ 139.93038234945098, 35.836506853712208 ] } },
{ "type": "Feature", "properties": { "内容": "生活協同組合パルシステム千葉　訪問介護にじいろぱる松戸六実【訪問介護】千葉県松戸市六実2-5-1", "url2": "https://www.kaigokensaku.mhlw.go.jp/12/index.php?action_kouhyou_detail_004_kani=true&JigyosyoCd=1271208900-00&ServiceCd=110&Type=search" }, "geometry": { "type": "Point", "coordinates": [ 139.9926298, 35.7932126 ] } },
{ "type": "Feature", "properties": { "内容": "学研ココファン松戸六実ヘルパーセンター【訪問介護】千葉県松戸市六実5丁目26-1", "url2": "https://www.kaigokensaku.mhlw.go.jp/12/index.php?action_kouhyou_detail_004_kani=true&JigyosyoCd=1271209809-00&ServiceCd=110&Type=search" }, "geometry": { "type": "Point", "coordinates": [ 139.9994077, 35.7953071 ] } },
{ "type": "Feature", "properties": { "内容": "おひさま介護ステーション【訪問介護】千葉県松戸市二十世紀が丘丸山町100-1", "url2": "https://www.kaigokensaku.mhlw.go.jp/12/index.php?action_kouhyou_detail_004_kani=true&JigyosyoCd=1271205252-00&ServiceCd=110&Type=search" }, "geometry": { "type": "Point", "coordinates": [ 139.91233680000002, 35.7687148 ] } },
{ "type": "Feature", "properties": { "内容": "有限会社　介護サービスカナリヤ【訪問介護】千葉県松戸市大金平4丁目325-8", "url2": "https://www.kaigokensaku.mhlw.go.jp/12/index.php?action_kouhyou_detail_004_kani=true&JigyosyoCd=1271202150-00&ServiceCd=110&Type=search" }, "geometry": { "type": "Point", "coordinates": [ 139.917786067516715, 35.839360762844407 ] } },
{ "type": "Feature", "properties": { "内容": "エルケア株式会社エルケア松戸ケアセンター【訪問介護】千葉県松戸市常盤平1-4-1", "url2": "https://www.kaigokensaku.mhlw.go.jp/12/index.php?action_kouhyou_detail_004_kani=true&JigyosyoCd=1271206458-00&ServiceCd=110&Type=search" }, "geometry": { "type": "Point", "coordinates": [ 139.946025299999974, 35.8025265 ] } },
{ "type": "Feature", "properties": { "内容": "サンセットホームヘルプサービス【訪問介護】千葉県松戸市日暮四丁目７番地の７", "url2": "https://www.kaigokensaku.mhlw.go.jp/12/index.php?action_kouhyou_detail_004_kani=true&JigyosyoCd=1271200774-00&ServiceCd=110&Type=search" }, "geometry": { "type": "Point", "coordinates": [ 139.938673699999981, 35.7874416 ] } },
{ "type": "Feature", "properties": { "内容": "訪問介護リベル　松戸【訪問介護】千葉県松戸市六実2-32-5", "url2": "https://www.kaigokensaku.mhlw.go.jp/12/index.php?action_kouhyou_detail_004_kani=true&JigyosyoCd=1271209999-00&ServiceCd=110&Type=search" }, "geometry": { "type": "Point", "coordinates": [ 139.9921175, 35.7911059 ] } },
{ "type": "Feature", "properties": { "内容": "ふじ介護支援センター【訪問介護】千葉県松戸市五香西2-35-8２階", "url2": "https://www.kaigokensaku.mhlw.go.jp/12/index.php?action_kouhyou_detail_004_kani=true&JigyosyoCd=1271205831-00&ServiceCd=110&Type=search" }, "geometry": { "type": "Point", "coordinates": [ 139.965672, 35.7919004 ] } },
{ "type": "Feature", "properties": { "内容": "コープみらい松戸介護センター【訪問介護】千葉県松戸市上本郷493-7", "url2": "https://www.kaigokensaku.mhlw.go.jp/12/index.php?action_kouhyou_detail_004_kani=true&JigyosyoCd=1271205955-00&ServiceCd=110&Type=search" }, "geometry": { "type": "Point", "coordinates": [ 139.908283898286413, 35.802943529067534 ] } },
{ "type": "Feature", "properties": { "内容": "訪問介護おばちゃん’ず【訪問介護】千葉県松戸市大谷口345-6", "url2": "https://www.kaigokensaku.mhlw.go.jp/12/index.php?action_kouhyou_detail_004_kani=true&JigyosyoCd=1271206086-00&ServiceCd=110&Type=search" }, "geometry": { "type": "Point", "coordinates": [ 139.922773, 35.8325743 ] } },
{ "type": "Feature", "properties": { "内容": "ニチイケアセンター稔台【訪問介護】千葉県松戸市稔台2-1-17", "url2": "https://www.kaigokensaku.mhlw.go.jp/12/index.php?action_kouhyou_detail_004_kani=true&JigyosyoCd=1271200048-00&ServiceCd=110&Type=search" }, "geometry": { "type": "Point", "coordinates": [ 139.9312549, 35.7859081 ] } },
{ "type": "Feature", "properties": { "内容": "ウェルケアヘルパーステーション【訪問介護】千葉県松戸市常盤平2-33-3", "url2": "https://www.kaigokensaku.mhlw.go.jp/12/index.php?action_kouhyou_detail_004_kani=true&JigyosyoCd=1271202275-00&ServiceCd=110&Type=search" }, "geometry": { "type": "Point", "coordinates": [ 139.949025300000017, 35.7979577 ] } },
{ "type": "Feature", "properties": { "内容": "マーシイヒルホームヘルプサービスステーション【訪問介護】千葉県松戸市根木内６７７番地２", "url2": "https://www.kaigokensaku.mhlw.go.jp/12/index.php?action_kouhyou_detail_004_kani=true&JigyosyoCd=1271200519-00&ServiceCd=110&Type=search" }, "geometry": { "type": "Point", "coordinates": [ 139.947076599999946, 35.829715 ] } },
{ "type": "Feature", "properties": { "内容": "セントケア松戸五香【訪問介護】千葉県松戸市五香2-23-2", "url2": "https://www.kaigokensaku.mhlw.go.jp/12/index.php?action_kouhyou_detail_004_kani=true&JigyosyoCd=1271203463-00&ServiceCd=110&Type=search" }, "geometry": { "type": "Point", "coordinates": [ 139.972827352955647, 35.792909891273879 ] } },
{ "type": "Feature", "properties": { "内容": "やさしい手八柱訪問介護事業所【訪問介護】千葉県松戸市日暮４－３－３", "url2": "https://www.kaigokensaku.mhlw.go.jp/12/index.php?action_kouhyou_detail_004_kani=true&JigyosyoCd=1271205112-00&ServiceCd=110&Type=search" }, "geometry": { "type": "Point", "coordinates": [ 139.938716170272613, 35.788245472205702 ] } },
{ "type": "Feature", "properties": { "内容": "さわやか介護支援センター【訪問介護】千葉県松戸市金ケ作28番地ユニバース八柱１B", "url2": "https://www.kaigokensaku.mhlw.go.jp/12/index.php?action_kouhyou_detail_004_kani=true&JigyosyoCd=1271208181-00&ServiceCd=110&Type=search" }, "geometry": { "type": "Point", "coordinates": [ 139.937442109973148, 35.793160016068072 ] } },
{ "type": "Feature", "properties": { "内容": "ラ・ポルタ訪問介護事業所【訪問介護】千葉県松戸市八ヶ崎1－1－12トップヒルＢ", "url2": "https://www.kaigokensaku.mhlw.go.jp/12/index.php?action_kouhyou_detail_004_kani=true&JigyosyoCd=1271208330-00&ServiceCd=110&Type=search" }, "geometry": { "type": "Point", "coordinates": [ 139.934126900000024, 35.8105907 ] } },
{ "type": "Feature", "properties": { "内容": "奏介護サービス【訪問介護】千葉県松戸市新松戸5丁目1番地新松戸中央パークハウスA506号", "url2": "https://www.kaigokensaku.mhlw.go.jp/12/index.php?action_kouhyou_detail_004_kani=true&JigyosyoCd=1271208835-00&ServiceCd=110&Type=search" }, "geometry": { "type": "Point", "coordinates": [ 139.911866879901083, 35.827327613006673 ] } },
{ "type": "Feature", "properties": { "内容": "ニチイケアセンター松戸【訪問介護】千葉県松戸市松戸1307-1松戸ビル8F", "url2": "https://www.kaigokensaku.mhlw.go.jp/12/index.php?action_kouhyou_detail_004_kani=true&JigyosyoCd=1271202176-00&ServiceCd=110&Type=search" }, "geometry": { "type": "Point", "coordinates": [ 139.899171300000035, 35.7825969 ] } },
{ "type": "Feature", "properties": { "内容": "有限会社　愛・あい訪問介護事業所【訪問介護】千葉県松戸市日暮３－１０－１０カーザ日暮301号", "url2": "https://www.kaigokensaku.mhlw.go.jp/12/index.php?action_kouhyou_detail_004_kani=true&JigyosyoCd=1271202507-00&ServiceCd=110&Type=search" }, "geometry": { "type": "Point", "coordinates": [ 139.936089199999969, 35.7901702 ] } },
{ "type": "Feature", "properties": { "内容": "松戸あんしんサポート【訪問介護】千葉県松戸市上本郷４１０６－２メゾン・ドゥ・レジュール３０１号", "url2": "https://www.kaigokensaku.mhlw.go.jp/12/index.php?action_kouhyou_detail_004_kani=true&JigyosyoCd=1271203653-00&ServiceCd=110&Type=search" }, "geometry": { "type": "Point", "coordinates": [ 139.9208969, 35.7934789 ] } },
{ "type": "Feature", "properties": { "内容": "ハイネス訪問介護ステーション【訪問介護】千葉県松戸市松戸1291-4コスモ松戸ステーションビュー107", "url2": "https://www.kaigokensaku.mhlw.go.jp/12/index.php?action_kouhyou_detail_004_kani=true&JigyosyoCd=1271203844-00&ServiceCd=110&Type=search" }, "geometry": { "type": "Point", "coordinates": [ 139.900558457672105, 35.783094965351609 ] } },
{ "type": "Feature", "properties": { "内容": "エスケアステーション松戸　訪問介護【訪問介護】千葉県松戸市新松戸4丁目258番", "url2": "https://www.kaigokensaku.mhlw.go.jp/12/index.php?action_kouhyou_detail_004_kani=true&JigyosyoCd=1271206177-00&ServiceCd=110&Type=search" }, "geometry": { "type": "Point", "coordinates": [ 139.917811079792727, 35.82753901159078 ] } },
{ "type": "Feature", "properties": { "内容": "ココカラケアサービス【訪問介護】千葉県松戸市大金平3-178-6", "url2": "https://www.kaigokensaku.mhlw.go.jp/12/index.php?action_kouhyou_detail_004_kani=true&JigyosyoCd=1271208355-00&ServiceCd=110&Type=search" }, "geometry": { "type": "Point", "coordinates": [ 139.918711199999962, 35.836273 ] } },
{ "type": "Feature", "properties": { "内容": "サクラケアステーション大金平【訪問介護】千葉県松戸市大金平2丁目７３希望の太陽大金平", "url2": "https://www.kaigokensaku.mhlw.go.jp/12/index.php?action_kouhyou_detail_004_kani=true&JigyosyoCd=1271208678-00&ServiceCd=110&Type=search" }, "geometry": { "type": "Point", "coordinates": [ 139.924836699999986, 35.8370091 ] } },
{ "type": "Feature", "properties": { "内容": "サクラケアステーションあじさい【訪問介護】千葉県松戸市平賀5-1希望の太陽あじさい", "url2": "https://www.kaigokensaku.mhlw.go.jp/12/index.php?action_kouhyou_detail_004_kani=true&JigyosyoCd=1271208686-00&ServiceCd=110&Type=search" }, "geometry": { "type": "Point", "coordinates": [ 139.929424193115267, 35.838426470384718 ] } },
{ "type": "Feature", "properties": { "内容": "ベストライフ松戸中央訪問介護事業所【訪問介護】千葉県松戸市松戸998-1", "url2": "https://www.kaigokensaku.mhlw.go.jp/12/index.php?action_kouhyou_detail_004_kani=true&JigyosyoCd=1271209627-00&ServiceCd=110&Type=search" }, "geometry": { "type": "Point", "coordinates": [ 139.9042461, 35.7793061 ] } },
{ "type": "Feature", "properties": { "内容": "アイカーサ東松戸介護事業所【訪問介護】千葉県松戸市東松戸2-19-1アイカーサ東松戸1Ｆ", "url2": "https://www.kaigokensaku.mhlw.go.jp/12/index.php?action_kouhyou_detail_004_kani=true&JigyosyoCd=1271206474-00&ServiceCd=110&Type=search" }, "geometry": { "type": "Point", "coordinates": [ 139.944769749073771, 35.769368590267597 ] } },
{ "type": "Feature", "properties": { "内容": "ニチイケアセンター新松戸【訪問介護】千葉県松戸市新松戸3-279-1新松戸ボッカビル301", "url2": "https://www.kaigokensaku.mhlw.go.jp/12/index.php?action_kouhyou_detail_004_kani=true&JigyosyoCd=1271200972-00&ServiceCd=110&Type=search" }, "geometry": { "type": "Point", "coordinates": [ 139.914687299999969, 35.8243673 ] } },
{ "type": "Feature", "properties": { "内容": "ひまわり介護【訪問介護】千葉県松戸市日暮2－5－11グリーンプラザ八柱第Ⅱ203号", "url2": "https://www.kaigokensaku.mhlw.go.jp/12/index.php?action_kouhyou_detail_004_kani=true&JigyosyoCd=1271204073-00&ServiceCd=110&Type=search" }, "geometry": { "type": "Point", "coordinates": [ 139.936456799999974, 35.79201410000001 ] } },
{ "type": "Feature", "properties": { "内容": "ホームヘルプさくら【訪問介護】千葉県松戸市日暮２丁目３番地の１５グリーンプラザ八柱第１－３０２号", "url2": "https://www.kaigokensaku.mhlw.go.jp/12/index.php?action_kouhyou_detail_004_kani=true&JigyosyoCd=1271204909-00&ServiceCd=110&Type=search" }, "geometry": { "type": "Point", "coordinates": [ 139.937680900000032, 35.792259900000019 ] } },
{ "type": "Feature", "properties": { "内容": "SOMPOケア　地域サービスセンター　五香南　訪問介護【訪問介護】千葉県松戸市五香南2-14-1", "url2": "https://www.kaigokensaku.mhlw.go.jp/12/index.php?action_kouhyou_detail_004_kani=true&JigyosyoCd=1271205856-00&ServiceCd=110&Type=search" }, "geometry": { "type": "Point", "coordinates": [ 139.977081, 35.7916259 ] } },
{ "type": "Feature", "properties": { "内容": "介護のタイヨー常盤平店【訪問介護】千葉県松戸市常盤平６－３－９－１０１五香館", "url2": "https://www.kaigokensaku.mhlw.go.jp/12/index.php?action_kouhyou_detail_004_kani=true&JigyosyoCd=1271207365-00&ServiceCd=110&Type=search" }, "geometry": { "type": "Point", "coordinates": [ 139.960551946249097, 35.796843461588502 ] } },
{ "type": "Feature", "properties": { "内容": "穀物菜館訪問介護事業所【訪問介護】千葉県松戸市松戸新田21-2穀物菜館ビル４階穀物菜館ビル4階", "url2": "https://www.kaigokensaku.mhlw.go.jp/12/index.php?action_kouhyou_detail_004_kani=true&JigyosyoCd=1271207647-00&ServiceCd=110&Type=search" }, "geometry": { "type": "Point", "coordinates": [ 139.913365, 35.7777308 ] } },
{ "type": "Feature", "properties": { "内容": "ヘルパーステーション大金平【訪問介護】千葉県松戸市大金平5-347", "url2": "https://www.kaigokensaku.mhlw.go.jp/12/index.php?action_kouhyou_detail_004_kani=true&JigyosyoCd=1271207811-00&ServiceCd=110&Type=search" }, "geometry": { "type": "Point", "coordinates": [ 139.919600402091987, 35.837659753389197 ] } },
{ "type": "Feature", "properties": { "内容": "ホームヘルプサービス　みらい【訪問介護】千葉県松戸市松戸新田30番地", "url2": "https://www.kaigokensaku.mhlw.go.jp/12/index.php?action_kouhyou_detail_004_kani=true&JigyosyoCd=1271201616-00&ServiceCd=110&Type=search" }, "geometry": { "type": "Point", "coordinates": [ 139.916442400000051, 35.7793612 ] } },
{ "type": "Feature", "properties": { "内容": "オルビス【訪問介護】千葉県松戸市高塚新田618-48", "url2": "https://www.kaigokensaku.mhlw.go.jp/12/index.php?action_kouhyou_detail_004_kani=true&JigyosyoCd=1271207670-00&ServiceCd=110&Type=search" }, "geometry": { "type": "Point", "coordinates": [ 139.937885653134117, 35.749620303376794 ] } },
{ "type": "Feature", "properties": { "内容": "SOMPOケア　松戸八柱　訪問介護【訪問介護】千葉県松戸市常盤平陣屋前4-17　トーシン常盤平ビルトーシン常盤平ビル102", "url2": "https://www.kaigokensaku.mhlw.go.jp/12/index.php?action_kouhyou_detail_004_kani=true&JigyosyoCd=1271208223-00&ServiceCd=110&Type=search" }, "geometry": { "type": "Point", "coordinates": [ 139.940785, 35.7956766 ] } },
{ "type": "Feature", "properties": { "内容": "ニッセイエデンヘルパーステーション【訪問介護】千葉県松戸市高塚新田１２３－１松戸ニッセイエデンの園", "url2": "https://www.kaigokensaku.mhlw.go.jp/12/index.php?action_kouhyou_detail_004_kani=true&JigyosyoCd=1271200493-00&ServiceCd=110&Type=search" }, "geometry": { "type": "Point", "coordinates": [ 139.942674500000066, 35.7558676 ] } },
{ "type": "Feature", "properties": { "内容": "介護クラーク松戸【訪問介護】千葉県松戸市南花島四丁目61ｰ1", "url2": "https://www.kaigokensaku.mhlw.go.jp/12/index.php?action_kouhyou_detail_004_kani=true&JigyosyoCd=1271209320-00&ServiceCd=110&Type=search" }, "geometry": { "type": "Point", "coordinates": [ 139.909483099999989, 35.7890402 ] } },
{ "type": "Feature", "properties": { "内容": "訪問介護ステーション通楽松戸【訪問介護】千葉県松戸市平賀5-2天賀松戸", "url2": "https://www.kaigokensaku.mhlw.go.jp/12/index.php?action_kouhyou_detail_004_kani=true&JigyosyoCd=1271209387-00&ServiceCd=110&Type=search" }, "geometry": { "type": "Point", "coordinates": [ 139.9302825, 35.8400442 ] } },
{ "type": "Feature", "properties": { "内容": "かたつむりの家ケアセンター【訪問介護】千葉県松戸市六高台6丁目２－３", "url2": "https://www.kaigokensaku.mhlw.go.jp/12/index.php?action_kouhyou_detail_004_kani=true&JigyosyoCd=1271203117-00&ServiceCd=110&Type=search" }, "geometry": { "type": "Point", "coordinates": [ 139.986873053836803, 35.802930467059745 ] } },
{ "type": "Feature", "properties": { "内容": "ニチイケアセンター常盤平【訪問介護】千葉県松戸市常盤平3-29-24木戸店舗1Ｆ", "url2": "https://www.kaigokensaku.mhlw.go.jp/12/index.php?action_kouhyou_detail_004_kani=true&JigyosyoCd=1271208488-00&ServiceCd=110&Type=search" }, "geometry": { "type": "Point", "coordinates": [ 139.9521732, 35.799805700000014 ] } },
{ "type": "Feature", "properties": { "内容": "ケアステーションやしの実【訪問介護】千葉県松戸市六実５－１２－８ヒロハイム平和台１０１", "url2": "https://www.kaigokensaku.mhlw.go.jp/12/index.php?action_kouhyou_detail_004_kani=true&JigyosyoCd=1271208173-00&ServiceCd=110&Type=search" }, "geometry": { "type": "Point", "coordinates": [ 139.999670400000014, 35.7904848 ] } },
{ "type": "Feature", "properties": { "内容": "ホームケアここの【訪問介護】千葉県松戸市六高台7-54-4", "url2": "https://www.kaigokensaku.mhlw.go.jp/12/index.php?action_kouhyou_detail_004_kani=true&JigyosyoCd=1271209817-00&ServiceCd=110&Type=search" }, "geometry": { "type": "Point", "coordinates": [ 139.985620100000034, 35.79823480000001 ] } },
{ "type": "Feature", "properties": { "内容": "セントケア松戸【訪問介護】千葉県松戸市馬橋2436-42F", "url2": "https://www.kaigokensaku.mhlw.go.jp/12/index.php?action_kouhyou_detail_004_kani=true&JigyosyoCd=1271203497-00&ServiceCd=110&Type=search" }, "geometry": { "type": "Point", "coordinates": [ 139.9235088739849, 35.813573665343938 ] } },
{ "type": "Feature", "properties": { "内容": "ライブラリ松戸訪問介護事業所【訪問介護】千葉県松戸市松戸新田505‐1", "url2": "https://www.kaigokensaku.mhlw.go.jp/12/index.php?action_kouhyou_detail_004_kani=true&JigyosyoCd=1271209643-00&ServiceCd=110&Type=search" }, "geometry": { "type": "Point", "coordinates": [ 139.919324299999971, 35.7873726 ] } },
{ "type": "Feature", "properties": { "内容": "アミカ松戸介護センター【訪問介護】千葉県松戸市大谷口43", "url2": "https://www.kaigokensaku.mhlw.go.jp/12/index.php?action_kouhyou_detail_004_kani=true&JigyosyoCd=1271208702-00&ServiceCd=110&Type=search" }, "geometry": { "type": "Point", "coordinates": [ 139.920672700000011, 35.8321906 ] } },
{ "type": "Feature", "properties": { "内容": "アースサポート五香【訪問介護】千葉県松戸市金ヶ作408番地145", "url2": "https://www.kaigokensaku.mhlw.go.jp/12/index.php?action_kouhyou_detail_004_kani=true&JigyosyoCd=1271205708-00&ServiceCd=110&Type=search" }, "geometry": { "type": "Point", "coordinates": [ 139.966709700000024, 35.7977723 ] } },
{ "type": "Feature", "properties": { "内容": "ケアステーション明星【訪問介護】千葉県松戸市稔台１－１２－１１", "url2": "https://www.kaigokensaku.mhlw.go.jp/12/index.php?action_kouhyou_detail_004_kani=true&JigyosyoCd=1262490209-00&ServiceCd=110&Type=search" }, "geometry": { "type": "Point", "coordinates": [ 139.93070750000004, 35.7883605 ] } },
{ "type": "Feature", "properties": { "内容": "株式会社ヘルパーステーション憩【訪問介護】千葉県松戸市小金きよしヶ丘1-11-6", "url2": "https://www.kaigokensaku.mhlw.go.jp/12/index.php?action_kouhyou_detail_004_kani=true&JigyosyoCd=1271204800-00&ServiceCd=110&Type=search" }, "geometry": { "type": "Point", "coordinates": [ 139.935638499999982, 35.8333167 ] } },
{ "type": "Feature", "properties": { "内容": "訪問介護さくら【訪問介護】千葉県松戸市常盤平西窪町5-10", "url2": "https://www.kaigokensaku.mhlw.go.jp/12/index.php?action_kouhyou_detail_004_kani=true&JigyosyoCd=1271209882-00&ServiceCd=110&Type=search" }, "geometry": { "type": "Point", "coordinates": [ 139.9648459, 35.7990541 ] } },
{ "type": "Feature", "properties": { "内容": "学研ココファン松戸五香ヘルパーセンター【訪問介護】千葉県松戸市五香2-19-3", "url2": "https://www.kaigokensaku.mhlw.go.jp/12/index.php?action_kouhyou_detail_004_kani=true&JigyosyoCd=1271206318-00&ServiceCd=110&Type=search" }, "geometry": { "type": "Point", "coordinates": [ 139.971770399999969, 35.7940117 ] } },
{ "type": "Feature", "properties": { "内容": "ヘルパーステーションきらら【訪問介護】千葉県松戸市小山819-2", "url2": "https://www.kaigokensaku.mhlw.go.jp/12/index.php?action_kouhyou_detail_004_kani=true&JigyosyoCd=1271206383-00&ServiceCd=110&Type=search" }, "geometry": { "type": "Point", "coordinates": [ 139.899408378322107, 35.767487503907134 ] } },
{ "type": "Feature", "properties": { "内容": "指定訪問介護事業所めいと介護支援センター【訪問介護】千葉県松戸市常盤平1-29-3常盤平駅ビル2階", "url2": "https://www.kaigokensaku.mhlw.go.jp/12/index.php?action_kouhyou_detail_004_kani=true&JigyosyoCd=1271201640-00&ServiceCd=110&Type=search" }, "geometry": { "type": "Point", "coordinates": [ 139.950099940165813, 35.803240088905106 ] } },
{ "type": "Feature", "properties": { "内容": "ヘルパーステーションオガールむつみ【訪問介護】千葉県松戸市六実4-12-6オガールむつみ", "url2": "https://www.kaigokensaku.mhlw.go.jp/12/index.php?action_kouhyou_detail_004_kani=true&JigyosyoCd=1271207167-00&ServiceCd=110&Type=search" }, "geometry": { "type": "Point", "coordinates": [ 139.998049617196671, 35.792027407936224 ] } },
{ "type": "Feature", "properties": { "内容": "らいと介護サービス【訪問介護】千葉県松戸市三ヶ月１４９４番地三ヶ月マンション205号", "url2": "https://www.kaigokensaku.mhlw.go.jp/12/index.php?action_kouhyou_detail_004_kani=true&JigyosyoCd=1271207373-00&ServiceCd=110&Type=search" }, "geometry": { "type": "Point", "coordinates": [ 139.920240400000012, 35.8172844 ] } },
{ "type": "Feature", "properties": { "内容": "春風ケアサービス【訪問介護】千葉県松戸市金ヶ作27-28泉第6ビル205号", "url2": "https://www.kaigokensaku.mhlw.go.jp/12/index.php?action_kouhyou_detail_004_kani=true&JigyosyoCd=1271207746-00&ServiceCd=110&Type=search" }, "geometry": { "type": "Point", "coordinates": [ 139.938854, 35.7926466 ] } },
{ "type": "Feature", "properties": { "内容": "ライムケア松戸【訪問介護】千葉県松戸市小金原7-9-10ニッコーハイツ203", "url2": "https://www.kaigokensaku.mhlw.go.jp/12/index.php?action_kouhyou_detail_004_kani=true&JigyosyoCd=1271208983-00&ServiceCd=110&Type=search" }, "geometry": { "type": "Point", "coordinates": [ 139.948531514155604, 35.813246450480435 ] } },
{ "type": "Feature", "properties": { "内容": "ご長寿くらぶ北松戸訪問介護事業所【訪問介護】千葉県松戸市新作２１４‐１", "url2": "https://www.kaigokensaku.mhlw.go.jp/12/index.php?action_kouhyou_detail_004_kani=true&JigyosyoCd=1271209379-00&ServiceCd=110&Type=search" }, "geometry": { "type": "Point", "coordinates": [ 139.915558, 35.8047294 ] } },
{ "type": "Feature", "properties": { "内容": "秋桜ヴィレッジ訪問介護事業所【訪問介護】千葉県松戸市栄町西5-1344-1", "url2": "https://www.kaigokensaku.mhlw.go.jp/12/index.php?action_kouhyou_detail_004_kani=true&JigyosyoCd=1271204768-00&ServiceCd=110&Type=search" }, "geometry": { "type": "Point", "coordinates": [ 139.894880171571174, 35.807640464702722 ] } },
{ "type": "Feature", "properties": { "内容": "ヘルパーステーション妙樹【訪問介護】千葉県松戸市小山407-5", "url2": "https://www.kaigokensaku.mhlw.go.jp/12/index.php?action_kouhyou_detail_004_kani=true&JigyosyoCd=1271203836-00&ServiceCd=110&Type=search" }, "geometry": { "type": "Point", "coordinates": [ 139.889341699999932, 35.7741701 ] } },
{ "type": "Feature", "properties": { "内容": "ヘルパーステーションなでしこ【訪問介護】千葉県松戸市馬橋1435-1", "url2": "https://www.kaigokensaku.mhlw.go.jp/12/index.php?action_kouhyou_detail_004_kani=true&JigyosyoCd=1271207993-00&ServiceCd=110&Type=search" }, "geometry": { "type": "Point", "coordinates": [ 139.9188322, 35.8151152 ] } },
{ "type": "Feature", "properties": { "内容": "リバーサイド・ヴィラ　ホームヘルプサービス【訪問介護】千葉県松戸市根木内１６１", "url2": "https://www.kaigokensaku.mhlw.go.jp/12/index.php?action_kouhyou_detail_004_kani=true&JigyosyoCd=1271200840-00&ServiceCd=110&Type=search" }, "geometry": { "type": "Point", "coordinates": [ 139.944012899999962, 35.8305758 ] } },
{ "type": "Feature", "properties": { "内容": "はるの介護ステーション【訪問介護】千葉県松戸市根本150ハイツはるみ205号", "url2": "https://www.kaigokensaku.mhlw.go.jp/12/index.php?action_kouhyou_detail_004_kani=true&JigyosyoCd=1271205005-00&ServiceCd=110&Type=search" }, "geometry": { "type": "Point", "coordinates": [ 139.900661687858019, 35.790762204915985 ] } },
{ "type": "Feature", "properties": { "内容": "OHANAケアステーション【訪問介護】千葉県松戸市松戸2156MHビル501", "url2": "https://www.kaigokensaku.mhlw.go.jp/12/index.php?action_kouhyou_detail_004_kani=true&JigyosyoCd=1271209148-00&ServiceCd=110&Type=search" }, "geometry": { "type": "Point", "coordinates": [ 139.894052, 35.7863 ] } },
{ "type": "Feature", "properties": { "内容": "葵介護サービス【訪問介護】千葉県松戸市横須賀２－２１－１１", "url2": "https://www.kaigokensaku.mhlw.go.jp/12/index.php?action_kouhyou_detail_004_kani=true&JigyosyoCd=1271204834-00&ServiceCd=110&Type=search" }, "geometry": { "type": "Point", "coordinates": [ 139.9110101, 35.836396 ] } },
{ "type": "Feature", "properties": { "内容": "メデカル・シンパシイ株式会社ひまわり【訪問介護】千葉県松戸市秋山3-20-4", "url2": "https://www.kaigokensaku.mhlw.go.jp/12/index.php?action_kouhyou_detail_004_kani=true&JigyosyoCd=1271203778-00&ServiceCd=110&Type=search" }, "geometry": { "type": "Point", "coordinates": [ 139.93541538026281, 35.766652974408835 ] } },
{ "type": "Feature", "properties": { "内容": "訪問介護ラブ・フラワー【訪問介護】千葉県松戸市上本郷3990　フラワーハーモニー1-B", "url2": "https://www.kaigokensaku.mhlw.go.jp/12/index.php?action_kouhyou_detail_004_kani=true&JigyosyoCd=1271208710-00&ServiceCd=110&Type=search" }, "geometry": { "type": "Point", "coordinates": [ 139.917700800000034, 35.796059100000029 ] } },
{ "type": "Feature", "properties": { "内容": "ベストリハ訪問介護ステーション松戸東【訪問介護】千葉県松戸市常盤平7丁目30-21常盤平7丁目事務所3階", "url2": "https://www.kaigokensaku.mhlw.go.jp/12/index.php?action_kouhyou_detail_004_kani=true&JigyosyoCd=1271209601-00&ServiceCd=110&Type=search" }, "geometry": { "type": "Point", "coordinates": [ 139.954901, 35.7940029 ] } },
{ "type": "Feature", "properties": { "内容": "ボンセジュール北松戸ケアステーション【訪問介護】千葉県松戸市上本郷2106-1", "url2": "https://www.kaigokensaku.mhlw.go.jp/12/index.php?action_kouhyou_detail_004_kani=true&JigyosyoCd=1271207696-00&ServiceCd=110&Type=search" }, "geometry": { "type": "Point", "coordinates": [ 139.9147388, 35.7978006 ] } },
{ "type": "Feature", "properties": { "内容": "さくら・介護ステーション小金原【訪問介護】千葉県松戸市小金原６丁目１１番地の１５", "url2": "https://www.kaigokensaku.mhlw.go.jp/12/index.php?action_kouhyou_detail_004_kani=true&JigyosyoCd=1271205013-00&ServiceCd=110&Type=search" }, "geometry": { "type": "Point", "coordinates": [ 139.94900610000002, 35.8192717 ] } },
{ "type": "Feature", "properties": { "内容": "訪問介護ステーションよつば【訪問介護】千葉県松戸市小金原4-9-23　2F", "url2": "https://www.kaigokensaku.mhlw.go.jp/12/index.php?action_kouhyou_detail_004_kani=true&JigyosyoCd=1271208546-00&ServiceCd=110&Type=search" }, "geometry": { "type": "Point", "coordinates": [ 139.936946142107246, 35.821558487470398 ] } },
{ "type": "Feature", "properties": { "内容": "けやき介護サービス上本郷【訪問介護】千葉県松戸市上本郷1464", "url2": "https://www.kaigokensaku.mhlw.go.jp/12/index.php?action_kouhyou_detail_004_kani=true&JigyosyoCd=1271205054-00&ServiceCd=110&Type=search" }, "geometry": { "type": "Point", "coordinates": [ 139.922432399999934, 35.8008309 ] } },
{ "type": "Feature", "properties": { "内容": "エルケア【訪問介護】千葉県松戸市馬橋３２５１", "url2": "https://www.kaigokensaku.mhlw.go.jp/12/index.php?action_kouhyou_detail_004_kani=true&JigyosyoCd=1271203331-00&ServiceCd=110&Type=search" }, "geometry": { "type": "Point", "coordinates": [ 139.922926299999972, 35.8154542 ] } },
{ "type": "Feature", "properties": { "内容": "ケアワークス新松戸【訪問介護】千葉県松戸市二ツ木1468-1", "url2": "https://www.kaigokensaku.mhlw.go.jp/12/index.php?action_kouhyou_detail_004_kani=true&JigyosyoCd=1271205179-00&ServiceCd=110&Type=search" }, "geometry": { "type": "Point", "coordinates": [ 139.9199542, 35.8205562 ] } },
{ "type": "Feature", "properties": { "内容": "ケア・ネットワークサービス【訪問介護】千葉県松戸市樋野口699番地エルダーホーム松戸", "url2": "https://www.kaigokensaku.mhlw.go.jp/12/index.php?action_kouhyou_detail_004_kani=true&JigyosyoCd=1271201582-00&ServiceCd=110&Type=search" }, "geometry": { "type": "Point", "coordinates": [ 139.893922819035311, 35.78905492122378 ] } },
{ "type": "Feature", "properties": { "内容": "けやき介護サービス新松戸【訪問介護】千葉県松戸市三ヶ月1234", "url2": "https://www.kaigokensaku.mhlw.go.jp/12/index.php?action_kouhyou_detail_004_kani=true&JigyosyoCd=1271204818-00&ServiceCd=110&Type=search" }, "geometry": { "type": "Point", "coordinates": [ 139.922873399999958, 35.819378699999952 ] } },
{ "type": "Feature", "properties": { "内容": "ホームヘルプサービス　ソラスト二十世紀が丘【訪問介護】千葉県松戸市三矢小台5-4-1", "url2": "https://www.kaigokensaku.mhlw.go.jp/12/index.php?action_kouhyou_detail_004_kani=true&JigyosyoCd=1271205583-00&ServiceCd=110&Type=search" }, "geometry": { "type": "Point", "coordinates": [ 139.903171599999951, 35.7694152 ] } },
{ "type": "Feature", "properties": { "内容": "ファミリア松戸わらっ亭【訪問介護】千葉県松戸市六高台8-75-33", "url2": "https://www.kaigokensaku.mhlw.go.jp/12/index.php?action_kouhyou_detail_004_kani=true&JigyosyoCd=1271209122-00&ServiceCd=110&Type=search" }, "geometry": { "type": "Point", "coordinates": [ 139.981500899999958, 35.7995713 ] } },
{ "type": "Feature", "properties": { "内容": "ふれあいネットまつど　ケアステーション【訪問介護】千葉県松戸市松戸新田４３３－３５", "url2": "https://www.kaigokensaku.mhlw.go.jp/12/index.php?action_kouhyou_detail_004_kani=true&JigyosyoCd=1271201160-00&ServiceCd=110&Type=search" }, "geometry": { "type": "Point", "coordinates": [ 139.926819962718099, 35.789893541319231 ] } },
{ "type": "Feature", "properties": { "内容": "ヘルパーステーション　ポルタ【訪問介護】千葉県松戸市小金原5-17-2メゾン・ド・荒川301", "url2": "https://www.kaigokensaku.mhlw.go.jp/12/index.php?action_kouhyou_detail_004_kani=true&JigyosyoCd=1271209049-00&ServiceCd=110&Type=search" }, "geometry": { "type": "Point", "coordinates": [ 139.9385442, 35.8179269 ] } },
{ "type": "Feature", "properties": { "内容": "ルポゼ東松戸訪問介護事業所【訪問介護】千葉県松戸市東松戸3-15-16", "url2": "https://www.kaigokensaku.mhlw.go.jp/12/index.php?action_kouhyou_detail_004_kani=true&JigyosyoCd=1271206888-00&ServiceCd=110&Type=search" }, "geometry": { "type": "Point", "coordinates": [ 139.940029900000013, 35.770024 ] } },
{ "type": "Feature", "properties": { "内容": "森の香りヘルパーステーション【訪問介護】千葉県松戸市馬橋3240-２はなみずき通り貸家2-3F", "url2": "https://www.kaigokensaku.mhlw.go.jp/12/index.php?action_kouhyou_detail_004_kani=true&JigyosyoCd=1271207720-00&ServiceCd=110&Type=search" }, "geometry": { "type": "Point", "coordinates": [ 139.9219339, 35.8153545 ] } },
{ "type": "Feature", "properties": { "内容": "訪問介護事業所すまいるぽけっと【訪問介護】千葉県松戸市上本郷4553-3", "url2": "https://www.kaigokensaku.mhlw.go.jp/12/index.php?action_kouhyou_detail_004_kani=true&JigyosyoCd=1271209403-00&ServiceCd=110&Type=search" }, "geometry": { "type": "Point", "coordinates": [ 139.9234836, 35.799145199999984 ] } },
{ "type": "Feature", "properties": { "内容": "エールあい介護サービス有限会社【訪問介護】千葉県松戸市栄町8-729-4", "url2": "https://www.kaigokensaku.mhlw.go.jp/12/index.php?action_kouhyou_detail_004_kani=true&JigyosyoCd=1271201376-00&ServiceCd=110&Type=search" }, "geometry": { "type": "Point", "coordinates": [ 139.906055700000024, 35.8120267 ] } },
{ "type": "Feature", "properties": { "内容": "ホームヘルプサービス　ソラスト新松戸【訪問介護】千葉県松戸市新松戸1-259-2赤坂ビル1Ｆ", "url2": "https://www.kaigokensaku.mhlw.go.jp/12/index.php?action_kouhyou_detail_004_kani=true&JigyosyoCd=1271202325-00&ServiceCd=110&Type=search" }, "geometry": { "type": "Point", "coordinates": [ 139.920452399999931, 35.8306144 ] } },
{ "type": "Feature", "properties": { "内容": "有限会社　ヘルスケアサービスゆいまーる松戸【訪問介護】千葉県松戸市松戸1129-1　ニューパウリスタビル2Ｆ", "url2": "https://www.kaigokensaku.mhlw.go.jp/12/index.php?action_kouhyou_detail_004_kani=true&JigyosyoCd=1271200121-00&ServiceCd=110&Type=search" }, "geometry": { "type": "Point", "coordinates": [ 139.9014376, 35.7809483 ] } },
{ "type": "Feature", "properties": { "内容": "訪問介護のメディカライフ松戸【訪問介護】千葉県松戸市高塚新田157ｰ53", "url2": "https://www.kaigokensaku.mhlw.go.jp/12/index.php?action_kouhyou_detail_004_kani=true&JigyosyoCd=1271210047-00&ServiceCd=110&Type=search" }, "geometry": { "type": "Point", "coordinates": [ 139.9425478, 35.749706 ] } },
{ "type": "Feature", "properties": { "内容": "ウ―ルズ松戸ヘルパーステーション【訪問介護】千葉県松戸市常盤平５丁目11-37ボディワークスビル1F", "url2": "https://www.kaigokensaku.mhlw.go.jp/12/index.php?action_kouhyou_detail_004_kani=true&JigyosyoCd=1271210021-00&ServiceCd=110&Type=search" }, "geometry": { "type": "Point", "coordinates": [ 139.9654305, 35.797416400000017 ] } },
{ "type": "Feature", "properties": { "内容": "特定非営利活動法人なのはな会【訪問介護】千葉県野田市花井248番地茂木マンション104", "url2": "https://www.kaigokensaku.mhlw.go.jp/12/index.php?action_kouhyou_detail_004_kani=true&JigyosyoCd=1271301259-00&ServiceCd=110&Type=search" }, "geometry": { "type": "Point", "coordinates": [ 139.8800417, 35.9417714 ] } },
{ "type": "Feature", "properties": { "内容": "訪問ケア　ハートフル恵【訪問介護】千葉県野田市山崎1974-6", "url2": "https://www.kaigokensaku.mhlw.go.jp/12/index.php?action_kouhyou_detail_004_kani=true&JigyosyoCd=1271302430-00&ServiceCd=110&Type=search" }, "geometry": { "type": "Point", "coordinates": [ 139.8954041, 35.9315891 ] } },
{ "type": "Feature", "properties": { "内容": "ウールズ運河ヘルパーステーション【訪問介護】千葉県野田市山崎790-1", "url2": "https://www.kaigokensaku.mhlw.go.jp/12/index.php?action_kouhyou_detail_004_kani=true&JigyosyoCd=1271302489-00&ServiceCd=110&Type=search" }, "geometry": { "type": "Point", "coordinates": [ 139.900595287705784, 35.915516307938084 ] } },
{ "type": "Feature", "properties": { "内容": "訪問介護事業所作楽【訪問介護】千葉県野田市木間ヶ瀬234", "url2": "https://www.kaigokensaku.mhlw.go.jp/12/index.php?action_kouhyou_detail_004_kani=true&JigyosyoCd=1271302562-00&ServiceCd=110&Type=search" }, "geometry": { "type": "Point", "coordinates": [ 139.8353928, 36.0380028 ] } },
{ "type": "Feature", "properties": { "内容": "のだ訪問サービス【訪問介護】千葉県野田市柳沢6-1", "url2": "https://www.kaigokensaku.mhlw.go.jp/12/index.php?action_kouhyou_detail_004_kani=true&JigyosyoCd=1271301424-00&ServiceCd=110&Type=search" }, "geometry": { "type": "Point", "coordinates": [ 139.8659859, 35.9530937 ] } },
{ "type": "Feature", "properties": { "内容": "さくら・介護ステーション野田【訪問介護】千葉県野田市中野台４９３－１クリーンコーポ102", "url2": "https://www.kaigokensaku.mhlw.go.jp/12/index.php?action_kouhyou_detail_004_kani=true&JigyosyoCd=1271301572-00&ServiceCd=110&Type=search" }, "geometry": { "type": "Point", "coordinates": [ 139.855870413180128, 35.941847957690797 ] } },
{ "type": "Feature", "properties": { "内容": "特定非営利活動法人マ・メール【訪問介護】千葉県野田市山崎１３８５番地の６", "url2": "https://www.kaigokensaku.mhlw.go.jp/12/index.php?action_kouhyou_detail_004_kani=true&JigyosyoCd=1271300996-00&ServiceCd=110&Type=search" }, "geometry": { "type": "Point", "coordinates": [ 139.885630699999979, 35.9334 ] } },
{ "type": "Feature", "properties": { "内容": "SOMPOケア　野田関宿　訪問介護【訪問介護】千葉県野田市柏寺606-1天心楼柏寺店舗102号室", "url2": "https://www.kaigokensaku.mhlw.go.jp/12/index.php?action_kouhyou_detail_004_kani=true&JigyosyoCd=1271302216-00&ServiceCd=110&Type=search" }, "geometry": { "type": "Point", "coordinates": [ 139.8048354, 36.0486514 ] } },
{ "type": "Feature", "properties": { "内容": "ニチイケアセンター野田【訪問介護】千葉県野田市岩名2023-5菊池ビル3階", "url2": "https://www.kaigokensaku.mhlw.go.jp/12/index.php?action_kouhyou_detail_004_kani=true&JigyosyoCd=1271300228-00&ServiceCd=110&Type=search" }, "geometry": { "type": "Point", "coordinates": [ 139.833548984130886, 35.978155349391166 ] } },
{ "type": "Feature", "properties": { "内容": "秋桜ヴィレッジ清水公園訪問介護事業所【訪問介護】千葉県野田市清水826-15和楽久　清水公園", "url2": "https://www.kaigokensaku.mhlw.go.jp/12/index.php?action_kouhyou_detail_004_kani=true&JigyosyoCd=1271301762-00&ServiceCd=110&Type=search" }, "geometry": { "type": "Point", "coordinates": [ 139.853287873680074, 35.955246133052995 ] } },
{ "type": "Feature", "properties": { "内容": "マミー介護サービス【訪問介護】千葉県野田市吉春519-5", "url2": "https://www.kaigokensaku.mhlw.go.jp/12/index.php?action_kouhyou_detail_004_kani=true&JigyosyoCd=1271302380-00&ServiceCd=110&Type=search" }, "geometry": { "type": "Point", "coordinates": [ 139.863265899999988, 35.9647798 ] } },
{ "type": "Feature", "properties": { "内容": "有限会社あいらいふ訪問介護事業所【訪問介護】千葉県野田市七光台428番地41", "url2": "https://www.kaigokensaku.mhlw.go.jp/12/index.php?action_kouhyou_detail_004_kani=true&JigyosyoCd=1271300418-00&ServiceCd=110&Type=search" }, "geometry": { "type": "Point", "coordinates": [ 139.838696300000038, 35.9812939 ] } },
{ "type": "Feature", "properties": { "内容": "訪問介護にじいろぱる野田【訪問介護】千葉県野田市中根1932F", "url2": "https://www.kaigokensaku.mhlw.go.jp/12/index.php?action_kouhyou_detail_004_kani=true&JigyosyoCd=1271302141-00&ServiceCd=110&Type=search" }, "geometry": { "type": "Point", "coordinates": [ 139.879305700000032, 35.9401743 ] } },
{ "type": "Feature", "properties": { "内容": "ヘルパーステーションあさひ野田【訪問介護】千葉県野田市上花輪737-1サービス付き高齢者向け住宅あさひ野田", "url2": "https://www.kaigokensaku.mhlw.go.jp/12/index.php?action_kouhyou_detail_004_kani=true&JigyosyoCd=1271302265-00&ServiceCd=110&Type=search" }, "geometry": { "type": "Point", "coordinates": [ 139.860729, 35.9366262 ] } },
{ "type": "Feature", "properties": { "内容": "トータルサポート・ノダ指定訪問介護事業所【訪問介護】千葉県野田市柳沢24番地", "url2": "https://www.kaigokensaku.mhlw.go.jp/12/index.php?action_kouhyou_detail_004_kani=true&JigyosyoCd=1271300061-00&ServiceCd=110&Type=search" }, "geometry": { "type": "Point", "coordinates": [ 139.867683599999964, 35.9534812 ] } },
{ "type": "Feature", "properties": { "内容": "けやきヘルパーステーション【訪問介護】千葉県野田市山崎１４４８－１", "url2": "https://www.kaigokensaku.mhlw.go.jp/12/index.php?action_kouhyou_detail_004_kani=true&JigyosyoCd=1271301226-00&ServiceCd=110&Type=search" }, "geometry": { "type": "Point", "coordinates": [ 139.880617199999961, 35.9310505 ] } },
{ "type": "Feature", "properties": { "内容": "介護のニヤコ【訪問介護】千葉県野田市尾崎台１２－２コンフォート弐番館102", "url2": "https://www.kaigokensaku.mhlw.go.jp/12/index.php?action_kouhyou_detail_004_kani=true&JigyosyoCd=1271301960-00&ServiceCd=110&Type=search" }, "geometry": { "type": "Point", "coordinates": [ 139.836360300000024, 35.9841214 ] } },
{ "type": "Feature", "properties": { "内容": "訪問介護しらゆり【訪問介護】千葉県野田市中根193-20小澤ハイツ103", "url2": "https://www.kaigokensaku.mhlw.go.jp/12/index.php?action_kouhyou_detail_004_kani=true&JigyosyoCd=1271300921-00&ServiceCd=110&Type=search" }, "geometry": { "type": "Point", "coordinates": [ 139.878564, 35.940852 ] } },
{ "type": "Feature", "properties": { "内容": "鶴寿園訪問介護事業所【訪問介護】千葉県野田市鶴奉２７０番地の５", "url2": "https://www.kaigokensaku.mhlw.go.jp/12/index.php?action_kouhyou_detail_004_kani=true&JigyosyoCd=1271300152-00&ServiceCd=110&Type=search" }, "geometry": { "type": "Point", "coordinates": [ 139.884707, 35.9600834 ] } },
{ "type": "Feature", "properties": { "内容": "ラウンド＆ケアヘルパーステーション野田【訪問介護】千葉県野田市山崎2699-85", "url2": "https://www.kaigokensaku.mhlw.go.jp/12/index.php?action_kouhyou_detail_004_kani=true&JigyosyoCd=1271302646-00&ServiceCd=110&Type=search" }, "geometry": { "type": "Point", "coordinates": [ 139.904240499999986, 35.9202637 ] } },
{ "type": "Feature", "properties": { "内容": "ヘルパーステーション一期一会【訪問介護】千葉県野田市春日町5-9-2フルールカメリア", "url2": "https://www.kaigokensaku.mhlw.go.jp/12/index.php?action_kouhyou_detail_004_kani=true&JigyosyoCd=1271302554-00&ServiceCd=110&Type=search" }, "geometry": { "type": "Point", "coordinates": [ 139.843951800000013, 35.9707781 ] } },
{ "type": "Feature", "properties": { "内容": "ソエルガーデン野田訪問介護【訪問介護】千葉県野田市中里553-5", "url2": "https://www.kaigokensaku.mhlw.go.jp/12/index.php?action_kouhyou_detail_004_kani=true&JigyosyoCd=1271302737-00&ServiceCd=110&Type=search" }, "geometry": { "type": "Point", "coordinates": [ 139.84318527381896, 35.994721300627958 ] } },
{ "type": "Feature", "properties": { "内容": "学研ココファン野田ヘルパーセンター【訪問介護】千葉県野田市尾崎台１４ココファン尾崎台", "url2": "https://www.kaigokensaku.mhlw.go.jp/12/index.php?action_kouhyou_detail_004_kani=true&JigyosyoCd=1271301176-00&ServiceCd=110&Type=search" }, "geometry": { "type": "Point", "coordinates": [ 139.835460399999988, 35.984263 ] } },
{ "type": "Feature", "properties": { "内容": "訪問介護せいしん【訪問介護】千葉県野田市中根207", "url2": "https://www.kaigokensaku.mhlw.go.jp/12/index.php?action_kouhyou_detail_004_kani=true&JigyosyoCd=1271300731-00&ServiceCd=110&Type=search" }, "geometry": { "type": "Point", "coordinates": [ 139.875203, 35.943221299999983 ] } },
{ "type": "Feature", "properties": { "内容": "訪問介護事業所エール野田【訪問介護】千葉県野田市花井1-9-21めぞん一徳203号室", "url2": "https://www.kaigokensaku.mhlw.go.jp/12/index.php?action_kouhyou_detail_004_kani=true&JigyosyoCd=1271302596-00&ServiceCd=110&Type=search" }, "geometry": { "type": "Point", "coordinates": [ 139.8834411, 35.9382469 ] } },
{ "type": "Feature", "properties": { "内容": "指定訪問介護事業所かりん【訪問介護】千葉県野田市清水434-42", "url2": "https://www.kaigokensaku.mhlw.go.jp/12/index.php?action_kouhyou_detail_004_kani=true&JigyosyoCd=1271300442-00&ServiceCd=110&Type=search" }, "geometry": { "type": "Point", "coordinates": [ 139.857664800000066, 35.9572307 ] } },
{ "type": "Feature", "properties": { "内容": "訪問介護まあるいろ【訪問介護】千葉県野田市尾崎347-3ロイヤルスクエアC102号", "url2": "https://www.kaigokensaku.mhlw.go.jp/12/index.php?action_kouhyou_detail_004_kani=true&JigyosyoCd=1271302745-00&ServiceCd=110&Type=search" }, "geometry": { "type": "Point", "coordinates": [ 139.8307327, 35.9820116 ] } },
{ "type": "Feature", "properties": { "内容": "ヘルパーステイション清和の里【訪問介護】千葉県茂原市法目1303－1", "url2": "https://www.kaigokensaku.mhlw.go.jp/12/index.php?action_kouhyou_detail_004_kani=true&JigyosyoCd=1271502195-00&ServiceCd=110&Type=search" }, "geometry": { "type": "Point", "coordinates": [ 140.315523799999937, 35.4839146 ] } },
{ "type": "Feature", "properties": { "内容": "アイケア茂原ステーション【訪問介護】千葉県茂原市押日1557-1", "url2": "https://www.kaigokensaku.mhlw.go.jp/12/index.php?action_kouhyou_detail_004_kani=true&JigyosyoCd=1271501742-00&ServiceCd=110&Type=search" }, "geometry": { "type": "Point", "coordinates": [ 140.278007699999989, 35.4409084 ] } },
{ "type": "Feature", "properties": { "内容": "有限会社トータル介護サービスアイ茂原営業所【訪問介護】千葉県茂原市高師291-14", "url2": "https://www.kaigokensaku.mhlw.go.jp/12/index.php?action_kouhyou_detail_004_kani=true&JigyosyoCd=1271502658-00&ServiceCd=110&Type=search" }, "geometry": { "type": "Point", "coordinates": [ 140.298382299999986, 35.431691700000016 ] } },
{ "type": "Feature", "properties": { "内容": "しょうじゅの里茂原訪問介護事業所【訪問介護】千葉県茂原市高師１９３－１", "url2": "https://www.kaigokensaku.mhlw.go.jp/12/index.php?action_kouhyou_detail_004_kani=true&JigyosyoCd=1271500264-00&ServiceCd=110&Type=search" }, "geometry": { "type": "Point", "coordinates": [ 140.2967056, 35.4395286 ] } },
{ "type": "Feature", "properties": { "内容": "ナイスヘルパーズ銀のカーネーション【訪問介護】千葉県茂原市法目2705-7", "url2": "https://www.kaigokensaku.mhlw.go.jp/12/index.php?action_kouhyou_detail_004_kani=true&JigyosyoCd=1271502534-00&ServiceCd=110&Type=search" }, "geometry": { "type": "Point", "coordinates": [ 140.325749, 35.4963502 ] } },
{ "type": "Feature", "properties": { "内容": "ヘルパーステーションゆったりさん【訪問介護】千葉県茂原市栗生野3498-35", "url2": "https://www.kaigokensaku.mhlw.go.jp/12/index.php?action_kouhyou_detail_004_kani=true&JigyosyoCd=1271501932-00&ServiceCd=110&Type=search" }, "geometry": { "type": "Point", "coordinates": [ 140.353775429360894, 35.491479946505621 ] } },
{ "type": "Feature", "properties": { "内容": "あんしん指定訪問介護事業所【訪問介護】千葉県茂原市茂原１５６５－２８", "url2": "https://www.kaigokensaku.mhlw.go.jp/12/index.php?action_kouhyou_detail_004_kani=true&JigyosyoCd=1271502062-00&ServiceCd=110&Type=search" }, "geometry": { "type": "Point", "coordinates": [ 140.3121592, 35.4235675 ] } },
{ "type": "Feature", "properties": { "内容": "ケアステーションすずらん【訪問介護】千葉県茂原市町保38-7緑川オフィス1F", "url2": "https://www.kaigokensaku.mhlw.go.jp/12/index.php?action_kouhyou_detail_004_kani=true&JigyosyoCd=1271501908-00&ServiceCd=110&Type=search" }, "geometry": { "type": "Point", "coordinates": [ 140.304126900000028, 35.433199199999983 ] } },
{ "type": "Feature", "properties": { "内容": "セントケア新茂原【訪問介護】千葉県茂原市本小轡344-1", "url2": "https://www.kaigokensaku.mhlw.go.jp/12/index.php?action_kouhyou_detail_004_kani=true&JigyosyoCd=1271502757-00&ServiceCd=110&Type=search" }, "geometry": { "type": "Point", "coordinates": [ 140.313161, 35.4505681 ] } },
{ "type": "Feature", "properties": { "内容": "介護ステーショントマト【訪問介護】千葉県茂原市高師266-16", "url2": "https://www.kaigokensaku.mhlw.go.jp/12/index.php?action_kouhyou_detail_004_kani=true&JigyosyoCd=1271501700-00&ServiceCd=110&Type=search" }, "geometry": { "type": "Point", "coordinates": [ 140.300243601617865, 35.435229054333874 ] } },
{ "type": "Feature", "properties": { "内容": "ヘルパーステーションゆかり【訪問介護】千葉県茂原市高師3007-11", "url2": "https://www.kaigokensaku.mhlw.go.jp/12/index.php?action_kouhyou_detail_004_kani=true&JigyosyoCd=1271501288-00&ServiceCd=110&Type=search" }, "geometry": { "type": "Point", "coordinates": [ 140.293820099999976, 35.4360707 ] } },
{ "type": "Feature", "properties": { "内容": "訪問介護エグザ茂原【訪問介護】千葉県茂原市法目1271番地29", "url2": "https://www.kaigokensaku.mhlw.go.jp/12/index.php?action_kouhyou_detail_004_kani=true&JigyosyoCd=1271502336-00&ServiceCd=110&Type=search" }, "geometry": { "type": "Point", "coordinates": [ 140.3137744, 35.4840914 ] } },
{ "type": "Feature", "properties": { "内容": "恵ケアセンター茂原【訪問介護】千葉県茂原市茂原１４－８ホワイトベース２階", "url2": "https://www.kaigokensaku.mhlw.go.jp/12/index.php?action_kouhyou_detail_004_kani=true&JigyosyoCd=1271502260-00&ServiceCd=110&Type=search" }, "geometry": { "type": "Point", "coordinates": [ 140.2871543, 35.4276773 ] } },
{ "type": "Feature", "properties": { "内容": "ケアサポート　本納【訪問介護】千葉県茂原市本納2926", "url2": "https://www.kaigokensaku.mhlw.go.jp/12/index.php?action_kouhyou_detail_004_kani=true&JigyosyoCd=1271502716-00&ServiceCd=110&Type=search" }, "geometry": { "type": "Point", "coordinates": [ 140.303866699999958, 35.480613199999979 ] } },
{ "type": "Feature", "properties": { "内容": "リンクスヘルパーステーション【訪問介護】千葉県茂原市東茂原15-13", "url2": "https://www.kaigokensaku.mhlw.go.jp/12/index.php?action_kouhyou_detail_004_kani=true&JigyosyoCd=1271500942-00&ServiceCd=110&Type=search" }, "geometry": { "type": "Point", "coordinates": [ 140.3233912, 35.4130975 ] } },
{ "type": "Feature", "properties": { "内容": "リンクスヘルパーステーション東郷【訪問介護】千葉県茂原市東郷468-1", "url2": "https://www.kaigokensaku.mhlw.go.jp/12/index.php?action_kouhyou_detail_004_kani=true&JigyosyoCd=1271502518-00&ServiceCd=110&Type=search" }, "geometry": { "type": "Point", "coordinates": [ 140.3188168, 35.4395634 ] } },
{ "type": "Feature", "properties": { "内容": "ケアリング訪問介護事業所【訪問介護】千葉県茂原市上林209-9", "url2": "https://www.kaigokensaku.mhlw.go.jp/12/index.php?action_kouhyou_detail_004_kani=true&JigyosyoCd=1271501858-00&ServiceCd=110&Type=search" }, "geometry": { "type": "Point", "coordinates": [ 140.298977375146507, 35.440187403739749 ] } },
{ "type": "Feature", "properties": { "内容": "訪問介護ハピリー【訪問介護】千葉県茂原市六ツ野4009－1", "url2": "https://www.kaigokensaku.mhlw.go.jp/12/index.php?action_kouhyou_detail_004_kani=true&JigyosyoCd=1271502740-00&ServiceCd=110&Type=search" }, "geometry": { "type": "Point", "coordinates": [ 140.324459299999972, 35.4310002 ] } },
{ "type": "Feature", "properties": { "内容": "ソレイユ訪問介護事業所【訪問介護】千葉県茂原市大芝2－7－4メープルC棟", "url2": "https://www.kaigokensaku.mhlw.go.jp/12/index.php?action_kouhyou_detail_004_kani=true&JigyosyoCd=1271501437-00&ServiceCd=110&Type=search" }, "geometry": { "type": "Point", "coordinates": [ 140.312952174224819, 35.410129741166074 ] } },
{ "type": "Feature", "properties": { "内容": "ヘルパーステーションあかね雲【訪問介護】千葉県茂原市国府関1683-6", "url2": "https://www.kaigokensaku.mhlw.go.jp/12/index.php?action_kouhyou_detail_004_kani=true&JigyosyoCd=1271502492-00&ServiceCd=110&Type=search" }, "geometry": { "type": "Point", "coordinates": [ 140.260793547082528, 35.448583059702678 ] } },
{ "type": "Feature", "properties": { "内容": "長生の里訪問介護センター【訪問介護】千葉県茂原市中善寺318", "url2": "https://www.kaigokensaku.mhlw.go.jp/12/index.php?action_kouhyou_detail_004_kani=true&JigyosyoCd=1271501718-00&ServiceCd=110&Type=search" }, "geometry": { "type": "Point", "coordinates": [ 140.2701174, 35.4073993 ] } },
{ "type": "Feature", "properties": { "内容": "訪問介護ステーション咲くら【訪問介護】千葉県茂原市小林2487番地", "url2": "https://www.kaigokensaku.mhlw.go.jp/12/index.php?action_kouhyou_detail_004_kani=true&JigyosyoCd=1271501999-00&ServiceCd=110&Type=search" }, "geometry": { "type": "Point", "coordinates": [ 140.2959416, 35.4446139 ] } },
{ "type": "Feature", "properties": { "内容": "ヘルパーステーションあじさい【訪問介護】千葉県茂原市腰当933-23", "url2": "https://www.kaigokensaku.mhlw.go.jp/12/index.php?action_kouhyou_detail_004_kani=true&JigyosyoCd=1271501767-00&ServiceCd=110&Type=search" }, "geometry": { "type": "Point", "coordinates": [ 140.3003129, 35.4533572 ] } },
{ "type": "Feature", "properties": { "内容": "茂原市社会福祉協議会訪問介護事業所【訪問介護】千葉県茂原市町保１３番地２０", "url2": "https://www.kaigokensaku.mhlw.go.jp/12/index.php?action_kouhyou_detail_004_kani=true&JigyosyoCd=1271501361-00&ServiceCd=110&Type=search" }, "geometry": { "type": "Point", "coordinates": [ 140.303107599999976, 35.4311356 ] } },
{ "type": "Feature", "properties": { "内容": "株式会社ニチモ【訪問介護】千葉県茂原市八千代2丁目5番地5", "url2": "https://www.kaigokensaku.mhlw.go.jp/12/index.php?action_kouhyou_detail_004_kani=true&JigyosyoCd=1271501338-00&ServiceCd=110&Type=search" }, "geometry": { "type": "Point", "coordinates": [ 140.2968158, 35.4228529 ] } },
{ "type": "Feature", "properties": { "内容": "株式会社ウェルケアひより【訪問介護】千葉県茂原市茂原239番地", "url2": "https://www.kaigokensaku.mhlw.go.jp/12/index.php?action_kouhyou_detail_004_kani=true&JigyosyoCd=1271502724-00&ServiceCd=110&Type=search" }, "geometry": { "type": "Point", "coordinates": [ 140.2926163, 35.4273652 ] } },
{ "type": "Feature", "properties": { "内容": "訪問介護ステーション夢眠もばら【訪問介護】千葉県茂原市上茂原388番10号", "url2": "https://www.kaigokensaku.mhlw.go.jp/12/index.php?action_kouhyou_detail_004_kani=true&JigyosyoCd=1271502666-00&ServiceCd=110&Type=search" }, "geometry": { "type": "Point", "coordinates": [ 140.272592602461742, 35.424710076580872 ] } },
{ "type": "Feature", "properties": { "内容": "ニチイケアセンター茂原【訪問介護】千葉県茂原市高師２９１-５グランヴェール高師１０２号", "url2": "https://www.kaigokensaku.mhlw.go.jp/12/index.php?action_kouhyou_detail_004_kani=true&JigyosyoCd=1271500108-00&ServiceCd=110&Type=search" }, "geometry": { "type": "Point", "coordinates": [ 140.297944199999989, 35.430801400000014 ] } },
{ "type": "Feature", "properties": { "内容": "亀田ホームケアサービス茂原【訪問介護】千葉県茂原市中の島町696", "url2": "https://www.kaigokensaku.mhlw.go.jp/12/index.php?action_kouhyou_detail_004_kani=true&JigyosyoCd=1271502567-00&ServiceCd=110&Type=search" }, "geometry": { "type": "Point", "coordinates": [ 140.3054482, 35.4083355 ] } },
{ "type": "Feature", "properties": { "内容": "礼訪問介護ステーション【訪問介護】千葉県茂原市高師町3-8-6太陽ビル2階", "url2": "https://www.kaigokensaku.mhlw.go.jp/12/index.php?action_kouhyou_detail_004_kani=true&JigyosyoCd=1271502559-00&ServiceCd=110&Type=search" }, "geometry": { "type": "Point", "coordinates": [ 140.295708022229007, 35.432132860147242 ] } },
{ "type": "Feature", "properties": { "内容": "プラスサポート【訪問介護】千葉県茂原市押日1488-5", "url2": "https://www.kaigokensaku.mhlw.go.jp/12/index.php?action_kouhyou_detail_004_kani=true&JigyosyoCd=1271501684-00&ServiceCd=110&Type=search" }, "geometry": { "type": "Point", "coordinates": [ 140.2780742, 35.4425221 ] } },
{ "type": "Feature", "properties": { "内容": "けあビジョン茂原【訪問介護】千葉県茂原市道表8-19道表プラザ202号", "url2": "https://www.kaigokensaku.mhlw.go.jp/12/index.php?action_kouhyou_detail_004_kani=true&JigyosyoCd=1271501924-00&ServiceCd=110&Type=search" }, "geometry": { "type": "Point", "coordinates": [ 140.287949750401395, 35.430483941348555 ] } },
{ "type": "Feature", "properties": { "内容": "ネコロボマン訪問介護茂原店【訪問介護】千葉県茂原市東部台1－6－8リリィガーデンズ東部台306号", "url2": "https://www.kaigokensaku.mhlw.go.jp/12/index.php?action_kouhyou_detail_004_kani=true&JigyosyoCd=1271502732-00&ServiceCd=110&Type=search" }, "geometry": { "type": "Point", "coordinates": [ 140.1419254, 35.6160193 ] } },
{ "type": "Feature", "properties": { "内容": "グレイト訪問介護ステーション【訪問介護】千葉県茂原市大芝2-13-2", "url2": "https://www.kaigokensaku.mhlw.go.jp/12/index.php?action_kouhyou_detail_004_kani=true&JigyosyoCd=1271502369-00&ServiceCd=110&Type=search" }, "geometry": { "type": "Point", "coordinates": [ 140.312268099999983, 35.4091009 ] } },
{ "type": "Feature", "properties": { "内容": "緑庵ケア【訪問介護】千葉県茂原市長尾2691-9", "url2": "https://www.kaigokensaku.mhlw.go.jp/12/index.php?action_kouhyou_detail_004_kani=true&JigyosyoCd=1271502849-00&ServiceCd=110&Type=search" }, "geometry": { "type": "Point", "coordinates": [ 140.2993457, 35.4526559 ] } },
{ "type": "Feature", "properties": { "内容": "つくし介護サービス【訪問介護】千葉県茂原市緑ヶ丘4-6-3", "url2": "https://www.kaigokensaku.mhlw.go.jp/12/index.php?action_kouhyou_detail_004_kani=true&JigyosyoCd=1271500785-00&ServiceCd=110&Type=search" }, "geometry": { "type": "Point", "coordinates": [ 140.260308042189024, 35.437739109288195 ] } },
{ "type": "Feature", "properties": { "内容": "訪問介護ステーションウィズ・ワン成田【訪問介護】千葉県成田市美郷台3-8-1サービス付き高齢者向け住宅ウィズ・ワン成田", "url2": "https://www.kaigokensaku.mhlw.go.jp/12/index.php?action_kouhyou_detail_004_kani=true&JigyosyoCd=1271601666-00&ServiceCd=110&Type=search" }, "geometry": { "type": "Point", "coordinates": [ 140.310218114819349, 35.793774987769702 ] } },
{ "type": "Feature", "properties": { "内容": "クローバー成田訪問介護【訪問介護】千葉県成田市飯仲28-3クローバー成田訪問介護", "url2": "https://www.kaigokensaku.mhlw.go.jp/12/index.php?action_kouhyou_detail_004_kani=true&JigyosyoCd=1271601229-00&ServiceCd=110&Type=search" }, "geometry": { "type": "Point", "coordinates": [ 140.300048579086905, 35.753627822806145 ] } },
{ "type": "Feature", "properties": { "内容": "ケアスタッフ成田【訪問介護】千葉県成田市公津の杜3-3-1三恵ビル２階", "url2": "https://www.kaigokensaku.mhlw.go.jp/12/index.php?action_kouhyou_detail_004_kani=true&JigyosyoCd=1271600767-00&ServiceCd=110&Type=search" }, "geometry": { "type": "Point", "coordinates": [ 140.2954866, 35.7576056 ] } },
{ "type": "Feature", "properties": { "内容": "ドット３６５成田（訪問介護）【訪問介護】千葉県成田市土屋516番地4アオヤギビル201", "url2": "https://www.kaigokensaku.mhlw.go.jp/12/index.php?action_kouhyou_detail_004_kani=true&JigyosyoCd=1271601955-00&ServiceCd=110&Type=search" }, "geometry": { "type": "Point", "coordinates": [ 140.3228471, 35.7916753 ] } },
{ "type": "Feature", "properties": { "内容": "ﾊｯﾋﾟｰﾊｰﾄﾌﾟﾗｽ【訪問介護】千葉県成田市飯仲36-21", "url2": "https://www.kaigokensaku.mhlw.go.jp/12/index.php?action_kouhyou_detail_004_kani=true&JigyosyoCd=1271601625-00&ServiceCd=110&Type=search" }, "geometry": { "type": "Point", "coordinates": [ 140.299767299999985, 35.7540076 ] } },
{ "type": "Feature", "properties": { "内容": "ニチイケアセンター公津の杜【訪問介護】千葉県成田市公津の杜５丁目２１番地２", "url2": "https://www.kaigokensaku.mhlw.go.jp/12/index.php?action_kouhyou_detail_004_kani=true&JigyosyoCd=1271600163-00&ServiceCd=110&Type=search" }, "geometry": { "type": "Point", "coordinates": [ 140.290812927864067, 35.757831227937835 ] } },
{ "type": "Feature", "properties": { "内容": "ニチイケアセンター成田美郷台【訪問介護】千葉県成田市郷部1344ガーデンオフィスB-1", "url2": "https://www.kaigokensaku.mhlw.go.jp/12/index.php?action_kouhyou_detail_004_kani=true&JigyosyoCd=1271601849-00&ServiceCd=110&Type=search" }, "geometry": { "type": "Point", "coordinates": [ 140.308846199999977, 35.787846699999982 ] } },
{ "type": "Feature", "properties": { "内容": "ケア21成田【訪問介護】千葉県成田市上町546-1表参道石川ビル2階", "url2": "https://www.kaigokensaku.mhlw.go.jp/12/index.php?action_kouhyou_detail_004_kani=true&JigyosyoCd=1271601997-00&ServiceCd=110&Type=search" }, "geometry": { "type": "Point", "coordinates": [ 140.3170939, 35.7801295 ] } },
{ "type": "Feature", "properties": { "内容": "SOMPOケア成田訪問介護【訪問介護】千葉県成田市飯仲28-18", "url2": "https://www.kaigokensaku.mhlw.go.jp/12/index.php?action_kouhyou_detail_004_kani=true&JigyosyoCd=1271601799-00&ServiceCd=110&Type=search" }, "geometry": { "type": "Point", "coordinates": [ 140.299987799999968, 35.753317200000026 ] } },
{ "type": "Feature", "properties": { "内容": "うぃず・ユー野々花ケアステーション成田【訪問介護】千葉県成田市不動ヶ岡2154-4", "url2": "https://www.kaigokensaku.mhlw.go.jp/12/index.php?action_kouhyou_detail_004_kani=true&JigyosyoCd=1271601427-00&ServiceCd=110&Type=search" }, "geometry": { "type": "Point", "coordinates": [ 140.314650600000078, 35.7734358 ] } },
{ "type": "Feature", "properties": { "内容": "佐藤さくらあさがお【訪問介護】千葉県成田市並木町９０－１", "url2": "https://www.kaigokensaku.mhlw.go.jp/12/index.php?action_kouhyou_detail_004_kani=true&JigyosyoCd=1271601815-00&ServiceCd=110&Type=search" }, "geometry": { "type": "Point", "coordinates": [ 140.3046519594551, 35.757934632104295 ] } },
{ "type": "Feature", "properties": { "内容": "訪問介護事業所新町玲光苑【訪問介護】千葉県成田市新町１０３７番地６３新町デイサービスセンター　玲光苑", "url2": "https://www.kaigokensaku.mhlw.go.jp/12/index.php?action_kouhyou_detail_004_kani=true&JigyosyoCd=1271600379-00&ServiceCd=110&Type=search" }, "geometry": { "type": "Point", "coordinates": [ 140.311745200000018, 35.7809653 ] } },
{ "type": "Feature", "properties": { "内容": "訪問介護サービス太陽【訪問介護】千葉県成田市吉岡１２１７－２９５飯塚アパートＢ－１０", "url2": "https://www.kaigokensaku.mhlw.go.jp/12/index.php?action_kouhyou_detail_004_kani=true&JigyosyoCd=1271601005-00&ServiceCd=110&Type=search" }, "geometry": { "type": "Point", "coordinates": [ 140.394077, 35.8175266 ] } },
{ "type": "Feature", "properties": { "内容": "あい愛ホームヘルプ【訪問介護】千葉県成田市三里塚光が丘1-958", "url2": "https://www.kaigokensaku.mhlw.go.jp/12/index.php?action_kouhyou_detail_004_kani=true&JigyosyoCd=1271601294-00&ServiceCd=110&Type=search" }, "geometry": { "type": "Point", "coordinates": [ 140.373435049498767, 35.753614005692768 ] } },
{ "type": "Feature", "properties": { "内容": "セントケア成田【訪問介護】千葉県成田市公津の杜1-13-17日堀ビル201", "url2": "https://www.kaigokensaku.mhlw.go.jp/12/index.php?action_kouhyou_detail_004_kani=true&JigyosyoCd=1271602037-00&ServiceCd=110&Type=search" }, "geometry": { "type": "Point", "coordinates": [ 140.296224099999989, 35.763030700000016 ] } },
{ "type": "Feature", "properties": { "内容": "重度訪問介護ソフトケア【訪問介護】千葉県成田市西三里塚1-127", "url2": "https://www.kaigokensaku.mhlw.go.jp/12/index.php?action_kouhyou_detail_004_kani=true&JigyosyoCd=1271601690-00&ServiceCd=110&Type=search" }, "geometry": { "type": "Point", "coordinates": [ 140.365359558999671, 35.743745833714186 ] } },
{ "type": "Feature", "properties": { "内容": "訪問介護ステーション　杜の家なりた【訪問介護】千葉県成田市下方686番1", "url2": "https://www.kaigokensaku.mhlw.go.jp/12/index.php?action_kouhyou_detail_004_kani=true&JigyosyoCd=1271601971-00&ServiceCd=110&Type=search" }, "geometry": { "type": "Point", "coordinates": [ 140.2724192, 35.7593988 ] } },
{ "type": "Feature", "properties": { "内容": "ホームヘルプサービス成田【訪問介護】千葉県成田市飯田町105-1ウェルライフヴィラ成田", "url2": "https://www.kaigokensaku.mhlw.go.jp/12/index.php?action_kouhyou_detail_004_kani=true&JigyosyoCd=1271602102-00&ServiceCd=110&Type=search" }, "geometry": { "type": "Point", "coordinates": [ 140.3009054, 35.7653033 ] } },
{ "type": "Feature", "properties": { "内容": "癒しのヘルパーステーション公津の杜【訪問介護】千葉県成田市飯田町33-1", "url2": "https://www.kaigokensaku.mhlw.go.jp/12/index.php?action_kouhyou_detail_004_kani=true&JigyosyoCd=1271600833-00&ServiceCd=110&Type=search" }, "geometry": { "type": "Point", "coordinates": [ 140.3020583, 35.7610151 ] } },
{ "type": "Feature", "properties": { "内容": "生活クラブ風の村介護ステーションなりた【訪問介護】千葉県成田市大竹字内沼370－５", "url2": "https://www.kaigokensaku.mhlw.go.jp/12/index.php?action_kouhyou_detail_004_kani=true&JigyosyoCd=1271600320-00&ServiceCd=110&Type=search" }, "geometry": { "type": "Point", "coordinates": [ 140.278008373957846, 35.809262998490127 ] } },
{ "type": "Feature", "properties": { "内容": "訪問介護事業所なな成田【訪問介護】千葉県成田市加良部4-26-12加良部テラスハウス", "url2": "https://www.kaigokensaku.mhlw.go.jp/12/index.php?action_kouhyou_detail_004_kani=true&JigyosyoCd=1271602052-00&ServiceCd=110&Type=search" }, "geometry": { "type": "Point", "coordinates": [ 140.302567, 35.7760594 ] } },
{ "type": "Feature", "properties": { "内容": "ケアステーション宝の里【訪問介護】千葉県成田市山之作280-1フットヒル１０２号室", "url2": "https://www.kaigokensaku.mhlw.go.jp/12/index.php?action_kouhyou_detail_004_kani=true&JigyosyoCd=1271602144-00&ServiceCd=110&Type=search" }, "geometry": { "type": "Point", "coordinates": [ 140.332746828836036, 35.785358 ] } },
{ "type": "Feature", "properties": { "内容": "ホームヘルパー喜美笑【訪問介護】千葉県成田市郷部1354郷部ウイングビル103", "url2": "https://www.kaigokensaku.mhlw.go.jp/12/index.php?action_kouhyou_detail_004_kani=true&JigyosyoCd=1271601831-00&ServiceCd=110&Type=search" }, "geometry": { "type": "Point", "coordinates": [ 140.308205500000014, 35.7886755 ] } },
{ "type": "Feature", "properties": { "内容": "介護クラーク成田【訪問介護】千葉県成田市土屋522番3", "url2": "https://www.kaigokensaku.mhlw.go.jp/12/index.php?action_kouhyou_detail_004_kani=true&JigyosyoCd=1271602219-00&ServiceCd=110&Type=search" }, "geometry": { "type": "Point", "coordinates": [ 139.5658612, 35.9147997 ] } },
{ "type": "Feature", "properties": { "内容": "O・N・E介護サービス【訪問介護】千葉県成田市並木町２１９－３０５　コンフォーザ並木町１０８", "url2": "https://www.kaigokensaku.mhlw.go.jp/12/index.php?action_kouhyou_detail_004_kani=true&JigyosyoCd=1271602060-00&ServiceCd=110&Type=search" }, "geometry": { "type": "Point", "coordinates": [ 140.3060716, 35.7524405 ] } },
{ "type": "Feature", "properties": { "内容": "エンジョイーケア【訪問介護】千葉県成田市押畑７１３", "url2": "https://www.kaigokensaku.mhlw.go.jp/12/index.php?action_kouhyou_detail_004_kani=true&JigyosyoCd=1271602045-00&ServiceCd=110&Type=search" }, "geometry": { "type": "Point", "coordinates": [ 140.3094877, 35.8029965 ] } },
{ "type": "Feature", "properties": { "内容": "介護あおぞら【訪問介護】千葉県成田市中台６丁目１番２号中台ショッピングセンター内", "url2": "https://www.kaigokensaku.mhlw.go.jp/12/index.php?action_kouhyou_detail_004_kani=true&JigyosyoCd=1271600965-00&ServiceCd=110&Type=search" }, "geometry": { "type": "Point", "coordinates": [ 140.299656999370995, 35.783594526043238 ] } },
{ "type": "Feature", "properties": { "内容": "訪問介護アルテロイテ【訪問介護】千葉県成田市北須賀33カレッサ成田北須賀内", "url2": "https://www.kaigokensaku.mhlw.go.jp/12/index.php?action_kouhyou_detail_004_kani=true&JigyosyoCd=1271602003-00&ServiceCd=110&Type=search" }, "geometry": { "type": "Point", "coordinates": [ 140.259928163222554, 35.785063356583287 ] } },
{ "type": "Feature", "properties": { "内容": "株式会社コアラ佐倉【訪問介護】千葉県佐倉市中志津7丁目1810番地10", "url2": "https://www.kaigokensaku.mhlw.go.jp/12/index.php?action_kouhyou_detail_004_kani=true&JigyosyoCd=1271702555-00&ServiceCd=110&Type=search" }, "geometry": { "type": "Point", "coordinates": [ 140.153403861377001, 35.70227220585911 ] } },
{ "type": "Feature", "properties": { "内容": "ヘルパーステーションぽてと【訪問介護】千葉県佐倉市寺崎北6-9-3", "url2": "https://www.kaigokensaku.mhlw.go.jp/12/index.php?action_kouhyou_detail_004_kani=true&JigyosyoCd=1271702647-00&ServiceCd=110&Type=search" }, "geometry": { "type": "Point", "coordinates": [ 140.215262199999984, 35.7153979 ] } },
{ "type": "Feature", "properties": { "内容": "訪問介護ステーションちとせ【訪問介護】千葉県佐倉市生谷７５－１０", "url2": "https://www.kaigokensaku.mhlw.go.jp/12/index.php?action_kouhyou_detail_004_kani=true&JigyosyoCd=1271702704-00&ServiceCd=110&Type=search" }, "geometry": { "type": "Point", "coordinates": [ 140.180130100000042, 35.7169715 ] } },
{ "type": "Feature", "properties": { "内容": "医心館訪問介護ステーション佐倉【訪問介護】千葉県佐倉市下志津字大口787-1", "url2": "https://www.kaigokensaku.mhlw.go.jp/12/index.php?action_kouhyou_detail_004_kani=true&JigyosyoCd=1271703231-00&ServiceCd=110&Type=search" }, "geometry": { "type": "Point", "coordinates": [ 140.1652392, 35.7138288 ] } },
{ "type": "Feature", "properties": { "内容": "ケア・コンシェルジュ人力舎【訪問介護】千葉県佐倉市王子台1-8-6", "url2": "https://www.kaigokensaku.mhlw.go.jp/12/index.php?action_kouhyou_detail_004_kani=true&JigyosyoCd=1271702712-00&ServiceCd=110&Type=search" }, "geometry": { "type": "Point", "coordinates": [ 140.184986799999933, 35.731495 ] } },
{ "type": "Feature", "properties": { "内容": "なのはな介護サービス【訪問介護】千葉県佐倉市中志津4-1-13", "url2": "https://www.kaigokensaku.mhlw.go.jp/12/index.php?action_kouhyou_detail_004_kani=true&JigyosyoCd=1271701821-00&ServiceCd=110&Type=search" }, "geometry": { "type": "Point", "coordinates": [ 140.156387117908366, 35.710824244720925 ] } },
{ "type": "Feature", "properties": { "内容": "ヘルパーステーションつどい佐倉【訪問介護】千葉県佐倉市栄町9-20", "url2": "https://www.kaigokensaku.mhlw.go.jp/12/index.php?action_kouhyou_detail_004_kani=true&JigyosyoCd=1271703348-00&ServiceCd=110&Type=search" }, "geometry": { "type": "Point", "coordinates": [ 140.23034429325412, 35.723866620206621 ] } },
{ "type": "Feature", "properties": { "内容": "KURUMIケアステーション【訪問介護】千葉県佐倉市王子台5-25-8", "url2": "https://www.kaigokensaku.mhlw.go.jp/12/index.php?action_kouhyou_detail_004_kani=true&JigyosyoCd=1271703405-00&ServiceCd=110&Type=search" }, "geometry": { "type": "Point", "coordinates": [ 140.174209100000013, 35.7204193 ] } },
{ "type": "Feature", "properties": { "内容": "セントケア　佐倉【訪問介護】千葉県佐倉市寺崎北4-7-6", "url2": "https://www.kaigokensaku.mhlw.go.jp/12/index.php?action_kouhyou_detail_004_kani=true&JigyosyoCd=1271701235-00&ServiceCd=110&Type=search" }, "geometry": { "type": "Point", "coordinates": [ 140.225211, 35.708557 ] } },
{ "type": "Feature", "properties": { "内容": "訪問介護事業所プチモンドケア【訪問介護】千葉県佐倉市城３４３－３プチモンドさくら", "url2": "https://www.kaigokensaku.mhlw.go.jp/12/index.php?action_kouhyou_detail_004_kani=true&JigyosyoCd=1271701904-00&ServiceCd=110&Type=search" }, "geometry": { "type": "Point", "coordinates": [ 140.230022052639839, 35.693210429821775 ] } },
{ "type": "Feature", "properties": { "内容": "ニチイケアセンター志津【訪問介護】千葉県佐倉市上志津1665大塚ビル２階　２０１号", "url2": "https://www.kaigokensaku.mhlw.go.jp/12/index.php?action_kouhyou_detail_004_kani=true&JigyosyoCd=1271701748-00&ServiceCd=110&Type=search" }, "geometry": { "type": "Point", "coordinates": [ 140.144926, 35.7183949 ] } },
{ "type": "Feature", "properties": { "内容": "ファミリーケア【訪問介護】千葉県佐倉市上座684番地6エステート壱番館105号室", "url2": "https://www.kaigokensaku.mhlw.go.jp/12/index.php?action_kouhyou_detail_004_kani=true&JigyosyoCd=1271702852-00&ServiceCd=110&Type=search" }, "geometry": { "type": "Point", "coordinates": [ 140.1587874, 35.7256898 ] } },
{ "type": "Feature", "properties": { "内容": "公益社団法人佐倉市シルバー人材センター訪問介護事業所【訪問介護】千葉県佐倉市鏑木町198番地2レインボープラザ佐倉2F", "url2": "https://www.kaigokensaku.mhlw.go.jp/12/index.php?action_kouhyou_detail_004_kani=true&JigyosyoCd=1271702126-00&ServiceCd=110&Type=search" }, "geometry": { "type": "Point", "coordinates": [ 140.232813399999941, 35.7165649 ] } },
{ "type": "Feature", "properties": { "内容": "指定訪問介護アットプレオ宮ノ台【訪問介護】千葉県佐倉市宮ノ台2-1-1", "url2": "https://www.kaigokensaku.mhlw.go.jp/12/index.php?action_kouhyou_detail_004_kani=true&JigyosyoCd=1271703363-00&ServiceCd=110&Type=search" }, "geometry": { "type": "Point", "coordinates": [ 140.147007799999983, 35.741989600000011 ] } },
{ "type": "Feature", "properties": { "内容": "SOMPOケア　佐倉　訪問介護【訪問介護】千葉県佐倉市稲荷台2-5-5エクセレントビル1階101号室", "url2": "https://www.kaigokensaku.mhlw.go.jp/12/index.php?action_kouhyou_detail_004_kani=true&JigyosyoCd=1271702738-00&ServiceCd=110&Type=search" }, "geometry": { "type": "Point", "coordinates": [ 140.176507600000036, 35.7273702 ] } },
{ "type": "Feature", "properties": { "内容": "ホームヘルプサービス　はちす苑【訪問介護】千葉県佐倉市太田１１４５－１", "url2": "https://www.kaigokensaku.mhlw.go.jp/12/index.php?action_kouhyou_detail_004_kani=true&JigyosyoCd=1271700302-00&ServiceCd=110&Type=search" }, "geometry": { "type": "Point", "coordinates": [ 140.209240200000039, 35.684167700000017 ] } },
{ "type": "Feature", "properties": { "内容": "さくら苑ホームヘルプサービス【訪問介護】千葉県佐倉市鏑木町346番地", "url2": "https://www.kaigokensaku.mhlw.go.jp/12/index.php?action_kouhyou_detail_004_kani=true&JigyosyoCd=1271700195-00&ServiceCd=110&Type=search" }, "geometry": { "type": "Point", "coordinates": [ 140.233971600000018, 35.7154623 ] } },
{ "type": "Feature", "properties": { "内容": "プロローグ【訪問介護】千葉県佐倉市表町3-2-14", "url2": "https://www.kaigokensaku.mhlw.go.jp/12/index.php?action_kouhyou_detail_004_kani=true&JigyosyoCd=1271700906-00&ServiceCd=110&Type=search" }, "geometry": { "type": "Point", "coordinates": [ 140.226469599999973, 35.7105599 ] } },
{ "type": "Feature", "properties": { "内容": "志津ユーカリ苑指定訪問介護事業所【訪問介護】千葉県佐倉市青菅1008-7", "url2": "https://www.kaigokensaku.mhlw.go.jp/12/index.php?action_kouhyou_detail_004_kani=true&JigyosyoCd=1271700120-00&ServiceCd=110&Type=search" }, "geometry": { "type": "Point", "coordinates": [ 140.14235450000001, 35.7456672 ] } },
{ "type": "Feature", "properties": { "内容": "ソルシアス佐倉訪問介護事業所【訪問介護】千葉県佐倉市宮前3-15-1", "url2": "https://www.kaigokensaku.mhlw.go.jp/12/index.php?action_kouhyou_detail_004_kani=true&JigyosyoCd=1271703389-00&ServiceCd=110&Type=search" }, "geometry": { "type": "Point", "coordinates": [ 140.227429699999988, 35.7260238 ] } },
{ "type": "Feature", "properties": { "内容": "ママメイト佐倉ユーカリが丘【訪問介護】千葉県佐倉市ユーカリが丘２－１－１", "url2": "https://www.kaigokensaku.mhlw.go.jp/12/index.php?action_kouhyou_detail_004_kani=true&JigyosyoCd=1271700740-00&ServiceCd=110&Type=search" }, "geometry": { "type": "Point", "coordinates": [ 140.155004700000063, 35.7284137 ] } },
{ "type": "Feature", "properties": { "内容": "ケアステーションさくらの丘【訪問介護】千葉県佐倉市王子台4丁目22番3", "url2": "https://www.kaigokensaku.mhlw.go.jp/12/index.php?action_kouhyou_detail_004_kani=true&JigyosyoCd=1271702860-00&ServiceCd=110&Type=search" }, "geometry": { "type": "Point", "coordinates": [ 140.1819849, 35.7234533 ] } },
{ "type": "Feature", "properties": { "内容": "ファーストステージユーカリが丘【訪問介護】千葉県佐倉市中志津3-34-11", "url2": "https://www.kaigokensaku.mhlw.go.jp/12/index.php?action_kouhyou_detail_004_kani=true&JigyosyoCd=1271702290-00&ServiceCd=110&Type=search" }, "geometry": { "type": "Point", "coordinates": [ 140.1585139, 35.713512800563919 ] } },
{ "type": "Feature", "properties": { "内容": "訪問介護事業所くつろぎの里【訪問介護】千葉県佐倉市下志津552番", "url2": "https://www.kaigokensaku.mhlw.go.jp/12/index.php?action_kouhyou_detail_004_kani=true&JigyosyoCd=1271701052-00&ServiceCd=110&Type=search" }, "geometry": { "type": "Point", "coordinates": [ 140.166820799999982, 35.7164015 ] } },
{ "type": "Feature", "properties": { "内容": "ヘルプサービスきこえ【訪問介護】千葉県佐倉市王子台3-15-15シャロームきこえ王子台", "url2": "https://www.kaigokensaku.mhlw.go.jp/12/index.php?action_kouhyou_detail_004_kani=true&JigyosyoCd=1271700401-00&ServiceCd=110&Type=search" }, "geometry": { "type": "Point", "coordinates": [ 140.180698799999988, 35.7261233 ] } },
{ "type": "Feature", "properties": { "内容": "ニチイケアセンター佐倉【訪問介護】千葉県佐倉市栄町7-16月岡店舗2号室", "url2": "https://www.kaigokensaku.mhlw.go.jp/12/index.php?action_kouhyou_detail_004_kani=true&JigyosyoCd=1271700179-00&ServiceCd=110&Type=search" }, "geometry": { "type": "Point", "coordinates": [ 140.229505199999949, 35.7233029 ] } },
{ "type": "Feature", "properties": { "内容": "ツクイ・ポピルスガーデン千葉佐倉　訪問介護ステーション【訪問介護】千葉県佐倉市上志津148ツクイ・ポピルスガーデン千葉佐倉", "url2": "https://www.kaigokensaku.mhlw.go.jp/12/index.php?action_kouhyou_detail_004_kani=true&JigyosyoCd=1271703314-00&ServiceCd=110&Type=search" }, "geometry": { "type": "Point", "coordinates": [ 140.1459461, 35.7165619 ] } },
{ "type": "Feature", "properties": { "内容": "ブライトライフケアステーション【訪問介護】千葉県佐倉市先崎２３３ユーカリゴルフプラザ２Ｆ", "url2": "https://www.kaigokensaku.mhlw.go.jp/12/index.php?action_kouhyou_detail_004_kani=true&JigyosyoCd=1271703264-00&ServiceCd=110&Type=search" }, "geometry": { "type": "Point", "coordinates": [ 140.1597258, 35.7497499 ] } },
{ "type": "Feature", "properties": { "内容": "はなまる訪問サービス【訪問介護】千葉県佐倉市弥勒町15番地2岩澤ハイツB棟102", "url2": "https://www.kaigokensaku.mhlw.go.jp/12/index.php?action_kouhyou_detail_004_kani=true&JigyosyoCd=1271703249-00&ServiceCd=110&Type=search" }, "geometry": { "type": "Point", "coordinates": [ 140.234563900000012, 35.7199478 ] } },
{ "type": "Feature", "properties": { "内容": "アースサポート佐倉【訪問介護】千葉県佐倉市表町3丁目12番地2", "url2": "https://www.kaigokensaku.mhlw.go.jp/12/index.php?action_kouhyou_detail_004_kani=true&JigyosyoCd=1271701367-00&ServiceCd=110&Type=search" }, "geometry": { "type": "Point", "coordinates": [ 140.226200100000028, 35.7116348 ] } },
{ "type": "Feature", "properties": { "内容": "ニチイケアセンター佐倉南【訪問介護】千葉県佐倉市表町2丁目3番10号ＴＴビル1階（東端）", "url2": "https://www.kaigokensaku.mhlw.go.jp/12/index.php?action_kouhyou_detail_004_kani=true&JigyosyoCd=1271702837-00&ServiceCd=110&Type=search" }, "geometry": { "type": "Point", "coordinates": [ 140.223643938250291, 35.711386267298472 ] } },
{ "type": "Feature", "properties": { "内容": "りらい訪問介護【訪問介護】千葉県佐倉市王子台3-8-13ハイツ王子台105", "url2": "https://www.kaigokensaku.mhlw.go.jp/12/index.php?action_kouhyou_detail_004_kani=true&JigyosyoCd=1271703165-00&ServiceCd=110&Type=search" }, "geometry": { "type": "Point", "coordinates": [ 140.180218, 35.7281265 ] } },
{ "type": "Feature", "properties": { "内容": "生活クラブ風の村介護ステーションさくら【訪問介護】千葉県佐倉市山崎５２９－１", "url2": "https://www.kaigokensaku.mhlw.go.jp/12/index.php?action_kouhyou_detail_004_kani=true&JigyosyoCd=1271700674-00&ServiceCd=110&Type=search" }, "geometry": { "type": "Point", "coordinates": [ 140.224994199999969, 35.7301409 ] } },
{ "type": "Feature", "properties": { "内容": "ケアサービスほのか【訪問介護】千葉県佐倉市小篠塚1032", "url2": "https://www.kaigokensaku.mhlw.go.jp/12/index.php?action_kouhyou_detail_004_kani=true&JigyosyoCd=1271701201-00&ServiceCd=110&Type=search" }, "geometry": { "type": "Point", "coordinates": [ 140.223094916235283, 35.683269446792885 ] } },
{ "type": "Feature", "properties": { "内容": "若葉介護センター【訪問介護】千葉県佐倉市王子台3-26-23B102", "url2": "https://www.kaigokensaku.mhlw.go.jp/12/index.php?action_kouhyou_detail_004_kani=true&JigyosyoCd=1271702639-00&ServiceCd=110&Type=search" }, "geometry": { "type": "Point", "coordinates": [ 140.132224800000017, 35.629554400000011 ] } },
{ "type": "Feature", "properties": { "内容": "ヘルパーステーション小春【訪問介護】千葉県佐倉市鏑木仲田町1-12", "url2": "https://www.kaigokensaku.mhlw.go.jp/12/index.php?action_kouhyou_detail_004_kani=true&JigyosyoCd=1271703066-00&ServiceCd=110&Type=search" }, "geometry": { "type": "Point", "coordinates": [ 140.230574710758958, 35.715392920742381 ] } },
{ "type": "Feature", "properties": { "内容": "ソレイユケアサービス佐倉【訪問介護】千葉県佐倉市宮前3-22-5サービス付き高齢者向け住宅　ソレイユの丘佐倉", "url2": "https://www.kaigokensaku.mhlw.go.jp/12/index.php?action_kouhyou_detail_004_kani=true&JigyosyoCd=1271702050-00&ServiceCd=110&Type=search" }, "geometry": { "type": "Point", "coordinates": [ 140.229224499999987, 35.7268192 ] } },
{ "type": "Feature", "properties": { "内容": "株式会社長命館【訪問介護】千葉県佐倉市石川288-3ステップ１　１０２号", "url2": "https://www.kaigokensaku.mhlw.go.jp/12/index.php?action_kouhyou_detail_004_kani=true&JigyosyoCd=1271703447-00&ServiceCd=110&Type=search" }, "geometry": { "type": "Point", "coordinates": [ 140.2327671, 35.7005969 ] } },
{ "type": "Feature", "properties": { "内容": "ヤックスヘルパーステーション佐倉寺崎【訪問介護】千葉県佐倉市寺崎北2-2-1ヤックスドラッグ佐倉寺崎店内", "url2": "https://www.kaigokensaku.mhlw.go.jp/12/index.php?action_kouhyou_detail_004_kani=true&JigyosyoCd=1271702266-00&ServiceCd=110&Type=search" }, "geometry": { "type": "Point", "coordinates": [ 140.2175982, 35.7108985 ] } },
{ "type": "Feature", "properties": { "内容": "ヘルパーステーションここのわ【訪問介護】千葉県佐倉市染井野6-11-7", "url2": "https://www.kaigokensaku.mhlw.go.jp/12/index.php?action_kouhyou_detail_004_kani=true&JigyosyoCd=1271703272-00&ServiceCd=110&Type=search" }, "geometry": { "type": "Point", "coordinates": [ 140.1870291, 35.7140203 ] } },
{ "type": "Feature", "properties": { "内容": "訪問介護ステーション絆【訪問介護】千葉県佐倉市王子台１－７－１５レジデンスマキ２０１", "url2": "https://www.kaigokensaku.mhlw.go.jp/12/index.php?action_kouhyou_detail_004_kani=true&JigyosyoCd=1271701623-00&ServiceCd=110&Type=search" }, "geometry": { "type": "Point", "coordinates": [ 140.14221509999993, 35.7180698 ] } },
{ "type": "Feature", "properties": { "内容": "ケアポート佐倉【訪問介護】千葉県佐倉市栄町10－17HB佐倉1F", "url2": "https://www.kaigokensaku.mhlw.go.jp/12/index.php?action_kouhyou_detail_004_kani=true&JigyosyoCd=1271702225-00&ServiceCd=110&Type=search" }, "geometry": { "type": "Point", "coordinates": [ 140.23152540000001, 35.7238864 ] } },
{ "type": "Feature", "properties": { "内容": "介護のアップル【訪問介護】千葉県東金市上谷3035", "url2": "https://www.kaigokensaku.mhlw.go.jp/12/index.php?action_kouhyou_detail_004_kani=true&JigyosyoCd=1271801431-00&ServiceCd=110&Type=search" }, "geometry": { "type": "Point", "coordinates": [ 140.361299199999962, 35.5244203 ] } },
{ "type": "Feature", "properties": { "内容": "有限会社トータル介護サービスアイ【訪問介護】千葉県東金市東新宿10-12", "url2": "https://www.kaigokensaku.mhlw.go.jp/12/index.php?action_kouhyou_detail_004_kani=true&JigyosyoCd=1271800144-00&ServiceCd=110&Type=search" }, "geometry": { "type": "Point", "coordinates": [ 140.369022399999949, 35.5599994 ] } },
{ "type": "Feature", "properties": { "内容": "介護ステーション恵【訪問介護】千葉県東金市薄島173-15", "url2": "https://www.kaigokensaku.mhlw.go.jp/12/index.php?action_kouhyou_detail_004_kani=true&JigyosyoCd=1271800565-00&ServiceCd=110&Type=search" }, "geometry": { "type": "Point", "coordinates": [ 140.41333080000004, 35.54348 ] } },
{ "type": "Feature", "properties": { "内容": "訪問介護三略【訪問介護】千葉県東金市田間１丁目１５－１８田間エクセルコートＢ棟２０１", "url2": "https://www.kaigokensaku.mhlw.go.jp/12/index.php?action_kouhyou_detail_004_kani=true&JigyosyoCd=1271801621-00&ServiceCd=110&Type=search" }, "geometry": { "type": "Point", "coordinates": [ 140.3726508, 35.5641882 ] } },
{ "type": "Feature", "properties": { "内容": "ヘルパーステーションはなみずき【訪問介護】千葉県東金市東中島１５８－１２", "url2": "https://www.kaigokensaku.mhlw.go.jp/12/index.php?action_kouhyou_detail_004_kani=true&JigyosyoCd=1271800979-00&ServiceCd=110&Type=search" }, "geometry": { "type": "Point", "coordinates": [ 140.377856800000018, 35.5138328 ] } },
{ "type": "Feature", "properties": { "内容": "ケアステーションコイノニア【訪問介護】千葉県東金市田間2341-7", "url2": "https://www.kaigokensaku.mhlw.go.jp/12/index.php?action_kouhyou_detail_004_kani=true&JigyosyoCd=1271801340-00&ServiceCd=110&Type=search" }, "geometry": { "type": "Point", "coordinates": [ 140.366627900000026, 35.5660486 ] } },
{ "type": "Feature", "properties": { "内容": "ケアサポートYOU【訪問介護】千葉県東金市田間89-3ハニーハイツ東金1-1C", "url2": "https://www.kaigokensaku.mhlw.go.jp/12/index.php?action_kouhyou_detail_004_kani=true&JigyosyoCd=1271801373-00&ServiceCd=110&Type=search" }, "geometry": { "type": "Point", "coordinates": [ 140.371211, 35.561873700000014 ] } },
{ "type": "Feature", "properties": { "内容": "エンジェル介護サービス【訪問介護】千葉県東金市田間２１９４－２", "url2": "https://www.kaigokensaku.mhlw.go.jp/12/index.php?action_kouhyou_detail_004_kani=true&JigyosyoCd=1271801159-00&ServiceCd=110&Type=search" }, "geometry": { "type": "Point", "coordinates": [ 140.369302400000038, 35.5695398 ] } },
{ "type": "Feature", "properties": { "内容": "ケアサービスひなげし【訪問介護】千葉県東金市山田1259-1", "url2": "https://www.kaigokensaku.mhlw.go.jp/12/index.php?action_kouhyou_detail_004_kani=true&JigyosyoCd=1271801639-00&ServiceCd=110&Type=search" }, "geometry": { "type": "Point", "coordinates": [ 140.2989111, 35.5754451 ] } },
{ "type": "Feature", "properties": { "内容": "セントケア東金【訪問介護】千葉県東金市東上宿1-3-17", "url2": "https://www.kaigokensaku.mhlw.go.jp/12/index.php?action_kouhyou_detail_004_kani=true&JigyosyoCd=1271800763-00&ServiceCd=110&Type=search" }, "geometry": { "type": "Point", "coordinates": [ 140.362575964418028, 35.557436200877383 ] } },
{ "type": "Feature", "properties": { "内容": "結いケアステーション【訪問介護】千葉県東金市田間3-37-35", "url2": "https://www.kaigokensaku.mhlw.go.jp/12/index.php?action_kouhyou_detail_004_kani=true&JigyosyoCd=1271801696-00&ServiceCd=110&Type=search" }, "geometry": { "type": "Point", "coordinates": [ 140.3762457, 35.5688935 ] } },
{ "type": "Feature", "properties": { "内容": "ホームヘルパーステーションゆりの木苑【訪問介護】千葉県東金市家徳７５６－２", "url2": "https://www.kaigokensaku.mhlw.go.jp/12/index.php?action_kouhyou_detail_004_kani=true&JigyosyoCd=1271800094-00&ServiceCd=110&Type=search" }, "geometry": { "type": "Point", "coordinates": [ 140.4014575, 35.5510455 ] } },
{ "type": "Feature", "properties": { "内容": "芙蓉荘訪問介護事業所【訪問介護】東金市家之子２０１０－３", "url2": "https://www.kaigokensaku.mhlw.go.jp/12/index.php?action_kouhyou_detail_004_kani=true&JigyosyoCd=1271800151-00&ServiceCd=110&Type=search" }, "geometry": { "type": "Point", "coordinates": [ 140.376603400000022, 35.598881 ] } },
{ "type": "Feature", "properties": { "内容": "きららケアサービス【訪問介護】千葉県東金市山田1163番3", "url2": "https://www.kaigokensaku.mhlw.go.jp/12/index.php?action_kouhyou_detail_004_kani=true&JigyosyoCd=1271801407-00&ServiceCd=110&Type=search" }, "geometry": { "type": "Point", "coordinates": [ 140.29380470000001, 35.5672401 ] } },
{ "type": "Feature", "properties": { "内容": "ヘルパーステーション温【訪問介護】千葉県東金市田間７５８－１", "url2": "https://www.kaigokensaku.mhlw.go.jp/12/index.php?action_kouhyou_detail_004_kani=true&JigyosyoCd=1271800136-00&ServiceCd=110&Type=search" }, "geometry": { "type": "Point", "coordinates": [ 140.376223699999969, 35.5709813 ] } },
{ "type": "Feature", "properties": { "内容": "ケアサービスやすらぎ【訪問介護】千葉県東金市山田1259-1", "url2": "https://www.kaigokensaku.mhlw.go.jp/12/index.php?action_kouhyou_detail_004_kani=true&JigyosyoCd=1271801662-00&ServiceCd=110&Type=search" }, "geometry": { "type": "Point", "coordinates": [ 140.2989111, 35.5754451 ] } },
{ "type": "Feature", "properties": { "内容": "ジェイエル・サービス訪問介護【訪問介護】千葉県東金市堀上180-14", "url2": "https://www.kaigokensaku.mhlw.go.jp/12/index.php?action_kouhyou_detail_004_kani=true&JigyosyoCd=1271801548-00&ServiceCd=110&Type=search" }, "geometry": { "type": "Point", "coordinates": [ 140.372935399999989, 35.55659820000001 ] } },
{ "type": "Feature", "properties": { "内容": "いこいケアサービス【訪問介護】千葉県東金市山田1261-1", "url2": "https://www.kaigokensaku.mhlw.go.jp/12/index.php?action_kouhyou_detail_004_kani=true&JigyosyoCd=1271801688-00&ServiceCd=110&Type=search" }, "geometry": { "type": "Point", "coordinates": [ 140.2997571, 35.5753804 ] } },
{ "type": "Feature", "properties": { "内容": "松の楽【訪問介護】千葉県東金市川場1021-4", "url2": "https://www.kaigokensaku.mhlw.go.jp/12/index.php?action_kouhyou_detail_004_kani=true&JigyosyoCd=1271801571-00&ServiceCd=110&Type=search" }, "geometry": { "type": "Point", "coordinates": [ 140.366754, 35.5525601 ] } },
{ "type": "Feature", "properties": { "内容": "ケアサービスすいれん【訪問介護】千葉県東金市山田1261-1", "url2": "https://www.kaigokensaku.mhlw.go.jp/12/index.php?action_kouhyou_detail_004_kani=true&JigyosyoCd=1271801670-00&ServiceCd=110&Type=search" }, "geometry": { "type": "Point", "coordinates": [ 140.2997571, 35.5753804 ] } },
{ "type": "Feature", "properties": { "内容": "ケアCoCo【訪問介護】千葉県東金市家徳217番地11ケアCoCo", "url2": "https://www.kaigokensaku.mhlw.go.jp/12/index.php?action_kouhyou_detail_004_kani=true&JigyosyoCd=1271801597-00&ServiceCd=110&Type=search" }, "geometry": { "type": "Point", "coordinates": [ 140.393356, 35.5474032 ] } },
{ "type": "Feature", "properties": { "内容": "介護事業所くつろぎの家【訪問介護】千葉県東金市藤下飛地818番地9", "url2": "https://www.kaigokensaku.mhlw.go.jp/12/index.php?action_kouhyou_detail_004_kani=true&JigyosyoCd=1271800946-00&ServiceCd=110&Type=search" }, "geometry": { "type": "Point", "coordinates": [ 140.391024726090563, 35.531522847230285 ] } },
{ "type": "Feature", "properties": { "内容": "マーチン介護サービス東金【訪問介護】千葉県東金市南上宿4-9", "url2": "https://www.kaigokensaku.mhlw.go.jp/12/index.php?action_kouhyou_detail_004_kani=true&JigyosyoCd=1271800276-00&ServiceCd=110&Type=search" }, "geometry": { "type": "Point", "coordinates": [ 140.36066305380325, 35.554921876001195 ] } },
{ "type": "Feature", "properties": { "内容": "ヤックスヘルパーステーション東金田間【訪問介護】千葉県東金市田間3-24-15", "url2": "https://www.kaigokensaku.mhlw.go.jp/12/index.php?action_kouhyou_detail_004_kani=true&JigyosyoCd=1271800623-00&ServiceCd=110&Type=search" }, "geometry": { "type": "Point", "coordinates": [ 140.373589041175052, 35.569040983949286 ] } },
{ "type": "Feature", "properties": { "内容": "指定訪問介護事業所白樺【訪問介護】千葉県東金市南上宿6-3", "url2": "https://www.kaigokensaku.mhlw.go.jp/12/index.php?action_kouhyou_detail_004_kani=true&JigyosyoCd=1271800466-00&ServiceCd=110&Type=search" }, "geometry": { "type": "Point", "coordinates": [ 140.362034699999981, 35.5553916 ] } },
{ "type": "Feature", "properties": { "内容": "桜【訪問介護】千葉県東金市東金1040FC東金303", "url2": "https://www.kaigokensaku.mhlw.go.jp/12/index.php?action_kouhyou_detail_004_kani=true&JigyosyoCd=1271801605-00&ServiceCd=110&Type=search" }, "geometry": { "type": "Point", "coordinates": [ 140.3653199, 35.5597298 ] } },
{ "type": "Feature", "properties": { "内容": "ケアほしの木【訪問介護】千葉県東金市御門72-5", "url2": "https://www.kaigokensaku.mhlw.go.jp/12/index.php?action_kouhyou_detail_004_kani=true&JigyosyoCd=1271801530-00&ServiceCd=110&Type=search" }, "geometry": { "type": "Point", "coordinates": [ 140.4200166, 35.5473931 ] } },
{ "type": "Feature", "properties": { "内容": "訪問介護ステーションゆうき【訪問介護】千葉県東金市台方214-16", "url2": "https://www.kaigokensaku.mhlw.go.jp/12/index.php?action_kouhyou_detail_004_kani=true&JigyosyoCd=1271801118-00&ServiceCd=110&Type=search" }, "geometry": { "type": "Point", "coordinates": [ 140.348155600000041, 35.554821899999986 ] } },
{ "type": "Feature", "properties": { "内容": "訪問介護啓星【訪問介護】千葉県東金市道庭７４８－１グランコート東金８０８", "url2": "https://www.kaigokensaku.mhlw.go.jp/12/index.php?action_kouhyou_detail_004_kani=true&JigyosyoCd=1271801704-00&ServiceCd=110&Type=search" }, "geometry": { "type": "Point", "coordinates": [ 140.394488599999988, 35.5777766 ] } },
{ "type": "Feature", "properties": { "内容": "訪問介護みつば【訪問介護】千葉県旭市三川6134-3グランボヌールＡ", "url2": "https://www.kaigokensaku.mhlw.go.jp/12/index.php?action_kouhyou_detail_004_kani=true&JigyosyoCd=1272001015-00&ServiceCd=110&Type=search" }, "geometry": { "type": "Point", "coordinates": [ 140.689166199999988, 35.70694 ] } },
{ "type": "Feature", "properties": { "内容": "ＪＡちばみどりケアセンター【訪問介護】千葉県旭市鎌数９４０８－４", "url2": "https://www.kaigokensaku.mhlw.go.jp/12/index.php?action_kouhyou_detail_004_kani=true&JigyosyoCd=1272000223-00&ServiceCd=110&Type=search" }, "geometry": { "type": "Point", "coordinates": [ 140.606500899999986, 35.7210832 ] } },
{ "type": "Feature", "properties": { "内容": "有限会社旭家政婦紹介所【訪問介護】千葉県旭市東足洗1352-2", "url2": "https://www.kaigokensaku.mhlw.go.jp/12/index.php?action_kouhyou_detail_004_kani=true&JigyosyoCd=1272000132-00&ServiceCd=110&Type=search" }, "geometry": { "type": "Point", "coordinates": [ 140.6830966, 35.714749 ] } },
{ "type": "Feature", "properties": { "内容": "恵天堂在宅介護サービス【訪問介護】千葉県旭市蛇園2532", "url2": "https://www.kaigokensaku.mhlw.go.jp/12/index.php?action_kouhyou_detail_004_kani=true&JigyosyoCd=1275400024-00&ServiceCd=110&Type=search" }, "geometry": { "type": "Point", "coordinates": [ 140.7040584, 35.7191268 ] } },
{ "type": "Feature", "properties": { "内容": "ヒバリの介護【訪問介護】千葉県旭市西足洗3321-3", "url2": "https://www.kaigokensaku.mhlw.go.jp/12/index.php?action_kouhyou_detail_004_kani=true&JigyosyoCd=1272000389-00&ServiceCd=110&Type=search" }, "geometry": { "type": "Point", "coordinates": [ 140.664677482278449, 35.711260811480855 ] } },
{ "type": "Feature", "properties": { "内容": "楽天堂ホームケア旭【訪問介護】千葉県旭市ロ865", "url2": "https://www.kaigokensaku.mhlw.go.jp/12/index.php?action_kouhyou_detail_004_kani=true&JigyosyoCd=1272000256-00&ServiceCd=110&Type=search" }, "geometry": { "type": "Point", "coordinates": [ 140.651145404157205, 35.719035799931959 ] } },
{ "type": "Feature", "properties": { "内容": "やすらぎ園ホームヘルプサービス【訪問介護】千葉県旭市イ３９２５番２", "url2": "https://www.kaigokensaku.mhlw.go.jp/12/index.php?action_kouhyou_detail_004_kani=true&JigyosyoCd=1272000058-00&ServiceCd=110&Type=search" }, "geometry": { "type": "Point", "coordinates": [ 140.672208100000034, 35.72613070000002 ] } },
{ "type": "Feature", "properties": { "内容": "みき介護サービス【訪問介護】千葉県旭市ニ5970番地45", "url2": "https://www.kaigokensaku.mhlw.go.jp/12/index.php?action_kouhyou_detail_004_kani=true&JigyosyoCd=1272000215-00&ServiceCd=110&Type=search" }, "geometry": { "type": "Point", "coordinates": [ 140.621469199999979, 35.718683699999985 ] } },
{ "type": "Feature", "properties": { "内容": "ニチイケアセンター旭中央【訪問介護】千葉県旭市イ1788-7加瀬コーポⅠ　1号室", "url2": "https://www.kaigokensaku.mhlw.go.jp/12/index.php?action_kouhyou_detail_004_kani=true&JigyosyoCd=1272000868-00&ServiceCd=110&Type=search" }, "geometry": { "type": "Point", "coordinates": [ 140.6599113, 35.7219841 ] } },
{ "type": "Feature", "properties": { "内容": "訪問介護ステーション輝【訪問介護】千葉県旭市ニ1834-1", "url2": "https://www.kaigokensaku.mhlw.go.jp/12/index.php?action_kouhyou_detail_004_kani=true&JigyosyoCd=1272000918-00&ServiceCd=110&Type=search" }, "geometry": { "type": "Point", "coordinates": [ 140.645674531561042, 35.722691127059008 ] } },
{ "type": "Feature", "properties": { "内容": "ロザリオ訪問介護事業所【訪問介護】千葉県旭市野中3820-12", "url2": "https://www.kaigokensaku.mhlw.go.jp/12/index.php?action_kouhyou_detail_004_kani=true&JigyosyoCd=1272000033-00&ServiceCd=110&Type=search" }, "geometry": { "type": "Point", "coordinates": [ 140.6826026, 35.7050946 ] } },
{ "type": "Feature", "properties": { "内容": "ケアサポート太陽【訪問介護】千葉県旭市見広５番地１", "url2": "https://www.kaigokensaku.mhlw.go.jp/12/index.php?action_kouhyou_detail_004_kani=true&JigyosyoCd=1272000546-00&ServiceCd=110&Type=search" }, "geometry": { "type": "Point", "coordinates": [ 140.694681100000054, 35.7334776 ] } },
{ "type": "Feature", "properties": { "内容": "あい支援センター【訪問介護】千葉県旭市三川4936", "url2": "https://www.kaigokensaku.mhlw.go.jp/12/index.php?action_kouhyou_detail_004_kani=true&JigyosyoCd=1272000355-00&ServiceCd=110&Type=search" }, "geometry": { "type": "Point", "coordinates": [ 140.707836300000054, 35.7042481 ] } },
{ "type": "Feature", "properties": { "内容": "ヤックスヘルパーステーション旭【訪問介護】千葉県旭市入野703-1ヤックスドラッグ旭入野店内", "url2": "https://www.kaigokensaku.mhlw.go.jp/12/index.php?action_kouhyou_detail_004_kani=true&JigyosyoCd=1272000231-00&ServiceCd=110&Type=search" }, "geometry": { "type": "Point", "coordinates": [ 140.626816599999984, 35.7663837 ] } },
{ "type": "Feature", "properties": { "内容": "指定訪問介護事業所なごやか【訪問介護】千葉県旭市三川字狢野15001番地2", "url2": "https://www.kaigokensaku.mhlw.go.jp/12/index.php?action_kouhyou_detail_004_kani=true&JigyosyoCd=1272000983-00&ServiceCd=110&Type=search" }, "geometry": { "type": "Point", "coordinates": [ 140.739756011749478, 35.734843946550079 ] } },
{ "type": "Feature", "properties": { "内容": "訪問介護みぎわ【訪問介護】千葉県旭市鎌数1932-1", "url2": "https://www.kaigokensaku.mhlw.go.jp/12/index.php?action_kouhyou_detail_004_kani=true&JigyosyoCd=1272001031-00&ServiceCd=110&Type=search" }, "geometry": { "type": "Point", "coordinates": [ 140.6249637, 35.7371126 ] } },
{ "type": "Feature", "properties": { "内容": "ひかり訪問介護【訪問介護】千葉県旭市琴田２８２１－４", "url2": "https://www.kaigokensaku.mhlw.go.jp/12/index.php?action_kouhyou_detail_004_kani=true&JigyosyoCd=1272000686-00&ServiceCd=110&Type=search" }, "geometry": { "type": "Point", "coordinates": [ 140.660044299999981, 35.738476 ] } },
{ "type": "Feature", "properties": { "内容": "ケアサービス津田沼【訪問介護】千葉県習志野市藤崎4-10-8", "url2": "https://www.kaigokensaku.mhlw.go.jp/12/index.php?action_kouhyou_detail_004_kani=true&JigyosyoCd=1272102474-00&ServiceCd=110&Type=search" }, "geometry": { "type": "Point", "coordinates": [ 140.0365327, 35.693559 ] } },
{ "type": "Feature", "properties": { "内容": "あじさい【訪問介護】千葉県習志野市東習志野5-33-12", "url2": "https://www.kaigokensaku.mhlw.go.jp/12/index.php?action_kouhyou_detail_004_kani=true&JigyosyoCd=1272101690-00&ServiceCd=110&Type=search" }, "geometry": { "type": "Point", "coordinates": [ 140.077809963194682, 35.696464546803767 ] } },
{ "type": "Feature", "properties": { "内容": "介護サービスステーションパーク【訪問介護】千葉県習志野市花咲1-7-15", "url2": "https://www.kaigokensaku.mhlw.go.jp/12/index.php?action_kouhyou_detail_004_kani=true&JigyosyoCd=1272100320-00&ServiceCd=110&Type=search" }, "geometry": { "type": "Point", "coordinates": [ 140.0445992, 35.678725 ] } },
{ "type": "Feature", "properties": { "内容": "ケアサービスまりも【訪問介護】千葉県習志野市大久保１－９－５ハイツケアンズ１０５号", "url2": "https://www.kaigokensaku.mhlw.go.jp/12/index.php?action_kouhyou_detail_004_kani=true&JigyosyoCd=1272101989-00&ServiceCd=110&Type=search" }, "geometry": { "type": "Point", "coordinates": [ 140.046964500000058, 35.6896743 ] } },
{ "type": "Feature", "properties": { "内容": "訪問介護事業所　きずな【訪問介護】千葉県習志野市実籾　２－１７－２３－２０１", "url2": "https://www.kaigokensaku.mhlw.go.jp/12/index.php?action_kouhyou_detail_004_kani=true&JigyosyoCd=1272101492-00&ServiceCd=110&Type=search" }, "geometry": { "type": "Point", "coordinates": [ 140.065327700000012, 35.6849802 ] } },
{ "type": "Feature", "properties": { "内容": "訪問介護事業所マリオステップ【訪問介護】千葉県習志野市大久保1-21-14ヴィラリッチ３０５", "url2": "https://www.kaigokensaku.mhlw.go.jp/12/index.php?action_kouhyou_detail_004_kani=true&JigyosyoCd=1272102532-00&ServiceCd=110&Type=search" }, "geometry": { "type": "Point", "coordinates": [ 140.0480848, 35.6866608 ] } },
{ "type": "Feature", "properties": { "内容": "ケアリッツ津田沼【訪問介護】千葉県習志野市津田沼2-2-22グリーンハイツ103", "url2": "https://www.kaigokensaku.mhlw.go.jp/12/index.php?action_kouhyou_detail_004_kani=true&JigyosyoCd=1272102508-00&ServiceCd=110&Type=search" }, "geometry": { "type": "Point", "coordinates": [ 140.0209911, 35.6852033 ] } },
{ "type": "Feature", "properties": { "内容": "マイプランならしの訪問介護事業所【訪問介護】千葉県習志野市屋敷1-1-1", "url2": "https://www.kaigokensaku.mhlw.go.jp/12/index.php?action_kouhyou_detail_004_kani=true&JigyosyoCd=1272101682-00&ServiceCd=110&Type=search" }, "geometry": { "type": "Point", "coordinates": [ 140.050986341573434, 35.67777008768261 ] } },
{ "type": "Feature", "properties": { "内容": "カイト訪問介護【訪問介護】千葉県習志野市津田沼1-2-19つるやビル5階", "url2": "https://www.kaigokensaku.mhlw.go.jp/12/index.php?action_kouhyou_detail_004_kani=true&JigyosyoCd=1272102185-00&ServiceCd=110&Type=search" }, "geometry": { "type": "Point", "coordinates": [ 140.0225953, 35.690586299999985 ] } },
{ "type": "Feature", "properties": { "内容": "エビスケアセンター津田沼【訪問介護】千葉県習志野市谷津4-6-33サン＆レイ2階", "url2": "https://www.kaigokensaku.mhlw.go.jp/12/index.php?action_kouhyou_detail_004_kani=true&JigyosyoCd=1272102003-00&ServiceCd=110&Type=search" }, "geometry": { "type": "Point", "coordinates": [ 140.006965372484842, 35.683845364086395 ] } },
{ "type": "Feature", "properties": { "内容": "ならしの地域福祉事業所　ぬくもり【訪問介護】千葉県習志野市実籾2‐10‐19", "url2": "https://www.kaigokensaku.mhlw.go.jp/12/index.php?action_kouhyou_detail_004_kani=true&JigyosyoCd=1272100114-00&ServiceCd=110&Type=search" }, "geometry": { "type": "Point", "coordinates": [ 140.067752499999983, 35.6848803 ] } },
{ "type": "Feature", "properties": { "内容": "ライフサポートかたつむり【訪問介護】千葉県習志野市津田沼4-10-32コーポマローネ201", "url2": "https://www.kaigokensaku.mhlw.go.jp/12/index.php?action_kouhyou_detail_004_kani=true&JigyosyoCd=1272100809-00&ServiceCd=110&Type=search" }, "geometry": { "type": "Point", "coordinates": [ 140.0233974, 35.6834266 ] } },
{ "type": "Feature", "properties": { "内容": "ひばりサービス習志野センター【訪問介護】千葉県習志野市本大久保5-1-3ＹＫマンション１階", "url2": "https://www.kaigokensaku.mhlw.go.jp/12/index.php?action_kouhyou_detail_004_kani=true&JigyosyoCd=1272102110-00&ServiceCd=110&Type=search" }, "geometry": { "type": "Point", "coordinates": [ 140.049552400000039, 35.685361100000016 ] } },
{ "type": "Feature", "properties": { "内容": "ハートケアスマイル【訪問介護】千葉県習志野市実籾4-40-10", "url2": "https://www.kaigokensaku.mhlw.go.jp/12/index.php?action_kouhyou_detail_004_kani=true&JigyosyoCd=1272101070-00&ServiceCd=110&Type=search" }, "geometry": { "type": "Point", "coordinates": [ 140.074871800000011, 35.6888954 ] } },
{ "type": "Feature", "properties": { "内容": "エルケア株式会社エルケア津田沼ケアセンター【訪問介護】千葉県習志野市津田沼6-2-19植田ビルＡ号室", "url2": "https://www.kaigokensaku.mhlw.go.jp/12/index.php?action_kouhyou_detail_004_kani=true&JigyosyoCd=1272101716-00&ServiceCd=110&Type=search" }, "geometry": { "type": "Point", "coordinates": [ 140.021304099999952, 35.677260500000017 ] } },
{ "type": "Feature", "properties": { "内容": "ニチイケアセンター習志野中央【訪問介護】千葉県習志野市本大久保5-2-3マノワール大久保", "url2": "https://www.kaigokensaku.mhlw.go.jp/12/index.php?action_kouhyou_detail_004_kani=true&JigyosyoCd=1272100619-00&ServiceCd=110&Type=search" }, "geometry": { "type": "Point", "coordinates": [ 140.050647305232133, 35.685535913668602 ] } },
{ "type": "Feature", "properties": { "内容": "クローバーケアステーション習志野【訪問介護】千葉県習志野市大久保3-11-22ルノールビル2F", "url2": "https://www.kaigokensaku.mhlw.go.jp/12/index.php?action_kouhyou_detail_004_kani=true&JigyosyoCd=1272102342-00&ServiceCd=110&Type=search" }, "geometry": { "type": "Point", "coordinates": [ 140.0499106, 35.6897326 ] } },
{ "type": "Feature", "properties": { "内容": "ヘルパーステーションゆずか【訪問介護】千葉県習志野市大久保1-26-26-101", "url2": "https://www.kaigokensaku.mhlw.go.jp/12/index.php?action_kouhyou_detail_004_kani=true&JigyosyoCd=1272101971-00&ServiceCd=110&Type=search" }, "geometry": { "type": "Point", "coordinates": [ 140.050070964279143, 35.687175308503619 ] } },
{ "type": "Feature", "properties": { "内容": "ニチイケアセンター津田沼中央【訪問介護】千葉県習志野市津田沼5-14-5大和ビル3階　308号室", "url2": "https://www.kaigokensaku.mhlw.go.jp/12/index.php?action_kouhyou_detail_004_kani=true&JigyosyoCd=1272102144-00&ServiceCd=110&Type=search" }, "geometry": { "type": "Point", "coordinates": [ 140.025640234215075, 35.681962404891678 ] } },
{ "type": "Feature", "properties": { "内容": "ファーストステージ　習志野【訪問介護】千葉県習志野市大久保2-17-17", "url2": "https://www.kaigokensaku.mhlw.go.jp/12/index.php?action_kouhyou_detail_004_kani=true&JigyosyoCd=1272101138-00&ServiceCd=110&Type=search" }, "geometry": { "type": "Point", "coordinates": [ 140.057566067797865, 35.687450364046377 ] } },
{ "type": "Feature", "properties": { "内容": "訪問介護ハピリ【訪問介護】千葉県習志野市香澄６－１５－１８", "url2": "https://www.kaigokensaku.mhlw.go.jp/12/index.php?action_kouhyou_detail_004_kani=true&JigyosyoCd=1272102235-00&ServiceCd=110&Type=search" }, "geometry": { "type": "Point", "coordinates": [ 140.0179432, 35.6670569 ] } },
{ "type": "Feature", "properties": { "内容": "メディケアふうせん【訪問介護】千葉県習志野市東習志野6-13-34ウイング習志野I-201", "url2": "https://www.kaigokensaku.mhlw.go.jp/12/index.php?action_kouhyou_detail_004_kani=true&JigyosyoCd=1272102615-00&ServiceCd=110&Type=search" }, "geometry": { "type": "Point", "coordinates": [ 140.063653799999969, 35.699971800000014 ] } },
{ "type": "Feature", "properties": { "内容": "リフィックス習志野【訪問介護】千葉県習志野市谷津5丁目4－7ファースト谷津ハイツ1号棟307号室", "url2": "https://www.kaigokensaku.mhlw.go.jp/12/index.php?action_kouhyou_detail_004_kani=true&JigyosyoCd=1272102516-00&ServiceCd=110&Type=search" }, "geometry": { "type": "Point", "coordinates": [ 140.007758, 35.6854454 ] } },
{ "type": "Feature", "properties": { "内容": "白鷺園訪問介護事業所【訪問介護】千葉県習志野市鷺沼3-6-44", "url2": "https://www.kaigokensaku.mhlw.go.jp/12/index.php?action_kouhyou_detail_004_kani=true&JigyosyoCd=1272100965-00&ServiceCd=110&Type=search" }, "geometry": { "type": "Point", "coordinates": [ 140.028636799999958, 35.6768886 ] } },
{ "type": "Feature", "properties": { "内容": "SOMPOケア習志野大久保訪問介護【訪問介護】千葉県習志野市大久保2-7-28MST習志野3階", "url2": "https://www.kaigokensaku.mhlw.go.jp/12/index.php?action_kouhyou_detail_004_kani=true&JigyosyoCd=1272102086-00&ServiceCd=110&Type=search" }, "geometry": { "type": "Point", "coordinates": [ 140.050991238171406, 35.686489092648848 ] } },
{ "type": "Feature", "properties": { "内容": "ミモザヘルパーステーション習志野実籾【訪問介護】千葉県習志野市実籾5丁目19－22１F", "url2": "https://www.kaigokensaku.mhlw.go.jp/12/index.php?action_kouhyou_detail_004_kani=true&JigyosyoCd=1272102300-00&ServiceCd=110&Type=search" }, "geometry": { "type": "Point", "coordinates": [ 140.067710854369892, 35.690921959472 ] } },
{ "type": "Feature", "properties": { "内容": "ケアリッツ実籾【訪問介護】千葉県習志野市実籾4-9-22ケイエムハイツB棟102", "url2": "https://www.kaigokensaku.mhlw.go.jp/12/index.php?action_kouhyou_detail_004_kani=true&JigyosyoCd=1272102623-00&ServiceCd=110&Type=search" }, "geometry": { "type": "Point", "coordinates": [ 140.0701015, 35.6893955 ] } },
{ "type": "Feature", "properties": { "内容": "訪問介護事業所ヒュマリエ【訪問介護】千葉県習志野市谷津2-18-4112", "url2": "https://www.kaigokensaku.mhlw.go.jp/12/index.php?action_kouhyou_detail_004_kani=true&JigyosyoCd=1272102664-00&ServiceCd=110&Type=search" }, "geometry": { "type": "Point", "coordinates": [ 140.0136724, 35.6806236 ] } },
{ "type": "Feature", "properties": { "内容": "四季の丘訪問介護サービス【訪問介護】千葉県柏市豊四季945-81四季の丘住宅　104号", "url2": "https://www.kaigokensaku.mhlw.go.jp/12/index.php?action_kouhyou_detail_004_kani=true&JigyosyoCd=1272204072-00&ServiceCd=110&Type=search" }, "geometry": { "type": "Point", "coordinates": [ 139.9418872, 35.857427 ] } },
{ "type": "Feature", "properties": { "内容": "ここら【訪問介護】千葉県柏市逆井４丁目２５－１", "url2": "https://www.kaigokensaku.mhlw.go.jp/12/index.php?action_kouhyou_detail_004_kani=true&JigyosyoCd=1272207497-00&ServiceCd=110&Type=search" }, "geometry": { "type": "Point", "coordinates": [ 139.981455899999986, 35.8220334 ] } },
{ "type": "Feature", "properties": { "内容": "イノセント南柏ヘルパーステーション【訪問介護】千葉県柏市豊町2-2-41", "url2": "https://www.kaigokensaku.mhlw.go.jp/12/index.php?action_kouhyou_detail_004_kani=true&JigyosyoCd=1272207588-00&ServiceCd=110&Type=search" }, "geometry": { "type": "Point", "coordinates": [ 139.9590437, 35.8495789 ] } },
{ "type": "Feature", "properties": { "内容": "訪問介護ステーション寅じろう【訪問介護】千葉県柏市柏964-12", "url2": "https://www.kaigokensaku.mhlw.go.jp/12/index.php?action_kouhyou_detail_004_kani=true&JigyosyoCd=1272204775-00&ServiceCd=110&Type=search" }, "geometry": { "type": "Point", "coordinates": [ 139.986152798808206, 35.86308986672465 ] } },
{ "type": "Feature", "properties": { "内容": "プラチナ・訪問介護ステーション旭【訪問介護】千葉県柏市旭町８－２－３０", "url2": "https://www.kaigokensaku.mhlw.go.jp/12/index.php?action_kouhyou_detail_004_kani=true&JigyosyoCd=1272203355-00&ServiceCd=110&Type=search" }, "geometry": { "type": "Point", "coordinates": [ 139.95409989999996, 35.8619961 ] } },
{ "type": "Feature", "properties": { "内容": "めいと柏訪問介護事業所【訪問介護】千葉県柏市柏294-1めいとケア柏2号館", "url2": "https://www.kaigokensaku.mhlw.go.jp/12/index.php?action_kouhyou_detail_004_kani=true&JigyosyoCd=1272206267-00&ServiceCd=110&Type=search" }, "geometry": { "type": "Point", "coordinates": [ 139.978850599999987, 35.8750631 ] } },
{ "type": "Feature", "properties": { "内容": "もも太郎訪問介護ステーション【訪問介護】柏市根戸高野台471-3-101", "url2": "https://www.kaigokensaku.mhlw.go.jp/12/index.php?action_kouhyou_detail_004_kani=true&JigyosyoCd=1272201235-00&ServiceCd=110&Type=search" }, "geometry": { "type": "Point", "coordinates": [ 139.9862042, 35.8822399 ] } },
{ "type": "Feature", "properties": { "内容": "土屋訪問介護事業所柏東センター【訪問介護】千葉県柏市桜台1‐1サクラヒルズ302", "url2": "https://www.kaigokensaku.mhlw.go.jp/12/index.php?action_kouhyou_detail_004_kani=true&JigyosyoCd=1272207760-00&ServiceCd=110&Type=search" }, "geometry": { "type": "Point", "coordinates": [ 139.9796907, 35.8585761 ] } },
{ "type": "Feature", "properties": { "内容": "イリーゼかしわ豊四季訪問介護センター【訪問介護】千葉県柏市旭町4-11-3", "url2": "https://www.kaigokensaku.mhlw.go.jp/12/index.php?action_kouhyou_detail_004_kani=true&JigyosyoCd=1272203819-00&ServiceCd=110&Type=search" }, "geometry": { "type": "Point", "coordinates": [ 139.962243599999965, 35.8588774 ] } },
{ "type": "Feature", "properties": { "内容": "アプリシェイト訪問介護ステーション【訪問介護】千葉県柏市高柳1460-1フラットワン　A号室", "url2": "https://www.kaigokensaku.mhlw.go.jp/12/index.php?action_kouhyou_detail_004_kani=true&JigyosyoCd=1272204254-00&ServiceCd=110&Type=search" }, "geometry": { "type": "Point", "coordinates": [ 139.953239400000029, 35.8445076 ] } },
{ "type": "Feature", "properties": { "内容": "訪問介護レリーフ【訪問介護】千葉県柏市豊四季台１－３－１", "url2": "https://www.kaigokensaku.mhlw.go.jp/12/index.php?action_kouhyou_detail_004_kani=true&JigyosyoCd=1272204692-00&ServiceCd=110&Type=search" }, "geometry": { "type": "Point", "coordinates": [ 139.959141300000027, 35.8675374 ] } },
{ "type": "Feature", "properties": { "内容": "アクセス訪問介護ステーション【訪問介護】千葉県柏市大井768-1シティパル201号", "url2": "https://www.kaigokensaku.mhlw.go.jp/12/index.php?action_kouhyou_detail_004_kani=true&JigyosyoCd=1272206408-00&ServiceCd=110&Type=search" }, "geometry": { "type": "Point", "coordinates": [ 140.0035479, 35.846585599999983 ] } },
{ "type": "Feature", "properties": { "内容": "訪問介護トナカイ【訪問介護】千葉県柏市高田508-1", "url2": "https://www.kaigokensaku.mhlw.go.jp/12/index.php?action_kouhyou_detail_004_kani=true&JigyosyoCd=1272206259-00&ServiceCd=110&Type=search" }, "geometry": { "type": "Point", "coordinates": [ 139.953508221263547, 35.876131812410001 ] } },
{ "type": "Feature", "properties": { "内容": "ほほえみ訪問介護事業所【訪問介護】千葉県柏市高柳新田２－３６", "url2": "https://www.kaigokensaku.mhlw.go.jp/12/index.php?action_kouhyou_detail_004_kani=true&JigyosyoCd=1272203041-00&ServiceCd=110&Type=search" }, "geometry": { "type": "Point", "coordinates": [ 139.992451964942916, 35.809283757887073 ] } },
{ "type": "Feature", "properties": { "内容": "イリーゼ柏しいの木台訪問介護センター【訪問介護】千葉県柏市しいの木台4-28-2", "url2": "https://www.kaigokensaku.mhlw.go.jp/12/index.php?action_kouhyou_detail_004_kani=true&JigyosyoCd=1272203496-00&ServiceCd=110&Type=search" }, "geometry": { "type": "Point", "coordinates": [ 139.977660640878867, 35.802892998771057 ] } },
{ "type": "Feature", "properties": { "内容": "訪問介護　あしあと【訪問介護】千葉県柏市豊町2-2-4ｼｬﾝｳﾞｪｰﾙ柏102", "url2": "https://www.kaigokensaku.mhlw.go.jp/12/index.php?action_kouhyou_detail_004_kani=true&JigyosyoCd=1272206390-00&ServiceCd=110&Type=search" }, "geometry": { "type": "Point", "coordinates": [ 139.959663500000033, 35.8493929 ] } },
{ "type": "Feature", "properties": { "内容": "ペッティ訪問介護ステーション　柏【訪問介護】千葉県柏市みどり台1丁目14-5", "url2": "https://www.kaigokensaku.mhlw.go.jp/12/index.php?action_kouhyou_detail_004_kani=true&JigyosyoCd=1272208016-00&ServiceCd=110&Type=search" }, "geometry": { "type": "Point", "coordinates": [ 139.9208433, 35.9025291 ] } },
{ "type": "Feature", "properties": { "内容": "サンウェルズ南柏ヘルパーステーション【訪問介護】千葉県柏市豊四季695-138", "url2": "https://www.kaigokensaku.mhlw.go.jp/12/index.php?action_kouhyou_detail_004_kani=true&JigyosyoCd=1272208024-00&ServiceCd=110&Type=search" }, "geometry": { "type": "Point", "coordinates": [ 139.9613348, 35.8467429 ] } },
{ "type": "Feature", "properties": { "内容": "生活クラブ風の村介護ステーション光ヶ丘【訪問介護】千葉県柏市東中新宿４－５－１2", "url2": "https://www.kaigokensaku.mhlw.go.jp/12/index.php?action_kouhyou_detail_004_kani=true&JigyosyoCd=1272202944-00&ServiceCd=110&Type=search" }, "geometry": { "type": "Point", "coordinates": [ 139.961000199999944, 35.830920900000017 ] } },
{ "type": "Feature", "properties": { "内容": "介護クラーク柏南増尾【訪問介護】千葉県柏市南増尾1丁目14番11号", "url2": "https://www.kaigokensaku.mhlw.go.jp/12/index.php?action_kouhyou_detail_004_kani=true&JigyosyoCd=1272207034-00&ServiceCd=110&Type=search" }, "geometry": { "type": "Point", "coordinates": [ 139.971541300000013, 35.8181697 ] } },
{ "type": "Feature", "properties": { "内容": "木下の介護南柏【訪問介護】千葉県柏市今谷上町51-2リアンレーヴ南柏", "url2": "https://www.kaigokensaku.mhlw.go.jp/12/index.php?action_kouhyou_detail_004_kani=true&JigyosyoCd=1272205921-00&ServiceCd=110&Type=search" }, "geometry": { "type": "Point", "coordinates": [ 139.958600499999989, 35.8395458 ] } },
{ "type": "Feature", "properties": { "内容": "めいと北柏訪問介護事業所【訪問介護】千葉県柏市北柏3-6-12", "url2": "https://www.kaigokensaku.mhlw.go.jp/12/index.php?action_kouhyou_detail_004_kani=true&JigyosyoCd=1272207463-00&ServiceCd=110&Type=search" }, "geometry": { "type": "Point", "coordinates": [ 139.9874529, 35.873718 ] } },
{ "type": "Feature", "properties": { "内容": "訪問介護ステーション　和気あいあい【訪問介護】千葉県柏市松葉町３−２４ー７", "url2": "https://www.kaigokensaku.mhlw.go.jp/12/index.php?action_kouhyou_detail_004_kani=true&JigyosyoCd=1272206861-00&ServiceCd=110&Type=search" }, "geometry": { "type": "Point", "coordinates": [ 139.9661629, 35.8864644 ] } },
{ "type": "Feature", "properties": { "内容": "ララ介護ステーション【訪問介護】千葉県柏市あけぼの1-8-16103号室　フレグランスあけぼの", "url2": "https://www.kaigokensaku.mhlw.go.jp/12/index.php?action_kouhyou_detail_004_kani=true&JigyosyoCd=1272207950-00&ServiceCd=110&Type=search" }, "geometry": { "type": "Point", "coordinates": [ 139.973365300000012, 35.866137100000024 ] } },
{ "type": "Feature", "properties": { "内容": "みつばちケアホーム【訪問介護】千葉県柏市篠籠田1422‐34号室", "url2": "https://www.kaigokensaku.mhlw.go.jp/12/index.php?action_kouhyou_detail_004_kani=true&JigyosyoCd=1272207414-00&ServiceCd=110&Type=search" }, "geometry": { "type": "Point", "coordinates": [ 139.943188480283112, 35.870650471635166 ] } },
{ "type": "Feature", "properties": { "内容": "たへい訪問介護ステーション【訪問介護】千葉県柏市花野井１４１３", "url2": "https://www.kaigokensaku.mhlw.go.jp/12/index.php?action_kouhyou_detail_004_kani=true&JigyosyoCd=1272203199-00&ServiceCd=110&Type=search" }, "geometry": { "type": "Point", "coordinates": [ 139.979831861376994, 35.896525611902113 ] } },
{ "type": "Feature", "properties": { "内容": "リルセーヌ柏の葉訪問介護事業所【訪問介護】千葉県柏市若柴264番地1デュオセーヌ柏の葉キャンパス1階", "url2": "https://www.kaigokensaku.mhlw.go.jp/12/index.php?action_kouhyou_detail_004_kani=true&JigyosyoCd=1272206564-00&ServiceCd=110&Type=search" }, "geometry": { "type": "Point", "coordinates": [ 139.950937685458371, 35.891902271620204 ] } },
{ "type": "Feature", "properties": { "内容": "ドット３６５柏（訪問介護）【訪問介護】千葉県柏市松葉町7-14-1北柏グリーンビル201号", "url2": "https://www.kaigokensaku.mhlw.go.jp/12/index.php?action_kouhyou_detail_004_kani=true&JigyosyoCd=1272207349-00&ServiceCd=110&Type=search" }, "geometry": { "type": "Point", "coordinates": [ 139.9648707, 35.8877145 ] } },
{ "type": "Feature", "properties": { "内容": "ひばりサービス増尾センター【訪問介護】千葉県柏市増尾台1-12-6増尾台Kビル2F", "url2": "https://www.kaigokensaku.mhlw.go.jp/12/index.php?action_kouhyou_detail_004_kani=true&JigyosyoCd=1272206606-00&ServiceCd=110&Type=search" }, "geometry": { "type": "Point", "coordinates": [ 139.97681190000003, 35.8287086 ] } },
{ "type": "Feature", "properties": { "内容": "花いちりん東葛北【訪問介護】千葉県柏市あけぼの1－1－24山澤マンション206号", "url2": "https://www.kaigokensaku.mhlw.go.jp/12/index.php?action_kouhyou_detail_004_kani=true&JigyosyoCd=1272201334-00&ServiceCd=110&Type=search" }, "geometry": { "type": "Point", "coordinates": [ 139.970039600000064, 35.8656453 ] } },
{ "type": "Feature", "properties": { "内容": "ニチイケアセンター逆井【訪問介護】千葉県柏市逆井２－２－８ダイヤハイツ１０３号", "url2": "https://www.kaigokensaku.mhlw.go.jp/12/index.php?action_kouhyou_detail_004_kani=true&JigyosyoCd=1272201995-00&ServiceCd=110&Type=search" }, "geometry": { "type": "Point", "coordinates": [ 139.981941799999959, 35.8232178 ] } },
{ "type": "Feature", "properties": { "内容": "ニチイケアセンター南柏中央【訪問介護】千葉県柏市今谷上町41-72柏南ハイツ101", "url2": "https://www.kaigokensaku.mhlw.go.jp/12/index.php?action_kouhyou_detail_004_kani=true&JigyosyoCd=1272206846-00&ServiceCd=110&Type=search" }, "geometry": { "type": "Point", "coordinates": [ 139.957618899999972, 35.8393516 ] } },
{ "type": "Feature", "properties": { "内容": "ニチイケアセンター柏【訪問介護】千葉県柏市新柏1-13-9ケアプラザ柏内", "url2": "https://www.kaigokensaku.mhlw.go.jp/12/index.php?action_kouhyou_detail_004_kani=true&JigyosyoCd=1272200021-00&ServiceCd=110&Type=search" }, "geometry": { "type": "Point", "coordinates": [ 139.967804500000057, 35.8400752 ] } },
{ "type": "Feature", "properties": { "内容": "ニチイケアセンター柏東【訪問介護】千葉県柏市中央町５－１６穂高第２ブラザース柏３０１", "url2": "https://www.kaigokensaku.mhlw.go.jp/12/index.php?action_kouhyou_detail_004_kani=true&JigyosyoCd=1272206804-00&ServiceCd=110&Type=search" }, "geometry": { "type": "Point", "coordinates": [ 139.971422, 35.8585756 ] } },
{ "type": "Feature", "properties": { "内容": "ニチイケアセンター北柏【訪問介護】千葉県柏市松葉町7丁目１４－５メゾンエスポワール松葉１０４", "url2": "https://www.kaigokensaku.mhlw.go.jp/12/index.php?action_kouhyou_detail_004_kani=true&JigyosyoCd=1272206838-00&ServiceCd=110&Type=search" }, "geometry": { "type": "Point", "coordinates": [ 139.964129399999962, 35.8883688 ] } },
{ "type": "Feature", "properties": { "内容": "ミアヘルサホームヘルプ柏あけぼの【訪問介護】千葉県柏市あけぼの4-3-24", "url2": "https://www.kaigokensaku.mhlw.go.jp/12/index.php?action_kouhyou_detail_004_kani=true&JigyosyoCd=1272205012-00&ServiceCd=110&Type=search" }, "geometry": { "type": "Point", "coordinates": [ 139.970792599999982, 35.8670985 ] } },
{ "type": "Feature", "properties": { "内容": "オレンジヘルパーステーション【訪問介護】千葉県柏市柏１０２０－１３", "url2": "https://www.kaigokensaku.mhlw.go.jp/12/index.php?action_kouhyou_detail_004_kani=true&JigyosyoCd=1272204973-00&ServiceCd=110&Type=search" }, "geometry": { "type": "Point", "coordinates": [ 139.983981500000027, 35.863709300000011 ] } },
{ "type": "Feature", "properties": { "内容": "セントケア柏【訪問介護】千葉県柏市柏4-6-12渋谷ビル２０１号", "url2": "https://www.kaigokensaku.mhlw.go.jp/12/index.php?action_kouhyou_detail_004_kani=true&JigyosyoCd=1272202696-00&ServiceCd=110&Type=search" }, "geometry": { "type": "Point", "coordinates": [ 139.975178096295167, 35.859281719897602 ] } },
{ "type": "Feature", "properties": { "内容": "やさしい手新柏訪問介護事業所【訪問介護】千葉県柏市豊住1丁目3‐25センチュリーテラス新柏1階", "url2": "https://www.kaigokensaku.mhlw.go.jp/12/index.php?action_kouhyou_detail_004_kani=true&JigyosyoCd=1272204478-00&ServiceCd=110&Type=search" }, "geometry": { "type": "Point", "coordinates": [ 139.960855300000048, 35.8398335 ] } },
{ "type": "Feature", "properties": { "内容": "株式会社ハート＆ハート【訪問介護】千葉県柏市豊四季61番地", "url2": "https://www.kaigokensaku.mhlw.go.jp/12/index.php?action_kouhyou_detail_004_kani=true&JigyosyoCd=1272203520-00&ServiceCd=110&Type=search" }, "geometry": { "type": "Point", "coordinates": [ 139.933158517196716, 35.865841354824568 ] } },
{ "type": "Feature", "properties": { "内容": "やさしい手柏たなか訪問介護事業所【訪問介護】千葉県柏市大室3-17-1ディーフェスタ柏たなか1階", "url2": "https://www.kaigokensaku.mhlw.go.jp/12/index.php?action_kouhyou_detail_004_kani=true&JigyosyoCd=1272207273-00&ServiceCd=110&Type=search" }, "geometry": { "type": "Point", "coordinates": [ 139.9621505, 35.9088299 ] } },
{ "type": "Feature", "properties": { "内容": "麗しの杜光ヶ丘ヘルパーステーション【訪問介護】千葉県柏市光ヶ丘2丁目1番1号麗しの杜光ヶ丘", "url2": "https://www.kaigokensaku.mhlw.go.jp/12/index.php?action_kouhyou_detail_004_kani=true&JigyosyoCd=1272205319-00&ServiceCd=110&Type=search" }, "geometry": { "type": "Point", "coordinates": [ 139.955530906359826, 35.829747712228865 ] } },
{ "type": "Feature", "properties": { "内容": "チャオ・アミーゴ柏【訪問介護】千葉県柏市旭町1-2-8ネモト第三ビル３０１", "url2": "https://www.kaigokensaku.mhlw.go.jp/12/index.php?action_kouhyou_detail_004_kani=true&JigyosyoCd=1272207174-00&ServiceCd=110&Type=search" }, "geometry": { "type": "Point", "coordinates": [ 139.9681032, 35.863126600000015 ] } },
{ "type": "Feature", "properties": { "内容": "ベルケア【訪問介護】千葉県柏市松葉町3-15-9", "url2": "https://www.kaigokensaku.mhlw.go.jp/12/index.php?action_kouhyou_detail_004_kani=true&JigyosyoCd=1272207315-00&ServiceCd=110&Type=search" }, "geometry": { "type": "Point", "coordinates": [ 139.9687649, 35.8875529 ] } },
{ "type": "Feature", "properties": { "内容": "介護事業所みっれ　柏【訪問介護】千葉県柏市中央町5-21穂高第1ブラザーズ柏801号室", "url2": "https://www.kaigokensaku.mhlw.go.jp/12/index.php?action_kouhyou_detail_004_kani=true&JigyosyoCd=1272207786-00&ServiceCd=110&Type=search" }, "geometry": { "type": "Point", "coordinates": [ 139.9719218, 35.8590449 ] } },
{ "type": "Feature", "properties": { "内容": "東京海上日動みずたま介護ＳＴ柏【訪問介護】千葉県柏市あけぼの2-1-29オーキッドコート２階B", "url2": "https://www.kaigokensaku.mhlw.go.jp/12/index.php?action_kouhyou_detail_004_kani=true&JigyosyoCd=1272205715-00&ServiceCd=110&Type=search" }, "geometry": { "type": "Point", "coordinates": [ 139.972631293295876, 35.867908298932754 ] } },
{ "type": "Feature", "properties": { "内容": "東京海上日動みずたま介護ＳＴ柏南【訪問介護】千葉県柏市加賀３丁目２４番地６号伊藤ビル３階Ｂ棟", "url2": "https://www.kaigokensaku.mhlw.go.jp/12/index.php?action_kouhyou_detail_004_kani=true&JigyosyoCd=1272205723-00&ServiceCd=110&Type=search" }, "geometry": { "type": "Point", "coordinates": [ 139.976473400000032, 35.8289463 ] } },
{ "type": "Feature", "properties": { "内容": "合同会社柏介護ビレジ【訪問介護】千葉県柏市花野井１８７２－２３８", "url2": "https://www.kaigokensaku.mhlw.go.jp/12/index.php?action_kouhyou_detail_004_kani=true&JigyosyoCd=1272207133-00&ServiceCd=110&Type=search" }, "geometry": { "type": "Point", "coordinates": [ 139.97450760000001, 35.9020637 ] } },
{ "type": "Feature", "properties": { "内容": "秋桜ヴィレッジ北柏訪問介護事業所【訪問介護】千葉県柏市松ケ崎365-27", "url2": "https://www.kaigokensaku.mhlw.go.jp/12/index.php?action_kouhyou_detail_004_kani=true&JigyosyoCd=1272207067-00&ServiceCd=110&Type=search" }, "geometry": { "type": "Point", "coordinates": [ 139.980799600000012, 35.882541 ] } },
{ "type": "Feature", "properties": { "内容": "訪問介護事業所がじゅまる【訪問介護】千葉県柏市つくしが丘2-9-16", "url2": "https://www.kaigokensaku.mhlw.go.jp/12/index.php?action_kouhyou_detail_004_kani=true&JigyosyoCd=1272207323-00&ServiceCd=110&Type=search" }, "geometry": { "type": "Point", "coordinates": [ 139.964061998728852, 35.835155939220279 ] } },
{ "type": "Feature", "properties": { "内容": "ケアパートナー柏・ヘルパーステーション【訪問介護】千葉県柏市明原1-1-5　301", "url2": "https://www.kaigokensaku.mhlw.go.jp/12/index.php?action_kouhyou_detail_004_kani=true&JigyosyoCd=1272205178-00&ServiceCd=110&Type=search" }, "geometry": { "type": "Point", "coordinates": [ 139.967163989808768, 35.863822772618086 ] } },
{ "type": "Feature", "properties": { "内容": "ベストリハ訪問介護ステーション柏たなか【訪問介護】千葉県柏市大室3丁目16-16シクレッツァカーサKT303", "url2": "https://www.kaigokensaku.mhlw.go.jp/12/index.php?action_kouhyou_detail_004_kani=true&JigyosyoCd=1272208040-00&ServiceCd=110&Type=search" }, "geometry": { "type": "Point", "coordinates": [ 139.962061, 35.909907100000019 ] } },
{ "type": "Feature", "properties": { "内容": "訪問介護ひなた【訪問介護】千葉県柏市加賀3丁目23番10号富士ビル3階", "url2": "https://www.kaigokensaku.mhlw.go.jp/12/index.php?action_kouhyou_detail_004_kani=true&JigyosyoCd=1272206697-00&ServiceCd=110&Type=search" }, "geometry": { "type": "Point", "coordinates": [ 139.976416200000017, 35.8296677 ] } },
{ "type": "Feature", "properties": { "内容": "さわやかケア柏・訪問介護【訪問介護】千葉県柏市若葉町5-3高倉ビル102", "url2": "https://www.kaigokensaku.mhlw.go.jp/12/index.php?action_kouhyou_detail_004_kani=true&JigyosyoCd=1272202324-00&ServiceCd=110&Type=search" }, "geometry": { "type": "Point", "coordinates": [ 139.970818899999983, 35.854411499999983 ] } },
{ "type": "Feature", "properties": { "内容": "ニチイケアセンター柏中央【訪問介護】千葉県柏市明原1-8-22JMR柏ビル4階", "url2": "https://www.kaigokensaku.mhlw.go.jp/12/index.php?action_kouhyou_detail_004_kani=true&JigyosyoCd=1272201409-00&ServiceCd=110&Type=search" }, "geometry": { "type": "Point", "coordinates": [ 139.96709450000003, 35.8625879 ] } },
{ "type": "Feature", "properties": { "内容": "ＳＯＭＰＯケア柏青葉台訪問介護【訪問介護】千葉県柏市青葉台2-16-15そんぽの家Ｓ柏青葉台", "url2": "https://www.kaigokensaku.mhlw.go.jp/12/index.php?action_kouhyou_detail_004_kani=true&JigyosyoCd=1272203611-00&ServiceCd=110&Type=search" }, "geometry": { "type": "Point", "coordinates": [ 139.957510253967286, 35.81282205578848 ] } },
{ "type": "Feature", "properties": { "内容": "藤の台訪問介護ステーション【訪問介護】千葉県柏市逆井藤ノ台29-13シャルムサンサーラ202", "url2": "https://www.kaigokensaku.mhlw.go.jp/12/index.php?action_kouhyou_detail_004_kani=true&JigyosyoCd=1272202043-00&ServiceCd=110&Type=search" }, "geometry": { "type": "Point", "coordinates": [ 139.986527669766929, 35.822648211629499 ] } },
{ "type": "Feature", "properties": { "内容": "めいと南柏訪問介護事業所【訪問介護】千葉県柏市今谷南町4-19", "url2": "https://www.kaigokensaku.mhlw.go.jp/12/index.php?action_kouhyou_detail_004_kani=true&JigyosyoCd=1272206515-00&ServiceCd=110&Type=search" }, "geometry": { "type": "Point", "coordinates": [ 139.9583601, 35.835863 ] } },
{ "type": "Feature", "properties": { "内容": "ケアサポート24柏の葉【訪問介護】千葉県柏市十余二409番地82エルバ柏の葉", "url2": "https://www.kaigokensaku.mhlw.go.jp/12/index.php?action_kouhyou_detail_004_kani=true&JigyosyoCd=1272206473-00&ServiceCd=110&Type=search" }, "geometry": { "type": "Point", "coordinates": [ 139.944721800000025, 35.888286 ] } },
{ "type": "Feature", "properties": { "内容": "指定居宅支援事業れいじ～【訪問介護】千葉県柏市加賀３－１９－１８", "url2": "https://www.kaigokensaku.mhlw.go.jp/12/index.php?action_kouhyou_detail_004_kani=true&JigyosyoCd=1272206374-00&ServiceCd=110&Type=search" }, "geometry": { "type": "Point", "coordinates": [ 139.975090367459075, 35.830765425780584 ] } },
{ "type": "Feature", "properties": { "内容": "プリオ訪問介護ステーションかしわ【訪問介護】千葉県柏市あけぼの３-８-１９", "url2": "https://www.kaigokensaku.mhlw.go.jp/12/index.php?action_kouhyou_detail_004_kani=true&JigyosyoCd=1272205392-00&ServiceCd=110&Type=search" }, "geometry": { "type": "Point", "coordinates": [ 139.970984199999947, 35.8703813 ] } },
{ "type": "Feature", "properties": { "内容": "医心館訪問介護ステーション柏【訪問介護】千葉県柏市中央1丁目6番2-2号", "url2": "https://www.kaigokensaku.mhlw.go.jp/12/index.php?action_kouhyou_detail_004_kani=true&JigyosyoCd=1272207257-00&ServiceCd=110&Type=search" }, "geometry": { "type": "Point", "coordinates": [ 139.9713219, 35.8580157 ] } },
{ "type": "Feature", "properties": { "内容": "ぞうさん訪問介護ステーション柏【訪問介護】千葉県柏市北柏1-1-1-2FVERDEGRANDE", "url2": "https://www.kaigokensaku.mhlw.go.jp/12/index.php?action_kouhyou_detail_004_kani=true&JigyosyoCd=1272207604-00&ServiceCd=110&Type=search" }, "geometry": { "type": "Point", "coordinates": [ 139.9876132, 35.8753599 ] } },
{ "type": "Feature", "properties": { "内容": "訪問介護ラフターライフ【訪問介護】千葉県柏市南柏1-5-18染谷ビル1F", "url2": "https://www.kaigokensaku.mhlw.go.jp/12/index.php?action_kouhyou_detail_004_kani=true&JigyosyoCd=1272207521-00&ServiceCd=110&Type=search" }, "geometry": { "type": "Point", "coordinates": [ 139.953138700000011, 35.8447591 ] } },
{ "type": "Feature", "properties": { "内容": "エンゼル・サービス【訪問介護】千葉県柏市中央町１－１", "url2": "https://www.kaigokensaku.mhlw.go.jp/12/index.php?action_kouhyou_detail_004_kani=true&JigyosyoCd=1272200351-00&ServiceCd=110&Type=search" }, "geometry": { "type": "Point", "coordinates": [ 139.972464800000012, 35.859497 ] } },
{ "type": "Feature", "properties": { "内容": "ひかり隣保館訪問介護事業所【訪問介護】千葉県柏市十余二175-42", "url2": "https://www.kaigokensaku.mhlw.go.jp/12/index.php?action_kouhyou_detail_004_kani=true&JigyosyoCd=1272202449-00&ServiceCd=110&Type=search" }, "geometry": { "type": "Point", "coordinates": [ 139.940408849521191, 35.88831692374454 ] } },
{ "type": "Feature", "properties": { "内容": "訪問介護ステーション星の子【訪問介護】千葉県柏市松ヶ崎239-1", "url2": "https://www.kaigokensaku.mhlw.go.jp/12/index.php?action_kouhyou_detail_004_kani=true&JigyosyoCd=1272202811-00&ServiceCd=110&Type=search" }, "geometry": { "type": "Point", "coordinates": [ 139.976360900000032, 35.8845376 ] } },
{ "type": "Feature", "properties": { "内容": "ケアホーム柏ヘルパーセンター【訪問介護】千葉県柏市富里2-3-26", "url2": "https://www.kaigokensaku.mhlw.go.jp/12/index.php?action_kouhyou_detail_004_kani=true&JigyosyoCd=1272205491-00&ServiceCd=110&Type=search" }, "geometry": { "type": "Point", "coordinates": [ 139.965106649329272, 35.85265041959623 ] } },
{ "type": "Feature", "properties": { "内容": "訪問介護ステーションかなで【訪問介護】千葉県柏市明原1－3－4染谷店舗A棟102号", "url2": "https://www.kaigokensaku.mhlw.go.jp/12/index.php?action_kouhyou_detail_004_kani=true&JigyosyoCd=1272205798-00&ServiceCd=110&Type=search" }, "geometry": { "type": "Point", "coordinates": [ 139.9653797, 35.86510250000002 ] } },
{ "type": "Feature", "properties": { "内容": "トータルサポート優【訪問介護】千葉県柏市南増尾７－４－２０コーポ北陵Ａ－１０２", "url2": "https://www.kaigokensaku.mhlw.go.jp/12/index.php?action_kouhyou_detail_004_kani=true&JigyosyoCd=1272206101-00&ServiceCd=110&Type=search" }, "geometry": { "type": "Point", "coordinates": [ 139.961198500000023, 35.8110873 ] } },
{ "type": "Feature", "properties": { "内容": "ベストライフ柏中央訪問介護事業所【訪問介護】千葉県柏市明原3-18-11", "url2": "https://www.kaigokensaku.mhlw.go.jp/12/index.php?action_kouhyou_detail_004_kani=true&JigyosyoCd=1272207224-00&ServiceCd=110&Type=search" }, "geometry": { "type": "Point", "coordinates": [ 139.9640894, 35.8683102 ] } },
{ "type": "Feature", "properties": { "内容": "テルウェル東日本柏介護センタ【訪問介護】千葉県柏市旭町1-8-9エリートイン柏101", "url2": "https://www.kaigokensaku.mhlw.go.jp/12/index.php?action_kouhyou_detail_004_kani=true&JigyosyoCd=1272201565-00&ServiceCd=110&Type=search" }, "geometry": { "type": "Point", "coordinates": [ 139.968196400000011, 35.8606425 ] } },
{ "type": "Feature", "properties": { "内容": "SOMPOケア地域サービスセンター豊四季訪問介護【訪問介護】千葉県柏市豊四季283-1", "url2": "https://www.kaigokensaku.mhlw.go.jp/12/index.php?action_kouhyou_detail_004_kani=true&JigyosyoCd=1272206457-00&ServiceCd=110&Type=search" }, "geometry": { "type": "Point", "coordinates": [ 139.948044899999985, 35.861079400000023 ] } },
{ "type": "Feature", "properties": { "内容": "ＳＯＭＰＯケア柏高柳訪問介護【訪問介護】千葉県柏市高柳1478-1そんぽの家Ｓ柏高柳", "url2": "https://www.kaigokensaku.mhlw.go.jp/12/index.php?action_kouhyou_detail_004_kani=true&JigyosyoCd=1272202845-00&ServiceCd=110&Type=search" }, "geometry": { "type": "Point", "coordinates": [ 139.999338800000032, 35.8097576 ] } },
{ "type": "Feature", "properties": { "内容": "ヘルパーステーション四季の里【訪問介護】千葉県柏市松ヶ崎８９９番地１", "url2": "https://www.kaigokensaku.mhlw.go.jp/12/index.php?action_kouhyou_detail_004_kani=true&JigyosyoCd=1272200393-00&ServiceCd=110&Type=search" }, "geometry": { "type": "Point", "coordinates": [ 139.975578, 35.8766194 ] } },
{ "type": "Feature", "properties": { "内容": "かしわ翔裕園訪問介護センター【訪問介護】千葉県柏市南逆井4-9-4", "url2": "https://www.kaigokensaku.mhlw.go.jp/12/index.php?action_kouhyou_detail_004_kani=true&JigyosyoCd=1272205103-00&ServiceCd=110&Type=search" }, "geometry": { "type": "Point", "coordinates": [ 139.973846400000014, 35.8015823 ] } },
{ "type": "Feature", "properties": { "内容": "学研ココファン柏たなかヘルパーセンター【訪問介護】千葉県柏市船戸1-5-6ココファン柏たなか", "url2": "https://www.kaigokensaku.mhlw.go.jp/12/index.php?action_kouhyou_detail_004_kani=true&JigyosyoCd=1272204007-00&ServiceCd=110&Type=search" }, "geometry": { "type": "Point", "coordinates": [ 139.949607670780523, 35.913218120816381 ] } },
{ "type": "Feature", "properties": { "内容": "クレシア訪問介護事業所【訪問介護】千葉県柏市十余二337-136中央264街区2", "url2": "https://www.kaigokensaku.mhlw.go.jp/12/index.php?action_kouhyou_detail_004_kani=true&JigyosyoCd=1272206978-00&ServiceCd=110&Type=search" }, "geometry": { "type": "Point", "coordinates": [ 139.95328179206544, 35.884326565597085 ] } },
{ "type": "Feature", "properties": { "内容": "特定非営利活動法人柏市福祉ワーカーズ【訪問介護】千葉県柏市柏６－９－９", "url2": "https://www.kaigokensaku.mhlw.go.jp/12/index.php?action_kouhyou_detail_004_kani=true&JigyosyoCd=1272201151-00&ServiceCd=110&Type=search" }, "geometry": { "type": "Point", "coordinates": [ 139.978540313491862, 35.866430006442194 ] } },
{ "type": "Feature", "properties": { "内容": "学研ココファン柏公園ヘルパーセンター【訪問介護】千葉県柏市柏579-1ココファン柏公園", "url2": "https://www.kaigokensaku.mhlw.go.jp/12/index.php?action_kouhyou_detail_004_kani=true&JigyosyoCd=1272207240-00&ServiceCd=110&Type=search" }, "geometry": { "type": "Point", "coordinates": [ 139.980779500000011, 35.8669154 ] } },
{ "type": "Feature", "properties": { "内容": "ヘルパーステーションainote【訪問介護】千葉県柏市亀甲台町1-11-13", "url2": "https://www.kaigokensaku.mhlw.go.jp/12/index.php?action_kouhyou_detail_004_kani=true&JigyosyoCd=1272205376-00&ServiceCd=110&Type=search" }, "geometry": { "type": "Point", "coordinates": [ 139.978170016379522, 35.847247094162142 ] } },
{ "type": "Feature", "properties": { "内容": "アスモ介護サービス南柏【訪問介護】千葉県柏市今谷上町47-1ガーデンハイツミカミ205号室", "url2": "https://www.kaigokensaku.mhlw.go.jp/12/index.php?action_kouhyou_detail_004_kani=true&JigyosyoCd=1272204387-00&ServiceCd=110&Type=search" }, "geometry": { "type": "Point", "coordinates": [ 139.954594622753916, 35.8417234443938 ] } },
{ "type": "Feature", "properties": { "内容": "柏やわらぎ【訪問介護】千葉県柏市根戸78", "url2": "https://www.kaigokensaku.mhlw.go.jp/12/index.php?action_kouhyou_detail_004_kani=true&JigyosyoCd=1272203850-00&ServiceCd=110&Type=search" }, "geometry": { "type": "Point", "coordinates": [ 139.985025650926218, 35.881941568037114 ] } },
{ "type": "Feature", "properties": { "内容": "美空訪問介護事業所【訪問介護】千葉県柏市増尾台3-8-66", "url2": "https://www.kaigokensaku.mhlw.go.jp/12/index.php?action_kouhyou_detail_004_kani=true&JigyosyoCd=1272203322-00&ServiceCd=110&Type=search" }, "geometry": { "type": "Point", "coordinates": [ 139.976571500000034, 35.8245224 ] } },
{ "type": "Feature", "properties": { "内容": "マザアス南柏訪問介護事業所【訪問介護】千葉県柏市南柏中央3-10マザアスコート南柏駅前", "url2": "https://www.kaigokensaku.mhlw.go.jp/12/index.php?action_kouhyou_detail_004_kani=true&JigyosyoCd=1272207158-00&ServiceCd=110&Type=search" }, "geometry": { "type": "Point", "coordinates": [ 139.9538732, 35.8435422 ] } },
{ "type": "Feature", "properties": { "内容": "ぞうさん訪問介護ステーション柏青葉台【訪問介護】千葉県柏市青葉台2-1-12", "url2": "https://www.kaigokensaku.mhlw.go.jp/12/index.php?action_kouhyou_detail_004_kani=true&JigyosyoCd=1272207919-00&ServiceCd=110&Type=search" }, "geometry": { "type": "Point", "coordinates": [ 139.9599226, 35.8147101 ] } },
{ "type": "Feature", "properties": { "内容": "生活クラブ風の村介護ステーション柏【訪問介護】千葉県柏市東上町2-6マンション久大1階", "url2": "https://www.kaigokensaku.mhlw.go.jp/12/index.php?action_kouhyou_detail_004_kani=true&JigyosyoCd=1272201458-00&ServiceCd=110&Type=search" }, "geometry": { "type": "Point", "coordinates": [ 139.9772041, 35.888024600000016 ] } },
{ "type": "Feature", "properties": { "内容": "麗しの杜南部ヘルパーステーション【訪問介護】千葉県柏市光ヶ丘2丁目25-43廣池学園南部住宅C-103", "url2": "https://www.kaigokensaku.mhlw.go.jp/12/index.php?action_kouhyou_detail_004_kani=true&JigyosyoCd=1272207943-00&ServiceCd=110&Type=search" }, "geometry": { "type": "Point", "coordinates": [ 139.951399900000013, 35.8279184 ] } },
{ "type": "Feature", "properties": { "内容": "在宅介護サービスほたる【訪問介護】千葉県柏市根戸419-16グリーンキャピタル北柏604号", "url2": "https://www.kaigokensaku.mhlw.go.jp/12/index.php?action_kouhyou_detail_004_kani=true&JigyosyoCd=1272204049-00&ServiceCd=110&Type=search" }, "geometry": { "type": "Point", "coordinates": [ 139.986413, 35.881069 ] } },
{ "type": "Feature", "properties": { "内容": "ライブラリ柏訪問介護【訪問介護】柏276-1ライブラリ柏中央", "url2": "https://www.kaigokensaku.mhlw.go.jp/12/index.php?action_kouhyou_detail_004_kani=true&JigyosyoCd=1272207802-00&ServiceCd=110&Type=search" }, "geometry": { "type": "Point", "coordinates": [ 139.975757499999986, 35.8675958 ] } },
{ "type": "Feature", "properties": { "内容": "ひまわりネットワーク【訪問介護】千葉県柏市豊四季707-12", "url2": "https://www.kaigokensaku.mhlw.go.jp/12/index.php?action_kouhyou_detail_004_kani=true&JigyosyoCd=1272201276-00&ServiceCd=110&Type=search" }, "geometry": { "type": "Point", "coordinates": [ 139.962687188360633, 35.84896530871081 ] } },
{ "type": "Feature", "properties": { "内容": "訪問介護サービス　結びつ木【訪問介護】千葉県柏市根戸467番地111高野台マンション201号室", "url2": "https://www.kaigokensaku.mhlw.go.jp/12/index.php?action_kouhyou_detail_004_kani=true&JigyosyoCd=1272207679-00&ServiceCd=110&Type=search" }, "geometry": { "type": "Point", "coordinates": [ 139.9890359, 35.8858018 ] } },
{ "type": "Feature", "properties": { "内容": "ラプレケア【訪問介護】千葉県柏市藤心1-15-22ラプレ柏逆井", "url2": "https://www.kaigokensaku.mhlw.go.jp/12/index.php?action_kouhyou_detail_004_kani=true&JigyosyoCd=1272206705-00&ServiceCd=110&Type=search" }, "geometry": { "type": "Point", "coordinates": [ 140.014494499999984, 35.8417808 ] } },
{ "type": "Feature", "properties": { "内容": "訪問介護事業所ハートフル柏【訪問介護】千葉県柏市増尾4-1-40コンフォートシティ104", "url2": "https://www.kaigokensaku.mhlw.go.jp/12/index.php?action_kouhyou_detail_004_kani=true&JigyosyoCd=1272205905-00&ServiceCd=110&Type=search" }, "geometry": { "type": "Point", "coordinates": [ 139.97996280000001, 35.8333984 ] } },
{ "type": "Feature", "properties": { "内容": "ツクイ柏明原【訪問介護】千葉県柏市明原3－3－1柏上田店舗1階C号室", "url2": "https://www.kaigokensaku.mhlw.go.jp/12/index.php?action_kouhyou_detail_004_kani=true&JigyosyoCd=1272207554-00&ServiceCd=110&Type=search" }, "geometry": { "type": "Point", "coordinates": [ 139.9629875, 35.8662032 ] } },
{ "type": "Feature", "properties": { "内容": "グッドタイムケア・柏高柳【訪問介護】千葉県柏市高柳1141-1", "url2": "https://www.kaigokensaku.mhlw.go.jp/12/index.php?action_kouhyou_detail_004_kani=true&JigyosyoCd=1272206762-00&ServiceCd=110&Type=search" }, "geometry": { "type": "Point", "coordinates": [ 140.0037686, 35.8071286 ] } },
{ "type": "Feature", "properties": { "内容": "あずみ苑ラ・テラス逆井【訪問介護】千葉県柏市逆井二丁目11番1号", "url2": "https://www.kaigokensaku.mhlw.go.jp/12/index.php?action_kouhyou_detail_004_kani=true&JigyosyoCd=1272203090-00&ServiceCd=110&Type=search" }, "geometry": { "type": "Point", "coordinates": [ 139.9802391, 35.8260368 ] } },
{ "type": "Feature", "properties": { "内容": "学研ココファン柏花野井【訪問介護】千葉県柏市花野井3-1", "url2": "https://www.kaigokensaku.mhlw.go.jp/12/index.php?action_kouhyou_detail_004_kani=true&JigyosyoCd=1272205228-00&ServiceCd=110&Type=search" }, "geometry": { "type": "Point", "coordinates": [ 139.979857600000059, 35.8913228 ] } },
{ "type": "Feature", "properties": { "内容": "有限会社北柏交通介護サービスセンター【訪問介護】千葉県柏市花野井909－3", "url2": "https://www.kaigokensaku.mhlw.go.jp/12/index.php?action_kouhyou_detail_004_kani=true&JigyosyoCd=1272201284-00&ServiceCd=110&Type=search" }, "geometry": { "type": "Point", "coordinates": [ 139.97053870000002, 35.8948831 ] } },
{ "type": "Feature", "properties": { "内容": "ケアサポート２４シコダ【訪問介護】千葉県柏市篠籠田957-1", "url2": "https://www.kaigokensaku.mhlw.go.jp/12/index.php?action_kouhyou_detail_004_kani=true&JigyosyoCd=1272206812-00&ServiceCd=110&Type=search" }, "geometry": { "type": "Point", "coordinates": [ 139.953352399999972, 35.8722012 ] } },
{ "type": "Feature", "properties": { "内容": "木下の介護　柏【訪問介護】千葉県柏市柏557-1リアンレーヴ柏", "url2": "https://www.kaigokensaku.mhlw.go.jp/12/index.php?action_kouhyou_detail_004_kani=true&JigyosyoCd=1272206226-00&ServiceCd=110&Type=search" }, "geometry": { "type": "Point", "coordinates": [ 139.981083938968908, 35.867307513789058 ] } },
{ "type": "Feature", "properties": { "内容": "ヤックスヘルパーステーション豊四季【訪問介護】千葉県柏市豊上町13-11トーヨー柏ハイム213号室", "url2": "https://www.kaigokensaku.mhlw.go.jp/12/index.php?action_kouhyou_detail_004_kani=true&JigyosyoCd=1272201599-00&ServiceCd=110&Type=search" }, "geometry": { "type": "Point", "coordinates": [ 139.9536788, 35.857920900000011 ] } },
{ "type": "Feature", "properties": { "内容": "柏おひさま訪問介護事業所【訪問介護】千葉県柏市関場町4番23号サービス付き高齢者向け住宅　おひさまハウス柏", "url2": "https://www.kaigokensaku.mhlw.go.jp/12/index.php?action_kouhyou_detail_004_kani=true&JigyosyoCd=1272208123-00&ServiceCd=110&Type=search" }, "geometry": { "type": "Point", "coordinates": [ 139.984656191401683, 35.850388399435879 ] } },
{ "type": "Feature", "properties": { "内容": "癒しのヘルパーステーション柏【訪問介護】千葉県柏市篠籠田八幡1381-19", "url2": "https://www.kaigokensaku.mhlw.go.jp/12/index.php?action_kouhyou_detail_004_kani=true&JigyosyoCd=1272203785-00&ServiceCd=110&Type=search" }, "geometry": { "type": "Point", "coordinates": [ 139.949843234037758, 35.870898383839688 ] } },
{ "type": "Feature", "properties": { "内容": "ケアパートナー銀木犀<柏>【訪問介護】千葉県柏市柏297-5", "url2": "https://www.kaigokensaku.mhlw.go.jp/12/index.php?action_kouhyou_detail_004_kani=true&JigyosyoCd=1272206192-00&ServiceCd=110&Type=search" }, "geometry": { "type": "Point", "coordinates": [ 139.97856390000004, 35.8742976 ] } },
{ "type": "Feature", "properties": { "内容": "訪問介護ステ－ション柏こころ【訪問介護】千葉県柏市小青田35-1", "url2": "https://www.kaigokensaku.mhlw.go.jp/12/index.php?action_kouhyou_detail_004_kani=true&JigyosyoCd=1272207703-00&ServiceCd=110&Type=search" }, "geometry": { "type": "Point", "coordinates": [ 139.955525544999006, 35.907763575902877 ] } },
{ "type": "Feature", "properties": { "内容": "サンパートナー【訪問介護】千葉県柏市松葉町4-10北柏ショッピングセンターⅠ期B棟５号室", "url2": "https://www.kaigokensaku.mhlw.go.jp/12/index.php?action_kouhyou_detail_004_kani=true&JigyosyoCd=1272201391-00&ServiceCd=110&Type=search" }, "geometry": { "type": "Point", "coordinates": [ 139.9703802, 35.88935690000001 ] } },
{ "type": "Feature", "properties": { "内容": "訪問介護ステーションミネルヴァ【訪問介護】千葉県柏市南柏1-2-4エコロジースクエア南柏3-C", "url2": "https://www.kaigokensaku.mhlw.go.jp/12/index.php?action_kouhyou_detail_004_kani=true&JigyosyoCd=1272207745-00&ServiceCd=110&Type=search" }, "geometry": { "type": "Point", "coordinates": [ 139.9534141, 35.8445954 ] } },
{ "type": "Feature", "properties": { "内容": "訪問介護Ｔｏｉｒｏ【訪問介護】千葉県柏市船戸1-19-16", "url2": "https://www.kaigokensaku.mhlw.go.jp/12/index.php?action_kouhyou_detail_004_kani=true&JigyosyoCd=1272207356-00&ServiceCd=110&Type=search" }, "geometry": { "type": "Point", "coordinates": [ 139.946430346835314, 35.913861238054317 ] } },
{ "type": "Feature", "properties": { "内容": "リラス訪問介護センター柏【訪問介護】千葉県柏市柏2-8-17並木ビル4階", "url2": "https://www.kaigokensaku.mhlw.go.jp/12/index.php?action_kouhyou_detail_004_kani=true&JigyosyoCd=1272207307-00&ServiceCd=110&Type=search" }, "geometry": { "type": "Point", "coordinates": [ 139.974407500000012, 35.8623663 ] } },
{ "type": "Feature", "properties": { "内容": "学研ココファン柏明原ヘルパーセンター【訪問介護】千葉県柏市明原4-10-12", "url2": "https://www.kaigokensaku.mhlw.go.jp/12/index.php?action_kouhyou_detail_004_kani=true&JigyosyoCd=1272203876-00&ServiceCd=110&Type=search" }, "geometry": { "type": "Point", "coordinates": [ 139.96236650000003, 35.8650052 ] } },
{ "type": "Feature", "properties": { "内容": "訪問介護こすもす【訪問介護】千葉県柏市中原２－９－５セナリオコート増尾イーストB105号室", "url2": "https://www.kaigokensaku.mhlw.go.jp/12/index.php?action_kouhyou_detail_004_kani=true&JigyosyoCd=1272207570-00&ServiceCd=110&Type=search" }, "geometry": { "type": "Point", "coordinates": [ 139.970813173641204, 35.826683708542753 ] } },
{ "type": "Feature", "properties": { "内容": "アイリスヘルパーステーション【訪問介護】千葉県柏市南増尾八丁目1番地57号シティシャトレ美久仁倉庫A", "url2": "https://www.kaigokensaku.mhlw.go.jp/12/index.php?action_kouhyou_detail_004_kani=true&JigyosyoCd=1272205095-00&ServiceCd=110&Type=search" }, "geometry": { "type": "Point", "coordinates": [ 139.959665299999983, 35.8122649 ] } },
{ "type": "Feature", "properties": { "内容": "訪問介護ステーションこみせん【訪問介護】千葉県柏市柏６－１０－２２", "url2": "https://www.kaigokensaku.mhlw.go.jp/12/index.php?action_kouhyou_detail_004_kani=true&JigyosyoCd=1272203991-00&ServiceCd=110&Type=search" }, "geometry": { "type": "Point", "coordinates": [ 139.97862520000001, 35.8661211 ] } },
{ "type": "Feature", "properties": { "内容": "訪問介護事業所みえ子ん家【訪問介護】千葉県柏市つくしが丘4-2-9キャンディーフラワー202", "url2": "https://www.kaigokensaku.mhlw.go.jp/12/index.php?action_kouhyou_detail_004_kani=true&JigyosyoCd=1272208149-00&ServiceCd=110&Type=search" }, "geometry": { "type": "Point", "coordinates": [ 139.9667416, 35.8374113 ] } },
{ "type": "Feature", "properties": { "内容": "ニチイケアセンター勝浦【訪問介護】千葉県勝浦市出水字矢口1212-1関ビル２階", "url2": "https://www.kaigokensaku.mhlw.go.jp/12/index.php?action_kouhyou_detail_004_kani=true&JigyosyoCd=1272300052-00&ServiceCd=110&Type=search" }, "geometry": { "type": "Point", "coordinates": [ 140.317869699999989, 35.1535457 ] } },
{ "type": "Feature", "properties": { "内容": "亀田ホームケアサービス勝浦【訪問介護】千葉県勝浦市墨名651-1　ＭＫ第２ビル401", "url2": "https://www.kaigokensaku.mhlw.go.jp/12/index.php?action_kouhyou_detail_004_kani=true&JigyosyoCd=1272300086-00&ServiceCd=110&Type=search" }, "geometry": { "type": "Point", "coordinates": [ 140.313910296958966, 35.152169 ] } },
{ "type": "Feature", "properties": { "内容": "ヤックスヘルパーステーション勝浦【訪問介護】千葉県勝浦市部原1053ヤックスドラッグ勝浦部原店内", "url2": "https://www.kaigokensaku.mhlw.go.jp/12/index.php?action_kouhyou_detail_004_kani=true&JigyosyoCd=1272300417-00&ServiceCd=110&Type=search" }, "geometry": { "type": "Point", "coordinates": [ 140.33087, 35.1651138 ] } },
{ "type": "Feature", "properties": { "内容": "ひなたぼっこ介護サービス市原【訪問介護】千葉県市原市白金町2丁目35番地16", "url2": "https://www.kaigokensaku.mhlw.go.jp/12/index.php?action_kouhyou_detail_004_kani=true&JigyosyoCd=1272401330-00&ServiceCd=110&Type=search" }, "geometry": { "type": "Point", "coordinates": [ 140.102226299999984, 35.5284753 ] } },
{ "type": "Feature", "properties": { "内容": "あすなろケアサービス【訪問介護】千葉県市原市姉崎363-1", "url2": "https://www.kaigokensaku.mhlw.go.jp/12/index.php?action_kouhyou_detail_004_kani=true&JigyosyoCd=1272401496-00&ServiceCd=110&Type=search" }, "geometry": { "type": "Point", "coordinates": [ 140.040569, 35.4744812 ] } },
{ "type": "Feature", "properties": { "内容": "さくらケア【訪問介護】千葉県市原市桜台3-3-9", "url2": "https://www.kaigokensaku.mhlw.go.jp/12/index.php?action_kouhyou_detail_004_kani=true&JigyosyoCd=1272403526-00&ServiceCd=110&Type=search" }, "geometry": { "type": "Point", "coordinates": [ 140.029122087220458, 35.184277551296496 ] } },
{ "type": "Feature", "properties": { "内容": "訪問介護のメディカライフ市原【訪問介護】千葉県市原市五井中央東1－16－5ナーシングホームメディカライフ市原", "url2": "https://www.kaigokensaku.mhlw.go.jp/12/index.php?action_kouhyou_detail_004_kani=true&JigyosyoCd=1272404219-00&ServiceCd=110&Type=search" }, "geometry": { "type": "Point", "coordinates": [ 140.0924197, 35.50917 ] } },
{ "type": "Feature", "properties": { "内容": "恭英ケアサポート【訪問介護】千葉県市原市能満896-40", "url2": "https://www.kaigokensaku.mhlw.go.jp/12/index.php?action_kouhyou_detail_004_kani=true&JigyosyoCd=1272404730-00&ServiceCd=110&Type=search" }, "geometry": { "type": "Point", "coordinates": [ 140.141435199999989, 35.5128424 ] } },
{ "type": "Feature", "properties": { "内容": "パシックホスピス訪問介護【訪問介護】千葉県市原市千種２丁目16-48", "url2": "https://www.kaigokensaku.mhlw.go.jp/12/index.php?action_kouhyou_detail_004_kani=true&JigyosyoCd=1272404797-00&ServiceCd=110&Type=search" }, "geometry": { "type": "Point", "coordinates": [ 140.054206099999988, 35.4957599 ] } },
{ "type": "Feature", "properties": { "内容": "訪問介護事業所エール国分寺【訪問介護】千葉県市原市山田橋1-12-1ハイツ・メイドイン・ヘブン106号", "url2": "https://www.kaigokensaku.mhlw.go.jp/12/index.php?action_kouhyou_detail_004_kani=true&JigyosyoCd=1272404516-00&ServiceCd=110&Type=search" }, "geometry": { "type": "Point", "coordinates": [ 140.1249014, 35.5006744 ] } },
{ "type": "Feature", "properties": { "内容": "ヘルパーステーションリヤンド姉崎【訪問介護】千葉県市原市姉崎807-1", "url2": "https://www.kaigokensaku.mhlw.go.jp/12/index.php?action_kouhyou_detail_004_kani=true&JigyosyoCd=1272404888-00&ServiceCd=110&Type=search" }, "geometry": { "type": "Point", "coordinates": [ 140.0488914, 35.4813902 ] } },
{ "type": "Feature", "properties": { "内容": "なかよし訪問介護【訪問介護】千葉県市原市五所1666なかよしホーム五所", "url2": "https://www.kaigokensaku.mhlw.go.jp/12/index.php?action_kouhyou_detail_004_kani=true&JigyosyoCd=1272401074-00&ServiceCd=110&Type=search" }, "geometry": { "type": "Point", "coordinates": [ 140.112335817790949, 35.532739354142038 ] } },
{ "type": "Feature", "properties": { "内容": "やさしい手いちはら訪問介護事業所【訪問介護】千葉県市原市五井１６６９－１やさしえ五井", "url2": "https://www.kaigokensaku.mhlw.go.jp/12/index.php?action_kouhyou_detail_004_kani=true&JigyosyoCd=1272402874-00&ServiceCd=110&Type=search" }, "geometry": { "type": "Point", "coordinates": [ 140.084356040510244, 35.508853701644888 ] } },
{ "type": "Feature", "properties": { "内容": "ケアステーション市原【訪問介護】千葉県市原市馬立1615-18", "url2": "https://www.kaigokensaku.mhlw.go.jp/12/index.php?action_kouhyou_detail_004_kani=true&JigyosyoCd=1272404870-00&ServiceCd=110&Type=search" }, "geometry": { "type": "Point", "coordinates": [ 140.1150999, 35.4297698 ] } },
{ "type": "Feature", "properties": { "内容": "ヘルパーステーションキンタロウ【訪問介護】千葉県市原市飯沼３１８番地４", "url2": "https://www.kaigokensaku.mhlw.go.jp/12/index.php?action_kouhyou_detail_004_kani=true&JigyosyoCd=1272403914-00&ServiceCd=110&Type=search" }, "geometry": { "type": "Point", "coordinates": [ 140.078759499999933, 35.5041546 ] } },
{ "type": "Feature", "properties": { "内容": "ケアステーション七夢【訪問介護】千葉県市原市辰巳台西1-9-11　ファミール赤坂Ⅰ105", "url2": "https://www.kaigokensaku.mhlw.go.jp/12/index.php?action_kouhyou_detail_004_kani=true&JigyosyoCd=1272403484-00&ServiceCd=110&Type=search" }, "geometry": { "type": "Point", "coordinates": [ 140.14937310000002, 35.5202843 ] } },
{ "type": "Feature", "properties": { "内容": "ヘルパーステーション　すりえむ【訪問介護】千葉県市原市上高根681", "url2": "https://www.kaigokensaku.mhlw.go.jp/12/index.php?action_kouhyou_detail_004_kani=true&JigyosyoCd=1272404391-00&ServiceCd=110&Type=search" }, "geometry": { "type": "Point", "coordinates": [ 140.106678895824587, 35.427219975281552 ] } },
{ "type": "Feature", "properties": { "内容": "アットホーム郡本【訪問介護】千葉県市原市郡本3-124-1アットホーム郡本", "url2": "https://www.kaigokensaku.mhlw.go.jp/12/index.php?action_kouhyou_detail_004_kani=true&JigyosyoCd=1272403823-00&ServiceCd=110&Type=search" }, "geometry": { "type": "Point", "coordinates": [ 140.124841346310404, 35.512298698814512 ] } },
{ "type": "Feature", "properties": { "内容": "ヘルパーステーション元気係【訪問介護】千葉県市原市郡本3-136-2", "url2": "https://www.kaigokensaku.mhlw.go.jp/12/index.php?action_kouhyou_detail_004_kani=true&JigyosyoCd=1272404813-00&ServiceCd=110&Type=search" }, "geometry": { "type": "Point", "coordinates": [ 140.124200300000012, 35.5135123 ] } },
{ "type": "Feature", "properties": { "内容": "訪問介護サンフラワー【訪問介護】千葉県市原市東国分寺台3-11-3", "url2": "https://www.kaigokensaku.mhlw.go.jp/12/index.php?action_kouhyou_detail_004_kani=true&JigyosyoCd=1272403682-00&ServiceCd=110&Type=search" }, "geometry": { "type": "Point", "coordinates": [ 140.119331099999954, 35.4997376 ] } },
{ "type": "Feature", "properties": { "内容": "ヘルパーステーション桜【訪問介護】千葉県市原市柏原２７１－１", "url2": "https://www.kaigokensaku.mhlw.go.jp/12/index.php?action_kouhyou_detail_004_kani=true&JigyosyoCd=1272404896-00&ServiceCd=110&Type=search" }, "geometry": { "type": "Point", "coordinates": [ 140.064174799999989, 35.4856653 ] } },
{ "type": "Feature", "properties": { "内容": "ドット３６５五井（訪問介護）【訪問介護】千葉県市原市根田1-1-3STハイツ102", "url2": "https://www.kaigokensaku.mhlw.go.jp/12/index.php?action_kouhyou_detail_004_kani=true&JigyosyoCd=1272404169-00&ServiceCd=110&Type=search" }, "geometry": { "type": "Point", "coordinates": [ 140.1101301, 35.501434 ] } },
{ "type": "Feature", "properties": { "内容": "有限会社　トータルサポートサービス【訪問介護】千葉県市原市山田橋３－１－２６グリーンハイツ202号室", "url2": "https://www.kaigokensaku.mhlw.go.jp/12/index.php?action_kouhyou_detail_004_kani=true&JigyosyoCd=1272401140-00&ServiceCd=110&Type=search" }, "geometry": { "type": "Point", "coordinates": [ 140.124531037434423, 35.503092001264605 ] } },
{ "type": "Feature", "properties": { "内容": "訪問介護センターケア・パートナー【訪問介護】千葉県市原市岩崎1丁目4-11第２森ハイツ１０３", "url2": "https://www.kaigokensaku.mhlw.go.jp/12/index.php?action_kouhyou_detail_004_kani=true&JigyosyoCd=1272404912-00&ServiceCd=110&Type=search" }, "geometry": { "type": "Point", "coordinates": [ 140.074628400000023, 35.5223052 ] } },
{ "type": "Feature", "properties": { "内容": "介護サービスえいと　ちはら台事業所【訪問介護】千葉県市原市ちはら台東4-11-18", "url2": "https://www.kaigokensaku.mhlw.go.jp/12/index.php?action_kouhyou_detail_004_kani=true&JigyosyoCd=1272404250-00&ServiceCd=110&Type=search" }, "geometry": { "type": "Point", "coordinates": [ 140.1933658, 35.5405861 ] } },
{ "type": "Feature", "properties": { "内容": "Lネクスト【訪問介護】千葉県市原市五井4734-1", "url2": "https://www.kaigokensaku.mhlw.go.jp/12/index.php?action_kouhyou_detail_004_kani=true&JigyosyoCd=1272404706-00&ServiceCd=110&Type=search" }, "geometry": { "type": "Point", "coordinates": [ 140.0961065, 35.519532 ] } },
{ "type": "Feature", "properties": { "内容": "ケアステーション南風【訪問介護】千葉県市原市東五所27-10", "url2": "https://www.kaigokensaku.mhlw.go.jp/12/index.php?action_kouhyou_detail_004_kani=true&JigyosyoCd=1272401421-00&ServiceCd=110&Type=search" }, "geometry": { "type": "Point", "coordinates": [ 140.115116299749843, 35.529997772866665 ] } },
{ "type": "Feature", "properties": { "内容": "恵ケアセンター市原【訪問介護】千葉県市原市君塚5丁目3-14", "url2": "https://www.kaigokensaku.mhlw.go.jp/12/index.php?action_kouhyou_detail_004_kani=true&JigyosyoCd=1272403229-00&ServiceCd=110&Type=search" }, "geometry": { "type": "Point", "coordinates": [ 140.096427906808231, 35.522314996634798 ] } },
{ "type": "Feature", "properties": { "内容": "ニチイケアセンター五井【訪問介護】千葉県市原市五井中央南1丁目29番地8", "url2": "https://www.kaigokensaku.mhlw.go.jp/12/index.php?action_kouhyou_detail_004_kani=true&JigyosyoCd=1272400159-00&ServiceCd=110&Type=search" }, "geometry": { "type": "Point", "coordinates": [ 140.081280601127673, 35.513394497942031 ] } },
{ "type": "Feature", "properties": { "内容": "侍【訪問介護】千葉県市原市五井中央南1-39-4田中コーポB-2", "url2": "https://www.kaigokensaku.mhlw.go.jp/12/index.php?action_kouhyou_detail_004_kani=true&JigyosyoCd=1272404235-00&ServiceCd=110&Type=search" }, "geometry": { "type": "Point", "coordinates": [ 140.08117635492988, 35.514578639659874 ] } },
{ "type": "Feature", "properties": { "内容": "ＮＰＯ法人青葉台さわやかネットワーク【訪問介護】千葉県市原市青葉台３－２４－７", "url2": "https://www.kaigokensaku.mhlw.go.jp/12/index.php?action_kouhyou_detail_004_kani=true&JigyosyoCd=1272400738-00&ServiceCd=110&Type=search" }, "geometry": { "type": "Point", "coordinates": [ 140.055975699999976, 35.470018 ] } },
{ "type": "Feature", "properties": { "内容": "有限会社潤井戸タクシー　まごころケアサポート【訪問介護】千葉県市原市潤井戸１０５８", "url2": "https://www.kaigokensaku.mhlw.go.jp/12/index.php?action_kouhyou_detail_004_kani=true&JigyosyoCd=1272400944-00&ServiceCd=110&Type=search" }, "geometry": { "type": "Point", "coordinates": [ 140.173526700000025, 35.5159057 ] } },
{ "type": "Feature", "properties": { "内容": "KT五井ヘルパーステーション【訪問介護】千葉県市原市五井中央東1-15-9齋藤ビル2階", "url2": "https://www.kaigokensaku.mhlw.go.jp/12/index.php?action_kouhyou_detail_004_kani=true&JigyosyoCd=1272401967-00&ServiceCd=110&Type=search" }, "geometry": { "type": "Point", "coordinates": [ 140.091840104519804, 35.50951647384985 ] } },
{ "type": "Feature", "properties": { "内容": "サポートセンター麦【訪問介護】千葉県市原市椎津２２１７－５", "url2": "https://www.kaigokensaku.mhlw.go.jp/12/index.php?action_kouhyou_detail_004_kani=true&JigyosyoCd=1272403591-00&ServiceCd=110&Type=search" }, "geometry": { "type": "Point", "coordinates": [ 140.038516299999969, 35.4478633 ] } },
{ "type": "Feature", "properties": { "内容": "有限会社わかばケアセンター【訪問介護】千葉県市原市惣社1-10-16", "url2": "https://www.kaigokensaku.mhlw.go.jp/12/index.php?action_kouhyou_detail_004_kani=true&JigyosyoCd=1272400621-00&ServiceCd=110&Type=search" }, "geometry": { "type": "Point", "coordinates": [ 140.110775033438472, 35.494754271579247 ] } },
{ "type": "Feature", "properties": { "内容": "こころヘルパーステーション【訪問介護】千葉県市原市西野谷148-2スマイルハイツ103号", "url2": "https://www.kaigokensaku.mhlw.go.jp/12/index.php?action_kouhyou_detail_004_kani=true&JigyosyoCd=1272403906-00&ServiceCd=110&Type=search" }, "geometry": { "type": "Point", "coordinates": [ 140.113854700000047, 35.5242679 ] } },
{ "type": "Feature", "properties": { "内容": "セントケア市原【訪問介護】千葉県市原市惣社4-3-5", "url2": "https://www.kaigokensaku.mhlw.go.jp/12/index.php?action_kouhyou_detail_004_kani=true&JigyosyoCd=1272401835-00&ServiceCd=110&Type=search" }, "geometry": { "type": "Point", "coordinates": [ 140.109926399999949, 35.4983903 ] } },
{ "type": "Feature", "properties": { "内容": "なのはなヘルパーステーション【訪問介護】千葉県市原市ちはら台西2-1-4ｻｰﾋﾞｽｽﾃｰｼｮﾝ千原4号室", "url2": "https://www.kaigokensaku.mhlw.go.jp/12/index.php?action_kouhyou_detail_004_kani=true&JigyosyoCd=1272404664-00&ServiceCd=110&Type=search" }, "geometry": { "type": "Point", "coordinates": [ 140.1711288, 35.5331162 ] } },
{ "type": "Feature", "properties": { "内容": "白金整形外科クリニック【訪問介護】千葉県市原市白金町１－７０", "url2": "https://www.kaigokensaku.mhlw.go.jp/12/index.php?action_kouhyou_detail_004_kani=true&JigyosyoCd=1210611830-00&ServiceCd=110&Type=search" }, "geometry": { "type": "Point", "coordinates": [ 140.104319855023761, 35.526938569231106 ] } },
{ "type": "Feature", "properties": { "内容": "ヘルパーステーションちいきのわ【訪問介護】千葉県市原市椎津2644-1", "url2": "https://www.kaigokensaku.mhlw.go.jp/12/index.php?action_kouhyou_detail_004_kani=true&JigyosyoCd=1272404458-00&ServiceCd=110&Type=search" }, "geometry": { "type": "Point", "coordinates": [ 140.045128, 35.4444795 ] } },
{ "type": "Feature", "properties": { "内容": "辰巳ホームヘルパーステーションなごみ【訪問介護】千葉県市原市辰巳台東５－2－56プライムガーデン市原辰巳内", "url2": "https://www.kaigokensaku.mhlw.go.jp/12/index.php?action_kouhyou_detail_004_kani=true&JigyosyoCd=1272400415-00&ServiceCd=110&Type=search" }, "geometry": { "type": "Point", "coordinates": [ 140.152073100000052, 35.5094698 ] } },
{ "type": "Feature", "properties": { "内容": "コスモスヘルパーステーション【訪問介護】千葉県市原市飯沼117-2", "url2": "https://www.kaigokensaku.mhlw.go.jp/12/index.php?action_kouhyou_detail_004_kani=true&JigyosyoCd=1272404268-00&ServiceCd=110&Type=search" }, "geometry": { "type": "Point", "coordinates": [ 140.0714639, 35.5055665 ] } },
{ "type": "Feature", "properties": { "内容": "コープみらい市原介護センター【訪問介護】千葉県市原市根田3-1-9", "url2": "https://www.kaigokensaku.mhlw.go.jp/12/index.php?action_kouhyou_detail_004_kani=true&JigyosyoCd=1272402759-00&ServiceCd=110&Type=search" }, "geometry": { "type": "Point", "coordinates": [ 140.1082417, 35.5035632 ] } },
{ "type": "Feature", "properties": { "内容": "だるまヘルパーステーション【訪問介護】千葉県市原市今津朝山253-10", "url2": "https://www.kaigokensaku.mhlw.go.jp/12/index.php?action_kouhyou_detail_004_kani=true&JigyosyoCd=1272402692-00&ServiceCd=110&Type=search" }, "geometry": { "type": "Point", "coordinates": [ 140.050454091042752, 35.489487803886632 ] } },
{ "type": "Feature", "properties": { "内容": "ヘルパーステーション　サンタの家【訪問介護】千葉県市原市柏原207-1", "url2": "https://www.kaigokensaku.mhlw.go.jp/12/index.php?action_kouhyou_detail_004_kani=true&JigyosyoCd=1272401405-00&ServiceCd=110&Type=search" }, "geometry": { "type": "Point", "coordinates": [ 140.063327500000014, 35.4828968 ] } },
{ "type": "Feature", "properties": { "内容": "訪問介護　ふれ愛【訪問介護】千葉県市原市西国吉1697-181", "url2": "https://www.kaigokensaku.mhlw.go.jp/12/index.php?action_kouhyou_detail_004_kani=true&JigyosyoCd=1272401132-00&ServiceCd=110&Type=search" }, "geometry": { "type": "Point", "coordinates": [ 140.114844353587358, 35.408779642646437 ] } },
{ "type": "Feature", "properties": { "内容": "ニチイケアセンター姉崎【訪問介護】千葉県市原市姉崎984-1さんすかい３マンション102", "url2": "https://www.kaigokensaku.mhlw.go.jp/12/index.php?action_kouhyou_detail_004_kani=true&JigyosyoCd=1272404086-00&ServiceCd=110&Type=search" }, "geometry": { "type": "Point", "coordinates": [ 140.048909, 35.4862524 ] } },
{ "type": "Feature", "properties": { "内容": "やさしい手京葉【訪問介護】千葉県市原市能満2-10", "url2": "https://www.kaigokensaku.mhlw.go.jp/12/index.php?action_kouhyou_detail_004_kani=true&JigyosyoCd=1272400696-00&ServiceCd=110&Type=search" }, "geometry": { "type": "Point", "coordinates": [ 140.129618599999958, 35.522035 ] } },
{ "type": "Feature", "properties": { "内容": "市原ホームヘルプサービス　ミナミ【訪問介護】千葉県市原市牛久７５番地２", "url2": "https://www.kaigokensaku.mhlw.go.jp/12/index.php?action_kouhyou_detail_004_kani=true&JigyosyoCd=1272400605-00&ServiceCd=110&Type=search" }, "geometry": { "type": "Point", "coordinates": [ 140.146776600000038, 35.3980935 ] } },
{ "type": "Feature", "properties": { "内容": "ヘルパーステーションＰＡＬＭＡ馬立【訪問介護】千葉県市原市馬立818", "url2": "https://www.kaigokensaku.mhlw.go.jp/12/index.php?action_kouhyou_detail_004_kani=true&JigyosyoCd=1272404144-00&ServiceCd=110&Type=search" }, "geometry": { "type": "Point", "coordinates": [ 140.1155417, 35.4240614 ] } },
{ "type": "Feature", "properties": { "内容": "医心館訪問介護ステーション市原【訪問介護】千葉県市原市国分寺台中央六丁目12番13号", "url2": "https://www.kaigokensaku.mhlw.go.jp/12/index.php?action_kouhyou_detail_004_kani=true&JigyosyoCd=1272404789-00&ServiceCd=110&Type=search" }, "geometry": { "type": "Point", "coordinates": [ 140.1160539, 35.5027376 ] } },
{ "type": "Feature", "properties": { "内容": "ぬくもりケアセンター【訪問介護】千葉県市原市平田１４２８番地", "url2": "https://www.kaigokensaku.mhlw.go.jp/12/index.php?action_kouhyou_detail_004_kani=true&JigyosyoCd=1272402288-00&ServiceCd=110&Type=search" }, "geometry": { "type": "Point", "coordinates": [ 140.0958498, 35.5055056 ] } },
{ "type": "Feature", "properties": { "内容": "訪問介護事業所オハナ【訪問介護】千葉県市原市ちはら台東7-11-110CO.Ohana", "url2": "https://www.kaigokensaku.mhlw.go.jp/12/index.php?action_kouhyou_detail_004_kani=true&JigyosyoCd=1272404599-00&ServiceCd=110&Type=search" }, "geometry": { "type": "Point", "coordinates": [ 140.198841499999986, 35.5336219 ] } },
{ "type": "Feature", "properties": { "内容": "ヘルパーステーション　ひまわり【訪問介護】千葉県市原市二日市場７７４－１", "url2": "https://www.kaigokensaku.mhlw.go.jp/12/index.php?action_kouhyou_detail_004_kani=true&JigyosyoCd=1272401447-00&ServiceCd=110&Type=search" }, "geometry": { "type": "Point", "coordinates": [ 140.116262600000027, 35.4432202 ] } },
{ "type": "Feature", "properties": { "内容": "訪問ケアあゆみ【訪問介護】千葉県市原市国分寺台1-5-7田中ビル1階", "url2": "https://www.kaigokensaku.mhlw.go.jp/12/index.php?action_kouhyou_detail_004_kani=true&JigyosyoCd=1272404334-00&ServiceCd=110&Type=search" }, "geometry": { "type": "Point", "coordinates": [ 140.115978532757566, 35.495850329191114 ] } },
{ "type": "Feature", "properties": { "内容": "スマイルヘルパーステーション【訪問介護】千葉県市原市光風台二丁目380番地3", "url2": "https://www.kaigokensaku.mhlw.go.jp/12/index.php?action_kouhyou_detail_004_kani=true&JigyosyoCd=1272402171-00&ServiceCd=110&Type=search" }, "geometry": { "type": "Point", "coordinates": [ 140.11323044351866, 35.447149257597331 ] } },
{ "type": "Feature", "properties": { "内容": "ヘルパーステーション桃太郎【訪問介護】千葉県市原市能満１４６６－２若菜ハイツ101号室", "url2": "https://www.kaigokensaku.mhlw.go.jp/12/index.php?action_kouhyou_detail_004_kani=true&JigyosyoCd=1272403740-00&ServiceCd=110&Type=search" }, "geometry": { "type": "Point", "coordinates": [ 140.125434140475477, 35.501264958060162 ] } },
{ "type": "Feature", "properties": { "内容": "なでしこケア合同会社【訪問介護】千葉県市原市松ヶ島2-10-13", "url2": "https://www.kaigokensaku.mhlw.go.jp/12/index.php?action_kouhyou_detail_004_kani=true&JigyosyoCd=1272404243-00&ServiceCd=110&Type=search" }, "geometry": { "type": "Point", "coordinates": [ 140.065843300000012, 35.5085438 ] } },
{ "type": "Feature", "properties": { "内容": "KTやわたヘルパーステーション【訪問介護】千葉県市原市五所1667ヤマヘイ第2ビル1階", "url2": "https://www.kaigokensaku.mhlw.go.jp/12/index.php?action_kouhyou_detail_004_kani=true&JigyosyoCd=1272404508-00&ServiceCd=110&Type=search" }, "geometry": { "type": "Point", "coordinates": [ 140.111894400000011, 35.5329842 ] } },
{ "type": "Feature", "properties": { "内容": "合の家ケアステーション【訪問介護】千葉県市原市ちはら台東4-11-20", "url2": "https://www.kaigokensaku.mhlw.go.jp/12/index.php?action_kouhyou_detail_004_kani=true&JigyosyoCd=1272404532-00&ServiceCd=110&Type=search" }, "geometry": { "type": "Point", "coordinates": [ 140.1930495, 35.5406082 ] } },
{ "type": "Feature", "properties": { "内容": "KT姉崎ヘルパーステーション【訪問介護】千葉県市原市姉崎1575-18", "url2": "https://www.kaigokensaku.mhlw.go.jp/12/index.php?action_kouhyou_detail_004_kani=true&JigyosyoCd=1272400142-00&ServiceCd=110&Type=search" }, "geometry": { "type": "Point", "coordinates": [ 140.054798299999987, 35.481586100000015 ] } },
{ "type": "Feature", "properties": { "内容": "ムツミヘルパーステーション【訪問介護】千葉県市原市姉崎東三丁目3番地7", "url2": "https://www.kaigokensaku.mhlw.go.jp/12/index.php?action_kouhyou_detail_004_kani=true&JigyosyoCd=1272400829-00&ServiceCd=110&Type=search" }, "geometry": { "type": "Point", "coordinates": [ 140.041399299999966, 35.4768392 ] } },
{ "type": "Feature", "properties": { "内容": "市原ムツミヘルパーステーション【訪問介護】千葉県市原市山田835番地1", "url2": "https://www.kaigokensaku.mhlw.go.jp/12/index.php?action_kouhyou_detail_004_kani=true&JigyosyoCd=1272401561-00&ServiceCd=110&Type=search" }, "geometry": { "type": "Point", "coordinates": [ 140.12390634425924, 35.464629987519729 ] } },
{ "type": "Feature", "properties": { "内容": "ケイ・ティ・グループヘルパーステーションHanaちはら台【訪問介護】千葉県市原市ちはら台西5-23-6ちはら台中央センター201号室", "url2": "https://www.kaigokensaku.mhlw.go.jp/12/index.php?action_kouhyou_detail_004_kani=true&JigyosyoCd=1272403534-00&ServiceCd=110&Type=search" }, "geometry": { "type": "Point", "coordinates": [ 140.182181200000059, 35.5267074 ] } },
{ "type": "Feature", "properties": { "内容": "東友ヘルパーステーション姉崎【訪問介護】千葉県市原市姉崎５９１－８", "url2": "https://www.kaigokensaku.mhlw.go.jp/12/index.php?action_kouhyou_detail_004_kani=true&JigyosyoCd=1272403351-00&ServiceCd=110&Type=search" }, "geometry": { "type": "Point", "coordinates": [ 140.0456036, 35.4785376 ] } },
{ "type": "Feature", "properties": { "内容": "ＳＯＭＰＯケア市原訪問介護【訪問介護】千葉県市原市八幡400-1富士ビル1Ｆ", "url2": "https://www.kaigokensaku.mhlw.go.jp/12/index.php?action_kouhyou_detail_004_kani=true&JigyosyoCd=1272403757-00&ServiceCd=110&Type=search" }, "geometry": { "type": "Point", "coordinates": [ 140.12121060000004, 35.5308894 ] } },
{ "type": "Feature", "properties": { "内容": "あい家族ヘルパーステーション【訪問介護】千葉県市原市飯沼713-1", "url2": "https://www.kaigokensaku.mhlw.go.jp/12/index.php?action_kouhyou_detail_004_kani=true&JigyosyoCd=1272403542-00&ServiceCd=110&Type=search" }, "geometry": { "type": "Point", "coordinates": [ 140.078932500000036, 35.5019374 ] } },
{ "type": "Feature", "properties": { "内容": "れんげケアサービス【訪問介護】千葉県市原市牛久814-1", "url2": "https://www.kaigokensaku.mhlw.go.jp/12/index.php?action_kouhyou_detail_004_kani=true&JigyosyoCd=1272404649-00&ServiceCd=110&Type=search" }, "geometry": { "type": "Point", "coordinates": [ 140.13987457702126, 35.405040108698635 ] } },
{ "type": "Feature", "properties": { "内容": "椿の丘訪問介護ステーション【訪問介護】千葉県市原市光風台2-381-5", "url2": "https://www.kaigokensaku.mhlw.go.jp/12/index.php?action_kouhyou_detail_004_kani=true&JigyosyoCd=1272404441-00&ServiceCd=110&Type=search" }, "geometry": { "type": "Point", "coordinates": [ 140.1131385, 35.4474225 ] } },
{ "type": "Feature", "properties": { "内容": "ヘルスケアライン訪問介護事業所【訪問介護】千葉県市原市岩崎839-8", "url2": "https://www.kaigokensaku.mhlw.go.jp/12/index.php?action_kouhyou_detail_004_kani=true&JigyosyoCd=1272402858-00&ServiceCd=110&Type=search" }, "geometry": { "type": "Point", "coordinates": [ 140.078214636818956, 35.52527913832386 ] } },
{ "type": "Feature", "properties": { "内容": "結家ヘルパーステーション【訪問介護】千葉県市原市草刈982", "url2": "https://www.kaigokensaku.mhlw.go.jp/12/index.php?action_kouhyou_detail_004_kani=true&JigyosyoCd=1272404078-00&ServiceCd=110&Type=search" }, "geometry": { "type": "Point", "coordinates": [ 140.163048300000014, 35.5334988 ] } },
{ "type": "Feature", "properties": { "内容": "コルザ市原【訪問介護】千葉県市原市中高根６９９番地２", "url2": "https://www.kaigokensaku.mhlw.go.jp/12/index.php?action_kouhyou_detail_004_kani=true&JigyosyoCd=1272404821-00&ServiceCd=110&Type=search" }, "geometry": { "type": "Point", "coordinates": [ 140.115214306745912, 35.439693558012181 ] } },
{ "type": "Feature", "properties": { "内容": "在宅アシスト和気あいあい【訪問介護】千葉県市原市姉崎２５８０－１", "url2": "https://www.kaigokensaku.mhlw.go.jp/12/index.php?action_kouhyou_detail_004_kani=true&JigyosyoCd=1272403062-00&ServiceCd=110&Type=search" }, "geometry": { "type": "Point", "coordinates": [ 140.058626512008715, 35.47795688614945 ] } },
{ "type": "Feature", "properties": { "内容": "ケアセンターここねッ【訪問介護】千葉県市原市山田橋1-15-1", "url2": "https://www.kaigokensaku.mhlw.go.jp/12/index.php?action_kouhyou_detail_004_kani=true&JigyosyoCd=1272404425-00&ServiceCd=110&Type=search" }, "geometry": { "type": "Point", "coordinates": [ 140.123245, 35.4992049 ] } },
{ "type": "Feature", "properties": { "内容": "トータス訪問介護ステーション【訪問介護】千葉県市原市鶴舞559‐1", "url2": "https://www.kaigokensaku.mhlw.go.jp/12/index.php?action_kouhyou_detail_004_kani=true&JigyosyoCd=1272402684-00&ServiceCd=110&Type=search" }, "geometry": { "type": "Point", "coordinates": [ 140.184235700000045, 35.3871258 ] } },
{ "type": "Feature", "properties": { "内容": "生活クラブ風の村介護ステーション市原【訪問介護】千葉県市原市惣社1-12-28", "url2": "https://www.kaigokensaku.mhlw.go.jp/12/index.php?action_kouhyou_detail_004_kani=true&JigyosyoCd=1272401066-00&ServiceCd=110&Type=search" }, "geometry": { "type": "Point", "coordinates": [ 140.112398399999961, 35.4941437 ] } },
{ "type": "Feature", "properties": { "内容": "ケアサービスブルーバード【訪問介護】千葉県市原市青柳70-1グランディールⅡ　103", "url2": "https://www.kaigokensaku.mhlw.go.jp/12/index.php?action_kouhyou_detail_004_kani=true&JigyosyoCd=1272404490-00&ServiceCd=110&Type=search" }, "geometry": { "type": "Point", "coordinates": [ 140.0585609, 35.5022075 ] } },
{ "type": "Feature", "properties": { "内容": "有限会社　ほほえみケアセンタ－【訪問介護】千葉県市原市東国分寺台３－１－９", "url2": "https://www.kaigokensaku.mhlw.go.jp/12/index.php?action_kouhyou_detail_004_kani=true&JigyosyoCd=1272401322-00&ServiceCd=110&Type=search" }, "geometry": { "type": "Point", "coordinates": [ 140.122211399999969, 35.4916414 ] } },
{ "type": "Feature", "properties": { "内容": "特定非営利活動法人たすけあい麦【訪問介護】千葉県市原市国分寺台中央1-3-1マンション祗園Ｅ号室", "url2": "https://www.kaigokensaku.mhlw.go.jp/12/index.php?action_kouhyou_detail_004_kani=true&JigyosyoCd=1272400530-00&ServiceCd=110&Type=search" }, "geometry": { "type": "Point", "coordinates": [ 140.114401, 35.4992319 ] } },
{ "type": "Feature", "properties": { "内容": "ゆぴあ４７【訪問介護】千葉県市原市東五所１番地１０", "url2": "https://www.kaigokensaku.mhlw.go.jp/12/index.php?action_kouhyou_detail_004_kani=true&JigyosyoCd=1272404854-00&ServiceCd=110&Type=search" }, "geometry": { "type": "Point", "coordinates": [ 140.114024079759389, 35.524725534709205 ] } },
{ "type": "Feature", "properties": { "内容": "市原園在宅介護支援センター【訪問介護】千葉県市原市万田野７３２番地6", "url2": "https://www.kaigokensaku.mhlw.go.jp/12/index.php?action_kouhyou_detail_004_kani=true&JigyosyoCd=1272400027-00&ServiceCd=110&Type=search" }, "geometry": { "type": "Point", "coordinates": [ 140.1238727, 35.3220892 ] } },
{ "type": "Feature", "properties": { "内容": "訪問介護事業所CHIKAI【訪問介護】千葉県市原市東国分寺台５－７－９ビストロド山田橋１０３", "url2": "https://www.kaigokensaku.mhlw.go.jp/12/index.php?action_kouhyou_detail_004_kani=true&JigyosyoCd=1272404672-00&ServiceCd=110&Type=search" }, "geometry": { "type": "Point", "coordinates": [ 140.1185601, 35.5047081 ] } },
{ "type": "Feature", "properties": { "内容": "介護サービス友乃家白金事業所【訪問介護】千葉県市原市五所1352-3", "url2": "https://www.kaigokensaku.mhlw.go.jp/12/index.php?action_kouhyou_detail_004_kani=true&JigyosyoCd=1272402262-00&ServiceCd=110&Type=search" }, "geometry": { "type": "Point", "coordinates": [ 140.106412099999943, 35.52586460000002 ] } },
{ "type": "Feature", "properties": { "内容": "ヘルパーステーションめろでぃー【訪問介護】千葉県市原市新堀1334番地", "url2": "https://www.kaigokensaku.mhlw.go.jp/12/index.php?action_kouhyou_detail_004_kani=true&JigyosyoCd=1272404557-00&ServiceCd=110&Type=search" }, "geometry": { "type": "Point", "coordinates": [ 140.1383712, 35.4638445 ] } },
{ "type": "Feature", "properties": { "内容": "訪問介護のことの葉【訪問介護】千葉県市原市江子田95-8", "url2": "https://www.kaigokensaku.mhlw.go.jp/12/index.php?action_kouhyou_detail_004_kani=true&JigyosyoCd=1272404987-00&ServiceCd=110&Type=search" }, "geometry": { "type": "Point", "coordinates": [ 140.149758299999974, 35.391569900000015 ] } },
{ "type": "Feature", "properties": { "内容": "けあらーず流山指定訪問介護事業所【訪問介護】千葉県流山市松ケ丘1丁目475-82フラットケン南柏　202号", "url2": "https://www.kaigokensaku.mhlw.go.jp/12/index.php?action_kouhyou_detail_004_kani=true&JigyosyoCd=1272501600-00&ServiceCd=110&Type=search" }, "geometry": { "type": "Point", "coordinates": [ 139.951377500000035, 35.8478478 ] } },
{ "type": "Feature", "properties": { "内容": "アイカーサ流山介護事業所【訪問介護】千葉県流山市後平井200-3アイカーサ流山1F", "url2": "https://www.kaigokensaku.mhlw.go.jp/12/index.php?action_kouhyou_detail_004_kani=true&JigyosyoCd=1272502111-00&ServiceCd=110&Type=search" }, "geometry": { "type": "Point", "coordinates": [ 139.916550903704803, 35.855711808692817 ] } },
{ "type": "Feature", "properties": { "内容": "木下の介護　流山【訪問介護】千葉県流山市東初石3-128-13リアンレーヴ流山", "url2": "https://www.kaigokensaku.mhlw.go.jp/12/index.php?action_kouhyou_detail_004_kani=true&JigyosyoCd=1272502608-00&ServiceCd=110&Type=search" }, "geometry": { "type": "Point", "coordinates": [ 139.92269630533869, 35.881160729800804 ] } },
{ "type": "Feature", "properties": { "内容": "ホームヘルプサービス　ソラスト流山【訪問介護】千葉県流山市松ヶ丘5-732-1", "url2": "https://www.kaigokensaku.mhlw.go.jp/12/index.php?action_kouhyou_detail_004_kani=true&JigyosyoCd=1272502541-00&ServiceCd=110&Type=search" }, "geometry": { "type": "Point", "coordinates": [ 139.9495756, 35.8510312 ] } },
{ "type": "Feature", "properties": { "内容": "だいだいの木【訪問介護】千葉県流山市東深井172-1コーポ坂巻101", "url2": "https://www.kaigokensaku.mhlw.go.jp/12/index.php?action_kouhyou_detail_004_kani=true&JigyosyoCd=1272503150-00&ServiceCd=110&Type=search" }, "geometry": { "type": "Point", "coordinates": [ 139.907331199999987, 35.909447 ] } },
{ "type": "Feature", "properties": { "内容": "訪問介護ステーション　帆音【訪問介護】千葉県流山市江戸川台西2-181-2チヨ洋装ビル1階", "url2": "https://www.kaigokensaku.mhlw.go.jp/12/index.php?action_kouhyou_detail_004_kani=true&JigyosyoCd=1272503283-00&ServiceCd=110&Type=search" }, "geometry": { "type": "Point", "coordinates": [ 139.910684, 35.8961418 ] } },
{ "type": "Feature", "properties": { "内容": "あいの実介護【訪問介護】千葉県流山市加4-6-8コーポトネ102号室", "url2": "https://www.kaigokensaku.mhlw.go.jp/12/index.php?action_kouhyou_detail_004_kani=true&JigyosyoCd=1272503366-00&ServiceCd=110&Type=search" }, "geometry": { "type": "Point", "coordinates": [ 139.903954199999987, 35.864342 ] } },
{ "type": "Feature", "properties": { "内容": "健康倶楽部江戸川台訪問介護事業所【訪問介護】千葉県流山市美原4-198クラシックレジデンス江戸川台", "url2": "https://www.kaigokensaku.mhlw.go.jp/12/index.php?action_kouhyou_detail_004_kani=true&JigyosyoCd=1272501410-00&ServiceCd=110&Type=search" }, "geometry": { "type": "Point", "coordinates": [ 139.9052309, 35.8999606 ] } },
{ "type": "Feature", "properties": { "内容": "社会福祉法人流山市社会福祉協議会　訪問介護事業所【訪問介護】千葉県流山市平和台2-1-2流山市ケアセンター3階", "url2": "https://www.kaigokensaku.mhlw.go.jp/12/index.php?action_kouhyou_detail_004_kani=true&JigyosyoCd=1272502525-00&ServiceCd=110&Type=search" }, "geometry": { "type": "Point", "coordinates": [ 139.9032076, 35.854851500000017 ] } },
{ "type": "Feature", "properties": { "内容": "特定非営利活動法人思いやりのあるまちづくりの会ふれあい【訪問介護】千葉県流山市南流山1-19-12", "url2": "https://www.kaigokensaku.mhlw.go.jp/12/index.php?action_kouhyou_detail_004_kani=true&JigyosyoCd=1272500578-00&ServiceCd=110&Type=search" }, "geometry": { "type": "Point", "coordinates": [ 139.907088199999976, 35.837407 ] } },
{ "type": "Feature", "properties": { "内容": "訪問介護ステーション　太陽【訪問介護】千葉県流山市流山8-1192-1", "url2": "https://www.kaigokensaku.mhlw.go.jp/12/index.php?action_kouhyou_detail_004_kani=true&JigyosyoCd=1272503333-00&ServiceCd=110&Type=search" }, "geometry": { "type": "Point", "coordinates": [ 139.8962345, 35.8467154 ] } },
{ "type": "Feature", "properties": { "内容": "ニチイケアセンター江戸川台【訪問介護】千葉県流山市江戸川台東3-155-3堀川店舗A", "url2": "https://www.kaigokensaku.mhlw.go.jp/12/index.php?action_kouhyou_detail_004_kani=true&JigyosyoCd=1272502863-00&ServiceCd=110&Type=search" }, "geometry": { "type": "Point", "coordinates": [ 139.915488, 35.899423900000016 ] } },
{ "type": "Feature", "properties": { "内容": "SlowLife55　訪問介護総合事業所【訪問介護】千葉県流山市宮園2-22-10", "url2": "https://www.kaigokensaku.mhlw.go.jp/12/index.php?action_kouhyou_detail_004_kani=true&JigyosyoCd=1272502814-00&ServiceCd=110&Type=search" }, "geometry": { "type": "Point", "coordinates": [ 139.916021879457958, 35.845276461689835 ] } },
{ "type": "Feature", "properties": { "内容": "ニチイケアセンター　流山北【訪問介護】千葉県流山市東初石4-187-19", "url2": "https://www.kaigokensaku.mhlw.go.jp/12/index.php?action_kouhyou_detail_004_kani=true&JigyosyoCd=1272500214-00&ServiceCd=110&Type=search" }, "geometry": { "type": "Point", "coordinates": [ 139.9234103, 35.8840996 ] } },
{ "type": "Feature", "properties": { "内容": "秋桜ヴィレッジ南流山訪問介護事業所【訪問介護】千葉県流山市南流山6-8-15", "url2": "https://www.kaigokensaku.mhlw.go.jp/12/index.php?action_kouhyou_detail_004_kani=true&JigyosyoCd=1272502301-00&ServiceCd=110&Type=search" }, "geometry": { "type": "Point", "coordinates": [ 139.897967839794404, 35.836134833968629 ] } },
{ "type": "Feature", "properties": { "内容": "めいと流山運河訪問介護事業所【訪問介護】千葉県流山市東深井248-1めいと流山運河", "url2": "https://www.kaigokensaku.mhlw.go.jp/12/index.php?action_kouhyou_detail_004_kani=true&JigyosyoCd=1272503325-00&ServiceCd=110&Type=search" }, "geometry": { "type": "Point", "coordinates": [ 139.905573, 35.911521800000024 ] } },
{ "type": "Feature", "properties": { "内容": "めいと南流山訪問介護事業所【訪問介護】千葉県流山市南流山4-12-11", "url2": "https://www.kaigokensaku.mhlw.go.jp/12/index.php?action_kouhyou_detail_004_kani=true&JigyosyoCd=1272503168-00&ServiceCd=110&Type=search" }, "geometry": { "type": "Point", "coordinates": [ 139.9027384, 35.8410882 ] } },
{ "type": "Feature", "properties": { "内容": "訪問介護ひなた　ながれやま【訪問介護】千葉県流山市平和台2-3-111階", "url2": "https://www.kaigokensaku.mhlw.go.jp/12/index.php?action_kouhyou_detail_004_kani=true&JigyosyoCd=1272503523-00&ServiceCd=110&Type=search" }, "geometry": { "type": "Point", "coordinates": [ 139.9026045, 35.8537498 ] } },
{ "type": "Feature", "properties": { "内容": "医心館訪問介護ステーション流山おおたかの森【訪問介護】千葉県流山市おおたかの森西4丁目2番1", "url2": "https://www.kaigokensaku.mhlw.go.jp/12/index.php?action_kouhyou_detail_004_kani=true&JigyosyoCd=1272502988-00&ServiceCd=110&Type=search" }, "geometry": { "type": "Point", "coordinates": [ 139.9197638, 35.8759643 ] } },
{ "type": "Feature", "properties": { "内容": "ホームヘルパーステーション春の苑【訪問介護】千葉県流山市東深井520-1", "url2": "https://www.kaigokensaku.mhlw.go.jp/12/index.php?action_kouhyou_detail_004_kani=true&JigyosyoCd=1272501154-00&ServiceCd=110&Type=search" }, "geometry": { "type": "Point", "coordinates": [ 139.91305710000006, 35.9158473 ] } },
{ "type": "Feature", "properties": { "内容": "ヘルパーステイションあざみ苑【訪問介護】千葉県流山市野々下2丁目488番地5", "url2": "https://www.kaigokensaku.mhlw.go.jp/12/index.php?action_kouhyou_detail_004_kani=true&JigyosyoCd=1272500180-00&ServiceCd=110&Type=search" }, "geometry": { "type": "Point", "coordinates": [ 139.9324464, 35.8587098 ] } },
{ "type": "Feature", "properties": { "内容": "有限会社ふじ介護サービス【訪問介護】千葉県流山市富士見台２－５－１小田急ハイツ２２－３０６", "url2": "https://www.kaigokensaku.mhlw.go.jp/12/index.php?action_kouhyou_detail_004_kani=true&JigyosyoCd=1272500677-00&ServiceCd=110&Type=search" }, "geometry": { "type": "Point", "coordinates": [ 139.903511799999961, 35.893886699999989 ] } },
{ "type": "Feature", "properties": { "内容": "流山やわらぎ【訪問介護】千葉県流山市東深井880-115サニーライフ流山内", "url2": "https://www.kaigokensaku.mhlw.go.jp/12/index.php?action_kouhyou_detail_004_kani=true&JigyosyoCd=1272501691-00&ServiceCd=110&Type=search" }, "geometry": { "type": "Point", "coordinates": [ 139.910099809725239, 35.908105439713054 ] } },
{ "type": "Feature", "properties": { "内容": "ヘルパーステーション和楽久流山【訪問介護】千葉県流山市西深井593-1", "url2": "https://www.kaigokensaku.mhlw.go.jp/12/index.php?action_kouhyou_detail_004_kani=true&JigyosyoCd=1272502491-00&ServiceCd=110&Type=search" }, "geometry": { "type": "Point", "coordinates": [ 139.903307199999972, 35.9099931 ] } },
{ "type": "Feature", "properties": { "内容": "マザアス訪問介護事業所【訪問介護】千葉県流山市向小金2-432マザアスケアセンター南柏", "url2": "https://www.kaigokensaku.mhlw.go.jp/12/index.php?action_kouhyou_detail_004_kani=true&JigyosyoCd=1272501881-00&ServiceCd=110&Type=search" }, "geometry": { "type": "Point", "coordinates": [ 139.950832726103272, 35.84175304520069 ] } },
{ "type": "Feature", "properties": { "内容": "医心館訪問介護ステーション南流山【訪問介護】千葉県流山市南流山2丁目18－3", "url2": "https://www.kaigokensaku.mhlw.go.jp/12/index.php?action_kouhyou_detail_004_kani=true&JigyosyoCd=1272503291-00&ServiceCd=110&Type=search" }, "geometry": { "type": "Point", "coordinates": [ 139.9026208, 35.8369389 ] } },
{ "type": "Feature", "properties": { "内容": "合同会社スマイルケア【訪問介護】千葉県流山市南流山8-18-1鈴田荘202", "url2": "https://www.kaigokensaku.mhlw.go.jp/12/index.php?action_kouhyou_detail_004_kani=true&JigyosyoCd=1272502335-00&ServiceCd=110&Type=search" }, "geometry": { "type": "Point", "coordinates": [ 139.894505900000013, 35.8382568 ] } },
{ "type": "Feature", "properties": { "内容": "流山ユー・アイネット訪問介護センター【訪問介護】千葉県流山市東深井８６５－４４", "url2": "https://www.kaigokensaku.mhlw.go.jp/12/index.php?action_kouhyou_detail_004_kani=true&JigyosyoCd=1272500438-00&ServiceCd=110&Type=search" }, "geometry": { "type": "Point", "coordinates": [ 139.9095605, 35.9102952 ] } },
{ "type": "Feature", "properties": { "内容": "GTLケアサービス流山【訪問介護】千葉県流山市おおたかの森南一丁目２５番地の４", "url2": "https://www.kaigokensaku.mhlw.go.jp/12/index.php?action_kouhyou_detail_004_kani=true&JigyosyoCd=1272501246-00&ServiceCd=110&Type=search" }, "geometry": { "type": "Point", "coordinates": [ 139.92264069140171, 35.869215548345963 ] } },
{ "type": "Feature", "properties": { "内容": "ミアヘルサホームヘルプ流山運河【訪問介護】千葉県流山市西深井789-1", "url2": "https://www.kaigokensaku.mhlw.go.jp/12/index.php?action_kouhyou_detail_004_kani=true&JigyosyoCd=1272503440-00&ServiceCd=110&Type=search" }, "geometry": { "type": "Point", "coordinates": [ 139.901168899999988, 35.914523679878499 ] } },
{ "type": "Feature", "properties": { "内容": "フォセットケアセンター流山初石【訪問介護】千葉県流山市西初石3-1-1フォセット流山初石", "url2": "https://www.kaigokensaku.mhlw.go.jp/12/index.php?action_kouhyou_detail_004_kani=true&JigyosyoCd=1272502582-00&ServiceCd=110&Type=search" }, "geometry": { "type": "Point", "coordinates": [ 139.91145860000006, 35.8838162 ] } },
{ "type": "Feature", "properties": { "内容": "ライブラリ流山訪問介護事業所【訪問介護】千葉県流山市西初石1-772-1ライブラリ初石1F", "url2": "https://www.kaigokensaku.mhlw.go.jp/12/index.php?action_kouhyou_detail_004_kani=true&JigyosyoCd=1272502152-00&ServiceCd=110&Type=search" }, "geometry": { "type": "Point", "coordinates": [ 139.912165415838672, 35.88913027587806 ] } },
{ "type": "Feature", "properties": { "内容": "そえる流山訪問介護事業所【訪問介護】千葉県流山市松ヶ丘2-320-109櫻井ビル301", "url2": "https://www.kaigokensaku.mhlw.go.jp/12/index.php?action_kouhyou_detail_004_kani=true&JigyosyoCd=1272502855-00&ServiceCd=110&Type=search" }, "geometry": { "type": "Point", "coordinates": [ 139.9502879, 35.8472583 ] } },
{ "type": "Feature", "properties": { "内容": "お結び介護事業所【訪問介護】千葉県流山市南流山３－１６－１０鎗田ビル３０１", "url2": "https://www.kaigokensaku.mhlw.go.jp/12/index.php?action_kouhyou_detail_004_kani=true&JigyosyoCd=1272502889-00&ServiceCd=110&Type=search" }, "geometry": { "type": "Point", "coordinates": [ 139.900018899999964, 35.8409085 ] } },
{ "type": "Feature", "properties": { "内容": "ひばりサービス流山センター【訪問介護】千葉県流山市西初石3-103-10S,Sフラット1F", "url2": "https://www.kaigokensaku.mhlw.go.jp/12/index.php?action_kouhyou_detail_004_kani=true&JigyosyoCd=1272502798-00&ServiceCd=110&Type=search" }, "geometry": { "type": "Point", "coordinates": [ 139.917369600000029, 35.8832321 ] } },
{ "type": "Feature", "properties": { "内容": "ヘルパーステーションきずな【訪問介護】千葉県流山市江戸川台西2-164江戸川台西口ビル101", "url2": "https://www.kaigokensaku.mhlw.go.jp/12/index.php?action_kouhyou_detail_004_kani=true&JigyosyoCd=1272503465-00&ServiceCd=110&Type=search" }, "geometry": { "type": "Point", "coordinates": [ 139.9104439, 35.8965832 ] } },
{ "type": "Feature", "properties": { "内容": "訪問介護事業所心愛【訪問介護】千葉県流山市松ヶ丘４－５１４－２１６アルカディア柏２０２", "url2": "https://www.kaigokensaku.mhlw.go.jp/12/index.php?action_kouhyou_detail_004_kani=true&JigyosyoCd=1272503028-00&ServiceCd=110&Type=search" }, "geometry": { "type": "Point", "coordinates": [ 139.943531400000012, 35.8601139 ] } },
{ "type": "Feature", "properties": { "内容": "生活クラブ風の村介護ステーション流山【訪問介護】千葉県流山市東深井20-29", "url2": "https://www.kaigokensaku.mhlw.go.jp/12/index.php?action_kouhyou_detail_004_kani=true&JigyosyoCd=1272500727-00&ServiceCd=110&Type=search" }, "geometry": { "type": "Point", "coordinates": [ 139.903121211470079, 35.9064477300834 ] } },
{ "type": "Feature", "properties": { "内容": "幸介護ステーション【訪問介護】千葉県流山市富士見台2-5-4小田急ハイツ7-103", "url2": "https://www.kaigokensaku.mhlw.go.jp/12/index.php?action_kouhyou_detail_004_kani=true&JigyosyoCd=1272501188-00&ServiceCd=110&Type=search" }, "geometry": { "type": "Point", "coordinates": [ 139.902678299999934, 35.8924391 ] } },
{ "type": "Feature", "properties": { "内容": "訪問介護ステーションさくらの杜【訪問介護】千葉県流山市東深井386-14", "url2": "https://www.kaigokensaku.mhlw.go.jp/12/index.php?action_kouhyou_detail_004_kani=true&JigyosyoCd=1272503382-00&ServiceCd=110&Type=search" }, "geometry": { "type": "Point", "coordinates": [ 139.906364121426378, 35.912965076781163 ] } },
{ "type": "Feature", "properties": { "内容": "春花ケアサービス【訪問介護】千葉県流山市南流山1-9-2フラーツ南流山103号", "url2": "https://www.kaigokensaku.mhlw.go.jp/12/index.php?action_kouhyou_detail_004_kani=true&JigyosyoCd=1272502129-00&ServiceCd=110&Type=search" }, "geometry": { "type": "Point", "coordinates": [ 139.9052, 35.8392936 ] } },
{ "type": "Feature", "properties": { "内容": "有限会社アサヒテクノ福祉事業部沙羅【訪問介護】千葉県流山市西深井821-26中村コーポII　105", "url2": "https://www.kaigokensaku.mhlw.go.jp/12/index.php?action_kouhyou_detail_004_kani=true&JigyosyoCd=1272501113-00&ServiceCd=110&Type=search" }, "geometry": { "type": "Point", "coordinates": [ 139.901883, 35.9170192 ] } },
{ "type": "Feature", "properties": { "内容": "花いちりん流山【訪問介護】千葉県流山市美原４－１２０３－１", "url2": "https://www.kaigokensaku.mhlw.go.jp/12/index.php?action_kouhyou_detail_004_kani=true&JigyosyoCd=1272501048-00&ServiceCd=110&Type=search" }, "geometry": { "type": "Point", "coordinates": [ 139.9060558, 35.9016075 ] } },
{ "type": "Feature", "properties": { "内容": "アミカ流山おおたかの森介護センター【訪問介護】千葉県流山市おおたかの森西1-23-3", "url2": "https://www.kaigokensaku.mhlw.go.jp/12/index.php?action_kouhyou_detail_004_kani=true&JigyosyoCd=1272503192-00&ServiceCd=110&Type=search" }, "geometry": { "type": "Point", "coordinates": [ 139.919406419960012, 35.870572482916423 ] } },
{ "type": "Feature", "properties": { "内容": "ヘルパーステーションハイムガーデン南流山【訪問介護】千葉県流山市南流山10-3-7", "url2": "https://www.kaigokensaku.mhlw.go.jp/12/index.php?action_kouhyou_detail_004_kani=true&JigyosyoCd=1272502673-00&ServiceCd=110&Type=search" }, "geometry": { "type": "Point", "coordinates": [ 139.902090937019295, 35.833958830756345 ] } },
{ "type": "Feature", "properties": { "内容": "ニチイライフケア松ヶ丘公園ヘルパーステーション【訪問介護】千葉県流山市松ヶ丘４－２９６－１ニチイメゾン松ヶ丘公園", "url2": "https://www.kaigokensaku.mhlw.go.jp/12/index.php?action_kouhyou_detail_004_kani=true&JigyosyoCd=1272503630-00&ServiceCd=110&Type=search" }, "geometry": { "type": "Point", "coordinates": [ 139.9029533, 35.8563392 ] } },
{ "type": "Feature", "properties": { "内容": "エール訪問介護ステーション【訪問介護】千葉県流山市江戸川台西２－１７４", "url2": "https://www.kaigokensaku.mhlw.go.jp/12/index.php?action_kouhyou_detail_004_kani=true&JigyosyoCd=1272500412-00&ServiceCd=110&Type=search" }, "geometry": { "type": "Point", "coordinates": [ 139.910631717860355, 35.89633499261322 ] } },
{ "type": "Feature", "properties": { "内容": "訪問介護ステーション通楽八千代【訪問介護】千葉県八千代市米本2261-1天賀八千代", "url2": "https://www.kaigokensaku.mhlw.go.jp/12/index.php?action_kouhyou_detail_004_kani=true&JigyosyoCd=1272602945-00&ServiceCd=110&Type=search" }, "geometry": { "type": "Point", "coordinates": [ 140.117835285868409, 35.75208150686327 ] } },
{ "type": "Feature", "properties": { "内容": "訪問介護事業所ハピネス【訪問介護】千葉県八千代市米本2207-8", "url2": "https://www.kaigokensaku.mhlw.go.jp/12/index.php?action_kouhyou_detail_004_kani=true&JigyosyoCd=1272601830-00&ServiceCd=110&Type=search" }, "geometry": { "type": "Point", "coordinates": [ 140.115424789549223, 35.755487873659625 ] } },
{ "type": "Feature", "properties": { "内容": "ケア・サービス花見川介護事業所【訪問介護】千葉県八千代市勝田台南２－１９－２７ｹｱ･ｻｰﾋﾞｽ花見川介護事業所", "url2": "https://www.kaigokensaku.mhlw.go.jp/12/index.php?action_kouhyou_detail_004_kani=true&JigyosyoCd=1272602374-00&ServiceCd=110&Type=search" }, "geometry": { "type": "Point", "coordinates": [ 140.1191457, 35.71108090000002 ] } },
{ "type": "Feature", "properties": { "内容": "ニッコリケアサービス【訪問介護】千葉県八千代市勝田台1-1-8江口ビル103", "url2": "https://www.kaigokensaku.mhlw.go.jp/12/index.php?action_kouhyou_detail_004_kani=true&JigyosyoCd=1272600881-00&ServiceCd=110&Type=search" }, "geometry": { "type": "Point", "coordinates": [ 140.123264400000039, 35.714654 ] } },
{ "type": "Feature", "properties": { "内容": "訪問介護のメディカライフ八千代【訪問介護】千葉県八千代市高津1024-1ナーシングホームメディカライフ八千代", "url2": "https://www.kaigokensaku.mhlw.go.jp/12/index.php?action_kouhyou_detail_004_kani=true&JigyosyoCd=1272603414-00&ServiceCd=110&Type=search" }, "geometry": { "type": "Point", "coordinates": [ 140.085457906569928, 35.719932723376758 ] } },
{ "type": "Feature", "properties": { "内容": "ベルグランデ訪問介護事業所【訪問介護】千葉県八千代市緑が丘１－３－２", "url2": "https://www.kaigokensaku.mhlw.go.jp/12/index.php?action_kouhyou_detail_004_kani=true&JigyosyoCd=1272601624-00&ServiceCd=110&Type=search" }, "geometry": { "type": "Point", "coordinates": [ 140.075180199999977, 35.7307863 ] } },
{ "type": "Feature", "properties": { "内容": "ぷらすOne介護サービス【訪問介護】千葉県八千代市八千代台西9-23-1ドエル八千代台壱番館307", "url2": "https://www.kaigokensaku.mhlw.go.jp/12/index.php?action_kouhyou_detail_004_kani=true&JigyosyoCd=1272602812-00&ServiceCd=110&Type=search" }, "geometry": { "type": "Point", "coordinates": [ 140.080917600000021, 35.6969154 ] } },
{ "type": "Feature", "properties": { "内容": "訪問介護かぼすケア【訪問介護】千葉県八千代市萱田2236-16", "url2": "https://www.kaigokensaku.mhlw.go.jp/12/index.php?action_kouhyou_detail_004_kani=true&JigyosyoCd=1272603380-00&ServiceCd=110&Type=search" }, "geometry": { "type": "Point", "coordinates": [ 140.101851733160146, 35.723817611678442 ] } },
{ "type": "Feature", "properties": { "内容": "ソフトケア八千代台店【訪問介護】千葉県八千代市八千代台西3-1-1ナガヤマビル301", "url2": "https://www.kaigokensaku.mhlw.go.jp/12/index.php?action_kouhyou_detail_004_kani=true&JigyosyoCd=1272602887-00&ServiceCd=110&Type=search" }, "geometry": { "type": "Point", "coordinates": [ 140.08424930000001, 35.699034 ] } },
{ "type": "Feature", "properties": { "内容": "学研ココファン　八千代緑が丘ヘルパーセンター【訪問介護】千葉県八千代市緑が丘2丁目7番11号", "url2": "https://www.kaigokensaku.mhlw.go.jp/12/index.php?action_kouhyou_detail_004_kani=true&JigyosyoCd=1272603182-00&ServiceCd=110&Type=search" }, "geometry": { "type": "Point", "coordinates": [ 140.069625500000029, 35.7249424 ] } },
{ "type": "Feature", "properties": { "内容": "ケアステーションペチュニア【訪問介護】千葉県八千代市保品970-7", "url2": "https://www.kaigokensaku.mhlw.go.jp/12/index.php?action_kouhyou_detail_004_kani=true&JigyosyoCd=1272602572-00&ServiceCd=110&Type=search" }, "geometry": { "type": "Point", "coordinates": [ 140.139962016329946, 35.760995369248178 ] } },
{ "type": "Feature", "properties": { "内容": "つむぎケア【訪問介護】千葉県八千代市八千代台北16-10-14", "url2": "https://www.kaigokensaku.mhlw.go.jp/12/index.php?action_kouhyou_detail_004_kani=true&JigyosyoCd=1272603968-00&ServiceCd=110&Type=search" }, "geometry": { "type": "Point", "coordinates": [ 140.10225410000001, 35.7123677 ] } },
{ "type": "Feature", "properties": { "内容": "オルオルケアベース【訪問介護】千葉県八千代市村上南3-5-3ネクサス村上406号室", "url2": "https://www.kaigokensaku.mhlw.go.jp/12/index.php?action_kouhyou_detail_004_kani=true&JigyosyoCd=1272603927-00&ServiceCd=110&Type=search" }, "geometry": { "type": "Point", "coordinates": [ 140.116254700000013, 35.7216804 ] } },
{ "type": "Feature", "properties": { "内容": "学研ココファン八千代台ヘルパーセンター【訪問介護】千葉県八千代市八千代台南3-2-22学研子ココファン八千代台", "url2": "https://www.kaigokensaku.mhlw.go.jp/12/index.php?action_kouhyou_detail_004_kani=true&JigyosyoCd=1272603497-00&ServiceCd=110&Type=search" }, "geometry": { "type": "Point", "coordinates": [ 140.088186670361324, 35.697039985452669 ] } },
{ "type": "Feature", "properties": { "内容": "株式会社福清会ふくふくケアステーション【訪問介護】千葉県八千代市八千代台西2－4－3", "url2": "https://www.kaigokensaku.mhlw.go.jp/12/index.php?action_kouhyou_detail_004_kani=true&JigyosyoCd=1272603083-00&ServiceCd=110&Type=search" }, "geometry": { "type": "Point", "coordinates": [ 140.087536300000011, 35.7027261 ] } },
{ "type": "Feature", "properties": { "内容": "カインドケア八千代【訪問介護】千葉県八千代市八千代台東5-25-27八千代台第27レジデンス102号室", "url2": "https://www.kaigokensaku.mhlw.go.jp/12/index.php?action_kouhyou_detail_004_kani=true&JigyosyoCd=1272603794-00&ServiceCd=110&Type=search" }, "geometry": { "type": "Point", "coordinates": [ 140.099979100000013, 35.7082887 ] } },
{ "type": "Feature", "properties": { "内容": "ホームケアバナナ八千代【訪問介護】千葉県八千代市大和田新田63-6飯田第7ビル201", "url2": "https://www.kaigokensaku.mhlw.go.jp/12/index.php?action_kouhyou_detail_004_kani=true&JigyosyoCd=1272603828-00&ServiceCd=110&Type=search" }, "geometry": { "type": "Point", "coordinates": [ 140.074036799999988, 35.720305 ] } },
{ "type": "Feature", "properties": { "内容": "ニチイライフケア八千代緑が丘ヘルパーステーション【訪問介護】千葉県八千代市緑ヶ丘西7-8-1", "url2": "https://www.kaigokensaku.mhlw.go.jp/12/index.php?action_kouhyou_detail_004_kani=true&JigyosyoCd=1272604032-00&ServiceCd=110&Type=search" }, "geometry": { "type": "Point", "coordinates": [ 140.0703318, 35.7404393 ] } },
{ "type": "Feature", "properties": { "内容": "特定非営利活動法人ユーアイやちよ【訪問介護】千葉県八千代市八千代台西8丁目16-１", "url2": "https://www.kaigokensaku.mhlw.go.jp/12/index.php?action_kouhyou_detail_004_kani=true&JigyosyoCd=1272600535-00&ServiceCd=110&Type=search" }, "geometry": { "type": "Point", "coordinates": [ 140.081700899999987, 35.697782 ] } },
{ "type": "Feature", "properties": { "内容": "Ｈａｎａ八千代ヘルパーステーション【訪問介護】千葉県八千代市ゆりのき台1-4-2　イワイビルⅡ201号", "url2": "https://www.kaigokensaku.mhlw.go.jp/12/index.php?action_kouhyou_detail_004_kani=true&JigyosyoCd=1272603851-00&ServiceCd=110&Type=search" }, "geometry": { "type": "Point", "coordinates": [ 140.104855, 35.7254235 ] } },
{ "type": "Feature", "properties": { "内容": "ヘルパーステーションひとつの枝【訪問介護】千葉県八千代市大和田新田949-10", "url2": "https://www.kaigokensaku.mhlw.go.jp/12/index.php?action_kouhyou_detail_004_kani=true&JigyosyoCd=1272603240-00&ServiceCd=110&Type=search" }, "geometry": { "type": "Point", "coordinates": [ 140.078164099999981, 35.7252387 ] } },
{ "type": "Feature", "properties": { "内容": "訪問介護あゆみ・六歩【訪問介護】千葉県八千代市下市場1-5-8", "url2": "https://www.kaigokensaku.mhlw.go.jp/12/index.php?action_kouhyou_detail_004_kani=true&JigyosyoCd=1272601608-00&ServiceCd=110&Type=search" }, "geometry": { "type": "Point", "coordinates": [ 140.118551991611071, 35.717397258017314 ] } },
{ "type": "Feature", "properties": { "内容": "エルケア八千代ケアセンター【訪問介護】千葉県八千代市勝田台1-35-4ラレーブ勝田台2階", "url2": "https://www.kaigokensaku.mhlw.go.jp/12/index.php?action_kouhyou_detail_004_kani=true&JigyosyoCd=1272602457-00&ServiceCd=110&Type=search" }, "geometry": { "type": "Point", "coordinates": [ 140.129419800873166, 35.713106692976105 ] } },
{ "type": "Feature", "properties": { "内容": "特定非営利活動法人テンダーケア【訪問介護】千葉県八千代市米本2207－8", "url2": "https://www.kaigokensaku.mhlw.go.jp/12/index.php?action_kouhyou_detail_004_kani=true&JigyosyoCd=1272603364-00&ServiceCd=110&Type=search" }, "geometry": { "type": "Point", "coordinates": [ 140.1152315, 35.7551103 ] } },
{ "type": "Feature", "properties": { "内容": "オラシオン【訪問介護】千葉県八千代市勝田台北3-9-25", "url2": "https://www.kaigokensaku.mhlw.go.jp/12/index.php?action_kouhyou_detail_004_kani=true&JigyosyoCd=1272603638-00&ServiceCd=110&Type=search" }, "geometry": { "type": "Point", "coordinates": [ 140.126473299999986, 35.7185822 ] } },
{ "type": "Feature", "properties": { "内容": "訪問介護・介護予防訪問介護事業所　レビー八千代【訪問介護】千葉県八千代市大和田新田408-12", "url2": "https://www.kaigokensaku.mhlw.go.jp/12/index.php?action_kouhyou_detail_004_kani=true&JigyosyoCd=1272601855-00&ServiceCd=110&Type=search" }, "geometry": { "type": "Point", "coordinates": [ 140.092078799999967, 35.7251263 ] } },
{ "type": "Feature", "properties": { "内容": "SOMPOケア八千代　訪問介護【訪問介護】千葉県八千代市ゆりのき台1-11-2ソレイユⅡ　1階", "url2": "https://www.kaigokensaku.mhlw.go.jp/12/index.php?action_kouhyou_detail_004_kani=true&JigyosyoCd=1272603166-00&ServiceCd=110&Type=search" }, "geometry": { "type": "Point", "coordinates": [ 140.102888200000052, 35.7275791 ] } },
{ "type": "Feature", "properties": { "内容": "八千代在宅介護センター【訪問介護】千葉県八千代市大和田新田312-9", "url2": "https://www.kaigokensaku.mhlw.go.jp/12/index.php?action_kouhyou_detail_004_kani=true&JigyosyoCd=1272600477-00&ServiceCd=110&Type=search" }, "geometry": { "type": "Point", "coordinates": [ 140.100905499999953, 35.7226879 ] } },
{ "type": "Feature", "properties": { "内容": "ヘルパーステーション　はなみずき【訪問介護】千葉県八千代市島田台998-4", "url2": "https://www.kaigokensaku.mhlw.go.jp/12/index.php?action_kouhyou_detail_004_kani=true&JigyosyoCd=1272600493-00&ServiceCd=110&Type=search" }, "geometry": { "type": "Point", "coordinates": [ 140.097981, 35.770422500000016 ] } },
{ "type": "Feature", "properties": { "内容": "ファーストステージ居宅介護支援センター【訪問介護】千葉県八千代市緑ヶ丘1-1-1", "url2": "https://www.kaigokensaku.mhlw.go.jp/12/index.php?action_kouhyou_detail_004_kani=true&JigyosyoCd=1272600998-00&ServiceCd=110&Type=search" }, "geometry": { "type": "Point", "coordinates": [ 140.07285550000006, 35.729578 ] } },
{ "type": "Feature", "properties": { "内容": "リアンたかつ【訪問介護】千葉県八千代市大和田新田125-86", "url2": "https://www.kaigokensaku.mhlw.go.jp/12/index.php?action_kouhyou_detail_004_kani=true&JigyosyoCd=1272602663-00&ServiceCd=110&Type=search" }, "geometry": { "type": "Point", "coordinates": [ 140.081537123387079, 35.722123362092937 ] } },
{ "type": "Feature", "properties": { "内容": "ケアーズ訪問介護事業所【訪問介護】千葉県八千代市吉橋1163", "url2": "https://www.kaigokensaku.mhlw.go.jp/12/index.php?action_kouhyou_detail_004_kani=true&JigyosyoCd=1272602903-00&ServiceCd=110&Type=search" }, "geometry": { "type": "Point", "coordinates": [ 140.083978500000057, 35.740910600000014 ] } },
{ "type": "Feature", "properties": { "内容": "ニチイケアセンター八千代【訪問介護】千葉県八千代市八千代台東1-5-1　メゾン八千代台ビル２階", "url2": "https://www.kaigokensaku.mhlw.go.jp/12/index.php?action_kouhyou_detail_004_kani=true&JigyosyoCd=1272600170-00&ServiceCd=110&Type=search" }, "geometry": { "type": "Point", "coordinates": [ 140.092720900000018, 35.6995504 ] } },
{ "type": "Feature", "properties": { "内容": "ケアハート訪問介護事業所【訪問介護】千葉県八千代市吉橋１１６１－４", "url2": "https://www.kaigokensaku.mhlw.go.jp/12/index.php?action_kouhyou_detail_004_kani=true&JigyosyoCd=1272601483-00&ServiceCd=110&Type=search" }, "geometry": { "type": "Point", "coordinates": [ 140.083781400000021, 35.7406773 ] } },
{ "type": "Feature", "properties": { "内容": "グリーンヒル八千代台訪問介護【訪問介護】千葉県八千代市八千代台南1-24-22", "url2": "https://www.kaigokensaku.mhlw.go.jp/12/index.php?action_kouhyou_detail_004_kani=true&JigyosyoCd=1272601665-00&ServiceCd=110&Type=search" }, "geometry": { "type": "Point", "coordinates": [ 140.090409683405738, 35.697153879228246 ] } },
{ "type": "Feature", "properties": { "内容": "ヘルパーステーション　オガール八千代台【訪問介護】千葉県八千代市八千代台西8-15-7", "url2": "https://www.kaigokensaku.mhlw.go.jp/12/index.php?action_kouhyou_detail_004_kani=true&JigyosyoCd=1272602960-00&ServiceCd=110&Type=search" }, "geometry": { "type": "Point", "coordinates": [ 140.08210639999993, 35.697782 ] } },
{ "type": "Feature", "properties": { "内容": "アネラ訪問介護ステーション【訪問介護】千葉県八千代市高津491-1アルプローズ1A", "url2": "https://www.kaigokensaku.mhlw.go.jp/12/index.php?action_kouhyou_detail_004_kani=true&JigyosyoCd=1272603562-00&ServiceCd=110&Type=search" }, "geometry": { "type": "Point", "coordinates": [ 140.0860491, 35.7153162 ] } },
{ "type": "Feature", "properties": { "内容": "ヘルパーステーションわかば【訪問介護】千葉県八千代市大和田新田15-1-13-109", "url2": "https://www.kaigokensaku.mhlw.go.jp/12/index.php?action_kouhyou_detail_004_kani=true&JigyosyoCd=1272600709-00&ServiceCd=110&Type=search" }, "geometry": { "type": "Point", "coordinates": [ 140.078207499999962, 35.7207156 ] } },
{ "type": "Feature", "properties": { "内容": "青い鳥指定訪問介護事業所【訪問介護】千葉県八千代市保品961-2", "url2": "https://www.kaigokensaku.mhlw.go.jp/12/index.php?action_kouhyou_detail_004_kani=true&JigyosyoCd=1272600584-00&ServiceCd=110&Type=search" }, "geometry": { "type": "Point", "coordinates": [ 140.141184, 35.7610377 ] } },
{ "type": "Feature", "properties": { "内容": "ライフパートナー訪問介護事業所【訪問介護】千葉県八千代市大和田新田229-2", "url2": "https://www.kaigokensaku.mhlw.go.jp/12/index.php?action_kouhyou_detail_004_kani=true&JigyosyoCd=1272600923-00&ServiceCd=110&Type=search" }, "geometry": { "type": "Point", "coordinates": [ 140.096618710281405, 35.717249732807943 ] } },
{ "type": "Feature", "properties": { "内容": "ラウンド＆ケアヘルパーステーション八千代台【訪問介護】千葉県八千代市八千代台西1-6-2梅翁ビル３階", "url2": "https://www.kaigokensaku.mhlw.go.jp/12/index.php?action_kouhyou_detail_004_kani=true&JigyosyoCd=1272603901-00&ServiceCd=110&Type=search" }, "geometry": { "type": "Point", "coordinates": [ 140.089493299999987, 35.7013685 ] } },
{ "type": "Feature", "properties": { "内容": "ニチイケアセンター八千代村上【訪問介護】千葉県八千代市村上1597-10パーチェＳＫ　101号室", "url2": "https://www.kaigokensaku.mhlw.go.jp/12/index.php?action_kouhyou_detail_004_kani=true&JigyosyoCd=1272603273-00&ServiceCd=110&Type=search" }, "geometry": { "type": "Point", "coordinates": [ 140.1198498, 35.7279063 ] } },
{ "type": "Feature", "properties": { "内容": "ニチイケアセンター米本【訪問介護】千葉県八千代市米本2162-23米本市原店舗2階201号室", "url2": "https://www.kaigokensaku.mhlw.go.jp/12/index.php?action_kouhyou_detail_004_kani=true&JigyosyoCd=1272603349-00&ServiceCd=110&Type=search" }, "geometry": { "type": "Point", "coordinates": [ 140.114711799999981, 35.7525677 ] } },
{ "type": "Feature", "properties": { "内容": "八千代ケアコミュニティそよ風【訪問介護】千葉県八千代大和田新田917-6", "url2": "https://www.kaigokensaku.mhlw.go.jp/12/index.php?action_kouhyou_detail_004_kani=true&JigyosyoCd=1272602309-00&ServiceCd=110&Type=search" }, "geometry": { "type": "Point", "coordinates": [ 140.083410299999969, 35.7253094 ] } },
{ "type": "Feature", "properties": { "内容": "ニチイケアセンター　八千代緑が丘【訪問介護】千葉県八千代市大和田新田66-7", "url2": "https://www.kaigokensaku.mhlw.go.jp/12/index.php?action_kouhyou_detail_004_kani=true&JigyosyoCd=1272600600-00&ServiceCd=110&Type=search" }, "geometry": { "type": "Point", "coordinates": [ 140.072048779762326, 35.721459245211186 ] } },
{ "type": "Feature", "properties": { "内容": "コープみらい高津介護センター【訪問介護】千葉県八千代市大和田新田60-4飯田商事ビル　3Ｆ", "url2": "https://www.kaigokensaku.mhlw.go.jp/12/index.php?action_kouhyou_detail_004_kani=true&JigyosyoCd=1272602226-00&ServiceCd=110&Type=search" }, "geometry": { "type": "Point", "coordinates": [ 140.075654608970581, 35.720699329502672 ] } },
{ "type": "Feature", "properties": { "内容": "サンウェルズ八千代中央ヘルパーステーション【訪問介護】千葉県八千代市ゆりのき台1丁目21番1", "url2": "https://www.kaigokensaku.mhlw.go.jp/12/index.php?action_kouhyou_detail_004_kani=true&JigyosyoCd=1272603935-00&ServiceCd=110&Type=search" }, "geometry": { "type": "Point", "coordinates": [ 140.100864800000011, 35.727818 ] } },
{ "type": "Feature", "properties": { "内容": "ケアパートナー銀木犀＜八千代＞【訪問介護】千葉県八千代市大和田新田951－10", "url2": "https://www.kaigokensaku.mhlw.go.jp/12/index.php?action_kouhyou_detail_004_kani=true&JigyosyoCd=1272603109-00&ServiceCd=110&Type=search" }, "geometry": { "type": "Point", "coordinates": [ 140.0775571, 35.725002899999978 ] } },
{ "type": "Feature", "properties": { "内容": "パールケア・訪問サービス八千代【訪問介護】千葉県八千代市ゆりのき台4-7-7飯田第8ビル3F", "url2": "https://www.kaigokensaku.mhlw.go.jp/12/index.php?action_kouhyou_detail_004_kani=true&JigyosyoCd=1272602911-00&ServiceCd=110&Type=search" }, "geometry": { "type": "Point", "coordinates": [ 140.104662692918652, 35.730445873217874 ] } },
{ "type": "Feature", "properties": { "内容": "らいおんハート訪問介護八千代【訪問介護】千葉県八千代市米本2256-3", "url2": "https://www.kaigokensaku.mhlw.go.jp/12/index.php?action_kouhyou_detail_004_kani=true&JigyosyoCd=1272603539-00&ServiceCd=110&Type=search" }, "geometry": { "type": "Point", "coordinates": [ 140.1176204, 35.7516399 ] } },
{ "type": "Feature", "properties": { "内容": "ういず・ユー野の花ケアステーション八千代【訪問介護】千葉県大和田新田76-43加瀬ビル2A", "url2": "https://www.kaigokensaku.mhlw.go.jp/12/index.php?action_kouhyou_detail_004_kani=true&JigyosyoCd=1272601897-00&ServiceCd=110&Type=search" }, "geometry": { "type": "Point", "coordinates": [ 140.075844299999972, 35.7225622 ] } },
{ "type": "Feature", "properties": { "内容": "指定訪問介護事業所株式会社ケアサービス伊東てまり営業所【訪問介護】千葉県八千代市勝田台北１－５－１９", "url2": "https://www.kaigokensaku.mhlw.go.jp/12/index.php?action_kouhyou_detail_004_kani=true&JigyosyoCd=1272600592-00&ServiceCd=110&Type=search" }, "geometry": { "type": "Point", "coordinates": [ 140.124197399999957, 35.717416600000014 ] } },
{ "type": "Feature", "properties": { "内容": "勝田台病院【訪問介護】千葉県八千代市勝田７４１", "url2": "https://www.kaigokensaku.mhlw.go.jp/12/index.php?action_kouhyou_detail_004_kani=true&JigyosyoCd=1272602499-00&ServiceCd=110&Type=search" }, "geometry": { "type": "Point", "coordinates": [ 140.126529933915663, 35.705161510536321 ] } },
{ "type": "Feature", "properties": { "内容": "イリーゼ八千代台訪問介護センター【訪問介護】千葉県八千代市八千代台北4-18-14イリーゼ八千代台", "url2": "https://www.kaigokensaku.mhlw.go.jp/12/index.php?action_kouhyou_detail_004_kani=true&JigyosyoCd=1272604107-00&ServiceCd=110&Type=search" }, "geometry": { "type": "Point", "coordinates": [ 140.0938899, 35.7059509 ] } },
{ "type": "Feature", "properties": { "内容": "イリーゼ八千代緑が丘訪問介護センター【訪問介護】千葉県八千代市緑が丘西2-6-2", "url2": "https://www.kaigokensaku.mhlw.go.jp/12/index.php?action_kouhyou_detail_004_kani=true&JigyosyoCd=1272604081-00&ServiceCd=110&Type=search" }, "geometry": { "type": "Point", "coordinates": [ 140.0703866, 35.7312976 ] } },
{ "type": "Feature", "properties": { "内容": "さくら咲く介護ステーション【訪問介護】千葉県八千代市大和田新田96-9", "url2": "https://www.kaigokensaku.mhlw.go.jp/12/index.php?action_kouhyou_detail_004_kani=true&JigyosyoCd=1272604156-00&ServiceCd=110&Type=search" }, "geometry": { "type": "Point", "coordinates": [ 140.078976762565645, 35.721326841062115 ] } },
{ "type": "Feature", "properties": { "内容": "安心ほっとらいんホームヘルプサービス【訪問介護】千葉県我孫子市下ヶ戸1825-16ロイヤルヒル我孫子１０５", "url2": "https://www.kaigokensaku.mhlw.go.jp/12/index.php?action_kouhyou_detail_004_kani=true&JigyosyoCd=1272700673-00&ServiceCd=110&Type=search" }, "geometry": { "type": "Point", "coordinates": [ 140.047766899999942, 35.8693928 ] } },
{ "type": "Feature", "properties": { "内容": "アイケア我孫子ヘルパーステーション【訪問介護】千葉県我孫子市柴崎台4-13-13", "url2": "https://www.kaigokensaku.mhlw.go.jp/12/index.php?action_kouhyou_detail_004_kani=true&JigyosyoCd=1272700988-00&ServiceCd=110&Type=search" }, "geometry": { "type": "Point", "coordinates": [ 140.046502367107792, 35.876649841492835 ] } },
{ "type": "Feature", "properties": { "内容": "めいと我孫子布佐新館訪問介護事業所【訪問介護】千葉県我孫子市新々田303-1", "url2": "https://www.kaigokensaku.mhlw.go.jp/12/index.php?action_kouhyou_detail_004_kani=true&JigyosyoCd=1272701994-00&ServiceCd=110&Type=search" }, "geometry": { "type": "Point", "coordinates": [ 140.1311588, 35.8458868 ] } },
{ "type": "Feature", "properties": { "内容": "めいと我孫子訪問介護事業所【訪問介護】千葉県我孫子市柴崎台4-4-17めいと天王台２号館", "url2": "https://www.kaigokensaku.mhlw.go.jp/12/index.php?action_kouhyou_detail_004_kani=true&JigyosyoCd=1272700434-00&ServiceCd=110&Type=search" }, "geometry": { "type": "Point", "coordinates": [ 140.045972199999966, 35.8741701 ] } },
{ "type": "Feature", "properties": { "内容": "あいる訪問介護ステーション【訪問介護】千葉県我孫子市新木野四丁目1番1－101号", "url2": "https://www.kaigokensaku.mhlw.go.jp/12/index.php?action_kouhyou_detail_004_kani=true&JigyosyoCd=1272701945-00&ServiceCd=110&Type=search" }, "geometry": { "type": "Point", "coordinates": [ 140.107592399999959, 35.8669816 ] } },
{ "type": "Feature", "properties": { "内容": "指定訪問介護事業所はなさかり【訪問介護】千葉県我孫子市下ヶ戸1820-104-7182-5800", "url2": "https://www.kaigokensaku.mhlw.go.jp/12/index.php?action_kouhyou_detail_004_kani=true&JigyosyoCd=1272702166-00&ServiceCd=110&Type=search" }, "geometry": { "type": "Point", "coordinates": [ 140.04938580000001, 35.8707872 ] } },
{ "type": "Feature", "properties": { "内容": "ニチイケアセンター我孫子本町【訪問介護】千葉県我孫子市本町２－6－１町田ビル３階", "url2": "https://www.kaigokensaku.mhlw.go.jp/12/index.php?action_kouhyou_detail_004_kani=true&JigyosyoCd=1272700186-00&ServiceCd=110&Type=search" }, "geometry": { "type": "Point", "coordinates": [ 140.010909606745969, 35.871327022789963 ] } },
{ "type": "Feature", "properties": { "内容": "ウェルライフ介護サービス【訪問介護】千葉県我孫子市布佐2900-7ウェルライフヴィラ我孫子", "url2": "https://www.kaigokensaku.mhlw.go.jp/12/index.php?action_kouhyou_detail_004_kani=true&JigyosyoCd=1272701523-00&ServiceCd=110&Type=search" }, "geometry": { "type": "Point", "coordinates": [ 140.136146100000019, 35.8470627 ] } },
{ "type": "Feature", "properties": { "内容": "ハーベスト訪問介護ステーション【訪問介護】千葉県我孫子市新木3154-13ハーベストガーデン内", "url2": "https://www.kaigokensaku.mhlw.go.jp/12/index.php?action_kouhyou_detail_004_kani=true&JigyosyoCd=1272701713-00&ServiceCd=110&Type=search" }, "geometry": { "type": "Point", "coordinates": [ 140.097999768476939, 35.866340056395345 ] } },
{ "type": "Feature", "properties": { "内容": "ニチイケアセンター湖北台【訪問介護】千葉県我孫子市湖北台３－３－１第三海老角マンション２０２", "url2": "https://www.kaigokensaku.mhlw.go.jp/12/index.php?action_kouhyou_detail_004_kani=true&JigyosyoCd=1272700582-00&ServiceCd=110&Type=search" }, "geometry": { "type": "Point", "coordinates": [ 140.076005585844428, 35.865948071371591 ] } },
{ "type": "Feature", "properties": { "内容": "在宅福祉サービスまどか【訪問介護】千葉県我孫子市天王台2丁目3番1", "url2": "https://www.kaigokensaku.mhlw.go.jp/12/index.php?action_kouhyou_detail_004_kani=true&JigyosyoCd=1272700079-00&ServiceCd=110&Type=search" }, "geometry": { "type": "Point", "coordinates": [ 140.045251399999984, 35.8720055 ] } },
{ "type": "Feature", "properties": { "内容": "めいと我孫子駅前訪問介護事業所【訪問介護】千葉県我孫子市本町3丁目7番27号", "url2": "https://www.kaigokensaku.mhlw.go.jp/12/index.php?action_kouhyou_detail_004_kani=true&JigyosyoCd=1272701846-00&ServiceCd=110&Type=search" }, "geometry": { "type": "Point", "coordinates": [ 140.014776500000011, 35.8722872 ] } },
{ "type": "Feature", "properties": { "内容": "和ぐみヘルパーステーション布佐【訪問介護】千葉県我孫子市布佐2641-1", "url2": "https://www.kaigokensaku.mhlw.go.jp/12/index.php?action_kouhyou_detail_004_kani=true&JigyosyoCd=1272701754-00&ServiceCd=110&Type=search" }, "geometry": { "type": "Point", "coordinates": [ 140.1329184, 35.850762100000019 ] } },
{ "type": "Feature", "properties": { "内容": "セントケア我孫子【訪問介護】千葉県我孫子市天王台4-5-1シャトー天王台１F", "url2": "https://www.kaigokensaku.mhlw.go.jp/12/index.php?action_kouhyou_detail_004_kani=true&JigyosyoCd=1272701572-00&ServiceCd=110&Type=search" }, "geometry": { "type": "Point", "coordinates": [ 140.035799499999939, 35.8718663 ] } },
{ "type": "Feature", "properties": { "内容": "訪問介護ステーションアビーサあらき野【訪問介護】千葉県我孫子市新木野２丁目１－４８アビーサあらき野", "url2": "https://www.kaigokensaku.mhlw.go.jp/12/index.php?action_kouhyou_detail_004_kani=true&JigyosyoCd=1272701028-00&ServiceCd=110&Type=search" }, "geometry": { "type": "Point", "coordinates": [ 140.109573143655297, 35.865081911754466 ] } },
{ "type": "Feature", "properties": { "内容": "訪問介護ステーションあらき【訪問介護】千葉県我孫子市南新木1-6-3", "url2": "https://www.kaigokensaku.mhlw.go.jp/12/index.php?action_kouhyou_detail_004_kani=true&JigyosyoCd=1272700913-00&ServiceCd=110&Type=search" }, "geometry": { "type": "Point", "coordinates": [ 140.1100255, 35.8619739 ] } },
{ "type": "Feature", "properties": { "内容": "ぞうさん訪問介護ステーション湖北【訪問介護】千葉県我孫子市中峠1427-6", "url2": "https://www.kaigokensaku.mhlw.go.jp/12/index.php?action_kouhyou_detail_004_kani=true&JigyosyoCd=1272702208-00&ServiceCd=110&Type=search" }, "geometry": { "type": "Point", "coordinates": [ 140.080659700000012, 35.8715326 ] } },
{ "type": "Feature", "properties": { "内容": "ママメイト本社【訪問介護】千葉県我孫子市柴崎台2-9-4", "url2": "https://www.kaigokensaku.mhlw.go.jp/12/index.php?action_kouhyou_detail_004_kani=true&JigyosyoCd=1272700236-00&ServiceCd=110&Type=search" }, "geometry": { "type": "Point", "coordinates": [ 140.041076699999962, 35.874654900000017 ] } },
{ "type": "Feature", "properties": { "内容": "ぞうさん訪問介護ステーション我孫子【訪問介護】千葉県我孫子市中峠1141-1", "url2": "https://www.kaigokensaku.mhlw.go.jp/12/index.php?action_kouhyou_detail_004_kani=true&JigyosyoCd=1272702109-00&ServiceCd=110&Type=search" }, "geometry": { "type": "Point", "coordinates": [ 140.0761493, 35.8686271 ] } },
{ "type": "Feature", "properties": { "内容": "めいと天王台訪問介護事業所【訪問介護】千葉県我孫子市柴崎台2-11-29めいと天王台", "url2": "https://www.kaigokensaku.mhlw.go.jp/12/index.php?action_kouhyou_detail_004_kani=true&JigyosyoCd=1272701804-00&ServiceCd=110&Type=search" }, "geometry": { "type": "Point", "coordinates": [ 140.042109900000014, 35.8744986 ] } },
{ "type": "Feature", "properties": { "内容": "わごころケアセンター(訪問)【訪問介護】千葉県我孫子市柴崎台2丁目7番30号コーポ栄　2階203号室205号室", "url2": "https://www.kaigokensaku.mhlw.go.jp/12/index.php?action_kouhyou_detail_004_kani=true&JigyosyoCd=1272701705-00&ServiceCd=110&Type=search" }, "geometry": { "type": "Point", "coordinates": [ 140.040785885771356, 35.875610944024814 ] } },
{ "type": "Feature", "properties": { "内容": "福祉ステーション『どーも』【訪問介護】千葉県我孫子市布佐3060", "url2": "https://www.kaigokensaku.mhlw.go.jp/12/index.php?action_kouhyou_detail_004_kani=true&JigyosyoCd=1272700962-00&ServiceCd=110&Type=search" }, "geometry": { "type": "Point", "coordinates": [ 140.138854, 35.8516649 ] } },
{ "type": "Feature", "properties": { "内容": "ヘルパーステーション　ケアプライド【訪問介護】千葉県我孫子市湖北台8-13-2", "url2": "https://www.kaigokensaku.mhlw.go.jp/12/index.php?action_kouhyou_detail_004_kani=true&JigyosyoCd=1272701580-00&ServiceCd=110&Type=search" }, "geometry": { "type": "Point", "coordinates": [ 140.072564633499155, 35.867632500463642 ] } },
{ "type": "Feature", "properties": { "内容": "アコモードヘルパーステーション【訪問介護】千葉県我孫子市布佐1559-2", "url2": "https://www.kaigokensaku.mhlw.go.jp/12/index.php?action_kouhyou_detail_004_kani=true&JigyosyoCd=1272700129-00&ServiceCd=110&Type=search" }, "geometry": { "type": "Point", "coordinates": [ 140.12494659999993, 35.8556833 ] } },
{ "type": "Feature", "properties": { "内容": "ほがらかホームヘルプサービス【訪問介護】千葉県鴨川市池田98", "url2": "https://www.kaigokensaku.mhlw.go.jp/12/index.php?action_kouhyou_detail_004_kani=true&JigyosyoCd=1272800556-00&ServiceCd=110&Type=search" }, "geometry": { "type": "Point", "coordinates": [ 140.058433599999944, 35.1266627 ] } },
{ "type": "Feature", "properties": { "内容": "訪問介護　フローラ【訪問介護】千葉県鴨川市八色429", "url2": "https://www.kaigokensaku.mhlw.go.jp/12/index.php?action_kouhyou_detail_004_kani=true&JigyosyoCd=1272800507-00&ServiceCd=110&Type=search" }, "geometry": { "type": "Point", "coordinates": [ 140.0933255, 35.1203665 ] } },
{ "type": "Feature", "properties": { "内容": "ふれあいホームヘルプサービス【訪問介護】千葉県鴨川市八色925-2", "url2": "https://www.kaigokensaku.mhlw.go.jp/12/index.php?action_kouhyou_detail_004_kani=true&JigyosyoCd=1272800135-00&ServiceCd=110&Type=search" }, "geometry": { "type": "Point", "coordinates": [ 140.088057761654653, 35.123435154921609 ] } },
{ "type": "Feature", "properties": { "内容": "鴨川市国保ヘルパーステーション【訪問介護】千葉県鴨川市宮山233番地", "url2": "https://www.kaigokensaku.mhlw.go.jp/12/index.php?action_kouhyou_detail_004_kani=true&JigyosyoCd=1272800192-00&ServiceCd=110&Type=search" }, "geometry": { "type": "Point", "coordinates": [ 140.014823600000028, 35.1309 ] } },
{ "type": "Feature", "properties": { "内容": "ヘルパーステーション　ゆうらく【訪問介護】千葉県鴨川市太尾３７０－６太尾ハイツC棟１０１", "url2": "https://www.kaigokensaku.mhlw.go.jp/12/index.php?action_kouhyou_detail_004_kani=true&JigyosyoCd=1272800671-00&ServiceCd=110&Type=search" }, "geometry": { "type": "Point", "coordinates": [ 140.0686718, 35.1209552 ] } },
{ "type": "Feature", "properties": { "内容": "ヘルパーステーションふく笑らい【訪問介護】千葉県鴨川市江見吉浦500-6", "url2": "https://www.kaigokensaku.mhlw.go.jp/12/index.php?action_kouhyou_detail_004_kani=true&JigyosyoCd=1272800531-00&ServiceCd=110&Type=search" }, "geometry": { "type": "Point", "coordinates": [ 140.074491237776272, 35.062590926985806 ] } },
{ "type": "Feature", "properties": { "内容": "訪問介護事業所　四方木くらぶ【訪問介護】千葉県鴨川市東町993-4　KアパートB棟102KアパートB棟102", "url2": "https://www.kaigokensaku.mhlw.go.jp/12/index.php?action_kouhyou_detail_004_kani=true&JigyosyoCd=1272800747-00&ServiceCd=110&Type=search" }, "geometry": { "type": "Point", "coordinates": [ 140.131393333685537, 35.122206211841785 ] } },
{ "type": "Feature", "properties": { "内容": "よつば介護・福祉タクシー【訪問介護】千葉県鴨川市小湊669-1", "url2": "https://www.kaigokensaku.mhlw.go.jp/12/index.php?action_kouhyou_detail_004_kani=true&JigyosyoCd=1272800762-00&ServiceCd=110&Type=search" }, "geometry": { "type": "Point", "coordinates": [ 140.2030594, 35.120748 ] } },
{ "type": "Feature", "properties": { "内容": "さくらホームケアサービス【訪問介護】千葉県鴨川市滑谷46", "url2": "https://www.kaigokensaku.mhlw.go.jp/12/index.php?action_kouhyou_detail_004_kani=true&JigyosyoCd=1272800374-00&ServiceCd=110&Type=search" }, "geometry": { "type": "Point", "coordinates": [ 140.091005198816163, 35.109423067152235 ] } },
{ "type": "Feature", "properties": { "内容": "医療法人社団宏和会　エビハラ病院【訪問介護】千葉県鴨川市太海630-10", "url2": "https://www.kaigokensaku.mhlw.go.jp/12/index.php?action_kouhyou_detail_004_kani=true&JigyosyoCd=1272800044-00&ServiceCd=110&Type=search" }, "geometry": { "type": "Point", "coordinates": [ 140.091042799999968, 35.0913067 ] } },
{ "type": "Feature", "properties": { "内容": "有限会社　ライフサポート鯛の浦【訪問介護】千葉県鴨川市内浦56-1", "url2": "https://www.kaigokensaku.mhlw.go.jp/12/index.php?action_kouhyou_detail_004_kani=true&JigyosyoCd=1278500036-00&ServiceCd=110&Type=search" }, "geometry": { "type": "Point", "coordinates": [ 140.188605648418502, 35.127330393430114 ] } },
{ "type": "Feature", "properties": { "内容": "ニチイケアセンターこみなと【訪問介護】千葉県鴨川市内浦404-8小澤謙多郎宅　2階店舗B", "url2": "https://www.kaigokensaku.mhlw.go.jp/12/index.php?action_kouhyou_detail_004_kani=true&JigyosyoCd=1272800655-00&ServiceCd=110&Type=search" }, "geometry": { "type": "Point", "coordinates": [ 140.190379900000039, 35.128274200000021 ] } },
{ "type": "Feature", "properties": { "内容": "亀田ホームケアサービス鴨川【訪問介護】千葉県鴨川市東町1623-1", "url2": "https://www.kaigokensaku.mhlw.go.jp/12/index.php?action_kouhyou_detail_004_kani=true&JigyosyoCd=1272800069-00&ServiceCd=110&Type=search" }, "geometry": { "type": "Point", "coordinates": [ 140.114983417793525, 35.123724805484635 ] } },
{ "type": "Feature", "properties": { "内容": "有限会社　鴨川タクシー【訪問介護】千葉県鴨川市横渚８３９", "url2": "https://www.kaigokensaku.mhlw.go.jp/12/index.php?action_kouhyou_detail_004_kani=true&JigyosyoCd=1272800218-00&ServiceCd=110&Type=search" }, "geometry": { "type": "Point", "coordinates": [ 140.106360399999971, 35.1081596 ] } },
{ "type": "Feature", "properties": { "内容": "東栄ホームヘルプサービス【訪問介護】千葉県鴨川市広場１００１番地１", "url2": "https://www.kaigokensaku.mhlw.go.jp/12/index.php?action_kouhyou_detail_004_kani=true&JigyosyoCd=1272800184-00&ServiceCd=110&Type=search" }, "geometry": { "type": "Point", "coordinates": [ 140.114638371719366, 35.11419123770721 ] } },
{ "type": "Feature", "properties": { "内容": "訪問介護事業所ミクス【訪問介護】千葉県鎌ケ谷市東鎌ケ谷1-1-68", "url2": "https://www.kaigokensaku.mhlw.go.jp/12/index.php?action_kouhyou_detail_004_kani=true&JigyosyoCd=1272902394-00&ServiceCd=110&Type=search" }, "geometry": { "type": "Point", "coordinates": [ 140.016549700000013, 35.766674200000011 ] } },
{ "type": "Feature", "properties": { "内容": "ご長寿くらぶ鎌ケ谷訪問介護事業所【訪問介護】千葉県鎌ケ谷市北中沢２丁目７－３１", "url2": "https://www.kaigokensaku.mhlw.go.jp/12/index.php?action_kouhyou_detail_004_kani=true&JigyosyoCd=1272901883-00&ServiceCd=110&Type=search" }, "geometry": { "type": "Point", "coordinates": [ 139.9859698, 35.7726138 ] } },
{ "type": "Feature", "properties": { "内容": "訪問介護ファミリー・ホスピス鎌ヶ谷【訪問介護】千葉県鎌ケ谷市北中沢1-2-81", "url2": "https://www.kaigokensaku.mhlw.go.jp/12/index.php?action_kouhyou_detail_004_kani=true&JigyosyoCd=1272902535-00&ServiceCd=110&Type=search" }, "geometry": { "type": "Point", "coordinates": [ 139.990381634393316, 35.776543446612557 ] } },
{ "type": "Feature", "properties": { "内容": "ウイング鎌ケ谷【訪問介護】千葉県鎌ヶ谷市鎌ケ谷１－５－３３", "url2": "https://www.kaigokensaku.mhlw.go.jp/12/index.php?action_kouhyou_detail_004_kani=true&JigyosyoCd=1272900034-00&ServiceCd=110&Type=search" }, "geometry": { "type": "Point", "coordinates": [ 140.0132843, 35.7594855 ] } },
{ "type": "Feature", "properties": { "内容": "シルバーハート訪問介護事業所【訪問介護】千葉県鎌ケ谷市東中沢１丁目１３番地２０", "url2": "https://www.kaigokensaku.mhlw.go.jp/12/index.php?action_kouhyou_detail_004_kani=true&JigyosyoCd=1272901552-00&ServiceCd=110&Type=search" }, "geometry": { "type": "Point", "coordinates": [ 139.9896946, 35.7705896 ] } },
{ "type": "Feature", "properties": { "内容": "訪問介護渡辺家【訪問介護】千葉県鎌ケ谷市新鎌ケ谷2-3-20-102", "url2": "https://www.kaigokensaku.mhlw.go.jp/12/index.php?action_kouhyou_detail_004_kani=true&JigyosyoCd=1272900984-00&ServiceCd=110&Type=search" }, "geometry": { "type": "Point", "coordinates": [ 140.000315499999942, 35.7755169 ] } },
{ "type": "Feature", "properties": { "内容": "ひばりサービス鎌ヶ谷センター【訪問介護】千葉県鎌ケ谷市中央1-1-32京葉第一ビル3F", "url2": "https://www.kaigokensaku.mhlw.go.jp/12/index.php?action_kouhyou_detail_004_kani=true&JigyosyoCd=1272901867-00&ServiceCd=110&Type=search" }, "geometry": { "type": "Point", "coordinates": [ 139.999579, 35.7720526 ] } },
{ "type": "Feature", "properties": { "内容": "ケアプラス訪問介護【訪問介護】千葉県鎌ケ谷市新鎌ヶ谷3-13-16", "url2": "https://www.kaigokensaku.mhlw.go.jp/12/index.php?action_kouhyou_detail_004_kani=true&JigyosyoCd=1272902378-00&ServiceCd=110&Type=search" }, "geometry": { "type": "Point", "coordinates": [ 140.005248099999989, 35.7803285 ] } },
{ "type": "Feature", "properties": { "内容": "協進介護サービス【訪問介護】千葉県鎌ヶ谷市東初富１－１１－８", "url2": "https://www.kaigokensaku.mhlw.go.jp/12/index.php?action_kouhyou_detail_004_kani=true&JigyosyoCd=1272900174-00&ServiceCd=110&Type=search" }, "geometry": { "type": "Point", "coordinates": [ 140.016652499999964, 35.775895 ] } },
{ "type": "Feature", "properties": { "内容": "訪問介護シトラス【訪問介護】千葉県鎌ヶ谷市南初富4-15-39", "url2": "https://www.kaigokensaku.mhlw.go.jp/12/index.php?action_kouhyou_detail_004_kani=true&JigyosyoCd=1272902386-00&ServiceCd=110&Type=search" }, "geometry": { "type": "Point", "coordinates": [ 140.00444029999997, 35.7673883 ] } },
{ "type": "Feature", "properties": { "内容": "ファーストステージ　鎌ケ谷【訪問介護】千葉県鎌ケ谷市鎌ヶ谷5－9－55", "url2": "https://www.kaigokensaku.mhlw.go.jp/12/index.php?action_kouhyou_detail_004_kani=true&JigyosyoCd=1272900976-00&ServiceCd=110&Type=search" }, "geometry": { "type": "Point", "coordinates": [ 140.014798299999939, 35.755063700000022 ] } },
{ "type": "Feature", "properties": { "内容": "ニチイケアセンター新鎌ケ谷【訪問介護】千葉県鎌ケ谷市新鎌ケ谷2-8-17新鎌ケ谷Fタワー405", "url2": "https://www.kaigokensaku.mhlw.go.jp/12/index.php?action_kouhyou_detail_004_kani=true&JigyosyoCd=1272900901-00&ServiceCd=110&Type=search" }, "geometry": { "type": "Point", "coordinates": [ 140.000021700000019, 35.7780213 ] } },
{ "type": "Feature", "properties": { "内容": "ヘルパーステーションケアサポートかまがや【訪問介護】千葉県鎌ケ谷市東鎌ケ谷1-5-27", "url2": "https://www.kaigokensaku.mhlw.go.jp/12/index.php?action_kouhyou_detail_004_kani=true&JigyosyoCd=1272901529-00&ServiceCd=110&Type=search" }, "geometry": { "type": "Point", "coordinates": [ 140.016916900000069, 35.7643518 ] } },
{ "type": "Feature", "properties": { "内容": "ニチイケアセンター鎌ヶ谷【訪問介護】千葉県鎌ヶ谷市富岡１－９－１８", "url2": "https://www.kaigokensaku.mhlw.go.jp/12/index.php?action_kouhyou_detail_004_kani=true&JigyosyoCd=1272900109-00&ServiceCd=110&Type=search" }, "geometry": { "type": "Point", "coordinates": [ 139.999229900000046, 35.7676843 ] } },
{ "type": "Feature", "properties": { "内容": "ぞうさん訪問介護ステーション【訪問介護】千葉県鎌ケ谷市南初富4-16-37-2階", "url2": "https://www.kaigokensaku.mhlw.go.jp/12/index.php?action_kouhyou_detail_004_kani=true&JigyosyoCd=1272901461-00&ServiceCd=110&Type=search" }, "geometry": { "type": "Point", "coordinates": [ 140.004162173690474, 35.767630160935155 ] } },
{ "type": "Feature", "properties": { "内容": "訪問介護たまゆら【訪問介護】千葉県鎌ケ谷市くぬぎ山4-8-30", "url2": "https://www.kaigokensaku.mhlw.go.jp/12/index.php?action_kouhyou_detail_004_kani=true&JigyosyoCd=1272902279-00&ServiceCd=110&Type=search" }, "geometry": { "type": "Point", "coordinates": [ 139.9756834, 35.7835643 ] } },
{ "type": "Feature", "properties": { "内容": "アースサポート鎌ケ谷【訪問介護】千葉県鎌ヶ谷市富岡1丁目10番地16号", "url2": "https://www.kaigokensaku.mhlw.go.jp/12/index.php?action_kouhyou_detail_004_kani=true&JigyosyoCd=1272901545-00&ServiceCd=110&Type=search" }, "geometry": { "type": "Point", "coordinates": [ 139.998332799999957, 35.7675093 ] } },
{ "type": "Feature", "properties": { "内容": "セントケア　鎌ケ谷【訪問介護】千葉県鎌ケ谷市道野辺中央２－１－３３坪沼第２ビル２０１", "url2": "https://www.kaigokensaku.mhlw.go.jp/12/index.php?action_kouhyou_detail_004_kani=true&JigyosyoCd=1272900596-00&ServiceCd=110&Type=search" }, "geometry": { "type": "Point", "coordinates": [ 139.996863600000012, 35.763853800000014 ] } },
{ "type": "Feature", "properties": { "内容": "リアン訪問介護鎌ヶ谷【訪問介護】千葉県鎌ケ谷市新鎌ヶ谷2-12-1アクロスモール新鎌ヶ谷3F", "url2": "https://www.kaigokensaku.mhlw.go.jp/12/index.php?action_kouhyou_detail_004_kani=true&JigyosyoCd=1272902352-00&ServiceCd=110&Type=search" }, "geometry": { "type": "Point", "coordinates": [ 140.0011225, 35.7807284 ] } },
{ "type": "Feature", "properties": { "内容": "あったかホーム訪問介護【訪問介護】千葉県鎌ケ谷市鎌ケ谷3-2-8", "url2": "https://www.kaigokensaku.mhlw.go.jp/12/index.php?action_kouhyou_detail_004_kani=true&JigyosyoCd=1272901354-00&ServiceCd=110&Type=search" }, "geometry": { "type": "Point", "coordinates": [ 140.011412299999961, 35.758491 ] } },
{ "type": "Feature", "properties": { "内容": "株式会社　ヘルシーサービス鎌ケ谷営業所【訪問介護】千葉県鎌ヶ谷市北中沢2-23-19", "url2": "https://www.kaigokensaku.mhlw.go.jp/12/index.php?action_kouhyou_detail_004_kani=true&JigyosyoCd=1272900224-00&ServiceCd=110&Type=search" }, "geometry": { "type": "Point", "coordinates": [ 139.985859099999971, 35.7699115 ] } },
{ "type": "Feature", "properties": { "内容": "ケアパートナー銀木犀＜鎌ヶ谷＞【訪問介護】千葉県鎌ケ谷市南鎌ケ谷1-5-28", "url2": "https://www.kaigokensaku.mhlw.go.jp/12/index.php?action_kouhyou_detail_004_kani=true&JigyosyoCd=1272900950-00&ServiceCd=110&Type=search" }, "geometry": { "type": "Point", "coordinates": [ 140.005002600000012, 35.7485612 ] } },
{ "type": "Feature", "properties": { "内容": "ケアパートナー銀木犀＜鎌ヶ谷富岡＞【訪問介護】千葉県鎌ケ谷市富岡2-8-35", "url2": "https://www.kaigokensaku.mhlw.go.jp/12/index.php?action_kouhyou_detail_004_kani=true&JigyosyoCd=1272901644-00&ServiceCd=110&Type=search" }, "geometry": { "type": "Point", "coordinates": [ 140.00228530000004, 35.7650096 ] } },
{ "type": "Feature", "properties": { "内容": "ヘルパーステーションぴーす【訪問介護】千葉県鎌ケ谷市東初富３丁目４番３-１３号　２階", "url2": "https://www.kaigokensaku.mhlw.go.jp/12/index.php?action_kouhyou_detail_004_kani=true&JigyosyoCd=1272901909-00&ServiceCd=110&Type=search" }, "geometry": { "type": "Point", "coordinates": [ 140.014053399999966, 35.7693359 ] } },
{ "type": "Feature", "properties": { "内容": "てごころヘルパーステーション【訪問介護】千葉県鎌ケ谷市鎌ケ谷4－10－43コーポほんだ202", "url2": "https://www.kaigokensaku.mhlw.go.jp/12/index.php?action_kouhyou_detail_004_kani=true&JigyosyoCd=1272902626-00&ServiceCd=110&Type=search" }, "geometry": { "type": "Point", "coordinates": [ 140.012191700000017, 35.7540854 ] } },
{ "type": "Feature", "properties": { "内容": "ファミリーサポートひるがお【訪問介護】千葉県君津市北子安1－12－21", "url2": "https://www.kaigokensaku.mhlw.go.jp/12/index.php?action_kouhyou_detail_004_kani=true&JigyosyoCd=1273000107-00&ServiceCd=110&Type=search" }, "geometry": { "type": "Point", "coordinates": [ 139.910359400000061, 35.3294394 ] } },
{ "type": "Feature", "properties": { "内容": "アイバード生活支援センター【訪問介護】千葉県君津市久保3丁目9番13号プリオールA102", "url2": "https://www.kaigokensaku.mhlw.go.jp/12/index.php?action_kouhyou_detail_004_kani=true&JigyosyoCd=1273000750-00&ServiceCd=110&Type=search" }, "geometry": { "type": "Point", "coordinates": [ 139.906279199999972, 35.3297698 ] } },
{ "type": "Feature", "properties": { "内容": "ヘルパーステーション憩いの里【訪問介護】千葉県君津市常代2-10-19", "url2": "https://www.kaigokensaku.mhlw.go.jp/12/index.php?action_kouhyou_detail_004_kani=true&JigyosyoCd=1273000727-00&ServiceCd=110&Type=search" }, "geometry": { "type": "Point", "coordinates": [ 139.919531499999948, 35.3077422 ] } },
{ "type": "Feature", "properties": { "内容": "宗和サービス指定訪問介護事業所【訪問介護】千葉県君津市大和田1-14-3", "url2": "https://www.kaigokensaku.mhlw.go.jp/12/index.php?action_kouhyou_detail_004_kani=true&JigyosyoCd=1273000248-00&ServiceCd=110&Type=search" }, "geometry": { "type": "Point", "coordinates": [ 139.8785307, 35.3404802 ] } },
{ "type": "Feature", "properties": { "内容": "セントケア君津【訪問介護】千葉県君津市久保２－１２－１９", "url2": "https://www.kaigokensaku.mhlw.go.jp/12/index.php?action_kouhyou_detail_004_kani=true&JigyosyoCd=1273000685-00&ServiceCd=110&Type=search" }, "geometry": { "type": "Point", "coordinates": [ 139.902651800000058, 35.331014 ] } },
{ "type": "Feature", "properties": { "内容": "訪問介護ステーションZiZi【訪問介護】千葉県君津市人見1510-2", "url2": "https://www.kaigokensaku.mhlw.go.jp/12/index.php?action_kouhyou_detail_004_kani=true&JigyosyoCd=1273001691-00&ServiceCd=110&Type=search" }, "geometry": { "type": "Point", "coordinates": [ 139.8688061, 35.3369466 ] } },
{ "type": "Feature", "properties": { "内容": "訪問介護事業所　ケーネット【訪問介護】千葉県君津市西坂田4-1-19昭栄ビル107号", "url2": "https://www.kaigokensaku.mhlw.go.jp/12/index.php?action_kouhyou_detail_004_kani=true&JigyosyoCd=1273000479-00&ServiceCd=110&Type=search" }, "geometry": { "type": "Point", "coordinates": [ 139.8907719, 35.338146200000011 ] } },
{ "type": "Feature", "properties": { "内容": "ニチイケアセンター君津【訪問介護】千葉県君津市久保3-10-9カーサ・サリタ・フォンテ１Ｆ", "url2": "https://www.kaigokensaku.mhlw.go.jp/12/index.php?action_kouhyou_detail_004_kani=true&JigyosyoCd=1273000065-00&ServiceCd=110&Type=search" }, "geometry": { "type": "Point", "coordinates": [ 139.906240799999978, 35.3293832 ] } },
{ "type": "Feature", "properties": { "内容": "社会福祉法人君津市社会福祉協議会【訪問介護】千葉県君津市久保3-1-1", "url2": "https://www.kaigokensaku.mhlw.go.jp/12/index.php?action_kouhyou_detail_004_kani=true&JigyosyoCd=1273000149-00&ServiceCd=110&Type=search" }, "geometry": { "type": "Point", "coordinates": [ 139.904090499999938, 35.3309557 ] } },
{ "type": "Feature", "properties": { "内容": "シェーネ・ベルグ　ケアステーション【訪問介護】千葉県君津市　南子安　1164-1", "url2": "https://www.kaigokensaku.mhlw.go.jp/12/index.php?action_kouhyou_detail_004_kani=true&JigyosyoCd=1273000305-00&ServiceCd=110&Type=search" }, "geometry": { "type": "Point", "coordinates": [ 139.92503933206217, 35.332655758357618 ] } },
{ "type": "Feature", "properties": { "内容": "君津ムツミヘルパーステーション【訪問介護】千葉県君津市東坂田4-6-17", "url2": "https://www.kaigokensaku.mhlw.go.jp/12/index.php?action_kouhyou_detail_004_kani=true&JigyosyoCd=1273001626-00&ServiceCd=110&Type=search" }, "geometry": { "type": "Point", "coordinates": [ 139.8934831, 35.33734 ] } },
{ "type": "Feature", "properties": { "内容": "訪問介護事業所つばさ【訪問介護】千葉県君津市貞元218-3", "url2": "https://www.kaigokensaku.mhlw.go.jp/12/index.php?action_kouhyou_detail_004_kani=true&JigyosyoCd=1273000735-00&ServiceCd=110&Type=search" }, "geometry": { "type": "Point", "coordinates": [ 139.907549936310573, 35.322891679159866 ] } },
{ "type": "Feature", "properties": { "内容": "のどか訪問介護【訪問介護】千葉県君津市君津台2-1-12", "url2": "https://www.kaigokensaku.mhlw.go.jp/12/index.php?action_kouhyou_detail_004_kani=true&JigyosyoCd=1273000800-00&ServiceCd=110&Type=search" }, "geometry": { "type": "Point", "coordinates": [ 139.89646960097599, 35.33818867598962 ] } },
{ "type": "Feature", "properties": { "内容": "ＪＡきみつ介護センター訪問介護事業所【訪問介護】千葉県君津市宮下2-24-27", "url2": "https://www.kaigokensaku.mhlw.go.jp/12/index.php?action_kouhyou_detail_004_kani=true&JigyosyoCd=1273000156-00&ServiceCd=110&Type=search" }, "geometry": { "type": "Point", "coordinates": [ 139.928923591902702, 35.299040895744817 ] } },
{ "type": "Feature", "properties": { "内容": "訪問介護ステーションつばさ【訪問介護】千葉県君津市郡２－７－１０あいあいハイム", "url2": "https://www.kaigokensaku.mhlw.go.jp/12/index.php?action_kouhyou_detail_004_kani=true&JigyosyoCd=1273001055-00&ServiceCd=110&Type=search" }, "geometry": { "type": "Point", "coordinates": [ 139.914222975115706, 35.307173959279524 ] } },
{ "type": "Feature", "properties": { "内容": "山っ子ヘルパーステーション訪問介護事業所【訪問介護】千葉県君津市東日笠１０２－１", "url2": "https://www.kaigokensaku.mhlw.go.jp/12/index.php?action_kouhyou_detail_004_kani=true&JigyosyoCd=1273000487-00&ServiceCd=110&Type=search" }, "geometry": { "type": "Point", "coordinates": [ 139.998476500000038, 35.2407836 ] } },
{ "type": "Feature", "properties": { "内容": "ヘルパーステーションやどりぎ【訪問介護】千葉県君津市人見1422番地1", "url2": "https://www.kaigokensaku.mhlw.go.jp/12/index.php?action_kouhyou_detail_004_kani=true&JigyosyoCd=1273000776-00&ServiceCd=110&Type=search" }, "geometry": { "type": "Point", "coordinates": [ 139.86269879206543, 35.340962706002152 ] } },
{ "type": "Feature", "properties": { "内容": "アビタシオン君津ヘルパーステーション【訪問介護】千葉県君津市⼋重原1338-1", "url2": "https://www.kaigokensaku.mhlw.go.jp/12/index.php?action_kouhyou_detail_004_kani=true&JigyosyoCd=1273001600-00&ServiceCd=110&Type=search" }, "geometry": { "type": "Point", "coordinates": [ 139.902478699999989, 35.3304451 ] } },
{ "type": "Feature", "properties": { "内容": "ヘルパーステーションパープル【訪問介護】千葉県君津市中島635-1デイサービス　パープルKimitsu", "url2": "https://www.kaigokensaku.mhlw.go.jp/12/index.php?action_kouhyou_detail_004_kani=true&JigyosyoCd=1273001527-00&ServiceCd=110&Type=search" }, "geometry": { "type": "Point", "coordinates": [ 139.960915, 35.3051963 ] } },
{ "type": "Feature", "properties": { "内容": "ヤックスヘルパーステーション君津【訪問介護】千葉県君津市人見2-20-3ヤックスドラッグ君津人見店内", "url2": "https://www.kaigokensaku.mhlw.go.jp/12/index.php?action_kouhyou_detail_004_kani=true&JigyosyoCd=1273001493-00&ServiceCd=110&Type=search" }, "geometry": { "type": "Point", "coordinates": [ 139.873766700000033, 35.3324311 ] } },
{ "type": "Feature", "properties": { "内容": "らいおんハート訪問介護君津【訪問介護】千葉県君津市台2-1-4サービス付き高齢者住宅　らいおんハート君津", "url2": "https://www.kaigokensaku.mhlw.go.jp/12/index.php?action_kouhyou_detail_004_kani=true&JigyosyoCd=1273001683-00&ServiceCd=110&Type=search" }, "geometry": { "type": "Point", "coordinates": [ 139.8988209, 35.3273722 ] } },
{ "type": "Feature", "properties": { "内容": "サボワール有限会社　ベル訪問介護事業所【訪問介護】千葉県君津市中島270番地1", "url2": "https://www.kaigokensaku.mhlw.go.jp/12/index.php?action_kouhyou_detail_004_kani=true&JigyosyoCd=1273000206-00&ServiceCd=110&Type=search" }, "geometry": { "type": "Point", "coordinates": [ 139.955251500000031, 35.3063627 ] } },
{ "type": "Feature", "properties": { "内容": "敬愛【訪問介護】千葉県君津市杢師2－10－41", "url2": "https://www.kaigokensaku.mhlw.go.jp/12/index.php?action_kouhyou_detail_004_kani=true&JigyosyoCd=1273001642-00&ServiceCd=110&Type=search" }, "geometry": { "type": "Point", "coordinates": [ 139.911047599999961, 35.324054 ] } },
{ "type": "Feature", "properties": { "内容": "訪問介護ステーション絆【訪問介護】千葉県君津市杢師4-15-12", "url2": "https://www.kaigokensaku.mhlw.go.jp/12/index.php?action_kouhyou_detail_004_kani=true&JigyosyoCd=1273001659-00&ServiceCd=110&Type=search" }, "geometry": { "type": "Point", "coordinates": [ 139.9182504, 35.3168049 ] } },
{ "type": "Feature", "properties": { "内容": "セントケア富津【訪問介護】千葉県富津市西大和田916", "url2": "https://www.kaigokensaku.mhlw.go.jp/12/index.php?action_kouhyou_detail_004_kani=true&JigyosyoCd=1273100543-00&ServiceCd=110&Type=search" }, "geometry": { "type": "Point", "coordinates": [ 139.862701499999957, 35.2926747 ] } },
{ "type": "Feature", "properties": { "内容": "ファミリーサポートフェニックス【訪問介護】千葉県富津市大堀3丁目14番地10", "url2": "https://www.kaigokensaku.mhlw.go.jp/12/index.php?action_kouhyou_detail_004_kani=true&JigyosyoCd=1273100881-00&ServiceCd=110&Type=search" }, "geometry": { "type": "Point", "coordinates": [ 139.849266757248074, 35.327590835919544 ] } },
{ "type": "Feature", "properties": { "内容": "訪問ケア富津太陽【訪問介護】千葉県富津市大堀1349番地", "url2": "https://www.kaigokensaku.mhlw.go.jp/12/index.php?action_kouhyou_detail_004_kani=true&JigyosyoCd=1273101145-00&ServiceCd=110&Type=search" }, "geometry": { "type": "Point", "coordinates": [ 139.8553465, 35.3373404 ] } },
{ "type": "Feature", "properties": { "内容": "オアシス慶寿訪問介護ステーション【訪問介護】千葉県富津市岩本７２４－２", "url2": "https://www.kaigokensaku.mhlw.go.jp/12/index.php?action_kouhyou_detail_004_kani=true&JigyosyoCd=1273100584-00&ServiceCd=110&Type=search" }, "geometry": { "type": "Point", "coordinates": [ 139.92454170000002, 35.204019700000025 ] } },
{ "type": "Feature", "properties": { "内容": "訪問介護事業所海風【訪問介護】千葉県富津市千種新田７６１－３５", "url2": "https://www.kaigokensaku.mhlw.go.jp/12/index.php?action_kouhyou_detail_004_kani=true&JigyosyoCd=1273100782-00&ServiceCd=110&Type=search" }, "geometry": { "type": "Point", "coordinates": [ 139.847282550587465, 35.292969170653024 ] } },
{ "type": "Feature", "properties": { "内容": "ホームヘルプセンターオブリガード【訪問介護】千葉県富津市金谷　2202-2", "url2": "https://www.kaigokensaku.mhlw.go.jp/12/index.php?action_kouhyou_detail_004_kani=true&JigyosyoCd=1273100303-00&ServiceCd=110&Type=search" }, "geometry": { "type": "Point", "coordinates": [ 139.821765599999907, 35.1671122 ] } },
{ "type": "Feature", "properties": { "内容": "訪問介護事業所やまぶき【訪問介護】千葉県富津市豊岡1728番地1", "url2": "https://www.kaigokensaku.mhlw.go.jp/12/index.php?action_kouhyou_detail_004_kani=true&JigyosyoCd=1273101152-00&ServiceCd=110&Type=search" }, "geometry": { "type": "Point", "coordinates": [ 139.954436822753877, 35.18650826847017 ] } },
{ "type": "Feature", "properties": { "内容": "望みの門ホームヘルプサービス【訪問介護】千葉県富津市川名１４３６", "url2": "https://www.kaigokensaku.mhlw.go.jp/12/index.php?action_kouhyou_detail_004_kani=true&JigyosyoCd=1273100188-00&ServiceCd=110&Type=search" }, "geometry": { "type": "Point", "coordinates": [ 139.827554784794586, 35.306390637207429 ] } },
{ "type": "Feature", "properties": { "内容": "ホームヘルプサービスセンター金谷の里【訪問介護】千葉県富津市金谷1912番地2", "url2": "https://www.kaigokensaku.mhlw.go.jp/12/index.php?action_kouhyou_detail_004_kani=true&JigyosyoCd=1273100097-00&ServiceCd=110&Type=search" }, "geometry": { "type": "Point", "coordinates": [ 139.824165300000033, 35.175946800000034 ] } },
{ "type": "Feature", "properties": { "内容": "ヘルパーステーションわだち【訪問介護】千葉県富津市竹岡475", "url2": "https://www.kaigokensaku.mhlw.go.jp/12/index.php?action_kouhyou_detail_004_kani=true&JigyosyoCd=1273100758-00&ServiceCd=110&Type=search" }, "geometry": { "type": "Point", "coordinates": [ 139.860072599999967, 35.1990499 ] } },
{ "type": "Feature", "properties": { "内容": "つつじ苑ヘルパーステーション【訪問介護】千葉県富津市上飯野１４２６番３", "url2": "https://www.kaigokensaku.mhlw.go.jp/12/index.php?action_kouhyou_detail_004_kani=true&JigyosyoCd=1273100253-00&ServiceCd=110&Type=search" }, "geometry": { "type": "Point", "coordinates": [ 139.867300300000011, 35.315016 ] } },
{ "type": "Feature", "properties": { "内容": "ケア・サービス　ひまわり【訪問介護】千葉県富津市八幡１６３シルバービラージュ新舞子", "url2": "https://www.kaigokensaku.mhlw.go.jp/12/index.php?action_kouhyou_detail_004_kani=true&JigyosyoCd=1273100345-00&ServiceCd=110&Type=search" }, "geometry": { "type": "Point", "coordinates": [ 139.868206, 35.248824800000016 ] } },
{ "type": "Feature", "properties": { "内容": "訪問介護ステーション若葉【訪問介護】千葉県富津市金谷2559番地1", "url2": "https://www.kaigokensaku.mhlw.go.jp/12/index.php?action_kouhyou_detail_004_kani=true&JigyosyoCd=1273100873-00&ServiceCd=110&Type=search" }, "geometry": { "type": "Point", "coordinates": [ 139.826290126350386, 35.169265814362525 ] } },
{ "type": "Feature", "properties": { "内容": "訪問介護ステーション「わたしたちの生きる証」【訪問介護】千葉県富津市長崎字熊ノ下274", "url2": "https://www.kaigokensaku.mhlw.go.jp/12/index.php?action_kouhyou_detail_004_kani=true&JigyosyoCd=1273101079-00&ServiceCd=110&Type=search" }, "geometry": { "type": "Point", "coordinates": [ 139.905940099999953, 35.2192387 ] } },
{ "type": "Feature", "properties": { "内容": "Ｒａｋｕｅ浦安【訪問介護】千葉県浦安市猫実5-7-1ビビアンコート3階", "url2": "https://www.kaigokensaku.mhlw.go.jp/12/index.php?action_kouhyou_detail_004_kani=true&JigyosyoCd=1273200921-00&ServiceCd=110&Type=search" }, "geometry": { "type": "Point", "coordinates": [ 139.888185, 35.6635963 ] } },
{ "type": "Feature", "properties": { "内容": "有限会社　総合福祉サービス【訪問介護】千葉県浦安市海楽1-3-13", "url2": "https://www.kaigokensaku.mhlw.go.jp/12/index.php?action_kouhyou_detail_004_kani=true&JigyosyoCd=1273200046-00&ServiceCd=110&Type=search" }, "geometry": { "type": "Point", "coordinates": [ 139.903422800000044, 35.6529503 ] } },
{ "type": "Feature", "properties": { "内容": "ケアパートナー銀木犀＜浦安＞【訪問介護】千葉県浦安市富士見4丁目3-1サービス付き高齢者向け住宅銀木犀＜浦安＞", "url2": "https://www.kaigokensaku.mhlw.go.jp/12/index.php?action_kouhyou_detail_004_kani=true&JigyosyoCd=1273201267-00&ServiceCd=110&Type=search" }, "geometry": { "type": "Point", "coordinates": [ 139.890443051998659, 35.648480753334447 ] } },
{ "type": "Feature", "properties": { "内容": "合同会社ヤマダ介護【訪問介護】千葉県浦安市北栄３－３８－４４ブランシェ浦安１０３", "url2": "https://www.kaigokensaku.mhlw.go.jp/12/index.php?action_kouhyou_detail_004_kani=true&JigyosyoCd=1273201077-00&ServiceCd=110&Type=search" }, "geometry": { "type": "Point", "coordinates": [ 139.900797199999943, 35.6671129 ] } },
{ "type": "Feature", "properties": { "内容": "ケアリッツ浦安【訪問介護】千葉県浦安市北栄3-5-25U-BIGBLUTO-205", "url2": "https://www.kaigokensaku.mhlw.go.jp/12/index.php?action_kouhyou_detail_004_kani=true&JigyosyoCd=1273201580-00&ServiceCd=110&Type=search" }, "geometry": { "type": "Point", "coordinates": [ 139.900214405522547, 35.6631057724112 ] } },
{ "type": "Feature", "properties": { "内容": "アイノテ訪問介護事業所【訪問介護】千葉県浦安市猫実4-12-25", "url2": "https://www.kaigokensaku.mhlw.go.jp/12/index.php?action_kouhyou_detail_004_kani=true&JigyosyoCd=1273201135-00&ServiceCd=110&Type=search" }, "geometry": { "type": "Point", "coordinates": [ 139.894345599999951, 35.662196500000015 ] } },
{ "type": "Feature", "properties": { "内容": "東京海上日動みずたま介護ＳＴ浦安【訪問介護】千葉県浦安市当代島1-3-29アイエムビル4FB", "url2": "https://www.kaigokensaku.mhlw.go.jp/12/index.php?action_kouhyou_detail_004_kani=true&JigyosyoCd=1273201234-00&ServiceCd=110&Type=search" }, "geometry": { "type": "Point", "coordinates": [ 139.892841550627651, 35.666720037316246 ] } },
{ "type": "Feature", "properties": { "内容": "SOMPOケア浦安　訪問介護【訪問介護】千葉県浦安市当代島1-1-11フォーレストビル3階A号室", "url2": "https://www.kaigokensaku.mhlw.go.jp/12/index.php?action_kouhyou_detail_004_kani=true&JigyosyoCd=1273201374-00&ServiceCd=110&Type=search" }, "geometry": { "type": "Point", "coordinates": [ 139.893185757158335, 35.666504754128866 ] } },
{ "type": "Feature", "properties": { "内容": "光悠指定訪問介護事業所【訪問介護】千葉県浦安市堀江6-13-24", "url2": "https://www.kaigokensaku.mhlw.go.jp/12/index.php?action_kouhyou_detail_004_kani=true&JigyosyoCd=1273200111-00&ServiceCd=110&Type=search" }, "geometry": { "type": "Point", "coordinates": [ 139.894473600000026, 35.652915600000043 ] } },
{ "type": "Feature", "properties": { "内容": "有限会社　あさりケアサービス【訪問介護】千葉県浦安市猫実2-2-6ロイヤルガーデン浦安リバーサイド203", "url2": "https://www.kaigokensaku.mhlw.go.jp/12/index.php?action_kouhyou_detail_004_kani=true&JigyosyoCd=1273200632-00&ServiceCd=110&Type=search" }, "geometry": { "type": "Point", "coordinates": [ 139.898543779502859, 35.657304257732534 ] } },
{ "type": "Feature", "properties": { "内容": "リリーフケア２４【訪問介護】千葉県浦安市猫実5丁目11番18号", "url2": "https://www.kaigokensaku.mhlw.go.jp/12/index.php?action_kouhyou_detail_004_kani=true&JigyosyoCd=1273200954-00&ServiceCd=110&Type=search" }, "geometry": { "type": "Point", "coordinates": [ 139.8894848, 35.664974 ] } },
{ "type": "Feature", "properties": { "内容": "ケアラビット　浦安センター【訪問介護】千葉県浦安市北栄4-20-10", "url2": "https://www.kaigokensaku.mhlw.go.jp/12/index.php?action_kouhyou_detail_004_kani=true&JigyosyoCd=1273200491-00&ServiceCd=110&Type=search" }, "geometry": { "type": "Point", "coordinates": [ 139.901714399999946, 35.6607578 ] } },
{ "type": "Feature", "properties": { "内容": "ニチイケアセンター舞浜【訪問介護】千葉県浦安市富士見4-15-21グランコート舞浜202", "url2": "https://www.kaigokensaku.mhlw.go.jp/12/index.php?action_kouhyou_detail_004_kani=true&JigyosyoCd=1273201457-00&ServiceCd=110&Type=search" }, "geometry": { "type": "Point", "coordinates": [ 139.888225599999942, 35.6457559 ] } },
{ "type": "Feature", "properties": { "内容": "株式会社アスモットケアー【訪問介護】千葉県浦安市堀江6-5-57-201イーストタイガー201", "url2": "https://www.kaigokensaku.mhlw.go.jp/12/index.php?action_kouhyou_detail_004_kani=true&JigyosyoCd=1273201317-00&ServiceCd=110&Type=search" }, "geometry": { "type": "Point", "coordinates": [ 139.894908891128239, 35.654176045494701 ] } },
{ "type": "Feature", "properties": { "内容": "ニチイケアセンター浦安【訪問介護】千葉県浦安市当代島1-1-23林ビル4F第一西脇ビル2階", "url2": "https://www.kaigokensaku.mhlw.go.jp/12/index.php?action_kouhyou_detail_004_kani=true&JigyosyoCd=1273200095-00&ServiceCd=110&Type=search" }, "geometry": { "type": "Point", "coordinates": [ 139.8929329, 35.6671185 ] } },
{ "type": "Feature", "properties": { "内容": "エメラルドサポート【訪問介護】千葉県浦安市入船4-2-8", "url2": "https://www.kaigokensaku.mhlw.go.jp/12/index.php?action_kouhyou_detail_004_kani=true&JigyosyoCd=1273200434-00&ServiceCd=110&Type=search" }, "geometry": { "type": "Point", "coordinates": [ 139.919552, 35.649712 ] } },
{ "type": "Feature", "properties": { "内容": "ニチイケアセンター新浦安【訪問介護】千葉県浦安市入船4-3-1新浦安エスケービル4F", "url2": "https://www.kaigokensaku.mhlw.go.jp/12/index.php?action_kouhyou_detail_004_kani=true&JigyosyoCd=1273200533-00&ServiceCd=110&Type=search" }, "geometry": { "type": "Point", "coordinates": [ 139.917269499999946, 35.6489448 ] } },
{ "type": "Feature", "properties": { "内容": "レスパイトケア【訪問介護】千葉県浦安市北栄1-16-30-305レドンドビル", "url2": "https://www.kaigokensaku.mhlw.go.jp/12/index.php?action_kouhyou_detail_004_kani=true&JigyosyoCd=1273200863-00&ServiceCd=110&Type=search" }, "geometry": { "type": "Point", "coordinates": [ 139.8925511, 35.6667988 ] } },
{ "type": "Feature", "properties": { "内容": "癒しのヘルパーステーション浦安【訪問介護】千葉県浦安市堀江1-29-4　ヌーヴェルバーグ101", "url2": "https://www.kaigokensaku.mhlw.go.jp/12/index.php?action_kouhyou_detail_004_kani=true&JigyosyoCd=1273200343-00&ServiceCd=110&Type=search" }, "geometry": { "type": "Point", "coordinates": [ 139.900167099999976, 35.6677293 ] } },
{ "type": "Feature", "properties": { "内容": "ケアステーションきらら浦安【訪問介護】千葉県浦安市北栄2-18-18ライフサポートレジデンスゆらら北栄201号室", "url2": "https://www.kaigokensaku.mhlw.go.jp/12/index.php?action_kouhyou_detail_004_kani=true&JigyosyoCd=1273201341-00&ServiceCd=110&Type=search" }, "geometry": { "type": "Point", "coordinates": [ 139.895254, 35.6698405 ] } },
{ "type": "Feature", "properties": { "内容": "おあしすヘルパー・センター【訪問介護】千葉県浦安市北栄３－３３－２７　1階", "url2": "https://www.kaigokensaku.mhlw.go.jp/12/index.php?action_kouhyou_detail_004_kani=true&JigyosyoCd=1273200616-00&ServiceCd=110&Type=search" }, "geometry": { "type": "Point", "coordinates": [ 139.898676586116522, 35.666076794253406 ] } },
{ "type": "Feature", "properties": { "内容": "パーソナルケアセンター【訪問介護】千葉県浦安市今川1-14-52", "url2": "https://www.kaigokensaku.mhlw.go.jp/12/index.php?action_kouhyou_detail_004_kani=true&JigyosyoCd=1273200640-00&ServiceCd=110&Type=search" }, "geometry": { "type": "Point", "coordinates": [ 139.905531200000041, 35.6437985 ] } },
{ "type": "Feature", "properties": { "内容": "ケアサポートあいか四街道【訪問介護】千葉県四街道市下志津新田2521-106", "url2": "https://www.kaigokensaku.mhlw.go.jp/12/index.php?action_kouhyou_detail_004_kani=true&JigyosyoCd=1273301778-00&ServiceCd=110&Type=search" }, "geometry": { "type": "Point", "coordinates": [ 140.1565831, 35.6641275 ] } },
{ "type": "Feature", "properties": { "内容": "ニチイケアセンター物井【訪問介護】千葉県四街道市物井941-4セゾン・ケイ102", "url2": "https://www.kaigokensaku.mhlw.go.jp/12/index.php?action_kouhyou_detail_004_kani=true&JigyosyoCd=1273301562-00&ServiceCd=110&Type=search" }, "geometry": { "type": "Point", "coordinates": [ 140.201486501852429, 35.689380342456765 ] } },
{ "type": "Feature", "properties": { "内容": "ファーストステージ四街道【訪問介護】千葉県四街道市鹿渡968-7大野ビル104号室", "url2": "https://www.kaigokensaku.mhlw.go.jp/12/index.php?action_kouhyou_detail_004_kani=true&JigyosyoCd=1273301752-00&ServiceCd=110&Type=search" }, "geometry": { "type": "Point", "coordinates": [ 140.1689524, 35.6645406 ] } },
{ "type": "Feature", "properties": { "内容": "訪問介護事業所　まごころ館四街道【訪問介護】千葉県四街道市中台501-1", "url2": "https://www.kaigokensaku.mhlw.go.jp/12/index.php?action_kouhyou_detail_004_kani=true&JigyosyoCd=1273301604-00&ServiceCd=110&Type=search" }, "geometry": { "type": "Point", "coordinates": [ 140.208345879098545, 35.657441652081246 ] } },
{ "type": "Feature", "properties": { "内容": "訪問介護ステーション通楽四街道【訪問介護】千葉県四街道市大日2214-62", "url2": "https://www.kaigokensaku.mhlw.go.jp/12/index.php?action_kouhyou_detail_004_kani=true&JigyosyoCd=1273301430-00&ServiceCd=110&Type=search" }, "geometry": { "type": "Point", "coordinates": [ 140.152222, 35.6929869 ] } },
{ "type": "Feature", "properties": { "内容": "コープみらい四街道介護センター【訪問介護】千葉県四街道市大日1793-15", "url2": "https://www.kaigokensaku.mhlw.go.jp/12/index.php?action_kouhyou_detail_004_kani=true&JigyosyoCd=1273300960-00&ServiceCd=110&Type=search" }, "geometry": { "type": "Point", "coordinates": [ 140.1589983, 35.66886860000001 ] } },
{ "type": "Feature", "properties": { "内容": "さんわケアサービス訪問介護事業所四街道【訪問介護】千葉県四街道市大日字萱橋台509-1アンダンテ四街道", "url2": "https://www.kaigokensaku.mhlw.go.jp/12/index.php?action_kouhyou_detail_004_kani=true&JigyosyoCd=1273300713-00&ServiceCd=110&Type=search" }, "geometry": { "type": "Point", "coordinates": [ 140.168403944766141, 35.680851687452368 ] } },
{ "type": "Feature", "properties": { "内容": "さわやかヘルパーステーション【訪問介護】千葉県四街道市大日６９－１ＨＫビル１０１", "url2": "https://www.kaigokensaku.mhlw.go.jp/12/index.php?action_kouhyou_detail_004_kani=true&JigyosyoCd=1273300580-00&ServiceCd=110&Type=search" }, "geometry": { "type": "Point", "coordinates": [ 140.158302152609309, 35.67083778552589 ] } },
{ "type": "Feature", "properties": { "内容": "あかり【訪問介護】千葉県四街道市旭ヶ丘4-20-17", "url2": "https://www.kaigokensaku.mhlw.go.jp/12/index.php?action_kouhyou_detail_004_kani=true&JigyosyoCd=1273301448-00&ServiceCd=110&Type=search" }, "geometry": { "type": "Point", "coordinates": [ 140.187235900000019, 35.6658401 ] } },
{ "type": "Feature", "properties": { "内容": "ＳＯＭＰＯケア　四街道　訪問介護【訪問介護】千葉県四街道市和良比269-31　貸事務所1棟2階", "url2": "https://www.kaigokensaku.mhlw.go.jp/12/index.php?action_kouhyou_detail_004_kani=true&JigyosyoCd=1273301497-00&ServiceCd=110&Type=search" }, "geometry": { "type": "Point", "coordinates": [ 140.172236894219395, 35.662152741772786 ] } },
{ "type": "Feature", "properties": { "内容": "ヘルパーステーション和良比【訪問介護】千葉県四街道市和良比952-137", "url2": "https://www.kaigokensaku.mhlw.go.jp/12/index.php?action_kouhyou_detail_004_kani=true&JigyosyoCd=1273301521-00&ServiceCd=110&Type=search" }, "geometry": { "type": "Point", "coordinates": [ 140.155701334223977, 35.652050852886461 ] } },
{ "type": "Feature", "properties": { "内容": "チェリーコート訪問介護ステーション【訪問介護】千葉県四街道市大日526-22", "url2": "https://www.kaigokensaku.mhlw.go.jp/12/index.php?action_kouhyou_detail_004_kani=true&JigyosyoCd=1273300374-00&ServiceCd=110&Type=search" }, "geometry": { "type": "Point", "coordinates": [ 140.166401497128277, 35.6805395475726 ] } },
{ "type": "Feature", "properties": { "内容": "たすけあいの会ふきのとう【訪問介護】千葉県四街道市四街道１５２１－１９", "url2": "https://www.kaigokensaku.mhlw.go.jp/12/index.php?action_kouhyou_detail_004_kani=true&JigyosyoCd=1273300127-00&ServiceCd=110&Type=search" }, "geometry": { "type": "Point", "coordinates": [ 140.16341821600804, 35.668429722631501 ] } },
{ "type": "Feature", "properties": { "内容": "ニチイケアセンター四街道【訪問介護】千葉県四街道市大日２８８－１７斉藤ビル２階", "url2": "https://www.kaigokensaku.mhlw.go.jp/12/index.php?action_kouhyou_detail_004_kani=true&JigyosyoCd=1273300077-00&ServiceCd=110&Type=search" }, "geometry": { "type": "Point", "coordinates": [ 140.162927699999955, 35.6708876 ] } },
{ "type": "Feature", "properties": { "内容": "ヘルパーステーションあお【訪問介護】千葉県四街道市四街道1511-11千葉宅建ビル203号", "url2": "https://www.kaigokensaku.mhlw.go.jp/12/index.php?action_kouhyou_detail_004_kani=true&JigyosyoCd=1273301786-00&ServiceCd=110&Type=search" }, "geometry": { "type": "Point", "coordinates": [ 140.1633109, 35.6691499 ] } },
{ "type": "Feature", "properties": { "内容": "ゆとりケアセンター【訪問介護】千葉県四街道市鹿渡611-1サンヒルズF101", "url2": "https://www.kaigokensaku.mhlw.go.jp/12/index.php?action_kouhyou_detail_004_kani=true&JigyosyoCd=1273301513-00&ServiceCd=110&Type=search" }, "geometry": { "type": "Point", "coordinates": [ 140.17686342098412, 35.665136825049288 ] } },
{ "type": "Feature", "properties": { "内容": "ういず・ユー野の花ケアステーション【訪問介護】千葉県四街道市鹿渡933-296　123ビル201123ﾋﾞﾙ201", "url2": "https://www.kaigokensaku.mhlw.go.jp/12/index.php?action_kouhyou_detail_004_kani=true&JigyosyoCd=1273301331-00&ServiceCd=110&Type=search" }, "geometry": { "type": "Point", "coordinates": [ 140.16311989999997, 35.6699631 ] } },
{ "type": "Feature", "properties": { "内容": "すみれ訪問介護事業所【訪問介護】千葉県四街道市栗山1082番地115", "url2": "https://www.kaigokensaku.mhlw.go.jp/12/index.php?action_kouhyou_detail_004_kani=true&JigyosyoCd=1273301539-00&ServiceCd=110&Type=search" }, "geometry": { "type": "Point", "coordinates": [ 140.173048599999987, 35.675724 ] } },
{ "type": "Feature", "properties": { "内容": "ケアステーションしあわせうさぎ【訪問介護】千葉県四街道市和良比254-12小山ビル3階", "url2": "https://www.kaigokensaku.mhlw.go.jp/12/index.php?action_kouhyou_detail_004_kani=true&JigyosyoCd=1273301638-00&ServiceCd=110&Type=search" }, "geometry": { "type": "Point", "coordinates": [ 140.167083556483448, 35.662446209281462 ] } },
{ "type": "Feature", "properties": { "内容": "居宅介護事業所KIYO'Sはうす【訪問介護】千葉県四街道市大日2106-30", "url2": "https://www.kaigokensaku.mhlw.go.jp/12/index.php?action_kouhyou_detail_004_kani=true&JigyosyoCd=1273301729-00&ServiceCd=110&Type=search" }, "geometry": { "type": "Point", "coordinates": [ 140.1492561, 35.6992622 ] } },
{ "type": "Feature", "properties": { "内容": "株式会社青い星【訪問介護】千葉県袖ケ浦市蔵波台4-20-11", "url2": "https://www.kaigokensaku.mhlw.go.jp/12/index.php?action_kouhyou_detail_004_kani=true&JigyosyoCd=1273401024-00&ServiceCd=110&Type=search" }, "geometry": { "type": "Point", "coordinates": [ 139.9975275, 35.4410347 ] } },
{ "type": "Feature", "properties": { "内容": "げんき介護相談所【訪問介護】千葉県袖ケ浦市勝217-1", "url2": "https://www.kaigokensaku.mhlw.go.jp/12/index.php?action_kouhyou_detail_004_kani=true&JigyosyoCd=1273400570-00&ServiceCd=110&Type=search" }, "geometry": { "type": "Point", "coordinates": [ 140.019456799999944, 35.4137368 ] } },
{ "type": "Feature", "properties": { "内容": "特定非営利活動法人在宅福祉サービス袖ケ浦ふれあい【訪問介護】千葉県袖ケ浦市久保田１７７７番地", "url2": "https://www.kaigokensaku.mhlw.go.jp/12/index.php?action_kouhyou_detail_004_kani=true&JigyosyoCd=1283400016-00&ServiceCd=110&Type=search" }, "geometry": { "type": "Point", "coordinates": [ 140.019004685773723, 35.445325841263525 ] } },
{ "type": "Feature", "properties": { "内容": "袖ヶ浦ムツミヘルパーステーション【訪問介護】袖ヶ浦市福王台1丁目13番3", "url2": "https://www.kaigokensaku.mhlw.go.jp/12/index.php?action_kouhyou_detail_004_kani=true&JigyosyoCd=1273400844-00&ServiceCd=110&Type=search" }, "geometry": { "type": "Point", "coordinates": [ 139.957651799999979, 35.4255032 ] } },
{ "type": "Feature", "properties": { "内容": "ライフサポート彩輝【訪問介護】千葉県袖ヶ浦市大曽根２-１", "url2": "https://www.kaigokensaku.mhlw.go.jp/12/index.php?action_kouhyou_detail_004_kani=true&JigyosyoCd=1273400380-00&ServiceCd=110&Type=search" }, "geometry": { "type": "Point", "coordinates": [ 140.015299, 35.413937 ] } },
{ "type": "Feature", "properties": { "内容": "さつき会ヘルパーステーション　カトレアンホーム事業所【訪問介護】千葉県袖ヶ浦市蔵波2713－1", "url2": "https://www.kaigokensaku.mhlw.go.jp/12/index.php?action_kouhyou_detail_004_kani=true&JigyosyoCd=1273400091-00&ServiceCd=110&Type=search" }, "geometry": { "type": "Point", "coordinates": [ 139.989856599999939, 35.4387347 ] } },
{ "type": "Feature", "properties": { "内容": "ケア・サービス憩【訪問介護】横田1709-2", "url2": "https://www.kaigokensaku.mhlw.go.jp/12/index.php?action_kouhyou_detail_004_kani=true&JigyosyoCd=1273400992-00&ServiceCd=110&Type=search" }, "geometry": { "type": "Point", "coordinates": [ 140.025903772828912, 35.396599677633525 ] } },
{ "type": "Feature", "properties": { "内容": "セントケア　袖ヶ浦【訪問介護】千葉県袖ヶ浦市蔵波台3-10-2", "url2": "https://www.kaigokensaku.mhlw.go.jp/12/index.php?action_kouhyou_detail_004_kani=true&JigyosyoCd=1273400539-00&ServiceCd=110&Type=search" }, "geometry": { "type": "Point", "coordinates": [ 139.993044629187921, 35.444471815367585 ] } },
{ "type": "Feature", "properties": { "内容": "ミサキ訪問介護事業所【訪問介護】千葉県袖ケ浦市蔵波2589", "url2": "https://www.kaigokensaku.mhlw.go.jp/12/index.php?action_kouhyou_detail_004_kani=true&JigyosyoCd=1273400919-00&ServiceCd=110&Type=search" }, "geometry": { "type": "Point", "coordinates": [ 139.982835200000011, 35.44094310000002 ] } },
{ "type": "Feature", "properties": { "内容": "ベストケア訪問介護【訪問介護】千葉県袖ケ浦市神納1丁目19番地3号グローバルビレッジ10号", "url2": "https://www.kaigokensaku.mhlw.go.jp/12/index.php?action_kouhyou_detail_004_kani=true&JigyosyoCd=1273400968-00&ServiceCd=110&Type=search" }, "geometry": { "type": "Point", "coordinates": [ 139.9599933, 35.4234014 ] } },
{ "type": "Feature", "properties": { "内容": "ヴィラ訪問介護【訪問介護】千葉県袖ケ浦市奈良輪２－９－１", "url2": "https://www.kaigokensaku.mhlw.go.jp/12/index.php?action_kouhyou_detail_004_kani=true&JigyosyoCd=1273401040-00&ServiceCd=110&Type=search" }, "geometry": { "type": "Point", "coordinates": [ 139.960057399999982, 35.432770499999982 ] } },
{ "type": "Feature", "properties": { "内容": "クローバーグループふれんず虹【訪問介護】千葉県袖ケ浦市奈良輪2459-4", "url2": "https://www.kaigokensaku.mhlw.go.jp/12/index.php?action_kouhyou_detail_004_kani=true&JigyosyoCd=1273400430-00&ServiceCd=110&Type=search" }, "geometry": { "type": "Point", "coordinates": [ 139.9574354, 35.4406538 ] } },
{ "type": "Feature", "properties": { "内容": "訪問介護ステーションあやとり【訪問介護】千葉県八街市希望ヶ丘95-162", "url2": "https://www.kaigokensaku.mhlw.go.jp/12/index.php?action_kouhyou_detail_004_kani=true&JigyosyoCd=1273500767-00&ServiceCd=110&Type=search" }, "geometry": { "type": "Point", "coordinates": [ 140.2810313, 35.6440049 ] } },
{ "type": "Feature", "properties": { "内容": "ヘルパーステーションアムール【訪問介護】千葉県八街市榎戸５６４－１２コーポ泉１０３号", "url2": "https://www.kaigokensaku.mhlw.go.jp/12/index.php?action_kouhyou_detail_004_kani=true&JigyosyoCd=1273501021-00&ServiceCd=110&Type=search" }, "geometry": { "type": "Point", "coordinates": [ 140.290176100000053, 35.6873336 ] } },
{ "type": "Feature", "properties": { "内容": "生活クラブ風の村介護ステーション八街【訪問介護】千葉県八街市東吉田９１２－８", "url2": "https://www.kaigokensaku.mhlw.go.jp/12/index.php?action_kouhyou_detail_004_kani=true&JigyosyoCd=1273500288-00&ServiceCd=110&Type=search" }, "geometry": { "type": "Point", "coordinates": [ 140.292548799999963, 35.6389048 ] } },
{ "type": "Feature", "properties": { "内容": "訪問介護事業所昭和の里　八街【訪問介護】千葉県八街市大木673-2", "url2": "https://www.kaigokensaku.mhlw.go.jp/12/index.php?action_kouhyou_detail_004_kani=true&JigyosyoCd=1273501484-00&ServiceCd=110&Type=search" }, "geometry": { "type": "Point", "coordinates": [ 140.3238422, 35.6551075 ] } },
{ "type": "Feature", "properties": { "内容": "ソーシャルビジネス【訪問介護】千葉県八街市八街ほ224-16東ビル202", "url2": "https://www.kaigokensaku.mhlw.go.jp/12/index.php?action_kouhyou_detail_004_kani=true&JigyosyoCd=1273500890-00&ServiceCd=110&Type=search" }, "geometry": { "type": "Point", "coordinates": [ 140.315762455607739, 35.66196235165026 ] } },
{ "type": "Feature", "properties": { "内容": "まりもケア【訪問介護】千葉県八街市山田台684-5", "url2": "https://www.kaigokensaku.mhlw.go.jp/12/index.php?action_kouhyou_detail_004_kani=true&JigyosyoCd=1273500734-00&ServiceCd=110&Type=search" }, "geometry": { "type": "Point", "coordinates": [ 140.284272230024726, 35.579618477541963 ] } },
{ "type": "Feature", "properties": { "内容": "孫の手ワーク八街【訪問介護】千葉県八街市榎戸917-7ＳＫＹビル１Ｆ", "url2": "https://www.kaigokensaku.mhlw.go.jp/12/index.php?action_kouhyou_detail_004_kani=true&JigyosyoCd=1273500551-00&ServiceCd=110&Type=search" }, "geometry": { "type": "Point", "coordinates": [ 140.287711899999977, 35.68411 ] } },
{ "type": "Feature", "properties": { "内容": "訪問介護ステーション・マーガレット【訪問介護】千葉県八街市富山1314-2531小林歯科医院一階", "url2": "https://www.kaigokensaku.mhlw.go.jp/12/index.php?action_kouhyou_detail_004_kani=true&JigyosyoCd=1273500452-00&ServiceCd=110&Type=search" }, "geometry": { "type": "Point", "coordinates": [ 140.302013399999964, 35.6708834 ] } },
{ "type": "Feature", "properties": { "内容": "ニチイケアセンター八街【訪問介護】千葉県八街市八街ほ237三伸ビル2F", "url2": "https://www.kaigokensaku.mhlw.go.jp/12/index.php?action_kouhyou_detail_004_kani=true&JigyosyoCd=1273500197-00&ServiceCd=110&Type=search" }, "geometry": { "type": "Point", "coordinates": [ 140.317124199999967, 35.6624735 ] } },
{ "type": "Feature", "properties": { "内容": "シンシアホームヘルプ【訪問介護】千葉県八街市八街に55-49", "url2": "https://www.kaigokensaku.mhlw.go.jp/12/index.php?action_kouhyou_detail_004_kani=true&JigyosyoCd=1273500981-00&ServiceCd=110&Type=search" }, "geometry": { "type": "Point", "coordinates": [ 140.332856049372111, 35.665845957627845 ] } },
{ "type": "Feature", "properties": { "内容": "ヤックスヘルパーステーション八街【訪問介護】千葉県八街市文違301-3836ヤックスドラッグ八街中央店内", "url2": "https://www.kaigokensaku.mhlw.go.jp/12/index.php?action_kouhyou_detail_004_kani=true&JigyosyoCd=1273500254-00&ServiceCd=110&Type=search" }, "geometry": { "type": "Point", "coordinates": [ 140.317931, 35.6802513 ] } },
{ "type": "Feature", "properties": { "内容": "在宅介護センター　いずみ【訪問介護】千葉県印西市平賀学園台　3-2-13", "url2": "https://www.kaigokensaku.mhlw.go.jp/12/index.php?action_kouhyou_detail_004_kani=true&JigyosyoCd=1274100120-00&ServiceCd=110&Type=search" }, "geometry": { "type": "Point", "coordinates": [ 140.24917690173038, 35.753817951618799 ] } },
{ "type": "Feature", "properties": { "内容": "訪問介護こころ【訪問介護】千葉県印西市草深2221番地５", "url2": "https://www.kaigokensaku.mhlw.go.jp/12/index.php?action_kouhyou_detail_004_kani=true&JigyosyoCd=1273601086-00&ServiceCd=110&Type=search" }, "geometry": { "type": "Point", "coordinates": [ 140.161491328836092, 35.798630660578496 ] } },
{ "type": "Feature", "properties": { "内容": "ふれあいサポート大吉【訪問介護】千葉県印西市木下1521-27", "url2": "https://www.kaigokensaku.mhlw.go.jp/12/index.php?action_kouhyou_detail_004_kani=true&JigyosyoCd=1273601037-00&ServiceCd=110&Type=search" }, "geometry": { "type": "Point", "coordinates": [ 140.1502262, 35.8386233 ] } },
{ "type": "Feature", "properties": { "内容": "ドット３６５千葉ニュータウン（訪問介護）【訪問介護】千葉県印西市草深67-7佐藤第一ビル201", "url2": "https://www.kaigokensaku.mhlw.go.jp/12/index.php?action_kouhyou_detail_004_kani=true&JigyosyoCd=1273600955-00&ServiceCd=110&Type=search" }, "geometry": { "type": "Point", "coordinates": [ 140.1409429, 35.8001209 ] } },
{ "type": "Feature", "properties": { "内容": "ＪＡ西印旛訪問介護サービス指定訪問介護事業所【訪問介護】千葉県印西市大森3546-9", "url2": "https://www.kaigokensaku.mhlw.go.jp/12/index.php?action_kouhyou_detail_004_kani=true&JigyosyoCd=1273600161-00&ServiceCd=110&Type=search" }, "geometry": { "type": "Point", "coordinates": [ 140.143887800000016, 35.8354647 ] } },
{ "type": "Feature", "properties": { "内容": "ヘルパーステーション　よしきり【訪問介護】千葉県印西市瀬戸1844番地の2軽費老人ホームよしきり", "url2": "https://www.kaigokensaku.mhlw.go.jp/12/index.php?action_kouhyou_detail_004_kani=true&JigyosyoCd=1273600948-00&ServiceCd=110&Type=search" }, "geometry": { "type": "Point", "coordinates": [ 140.225154099999969, 35.769117700000024 ] } },
{ "type": "Feature", "properties": { "内容": "和ぐみヘルパーステーション印西【訪問介護】千葉県印西市木下東2-2-2ソレイユ倶楽部印西", "url2": "https://www.kaigokensaku.mhlw.go.jp/12/index.php?action_kouhyou_detail_004_kani=true&JigyosyoCd=1273600906-00&ServiceCd=110&Type=search" }, "geometry": { "type": "Point", "coordinates": [ 140.161889, 35.841553 ] } },
{ "type": "Feature", "properties": { "内容": "有限会社フレンズ印西【訪問介護】千葉県印西市草深2302-3", "url2": "https://www.kaigokensaku.mhlw.go.jp/12/index.php?action_kouhyou_detail_004_kani=true&JigyosyoCd=1264690038-00&ServiceCd=110&Type=search" }, "geometry": { "type": "Point", "coordinates": [ 140.162947415818763, 35.796137767446154 ] } },
{ "type": "Feature", "properties": { "内容": "ペブルヘルパーステーション【訪問介護】千葉県印西市牧の原１丁目３番", "url2": "https://www.kaigokensaku.mhlw.go.jp/12/index.php?action_kouhyou_detail_004_kani=true&JigyosyoCd=1273600617-00&ServiceCd=110&Type=search" }, "geometry": { "type": "Point", "coordinates": [ 140.162586599999941, 35.8057938 ] } },
{ "type": "Feature", "properties": { "内容": "社会福祉法人印西市社会福祉協議会【訪問介護】千葉県印西市竹袋６１４－９", "url2": "https://www.kaigokensaku.mhlw.go.jp/12/index.php?action_kouhyou_detail_004_kani=true&JigyosyoCd=1273600096-00&ServiceCd=110&Type=search" }, "geometry": { "type": "Point", "coordinates": [ 140.150454, 35.832793 ] } },
{ "type": "Feature", "properties": { "内容": "訪問介護RANOK印西【訪問介護】千葉県印西市小林294-16ジュエリーC棟101号室", "url2": "https://www.kaigokensaku.mhlw.go.jp/12/index.php?action_kouhyou_detail_004_kani=true&JigyosyoCd=1273601128-00&ServiceCd=110&Type=search" }, "geometry": { "type": "Point", "coordinates": [ 140.1919648, 35.8314578 ] } },
{ "type": "Feature", "properties": { "内容": "株式会社テヲ【訪問介護】千葉県印西市木下南2丁目2番地８", "url2": "https://www.kaigokensaku.mhlw.go.jp/12/index.php?action_kouhyou_detail_004_kani=true&JigyosyoCd=1273601011-00&ServiceCd=110&Type=search" }, "geometry": { "type": "Point", "coordinates": [ 140.1505879, 35.8350654 ] } },
{ "type": "Feature", "properties": { "内容": "マアル印西ヘルパーステーション【訪問介護】千葉県印西市3812-6", "url2": "https://www.kaigokensaku.mhlw.go.jp/12/index.php?action_kouhyou_detail_004_kani=true&JigyosyoCd=1273601136-00&ServiceCd=110&Type=search" }, "geometry": { "type": "Point", "coordinates": [ 140.1456967, 35.8326275 ] } },
{ "type": "Feature", "properties": { "内容": "コアラ訪問介護ステーション【訪問介護】千葉県印西市大森２６１４－２リーベディッヒ大森", "url2": "https://www.kaigokensaku.mhlw.go.jp/12/index.php?action_kouhyou_detail_004_kani=true&JigyosyoCd=1273600716-00&ServiceCd=110&Type=search" }, "geometry": { "type": "Point", "coordinates": [ 140.141973900000039, 35.8388586 ] } },
{ "type": "Feature", "properties": { "内容": "介護ｽﾃｰｼｮﾝSefro【訪問介護】千葉県白井市根125-13", "url2": "https://www.kaigokensaku.mhlw.go.jp/12/index.php?action_kouhyou_detail_004_kani=true&JigyosyoCd=1274200748-00&ServiceCd=110&Type=search" }, "geometry": { "type": "Point", "coordinates": [ 140.0500283, 35.7862475 ] } },
{ "type": "Feature", "properties": { "内容": "にこにこケアステーション【訪問介護】千葉県白井市根１７２６－４ヴィラ西白井F", "url2": "https://www.kaigokensaku.mhlw.go.jp/12/index.php?action_kouhyou_detail_004_kani=true&JigyosyoCd=1274200730-00&ServiceCd=110&Type=search" }, "geometry": { "type": "Point", "coordinates": [ 140.030841900000041, 35.7902187 ] } },
{ "type": "Feature", "properties": { "内容": "リハモードデリ訪問介護ステーション【訪問介護】千葉県白井市根235-2", "url2": "https://www.kaigokensaku.mhlw.go.jp/12/index.php?action_kouhyou_detail_004_kani=true&JigyosyoCd=1274200896-00&ServiceCd=110&Type=search" }, "geometry": { "type": "Point", "coordinates": [ 140.039171300000021, 35.7744646 ] } },
{ "type": "Feature", "properties": { "内容": "ノア・ケアサービス【訪問介護】千葉県白井市冨士５７番地１５", "url2": "https://www.kaigokensaku.mhlw.go.jp/12/index.php?action_kouhyou_detail_004_kani=true&JigyosyoCd=1274200839-00&ServiceCd=110&Type=search" }, "geometry": { "type": "Point", "coordinates": [ 140.0248834, 35.7690661 ] } },
{ "type": "Feature", "properties": { "内容": "ハピネス・ケア西白井【訪問介護】千葉県白井市清水口1-1-30レクセル西白井ステーションオアシス1007", "url2": "https://www.kaigokensaku.mhlw.go.jp/12/index.php?action_kouhyou_detail_004_kani=true&JigyosyoCd=1274200912-00&ServiceCd=110&Type=search" }, "geometry": { "type": "Point", "coordinates": [ 140.031161, 35.7856341 ] } },
{ "type": "Feature", "properties": { "内容": "ケアサービスたんぽぽ【訪問介護】千葉県白井市神々廻1388-2", "url2": "https://www.kaigokensaku.mhlw.go.jp/12/index.php?action_kouhyou_detail_004_kani=true&JigyosyoCd=1274200490-00&ServiceCd=110&Type=search" }, "geometry": { "type": "Point", "coordinates": [ 140.075522400000011, 35.803169400000016 ] } },
{ "type": "Feature", "properties": { "内容": "ニチイケアセンター白井【訪問介護】千葉県白井市堀込1-1-15白井MIビル202号室", "url2": "https://www.kaigokensaku.mhlw.go.jp/12/index.php?action_kouhyou_detail_004_kani=true&JigyosyoCd=1274200771-00&ServiceCd=110&Type=search" }, "geometry": { "type": "Point", "coordinates": [ 140.053043300000013, 35.7831828 ] } },
{ "type": "Feature", "properties": { "内容": "MYY訪問介護ステーション白井【訪問介護】千葉県白井市436－7", "url2": "https://www.kaigokensaku.mhlw.go.jp/12/index.php?action_kouhyou_detail_004_kani=true&JigyosyoCd=1274200847-00&ServiceCd=110&Type=search" }, "geometry": { "type": "Point", "coordinates": [ 140.055628, 35.7913072 ] } },
{ "type": "Feature", "properties": { "内容": "ライブリーケア中銀白井【訪問介護】千葉県白井市堀込2-1-3218", "url2": "https://www.kaigokensaku.mhlw.go.jp/12/index.php?action_kouhyou_detail_004_kani=true&JigyosyoCd=1274200524-00&ServiceCd=110&Type=search" }, "geometry": { "type": "Point", "coordinates": [ 140.0496091, 35.7837506 ] } },
{ "type": "Feature", "properties": { "内容": "ケアサービス優楽里【訪問介護】千葉県白井市冨士85-8三晃マンション201号", "url2": "https://www.kaigokensaku.mhlw.go.jp/12/index.php?action_kouhyou_detail_004_kani=true&JigyosyoCd=1274200359-00&ServiceCd=110&Type=search" }, "geometry": { "type": "Point", "coordinates": [ 140.018858, 35.7707457 ] } },
{ "type": "Feature", "properties": { "内容": "きよみ介護サービス【訪問介護】千葉県富里市日吉台5丁目21-13", "url2": "https://www.kaigokensaku.mhlw.go.jp/12/index.php?action_kouhyou_detail_004_kani=true&JigyosyoCd=1274000643-00&ServiceCd=110&Type=search" }, "geometry": { "type": "Point", "coordinates": [ 140.319545, 35.7621177 ] } },
{ "type": "Feature", "properties": { "内容": "訪問介護事業所　すずめ【訪問介護】千葉県富里市日吉台5-43-2リハビリケアタウン日吉台", "url2": "https://www.kaigokensaku.mhlw.go.jp/12/index.php?action_kouhyou_detail_004_kani=true&JigyosyoCd=1274000510-00&ServiceCd=110&Type=search" }, "geometry": { "type": "Point", "coordinates": [ 140.314834099999985, 35.7606137 ] } },
{ "type": "Feature", "properties": { "内容": "指定訪問介護ステーションAbelo（アベロ）【訪問介護】千葉県富里市七栄８８１−１１マツオハイムD109", "url2": "https://www.kaigokensaku.mhlw.go.jp/12/index.php?action_kouhyou_detail_004_kani=true&JigyosyoCd=1274000841-00&ServiceCd=110&Type=search" }, "geometry": { "type": "Point", "coordinates": [ 140.3297995, 35.7394368 ] } },
{ "type": "Feature", "properties": { "内容": "訪問介護事業所昭和の里　富里【訪問介護】千葉県富里市七栄651-129", "url2": "https://www.kaigokensaku.mhlw.go.jp/12/index.php?action_kouhyou_detail_004_kani=true&JigyosyoCd=1274000817-00&ServiceCd=110&Type=search" }, "geometry": { "type": "Point", "coordinates": [ 140.333951899999988, 35.7324801 ] } },
{ "type": "Feature", "properties": { "内容": "いぬぽん【訪問介護】千葉県富里市日吉倉２８番地７", "url2": "https://www.kaigokensaku.mhlw.go.jp/12/index.php?action_kouhyou_detail_004_kani=true&JigyosyoCd=1274000833-00&ServiceCd=110&Type=search" }, "geometry": { "type": "Point", "coordinates": [ 140.324704799999978, 35.776599 ] } },
{ "type": "Feature", "properties": { "内容": "みんなの訪問介護はぴねす【訪問介護】千葉県富里市日吉台3－34－10", "url2": "https://www.kaigokensaku.mhlw.go.jp/12/index.php?action_kouhyou_detail_004_kani=true&JigyosyoCd=1274000882-00&ServiceCd=110&Type=search" }, "geometry": { "type": "Point", "coordinates": [ 140.321511735581993, 35.763869134376904 ] } },
{ "type": "Feature", "properties": { "内容": "あさひケアサービス【訪問介護】千葉県富里市日吉台3-14-18あさひケアサービス", "url2": "https://www.kaigokensaku.mhlw.go.jp/12/index.php?action_kouhyou_detail_004_kani=true&JigyosyoCd=1274000742-00&ServiceCd=110&Type=search" }, "geometry": { "type": "Point", "coordinates": [ 140.323388600000044, 35.7693447 ] } },
{ "type": "Feature", "properties": { "内容": "訪問介護グレース【訪問介護】千葉県富里市七栄639-6", "url2": "https://www.kaigokensaku.mhlw.go.jp/12/index.php?action_kouhyou_detail_004_kani=true&JigyosyoCd=1274000775-00&ServiceCd=110&Type=search" }, "geometry": { "type": "Point", "coordinates": [ 140.321134199999989, 35.7396916 ] } },
{ "type": "Feature", "properties": { "内容": "株式会社千葉総合介護サービス【訪問介護】千葉県富里市日吉台４－６－１４", "url2": "https://www.kaigokensaku.mhlw.go.jp/12/index.php?action_kouhyou_detail_004_kani=true&JigyosyoCd=1274000031-00&ServiceCd=110&Type=search" }, "geometry": { "type": "Point", "coordinates": [ 140.321194600000013, 35.769201 ] } },
{ "type": "Feature", "properties": { "内容": "株式会社介護サービス結【訪問介護】千葉県富里市十倉302-52", "url2": "https://www.kaigokensaku.mhlw.go.jp/12/index.php?action_kouhyou_detail_004_kani=true&JigyosyoCd=1274000346-00&ServiceCd=110&Type=search" }, "geometry": { "type": "Point", "coordinates": [ 140.343235081513882, 35.72360153878887 ] } },
{ "type": "Feature", "properties": { "内容": "みらい訪問介護ステーション富里【訪問介護】千葉県富里市七栄646-782メゾンドール202号室", "url2": "https://www.kaigokensaku.mhlw.go.jp/12/index.php?action_kouhyou_detail_004_kani=true&JigyosyoCd=1274000866-00&ServiceCd=110&Type=search" }, "geometry": { "type": "Point", "coordinates": [ 140.3333685, 35.7393107 ] } },
{ "type": "Feature", "properties": { "内容": "株式会社吹代の里【訪問介護】千葉県南房総市沓見392", "url2": "https://www.kaigokensaku.mhlw.go.jp/12/index.php?action_kouhyou_detail_004_kani=true&JigyosyoCd=1278800212-00&ServiceCd=110&Type=search" }, "geometry": { "type": "Point", "coordinates": [ 139.952222600000027, 35.0186094 ] } },
{ "type": "Feature", "properties": { "内容": "つるかめホームヘルプサービス【訪問介護】千葉県南房総市千倉町瀬戸2360番地1", "url2": "https://www.kaigokensaku.mhlw.go.jp/12/index.php?action_kouhyou_detail_004_kani=true&JigyosyoCd=1278800147-00&ServiceCd=110&Type=search" }, "geometry": { "type": "Point", "coordinates": [ 139.958156300000013, 34.974954 ] } },
{ "type": "Feature", "properties": { "内容": "株式会社　りぼん【訪問介護】千葉県南房総市上滝田１７７６", "url2": "https://www.kaigokensaku.mhlw.go.jp/12/index.php?action_kouhyou_detail_004_kani=true&JigyosyoCd=1278800295-00&ServiceCd=110&Type=search" }, "geometry": { "type": "Point", "coordinates": [ 139.899095086647066, 35.059563472101928 ] } },
{ "type": "Feature", "properties": { "内容": "たんぽぽ千倉【訪問介護】千葉県南房総市千倉町北朝夷１１６－１たんぽぽ千倉", "url2": "https://www.kaigokensaku.mhlw.go.jp/12/index.php?action_kouhyou_detail_004_kani=true&JigyosyoCd=1278800402-00&ServiceCd=110&Type=search" }, "geometry": { "type": "Point", "coordinates": [ 139.956750402555144, 34.967362600882765 ] } },
{ "type": "Feature", "properties": { "内容": "花の谷クリニック訪問介護・居宅介護事業所【訪問介護】千葉県南房総市千倉町白子2446花の谷クリニック", "url2": "https://www.kaigokensaku.mhlw.go.jp/12/index.php?action_kouhyou_detail_004_kani=true&JigyosyoCd=1278800378-00&ServiceCd=110&Type=search" }, "geometry": { "type": "Point", "coordinates": [ 139.96915869999998, 34.9851778 ] } },
{ "type": "Feature", "properties": { "内容": "ホームヘルプサービス　リブ丸山【訪問介護】千葉県南房総市川谷302-5特別養護老人ホームリブ丸山", "url2": "https://www.kaigokensaku.mhlw.go.jp/12/index.php?action_kouhyou_detail_004_kani=true&JigyosyoCd=1278300023-00&ServiceCd=110&Type=search" }, "geometry": { "type": "Point", "coordinates": [ 139.95917970000005, 35.0583842 ] } },
{ "type": "Feature", "properties": { "内容": "ホームヘルプサービスほっと・ケアライフ【訪問介護】千葉県南房総市市部170-3", "url2": "https://www.kaigokensaku.mhlw.go.jp/12/index.php?action_kouhyou_detail_004_kani=true&JigyosyoCd=1277800049-00&ServiceCd=110&Type=search" }, "geometry": { "type": "Point", "coordinates": [ 139.848600681892407, 35.094826555871677 ] } },
{ "type": "Feature", "properties": { "内容": "ヘルパーステーションそよかぜ【訪問介護】千葉県南房総市千倉町南朝夷1661", "url2": "https://www.kaigokensaku.mhlw.go.jp/12/index.php?action_kouhyou_detail_004_kani=true&JigyosyoCd=1278800543-00&ServiceCd=110&Type=search" }, "geometry": { "type": "Point", "coordinates": [ 139.955562508042902, 34.959929051379277 ] } },
{ "type": "Feature", "properties": { "内容": "ホームヘルプサービス　なぎホーム白浜【訪問介護】千葉県南房総市白浜町根本1736-2", "url2": "https://www.kaigokensaku.mhlw.go.jp/12/index.php?action_kouhyou_detail_004_kani=true&JigyosyoCd=1278800477-00&ServiceCd=110&Type=search" }, "geometry": { "type": "Point", "coordinates": [ 139.8448664, 34.908421 ] } },
{ "type": "Feature", "properties": { "内容": "オルタケア【訪問介護】千葉県匝瑳市新堀1464番地301", "url2": "https://www.kaigokensaku.mhlw.go.jp/12/index.php?action_kouhyou_detail_004_kani=true&JigyosyoCd=1278700149-00&ServiceCd=110&Type=search" }, "geometry": { "type": "Point", "coordinates": [ 140.576984300000049, 35.6445421 ] } },
{ "type": "Feature", "properties": { "内容": "訪問介護・介護予防訪問介護事業所アウル【訪問介護】千葉県匝瑳市上谷中１６－２", "url2": "https://www.kaigokensaku.mhlw.go.jp/12/index.php?action_kouhyou_detail_004_kani=true&JigyosyoCd=1278700206-00&ServiceCd=110&Type=search" }, "geometry": { "type": "Point", "coordinates": [ 140.584648799999968, 35.6993849 ] } },
{ "type": "Feature", "properties": { "内容": "訪問介護花の木【訪問介護】千葉県匝瑳市西小笹179-3", "url2": "https://www.kaigokensaku.mhlw.go.jp/12/index.php?action_kouhyou_detail_004_kani=true&JigyosyoCd=1278700347-00&ServiceCd=110&Type=search" }, "geometry": { "type": "Point", "coordinates": [ 140.5848556, 35.6842877 ] } },
{ "type": "Feature", "properties": { "内容": "ウエルピアひなた【訪問介護】千葉県匝瑳市飯倉151-7", "url2": "https://www.kaigokensaku.mhlw.go.jp/12/index.php?action_kouhyou_detail_004_kani=true&JigyosyoCd=1278700230-00&ServiceCd=110&Type=search" }, "geometry": { "type": "Point", "coordinates": [ 140.518811899999946, 35.6819749 ] } },
{ "type": "Feature", "properties": { "内容": "ホームヘルパー希望の里【訪問介護】千葉県匝瑳市栢田８６４６－１ケアハウス希望の里内", "url2": "https://www.kaigokensaku.mhlw.go.jp/12/index.php?action_kouhyou_detail_004_kani=true&JigyosyoCd=1278700131-00&ServiceCd=110&Type=search" }, "geometry": { "type": "Point", "coordinates": [ 140.557154099999906, 35.6350223 ] } },
{ "type": "Feature", "properties": { "内容": "のさか訪問介護サービス【訪問介護】千葉県匝瑳市今泉７１９３", "url2": "https://www.kaigokensaku.mhlw.go.jp/12/index.php?action_kouhyou_detail_004_kani=true&JigyosyoCd=1278700099-00&ServiceCd=110&Type=search" }, "geometry": { "type": "Point", "coordinates": [ 140.580977800000028, 35.6497579 ] } },
{ "type": "Feature", "properties": { "内容": "訪問介護まほろば【訪問介護】千葉県匝瑳市西小笹和曽根179-3", "url2": "https://www.kaigokensaku.mhlw.go.jp/12/index.php?action_kouhyou_detail_004_kani=true&JigyosyoCd=1278700370-00&ServiceCd=110&Type=search" }, "geometry": { "type": "Point", "coordinates": [ 140.584821862179552, 35.684312533174442 ] } },
{ "type": "Feature", "properties": { "内容": "楽天堂ホームケア匝瑳【訪問介護】千葉県匝瑳市野手10311－2", "url2": "https://www.kaigokensaku.mhlw.go.jp/12/index.php?action_kouhyou_detail_004_kani=true&JigyosyoCd=1275700019-00&ServiceCd=110&Type=search" }, "geometry": { "type": "Point", "coordinates": [ 140.578757, 35.6678055 ] } },
{ "type": "Feature", "properties": { "内容": "ニチイケアセンター八日市場【訪問介護】千葉県匝瑳市八日市場イ63-1和康ビル2階", "url2": "https://www.kaigokensaku.mhlw.go.jp/12/index.php?action_kouhyou_detail_004_kani=true&JigyosyoCd=1271900217-00&ServiceCd=110&Type=search" }, "geometry": { "type": "Point", "coordinates": [ 140.551883, 35.7000618 ] } },
{ "type": "Feature", "properties": { "内容": "社会福祉法人匝瑳市社会福祉協議会【訪問介護】千葉県匝瑳市今泉6491-1", "url2": "https://www.kaigokensaku.mhlw.go.jp/12/index.php?action_kouhyou_detail_004_kani=true&JigyosyoCd=1271900068-00&ServiceCd=110&Type=search" }, "geometry": { "type": "Point", "coordinates": [ 140.568002728836063, 35.660084595952306 ] } },
{ "type": "Feature", "properties": { "内容": "九十九里ホームヘルパーステーション【訪問介護】千葉県匝瑳市飯倉97-1", "url2": "https://www.kaigokensaku.mhlw.go.jp/12/index.php?action_kouhyou_detail_004_kani=true&JigyosyoCd=1271900142-00&ServiceCd=110&Type=search" }, "geometry": { "type": "Point", "coordinates": [ 140.520380437374115, 35.685217503990401 ] } },
{ "type": "Feature", "properties": { "内容": "訪問介護　すずの音【訪問介護】千葉県匝瑳市大寺１１６１", "url2": "https://www.kaigokensaku.mhlw.go.jp/12/index.php?action_kouhyou_detail_004_kani=true&JigyosyoCd=1278700396-00&ServiceCd=110&Type=search" }, "geometry": { "type": "Point", "coordinates": [ 140.5641613, 35.7468092 ] } },
{ "type": "Feature", "properties": { "内容": "訪問介護事業所てんしょう【訪問介護】千葉県匝瑳市今泉２９１－３", "url2": "https://www.kaigokensaku.mhlw.go.jp/12/index.php?action_kouhyou_detail_004_kani=true&JigyosyoCd=1278700438-00&ServiceCd=110&Type=search" }, "geometry": { "type": "Point", "coordinates": [ 140.5637793, 35.6544408 ] } },
{ "type": "Feature", "properties": { "内容": "訪問介護たんぽぽ【訪問介護】千葉県香取市小見川３５４", "url2": "https://www.kaigokensaku.mhlw.go.jp/12/index.php?action_kouhyou_detail_004_kani=true&JigyosyoCd=1278900376-00&ServiceCd=110&Type=search" }, "geometry": { "type": "Point", "coordinates": [ 140.605434100000025, 35.856001100000022 ] } },
{ "type": "Feature", "properties": { "内容": "特定非営利活動法人オアシスの樹介護サービス美都【訪問介護】千葉県香取市佐原イ３４４８番地２", "url2": "https://www.kaigokensaku.mhlw.go.jp/12/index.php?action_kouhyou_detail_004_kani=true&JigyosyoCd=1278900566-00&ServiceCd=110&Type=search" }, "geometry": { "type": "Point", "coordinates": [ 140.50087910000002, 35.891225200000015 ] } },
{ "type": "Feature", "properties": { "内容": "訪問介護つくし【訪問介護】千葉県香取市野田５４２－５", "url2": "https://www.kaigokensaku.mhlw.go.jp/12/index.php?action_kouhyou_detail_004_kani=true&JigyosyoCd=1278900145-00&ServiceCd=110&Type=search" }, "geometry": { "type": "Point", "coordinates": [ 140.593701793254127, 35.850373726275635 ] } },
{ "type": "Feature", "properties": { "内容": "ウエルシア介護サービス香取【訪問介護】千葉県香取市北3-6-5アイビービル1階", "url2": "https://www.kaigokensaku.mhlw.go.jp/12/index.php?action_kouhyou_detail_004_kani=true&JigyosyoCd=1278900871-00&ServiceCd=110&Type=search" }, "geometry": { "type": "Point", "coordinates": [ 140.496989, 35.8968608 ] } },
{ "type": "Feature", "properties": { "内容": "こすもす佐原訪問介護【訪問介護】千葉県香取市北３－３－２２", "url2": "https://www.kaigokensaku.mhlw.go.jp/12/index.php?action_kouhyou_detail_004_kani=true&JigyosyoCd=1271400200-00&ServiceCd=110&Type=search" }, "geometry": { "type": "Point", "coordinates": [ 140.495821500000034, 35.8960217 ] } },
{ "type": "Feature", "properties": { "内容": "サポートセンター花千【訪問介護】千葉県香取市北1-11-18", "url2": "https://www.kaigokensaku.mhlw.go.jp/12/index.php?action_kouhyou_detail_004_kani=true&JigyosyoCd=1278900772-00&ServiceCd=110&Type=search" }, "geometry": { "type": "Point", "coordinates": [ 140.492438204893489, 35.898476690335535 ] } },
{ "type": "Feature", "properties": { "内容": "訪問介護花笑み【訪問介護】千葉県香取市南原地新田384番地2", "url2": "https://www.kaigokensaku.mhlw.go.jp/12/index.php?action_kouhyou_detail_004_kani=true&JigyosyoCd=1278900590-00&ServiceCd=110&Type=search" }, "geometry": { "type": "Point", "coordinates": [ 140.599388099999942, 35.8414638 ] } },
{ "type": "Feature", "properties": { "内容": "ケアメディカル佐原訪問介護事業所【訪問介護】千葉県香取市佐原イ2375-1", "url2": "https://www.kaigokensaku.mhlw.go.jp/12/index.php?action_kouhyou_detail_004_kani=true&JigyosyoCd=1278900905-00&ServiceCd=110&Type=search" }, "geometry": { "type": "Point", "coordinates": [ 140.500623100000013, 35.8918717 ] } },
{ "type": "Feature", "properties": { "内容": "ニチイケアセンター北佐原【訪問介護】千葉県香取市篠原ロ字天洲1821-2", "url2": "https://www.kaigokensaku.mhlw.go.jp/12/index.php?action_kouhyou_detail_004_kani=true&JigyosyoCd=1271400150-00&ServiceCd=110&Type=search" }, "geometry": { "type": "Point", "coordinates": [ 140.517618, 35.91214 ] } },
{ "type": "Feature", "properties": { "内容": "ヘルパーステーションＮＥＸＴ【訪問介護】千葉県香取市野田1953-31", "url2": "https://www.kaigokensaku.mhlw.go.jp/12/index.php?action_kouhyou_detail_004_kani=true&JigyosyoCd=1278900764-00&ServiceCd=110&Type=search" }, "geometry": { "type": "Point", "coordinates": [ 140.590765299999987, 35.8568608 ] } },
{ "type": "Feature", "properties": { "内容": "ロイヤルライフ訪問介護ステーション【訪問介護】千葉県香取市佐原ロ2097-471", "url2": "https://www.kaigokensaku.mhlw.go.jp/12/index.php?action_kouhyou_detail_004_kani=true&JigyosyoCd=1278900657-00&ServiceCd=110&Type=search" }, "geometry": { "type": "Point", "coordinates": [ 140.496458644705172, 35.901964529510686 ] } },
{ "type": "Feature", "properties": { "内容": "訪問介護すこやかさん【訪問介護】千葉県香取市与倉８６９番地１", "url2": "https://www.kaigokensaku.mhlw.go.jp/12/index.php?action_kouhyou_detail_004_kani=true&JigyosyoCd=1278900731-00&ServiceCd=110&Type=search" }, "geometry": { "type": "Point", "coordinates": [ 140.4712577, 35.8731346 ] } },
{ "type": "Feature", "properties": { "内容": "楽天堂ホームケア佐原【訪問介護】千葉県香取市香取1289-3", "url2": "https://www.kaigokensaku.mhlw.go.jp/12/index.php?action_kouhyou_detail_004_kani=true&JigyosyoCd=1278900053-00&ServiceCd=110&Type=search" }, "geometry": { "type": "Point", "coordinates": [ 140.523106900000016, 35.8839321 ] } },
{ "type": "Feature", "properties": { "内容": "訪問介護ステーション杜の家くりもと【訪問介護】千葉県香取市岩部869-60", "url2": "https://www.kaigokensaku.mhlw.go.jp/12/index.php?action_kouhyou_detail_004_kani=true&JigyosyoCd=1278900400-00&ServiceCd=110&Type=search" }, "geometry": { "type": "Point", "coordinates": [ 140.51694939999993, 35.8124801 ] } },
{ "type": "Feature", "properties": { "内容": "訪問介護縁樹【訪問介護】千葉県香取市小見川670-1グリーンパレス103号室", "url2": "https://www.kaigokensaku.mhlw.go.jp/12/index.php?action_kouhyou_detail_004_kani=true&JigyosyoCd=1278900897-00&ServiceCd=110&Type=search" }, "geometry": { "type": "Point", "coordinates": [ 140.61507850000001, 35.8493548 ] } },
{ "type": "Feature", "properties": { "内容": "アースサポート香取【訪問介護】千葉県香取市北2丁目8番地1", "url2": "https://www.kaigokensaku.mhlw.go.jp/12/index.php?action_kouhyou_detail_004_kani=true&JigyosyoCd=1278900327-00&ServiceCd=110&Type=search" }, "geometry": { "type": "Point", "coordinates": [ 140.492941299999984, 35.898246300000011 ] } },
{ "type": "Feature", "properties": { "内容": "栗源ヘルパーステーション【訪問介護】千葉県香取市岩部946番1", "url2": "https://www.kaigokensaku.mhlw.go.jp/12/index.php?action_kouhyou_detail_004_kani=true&JigyosyoCd=1275000030-00&ServiceCd=110&Type=search" }, "geometry": { "type": "Point", "coordinates": [ 140.5105221, 35.8105441 ] } },
{ "type": "Feature", "properties": { "内容": "トミオ佐原訪問介護ステーション【訪問介護】千葉県香取市佐原ロ2028－57", "url2": "https://www.kaigokensaku.mhlw.go.jp/12/index.php?action_kouhyou_detail_004_kani=true&JigyosyoCd=1278900921-00&ServiceCd=110&Type=search" }, "geometry": { "type": "Point", "coordinates": [ 140.494111800000013, 35.9020314 ] } },
{ "type": "Feature", "properties": { "内容": "社会福祉法人香取市社会福祉協議会【訪問介護】千葉県香取市佐原イ134-3みんなの賑わい交流拠点コンパス３階", "url2": "https://www.kaigokensaku.mhlw.go.jp/12/index.php?action_kouhyou_detail_004_kani=true&JigyosyoCd=1271400010-00&ServiceCd=110&Type=search" }, "geometry": { "type": "Point", "coordinates": [ 140.495351234330371, 35.89300032221567 ] } },
{ "type": "Feature", "properties": { "内容": "たすけあい訪問介護センター【訪問介護】千葉県香取市岩部1095番地1", "url2": "https://www.kaigokensaku.mhlw.go.jp/12/index.php?action_kouhyou_detail_004_kani=true&JigyosyoCd=1275000105-00&ServiceCd=110&Type=search" }, "geometry": { "type": "Point", "coordinates": [ 140.510746899999958, 35.8163682 ] } },
{ "type": "Feature", "properties": { "内容": "訪問介護松風【訪問介護】千葉県香取市八日市場893-1", "url2": "https://www.kaigokensaku.mhlw.go.jp/12/index.php?action_kouhyou_detail_004_kani=true&JigyosyoCd=1278900194-00&ServiceCd=110&Type=search" }, "geometry": { "type": "Point", "coordinates": [ 140.599462499999959, 35.8608974 ] } },
{ "type": "Feature", "properties": { "内容": "ひまわり苑訪問介護事業所【訪問介護】千葉県香取市津宮4102", "url2": "https://www.kaigokensaku.mhlw.go.jp/12/index.php?action_kouhyou_detail_004_kani=true&JigyosyoCd=1278900210-00&ServiceCd=110&Type=search" }, "geometry": { "type": "Point", "coordinates": [ 140.53763, 35.9024276 ] } },
{ "type": "Feature", "properties": { "内容": "フレンド小見川【訪問介護】千葉県香取市野田８８", "url2": "https://www.kaigokensaku.mhlw.go.jp/12/index.php?action_kouhyou_detail_004_kani=true&JigyosyoCd=1278900160-00&ServiceCd=110&Type=search" }, "geometry": { "type": "Point", "coordinates": [ 140.598588400000011, 35.8541496 ] } },
{ "type": "Feature", "properties": { "内容": "ヘルパーステーションやすらぎ【訪問介護】千葉県山武市蓮沼イ2628", "url2": "https://www.kaigokensaku.mhlw.go.jp/12/index.php?action_kouhyou_detail_004_kani=true&JigyosyoCd=1279000291-00&ServiceCd=110&Type=search" }, "geometry": { "type": "Point", "coordinates": [ 140.496168799999964, 35.6077723 ] } },
{ "type": "Feature", "properties": { "内容": "エルピス介護ステーション【訪問介護】千葉県山武市湯坂１０８番地３", "url2": "https://www.kaigokensaku.mhlw.go.jp/12/index.php?action_kouhyou_detail_004_kani=true&JigyosyoCd=1279000259-00&ServiceCd=110&Type=search" }, "geometry": { "type": "Point", "coordinates": [ 140.38703780000003, 35.6079139 ] } },
{ "type": "Feature", "properties": { "内容": "訪問介護なみかわ【訪問介護】千葉県山武市蓮沼ニ5523番地7", "url2": "https://www.kaigokensaku.mhlw.go.jp/12/index.php?action_kouhyou_detail_004_kani=true&JigyosyoCd=1279000572-00&ServiceCd=110&Type=search" }, "geometry": { "type": "Point", "coordinates": [ 140.488983100000013, 35.5928603 ] } },
{ "type": "Feature", "properties": { "内容": "とうがねヘルパーステーション【訪問介護】千葉県山武市姫島270-1", "url2": "https://www.kaigokensaku.mhlw.go.jp/12/index.php?action_kouhyou_detail_004_kani=true&JigyosyoCd=1279000143-00&ServiceCd=110&Type=search" }, "geometry": { "type": "Point", "coordinates": [ 140.389260499999978, 35.58975190000001 ] } },
{ "type": "Feature", "properties": { "内容": "訪問介護ひとやすみ【訪問介護】千葉県山武市本須賀3788ｰ27", "url2": "https://www.kaigokensaku.mhlw.go.jp/12/index.php?action_kouhyou_detail_004_kani=true&JigyosyoCd=1279000564-00&ServiceCd=110&Type=search" }, "geometry": { "type": "Point", "coordinates": [ 140.470011973680101, 35.55605723280366 ] } },
{ "type": "Feature", "properties": { "内容": "桔梗会訪問介護センター【訪問介護】千葉県山武市松尾町大堤150-2", "url2": "https://www.kaigokensaku.mhlw.go.jp/12/index.php?action_kouhyou_detail_004_kani=true&JigyosyoCd=1276300025-00&ServiceCd=110&Type=search" }, "geometry": { "type": "Point", "coordinates": [ 140.45266259999994, 35.6344479 ] } },
{ "type": "Feature", "properties": { "内容": "青松苑ヘルパーステーション【訪問介護】千葉県山武市木戸８４８", "url2": "https://www.kaigokensaku.mhlw.go.jp/12/index.php?action_kouhyou_detail_004_kani=true&JigyosyoCd=1276000054-00&ServiceCd=110&Type=search" }, "geometry": { "type": "Point", "coordinates": [ 140.488206399999967, 35.5807387 ] } },
{ "type": "Feature", "properties": { "内容": "ふぁみりー訪問介護事業所【訪問介護】千葉県山武市松尾町大堤２９パールハイツ１Ｂ", "url2": "https://www.kaigokensaku.mhlw.go.jp/12/index.php?action_kouhyou_detail_004_kani=true&JigyosyoCd=1279000010-00&ServiceCd=110&Type=search" }, "geometry": { "type": "Point", "coordinates": [ 140.457206499999984, 35.6363981 ] } },
{ "type": "Feature", "properties": { "内容": "ケアセンター24松尾訪問介護事業所【訪問介護】千葉県山武市松尾町大堤567-1", "url2": "https://www.kaigokensaku.mhlw.go.jp/12/index.php?action_kouhyou_detail_004_kani=true&JigyosyoCd=1279000044-00&ServiceCd=110&Type=search" }, "geometry": { "type": "Point", "coordinates": [ 140.453831700000023, 35.6389086 ] } },
{ "type": "Feature", "properties": { "内容": "ケアーセンター「あきば」【訪問介護】千葉県山武市蓮沼ニの５０３５－７", "url2": "https://www.kaigokensaku.mhlw.go.jp/12/index.php?action_kouhyou_detail_004_kani=true&JigyosyoCd=1276200019-00&ServiceCd=110&Type=search" }, "geometry": { "type": "Point", "coordinates": [ 140.482764699999962, 35.5946841 ] } },
{ "type": "Feature", "properties": { "内容": "訪問介護　Feliza【訪問介護】千葉県山武市椎崎36番地2", "url2": "https://www.kaigokensaku.mhlw.go.jp/12/index.php?action_kouhyou_detail_004_kani=true&JigyosyoCd=1279000606-00&ServiceCd=110&Type=search" }, "geometry": { "type": "Point", "coordinates": [ 140.3754628, 35.6196696 ] } },
{ "type": "Feature", "properties": { "内容": "楽天堂ホームケア山武東【訪問介護】千葉県山武市松尾町大堤52-12ベルソレイユ松尾1-C", "url2": "https://www.kaigokensaku.mhlw.go.jp/12/index.php?action_kouhyou_detail_004_kani=true&JigyosyoCd=1279000374-00&ServiceCd=110&Type=search" }, "geometry": { "type": "Point", "coordinates": [ 140.4568109, 35.6376917 ] } },
{ "type": "Feature", "properties": { "内容": "ケアステーション渚【訪問介護】千葉県山武市本須賀3841番地51", "url2": "https://www.kaigokensaku.mhlw.go.jp/12/index.php?action_kouhyou_detail_004_kani=true&JigyosyoCd=1279000119-00&ServiceCd=110&Type=search" }, "geometry": { "type": "Point", "coordinates": [ 140.469266699999906, 35.5541133 ] } },
{ "type": "Feature", "properties": { "内容": "訪問介護光和【訪問介護】千葉県山武市殿台207-2ダイアパレス成東1109", "url2": "https://www.kaigokensaku.mhlw.go.jp/12/index.php?action_kouhyou_detail_004_kani=true&JigyosyoCd=1279000531-00&ServiceCd=110&Type=search" }, "geometry": { "type": "Point", "coordinates": [ 140.41589766740799, 35.604467499999942 ] } },
{ "type": "Feature", "properties": { "内容": "セントケアさんむ【訪問介護】千葉県山武市和田375-２", "url2": "https://www.kaigokensaku.mhlw.go.jp/12/index.php?action_kouhyou_detail_004_kani=true&JigyosyoCd=1279000556-00&ServiceCd=110&Type=search" }, "geometry": { "type": "Point", "coordinates": [ 140.408008299999977, 35.6079234 ] } },
{ "type": "Feature", "properties": { "内容": "指定訪問介護事業所あや【訪問介護】千葉県山武市松尾町五反田２８０５－４", "url2": "https://www.kaigokensaku.mhlw.go.jp/12/index.php?action_kouhyou_detail_004_kani=true&JigyosyoCd=1279000028-00&ServiceCd=110&Type=search" }, "geometry": { "type": "Point", "coordinates": [ 140.46428929629522, 35.636707396264654 ] } },
{ "type": "Feature", "properties": { "内容": "訪問介護橘【訪問介護】千葉県山武市殿台207―2―1407", "url2": "https://www.kaigokensaku.mhlw.go.jp/12/index.php?action_kouhyou_detail_004_kani=true&JigyosyoCd=1279000473-00&ServiceCd=110&Type=search" }, "geometry": { "type": "Point", "coordinates": [ 140.415973394442744, 35.604284313897331 ] } },
{ "type": "Feature", "properties": { "内容": "ニチイケアセンター成東【訪問介護】千葉県山武市殿台282-6", "url2": "https://www.kaigokensaku.mhlw.go.jp/12/index.php?action_kouhyou_detail_004_kani=true&JigyosyoCd=1279000416-00&ServiceCd=110&Type=search" }, "geometry": { "type": "Point", "coordinates": [ 140.4147385, 35.6035329 ] } },
{ "type": "Feature", "properties": { "内容": "ケアサービス　オットマン【訪問介護】千葉県山武市殿台264－6小川ビル２－３", "url2": "https://www.kaigokensaku.mhlw.go.jp/12/index.php?action_kouhyou_detail_004_kani=true&JigyosyoCd=1279000481-00&ServiceCd=110&Type=search" }, "geometry": { "type": "Point", "coordinates": [ 140.414798, 35.6032043 ] } },
{ "type": "Feature", "properties": { "内容": "リンクスヘルパーステーション山武【訪問介護】千葉県山武市成東89-4ライフビル2階", "url2": "https://www.kaigokensaku.mhlw.go.jp/12/index.php?action_kouhyou_detail_004_kani=true&JigyosyoCd=1279000366-00&ServiceCd=110&Type=search" }, "geometry": { "type": "Point", "coordinates": [ 140.40891640000001, 35.602518600000018 ] } },
{ "type": "Feature", "properties": { "内容": "アースサポート山武【訪問介護】千葉県山武市津辺245番地3", "url2": "https://www.kaigokensaku.mhlw.go.jp/12/index.php?action_kouhyou_detail_004_kani=true&JigyosyoCd=1279000085-00&ServiceCd=110&Type=search" }, "geometry": { "type": "Point", "coordinates": [ 140.409851300000014, 35.6065081 ] } },
{ "type": "Feature", "properties": { "内容": "訪問介護事業所　虹【訪問介護】千葉県山武市本須賀1435", "url2": "https://www.kaigokensaku.mhlw.go.jp/12/index.php?action_kouhyou_detail_004_kani=true&JigyosyoCd=1279000598-00&ServiceCd=110&Type=search" }, "geometry": { "type": "Point", "coordinates": [ 140.4507542, 35.5697719 ] } },
{ "type": "Feature", "properties": { "内容": "スリジエ山武【訪問介護】千葉県山武市殿台609-1スリジエ山武", "url2": "https://www.kaigokensaku.mhlw.go.jp/12/index.php?action_kouhyou_detail_004_kani=true&JigyosyoCd=1279000341-00&ServiceCd=110&Type=search" }, "geometry": { "type": "Point", "coordinates": [ 140.415375600000061, 35.6035276 ] } },
{ "type": "Feature", "properties": { "内容": "あっとほーむ訪問介護センター【訪問介護】千葉県いすみ市岬町江場土2174-7", "url2": "https://www.kaigokensaku.mhlw.go.jp/12/index.php?action_kouhyou_detail_004_kani=true&JigyosyoCd=1278600091-00&ServiceCd=110&Type=search" }, "geometry": { "type": "Point", "coordinates": [ 140.399830168786593, 35.302220833025657 ] } },
{ "type": "Feature", "properties": { "内容": "ヤックスヘルパーステーション大原【訪問介護】千葉県いすみ市若山49", "url2": "https://www.kaigokensaku.mhlw.go.jp/12/index.php?action_kouhyou_detail_004_kani=true&JigyosyoCd=1277500128-00&ServiceCd=110&Type=search" }, "geometry": { "type": "Point", "coordinates": [ 140.393996811886637, 35.264187114006177 ] } },
{ "type": "Feature", "properties": { "内容": "訪問介護ステーション人力【訪問介護】千葉県いすみ市日在1947番地2", "url2": "https://www.kaigokensaku.mhlw.go.jp/12/index.php?action_kouhyou_detail_004_kani=true&JigyosyoCd=1278600307-00&ServiceCd=110&Type=search" }, "geometry": { "type": "Point", "coordinates": [ 140.395006983467027, 35.27928194837591 ] } },
{ "type": "Feature", "properties": { "内容": "JAいすみ福祉センター訪問介護事業所【訪問介護】千葉県いすみ市能実295", "url2": "https://www.kaigokensaku.mhlw.go.jp/12/index.php?action_kouhyou_detail_004_kani=true&JigyosyoCd=1277300024-00&ServiceCd=110&Type=search" }, "geometry": { "type": "Point", "coordinates": [ 140.31989550000003, 35.3158379 ] } },
{ "type": "Feature", "properties": { "内容": "ケアセンターみさき訪問介護事業所【訪問介護】千葉県いすみ市岬町井沢1227番地井沢ハイツ102", "url2": "https://www.kaigokensaku.mhlw.go.jp/12/index.php?action_kouhyou_detail_004_kani=true&JigyosyoCd=1277600159-00&ServiceCd=110&Type=search" }, "geometry": { "type": "Point", "coordinates": [ 140.383696200000031, 35.2879491 ] } },
{ "type": "Feature", "properties": { "内容": "ニチイケアセンターいすみ【訪問介護】千葉県いすみ市弥正178", "url2": "https://www.kaigokensaku.mhlw.go.jp/12/index.php?action_kouhyou_detail_004_kani=true&JigyosyoCd=1277300099-00&ServiceCd=110&Type=search" }, "geometry": { "type": "Point", "coordinates": [ 140.3069944, 35.2847159 ] } },
{ "type": "Feature", "properties": { "内容": "ピース訪問介護【訪問介護】千葉県いすみ市岬町長者１３－１", "url2": "https://www.kaigokensaku.mhlw.go.jp/12/index.php?action_kouhyou_detail_004_kani=true&JigyosyoCd=1278600224-00&ServiceCd=110&Type=search" }, "geometry": { "type": "Point", "coordinates": [ 140.386251, 35.3006221 ] } },
{ "type": "Feature", "properties": { "内容": "リンクスヘルパーステーションいすみ【訪問介護】千葉県いすみ市大原1343-5", "url2": "https://www.kaigokensaku.mhlw.go.jp/12/index.php?action_kouhyou_detail_004_kani=true&JigyosyoCd=1278600398-00&ServiceCd=110&Type=search" }, "geometry": { "type": "Point", "coordinates": [ 140.3943586, 35.2736253 ] } },
{ "type": "Feature", "properties": { "内容": "ニチイケアセンターおおはら【訪問介護】千葉県いすみ市大原１４７５－１", "url2": "https://www.kaigokensaku.mhlw.go.jp/12/index.php?action_kouhyou_detail_004_kani=true&JigyosyoCd=1278600232-00&ServiceCd=110&Type=search" }, "geometry": { "type": "Point", "coordinates": [ 140.389622, 35.2387851 ] } },
{ "type": "Feature", "properties": { "内容": "Win訪問介護事業所【訪問介護】千葉県いすみ市大原最上台29-1サンライズハイツ105号", "url2": "https://www.kaigokensaku.mhlw.go.jp/12/index.php?action_kouhyou_detail_004_kani=true&JigyosyoCd=1278600489-00&ServiceCd=110&Type=search" }, "geometry": { "type": "Point", "coordinates": [ 140.383982842718012, 35.247266447940873 ] } },
{ "type": "Feature", "properties": { "内容": "ヘルパーステーション杜の街【訪問介護】千葉県大網白里市南飯塚404-4", "url2": "https://www.kaigokensaku.mhlw.go.jp/12/index.php?action_kouhyou_detail_004_kani=true&JigyosyoCd=1275800090-00&ServiceCd=110&Type=search" }, "geometry": { "type": "Point", "coordinates": [ 140.346480299999939, 35.5030612 ] } },
{ "type": "Feature", "properties": { "内容": "あったかケアセンター大網【訪問介護】千葉県大網白里市みどりが丘2-28-1", "url2": "https://www.kaigokensaku.mhlw.go.jp/12/index.php?action_kouhyou_detail_004_kani=true&JigyosyoCd=1275800918-00&ServiceCd=110&Type=search" }, "geometry": { "type": "Point", "coordinates": [ 140.312859399999979, 35.5422974 ] } },
{ "type": "Feature", "properties": { "内容": "ヘルパーステーション真心【訪問介護】千葉県大網白里市南横川3106-5", "url2": "https://www.kaigokensaku.mhlw.go.jp/12/index.php?action_kouhyou_detail_004_kani=true&JigyosyoCd=1279200222-00&ServiceCd=110&Type=search" }, "geometry": { "type": "Point", "coordinates": [ 140.344111199999986, 35.4899785 ] } },
{ "type": "Feature", "properties": { "内容": "クローバー【訪問介護】千葉県大網白里市みやこ野1丁目3-15", "url2": "https://www.kaigokensaku.mhlw.go.jp/12/index.php?action_kouhyou_detail_004_kani=true&JigyosyoCd=1279200487-00&ServiceCd=110&Type=search" }, "geometry": { "type": "Point", "coordinates": [ 140.314948, 35.5181964 ] } },
{ "type": "Feature", "properties": { "内容": "トマトヘルパーステーション【訪問介護】千葉県大網白里市みどりが丘1-5-41", "url2": "https://www.kaigokensaku.mhlw.go.jp/12/index.php?action_kouhyou_detail_004_kani=true&JigyosyoCd=1275800884-00&ServiceCd=110&Type=search" }, "geometry": { "type": "Point", "coordinates": [ 140.315389804946193, 35.53546881232117 ] } },
{ "type": "Feature", "properties": { "内容": "セントケア大網【訪問介護】千葉県大網白里市大網128-3", "url2": "https://www.kaigokensaku.mhlw.go.jp/12/index.php?action_kouhyou_detail_004_kani=true&JigyosyoCd=1275800520-00&ServiceCd=110&Type=search" }, "geometry": { "type": "Point", "coordinates": [ 140.320173899999986, 35.5229023 ] } },
{ "type": "Feature", "properties": { "内容": "プラチナ訪問介護ステーション【訪問介護】千葉県大網白里市北今泉3477－55", "url2": "https://www.kaigokensaku.mhlw.go.jp/12/index.php?action_kouhyou_detail_004_kani=true&JigyosyoCd=1279200503-00&ServiceCd=110&Type=search" }, "geometry": { "type": "Point", "coordinates": [ 140.424761, 35.4969896 ] } },
{ "type": "Feature", "properties": { "内容": "訪問介護事業所みやざく【訪問介護】千葉県大網白里市大網1940番地", "url2": "https://www.kaigokensaku.mhlw.go.jp/12/index.php?action_kouhyou_detail_004_kani=true&JigyosyoCd=1279200289-00&ServiceCd=110&Type=search" }, "geometry": { "type": "Point", "coordinates": [ 140.3205428, 35.5316626 ] } },
{ "type": "Feature", "properties": { "内容": "株式会社ふれあいサービスセンター【訪問介護】千葉県大網白里市柳橋７３６－１３", "url2": "https://www.kaigokensaku.mhlw.go.jp/12/index.php?action_kouhyou_detail_004_kani=true&JigyosyoCd=1275800025-00&ServiceCd=110&Type=search" }, "geometry": { "type": "Point", "coordinates": [ 140.36723870000003, 35.5112247 ] } },
{ "type": "Feature", "properties": { "内容": "リンクスヘルパーステーション大網白里【訪問介護】千葉県大網白里市細草1170", "url2": "https://www.kaigokensaku.mhlw.go.jp/12/index.php?action_kouhyou_detail_004_kani=true&JigyosyoCd=1275800892-00&ServiceCd=110&Type=search" }, "geometry": { "type": "Point", "coordinates": [ 140.389380654830916, 35.498501802184677 ] } },
{ "type": "Feature", "properties": { "内容": "すまいる本舗【訪問介護】千葉県大網白里市南今泉502番地2", "url2": "https://www.kaigokensaku.mhlw.go.jp/12/index.php?action_kouhyou_detail_004_kani=true&JigyosyoCd=1275800835-00&ServiceCd=110&Type=search" }, "geometry": { "type": "Point", "coordinates": [ 140.416090299999951, 35.4924971 ] } },
{ "type": "Feature", "properties": { "内容": "ベゴニア【訪問介護】千葉県大網白里市みずほ台１－１２－６", "url2": "https://www.kaigokensaku.mhlw.go.jp/12/index.php?action_kouhyou_detail_004_kani=true&JigyosyoCd=1279200495-00&ServiceCd=110&Type=search" }, "geometry": { "type": "Point", "coordinates": [ 140.3036351, 35.5157161 ] } },
{ "type": "Feature", "properties": { "内容": "訪問介護事業所おおあみの里【訪問介護】千葉県大網白里市駒込780-1", "url2": "https://www.kaigokensaku.mhlw.go.jp/12/index.php?action_kouhyou_detail_004_kani=true&JigyosyoCd=1279200149-00&ServiceCd=110&Type=search" }, "geometry": { "type": "Point", "coordinates": [ 140.307712, 35.519408 ] } },
{ "type": "Feature", "properties": { "内容": "訪問介護事業所プラセル九十九里【訪問介護】千葉県大網白里市北今泉3045番地", "url2": "https://www.kaigokensaku.mhlw.go.jp/12/index.php?action_kouhyou_detail_004_kani=true&JigyosyoCd=1275800603-00&ServiceCd=110&Type=search" }, "geometry": { "type": "Point", "coordinates": [ 140.420858599999974, 35.499352 ] } },
{ "type": "Feature", "properties": { "内容": "ふれあいの郷訪問介護事業所【訪問介護】千葉県大網白里市上貝塚470-2", "url2": "https://www.kaigokensaku.mhlw.go.jp/12/index.php?action_kouhyou_detail_004_kani=true&JigyosyoCd=1279200263-00&ServiceCd=110&Type=search" }, "geometry": { "type": "Point", "coordinates": [ 140.348321613769542, 35.516668801633244 ] } },
{ "type": "Feature", "properties": { "内容": "ヤックスヘルパーステーション大網【訪問介護】千葉県大網白里市柿餅３４ヤックスケアタウン大網増穂店内", "url2": "https://www.kaigokensaku.mhlw.go.jp/12/index.php?action_kouhyou_detail_004_kani=true&JigyosyoCd=1275800843-00&ServiceCd=110&Type=search" }, "geometry": { "type": "Point", "coordinates": [ 140.349574599999983, 35.5092304 ] } },
{ "type": "Feature", "properties": { "内容": "笑顔の泉【訪問介護】千葉県大網白里市ながた野1丁目12番地3クレストながた野201号室", "url2": "https://www.kaigokensaku.mhlw.go.jp/12/index.php?action_kouhyou_detail_004_kani=true&JigyosyoCd=1279200479-00&ServiceCd=110&Type=search" }, "geometry": { "type": "Point", "coordinates": [ 140.316083299999974, 35.5223453 ] } },
{ "type": "Feature", "properties": { "内容": "OHANAケアステーション大網【訪問介護】千葉県大網白里市大網186－1", "url2": "https://www.kaigokensaku.mhlw.go.jp/12/index.php?action_kouhyou_detail_004_kani=true&JigyosyoCd=1279200610-00&ServiceCd=110&Type=search" }, "geometry": { "type": "Point", "coordinates": [ 140.3237942, 35.523707700000038 ] } },
{ "type": "Feature", "properties": { "内容": "ぱすてるヘルパーステーション大網白里【訪問介護】千葉県大網白里市南今泉4784-1", "url2": "https://www.kaigokensaku.mhlw.go.jp/12/index.php?action_kouhyou_detail_004_kani=true&JigyosyoCd=1279200529-00&ServiceCd=110&Type=search" }, "geometry": { "type": "Point", "coordinates": [ 140.42009680000001, 35.4883221 ] } },
{ "type": "Feature", "properties": { "内容": "ニチイケアセンターおおあみ【訪問介護】千葉県大網白里市みずほ台2丁目11-1モール伊藤　107", "url2": "https://www.kaigokensaku.mhlw.go.jp/12/index.php?action_kouhyou_detail_004_kani=true&JigyosyoCd=1279200321-00&ServiceCd=110&Type=search" }, "geometry": { "type": "Point", "coordinates": [ 140.307372200000032, 35.5146456 ] } },
{ "type": "Feature", "properties": { "内容": "ハッピー【訪問介護】千葉県大網白里市駒込５４１", "url2": "https://www.kaigokensaku.mhlw.go.jp/12/index.php?action_kouhyou_detail_004_kani=true&JigyosyoCd=1279200420-00&ServiceCd=110&Type=search" }, "geometry": { "type": "Point", "coordinates": [ 140.311489599999987, 35.518922 ] } },
{ "type": "Feature", "properties": { "内容": "ケアサポートプラセル【訪問介護】千葉県大網白里市北今泉3552-1", "url2": "https://www.kaigokensaku.mhlw.go.jp/12/index.php?action_kouhyou_detail_004_kani=true&JigyosyoCd=1279200578-00&ServiceCd=110&Type=search" }, "geometry": { "type": "Point", "coordinates": [ 140.4217193, 35.493754 ] } },
{ "type": "Feature", "properties": { "内容": "訪問介護センタードリーム【訪問介護】千葉県印旛郡酒々井町酒々井825-6", "url2": "https://www.kaigokensaku.mhlw.go.jp/12/index.php?action_kouhyou_detail_004_kani=true&JigyosyoCd=1273900025-00&ServiceCd=110&Type=search" }, "geometry": { "type": "Point", "coordinates": [ 140.270938099999967, 35.7318008 ] } },
{ "type": "Feature", "properties": { "内容": "ここいーね訪問介護事業所【訪問介護】千葉県印旛郡酒々井町中央台2-24-3酒々井中央台ビル1階1F号室", "url2": "https://www.kaigokensaku.mhlw.go.jp/12/index.php?action_kouhyou_detail_004_kani=true&JigyosyoCd=1273900355-00&ServiceCd=110&Type=search" }, "geometry": { "type": "Point", "coordinates": [ 140.272986764736316, 35.732832166583329 ] } },
{ "type": "Feature", "properties": { "内容": "Ｏ２サービス【訪問介護】千葉県印旛郡酒々井町上本佐倉１７１番地１カネガサキハイツ１０１", "url2": "https://www.kaigokensaku.mhlw.go.jp/12/index.php?action_kouhyou_detail_004_kani=true&JigyosyoCd=1273900173-00&ServiceCd=110&Type=search" }, "geometry": { "type": "Point", "coordinates": [ 140.26040850000004, 35.7200349 ] } },
{ "type": "Feature", "properties": { "内容": "訪問介護エコトピア酒々井【訪問介護】千葉県印旛郡酒々井町本佐倉352-2", "url2": "https://www.kaigokensaku.mhlw.go.jp/12/index.php?action_kouhyou_detail_004_kani=true&JigyosyoCd=1273900306-00&ServiceCd=110&Type=search" }, "geometry": { "type": "Point", "coordinates": [ 140.255005799999907, 35.716061 ] } },
{ "type": "Feature", "properties": { "内容": "ハッピーハート【訪問介護】千葉県印旛郡酒々井町上岩橋141-72F", "url2": "https://www.kaigokensaku.mhlw.go.jp/12/index.php?action_kouhyou_detail_004_kani=true&JigyosyoCd=1273900223-00&ServiceCd=110&Type=search" }, "geometry": { "type": "Point", "coordinates": [ 140.271548952735969, 35.741229265041639 ] } },
{ "type": "Feature", "properties": { "内容": "ほがらかケア【訪問介護】千葉県印旛郡栄町安食ト杭新田９０４番地", "url2": "https://www.kaigokensaku.mhlw.go.jp/12/index.php?action_kouhyou_detail_004_kani=true&JigyosyoCd=1274400165-00&ServiceCd=110&Type=search" }, "geometry": { "type": "Point", "coordinates": [ 140.233433318649304, 35.840670916808875 ] } },
{ "type": "Feature", "properties": { "内容": "さかえ訪問介護サービスステーション【訪問介護】千葉県印旛郡栄町安食２４２１", "url2": "https://www.kaigokensaku.mhlw.go.jp/12/index.php?action_kouhyou_detail_004_kani=true&JigyosyoCd=1274400025-00&ServiceCd=110&Type=search" }, "geometry": { "type": "Point", "coordinates": [ 140.249086199999965, 35.834418 ] } },
{ "type": "Feature", "properties": { "内容": "ヤックスヘルパーステーション安食【訪問介護】千葉県印旛郡栄町安食947-5", "url2": "https://www.kaigokensaku.mhlw.go.jp/12/index.php?action_kouhyou_detail_004_kani=true&JigyosyoCd=1274400264-00&ServiceCd=110&Type=search" }, "geometry": { "type": "Point", "coordinates": [ 140.246686080989861, 35.842225647901408 ] } },
{ "type": "Feature", "properties": { "内容": "神崎町社会福祉協議会【訪問介護】千葉県香取郡神崎町並木658番地", "url2": "https://www.kaigokensaku.mhlw.go.jp/12/index.php?action_kouhyou_detail_004_kani=true&JigyosyoCd=1274600137-00&ServiceCd=110&Type=search" }, "geometry": { "type": "Point", "coordinates": [ 140.399710300000038, 35.8943279 ] } },
{ "type": "Feature", "properties": { "内容": "アクティブサポート【訪問介護】千葉県香取郡多古町多古2746-1", "url2": "https://www.kaigokensaku.mhlw.go.jp/12/index.php?action_kouhyou_detail_004_kani=true&JigyosyoCd=1275100111-00&ServiceCd=110&Type=search" }, "geometry": { "type": "Point", "coordinates": [ 140.469587899999965, 35.736668100000017 ] } },
{ "type": "Feature", "properties": { "内容": "ケアスタッフ多古【訪問介護】千葉県香取郡多古町染井761", "url2": "https://www.kaigokensaku.mhlw.go.jp/12/index.php?action_kouhyou_detail_004_kani=true&JigyosyoCd=1275100202-00&ServiceCd=110&Type=search" }, "geometry": { "type": "Point", "coordinates": [ 140.461159599999974, 35.7457291 ] } },
{ "type": "Feature", "properties": { "内容": "社会福祉法人多古町社会福祉協議会【訪問介護】千葉県香取郡多古町多古７７７－１", "url2": "https://www.kaigokensaku.mhlw.go.jp/12/index.php?action_kouhyou_detail_004_kani=true&JigyosyoCd=1275100020-00&ServiceCd=110&Type=search" }, "geometry": { "type": "Point", "coordinates": [ 140.469063499999947, 35.7345532 ] } },
{ "type": "Feature", "properties": { "内容": "楽天堂ホームケア東庄【訪問介護】千葉県香取郡東庄町笹川い567-1", "url2": "https://www.kaigokensaku.mhlw.go.jp/12/index.php?action_kouhyou_detail_004_kani=true&JigyosyoCd=1275300075-00&ServiceCd=110&Type=search" }, "geometry": { "type": "Point", "coordinates": [ 140.6586959, 35.8404997 ] } },
{ "type": "Feature", "properties": { "内容": "ヘルパーステーション遊ＹＯＵ【訪問介護】千葉県香取郡東庄町笹川い６６６", "url2": "https://www.kaigokensaku.mhlw.go.jp/12/index.php?action_kouhyou_detail_004_kani=true&JigyosyoCd=1275300232-00&ServiceCd=110&Type=search" }, "geometry": { "type": "Point", "coordinates": [ 140.660843399999976, 35.8410856 ] } },
{ "type": "Feature", "properties": { "内容": "訪問介護事業所　オリーブ【訪問介護】千葉県山武郡九十九里町片貝1613", "url2": "https://www.kaigokensaku.mhlw.go.jp/12/index.php?action_kouhyou_detail_004_kani=true&JigyosyoCd=1275900494-00&ServiceCd=110&Type=search" }, "geometry": { "type": "Point", "coordinates": [ 140.4401331, 35.5239946 ] } },
{ "type": "Feature", "properties": { "内容": "ヘルパーステーションはるかぜ【訪問介護】千葉県山武郡九十九里町片貝1133番地3", "url2": "https://www.kaigokensaku.mhlw.go.jp/12/index.php?action_kouhyou_detail_004_kani=true&JigyosyoCd=1275900502-00&ServiceCd=110&Type=search" }, "geometry": { "type": "Point", "coordinates": [ 140.4379021, 35.5320446 ] } },
{ "type": "Feature", "properties": { "内容": "訪問介護りんごの唄【訪問介護】千葉県山武郡九十九里町小関185", "url2": "https://www.kaigokensaku.mhlw.go.jp/12/index.php?action_kouhyou_detail_004_kani=true&JigyosyoCd=1275900353-00&ServiceCd=110&Type=search" }, "geometry": { "type": "Point", "coordinates": [ 140.43023162149575, 35.555497354362195 ] } },
{ "type": "Feature", "properties": { "内容": "有限会社介護サービスこころ【訪問介護】千葉県山武郡九十九里町下貝塚３３－３", "url2": "https://www.kaigokensaku.mhlw.go.jp/12/index.php?action_kouhyou_detail_004_kani=true&JigyosyoCd=1275900171-00&ServiceCd=110&Type=search" }, "geometry": { "type": "Point", "coordinates": [ 140.420332899999948, 35.5221854 ] } },
{ "type": "Feature", "properties": { "内容": "訪問介護事業所シルバーシャドウ【訪問介護】千葉県山武郡九十九里町片貝２７０５－７", "url2": "https://www.kaigokensaku.mhlw.go.jp/12/index.php?action_kouhyou_detail_004_kani=true&JigyosyoCd=1275900387-00&ServiceCd=110&Type=search" }, "geometry": { "type": "Point", "coordinates": [ 140.437947500000064, 35.532845700000017 ] } },
{ "type": "Feature", "properties": { "内容": "有限会社こすもヘルパーステーション【訪問介護】山武郡横芝光町木戸1327-6", "url2": "https://www.kaigokensaku.mhlw.go.jp/12/index.php?action_kouhyou_detail_004_kani=true&JigyosyoCd=1276400114-00&ServiceCd=110&Type=search" }, "geometry": { "type": "Point", "coordinates": [ 140.5311067, 35.6288464 ] } },
{ "type": "Feature", "properties": { "内容": "ヘルパーステーション柚庵【訪問介護】千葉県山武郡横芝光町栗山４９７１番地２", "url2": "https://www.kaigokensaku.mhlw.go.jp/12/index.php?action_kouhyou_detail_004_kani=true&JigyosyoCd=1279100315-00&ServiceCd=110&Type=search" }, "geometry": { "type": "Point", "coordinates": [ 140.497520900000012, 35.6422412 ] } },
{ "type": "Feature", "properties": { "内容": "光楽園訪問介護センター【訪問介護】千葉県山武郡横芝光町木戸9628番地9", "url2": "https://www.kaigokensaku.mhlw.go.jp/12/index.php?action_kouhyou_detail_004_kani=true&JigyosyoCd=1279100018-00&ServiceCd=110&Type=search" }, "geometry": { "type": "Point", "coordinates": [ 140.543005900000026, 35.6207948 ] } },
{ "type": "Feature", "properties": { "内容": "まごころケア横芝訪問介護事業所【訪問介護】千葉県山武郡横芝光町鳥喰上２２８３", "url2": "https://www.kaigokensaku.mhlw.go.jp/12/index.php?action_kouhyou_detail_004_kani=true&JigyosyoCd=1279100141-00&ServiceCd=110&Type=search" }, "geometry": { "type": "Point", "coordinates": [ 140.476807199999939, 35.651003 ] } },
{ "type": "Feature", "properties": { "内容": "ヤックスヘルパーステーション横芝光【訪問介護】千葉県山武郡横芝光町横芝2148-1", "url2": "https://www.kaigokensaku.mhlw.go.jp/12/index.php?action_kouhyou_detail_004_kani=true&JigyosyoCd=1279100257-00&ServiceCd=110&Type=search" }, "geometry": { "type": "Point", "coordinates": [ 140.486010566446112, 35.661021079665325 ] } },
{ "type": "Feature", "properties": { "内容": "有限会社あいの手介護サービス【訪問介護】千葉県山武郡横芝光町横芝２３８５番地２", "url2": "https://www.kaigokensaku.mhlw.go.jp/12/index.php?action_kouhyou_detail_004_kani=true&JigyosyoCd=1276400106-00&ServiceCd=110&Type=search" }, "geometry": { "type": "Point", "coordinates": [ 140.480404099999987, 35.6541585 ] } },
{ "type": "Feature", "properties": { "内容": "ニチイケアセンター　一ノ宮【訪問介護】千葉県長生郡一宮町一宮3093-4", "url2": "https://www.kaigokensaku.mhlw.go.jp/12/index.php?action_kouhyou_detail_004_kani=true&JigyosyoCd=1276600101-00&ServiceCd=110&Type=search" }, "geometry": { "type": "Point", "coordinates": [ 140.362193400000024, 35.3767642 ] } },
{ "type": "Feature", "properties": { "内容": "社会福祉法人一宮町社会福祉協議会【訪問介護】千葉県長生郡一宮町一宮１８６５", "url2": "https://www.kaigokensaku.mhlw.go.jp/12/index.php?action_kouhyou_detail_004_kani=true&JigyosyoCd=1276600010-00&ServiceCd=110&Type=search" }, "geometry": { "type": "Point", "coordinates": [ 140.372528399999965, 35.3695153 ] } },
{ "type": "Feature", "properties": { "内容": "ホームヘルプこだま【訪問介護】千葉県長生郡睦沢町北山田172", "url2": "https://www.kaigokensaku.mhlw.go.jp/12/index.php?action_kouhyou_detail_004_kani=true&JigyosyoCd=1276700117-00&ServiceCd=110&Type=search" }, "geometry": { "type": "Point", "coordinates": [ 140.324741600000038, 35.3746002 ] } },
{ "type": "Feature", "properties": { "内容": "訪問介護太陽【訪問介護】千葉県長生郡睦沢町寺崎１１５８－１", "url2": "https://www.kaigokensaku.mhlw.go.jp/12/index.php?action_kouhyou_detail_004_kani=true&JigyosyoCd=1276700174-00&ServiceCd=110&Type=search" }, "geometry": { "type": "Point", "coordinates": [ 140.328875, 35.3842952 ] } },
{ "type": "Feature", "properties": { "内容": "訪問介護事業所優輝【訪問介護】長生郡長生村金田2591-9", "url2": "https://www.kaigokensaku.mhlw.go.jp/12/index.php?action_kouhyou_detail_004_kani=true&JigyosyoCd=1276800396-00&ServiceCd=110&Type=search" }, "geometry": { "type": "Point", "coordinates": [ 140.3432041, 35.3909586 ] } },
{ "type": "Feature", "properties": { "内容": "ひかり訪問介護事業所【訪問介護】千葉県長生郡長生村驚３８８－1", "url2": "https://www.kaigokensaku.mhlw.go.jp/12/index.php?action_kouhyou_detail_004_kani=true&JigyosyoCd=1276800248-00&ServiceCd=110&Type=search" }, "geometry": { "type": "Point", "coordinates": [ 140.374576499999989, 35.4168012 ] } },
{ "type": "Feature", "properties": { "内容": "ニチイケアセンター七井土【訪問介護】千葉県長生郡長生村七井土1392-47", "url2": "https://www.kaigokensaku.mhlw.go.jp/12/index.php?action_kouhyou_detail_004_kani=true&JigyosyoCd=1276800370-00&ServiceCd=110&Type=search" }, "geometry": { "type": "Point", "coordinates": [ 140.320187800000014, 35.3992155 ] } },
{ "type": "Feature", "properties": { "内容": "さくら・訪問介護ハートフルケアサービス【訪問介護】千葉県長生郡白子町中里3389-2", "url2": "https://www.kaigokensaku.mhlw.go.jp/12/index.php?action_kouhyou_detail_004_kani=true&JigyosyoCd=1276900261-00&ServiceCd=110&Type=search" }, "geometry": { "type": "Point", "coordinates": [ 140.383739752934275, 35.431726519587286 ] } },
{ "type": "Feature", "properties": { "内容": "社会福祉法人長柄町社会福祉協議会訪問介護サービス事業所【訪問介護】千葉県長生郡長柄町桜谷　７１２番地長柄町福祉センター", "url2": "https://www.kaigokensaku.mhlw.go.jp/12/index.php?action_kouhyou_detail_004_kani=true&JigyosyoCd=1277000020-00&ServiceCd=110&Type=search" }, "geometry": { "type": "Point", "coordinates": [ 140.227989500000035, 35.431338900000014 ] } },
{ "type": "Feature", "properties": { "内容": "ケアーミッション長南【訪問介護】千葉県長生郡長南町長南2529", "url2": "https://www.kaigokensaku.mhlw.go.jp/12/index.php?action_kouhyou_detail_004_kani=true&JigyosyoCd=1277100242-00&ServiceCd=110&Type=search" }, "geometry": { "type": "Point", "coordinates": [ 140.232331700000032, 35.3965803 ] } },
{ "type": "Feature", "properties": { "内容": "ニチイケアセンター城見ヶ丘【訪問介護】千葉県夷隅郡大多喜町船子939-3サンユーコートB号棟", "url2": "https://www.kaigokensaku.mhlw.go.jp/12/index.php?action_kouhyou_detail_004_kani=true&JigyosyoCd=1277200117-00&ServiceCd=110&Type=search" }, "geometry": { "type": "Point", "coordinates": [ 140.251489799999945, 35.2892957 ] } },
{ "type": "Feature", "properties": { "内容": "川崎病院ヘルパーステーション【訪問介護】千葉県夷隅郡大多喜町船子1067大多喜ガーデンハウス", "url2": "https://www.kaigokensaku.mhlw.go.jp/12/index.php?action_kouhyou_detail_004_kani=true&JigyosyoCd=1277200091-00&ServiceCd=110&Type=search" }, "geometry": { "type": "Point", "coordinates": [ 140.254754071302841, 35.29038786860162 ] } },
{ "type": "Feature", "properties": { "内容": "特定非営利活動法人御宿コアラ【訪問介護】千葉県夷隅郡御宿町六軒町462", "url2": "https://www.kaigokensaku.mhlw.go.jp/12/index.php?action_kouhyou_detail_004_kani=true&JigyosyoCd=1277400113-00&ServiceCd=110&Type=search" }, "geometry": { "type": "Point", "coordinates": [ 140.362196600000061, 35.1858097 ] } },
{ "type": "Feature", "properties": { "内容": "ヘルパーサービス　すけっと【訪問介護】千葉県安房郡鋸南町保田591-63", "url2": "https://www.kaigokensaku.mhlw.go.jp/12/index.php?action_kouhyou_detail_004_kani=true&JigyosyoCd=1277900161-00&ServiceCd=110&Type=search" }, "geometry": { "type": "Point", "coordinates": [ 139.840012321565268, 35.143227846867255 ] } },
{ "type": "Feature", "properties": { "内容": "ケアセンターさざなみ【訪問介護】千葉県安房郡鋸南町勝山413-8", "url2": "https://www.kaigokensaku.mhlw.go.jp/12/index.php?action_kouhyou_detail_004_kani=true&JigyosyoCd=1277900138-00&ServiceCd=110&Type=search" }, "geometry": { "type": "Point", "coordinates": [ 139.826985, 35.1140529 ] } },
{ "type": "Feature", "properties": { "内容": "鋸南町社協ホームヘルプサービスセンター【訪問介護】千葉県安房郡鋸南町保田５６０番地", "url2": "https://www.kaigokensaku.mhlw.go.jp/12/index.php?action_kouhyou_detail_004_kani=true&JigyosyoCd=1277900088-00&ServiceCd=110&Type=search" }, "geometry": { "type": "Point", "coordinates": [ 139.842413500000021, 35.1404662 ] } },
{ "type": "Feature", "properties": { "内容": "あかりケアサービス【訪問介護】千葉県安房郡鋸南町竜島1119", "url2": "https://www.kaigokensaku.mhlw.go.jp/12/index.php?action_kouhyou_detail_004_kani=true&JigyosyoCd=1277900237-00&ServiceCd=110&Type=search" }, "geometry": { "type": "Point", "coordinates": [ 139.83078857420503, 35.107728404211684 ] } }
]
}
