{
"type": "FeatureCollection",
"name": "geo_12_地域密着型通所介護",
"crs": { "type": "name", "properties": { "name": "urn:ogc:def:crs:OGC:1.3:CRS84" } },
"features": [
{ "type": "Feature", "properties": { "内容": "デイサービス蘇我ゆとろぎの里【地域密着型通所介護】千葉県千葉市中央区白旗3－9－21", "url2": "https://www.kaigokensaku.mhlw.go.jp/12/index.php?action_kouhyou_detail_004_kani=true&JigyosyoCd=1270103268-00&ServiceCd=780&Type=search" }, "geometry": { "type": "Point", "coordinates": [ 140.143389899999988, 35.5809262 ] } },
{ "type": "Feature", "properties": { "内容": "リハてらす千葉中央【地域密着型通所介護】千葉県千葉市中央区都町2-13-1パークアベニュー１０１", "url2": "https://www.kaigokensaku.mhlw.go.jp/12/index.php?action_kouhyou_detail_004_kani=true&JigyosyoCd=1290100500-00&ServiceCd=780&Type=search" }, "geometry": { "type": "Point", "coordinates": [ 140.1391099, 35.6109232 ] } },
{ "type": "Feature", "properties": { "内容": "べあはうすデイサービス【地域密着型通所介護】千葉県千葉市花見川区幕張町6-281-19", "url2": "https://www.kaigokensaku.mhlw.go.jp/12/index.php?action_kouhyou_detail_004_kani=true&JigyosyoCd=1270203209-00&ServiceCd=780&Type=search" }, "geometry": { "type": "Point", "coordinates": [ 140.061873944774618, 35.658612686511688 ] } },
{ "type": "Feature", "properties": { "内容": "デイサービス　粋生倶楽部　千葉中央【地域密着型通所介護】千葉市中央区宮崎2-8-5", "url2": "https://www.kaigokensaku.mhlw.go.jp/12/index.php?action_kouhyou_detail_004_kani=true&JigyosyoCd=1270102021-00&ServiceCd=780&Type=search" }, "geometry": { "type": "Point", "coordinates": [ 140.1383518, 35.5830593 ] } },
{ "type": "Feature", "properties": { "内容": "ひばりデイサービス千葉中央【地域密着型通所介護】千葉県千葉市中央区都町2-20-17ガーデンテラス千葉中央", "url2": "https://www.kaigokensaku.mhlw.go.jp/12/index.php?action_kouhyou_detail_004_kani=true&JigyosyoCd=1270103607-00&ServiceCd=780&Type=search" }, "geometry": { "type": "Point", "coordinates": [ 140.1402511, 35.6105572 ] } },
{ "type": "Feature", "properties": { "内容": "デイサービスcarelabo西千葉【地域密着型通所介護】千葉県千葉市中央区春日1-20-1伊坂第2ビル2階", "url2": "https://www.kaigokensaku.mhlw.go.jp/12/index.php?action_kouhyou_detail_004_kani=true&JigyosyoCd=1290100427-00&ServiceCd=780&Type=search" }, "geometry": { "type": "Point", "coordinates": [ 140.104631299999937, 35.6204322 ] } },
{ "type": "Feature", "properties": { "内容": "デイサービス　クラス葛城【地域密着型通所介護】葛城3-2-40", "url2": "https://www.kaigokensaku.mhlw.go.jp/12/index.php?action_kouhyou_detail_004_kani=true&JigyosyoCd=1270103383-00&ServiceCd=780&Type=search" }, "geometry": { "type": "Point", "coordinates": [ 140.1341943, 35.599633 ] } },
{ "type": "Feature", "properties": { "内容": "デイサービス　にじの蒼【地域密着型通所介護】千葉県千葉市中央区都町1272-3", "url2": "https://www.kaigokensaku.mhlw.go.jp/12/index.php?action_kouhyou_detail_004_kani=true&JigyosyoCd=1290100690-00&ServiceCd=780&Type=search" }, "geometry": { "type": "Point", "coordinates": [ 140.14466010000001, 35.6135169 ] } },
{ "type": "Feature", "properties": { "内容": "ファントレルーム【地域密着型通所介護】千葉県千葉市中央区神明町206-3ハイツ千葉市神明町1F", "url2": "https://www.kaigokensaku.mhlw.go.jp/12/index.php?action_kouhyou_detail_004_kani=true&JigyosyoCd=1290100708-00&ServiceCd=780&Type=search" }, "geometry": { "type": "Point", "coordinates": [ 140.1155166, 35.6039258 ] } },
{ "type": "Feature", "properties": { "内容": "デイサービスセンターさんかく【地域密着型通所介護】千葉県千葉市中央区生実町2149-3", "url2": "https://www.kaigokensaku.mhlw.go.jp/12/index.php?action_kouhyou_detail_004_kani=true&JigyosyoCd=1270103904-00&ServiceCd=780&Type=search" }, "geometry": { "type": "Point", "coordinates": [ 140.15215539999997, 35.5610723 ] } },
{ "type": "Feature", "properties": { "内容": "ご長寿くらぶ千葉・青葉の森デイサービスセンター【地域密着型通所介護】千葉県千葉市中央区矢作町991-151ご長寿くらぶ千葉・青葉の森", "url2": "https://www.kaigokensaku.mhlw.go.jp/12/index.php?action_kouhyou_detail_004_kani=true&JigyosyoCd=1290100591-00&ServiceCd=780&Type=search" }, "geometry": { "type": "Point", "coordinates": [ 140.1415781, 35.5998348 ] } },
{ "type": "Feature", "properties": { "内容": "リハビリデイサービスいきいき都町【地域密着型通所介護】都町2-15-1レジデンス都町1階", "url2": "https://www.kaigokensaku.mhlw.go.jp/12/index.php?action_kouhyou_detail_004_kani=true&JigyosyoCd=1270103565-00&ServiceCd=780&Type=search" }, "geometry": { "type": "Point", "coordinates": [ 140.138674, 35.6121232 ] } },
{ "type": "Feature", "properties": { "内容": "デイサービス　みんなの家　蘇我【地域密着型通所介護】生実町１５７２−２−２", "url2": "https://www.kaigokensaku.mhlw.go.jp/12/index.php?action_kouhyou_detail_004_kani=true&JigyosyoCd=1270104308-00&ServiceCd=780&Type=search" }, "geometry": { "type": "Point", "coordinates": [ 140.147252200000054, 35.5636059 ] } },
{ "type": "Feature", "properties": { "内容": "デイサービス楽笑　東千葉【地域密着型通所介護】千葉県千葉市中央区東千葉3-2-7", "url2": "https://www.kaigokensaku.mhlw.go.jp/12/index.php?action_kouhyou_detail_004_kani=true&JigyosyoCd=1270104019-00&ServiceCd=780&Type=search" }, "geometry": { "type": "Point", "coordinates": [ 140.124108, 35.6267678 ] } },
{ "type": "Feature", "properties": { "内容": "リハビリ特化型デイサービスえにしあ千葉店【地域密着型通所介護】千葉県千葉市中央区弁天3-14-2", "url2": "https://www.kaigokensaku.mhlw.go.jp/12/index.php?action_kouhyou_detail_004_kani=true&JigyosyoCd=1270104142-00&ServiceCd=780&Type=search" }, "geometry": { "type": "Point", "coordinates": [ 140.1122794, 35.6182741 ] } },
{ "type": "Feature", "properties": { "内容": "パワーリハビリデイサービスラッシュ【地域密着型通所介護】千葉県千葉市中央区長洲２－8－2ヤリタビル1F", "url2": "https://www.kaigokensaku.mhlw.go.jp/12/index.php?action_kouhyou_detail_004_kani=true&JigyosyoCd=1290100617-00&ServiceCd=780&Type=search" }, "geometry": { "type": "Point", "coordinates": [ 140.1235858, 35.601495649459075 ] } },
{ "type": "Feature", "properties": { "内容": "グリーンデイ千葉中央【地域密着型通所介護】千葉県千葉市中央区亀井町6-3ラフィーヌ千葉Ａ－１", "url2": "https://www.kaigokensaku.mhlw.go.jp/12/index.php?action_kouhyou_detail_004_kani=true&JigyosyoCd=1290100328-00&ServiceCd=780&Type=search" }, "geometry": { "type": "Point", "coordinates": [ 140.129980499999988, 35.6083403 ] } },
{ "type": "Feature", "properties": { "内容": "だんらんの家　仁戸名【地域密着型通所介護】千葉県千葉市中央区仁戸名町371", "url2": "https://www.kaigokensaku.mhlw.go.jp/12/index.php?action_kouhyou_detail_004_kani=true&JigyosyoCd=1270104118-00&ServiceCd=780&Type=search" }, "geometry": { "type": "Point", "coordinates": [ 140.15716939999993, 35.589009 ] } },
{ "type": "Feature", "properties": { "内容": "いく歩デイサービス椿森【地域密着型通所介護】千葉県千葉市中央区椿森５－８－３", "url2": "https://www.kaigokensaku.mhlw.go.jp/12/index.php?action_kouhyou_detail_004_kani=true&JigyosyoCd=1270104464-00&ServiceCd=780&Type=search" }, "geometry": { "type": "Point", "coordinates": [ 140.12418839999998, 35.619777 ] } },
{ "type": "Feature", "properties": { "内容": "デイサービス　ぬくもりの家【地域密着型通所介護】千葉県千葉市中央区院内２－１５－１３", "url2": "https://www.kaigokensaku.mhlw.go.jp/12/index.php?action_kouhyou_detail_004_kani=true&JigyosyoCd=1270100918-00&ServiceCd=780&Type=search" }, "geometry": { "type": "Point", "coordinates": [ 140.124561299999982, 35.6116099 ] } },
{ "type": "Feature", "properties": { "内容": "機能回復訓練＆健康増進りはるーむ【地域密着型通所介護】千葉県千葉市中央区本町2丁目3-19-101", "url2": "https://www.kaigokensaku.mhlw.go.jp/12/index.php?action_kouhyou_detail_004_kani=true&JigyosyoCd=1270103193-00&ServiceCd=780&Type=search" }, "geometry": { "type": "Point", "coordinates": [ 140.126300435581925, 35.608251722726365 ] } },
{ "type": "Feature", "properties": { "内容": "GENKINEXT　西千葉【地域密着型通所介護】松波2-9-1ﾍﾞﾙﾒｿﾞﾝ松波103", "url2": "https://www.kaigokensaku.mhlw.go.jp/12/index.php?action_kouhyou_detail_004_kani=true&JigyosyoCd=1290100559-00&ServiceCd=780&Type=search" }, "geometry": { "type": "Point", "coordinates": [ 140.106314974731077, 35.620542221810126 ] } },
{ "type": "Feature", "properties": { "内容": "樹楽浜野【地域密着型通所介護】千葉市中央区村田町77-17", "url2": "https://www.kaigokensaku.mhlw.go.jp/12/index.php?action_kouhyou_detail_004_kani=true&JigyosyoCd=1290100658-00&ServiceCd=780&Type=search" }, "geometry": { "type": "Point", "coordinates": [ 140.135285213491812, 35.544014410834443 ] } },
{ "type": "Feature", "properties": { "内容": "リーフ浜野　リハビリデイ【地域密着型通所介護】千葉県千葉市中央区浜野町1401Prendre101", "url2": "https://www.kaigokensaku.mhlw.go.jp/12/index.php?action_kouhyou_detail_004_kani=true&JigyosyoCd=1290100674-00&ServiceCd=780&Type=search" }, "geometry": { "type": "Point", "coordinates": [ 140.132745199999988, 35.5517421 ] } },
{ "type": "Feature", "properties": { "内容": "リハビリデイサービスいきいき大森町【地域密着型通所介護】千葉県千葉市中央区大森町514-19", "url2": "https://www.kaigokensaku.mhlw.go.jp/12/index.php?action_kouhyou_detail_004_kani=true&JigyosyoCd=1290100716-00&ServiceCd=780&Type=search" }, "geometry": { "type": "Point", "coordinates": [ 140.1505551, 35.5818834 ] } },
{ "type": "Feature", "properties": { "内容": "だんらんの家東千葉【地域密着型通所介護】東千葉2-5-13", "url2": "https://www.kaigokensaku.mhlw.go.jp/12/index.php?action_kouhyou_detail_004_kani=true&JigyosyoCd=1290100757-00&ServiceCd=780&Type=search" }, "geometry": { "type": "Point", "coordinates": [ 140.127241600000019, 35.6217049 ] } },
{ "type": "Feature", "properties": { "内容": "リハLifeあいか蘇我【地域密着型通所介護】宮崎2-8-5", "url2": "https://www.kaigokensaku.mhlw.go.jp/12/index.php?action_kouhyou_detail_004_kani=true&JigyosyoCd=1290100765-00&ServiceCd=780&Type=search" }, "geometry": { "type": "Point", "coordinates": [ 131.468425599999989, 31.8004196 ] } },
{ "type": "Feature", "properties": { "内容": "リハプライド蘇我【地域密着型通所介護】千葉県千葉市中央区寒川町2丁目202-7", "url2": "https://www.kaigokensaku.mhlw.go.jp/12/index.php?action_kouhyou_detail_004_kani=true&JigyosyoCd=1290100773-00&ServiceCd=780&Type=search" }, "geometry": { "type": "Point", "coordinates": [ 140.118432899999988, 35.5934501 ] } },
{ "type": "Feature", "properties": { "内容": "リーフ仁戸名リハビリデイ【地域密着型通所介護】仁戸名町480-120", "url2": "https://www.kaigokensaku.mhlw.go.jp/12/index.php?action_kouhyou_detail_004_kani=true&JigyosyoCd=1290100823-00&ServiceCd=780&Type=search" }, "geometry": { "type": "Point", "coordinates": [ 140.161667200000011, 35.5867352 ] } },
{ "type": "Feature", "properties": { "内容": "ローゼンヴィラはま野デイサービスセンター【地域密着型通所介護】千葉県千葉市中央区南生実町461-02", "url2": "https://www.kaigokensaku.mhlw.go.jp/12/index.php?action_kouhyou_detail_004_kani=true&JigyosyoCd=1290100534-00&ServiceCd=780&Type=search" }, "geometry": { "type": "Point", "coordinates": [ 140.142795299999989, 35.5543228 ] } },
{ "type": "Feature", "properties": { "内容": "アースサポート仁戸名【地域密着型通所介護】千葉県千葉市中央区仁戸名町613番地9", "url2": "https://www.kaigokensaku.mhlw.go.jp/12/index.php?action_kouhyou_detail_004_kani=true&JigyosyoCd=1290100583-00&ServiceCd=780&Type=search" }, "geometry": { "type": "Point", "coordinates": [ 140.15468, 35.5851482 ] } },
{ "type": "Feature", "properties": { "内容": "デイサービスきぶしの杜　千葉花見川【地域密着型通所介護】千葉県千葉市花見川区長作町925－17", "url2": "https://www.kaigokensaku.mhlw.go.jp/12/index.php?action_kouhyou_detail_004_kani=true&JigyosyoCd=1270202565-00&ServiceCd=780&Type=search" }, "geometry": { "type": "Point", "coordinates": [ 140.0721939, 35.6803836 ] } },
{ "type": "Feature", "properties": { "内容": "れんげの家【地域密着型通所介護】千葉県千葉市花見川区花園町1574-18", "url2": "https://www.kaigokensaku.mhlw.go.jp/12/index.php?action_kouhyou_detail_004_kani=true&JigyosyoCd=1270201328-00&ServiceCd=780&Type=search" }, "geometry": { "type": "Point", "coordinates": [ 140.078906, 35.6526113 ] } },
{ "type": "Feature", "properties": { "内容": "デイサービス・元気庵千種町店【地域密着型通所介護】千葉県千葉市花見川区千種町３５６－５２", "url2": "https://www.kaigokensaku.mhlw.go.jp/12/index.php?action_kouhyou_detail_004_kani=true&JigyosyoCd=1270202391-00&ServiceCd=780&Type=search" }, "geometry": { "type": "Point", "coordinates": [ 140.119105600000012, 35.6818358 ] } },
{ "type": "Feature", "properties": { "内容": "幕張本郷介護予防センター【地域密着型通所介護】千葉県千葉市花見川区幕張本郷3-7-20群山　久１０３", "url2": "https://www.kaigokensaku.mhlw.go.jp/12/index.php?action_kouhyou_detail_004_kani=true&JigyosyoCd=1270202037-00&ServiceCd=780&Type=search" }, "geometry": { "type": "Point", "coordinates": [ 140.044757200000049, 35.6664197 ] } },
{ "type": "Feature", "properties": { "内容": "かなでplus検見川【地域密着型通所介護】千葉県千葉市花見川区検見川町3-315-1プリマベーラ101", "url2": "https://www.kaigokensaku.mhlw.go.jp/12/index.php?action_kouhyou_detail_004_kani=true&JigyosyoCd=1290200359-00&ServiceCd=780&Type=search" }, "geometry": { "type": "Point", "coordinates": [ 140.072830399999987, 35.6488345 ] } },
{ "type": "Feature", "properties": { "内容": "デイサービス・元気庵千葉北店【地域密着型通所介護】千葉県千葉市花見川区こてはし台４－７－２", "url2": "https://www.kaigokensaku.mhlw.go.jp/12/index.php?action_kouhyou_detail_004_kani=true&JigyosyoCd=1270202342-00&ServiceCd=780&Type=search" }, "geometry": { "type": "Point", "coordinates": [ 140.1170601, 35.6850803 ] } },
{ "type": "Feature", "properties": { "内容": "デイサービス・元気庵新千種町店【地域密着型通所介護】千葉県千葉市花見川区千種町339-1", "url2": "https://www.kaigokensaku.mhlw.go.jp/12/index.php?action_kouhyou_detail_004_kani=true&JigyosyoCd=1290200383-00&ServiceCd=780&Type=search" }, "geometry": { "type": "Point", "coordinates": [ 140.1182029, 35.682066 ] } },
{ "type": "Feature", "properties": { "内容": "デイサービスセンター　リブ花見川【地域密着型通所介護】千葉県千葉市花見川区花見川3-26-103", "url2": "https://www.kaigokensaku.mhlw.go.jp/12/index.php?action_kouhyou_detail_004_kani=true&JigyosyoCd=1270202599-00&ServiceCd=780&Type=search" }, "geometry": { "type": "Point", "coordinates": [ 140.0960473, 35.6895255 ] } },
{ "type": "Feature", "properties": { "内容": "トータルリハセンター幕張本郷【地域密着型通所介護】幕張本郷3-5-1鈴善ビル１F", "url2": "https://www.kaigokensaku.mhlw.go.jp/12/index.php?action_kouhyou_detail_004_kani=true&JigyosyoCd=1270203159-00&ServiceCd=780&Type=search" }, "geometry": { "type": "Point", "coordinates": [ 140.0448983, 35.6680488 ] } },
{ "type": "Feature", "properties": { "内容": "ぱすてるデイサービスこてはし台【地域密着型通所介護】千葉県千葉市花見川区こてはし台１－１８－８", "url2": "https://www.kaigokensaku.mhlw.go.jp/12/index.php?action_kouhyou_detail_004_kani=true&JigyosyoCd=1290200243-00&ServiceCd=780&Type=search" }, "geometry": { "type": "Point", "coordinates": [ 140.124981299999945, 35.685297 ] } },
{ "type": "Feature", "properties": { "内容": "ミニデイルーム・パル【地域密着型通所介護】作新台6-16-5101号", "url2": "https://www.kaigokensaku.mhlw.go.jp/12/index.php?action_kouhyou_detail_004_kani=true&JigyosyoCd=1270201187-00&ServiceCd=780&Type=search" }, "geometry": { "type": "Point", "coordinates": [ 140.085476, 35.6887045 ] } },
{ "type": "Feature", "properties": { "内容": "パーク石庭【地域密着型通所介護】千葉県千葉市花見川区検見川町2-584-5", "url2": "https://www.kaigokensaku.mhlw.go.jp/12/index.php?action_kouhyou_detail_004_kani=true&JigyosyoCd=1270203068-00&ServiceCd=780&Type=search" }, "geometry": { "type": "Point", "coordinates": [ 140.063104, 35.6495621 ] } },
{ "type": "Feature", "properties": { "内容": "ヤックスデイサービスセンター花見川【地域密着型通所介護】千葉県千葉市花見川区柏井1-4-1", "url2": "https://www.kaigokensaku.mhlw.go.jp/12/index.php?action_kouhyou_detail_004_kani=true&JigyosyoCd=1270200411-00&ServiceCd=780&Type=search" }, "geometry": { "type": "Point", "coordinates": [ 140.094099799999981, 35.6922077 ] } },
{ "type": "Feature", "properties": { "内容": "デイサービスセンター桐花園【地域密着型通所介護】千葉市花見川区幕張町3-2362-2", "url2": "https://www.kaigokensaku.mhlw.go.jp/12/index.php?action_kouhyou_detail_004_kani=true&JigyosyoCd=1270200353-00&ServiceCd=780&Type=search" }, "geometry": { "type": "Point", "coordinates": [ 140.057934299999943, 35.6739258 ] } },
{ "type": "Feature", "properties": { "内容": "リハビリデイサービスｎａｇｏｍｉ花見川店【地域密着型通所介護】千葉県千葉市花見川区千種町２３６－２６", "url2": "https://www.kaigokensaku.mhlw.go.jp/12/index.php?action_kouhyou_detail_004_kani=true&JigyosyoCd=1270202326-00&ServiceCd=780&Type=search" }, "geometry": { "type": "Point", "coordinates": [ 140.114136499999972, 35.6778497 ] } },
{ "type": "Feature", "properties": { "内容": "デイサービス・たんぽぽ【地域密着型通所介護】千葉県千葉市花見川区朝日ヶ丘３－２－６１", "url2": "https://www.kaigokensaku.mhlw.go.jp/12/index.php?action_kouhyou_detail_004_kani=true&JigyosyoCd=1270202367-00&ServiceCd=780&Type=search" }, "geometry": { "type": "Point", "coordinates": [ 140.086768300000017, 35.655547499999983 ] } },
{ "type": "Feature", "properties": { "内容": "だんらんの家　朝日ヶ丘【地域密着型通所介護】千葉県千葉市花見川区朝日ヶ丘5-22-7", "url2": "https://www.kaigokensaku.mhlw.go.jp/12/index.php?action_kouhyou_detail_004_kani=true&JigyosyoCd=1270202987-00&ServiceCd=780&Type=search" }, "geometry": { "type": "Point", "coordinates": [ 140.082021199999986, 35.6616531 ] } },
{ "type": "Feature", "properties": { "内容": "ケアセンターつどい武石【地域密着型通所介護】千葉県千葉市花見川区武石町1-824", "url2": "https://www.kaigokensaku.mhlw.go.jp/12/index.php?action_kouhyou_detail_004_kani=true&JigyosyoCd=1270201161-00&ServiceCd=780&Type=search" }, "geometry": { "type": "Point", "coordinates": [ 140.064506199999983, 35.6634632 ] } },
{ "type": "Feature", "properties": { "内容": "デイサービスセンターそら【地域密着型通所介護】千葉県千葉市花見川区三角町25-11", "url2": "https://www.kaigokensaku.mhlw.go.jp/12/index.php?action_kouhyou_detail_004_kani=true&JigyosyoCd=1270202672-00&ServiceCd=780&Type=search" }, "geometry": { "type": "Point", "coordinates": [ 140.103643299999931, 35.679629299999974 ] } },
{ "type": "Feature", "properties": { "内容": "デイサービス・元気庵大日町店【地域密着型通所介護】千葉県千葉市花見川区大日町１２６０－7", "url2": "https://www.kaigokensaku.mhlw.go.jp/12/index.php?action_kouhyou_detail_004_kani=true&JigyosyoCd=1290200284-00&ServiceCd=780&Type=search" }, "geometry": { "type": "Point", "coordinates": [ 140.13625288957698, 35.682784551414095 ] } },
{ "type": "Feature", "properties": { "内容": "ふれあっぷ千葉朝日ヶ丘【地域密着型通所介護】千葉県花見川区朝日ヶ丘１丁目１番地１号ふきのとうビル１Ｆ", "url2": "https://www.kaigokensaku.mhlw.go.jp/12/index.php?action_kouhyou_detail_004_kani=true&JigyosyoCd=1270202920-00&ServiceCd=780&Type=search" }, "geometry": { "type": "Point", "coordinates": [ 140.089377224650065, 35.654974065256731 ] } },
{ "type": "Feature", "properties": { "内容": "リハビリデイサービスいきいき千種町【地域密着型通所介護】千種町231-5", "url2": "https://www.kaigokensaku.mhlw.go.jp/12/index.php?action_kouhyou_detail_004_kani=true&JigyosyoCd=1270202813-00&ServiceCd=780&Type=search" }, "geometry": { "type": "Point", "coordinates": [ 140.114714899999967, 35.6769592 ] } },
{ "type": "Feature", "properties": { "内容": "かなでの杜稲毛【地域密着型通所介護】千葉県千葉市稲毛区稲毛東5-1-27", "url2": "https://www.kaigokensaku.mhlw.go.jp/12/index.php?action_kouhyou_detail_004_kani=true&JigyosyoCd=1270302167-00&ServiceCd=780&Type=search" }, "geometry": { "type": "Point", "coordinates": [ 140.0865827, 35.6386634 ] } },
{ "type": "Feature", "properties": { "内容": "デイサービス菜の華園　宮野木【地域密着型通所介護】千葉県千葉市稲毛区宮野木1480－1－5", "url2": "https://www.kaigokensaku.mhlw.go.jp/12/index.php?action_kouhyou_detail_004_kani=true&JigyosyoCd=1270301433-00&ServiceCd=780&Type=search" }, "geometry": { "type": "Point", "coordinates": [ 140.1023679, 35.6547687 ] } },
{ "type": "Feature", "properties": { "内容": "ミック健康の森園生町【地域密着型通所介護】千葉県千葉市稲毛区園生町126", "url2": "https://www.kaigokensaku.mhlw.go.jp/12/index.php?action_kouhyou_detail_004_kani=true&JigyosyoCd=1270302142-00&ServiceCd=780&Type=search" }, "geometry": { "type": "Point", "coordinates": [ 140.1004193, 35.6501836 ] } },
{ "type": "Feature", "properties": { "内容": "リハビリデイサービスいきいき天台【地域密着型通所介護】天台３-１-２６第二豊ビル1階", "url2": "https://www.kaigokensaku.mhlw.go.jp/12/index.php?action_kouhyou_detail_004_kani=true&JigyosyoCd=1270301623-00&ServiceCd=780&Type=search" }, "geometry": { "type": "Point", "coordinates": [ 140.118461499999967, 35.6312953 ] } },
{ "type": "Feature", "properties": { "内容": "デイサービスちゃお【地域密着型通所介護】千葉市稲毛区園生町902-1ビラ園生102", "url2": "https://www.kaigokensaku.mhlw.go.jp/12/index.php?action_kouhyou_detail_004_kani=true&JigyosyoCd=1270301961-00&ServiceCd=780&Type=search" }, "geometry": { "type": "Point", "coordinates": [ 140.10683370000001, 35.6435054 ] } },
{ "type": "Feature", "properties": { "内容": "千葉市稲毛区宮野木町1551-131【地域密着型通所介護】宮野木町　1551-131", "url2": "https://www.kaigokensaku.mhlw.go.jp/12/index.php?action_kouhyou_detail_004_kani=true&JigyosyoCd=1270300625-00&ServiceCd=780&Type=search" }, "geometry": { "type": "Point", "coordinates": [ 140.102765699999964, 35.6510967 ] } },
{ "type": "Feature", "properties": { "内容": "リハビリ道場天台【地域密着型通所介護】千葉県千葉市稲毛区天台４丁目２番２６", "url2": "https://www.kaigokensaku.mhlw.go.jp/12/index.php?action_kouhyou_detail_004_kani=true&JigyosyoCd=1270301912-00&ServiceCd=780&Type=search" }, "geometry": { "type": "Point", "coordinates": [ 140.113590700000032, 35.6378817 ] } },
{ "type": "Feature", "properties": { "内容": "メディカルプライマリー稲毛【地域密着型通所介護】千葉県千葉市稲毛区園生町1025-1", "url2": "https://www.kaigokensaku.mhlw.go.jp/12/index.php?action_kouhyou_detail_004_kani=true&JigyosyoCd=1270301920-00&ServiceCd=780&Type=search" }, "geometry": { "type": "Point", "coordinates": [ 140.106982900000048, 35.6391421 ] } },
{ "type": "Feature", "properties": { "内容": "リハプライド稲毛【地域密着型通所介護】千葉県千葉市稲毛区柏台1稲毛ファミリーハイツ5-1", "url2": "https://www.kaigokensaku.mhlw.go.jp/12/index.php?action_kouhyou_detail_004_kani=true&JigyosyoCd=1290300316-00&ServiceCd=780&Type=search" }, "geometry": { "type": "Point", "coordinates": [ 140.109306, 35.6519641 ] } },
{ "type": "Feature", "properties": { "内容": "ぷらーじゅ稲毛【地域密着型通所介護】千葉市稲毛区作草部町1255-1ウィルマルカ1号", "url2": "https://www.kaigokensaku.mhlw.go.jp/12/index.php?action_kouhyou_detail_004_kani=true&JigyosyoCd=1290300340-00&ServiceCd=780&Type=search" }, "geometry": { "type": "Point", "coordinates": [ 140.1198283, 35.631971 ] } },
{ "type": "Feature", "properties": { "内容": "アドバンスクラブ天台【地域密着型通所介護】千葉県千葉市稲毛区天台5-8-9ローズアヴェニュー稲毛天台1F", "url2": "https://www.kaigokensaku.mhlw.go.jp/12/index.php?action_kouhyou_detail_004_kani=true&JigyosyoCd=1270302076-00&ServiceCd=780&Type=search" }, "geometry": { "type": "Point", "coordinates": [ 140.117236600000069, 35.6381548 ] } },
{ "type": "Feature", "properties": { "内容": "千葉千草台デイサービスセンター【地域密着型通所介護】千葉県千葉市稲毛区千草台1-1-24-101千草台団地24-101", "url2": "https://www.kaigokensaku.mhlw.go.jp/12/index.php?action_kouhyou_detail_004_kani=true&JigyosyoCd=1290300464-00&ServiceCd=780&Type=search" }, "geometry": { "type": "Point", "coordinates": [ 140.11939346894539, 35.634736617492401 ] } },
{ "type": "Feature", "properties": { "内容": "スマイルデイサービス【地域密着型通所介護】小中台町275-1", "url2": "https://www.kaigokensaku.mhlw.go.jp/12/index.php?action_kouhyou_detail_004_kani=true&JigyosyoCd=1270301292-00&ServiceCd=780&Type=search" }, "geometry": { "type": "Point", "coordinates": [ 140.097710299999989, 35.647982 ] } },
{ "type": "Feature", "properties": { "内容": "リハビリジムさつきアネックス【地域密着型通所介護】千葉県千葉市稲毛区稲毛東2−12−14", "url2": "https://www.kaigokensaku.mhlw.go.jp/12/index.php?action_kouhyou_detail_004_kani=true&JigyosyoCd=1290300233-00&ServiceCd=780&Type=search" }, "geometry": { "type": "Point", "coordinates": [ 140.088621500000045, 35.6361137 ] } },
{ "type": "Feature", "properties": { "内容": "あさひデイサービスセンター稲毛【地域密着型通所介護】千葉県千葉市稲毛区稲毛東２－１２－１４", "url2": "https://www.kaigokensaku.mhlw.go.jp/12/index.php?action_kouhyou_detail_004_kani=true&JigyosyoCd=1270301367-00&ServiceCd=780&Type=search" }, "geometry": { "type": "Point", "coordinates": [ 140.088429977909868, 35.63634718795641 ] } },
{ "type": "Feature", "properties": { "内容": "でい・虹色【地域密着型通所介護】千葉県千葉市稲毛区六方町25-2", "url2": "https://www.kaigokensaku.mhlw.go.jp/12/index.php?action_kouhyou_detail_004_kani=true&JigyosyoCd=1290300167-00&ServiceCd=780&Type=search" }, "geometry": { "type": "Point", "coordinates": [ 140.14762138472517, 35.658121423440242 ] } },
{ "type": "Feature", "properties": { "内容": "レコードブック稲毛海岸【地域密着型通所介護】千葉県千葉市稲毛区稲毛2－4－6あさまプラザⅠ　101", "url2": "https://www.kaigokensaku.mhlw.go.jp/12/index.php?action_kouhyou_detail_004_kani=true&JigyosyoCd=1290300381-00&ServiceCd=780&Type=search" }, "geometry": { "type": "Point", "coordinates": [ 140.0801746, 35.6365213 ] } },
{ "type": "Feature", "properties": { "内容": "石橋接骨院リハビリデイサービス【地域密着型通所介護】千葉県千葉市稲毛区園生町253-16", "url2": "https://www.kaigokensaku.mhlw.go.jp/12/index.php?action_kouhyou_detail_004_kani=true&JigyosyoCd=1270300583-00&ServiceCd=780&Type=search" }, "geometry": { "type": "Point", "coordinates": [ 140.104549, 35.6513584 ] } },
{ "type": "Feature", "properties": { "内容": "リハビリ特化型デイサービスえにしあ西千葉店【地域密着型通所介護】千葉県千葉市稲毛区緑町1-26-7メゾンドディマンシェ１階", "url2": "https://www.kaigokensaku.mhlw.go.jp/12/index.php?action_kouhyou_detail_004_kani=true&JigyosyoCd=1290300175-00&ServiceCd=780&Type=search" }, "geometry": { "type": "Point", "coordinates": [ 140.100120699999934, 35.6255939 ] } },
{ "type": "Feature", "properties": { "内容": "レコードブックイオンタウン稲毛長沼【地域密着型通所介護】千葉県千葉市稲毛区長沼町112-2イオンタウン稲毛長沼", "url2": "https://www.kaigokensaku.mhlw.go.jp/12/index.php?action_kouhyou_detail_004_kani=true&JigyosyoCd=1290300415-00&ServiceCd=780&Type=search" }, "geometry": { "type": "Point", "coordinates": [ 140.116648386508189, 35.663625258465721 ] } },
{ "type": "Feature", "properties": { "内容": "稲毛グループホーム【地域密着型通所介護】千葉県千葉市稲毛区園生町153-1", "url2": "https://www.kaigokensaku.mhlw.go.jp/12/index.php?action_kouhyou_detail_004_kani=true&JigyosyoCd=1290300480-00&ServiceCd=780&Type=search" }, "geometry": { "type": "Point", "coordinates": [ 140.1016554, 35.6478012 ] } },
{ "type": "Feature", "properties": { "内容": "ヤックスデイサービス作草部【地域密着型通所介護】千葉県千葉市稲毛区作草部1-10-2", "url2": "https://www.kaigokensaku.mhlw.go.jp/12/index.php?action_kouhyou_detail_004_kani=true&JigyosyoCd=1290300423-00&ServiceCd=780&Type=search" }, "geometry": { "type": "Point", "coordinates": [ 140.11533080000001, 35.629075 ] } },
{ "type": "Feature", "properties": { "内容": "アースサポート千葉【地域密着型通所介護】稲毛3丁目10番24号レアレジデンス1階", "url2": "https://www.kaigokensaku.mhlw.go.jp/12/index.php?action_kouhyou_detail_004_kani=true&JigyosyoCd=1270301508-00&ServiceCd=780&Type=search" }, "geometry": { "type": "Point", "coordinates": [ 140.08527730000003, 35.6384051 ] } },
{ "type": "Feature", "properties": { "内容": "だんらんの家　稲毛【地域密着型通所介護】千葉県千葉市稲毛区小仲台３－２－２０", "url2": "https://www.kaigokensaku.mhlw.go.jp/12/index.php?action_kouhyou_detail_004_kani=true&JigyosyoCd=1270301854-00&ServiceCd=780&Type=search" }, "geometry": { "type": "Point", "coordinates": [ 140.0996805, 35.6368127 ] } },
{ "type": "Feature", "properties": { "内容": "だんらんの家　小深町【地域密着型通所介護】千葉県千葉市稲毛区小深町19", "url2": "https://www.kaigokensaku.mhlw.go.jp/12/index.php?action_kouhyou_detail_004_kani=true&JigyosyoCd=1270301888-00&ServiceCd=780&Type=search" }, "geometry": { "type": "Point", "coordinates": [ 140.155571799999962, 35.6571419 ] } },
{ "type": "Feature", "properties": { "内容": "Ｏａｓｉｓ　ｃｌｕｂ　千葉御成台【地域密着型通所介護】千葉県千葉市若葉区御成台１－１－１４", "url2": "https://www.kaigokensaku.mhlw.go.jp/12/index.php?action_kouhyou_detail_004_kani=true&JigyosyoCd=1270402595-00&ServiceCd=780&Type=search" }, "geometry": { "type": "Point", "coordinates": [ 140.193303900000046, 35.6258592 ] } },
{ "type": "Feature", "properties": { "内容": "ＧＥＮＫＩ　ＮＥＸＴ　千葉御成台【地域密着型通所介護】千葉県千葉市若葉区御成台３－８－１", "url2": "https://www.kaigokensaku.mhlw.go.jp/12/index.php?action_kouhyou_detail_004_kani=true&JigyosyoCd=1270402306-00&ServiceCd=780&Type=search" }, "geometry": { "type": "Point", "coordinates": [ 140.2001586, 35.633958300000018 ] } },
{ "type": "Feature", "properties": { "内容": "デイサービスわらって【地域密着型通所介護】千葉県千葉市若葉区加曽利町964-21検見川ハイツ1階", "url2": "https://www.kaigokensaku.mhlw.go.jp/12/index.php?action_kouhyou_detail_004_kani=true&JigyosyoCd=1270400938-00&ServiceCd=780&Type=search" }, "geometry": { "type": "Point", "coordinates": [ 140.157983599999966, 35.6123319 ] } },
{ "type": "Feature", "properties": { "内容": "わかば介護予防センター【地域密着型通所介護】小倉台2-1035-27", "url2": "https://www.kaigokensaku.mhlw.go.jp/12/index.php?action_kouhyou_detail_004_kani=true&JigyosyoCd=1290400306-00&ServiceCd=780&Type=search" }, "geometry": { "type": "Point", "coordinates": [ 140.11059130000001, 35.80439 ] } },
{ "type": "Feature", "properties": { "内容": "憩デイサービス若松【地域密着型通所介護】千葉県千葉市若葉区若松町2170-2憩デイサービス若松", "url2": "https://www.kaigokensaku.mhlw.go.jp/12/index.php?action_kouhyou_detail_004_kani=true&JigyosyoCd=1270402090-00&ServiceCd=780&Type=search" }, "geometry": { "type": "Point", "coordinates": [ 140.175789300000019, 35.6353507 ] } },
{ "type": "Feature", "properties": { "内容": "だんらんの家加曽利【地域密着型通所介護】加曽利町1039-2", "url2": "https://www.kaigokensaku.mhlw.go.jp/12/index.php?action_kouhyou_detail_004_kani=true&JigyosyoCd=1270402249-00&ServiceCd=780&Type=search" }, "geometry": { "type": "Point", "coordinates": [ 140.162810600000057, 35.6158052 ] } },
{ "type": "Feature", "properties": { "内容": "いずみ苑　デイサービスセンター【地域密着型通所介護】千葉市若葉区中田町1044―55", "url2": "https://www.kaigokensaku.mhlw.go.jp/12/index.php?action_kouhyou_detail_004_kani=true&JigyosyoCd=1270400136-00&ServiceCd=780&Type=search" }, "geometry": { "type": "Point", "coordinates": [ 140.223795699999982, 35.5937297 ] } },
{ "type": "Feature", "properties": { "内容": "デイサービスセンター　サンライズビラ【地域密着型通所介護】千葉県千葉市若葉区大宮町2107番地", "url2": "https://www.kaigokensaku.mhlw.go.jp/12/index.php?action_kouhyou_detail_004_kani=true&JigyosyoCd=1270400326-00&ServiceCd=780&Type=search" }, "geometry": { "type": "Point", "coordinates": [ 140.182745800000021, 35.5871643 ] } },
{ "type": "Feature", "properties": { "内容": "デイサービスセンター　小倉町いずみ苑【地域密着型通所介護】千葉市若葉区小倉町1325-1", "url2": "https://www.kaigokensaku.mhlw.go.jp/12/index.php?action_kouhyou_detail_004_kani=true&JigyosyoCd=1270401498-00&ServiceCd=780&Type=search" }, "geometry": { "type": "Point", "coordinates": [ 140.185501899999963, 35.6319884 ] } },
{ "type": "Feature", "properties": { "内容": "デイサービスのどか【地域密着型通所介護】中田町492", "url2": "https://www.kaigokensaku.mhlw.go.jp/12/index.php?action_kouhyou_detail_004_kani=true&JigyosyoCd=1270401621-00&ServiceCd=780&Type=search" }, "geometry": { "type": "Point", "coordinates": [ 140.232468499999982, 35.6039525 ] } },
{ "type": "Feature", "properties": { "内容": "デイサービスゆらり【地域密着型通所介護】千葉県千葉市若葉区大井戸町629番地", "url2": "https://www.kaigokensaku.mhlw.go.jp/12/index.php?action_kouhyou_detail_004_kani=true&JigyosyoCd=1270402405-00&ServiceCd=780&Type=search" }, "geometry": { "type": "Point", "coordinates": [ 140.218547599999965, 35.6303164 ] } },
{ "type": "Feature", "properties": { "内容": "一般財団法人柏戸記念財団柏戸デイサービスセンター【地域密着型通所介護】千葉県千葉市若葉区小倉台4-18-3ビバライフ小倉台", "url2": "https://www.kaigokensaku.mhlw.go.jp/12/index.php?action_kouhyou_detail_004_kani=true&JigyosyoCd=1270400631-00&ServiceCd=780&Type=search" }, "geometry": { "type": "Point", "coordinates": [ 140.171207399999957, 35.6282453 ] } },
{ "type": "Feature", "properties": { "内容": "健康応援団都賀【地域密着型通所介護】千葉県千葉市若葉区都賀4-8-18ショーエム都賀101", "url2": "https://www.kaigokensaku.mhlw.go.jp/12/index.php?action_kouhyou_detail_004_kani=true&JigyosyoCd=1290400314-00&ServiceCd=780&Type=search" }, "geometry": { "type": "Point", "coordinates": [ 140.153000600000041, 35.634743 ] } },
{ "type": "Feature", "properties": { "内容": "デイサービス楽笑みつわ台2番館【地域密着型通所介護】千葉県千葉市若葉区みつわ台4-16-10", "url2": "https://www.kaigokensaku.mhlw.go.jp/12/index.php?action_kouhyou_detail_004_kani=true&JigyosyoCd=1270403262-00&ServiceCd=780&Type=search" }, "geometry": { "type": "Point", "coordinates": [ 140.134587799999963, 35.6424897 ] } },
{ "type": "Feature", "properties": { "内容": "デイサービス楽笑みつわ台【地域密着型通所介護】千葉県千葉市若葉区みつわ台4-13-5", "url2": "https://www.kaigokensaku.mhlw.go.jp/12/index.php?action_kouhyou_detail_004_kani=true&JigyosyoCd=1270401928-00&ServiceCd=780&Type=search" }, "geometry": { "type": "Point", "coordinates": [ 140.133750400000054, 35.6427889 ] } },
{ "type": "Feature", "properties": { "内容": "ポラリスデイサービスセンター桜木【地域密着型通所介護】千葉県千葉市若葉区桜木4-13-3", "url2": "https://www.kaigokensaku.mhlw.go.jp/12/index.php?action_kouhyou_detail_004_kani=true&JigyosyoCd=1290400199-00&ServiceCd=780&Type=search" }, "geometry": { "type": "Point", "coordinates": [ 140.15533060000007, 35.6244878 ] } },
{ "type": "Feature", "properties": { "内容": "かなでの杜桜木【地域密着型通所介護】千葉市若葉区桜木4-17-39", "url2": "https://www.kaigokensaku.mhlw.go.jp/12/index.php?action_kouhyou_detail_004_kani=true&JigyosyoCd=1290400280-00&ServiceCd=780&Type=search" }, "geometry": { "type": "Point", "coordinates": [ 140.157466500000027, 35.625252141744554 ] } },
{ "type": "Feature", "properties": { "内容": "憩デイサービス大宮台【地域密着型通所介護】千葉県千葉市若葉区大宮台3－24－5", "url2": "https://www.kaigokensaku.mhlw.go.jp/12/index.php?action_kouhyou_detail_004_kani=true&JigyosyoCd=1290400298-00&ServiceCd=780&Type=search" }, "geometry": { "type": "Point", "coordinates": [ 140.178647500000011, 35.5890121 ] } },
{ "type": "Feature", "properties": { "内容": "デイサービスわらって【地域密着型通所介護】千葉県千葉市若葉区加曽利町964番地21検見川ハイツ1階", "url2": "https://www.kaigokensaku.mhlw.go.jp/12/index.php?action_kouhyou_detail_004_kani=true&JigyosyoCd=1290400389-00&ServiceCd=780&Type=search" }, "geometry": { "type": "Point", "coordinates": [ 140.1579678, 35.6123277 ] } },
{ "type": "Feature", "properties": { "内容": "ほっと・すまいる千城台【地域密着型通所介護】千葉県千葉市若葉区千城台南1-2-3", "url2": "https://www.kaigokensaku.mhlw.go.jp/12/index.php?action_kouhyou_detail_004_kani=true&JigyosyoCd=1290400173-00&ServiceCd=780&Type=search" }, "geometry": { "type": "Point", "coordinates": [ 140.190089622090085, 35.620782682039255 ] } },
{ "type": "Feature", "properties": { "内容": "デイサービスのどか高品【地域密着型通所介護】高品町589ルミエール若葉103号", "url2": "https://www.kaigokensaku.mhlw.go.jp/12/index.php?action_kouhyou_detail_004_kani=true&JigyosyoCd=1270402280-00&ServiceCd=780&Type=search" }, "geometry": { "type": "Point", "coordinates": [ 140.134576399999986, 35.623041 ] } },
{ "type": "Feature", "properties": { "内容": "デイサービス・元気庵桜木店【地域密着型通所介護】千葉県千葉市若葉区桜木北３－１８－７４", "url2": "https://www.kaigokensaku.mhlw.go.jp/12/index.php?action_kouhyou_detail_004_kani=true&JigyosyoCd=1290400249-00&ServiceCd=780&Type=search" }, "geometry": { "type": "Point", "coordinates": [ 140.1625659, 35.6366039 ] } },
{ "type": "Feature", "properties": { "内容": "ちば美香苑デイサービスセンター【地域密着型通所介護】千葉県千葉市若葉区佐和町322-88", "url2": "https://www.kaigokensaku.mhlw.go.jp/12/index.php?action_kouhyou_detail_004_kani=true&JigyosyoCd=1270400268-00&ServiceCd=780&Type=search" }, "geometry": { "type": "Point", "coordinates": [ 140.205886299999946, 35.5820231 ] } },
{ "type": "Feature", "properties": { "内容": "石橋接骨院リハビリデイサービス東千葉【地域密着型通所介護】千葉県千葉市若葉区高品町１５８５－２４", "url2": "https://www.kaigokensaku.mhlw.go.jp/12/index.php?action_kouhyou_detail_004_kani=true&JigyosyoCd=1270402439-00&ServiceCd=780&Type=search" }, "geometry": { "type": "Point", "coordinates": [ 140.135223699999983, 35.6213691 ] } },
{ "type": "Feature", "properties": { "内容": "秀眉園デイサービスこゆず【地域密着型通所介護】千城台東2-2-6", "url2": "https://www.kaigokensaku.mhlw.go.jp/12/index.php?action_kouhyou_detail_004_kani=true&JigyosyoCd=1270402140-00&ServiceCd=780&Type=search" }, "geometry": { "type": "Point", "coordinates": [ 140.192398872727523, 35.618004227877776 ] } },
{ "type": "Feature", "properties": { "内容": "エルケアデイサービス若葉【地域密着型通所介護】千葉市若葉区西都賀2丁目20番2号第5フェニックスビル　1階", "url2": "https://www.kaigokensaku.mhlw.go.jp/12/index.php?action_kouhyou_detail_004_kani=true&JigyosyoCd=1270402546-00&ServiceCd=780&Type=search" }, "geometry": { "type": "Point", "coordinates": [ 140.144830700000057, 35.6386563 ] } },
{ "type": "Feature", "properties": { "内容": "デイサービス・元気庵加曽利店【地域密着型通所介護】千葉県千葉市若葉区加曽利町１０４６－９", "url2": "https://www.kaigokensaku.mhlw.go.jp/12/index.php?action_kouhyou_detail_004_kani=true&JigyosyoCd=1290400231-00&ServiceCd=780&Type=search" }, "geometry": { "type": "Point", "coordinates": [ 140.1598325, 35.6141975 ] } },
{ "type": "Feature", "properties": { "内容": "アースサポート若葉【地域密着型通所介護】千葉県千葉市若葉区大宮町3094番地2アースサポートグループホーム若葉", "url2": "https://www.kaigokensaku.mhlw.go.jp/12/index.php?action_kouhyou_detail_004_kani=true&JigyosyoCd=1290400330-00&ServiceCd=780&Type=search" }, "geometry": { "type": "Point", "coordinates": [ 140.1822219, 35.6024442 ] } },
{ "type": "Feature", "properties": { "内容": "早稲田イーライフ若葉【地域密着型通所介護】千葉市若葉区都賀3-22-9ヴィラグレイス102", "url2": "https://www.kaigokensaku.mhlw.go.jp/12/index.php?action_kouhyou_detail_004_kani=true&JigyosyoCd=1290400363-00&ServiceCd=780&Type=search" }, "geometry": { "type": "Point", "coordinates": [ 140.1511104, 35.6344547 ] } },
{ "type": "Feature", "properties": { "内容": "介護予防運動デイサービスＫＡＧＡＹＡＫＩみつわ台店【地域密着型通所介護】千葉県千葉市若葉区みつわ台5－38－6", "url2": "https://www.kaigokensaku.mhlw.go.jp/12/index.php?action_kouhyou_detail_004_kani=true&JigyosyoCd=1270402033-00&ServiceCd=780&Type=search" }, "geometry": { "type": "Point", "coordinates": [ 140.139755599999944, 35.6477435 ] } },
{ "type": "Feature", "properties": { "内容": "デイサービスみどり庭【地域密着型通所介護】千葉県千葉市緑区大膳野町1055-12", "url2": "https://www.kaigokensaku.mhlw.go.jp/12/index.php?action_kouhyou_detail_004_kani=true&JigyosyoCd=1270501503-00&ServiceCd=780&Type=search" }, "geometry": { "type": "Point", "coordinates": [ 140.192199499999987, 35.5443825 ] } },
{ "type": "Feature", "properties": { "内容": "デイサービスくりきんとん【地域密着型通所介護】千葉県千葉市緑区土気町1311番地33", "url2": "https://www.kaigokensaku.mhlw.go.jp/12/index.php?action_kouhyou_detail_004_kani=true&JigyosyoCd=1270501875-00&ServiceCd=780&Type=search" }, "geometry": { "type": "Point", "coordinates": [ 140.268327399999947, 35.545348 ] } },
{ "type": "Feature", "properties": { "内容": "ご長寿くらぶ千葉・土気ディサービスセンター【地域密着型通所介護】千葉県千葉市緑区高津戸町14-2", "url2": "https://www.kaigokensaku.mhlw.go.jp/12/index.php?action_kouhyou_detail_004_kani=true&JigyosyoCd=1290500113-00&ServiceCd=780&Type=search" }, "geometry": { "type": "Point", "coordinates": [ 140.2628382, 35.53298 ] } },
{ "type": "Feature", "properties": { "内容": "パワーアップステーションひまわり【地域密着型通所介護】あすみが丘３ー１－１９", "url2": "https://www.kaigokensaku.mhlw.go.jp/12/index.php?action_kouhyou_detail_004_kani=true&JigyosyoCd=1270501636-00&ServiceCd=780&Type=search" }, "geometry": { "type": "Point", "coordinates": [ 140.269399900000053, 35.5278834 ] } },
{ "type": "Feature", "properties": { "内容": "デイサービスみどりの里【地域密着型通所介護】千葉県千葉市緑区誉田町2-2-12デイサービスみどりの里", "url2": "https://www.kaigokensaku.mhlw.go.jp/12/index.php?action_kouhyou_detail_004_kani=true&JigyosyoCd=1270501164-00&ServiceCd=780&Type=search" }, "geometry": { "type": "Point", "coordinates": [ 140.2029013, 35.5474547 ] } },
{ "type": "Feature", "properties": { "内容": "デイサービスセンターつくしんぼ【地域密着型通所介護】千葉県千葉市緑区誉田町2-10-13", "url2": "https://www.kaigokensaku.mhlw.go.jp/12/index.php?action_kouhyou_detail_004_kani=true&JigyosyoCd=1270501537-00&ServiceCd=780&Type=search" }, "geometry": { "type": "Point", "coordinates": [ 140.221508, 35.5433046 ] } },
{ "type": "Feature", "properties": { "内容": "デイサービスさんぽ道あすみが丘事業所【地域密着型通所介護】千葉県千葉市緑区あすみが丘5-44-1", "url2": "https://www.kaigokensaku.mhlw.go.jp/12/index.php?action_kouhyou_detail_004_kani=true&JigyosyoCd=1270501347-00&ServiceCd=780&Type=search" }, "geometry": { "type": "Point", "coordinates": [ 140.254144200000042, 35.5253209 ] } },
{ "type": "Feature", "properties": { "内容": "デイサービスおてんとさん【地域密着型通所介護】千葉県千葉市緑区土気町1630-2", "url2": "https://www.kaigokensaku.mhlw.go.jp/12/index.php?action_kouhyou_detail_004_kani=true&JigyosyoCd=1270501800-00&ServiceCd=780&Type=search" }, "geometry": { "type": "Point", "coordinates": [ 140.272089427122495, 35.530741554703859 ] } },
{ "type": "Feature", "properties": { "内容": "デイサービストライおてんとさん【地域密着型通所介護】千葉市緑区土気町1630-2", "url2": "https://www.kaigokensaku.mhlw.go.jp/12/index.php?action_kouhyou_detail_004_kani=true&JigyosyoCd=1290500154-00&ServiceCd=780&Type=search" }, "geometry": { "type": "Point", "coordinates": [ 140.2712794, 35.5311269 ] } },
{ "type": "Feature", "properties": { "内容": "千葉ケア企業組合デイサービスまさご【地域密着型通所介護】千葉県千葉市美浜区真砂1-10-18", "url2": "https://www.kaigokensaku.mhlw.go.jp/12/index.php?action_kouhyou_detail_004_kani=true&JigyosyoCd=1270600636-00&ServiceCd=780&Type=search" }, "geometry": { "type": "Point", "coordinates": [ 140.069298300000014, 35.6354777 ] } },
{ "type": "Feature", "properties": { "内容": "イオンスマイル検見川浜【地域密着型通所介護】千葉県美浜区真砂4-2-6イオンスタイル検見川浜4F", "url2": "https://www.kaigokensaku.mhlw.go.jp/12/index.php?action_kouhyou_detail_004_kani=true&JigyosyoCd=1290600137-00&ServiceCd=780&Type=search" }, "geometry": { "type": "Point", "coordinates": [ 140.059247699999986, 35.6371525 ] } },
{ "type": "Feature", "properties": { "内容": "デイサービスたんぽぽあそびのいえ【地域密着型通所介護】磯辺１－４５－７", "url2": "https://www.kaigokensaku.mhlw.go.jp/12/index.php?action_kouhyou_detail_004_kani=true&JigyosyoCd=1270600651-00&ServiceCd=780&Type=search" }, "geometry": { "type": "Point", "coordinates": [ 140.060687936967923, 35.628835114215576 ] } },
{ "type": "Feature", "properties": { "内容": "だんらんの家高浜【地域密着型通所介護】千葉県千葉市美浜区高浜6-1-6", "url2": "https://www.kaigokensaku.mhlw.go.jp/12/index.php?action_kouhyou_detail_004_kani=true&JigyosyoCd=1270601048-00&ServiceCd=780&Type=search" }, "geometry": { "type": "Point", "coordinates": [ 140.064623799999907, 35.6243872 ] } },
{ "type": "Feature", "properties": { "内容": "リハビリ特化型デイサービス　セカンド【地域密着型通所介護】千葉県銚子市松岸町4-746-1", "url2": "https://www.kaigokensaku.mhlw.go.jp/12/index.php?action_kouhyou_detail_004_kani=true&JigyosyoCd=1290700200-00&ServiceCd=780&Type=search" }, "geometry": { "type": "Point", "coordinates": [ 140.793907921286518, 35.738733123507039 ] } },
{ "type": "Feature", "properties": { "内容": "宅幼老所じっちゃん家【地域密着型通所介護】千葉県銚子市小畑新町8569番地の6", "url2": "https://www.kaigokensaku.mhlw.go.jp/12/index.php?action_kouhyou_detail_004_kani=true&JigyosyoCd=1290700176-00&ServiceCd=780&Type=search" }, "geometry": { "type": "Point", "coordinates": [ 140.863779099999988, 35.7199452 ] } },
{ "type": "Feature", "properties": { "内容": "デイサービスきずな【地域密着型通所介護】千葉県銚子市小浜町2052", "url2": "https://www.kaigokensaku.mhlw.go.jp/12/index.php?action_kouhyou_detail_004_kani=true&JigyosyoCd=1290700309-00&ServiceCd=780&Type=search" }, "geometry": { "type": "Point", "coordinates": [ 140.770182499999976, 35.7159904 ] } },
{ "type": "Feature", "properties": { "内容": "デイサービスセンターさざんか園【地域密着型通所介護】千葉県銚子市新町959番地4", "url2": "https://www.kaigokensaku.mhlw.go.jp/12/index.php?action_kouhyou_detail_004_kani=true&JigyosyoCd=1290700291-00&ServiceCd=780&Type=search" }, "geometry": { "type": "Point", "coordinates": [ 140.7555494, 35.7311361 ] } },
{ "type": "Feature", "properties": { "内容": "みつばデイサービスセンター【地域密着型通所介護】千葉県銚子市豊里台1丁目1044番地の20", "url2": "https://www.kaigokensaku.mhlw.go.jp/12/index.php?action_kouhyou_detail_004_kani=true&JigyosyoCd=1270700873-00&ServiceCd=780&Type=search" }, "geometry": { "type": "Point", "coordinates": [ 140.7082818, 35.7880075 ] } },
{ "type": "Feature", "properties": { "内容": "みきデイサービスセンター【地域密着型通所介護】千葉県銚子市春日町1946-2", "url2": "https://www.kaigokensaku.mhlw.go.jp/12/index.php?action_kouhyou_detail_004_kani=true&JigyosyoCd=1270700345-00&ServiceCd=780&Type=search" }, "geometry": { "type": "Point", "coordinates": [ 140.815408700000035, 35.7198351 ] } },
{ "type": "Feature", "properties": { "内容": "デイサービスセンター　つむぎのオハナ【地域密着型通所介護】千葉県銚子市芦崎町516番地3", "url2": "https://www.kaigokensaku.mhlw.go.jp/12/index.php?action_kouhyou_detail_004_kani=true&JigyosyoCd=1290700267-00&ServiceCd=780&Type=search" }, "geometry": { "type": "Point", "coordinates": [ 140.7703589, 35.7565476 ] } },
{ "type": "Feature", "properties": { "内容": "デイサービスきずな～希望～【地域密着型通所介護】千葉県銚子市小畑新町８４３０－２", "url2": "https://www.kaigokensaku.mhlw.go.jp/12/index.php?action_kouhyou_detail_004_kani=true&JigyosyoCd=1270701111-00&ServiceCd=780&Type=search" }, "geometry": { "type": "Point", "coordinates": [ 140.861470899999972, 35.721245 ] } },
{ "type": "Feature", "properties": { "内容": "ハッピーエブリ銚子唐子店【地域密着型通所介護】千葉県銚子市唐子町８番地１０", "url2": "https://www.kaigokensaku.mhlw.go.jp/12/index.php?action_kouhyou_detail_004_kani=true&JigyosyoCd=1290700218-00&ServiceCd=780&Type=search" }, "geometry": { "type": "Point", "coordinates": [ 140.82054, 35.7308168 ] } },
{ "type": "Feature", "properties": { "内容": "にっこりえがお【地域密着型通所介護】千葉県銚子市新生町1丁目45番23", "url2": "https://www.kaigokensaku.mhlw.go.jp/12/index.php?action_kouhyou_detail_004_kani=true&JigyosyoCd=1290700242-00&ServiceCd=780&Type=search" }, "geometry": { "type": "Point", "coordinates": [ 140.8378496, 35.7320723 ] } },
{ "type": "Feature", "properties": { "内容": "ハッピーエブリ銚子2号店【地域密着型通所介護】千葉県銚子市黒生町7343-1", "url2": "https://www.kaigokensaku.mhlw.go.jp/12/index.php?action_kouhyou_detail_004_kani=true&JigyosyoCd=1290700184-00&ServiceCd=780&Type=search" }, "geometry": { "type": "Point", "coordinates": [ 140.864512399999967, 35.7313273 ] } },
{ "type": "Feature", "properties": { "内容": "運動リハビリデイサービスハッピーエブリ銚子店【地域密着型通所介護】千葉県銚子市黒生町7379-5", "url2": "https://www.kaigokensaku.mhlw.go.jp/12/index.php?action_kouhyou_detail_004_kani=true&JigyosyoCd=1290700168-00&ServiceCd=780&Type=search" }, "geometry": { "type": "Point", "coordinates": [ 140.865320699999984, 35.7304108 ] } },
{ "type": "Feature", "properties": { "内容": "ヤックスデイサービスセンター銚子明神【地域密着型通所介護】千葉県銚子市明神町2-265ヤックスドラッグ銚子明神町店内", "url2": "https://www.kaigokensaku.mhlw.go.jp/12/index.php?action_kouhyou_detail_004_kani=true&JigyosyoCd=1270700535-00&ServiceCd=780&Type=search" }, "geometry": { "type": "Point", "coordinates": [ 140.859734900000035, 35.7388931 ] } },
{ "type": "Feature", "properties": { "内容": "いるかくらぶリハビリデイサービス【地域密着型通所介護】千葉県銚子市高神東町561", "url2": "https://www.kaigokensaku.mhlw.go.jp/12/index.php?action_kouhyou_detail_004_kani=true&JigyosyoCd=1270701020-00&ServiceCd=780&Type=search" }, "geometry": { "type": "Point", "coordinates": [ 140.849958, 35.7104599 ] } },
{ "type": "Feature", "properties": { "内容": "デイサービス　ちぇか村【地域密着型通所介護】千葉県市川市行徳駅前1-11-15", "url2": "https://www.kaigokensaku.mhlw.go.jp/12/index.php?action_kouhyou_detail_004_kani=true&JigyosyoCd=1290800422-00&ServiceCd=780&Type=search" }, "geometry": { "type": "Point", "coordinates": [ 139.917120699999941, 35.6818169 ] } },
{ "type": "Feature", "properties": { "内容": "バランスルーム分室【地域密着型通所介護】千葉県市川市市川4-10-25アヴァンス１階", "url2": "https://www.kaigokensaku.mhlw.go.jp/12/index.php?action_kouhyou_detail_004_kani=true&JigyosyoCd=1270805086-00&ServiceCd=780&Type=search" }, "geometry": { "type": "Point", "coordinates": [ 139.902958600000034, 35.7394141 ] } },
{ "type": "Feature", "properties": { "内容": "デイサービス絆【地域密着型通所介護】千葉県市川市北方1-13-9", "url2": "https://www.kaigokensaku.mhlw.go.jp/12/index.php?action_kouhyou_detail_004_kani=true&JigyosyoCd=1270803107-00&ServiceCd=780&Type=search" }, "geometry": { "type": "Point", "coordinates": [ 139.9382898, 35.7227724 ] } },
{ "type": "Feature", "properties": { "内容": "がんば夢茶房【地域密着型通所介護】千葉県市川市八幡3丁目28番23号本八幡イーストビル2階", "url2": "https://www.kaigokensaku.mhlw.go.jp/12/index.php?action_kouhyou_detail_004_kani=true&JigyosyoCd=1290800927-00&ServiceCd=780&Type=search" }, "geometry": { "type": "Point", "coordinates": [ 139.9289733, 35.724853 ] } },
{ "type": "Feature", "properties": { "内容": "あゆみリハビリデイサービス国府台【地域密着型通所介護】千葉県市川市市川3-27-20ライオンズステーションプラザ市川国府台102", "url2": "https://www.kaigokensaku.mhlw.go.jp/12/index.php?action_kouhyou_detail_004_kani=true&JigyosyoCd=1270803313-00&ServiceCd=780&Type=search" }, "geometry": { "type": "Point", "coordinates": [ 139.9027003, 35.7374644 ] } },
{ "type": "Feature", "properties": { "内容": "トレーニングデイサービス林檎館【地域密着型通所介護】千葉県市川市伊勢宿18番地6ユニオンコーポ", "url2": "https://www.kaigokensaku.mhlw.go.jp/12/index.php?action_kouhyou_detail_004_kani=true&JigyosyoCd=1290800562-00&ServiceCd=780&Type=search" }, "geometry": { "type": "Point", "coordinates": [ 139.91616410000006, 35.6864152 ] } },
{ "type": "Feature", "properties": { "内容": "デイサービスクローバー本八幡【地域密着型通所介護】千葉県市川市新田1-6-21若葉ヴィラ101", "url2": "https://www.kaigokensaku.mhlw.go.jp/12/index.php?action_kouhyou_detail_004_kani=true&JigyosyoCd=1270804741-00&ServiceCd=780&Type=search" }, "geometry": { "type": "Point", "coordinates": [ 139.9159866, 35.7277593 ] } },
{ "type": "Feature", "properties": { "内容": "リハビリデイサービスMahalo【地域密着型通所介護】千葉県市川市平田2-4-21", "url2": "https://www.kaigokensaku.mhlw.go.jp/12/index.php?action_kouhyou_detail_004_kani=true&JigyosyoCd=1290800877-00&ServiceCd=780&Type=search" }, "geometry": { "type": "Point", "coordinates": [ 139.9216135, 35.7270575 ] } },
{ "type": "Feature", "properties": { "内容": "チャレンジ国分【地域密着型通所介護】千葉県市川市国分3-22-27チャレンジ国分", "url2": "https://www.kaigokensaku.mhlw.go.jp/12/index.php?action_kouhyou_detail_004_kani=true&JigyosyoCd=1290800646-00&ServiceCd=780&Type=search" }, "geometry": { "type": "Point", "coordinates": [ 139.915596099999988, 35.744647100000016 ] } },
{ "type": "Feature", "properties": { "内容": "リハビリデイサービスnagomi市川北店【地域密着型通所介護】千葉県市川市国分2-21-17", "url2": "https://www.kaigokensaku.mhlw.go.jp/12/index.php?action_kouhyou_detail_004_kani=true&JigyosyoCd=1290800752-00&ServiceCd=780&Type=search" }, "geometry": { "type": "Point", "coordinates": [ 139.9190611, 35.7431996 ] } },
{ "type": "Feature", "properties": { "内容": "ぱすてるデイサービス　東菅野【地域密着型通所介護】千葉県市川市東菅野4-14-4", "url2": "https://www.kaigokensaku.mhlw.go.jp/12/index.php?action_kouhyou_detail_004_kani=true&JigyosyoCd=1270804006-00&ServiceCd=780&Type=search" }, "geometry": { "type": "Point", "coordinates": [ 139.9378714, 35.7324276 ] } },
{ "type": "Feature", "properties": { "内容": "ヒラックス大洲【地域密着型通所介護】千葉県市川市大洲1-3-3", "url2": "https://www.kaigokensaku.mhlw.go.jp/12/index.php?action_kouhyou_detail_004_kani=true&JigyosyoCd=1290800992-00&ServiceCd=780&Type=search" }, "geometry": { "type": "Point", "coordinates": [ 139.9121594, 35.717024400000021 ] } },
{ "type": "Feature", "properties": { "内容": "デイサービス妙典邸【地域密着型通所介護】千葉県市川市妙典4-10-7エスポワール１階", "url2": "https://www.kaigokensaku.mhlw.go.jp/12/index.php?action_kouhyou_detail_004_kani=true&JigyosyoCd=1270804063-00&ServiceCd=780&Type=search" }, "geometry": { "type": "Point", "coordinates": [ 139.929606299999932, 35.6904673 ] } },
{ "type": "Feature", "properties": { "内容": "デイサービステイクオフ【地域密着型通所介護】千葉県市川市大野町2-222エスポワール1階", "url2": "https://www.kaigokensaku.mhlw.go.jp/12/index.php?action_kouhyou_detail_004_kani=true&JigyosyoCd=1290800430-00&ServiceCd=780&Type=search" }, "geometry": { "type": "Point", "coordinates": [ 139.950788699999947, 35.7517768 ] } },
{ "type": "Feature", "properties": { "内容": "ポラリスデイサービスセンター市川大和田【地域密着型通所介護】千葉県市川市大和田2-21-4", "url2": "https://www.kaigokensaku.mhlw.go.jp/12/index.php?action_kouhyou_detail_004_kani=true&JigyosyoCd=1270805078-00&ServiceCd=780&Type=search" }, "geometry": { "type": "Point", "coordinates": [ 139.916348699999958, 35.7117623 ] } },
{ "type": "Feature", "properties": { "内容": "やすらぎデイホームオリーブの木【地域密着型通所介護】千葉県市川市大町102－8", "url2": "https://www.kaigokensaku.mhlw.go.jp/12/index.php?action_kouhyou_detail_004_kani=true&JigyosyoCd=1290800505-00&ServiceCd=780&Type=search" }, "geometry": { "type": "Point", "coordinates": [ 139.959041899999988, 35.7721154 ] } },
{ "type": "Feature", "properties": { "内容": "ケアフルクラブ・ジムフローラ【地域密着型通所介護】千葉県市川市須和田1-1-10", "url2": "https://www.kaigokensaku.mhlw.go.jp/12/index.php?action_kouhyou_detail_004_kani=true&JigyosyoCd=1270804030-00&ServiceCd=780&Type=search" }, "geometry": { "type": "Point", "coordinates": [ 139.916969, 35.7359646 ] } },
{ "type": "Feature", "properties": { "内容": "トータルリハセンター市川大野【地域密着型通所介護】千葉県市川市南大野2-2-421階", "url2": "https://www.kaigokensaku.mhlw.go.jp/12/index.php?action_kouhyou_detail_004_kani=true&JigyosyoCd=1270804477-00&ServiceCd=780&Type=search" }, "geometry": { "type": "Point", "coordinates": [ 139.954964799999971, 35.7436301 ] } },
{ "type": "Feature", "properties": { "内容": "フィットネスhope市川【地域密着型通所介護】千葉県市川市市川南1-1-8市川サンハイツ211", "url2": "https://www.kaigokensaku.mhlw.go.jp/12/index.php?action_kouhyou_detail_004_kani=true&JigyosyoCd=1290800950-00&ServiceCd=780&Type=search" }, "geometry": { "type": "Point", "coordinates": [ 139.908898500000021, 35.7277821 ] } },
{ "type": "Feature", "properties": { "内容": "イオンスマイル市川店【地域密着型通所介護】千葉県市川市本北方2-23-5子の神マンション1F", "url2": "https://www.kaigokensaku.mhlw.go.jp/12/index.php?action_kouhyou_detail_004_kani=true&JigyosyoCd=1290800851-00&ServiceCd=780&Type=search" }, "geometry": { "type": "Point", "coordinates": [ 139.945798700000012, 35.7298057 ] } },
{ "type": "Feature", "properties": { "内容": "レコードブック市川駅前【地域密着型通所介護】千葉県市川市市川南3-14-16市川パークハウスB棟１F", "url2": "https://www.kaigokensaku.mhlw.go.jp/12/index.php?action_kouhyou_detail_004_kani=true&JigyosyoCd=1290800786-00&ServiceCd=780&Type=search" }, "geometry": { "type": "Point", "coordinates": [ 139.903741899999972, 35.7299607 ] } },
{ "type": "Feature", "properties": { "内容": "ひばりデイサービス南行徳【地域密着型通所介護】千葉県市川市相之川1-13-20ガーデンテラス南行徳", "url2": "https://www.kaigokensaku.mhlw.go.jp/12/index.php?action_kouhyou_detail_004_kani=true&JigyosyoCd=1270803842-00&ServiceCd=780&Type=search" }, "geometry": { "type": "Point", "coordinates": [ 139.896550100000013, 35.6803529 ] } },
{ "type": "Feature", "properties": { "内容": "ワン　アンド　オンリー【地域密着型通所介護】千葉県市川市曽谷6-4-2", "url2": "https://www.kaigokensaku.mhlw.go.jp/12/index.php?action_kouhyou_detail_004_kani=true&JigyosyoCd=1290800745-00&ServiceCd=780&Type=search" }, "geometry": { "type": "Point", "coordinates": [ 139.9259399, 35.7393238 ] } },
{ "type": "Feature", "properties": { "内容": "ベストステージ南行徳【地域密着型通所介護】千葉県市川市南行徳3-13-8", "url2": "https://www.kaigokensaku.mhlw.go.jp/12/index.php?action_kouhyou_detail_004_kani=true&JigyosyoCd=1270803503-00&ServiceCd=780&Type=search" }, "geometry": { "type": "Point", "coordinates": [ 139.901814100000024, 35.6687209 ] } },
{ "type": "Feature", "properties": { "内容": "ひばりデイサービス市川【地域密着型通所介護】千葉県市川市広尾1-5-17ガーデンテラス市川１階", "url2": "https://www.kaigokensaku.mhlw.go.jp/12/index.php?action_kouhyou_detail_004_kani=true&JigyosyoCd=1270802810-00&ServiceCd=780&Type=search" }, "geometry": { "type": "Point", "coordinates": [ 139.89173214606808, 35.67785403576962 ] } },
{ "type": "Feature", "properties": { "内容": "デイサービスすみれ弐番館【地域密着型通所介護】千葉県市川市中国分２－５－３", "url2": "https://www.kaigokensaku.mhlw.go.jp/12/index.php?action_kouhyou_detail_004_kani=true&JigyosyoCd=1270803677-00&ServiceCd=780&Type=search" }, "geometry": { "type": "Point", "coordinates": [ 139.911734700000011, 35.7486908 ] } },
{ "type": "Feature", "properties": { "内容": "デイサービスすみれ【地域密着型通所介護】千葉県市川市中国分４－１－２０", "url2": "https://www.kaigokensaku.mhlw.go.jp/12/index.php?action_kouhyou_detail_004_kani=true&JigyosyoCd=1290800497-00&ServiceCd=780&Type=search" }, "geometry": { "type": "Point", "coordinates": [ 139.910564, 35.7505043 ] } },
{ "type": "Feature", "properties": { "内容": "だんらんの家市川【地域密着型通所介護】千葉県市川市下貝塚２丁目18番20号", "url2": "https://www.kaigokensaku.mhlw.go.jp/12/index.php?action_kouhyou_detail_004_kani=true&JigyosyoCd=1290800810-00&ServiceCd=780&Type=search" }, "geometry": { "type": "Point", "coordinates": [ 139.9415622, 35.7450255 ] } },
{ "type": "Feature", "properties": { "内容": "トライ行徳【地域密着型通所介護】千葉県市川市行徳駅前1-6-15ル・グラン101", "url2": "https://www.kaigokensaku.mhlw.go.jp/12/index.php?action_kouhyou_detail_004_kani=true&JigyosyoCd=1290800281-00&ServiceCd=780&Type=search" }, "geometry": { "type": "Point", "coordinates": [ 139.917022414120879, 35.684118419360502 ] } },
{ "type": "Feature", "properties": { "内容": "フィットネス笑楽【地域密着型通所介護】千葉県市川市南大野2-4-43戸塚店舗", "url2": "https://www.kaigokensaku.mhlw.go.jp/12/index.php?action_kouhyou_detail_004_kani=true&JigyosyoCd=1290800737-00&ServiceCd=780&Type=search" }, "geometry": { "type": "Point", "coordinates": [ 139.9540635, 35.7432171 ] } },
{ "type": "Feature", "properties": { "内容": "言語デイサービスミカタ市川【地域密着型通所介護】千葉県市川市堀之内3-18-25グリーンマノリアル１階２号", "url2": "https://www.kaigokensaku.mhlw.go.jp/12/index.php?action_kouhyou_detail_004_kani=true&JigyosyoCd=1270802513-00&ServiceCd=780&Type=search" }, "geometry": { "type": "Point", "coordinates": [ 139.9142683, 35.7621718 ] } },
{ "type": "Feature", "properties": { "内容": "あゆみリハビリデイサービス【地域密着型通所介護】千葉県市川市新田2-30-7柿の木ハイツ1F", "url2": "https://www.kaigokensaku.mhlw.go.jp/12/index.php?action_kouhyou_detail_004_kani=true&JigyosyoCd=1270802786-00&ServiceCd=780&Type=search" }, "geometry": { "type": "Point", "coordinates": [ 139.911885, 35.7264794 ] } },
{ "type": "Feature", "properties": { "内容": "あゆみ手児奈【地域密着型通所介護】千葉県市川市市川3-28-5ナガサキヤハビテーション201", "url2": "https://www.kaigokensaku.mhlw.go.jp/12/index.php?action_kouhyou_detail_004_kani=true&JigyosyoCd=1270804683-00&ServiceCd=780&Type=search" }, "geometry": { "type": "Point", "coordinates": [ 139.903121126206401, 35.737440138315826 ] } },
{ "type": "Feature", "properties": { "内容": "だんらんの家　菅野【地域密着型通所介護】千葉県市川市平田2-7-9", "url2": "https://www.kaigokensaku.mhlw.go.jp/12/index.php?action_kouhyou_detail_004_kani=true&JigyosyoCd=1270803222-00&ServiceCd=780&Type=search" }, "geometry": { "type": "Point", "coordinates": [ 139.919894099999965, 35.726558 ] } },
{ "type": "Feature", "properties": { "内容": "だんらんの家　東菅野【地域密着型通所介護】千葉県市川市東菅野1-15-9", "url2": "https://www.kaigokensaku.mhlw.go.jp/12/index.php?action_kouhyou_detail_004_kani=true&JigyosyoCd=1270803792-00&ServiceCd=780&Type=search" }, "geometry": { "type": "Point", "coordinates": [ 139.928682200000026, 35.7283271 ] } },
{ "type": "Feature", "properties": { "内容": "デイサービスセンターくらしさ市川【地域密着型通所介護】千葉県市川市市川4-1-15", "url2": "https://www.kaigokensaku.mhlw.go.jp/12/index.php?action_kouhyou_detail_004_kani=true&JigyosyoCd=1290800828-00&ServiceCd=780&Type=search" }, "geometry": { "type": "Point", "coordinates": [ 139.9055512, 35.738548899999977 ] } },
{ "type": "Feature", "properties": { "内容": "デイサービス国分【地域密着型通所介護】千葉県市川市国分3-5-8", "url2": "https://www.kaigokensaku.mhlw.go.jp/12/index.php?action_kouhyou_detail_004_kani=true&JigyosyoCd=1270801150-00&ServiceCd=780&Type=search" }, "geometry": { "type": "Point", "coordinates": [ 139.912242, 35.7432162 ] } },
{ "type": "Feature", "properties": { "内容": "デイホームあいあい【地域密着型通所介護】千葉県市川市大野町二丁目1875番地35", "url2": "https://www.kaigokensaku.mhlw.go.jp/12/index.php?action_kouhyou_detail_004_kani=true&JigyosyoCd=1270801119-00&ServiceCd=780&Type=search" }, "geometry": { "type": "Point", "coordinates": [ 139.954062499999964, 35.7512961 ] } },
{ "type": "Feature", "properties": { "内容": "デイホームあいあい柏井【地域密着型通所介護】千葉県市川市柏井町3丁目168番地15", "url2": "https://www.kaigokensaku.mhlw.go.jp/12/index.php?action_kouhyou_detail_004_kani=true&JigyosyoCd=1270803230-00&ServiceCd=780&Type=search" }, "geometry": { "type": "Point", "coordinates": [ 139.954062499999964, 35.7512961 ] } },
{ "type": "Feature", "properties": { "内容": "ベストステージ行徳【地域密着型通所介護】千葉県市川市行徳駅前3-8-2", "url2": "https://www.kaigokensaku.mhlw.go.jp/12/index.php?action_kouhyou_detail_004_kani=true&JigyosyoCd=1270802901-00&ServiceCd=780&Type=search" }, "geometry": { "type": "Point", "coordinates": [ 139.91839559999994, 35.6798448 ] } },
{ "type": "Feature", "properties": { "内容": "いつものところReha＆Cafe本八幡【地域密着型通所介護】千葉県市川市八幡3-27-20第二　山本ビル", "url2": "https://www.kaigokensaku.mhlw.go.jp/12/index.php?action_kouhyou_detail_004_kani=true&JigyosyoCd=1290801016-00&ServiceCd=780&Type=search" }, "geometry": { "type": "Point", "coordinates": [ 139.928828900000013, 35.7242022 ] } },
{ "type": "Feature", "properties": { "内容": "ハートフル大町庵【地域密着型通所介護】千葉県市川市大町150番地の6", "url2": "https://www.kaigokensaku.mhlw.go.jp/12/index.php?action_kouhyou_detail_004_kani=true&JigyosyoCd=1290800521-00&ServiceCd=780&Type=search" }, "geometry": { "type": "Point", "coordinates": [ 139.966273099999967, 35.771823200000014 ] } },
{ "type": "Feature", "properties": { "内容": "地域密着型デイサービス　あしびなぁ【地域密着型通所介護】千葉県市川市北方1-14-2エルケア北方ビル　1階", "url2": "https://www.kaigokensaku.mhlw.go.jp/12/index.php?action_kouhyou_detail_004_kani=true&JigyosyoCd=1290800968-00&ServiceCd=780&Type=search" }, "geometry": { "type": "Point", "coordinates": [ 139.9389583, 35.7225653 ] } },
{ "type": "Feature", "properties": { "内容": "栗の木デイサービス【地域密着型通所介護】千葉県市川市若宮3-30-5", "url2": "https://www.kaigokensaku.mhlw.go.jp/12/index.php?action_kouhyou_detail_004_kani=true&JigyosyoCd=1270801879-00&ServiceCd=780&Type=search" }, "geometry": { "type": "Point", "coordinates": [ 139.954043800000022, 35.7264105 ] } },
{ "type": "Feature", "properties": { "内容": "ご長寿くらぶ市川　デイサービスセンター【地域密着型通所介護】千葉県市川市菅野3-11-5", "url2": "https://www.kaigokensaku.mhlw.go.jp/12/index.php?action_kouhyou_detail_004_kani=true&JigyosyoCd=1290800935-00&ServiceCd=780&Type=search" }, "geometry": { "type": "Point", "coordinates": [ 139.920574399999964, 35.731704399999977 ] } },
{ "type": "Feature", "properties": { "内容": "杜のリハデイ・行徳駅前【地域密着型通所介護】千葉県市川市行徳駅前1-13-4小林ビル1F", "url2": "https://www.kaigokensaku.mhlw.go.jp/12/index.php?action_kouhyou_detail_004_kani=true&JigyosyoCd=1290800794-00&ServiceCd=780&Type=search" }, "geometry": { "type": "Point", "coordinates": [ 139.917218953996013, 35.682776869089778 ] } },
{ "type": "Feature", "properties": { "内容": "ベストステージ市川【地域密着型通所介護】千葉県市川市曽谷6-25-7", "url2": "https://www.kaigokensaku.mhlw.go.jp/12/index.php?action_kouhyou_detail_004_kani=true&JigyosyoCd=1270802612-00&ServiceCd=780&Type=search" }, "geometry": { "type": "Point", "coordinates": [ 139.927110312366977, 35.743519724428594 ] } },
{ "type": "Feature", "properties": { "内容": "ベストステージ新田【地域密着型通所介護】千葉県市川市新田3-25-8", "url2": "https://www.kaigokensaku.mhlw.go.jp/12/index.php?action_kouhyou_detail_004_kani=true&JigyosyoCd=1270803248-00&ServiceCd=780&Type=search" }, "geometry": { "type": "Point", "coordinates": [ 139.909897499999943, 35.7238306 ] } },
{ "type": "Feature", "properties": { "内容": "栞の森【地域密着型通所介護】千葉県市川市堀之内3-23-22PEARHILLS堀之内１F", "url2": "https://www.kaigokensaku.mhlw.go.jp/12/index.php?action_kouhyou_detail_004_kani=true&JigyosyoCd=1290800414-00&ServiceCd=780&Type=search" }, "geometry": { "type": "Point", "coordinates": [ 139.91411549999998, 35.7637382 ] } },
{ "type": "Feature", "properties": { "内容": "ケアホーム市川デイサービス絆（きずな）【地域密着型通所介護】千葉県市川市北方1-13-9", "url2": "https://www.kaigokensaku.mhlw.go.jp/12/index.php?action_kouhyou_detail_004_kani=true&JigyosyoCd=1290800984-00&ServiceCd=780&Type=search" }, "geometry": { "type": "Point", "coordinates": [ 139.9382716, 35.7227775 ] } },
{ "type": "Feature", "properties": { "内容": "ポラリスデイサービスセンター本北方【地域密着型通所介護】千葉県市川市本北方２－２７－８", "url2": "https://www.kaigokensaku.mhlw.go.jp/12/index.php?action_kouhyou_detail_004_kani=true&JigyosyoCd=1270803925-00&ServiceCd=780&Type=search" }, "geometry": { "type": "Point", "coordinates": [ 139.945940816008033, 35.731258760695937 ] } },
{ "type": "Feature", "properties": { "内容": "ポピンズ京葉デイサービスいちかわ【地域密着型通所介護】千葉県市川市市川南1-1-1ザ・タワーズイースト212", "url2": "https://www.kaigokensaku.mhlw.go.jp/12/index.php?action_kouhyou_detail_004_kani=true&JigyosyoCd=1270802539-00&ServiceCd=780&Type=search" }, "geometry": { "type": "Point", "coordinates": [ 139.908262199999967, 35.7282827 ] } },
{ "type": "Feature", "properties": { "内容": "東菅野デイサービスセンター【地域密着型通所介護】千葉県市川市東菅野3-21-11", "url2": "https://www.kaigokensaku.mhlw.go.jp/12/index.php?action_kouhyou_detail_004_kani=true&JigyosyoCd=1270801648-00&ServiceCd=780&Type=search" }, "geometry": { "type": "Point", "coordinates": [ 139.932942799999978, 35.7319098 ] } },
{ "type": "Feature", "properties": { "内容": "デイホームアンダンテⅡ【地域密着型通所介護】千葉県市川市中国分5－17－14", "url2": "https://www.kaigokensaku.mhlw.go.jp/12/index.php?action_kouhyou_detail_004_kani=true&JigyosyoCd=1270802364-00&ServiceCd=780&Type=search" }, "geometry": { "type": "Point", "coordinates": [ 139.909818800000039, 35.753973 ] } },
{ "type": "Feature", "properties": { "内容": "親愛の丘市川デイサービス【地域密着型通所介護】千葉県市川市原木4-10-20", "url2": "https://www.kaigokensaku.mhlw.go.jp/12/index.php?action_kouhyou_detail_004_kani=true&JigyosyoCd=1290800489-00&ServiceCd=780&Type=search" }, "geometry": { "type": "Point", "coordinates": [ 139.951211760176761, 35.69843833002318 ] } },
{ "type": "Feature", "properties": { "内容": "リハビリデイサービス花【地域密着型通所介護】千葉県市川市市川4-10-25アヴァンス1F", "url2": "https://www.kaigokensaku.mhlw.go.jp/12/index.php?action_kouhyou_detail_004_kani=true&JigyosyoCd=1290801024-00&ServiceCd=780&Type=search" }, "geometry": { "type": "Point", "coordinates": [ 139.902998599999989, 35.7394809 ] } },
{ "type": "Feature", "properties": { "内容": "デイサービス絆本店【地域密着型通所介護】千葉県市川市柏井町3-173-5", "url2": "https://www.kaigokensaku.mhlw.go.jp/12/index.php?action_kouhyou_detail_004_kani=true&JigyosyoCd=1270804485-00&ServiceCd=780&Type=search" }, "geometry": { "type": "Point", "coordinates": [ 139.965687769977677, 35.752748911717291 ] } },
{ "type": "Feature", "properties": { "内容": "ハートフル北国分【地域密着型通所介護】千葉県市川市堀之内３－２３－１３メルベーユ堀之内２ｂメルベーユ堀之内２ｂ", "url2": "https://www.kaigokensaku.mhlw.go.jp/12/index.php?action_kouhyou_detail_004_kani=true&JigyosyoCd=1270803610-00&ServiceCd=780&Type=search" }, "geometry": { "type": "Point", "coordinates": [ 139.913846599999943, 35.763801 ] } },
{ "type": "Feature", "properties": { "内容": "ハートフル北国分半日【地域密着型通所介護】千葉県市川市堀之内3-23-13メルベーユ堀之内3a", "url2": "https://www.kaigokensaku.mhlw.go.jp/12/index.php?action_kouhyou_detail_004_kani=true&JigyosyoCd=1270804089-00&ServiceCd=780&Type=search" }, "geometry": { "type": "Point", "coordinates": [ 139.913787800000023, 35.7638216 ] } },
{ "type": "Feature", "properties": { "内容": "サンタのおうち【地域密着型通所介護】千葉県市川市市川3丁目27番23号", "url2": "https://www.kaigokensaku.mhlw.go.jp/12/index.php?action_kouhyou_detail_004_kani=true&JigyosyoCd=1290800836-00&ServiceCd=780&Type=search" }, "geometry": { "type": "Point", "coordinates": [ 139.902723899999984, 35.73700370000001 ] } },
{ "type": "Feature", "properties": { "内容": "市川リハビリデイセンターゆずの樹【地域密着型通所介護】千葉県市川市平田２－５－４ジェイワイジャパンビル１階", "url2": "https://www.kaigokensaku.mhlw.go.jp/12/index.php?action_kouhyou_detail_004_kani=true&JigyosyoCd=1290800406-00&ServiceCd=780&Type=search" }, "geometry": { "type": "Point", "coordinates": [ 139.92061476478284, 35.725489665672725 ] } },
{ "type": "Feature", "properties": { "内容": "リハビリデイセンターゆずの樹　稲越店【地域密着型通所介護】千葉県市川市稲越2-9-14ISコート稲庄1階", "url2": "https://www.kaigokensaku.mhlw.go.jp/12/index.php?action_kouhyou_detail_004_kani=true&JigyosyoCd=1290800539-00&ServiceCd=780&Type=search" }, "geometry": { "type": "Point", "coordinates": [ 139.926673700000038, 35.7557257 ] } },
{ "type": "Feature", "properties": { "内容": "リハビリデイセンターゆずの樹　大野店【地域密着型通所介護】千葉県市川市南大野3-20-5", "url2": "https://www.kaigokensaku.mhlw.go.jp/12/index.php?action_kouhyou_detail_004_kani=true&JigyosyoCd=1290800729-00&ServiceCd=780&Type=search" }, "geometry": { "type": "Point", "coordinates": [ 139.9558963, 35.7481933 ] } },
{ "type": "Feature", "properties": { "内容": "社会福祉親愛会　桜楓親愛の丘デイサービス【地域密着型通所介護】千葉県市川市国分７丁目６番１１号", "url2": "https://www.kaigokensaku.mhlw.go.jp/12/index.php?action_kouhyou_detail_004_kani=true&JigyosyoCd=1290800943-00&ServiceCd=780&Type=search" }, "geometry": { "type": "Point", "coordinates": [ 139.9201922, 35.7535033 ] } },
{ "type": "Feature", "properties": { "内容": "デイホームアンダンテ【地域密着型通所介護】千葉県市川市中国分4-10-14", "url2": "https://www.kaigokensaku.mhlw.go.jp/12/index.php?action_kouhyou_detail_004_kani=true&JigyosyoCd=1270801341-00&ServiceCd=780&Type=search" }, "geometry": { "type": "Point", "coordinates": [ 139.90707180000004, 35.7527482 ] } },
{ "type": "Feature", "properties": { "内容": "デイホームアンダンテ北方町【地域密着型通所介護】千葉県市川市北方町4-2341-8", "url2": "https://www.kaigokensaku.mhlw.go.jp/12/index.php?action_kouhyou_detail_004_kani=true&JigyosyoCd=1270804717-00&ServiceCd=780&Type=search" }, "geometry": { "type": "Point", "coordinates": [ 139.951738299999988, 35.7311209 ] } },
{ "type": "Feature", "properties": { "内容": "デイサービス真２【地域密着型通所介護】千葉県市川市下貝塚3-24-14", "url2": "https://www.kaigokensaku.mhlw.go.jp/12/index.php?action_kouhyou_detail_004_kani=true&JigyosyoCd=1270804170-00&ServiceCd=780&Type=search" }, "geometry": { "type": "Point", "coordinates": [ 139.948004700000013, 35.738693 ] } },
{ "type": "Feature", "properties": { "内容": "デイサービス真３【地域密着型通所介護】千葉県市川市中国分5-20-16", "url2": "https://www.kaigokensaku.mhlw.go.jp/12/index.php?action_kouhyou_detail_004_kani=true&JigyosyoCd=1290800299-00&ServiceCd=780&Type=search" }, "geometry": { "type": "Point", "coordinates": [ 139.909403, 35.7550314 ] } },
{ "type": "Feature", "properties": { "内容": "クアンド・リッコM4【地域密着型通所介護】千葉県市川市東菅野3-32-25", "url2": "https://www.kaigokensaku.mhlw.go.jp/12/index.php?action_kouhyou_detail_004_kani=true&JigyosyoCd=1290800372-00&ServiceCd=780&Type=search" }, "geometry": { "type": "Point", "coordinates": [ 139.9330608, 35.7335935 ] } },
{ "type": "Feature", "properties": { "内容": "デイサービスひまわり【地域密着型通所介護】千葉県船橋市三咲8丁目18-9", "url2": "https://www.kaigokensaku.mhlw.go.jp/12/index.php?action_kouhyou_detail_004_kani=true&JigyosyoCd=1270907676-00&ServiceCd=780&Type=search" }, "geometry": { "type": "Point", "coordinates": [ 140.04333429999997, 35.75167 ] } },
{ "type": "Feature", "properties": { "内容": "スマイルデイサービス船橋亭【地域密着型通所介護】千葉県船橋市西船4-7-18", "url2": "https://www.kaigokensaku.mhlw.go.jp/12/index.php?action_kouhyou_detail_004_kani=true&JigyosyoCd=1290900941-00&ServiceCd=780&Type=search" }, "geometry": { "type": "Point", "coordinates": [ 139.961538300000029, 35.7104016 ] } },
{ "type": "Feature", "properties": { "内容": "レコードブック船橋飯山満【地域密着型通所介護】千葉県船橋市飯山満町2-998-11LE-CIELMK1階", "url2": "https://www.kaigokensaku.mhlw.go.jp/12/index.php?action_kouhyou_detail_004_kani=true&JigyosyoCd=1290901535-00&ServiceCd=780&Type=search" }, "geometry": { "type": "Point", "coordinates": [ 140.0220138, 35.7131277 ] } },
{ "type": "Feature", "properties": { "内容": "デイサービス雅庵【地域密着型通所介護】千葉県船橋市咲が丘1-18-3", "url2": "https://www.kaigokensaku.mhlw.go.jp/12/index.php?action_kouhyou_detail_004_kani=true&JigyosyoCd=1290901550-00&ServiceCd=780&Type=search" }, "geometry": { "type": "Point", "coordinates": [ 140.0202793, 35.7613326 ] } },
{ "type": "Feature", "properties": { "内容": "りはステーション三咲【地域密着型通所介護】千葉県船橋市二和東6-43-15", "url2": "https://www.kaigokensaku.mhlw.go.jp/12/index.php?action_kouhyou_detail_004_kani=true&JigyosyoCd=1290901121-00&ServiceCd=780&Type=search" }, "geometry": { "type": "Point", "coordinates": [ 140.0285714, 35.752226100000016 ] } },
{ "type": "Feature", "properties": { "内容": "ぱすてるデイサービス和みの城【地域密着型通所介護】千葉県船橋市松ヶ丘4-18-7", "url2": "https://www.kaigokensaku.mhlw.go.jp/12/index.php?action_kouhyou_detail_004_kani=true&JigyosyoCd=1290901667-00&ServiceCd=780&Type=search" }, "geometry": { "type": "Point", "coordinates": [ 140.0468018, 35.7311213 ] } },
{ "type": "Feature", "properties": { "内容": "らいおんハートリハビリデイサービスおおきな木【地域密着型通所介護】千葉県船橋市七林町436-2", "url2": "https://www.kaigokensaku.mhlw.go.jp/12/index.php?action_kouhyou_detail_004_kani=true&JigyosyoCd=1270903998-00&ServiceCd=780&Type=search" }, "geometry": { "type": "Point", "coordinates": [ 140.037940808598364, 35.713830376862845 ] } },
{ "type": "Feature", "properties": { "内容": "ほっとミルク東船橋【地域密着型通所介護】千葉県船橋市東船橋1-5-4", "url2": "https://www.kaigokensaku.mhlw.go.jp/12/index.php?action_kouhyou_detail_004_kani=true&JigyosyoCd=1290901519-00&ServiceCd=780&Type=search" }, "geometry": { "type": "Point", "coordinates": [ 140.00027510000001, 35.6974737 ] } },
{ "type": "Feature", "properties": { "内容": "デイサービスいろり【地域密着型通所介護】千葉県船橋市三山5-15-6", "url2": "https://www.kaigokensaku.mhlw.go.jp/12/index.php?action_kouhyou_detail_004_kani=true&JigyosyoCd=1290901543-00&ServiceCd=780&Type=search" }, "geometry": { "type": "Point", "coordinates": [ 140.0510985, 35.7044293 ] } },
{ "type": "Feature", "properties": { "内容": "デイサービス御滝庵【地域密着型通所介護】千葉県船橋市咲が丘1-11-17", "url2": "https://www.kaigokensaku.mhlw.go.jp/12/index.php?action_kouhyou_detail_004_kani=true&JigyosyoCd=1270904343-00&ServiceCd=780&Type=search" }, "geometry": { "type": "Point", "coordinates": [ 140.020358042327899, 35.75971951236339 ] } },
{ "type": "Feature", "properties": { "内容": "マザーリーフ習志野台お泊りセンター【地域密着型通所介護】千葉県船橋市習志野台8-12-10", "url2": "https://www.kaigokensaku.mhlw.go.jp/12/index.php?action_kouhyou_detail_004_kani=true&JigyosyoCd=1290900750-00&ServiceCd=780&Type=search" }, "geometry": { "type": "Point", "coordinates": [ 140.060301900000013, 35.7152155 ] } },
{ "type": "Feature", "properties": { "内容": "オレンジＷＡＮ【地域密着型通所介護】千葉県船橋市習志野台4丁目81番9号", "url2": "https://www.kaigokensaku.mhlw.go.jp/12/index.php?action_kouhyou_detail_004_kani=true&JigyosyoCd=1290900818-00&ServiceCd=780&Type=search" }, "geometry": { "type": "Point", "coordinates": [ 140.053399468122905, 35.713064579005959 ] } },
{ "type": "Feature", "properties": { "内容": "やすらぎの森前原【地域密着型通所介護】千葉県船橋市前原西8-24-8", "url2": "https://www.kaigokensaku.mhlw.go.jp/12/index.php?action_kouhyou_detail_004_kani=true&JigyosyoCd=1290901097-00&ServiceCd=780&Type=search" }, "geometry": { "type": "Point", "coordinates": [ 140.0259643, 35.7043273 ] } },
{ "type": "Feature", "properties": { "内容": "マザーリーフ習志野台ハウス【地域密着型通所介護】千葉県船橋市習志野台8-12-10", "url2": "https://www.kaigokensaku.mhlw.go.jp/12/index.php?action_kouhyou_detail_004_kani=true&JigyosyoCd=1290901337-00&ServiceCd=780&Type=search" }, "geometry": { "type": "Point", "coordinates": [ 140.060266399999989, 35.7152155 ] } },
{ "type": "Feature", "properties": { "内容": "セカンドラップ船橋【地域密着型通所介護】千葉県船橋市習志野台1-11-5", "url2": "https://www.kaigokensaku.mhlw.go.jp/12/index.php?action_kouhyou_detail_004_kani=true&JigyosyoCd=1290901188-00&ServiceCd=780&Type=search" }, "geometry": { "type": "Point", "coordinates": [ 140.036513600000035, 35.7280718 ] } },
{ "type": "Feature", "properties": { "内容": "ほっとミルク船橋馬込沢【地域密着型通所介護】千葉県船橋市丸山1-52-9", "url2": "https://www.kaigokensaku.mhlw.go.jp/12/index.php?action_kouhyou_detail_004_kani=true&JigyosyoCd=1290901436-00&ServiceCd=780&Type=search" }, "geometry": { "type": "Point", "coordinates": [ 139.987533, 35.7466977 ] } },
{ "type": "Feature", "properties": { "内容": "ケアサービス船橋デイホーム【地域密着型通所介護】千葉県船橋市滝台1丁目12番37号", "url2": "https://www.kaigokensaku.mhlw.go.jp/12/index.php?action_kouhyou_detail_004_kani=true&JigyosyoCd=1270904350-00&ServiceCd=780&Type=search" }, "geometry": { "type": "Point", "coordinates": [ 140.037268300000051, 35.7079213 ] } },
{ "type": "Feature", "properties": { "内容": "サポートハウスまなび【地域密着型通所介護】千葉県船橋市二和西4-5-14", "url2": "https://www.kaigokensaku.mhlw.go.jp/12/index.php?action_kouhyou_detail_004_kani=true&JigyosyoCd=1290901485-00&ServiceCd=780&Type=search" }, "geometry": { "type": "Point", "coordinates": [ 140.0171121, 35.74791 ] } },
{ "type": "Feature", "properties": { "内容": "マザーリーフ薬円台店【地域密着型通所介護】千葉県船橋市薬円台５－６－１７", "url2": "https://www.kaigokensaku.mhlw.go.jp/12/index.php?action_kouhyou_detail_004_kani=true&JigyosyoCd=1270905183-00&ServiceCd=780&Type=search" }, "geometry": { "type": "Point", "coordinates": [ 140.0385595, 35.7101931 ] } },
{ "type": "Feature", "properties": { "内容": "ぱすてるデイサービス滝不動【地域密着型通所介護】千葉県船橋市大穴南1-30-18", "url2": "https://www.kaigokensaku.mhlw.go.jp/12/index.php?action_kouhyou_detail_004_kani=true&JigyosyoCd=1290900933-00&ServiceCd=780&Type=search" }, "geometry": { "type": "Point", "coordinates": [ 140.031783300000029, 35.7423929 ] } },
{ "type": "Feature", "properties": { "内容": "デイサービスすももの樹【地域密着型通所介護】千葉県船橋市金杉台１－１－５－１０２", "url2": "https://www.kaigokensaku.mhlw.go.jp/12/index.php?action_kouhyou_detail_004_kani=true&JigyosyoCd=1270905035-00&ServiceCd=780&Type=search" }, "geometry": { "type": "Point", "coordinates": [ 140.011733099999987, 35.7349904 ] } },
{ "type": "Feature", "properties": { "内容": "でいさぁーびす桃太郎【地域密着型通所介護】千葉県船橋市夏見２丁目２３番１２グリーンヒル夏見Ｖ", "url2": "https://www.kaigokensaku.mhlw.go.jp/12/index.php?action_kouhyou_detail_004_kani=true&JigyosyoCd=1270905001-00&ServiceCd=780&Type=search" }, "geometry": { "type": "Point", "coordinates": [ 139.989867, 35.7127535 ] } },
{ "type": "Feature", "properties": { "内容": "トータルリハセンター高根台【地域密着型通所介護】千葉県船橋市高根台7-17-5", "url2": "https://www.kaigokensaku.mhlw.go.jp/12/index.php?action_kouhyou_detail_004_kani=true&JigyosyoCd=1270907528-00&ServiceCd=780&Type=search" }, "geometry": { "type": "Point", "coordinates": [ 140.030889554596314, 35.728776507828997 ] } },
{ "type": "Feature", "properties": { "内容": "デイサービス宮本【地域密着型通所介護】千葉県船橋市宮本8-37-4", "url2": "https://www.kaigokensaku.mhlw.go.jp/12/index.php?action_kouhyou_detail_004_kani=true&JigyosyoCd=1270903816-00&ServiceCd=780&Type=search" }, "geometry": { "type": "Point", "coordinates": [ 139.997761399999945, 35.6915727 ] } },
{ "type": "Feature", "properties": { "内容": "デイホームさざんか習志野台【地域密着型通所介護】千葉県船橋市習志野台１－３８－９", "url2": "https://www.kaigokensaku.mhlw.go.jp/12/index.php?action_kouhyou_detail_004_kani=true&JigyosyoCd=1270906926-00&ServiceCd=780&Type=search" }, "geometry": { "type": "Point", "coordinates": [ 140.041383600000017, 35.7242474 ] } },
{ "type": "Feature", "properties": { "内容": "南浜デイサービスセンター【地域密着型通所介護】千葉県船橋市南本町6-2船橋みなみ健康会館2階", "url2": "https://www.kaigokensaku.mhlw.go.jp/12/index.php?action_kouhyou_detail_004_kani=true&JigyosyoCd=1270900804-00&ServiceCd=780&Type=search" }, "geometry": { "type": "Point", "coordinates": [ 139.9791487, 35.6966862 ] } },
{ "type": "Feature", "properties": { "内容": "船橋グリーンてらすデイサービスセンター【地域密着型通所介護】千葉県船橋市古和釜町８７１－２", "url2": "https://www.kaigokensaku.mhlw.go.jp/12/index.php?action_kouhyou_detail_004_kani=true&JigyosyoCd=1290901378-00&ServiceCd=780&Type=search" }, "geometry": { "type": "Point", "coordinates": [ 140.0525155, 35.744077 ] } },
{ "type": "Feature", "properties": { "内容": "おとなの学校船橋本町校【地域密着型通所介護】千葉県船橋市本町6丁目4−20平和ビル１０２", "url2": "https://www.kaigokensaku.mhlw.go.jp/12/index.php?action_kouhyou_detail_004_kani=true&JigyosyoCd=1290901360-00&ServiceCd=780&Type=search" }, "geometry": { "type": "Point", "coordinates": [ 139.986468, 35.704036 ] } },
{ "type": "Feature", "properties": { "内容": "おとなの学校　船橋前原東校【地域密着型通所介護】千葉県船橋市前原東3-9-9ステップワン１階Ａ", "url2": "https://www.kaigokensaku.mhlw.go.jp/12/index.php?action_kouhyou_detail_004_kani=true&JigyosyoCd=1290901410-00&ServiceCd=780&Type=search" }, "geometry": { "type": "Point", "coordinates": [ 140.02665951104504, 35.694260063321885 ] } },
{ "type": "Feature", "properties": { "内容": "ローゼンホーム上山デイサービスセンター【地域密着型通所介護】千葉県船橋市上山町2-286-1", "url2": "https://www.kaigokensaku.mhlw.go.jp/12/index.php?action_kouhyou_detail_004_kani=true&JigyosyoCd=1270907098-00&ServiceCd=780&Type=search" }, "geometry": { "type": "Point", "coordinates": [ 139.9747979, 35.7319651 ] } },
{ "type": "Feature", "properties": { "内容": "通所介護事業所習志野台みゆき苑【地域密着型通所介護】千葉県船橋市習志野台4-46-7", "url2": "https://www.kaigokensaku.mhlw.go.jp/12/index.php?action_kouhyou_detail_004_kani=true&JigyosyoCd=1270907296-00&ServiceCd=780&Type=search" }, "geometry": { "type": "Point", "coordinates": [ 140.046054934007287, 35.71660848276651 ] } },
{ "type": "Feature", "properties": { "内容": "りぼんくらぶ三咲【地域密着型通所介護】千葉県船橋市三咲4-15-7", "url2": "https://www.kaigokensaku.mhlw.go.jp/12/index.php?action_kouhyou_detail_004_kani=true&JigyosyoCd=1290901238-00&ServiceCd=780&Type=search" }, "geometry": { "type": "Point", "coordinates": [ 140.037155500000011, 35.7515056 ] } },
{ "type": "Feature", "properties": { "内容": "リハビリデイサービスおくやま【地域密着型通所介護】千葉県船橋市上山町2-498-19", "url2": "https://www.kaigokensaku.mhlw.go.jp/12/index.php?action_kouhyou_detail_004_kani=true&JigyosyoCd=1270906397-00&ServiceCd=780&Type=search" }, "geometry": { "type": "Point", "coordinates": [ 139.982619699999987, 35.7333038 ] } },
{ "type": "Feature", "properties": { "内容": "デイサービスのぞみ【地域密着型通所介護】千葉県船橋市三咲6-8-7", "url2": "https://www.kaigokensaku.mhlw.go.jp/12/index.php?action_kouhyou_detail_004_kani=true&JigyosyoCd=1270903378-00&ServiceCd=780&Type=search" }, "geometry": { "type": "Point", "coordinates": [ 140.033860799999957, 35.7443899 ] } },
{ "type": "Feature", "properties": { "内容": "すみれの家【地域密着型通所介護】千葉県船橋市高野台4丁目5番34", "url2": "https://www.kaigokensaku.mhlw.go.jp/12/index.php?action_kouhyou_detail_004_kani=true&JigyosyoCd=1270906751-00&ServiceCd=780&Type=search" }, "geometry": { "type": "Point", "coordinates": [ 140.029298599999947, 35.7667047 ] } },
{ "type": "Feature", "properties": { "内容": "社会参加有償ボランティア付高齢者フィットネスデイサービスひより【地域密着型通所介護】千葉県船橋市上山町3-555-37社会参加有償ボランティア付高齢者フィットネスデイサービスひより", "url2": "https://www.kaigokensaku.mhlw.go.jp/12/index.php?action_kouhyou_detail_004_kani=true&JigyosyoCd=1290901295-00&ServiceCd=780&Type=search" }, "geometry": { "type": "Point", "coordinates": [ 139.9852784, 35.7369733 ] } },
{ "type": "Feature", "properties": { "内容": "デイサービスなつみ【地域密着型通所介護】千葉県船橋市夏見台2-4-15", "url2": "https://www.kaigokensaku.mhlw.go.jp/12/index.php?action_kouhyou_detail_004_kani=true&JigyosyoCd=1270901505-00&ServiceCd=780&Type=search" }, "geometry": { "type": "Point", "coordinates": [ 139.991057753925986, 35.721533407024637 ] } },
{ "type": "Feature", "properties": { "内容": "デイサービス虹の家【地域密着型通所介護】千葉県船橋市高根台6-9-8", "url2": "https://www.kaigokensaku.mhlw.go.jp/12/index.php?action_kouhyou_detail_004_kani=true&JigyosyoCd=1290901253-00&ServiceCd=780&Type=search" }, "geometry": { "type": "Point", "coordinates": [ 140.034407600000037, 35.728367300000016 ] } },
{ "type": "Feature", "properties": { "内容": "トータルリハセンター津田沼【地域密着型通所介護】千葉県船橋市前原西3-21-9カーサ・シンフォニア1階", "url2": "https://www.kaigokensaku.mhlw.go.jp/12/index.php?action_kouhyou_detail_004_kani=true&JigyosyoCd=1270907569-00&ServiceCd=780&Type=search" }, "geometry": { "type": "Point", "coordinates": [ 140.023377399999987, 35.696343500000026 ] } },
{ "type": "Feature", "properties": { "内容": "デイサービスはやて【地域密着型通所介護】千葉県船橋市丸山3-15-3", "url2": "https://www.kaigokensaku.mhlw.go.jp/12/index.php?action_kouhyou_detail_004_kani=true&JigyosyoCd=1270906389-00&ServiceCd=780&Type=search" }, "geometry": { "type": "Point", "coordinates": [ 139.990649156794376, 35.751143490931803 ] } },
{ "type": "Feature", "properties": { "内容": "トータルリハセンター下総中山【地域密着型通所介護】千葉県船橋市本中山3-22-22ＡＴビル101", "url2": "https://www.kaigokensaku.mhlw.go.jp/12/index.php?action_kouhyou_detail_004_kani=true&JigyosyoCd=1270907510-00&ServiceCd=780&Type=search" }, "geometry": { "type": "Point", "coordinates": [ 139.942006399999968, 35.7140904 ] } },
{ "type": "Feature", "properties": { "内容": "生活協同組合パルシステム千葉デイサービスにじいろぱる船橋海神【地域密着型通所介護】千葉県船橋市海神6-2-3", "url2": "https://www.kaigokensaku.mhlw.go.jp/12/index.php?action_kouhyou_detail_004_kani=true&JigyosyoCd=1290900925-00&ServiceCd=780&Type=search" }, "geometry": { "type": "Point", "coordinates": [ 139.975095429870862, 35.704321658510239 ] } },
{ "type": "Feature", "properties": { "内容": "リハビリデイサービスnagomi船橋市場店【地域密着型通所介護】千葉県船橋市市場5-16-18京葉ガス船橋ビル1階", "url2": "https://www.kaigokensaku.mhlw.go.jp/12/index.php?action_kouhyou_detail_004_kani=true&JigyosyoCd=1290900891-00&ServiceCd=780&Type=search" }, "geometry": { "type": "Point", "coordinates": [ 140.0030577, 35.7038629 ] } },
{ "type": "Feature", "properties": { "内容": "だんらんの家　薬円台【地域密着型通所介護】千葉県船橋市薬円台3-13-16", "url2": "https://www.kaigokensaku.mhlw.go.jp/12/index.php?action_kouhyou_detail_004_kani=true&JigyosyoCd=1270906090-00&ServiceCd=780&Type=search" }, "geometry": { "type": "Point", "coordinates": [ 140.0481192, 35.7079843 ] } },
{ "type": "Feature", "properties": { "内容": "だんらんの家北習志野【地域密着型通所介護】千葉県船橋市西習志野4－1－3", "url2": "https://www.kaigokensaku.mhlw.go.jp/12/index.php?action_kouhyou_detail_004_kani=true&JigyosyoCd=1290901329-00&ServiceCd=780&Type=search" }, "geometry": { "type": "Point", "coordinates": [ 140.042942399999987, 35.7203184 ] } },
{ "type": "Feature", "properties": { "内容": "おとなの学校船橋大穴北校【地域密着型通所介護】千葉県船橋市大穴北2丁目22-3.7", "url2": "https://www.kaigokensaku.mhlw.go.jp/12/index.php?action_kouhyou_detail_004_kani=true&JigyosyoCd=1290901675-00&ServiceCd=780&Type=search" }, "geometry": { "type": "Point", "coordinates": [ 140.0450788, 35.746191 ] } },
{ "type": "Feature", "properties": { "内容": "デイサービスやまて【地域密着型通所介護】千葉県船橋市丸山5-18-1コーポラスNI103号", "url2": "https://www.kaigokensaku.mhlw.go.jp/12/index.php?action_kouhyou_detail_004_kani=true&JigyosyoCd=1290901345-00&ServiceCd=780&Type=search" }, "geometry": { "type": "Point", "coordinates": [ 139.996658099999962, 35.746146 ] } },
{ "type": "Feature", "properties": { "内容": "船橋笑寿苑デイサービスセンター【地域密着型通所介護】千葉県船橋市大穴北4－25－15船橋笑寿苑", "url2": "https://www.kaigokensaku.mhlw.go.jp/12/index.php?action_kouhyou_detail_004_kani=true&JigyosyoCd=1270900382-00&ServiceCd=780&Type=search" }, "geometry": { "type": "Point", "coordinates": [ 140.047756, 35.7520951 ] } },
{ "type": "Feature", "properties": { "内容": "星の子三山校まなびや【地域密着型通所介護】千葉県船橋市三山5-17-4", "url2": "https://www.kaigokensaku.mhlw.go.jp/12/index.php?action_kouhyou_detail_004_kani=true&JigyosyoCd=1270904947-00&ServiceCd=780&Type=search" }, "geometry": { "type": "Point", "coordinates": [ 140.050936800000045, 35.7027445 ] } },
{ "type": "Feature", "properties": { "内容": "トレーニングデイサービスＷＩＮＳＧＹＭ【地域密着型通所介護】千葉県船橋市金杉台１－１－５－１０２", "url2": "https://www.kaigokensaku.mhlw.go.jp/12/index.php?action_kouhyou_detail_004_kani=true&JigyosyoCd=1290900966-00&ServiceCd=780&Type=search" }, "geometry": { "type": "Point", "coordinates": [ 140.011807800000014, 35.7350121 ] } },
{ "type": "Feature", "properties": { "内容": "元気サポート　にこにこ　船橋湊【地域密着型通所介護】千葉県船橋市湊町1−14−19−1F", "url2": "https://www.kaigokensaku.mhlw.go.jp/12/index.php?action_kouhyou_detail_004_kani=true&JigyosyoCd=1290900982-00&ServiceCd=780&Type=search" }, "geometry": { "type": "Point", "coordinates": [ 139.987182300000029, 35.6923157 ] } },
{ "type": "Feature", "properties": { "内容": "双葉ハート　デイ【地域密着型通所介護】千葉県船橋市本町4-7-17-3階髙橋ビル", "url2": "https://www.kaigokensaku.mhlw.go.jp/12/index.php?action_kouhyou_detail_004_kani=true&JigyosyoCd=1290901147-00&ServiceCd=780&Type=search" }, "geometry": { "type": "Point", "coordinates": [ 139.990800178833382, 35.70105184596747 ] } },
{ "type": "Feature", "properties": { "内容": "船橋梨香園デイサービスセンター【地域密着型通所介護】千葉県船橋市車方町５４１－２", "url2": "https://www.kaigokensaku.mhlw.go.jp/12/index.php?action_kouhyou_detail_004_kani=true&JigyosyoCd=1270900416-00&ServiceCd=780&Type=search" }, "geometry": { "type": "Point", "coordinates": [ 140.0768842, 35.7746081 ] } },
{ "type": "Feature", "properties": { "内容": "デイサービス大穴ゆめ倶楽部【地域密着型通所介護】千葉県船橋市大穴南2－26－18", "url2": "https://www.kaigokensaku.mhlw.go.jp/12/index.php?action_kouhyou_detail_004_kani=true&JigyosyoCd=1270905563-00&ServiceCd=780&Type=search" }, "geometry": { "type": "Point", "coordinates": [ 140.039288100000022, 35.7435317 ] } },
{ "type": "Feature", "properties": { "内容": "デイサービスアシスト【地域密着型通所介護】千葉県船橋市習志野台7-10-181階", "url2": "https://www.kaigokensaku.mhlw.go.jp/12/index.php?action_kouhyou_detail_004_kani=true&JigyosyoCd=1270907130-00&ServiceCd=780&Type=search" }, "geometry": { "type": "Point", "coordinates": [ 140.052329800000052, 35.7258307 ] } },
{ "type": "Feature", "properties": { "内容": "ご長寿くらぶ船橋・南三咲デイサービスセンター【地域密着型通所介護】千葉県船橋市南三咲2-12-5", "url2": "https://www.kaigokensaku.mhlw.go.jp/12/index.php?action_kouhyou_detail_004_kani=true&JigyosyoCd=1290901139-00&ServiceCd=780&Type=search" }, "geometry": { "type": "Point", "coordinates": [ 140.0216014, 35.737812 ] } },
{ "type": "Feature", "properties": { "内容": "こひつじ船橋リハビリデイ【地域密着型通所介護】千葉県船橋市夏見台4-8-10", "url2": "https://www.kaigokensaku.mhlw.go.jp/12/index.php?action_kouhyou_detail_004_kani=true&JigyosyoCd=1290901501-00&ServiceCd=780&Type=search" }, "geometry": { "type": "Point", "coordinates": [ 139.995082943963325, 35.725579563811117 ] } },
{ "type": "Feature", "properties": { "内容": "つかだケアセンター爽やかな風【地域密着型通所介護】千葉県船橋市旭町1-22-27", "url2": "https://www.kaigokensaku.mhlw.go.jp/12/index.php?action_kouhyou_detail_004_kani=true&JigyosyoCd=1270905886-00&ServiceCd=780&Type=search" }, "geometry": { "type": "Point", "coordinates": [ 139.986450200000036, 35.7268102 ] } },
{ "type": "Feature", "properties": { "内容": "デイサービスうみ【地域密着型通所介護】千葉県船橋市松が丘5-44-10", "url2": "https://www.kaigokensaku.mhlw.go.jp/12/index.php?action_kouhyou_detail_004_kani=true&JigyosyoCd=1290901493-00&ServiceCd=780&Type=search" }, "geometry": { "type": "Point", "coordinates": [ 140.053494700000016, 35.7355796 ] } },
{ "type": "Feature", "properties": { "内容": "栗の木リハビリクラブ【地域密着型通所介護】千葉県船橋市本郷町526-1秋元コーポ１Ｆ", "url2": "https://www.kaigokensaku.mhlw.go.jp/12/index.php?action_kouhyou_detail_004_kani=true&JigyosyoCd=1270907163-00&ServiceCd=780&Type=search" }, "geometry": { "type": "Point", "coordinates": [ 139.950661299999979, 35.7092993 ] } },
{ "type": "Feature", "properties": { "内容": "デイサービス・ピースの家【地域密着型通所介護】千葉県船橋市芝山３丁目１０番３号１０３号室", "url2": "https://www.kaigokensaku.mhlw.go.jp/12/index.php?action_kouhyou_detail_004_kani=true&JigyosyoCd=1270905373-00&ServiceCd=780&Type=search" }, "geometry": { "type": "Point", "coordinates": [ 140.019636, 35.7171589 ] } },
{ "type": "Feature", "properties": { "内容": "デイサービス森のめぐみ　大神宮店【地域密着型通所介護】千葉県船橋市宮本6-25-6", "url2": "https://www.kaigokensaku.mhlw.go.jp/12/index.php?action_kouhyou_detail_004_kani=true&JigyosyoCd=1270906702-00&ServiceCd=780&Type=search" }, "geometry": { "type": "Point", "coordinates": [ 139.996497399999953, 35.6981025 ] } },
{ "type": "Feature", "properties": { "内容": "デイサービス森のめぐみ【地域密着型通所介護】千葉県船橋市西船一丁目２２番１７号", "url2": "https://www.kaigokensaku.mhlw.go.jp/12/index.php?action_kouhyou_detail_004_kani=true&JigyosyoCd=1270905787-00&ServiceCd=780&Type=search" }, "geometry": { "type": "Point", "coordinates": [ 139.96407709999994, 35.7064216 ] } },
{ "type": "Feature", "properties": { "内容": "コープみらい高根台デイサービスセンター【地域密着型通所介護】千葉県船橋市高根台1-7-10", "url2": "https://www.kaigokensaku.mhlw.go.jp/12/index.php?action_kouhyou_detail_004_kani=true&JigyosyoCd=1270906124-00&ServiceCd=780&Type=search" }, "geometry": { "type": "Point", "coordinates": [ 140.029345799999987, 35.7306469 ] } },
{ "type": "Feature", "properties": { "内容": "だんらんの家ふなばし市場【地域密着型通所介護】千葉県船橋市市場3-8-6エスペラント船橋１F", "url2": "https://www.kaigokensaku.mhlw.go.jp/12/index.php?action_kouhyou_detail_004_kani=true&JigyosyoCd=1270905142-00&ServiceCd=780&Type=search" }, "geometry": { "type": "Point", "coordinates": [ 139.994838499999986, 35.7031596 ] } },
{ "type": "Feature", "properties": { "内容": "リハビリデイサービスもちの木【地域密着型通所介護】千葉県船橋市飯山満町2丁目931番地", "url2": "https://www.kaigokensaku.mhlw.go.jp/12/index.php?action_kouhyou_detail_004_kani=true&JigyosyoCd=1290901568-00&ServiceCd=780&Type=search" }, "geometry": { "type": "Point", "coordinates": [ 140.023539699999986, 35.7126034 ] } },
{ "type": "Feature", "properties": { "内容": "トータルリハセンター船橋【地域密着型通所介護】千葉県船橋市夏見1-10-30高森ビル101", "url2": "https://www.kaigokensaku.mhlw.go.jp/12/index.php?action_kouhyou_detail_004_kani=true&JigyosyoCd=1270907502-00&ServiceCd=780&Type=search" }, "geometry": { "type": "Point", "coordinates": [ 139.9891589, 35.706654200000017 ] } },
{ "type": "Feature", "properties": { "内容": "レコードブック船橋宮本【地域密着型通所介護】千葉県船橋市宮本2-12-14クリオ船橋伍番館101号室", "url2": "https://www.kaigokensaku.mhlw.go.jp/12/index.php?action_kouhyou_detail_004_kani=true&JigyosyoCd=1290901303-00&ServiceCd=780&Type=search" }, "geometry": { "type": "Point", "coordinates": [ 139.9900184, 35.6937185 ] } },
{ "type": "Feature", "properties": { "内容": "レコードブック三咲【地域密着型通所介護】千葉県船橋市二和東６－４４－９サニーハイライズⅡ１０１", "url2": "https://www.kaigokensaku.mhlw.go.jp/12/index.php?action_kouhyou_detail_004_kani=true&JigyosyoCd=1290901006-00&ServiceCd=780&Type=search" }, "geometry": { "type": "Point", "coordinates": [ 140.028432699999939, 35.7514976 ] } },
{ "type": "Feature", "properties": { "内容": "ポピンズ京葉デイサービスなかやま【地域密着型通所介護】千葉県船橋市本中山4-8-6", "url2": "https://www.kaigokensaku.mhlw.go.jp/12/index.php?action_kouhyou_detail_004_kani=true&JigyosyoCd=1270902263-00&ServiceCd=780&Type=search" }, "geometry": { "type": "Point", "coordinates": [ 139.942066959524482, 35.709377611686691 ] } },
{ "type": "Feature", "properties": { "内容": "ご長寿くらぶ船橋二和西デイサービスセンター【地域密着型通所介護】千葉県船橋市二和西4-22-15", "url2": "https://www.kaigokensaku.mhlw.go.jp/12/index.php?action_kouhyou_detail_004_kani=true&JigyosyoCd=1290901287-00&ServiceCd=780&Type=search" }, "geometry": { "type": "Point", "coordinates": [ 140.016309400000011, 35.7500315 ] } },
{ "type": "Feature", "properties": { "内容": "だんらんの家　大穴北【地域密着型通所介護】千葉県船橋市大穴北８－１１－１０", "url2": "https://www.kaigokensaku.mhlw.go.jp/12/index.php?action_kouhyou_detail_004_kani=true&JigyosyoCd=1290901618-00&ServiceCd=780&Type=search" }, "geometry": { "type": "Point", "coordinates": [ 140.0449271, 35.743337 ] } },
{ "type": "Feature", "properties": { "内容": "ファミリアデイサービスセンター【地域密着型通所介護】千葉県船橋市前貝塚町1008番地1", "url2": "https://www.kaigokensaku.mhlw.go.jp/12/index.php?action_kouhyou_detail_004_kani=true&JigyosyoCd=1270906496-00&ServiceCd=780&Type=search" }, "geometry": { "type": "Point", "coordinates": [ 139.982053299999961, 35.723968900000017 ] } },
{ "type": "Feature", "properties": { "内容": "りはステーション西習志野【地域密着型通所介護】千葉県船橋市西習志野１－１６－１９Aスマート、A号", "url2": "https://www.kaigokensaku.mhlw.go.jp/12/index.php?action_kouhyou_detail_004_kani=true&JigyosyoCd=1290900743-00&ServiceCd=780&Type=search" }, "geometry": { "type": "Point", "coordinates": [ 140.03173449999997, 35.7246584 ] } },
{ "type": "Feature", "properties": { "内容": "りはステーションきたなら【地域密着型通所介護】千葉県船橋市高根台4-22-7", "url2": "https://www.kaigokensaku.mhlw.go.jp/12/index.php?action_kouhyou_detail_004_kani=true&JigyosyoCd=1290901428-00&ServiceCd=780&Type=search" }, "geometry": { "type": "Point", "coordinates": [ 140.039763, 35.7291469 ] } },
{ "type": "Feature", "properties": { "内容": "医療法人社団健恒会東海神デイサービス【地域密着型通所介護】千葉県船橋市本町7-22-21", "url2": "https://www.kaigokensaku.mhlw.go.jp/12/index.php?action_kouhyou_detail_004_kani=true&JigyosyoCd=1270904616-00&ServiceCd=780&Type=search" }, "geometry": { "type": "Point", "coordinates": [ 139.982178800000042, 35.7055768 ] } },
{ "type": "Feature", "properties": { "内容": "二和さくらの郷Ⅱデイサービスセンター【地域密着型通所介護】千葉県船橋市二和西4-6-1", "url2": "https://www.kaigokensaku.mhlw.go.jp/12/index.php?action_kouhyou_detail_004_kani=true&JigyosyoCd=1290901576-00&ServiceCd=780&Type=search" }, "geometry": { "type": "Point", "coordinates": [ 140.017535211639427, 35.746933704164434 ] } },
{ "type": "Feature", "properties": { "内容": "デイサービス　めだか【地域密着型通所介護】千葉県船橋市松が丘3-64-22", "url2": "https://www.kaigokensaku.mhlw.go.jp/12/index.php?action_kouhyou_detail_004_kani=true&JigyosyoCd=1270904988-00&ServiceCd=780&Type=search" }, "geometry": { "type": "Point", "coordinates": [ 140.051278940614367, 35.738592110801008 ] } },
{ "type": "Feature", "properties": { "内容": "あったかホーム八木が谷【地域密着型通所介護】千葉県船橋市八木が谷2-32-3", "url2": "https://www.kaigokensaku.mhlw.go.jp/12/index.php?action_kouhyou_detail_004_kani=true&JigyosyoCd=1270905605-00&ServiceCd=780&Type=search" }, "geometry": { "type": "Point", "coordinates": [ 140.0314779, 35.7619557 ] } },
{ "type": "Feature", "properties": { "内容": "フレ・ソワン　シュシュ　まるやま【地域密着型通所介護】千葉県船橋市丸山３丁目7番6号", "url2": "https://www.kaigokensaku.mhlw.go.jp/12/index.php?action_kouhyou_detail_004_kani=true&JigyosyoCd=1290900883-00&ServiceCd=780&Type=search" }, "geometry": { "type": "Point", "coordinates": [ 139.992147147999503, 35.749211304567751 ] } },
{ "type": "Feature", "properties": { "内容": "アルファライフサポート　馬込店【地域密着型通所介護】千葉県船橋市馬込西1-3-1エレガンスビル1F", "url2": "https://www.kaigokensaku.mhlw.go.jp/12/index.php?action_kouhyou_detail_004_kani=true&JigyosyoCd=1290901402-00&ServiceCd=780&Type=search" }, "geometry": { "type": "Point", "coordinates": [ 139.993725199999972, 35.7413515 ] } },
{ "type": "Feature", "properties": { "内容": "イオンスマイル館山店【地域密着型通所介護】千葉県館山市八幡545-1イオンタウン館山　本館1F　ノースモール", "url2": "https://www.kaigokensaku.mhlw.go.jp/12/index.php?action_kouhyou_detail_004_kani=true&JigyosyoCd=1291000303-00&ServiceCd=780&Type=search" }, "geometry": { "type": "Point", "coordinates": [ 139.86172733928683, 35.008391319375285 ] } },
{ "type": "Feature", "properties": { "内容": "デイサービスたんぽぽの会【地域密着型通所介護】千葉県館山市下真倉２７９－１", "url2": "https://www.kaigokensaku.mhlw.go.jp/12/index.php?action_kouhyou_detail_004_kani=true&JigyosyoCd=1271001024-00&ServiceCd=780&Type=search" }, "geometry": { "type": "Point", "coordinates": [ 139.871690199999989, 34.9809275 ] } },
{ "type": "Feature", "properties": { "内容": "デイサービスこはる日和【地域密着型通所介護】千葉県館山市船形297-15", "url2": "https://www.kaigokensaku.mhlw.go.jp/12/index.php?action_kouhyou_detail_004_kani=true&JigyosyoCd=1291000261-00&ServiceCd=780&Type=search" }, "geometry": { "type": "Point", "coordinates": [ 139.850809680812063, 35.02632757163083 ] } },
{ "type": "Feature", "properties": { "内容": "デイサービス　ゆるりら【地域密着型通所介護】千葉県館山市長須賀214-6", "url2": "https://www.kaigokensaku.mhlw.go.jp/12/index.php?action_kouhyou_detail_004_kani=true&JigyosyoCd=1291000295-00&ServiceCd=780&Type=search" }, "geometry": { "type": "Point", "coordinates": [ 139.862710203533851, 34.984562796425379 ] } },
{ "type": "Feature", "properties": { "内容": "デイサービスももの木【地域密着型通所介護】千葉県館山市長須賀236-19", "url2": "https://www.kaigokensaku.mhlw.go.jp/12/index.php?action_kouhyou_detail_004_kani=true&JigyosyoCd=1271001040-00&ServiceCd=780&Type=search" }, "geometry": { "type": "Point", "coordinates": [ 139.8633059, 34.984768100000011 ] } },
{ "type": "Feature", "properties": { "内容": "デイサービスなないろ【地域密着型通所介護】千葉県館山市長須賀214-9", "url2": "https://www.kaigokensaku.mhlw.go.jp/12/index.php?action_kouhyou_detail_004_kani=true&JigyosyoCd=1291000287-00&ServiceCd=780&Type=search" }, "geometry": { "type": "Point", "coordinates": [ 139.870044, 34.9965461 ] } },
{ "type": "Feature", "properties": { "内容": "デイサービスセンター雲母【地域密着型通所介護】千葉県館山市正木４６１４－１３", "url2": "https://www.kaigokensaku.mhlw.go.jp/12/index.php?action_kouhyou_detail_004_kani=true&JigyosyoCd=1271000679-00&ServiceCd=780&Type=search" }, "geometry": { "type": "Point", "coordinates": [ 139.873775300000034, 35.0279681 ] } },
{ "type": "Feature", "properties": { "内容": "リハビリサロン憩【地域密着型通所介護】千葉県館山市二子３番地1", "url2": "https://www.kaigokensaku.mhlw.go.jp/12/index.php?action_kouhyou_detail_004_kani=true&JigyosyoCd=1291000253-00&ServiceCd=780&Type=search" }, "geometry": { "type": "Point", "coordinates": [ 139.9116774, 34.996402 ] } },
{ "type": "Feature", "properties": { "内容": "通所介護事業所　センターキュア【地域密着型通所介護】千葉県館山市亀ヶ原751‐1", "url2": "https://www.kaigokensaku.mhlw.go.jp/12/index.php?action_kouhyou_detail_004_kani=true&JigyosyoCd=1271000786-00&ServiceCd=780&Type=search" }, "geometry": { "type": "Point", "coordinates": [ 139.879632967797875, 35.022402075993185 ] } },
{ "type": "Feature", "properties": { "内容": "らいくデイサービス【地域密着型通所介護】千葉県館山市那古1075-1", "url2": "https://www.kaigokensaku.mhlw.go.jp/12/index.php?action_kouhyou_detail_004_kani=true&JigyosyoCd=1291000212-00&ServiceCd=780&Type=search" }, "geometry": { "type": "Point", "coordinates": [ 139.8600017, 35.0223825 ] } },
{ "type": "Feature", "properties": { "内容": "駅前デイサービスみのりの家【地域密着型通所介護】千葉県館山市北条2321", "url2": "https://www.kaigokensaku.mhlw.go.jp/12/index.php?action_kouhyou_detail_004_kani=true&JigyosyoCd=1271000935-00&ServiceCd=780&Type=search" }, "geometry": { "type": "Point", "coordinates": [ 139.860543900000039, 34.9989606 ] } },
{ "type": "Feature", "properties": { "内容": "デイサービスセンターふれあいの郷【地域密着型通所介護】千葉県館山市湊373番地", "url2": "https://www.kaigokensaku.mhlw.go.jp/12/index.php?action_kouhyou_detail_004_kani=true&JigyosyoCd=1271000059-00&ServiceCd=780&Type=search" }, "geometry": { "type": "Point", "coordinates": [ 139.866712600000028, 35.0115285 ] } },
{ "type": "Feature", "properties": { "内容": "デイサービス空【地域密着型通所介護】千葉県館山市坂田72番地－１", "url2": "https://www.kaigokensaku.mhlw.go.jp/12/index.php?action_kouhyou_detail_004_kani=true&JigyosyoCd=1271000745-00&ServiceCd=780&Type=search" }, "geometry": { "type": "Point", "coordinates": [ 139.777896700000042, 34.974387700000015 ] } },
{ "type": "Feature", "properties": { "内容": "里山デイサービス悠喜【地域密着型通所介護】千葉県館山市竹原1319-6", "url2": "https://www.kaigokensaku.mhlw.go.jp/12/index.php?action_kouhyou_detail_004_kani=true&JigyosyoCd=1271000950-00&ServiceCd=780&Type=search" }, "geometry": { "type": "Point", "coordinates": [ 139.920090100000039, 35.0118845 ] } },
{ "type": "Feature", "properties": { "内容": "さんさん豊房【地域密着型通所介護】千葉県館山市大戸74-7", "url2": "https://www.kaigokensaku.mhlw.go.jp/12/index.php?action_kouhyou_detail_004_kani=true&JigyosyoCd=1291000204-00&ServiceCd=780&Type=search" }, "geometry": { "type": "Point", "coordinates": [ 139.873242800000071, 34.9732787 ] } },
{ "type": "Feature", "properties": { "内容": "太陽デイサービス燦燦【地域密着型通所介護】千葉県木更津市貝渕1-9-3", "url2": "https://www.kaigokensaku.mhlw.go.jp/12/index.php?action_kouhyou_detail_004_kani=true&JigyosyoCd=1271101006-00&ServiceCd=780&Type=search" }, "geometry": { "type": "Point", "coordinates": [ 139.922504400000037, 35.37579920000001 ] } },
{ "type": "Feature", "properties": { "内容": "デイサービスmokumoku【地域密着型通所介護】千葉県木更津市高柳2100-1", "url2": "https://www.kaigokensaku.mhlw.go.jp/12/index.php?action_kouhyou_detail_004_kani=true&JigyosyoCd=1291100350-00&ServiceCd=780&Type=search" }, "geometry": { "type": "Point", "coordinates": [ 139.9347665, 35.4038125 ] } },
{ "type": "Feature", "properties": { "内容": "デイサービスセンターいわね潮の香園【地域密着型通所介護】千葉県木更津市万石146-1", "url2": "https://www.kaigokensaku.mhlw.go.jp/12/index.php?action_kouhyou_detail_004_kani=true&JigyosyoCd=1271102376-00&ServiceCd=780&Type=search" }, "geometry": { "type": "Point", "coordinates": [ 139.933676399999968, 35.4161018 ] } },
{ "type": "Feature", "properties": { "内容": "通所介護事業所　ミソラ【地域密着型通所介護】千葉県木更津市岩根１－１－１４", "url2": "https://www.kaigokensaku.mhlw.go.jp/12/index.php?action_kouhyou_detail_004_kani=true&JigyosyoCd=1271102020-00&ServiceCd=780&Type=search" }, "geometry": { "type": "Point", "coordinates": [ 139.924923830163607, 35.408807842266043 ] } },
{ "type": "Feature", "properties": { "内容": "デイサービスセンターとう花【地域密着型通所介護】千葉県木更津市八幡台4-965-73", "url2": "https://www.kaigokensaku.mhlw.go.jp/12/index.php?action_kouhyou_detail_004_kani=true&JigyosyoCd=1271101303-00&ServiceCd=780&Type=search" }, "geometry": { "type": "Point", "coordinates": [ 139.949126299999989, 35.3425464 ] } },
{ "type": "Feature", "properties": { "内容": "踊り場かなちゃん【地域密着型通所介護】千葉県木更津市請西806-3", "url2": "https://www.kaigokensaku.mhlw.go.jp/12/index.php?action_kouhyou_detail_004_kani=true&JigyosyoCd=1271101667-00&ServiceCd=780&Type=search" }, "geometry": { "type": "Point", "coordinates": [ 139.939733215413639, 35.372838230637328 ] } },
{ "type": "Feature", "properties": { "内容": "縁側よいしょ【地域密着型通所介護】千葉県袖ケ浦市大鳥居字下峯562", "url2": "https://www.kaigokensaku.mhlw.go.jp/12/index.php?action_kouhyou_detail_004_kani=true&JigyosyoCd=1273400398-00&ServiceCd=780&Type=search" }, "geometry": { "type": "Point", "coordinates": [ 139.9397385, 35.3728059 ] } },
{ "type": "Feature", "properties": { "内容": "井戸端げんき【地域密着型通所介護】千葉県木更津市本郷1-4-23", "url2": "https://www.kaigokensaku.mhlw.go.jp/12/index.php?action_kouhyou_detail_004_kani=true&JigyosyoCd=1271100545-00&ServiceCd=780&Type=search" }, "geometry": { "type": "Point", "coordinates": [ 139.93674, 35.4091697 ] } },
{ "type": "Feature", "properties": { "内容": "ビューティデイ宴【地域密着型通所介護】千葉県木更津市吾妻2-3-5", "url2": "https://www.kaigokensaku.mhlw.go.jp/12/index.php?action_kouhyou_detail_004_kani=true&JigyosyoCd=1291100293-00&ServiceCd=780&Type=search" }, "geometry": { "type": "Point", "coordinates": [ 139.9223201, 35.3910777 ] } },
{ "type": "Feature", "properties": { "内容": "デイサービスマリア【地域密着型通所介護】千葉県木更津市清見台東2-9-2フォルテ木更津", "url2": "https://www.kaigokensaku.mhlw.go.jp/12/index.php?action_kouhyou_detail_004_kani=true&JigyosyoCd=1271101535-00&ServiceCd=780&Type=search" }, "geometry": { "type": "Point", "coordinates": [ 139.953776640475439, 35.383298081035441 ] } },
{ "type": "Feature", "properties": { "内容": "紙風船アクアデイサービス【地域密着型通所介護】千葉県木更津市金田東6丁目47番地23", "url2": "https://www.kaigokensaku.mhlw.go.jp/12/index.php?action_kouhyou_detail_004_kani=true&JigyosyoCd=1291100210-00&ServiceCd=780&Type=search" }, "geometry": { "type": "Point", "coordinates": [ 139.926767401188641, 35.430376032611726 ] } },
{ "type": "Feature", "properties": { "内容": "デイサービス　いちばん星【地域密着型通所介護】千葉県木更津市八幡台３-２１-１", "url2": "https://www.kaigokensaku.mhlw.go.jp/12/index.php?action_kouhyou_detail_004_kani=true&JigyosyoCd=1271101758-00&ServiceCd=780&Type=search" }, "geometry": { "type": "Point", "coordinates": [ 139.95457145648345, 35.344397737441291 ] } },
{ "type": "Feature", "properties": { "内容": "デイサービスセンターきずな【地域密着型通所介護】千葉県木更津市下郡984-2", "url2": "https://www.kaigokensaku.mhlw.go.jp/12/index.php?action_kouhyou_detail_004_kani=true&JigyosyoCd=1271101386-00&ServiceCd=780&Type=search" }, "geometry": { "type": "Point", "coordinates": [ 140.048777800000039, 35.3551174 ] } },
{ "type": "Feature", "properties": { "内容": "デイサービス　いすけ【地域密着型通所介護】千葉県木更津市中島2337-1", "url2": "https://www.kaigokensaku.mhlw.go.jp/12/index.php?action_kouhyou_detail_004_kani=true&JigyosyoCd=1271102251-00&ServiceCd=780&Type=search" }, "geometry": { "type": "Point", "coordinates": [ 139.92215549388311, 35.43669517033544 ] } },
{ "type": "Feature", "properties": { "内容": "小春日和デイサービスセンター【地域密着型通所介護】千葉県木更津市長須賀1,736-1", "url2": "https://www.kaigokensaku.mhlw.go.jp/12/index.php?action_kouhyou_detail_004_kani=true&JigyosyoCd=1271101949-00&ServiceCd=780&Type=search" }, "geometry": { "type": "Point", "coordinates": [ 139.938278399999945, 35.3975713 ] } },
{ "type": "Feature", "properties": { "内容": "リハビリ専門ディサービス　メディカルGym木更津【地域密着型通所介護】千葉県木更津市清見台3－5－17", "url2": "https://www.kaigokensaku.mhlw.go.jp/12/index.php?action_kouhyou_detail_004_kani=true&JigyosyoCd=1271102079-00&ServiceCd=780&Type=search" }, "geometry": { "type": "Point", "coordinates": [ 139.9452857, 35.3797267 ] } },
{ "type": "Feature", "properties": { "内容": "デイサービスオレンジ【地域密着型通所介護】千葉県木更津市矢那3764-1", "url2": "https://www.kaigokensaku.mhlw.go.jp/12/index.php?action_kouhyou_detail_004_kani=true&JigyosyoCd=1271102053-00&ServiceCd=780&Type=search" }, "geometry": { "type": "Point", "coordinates": [ 139.9641895, 35.3564192 ] } },
{ "type": "Feature", "properties": { "内容": "あめやデイサービスセンター【地域密着型通所介護】木更津市桜井新町４－１－１０", "url2": "https://www.kaigokensaku.mhlw.go.jp/12/index.php?action_kouhyou_detail_004_kani=true&JigyosyoCd=1271101725-00&ServiceCd=780&Type=search" }, "geometry": { "type": "Point", "coordinates": [ 139.920572600000014, 35.3659387 ] } },
{ "type": "Feature", "properties": { "内容": "デイサービス笑和の郷【地域密着型通所介護】千葉県木更津市矢那3630-1", "url2": "https://www.kaigokensaku.mhlw.go.jp/12/index.php?action_kouhyou_detail_004_kani=true&JigyosyoCd=1271102145-00&ServiceCd=780&Type=search" }, "geometry": { "type": "Point", "coordinates": [ 139.968465499999979, 35.3525614 ] } },
{ "type": "Feature", "properties": { "内容": "めぐみの家【地域密着型通所介護】千葉県木更津市羽鳥野7-1-3", "url2": "https://www.kaigokensaku.mhlw.go.jp/12/index.php?action_kouhyou_detail_004_kani=true&JigyosyoCd=1271100354-00&ServiceCd=780&Type=search" }, "geometry": { "type": "Point", "coordinates": [ 139.9384427, 35.3495313 ] } },
{ "type": "Feature", "properties": { "内容": "イオンスマイル木更津ほたる野店【地域密着型通所介護】千葉県木更津市ほたる野3-22-2", "url2": "https://www.kaigokensaku.mhlw.go.jp/12/index.php?action_kouhyou_detail_004_kani=true&JigyosyoCd=1291100129-00&ServiceCd=780&Type=search" }, "geometry": { "type": "Point", "coordinates": [ 139.966999786370934, 35.377750285996697 ] } },
{ "type": "Feature", "properties": { "内容": "イオンスマイル木更津桜井店【地域密着型通所介護】千葉県木更津市桜井571つるおか歯科ビル1階", "url2": "https://www.kaigokensaku.mhlw.go.jp/12/index.php?action_kouhyou_detail_004_kani=true&JigyosyoCd=1291100343-00&ServiceCd=780&Type=search" }, "geometry": { "type": "Point", "coordinates": [ 139.9162518, 35.36401840000002 ] } },
{ "type": "Feature", "properties": { "内容": "デイサービスセンター馬来田の太陽【地域密着型通所介護】千葉県木更津市真里谷８８３－１", "url2": "https://www.kaigokensaku.mhlw.go.jp/12/index.php?action_kouhyou_detail_004_kani=true&JigyosyoCd=1271100834-00&ServiceCd=780&Type=search" }, "geometry": { "type": "Point", "coordinates": [ 140.072873, 35.3685299 ] } },
{ "type": "Feature", "properties": { "内容": "老人デイサービスしおかぜ【地域密着型通所介護】千葉県木更津市岩根2-2261-10", "url2": "https://www.kaigokensaku.mhlw.go.jp/12/index.php?action_kouhyou_detail_004_kani=true&JigyosyoCd=1271102269-00&ServiceCd=780&Type=search" }, "geometry": { "type": "Point", "coordinates": [ 139.929437851837179, 35.409156644376417 ] } },
{ "type": "Feature", "properties": { "内容": "デイサ－ビスカムロ－ズ【地域密着型通所介護】千葉県木更津市江川999-5カムローズ", "url2": "https://www.kaigokensaku.mhlw.go.jp/12/index.php?action_kouhyou_detail_004_kani=true&JigyosyoCd=1291100327-00&ServiceCd=780&Type=search" }, "geometry": { "type": "Point", "coordinates": [ 139.917684500000036, 35.4099929 ] } },
{ "type": "Feature", "properties": { "内容": "木更津南デイサービス【地域密着型通所介護】千葉県木更津市桜井793-2", "url2": "https://www.kaigokensaku.mhlw.go.jp/12/index.php?action_kouhyou_detail_004_kani=true&JigyosyoCd=1271101592-00&ServiceCd=780&Type=search" }, "geometry": { "type": "Point", "coordinates": [ 139.919349499999953, 35.3582327 ] } },
{ "type": "Feature", "properties": { "内容": "ヤックスデイサービス木更津江川【地域密着型通所介護】千葉県木更津市江川544-16", "url2": "https://www.kaigokensaku.mhlw.go.jp/12/index.php?action_kouhyou_detail_004_kani=true&JigyosyoCd=1291100319-00&ServiceCd=780&Type=search" }, "geometry": { "type": "Point", "coordinates": [ 139.9218167, 35.405083 ] } },
{ "type": "Feature", "properties": { "内容": "ヤックスデイサービス木更津羽鳥野【地域密着型通所介護】千葉県木更津市羽鳥野6-21-5", "url2": "https://www.kaigokensaku.mhlw.go.jp/12/index.php?action_kouhyou_detail_004_kani=true&JigyosyoCd=1291100376-00&ServiceCd=780&Type=search" }, "geometry": { "type": "Point", "coordinates": [ 139.943192, 35.3447183 ] } },
{ "type": "Feature", "properties": { "内容": "リハビリ専門デイFruli【地域密着型通所介護】千葉県木更津市中央2丁目2-18ヴェルビュ木更津101", "url2": "https://www.kaigokensaku.mhlw.go.jp/12/index.php?action_kouhyou_detail_004_kani=true&JigyosyoCd=1291100384-00&ServiceCd=780&Type=search" }, "geometry": { "type": "Point", "coordinates": [ 139.9216017, 35.3823697 ] } },
{ "type": "Feature", "properties": { "内容": "デイサービス未来サポーターズ倶楽部イースト【地域密着型通所介護】千葉県松戸市金ケ作282-67", "url2": "https://www.kaigokensaku.mhlw.go.jp/12/index.php?action_kouhyou_detail_004_kani=true&JigyosyoCd=1271205153-00&ServiceCd=780&Type=search" }, "geometry": { "type": "Point", "coordinates": [ 139.963779, 35.8068212 ] } },
{ "type": "Feature", "properties": { "内容": "デイサービス六実【地域密着型通所介護】千葉県松戸市六実3-20-12", "url2": "https://www.kaigokensaku.mhlw.go.jp/12/index.php?action_kouhyou_detail_004_kani=true&JigyosyoCd=1271201434-00&ServiceCd=780&Type=search" }, "geometry": { "type": "Point", "coordinates": [ 139.997598299999936, 35.7926457 ] } },
{ "type": "Feature", "properties": { "内容": "デイサービスセンタ－　ことぶき園【地域密着型通所介護】千葉県松戸市上矢切1101番地2", "url2": "https://www.kaigokensaku.mhlw.go.jp/12/index.php?action_kouhyou_detail_004_kani=true&JigyosyoCd=1271200949-00&ServiceCd=780&Type=search" }, "geometry": { "type": "Point", "coordinates": [ 139.890000099999952, 35.7718343 ] } },
{ "type": "Feature", "properties": { "内容": "デイサービスワンケア六実【地域密着型通所介護】六高台5-164-20", "url2": "https://www.kaigokensaku.mhlw.go.jp/12/index.php?action_kouhyou_detail_004_kani=true&JigyosyoCd=1291200812-00&ServiceCd=780&Type=search" }, "geometry": { "type": "Point", "coordinates": [ 139.997189906745916, 35.800285263073086 ] } },
{ "type": "Feature", "properties": { "内容": "デイサービスワンケア常盤平【地域密着型通所介護】常盤平2-21-8", "url2": "https://www.kaigokensaku.mhlw.go.jp/12/index.php?action_kouhyou_detail_004_kani=true&JigyosyoCd=1291200820-00&ServiceCd=780&Type=search" }, "geometry": { "type": "Point", "coordinates": [ 139.948325565641397, 35.801662844857475 ] } },
{ "type": "Feature", "properties": { "内容": "デイサービスかわら塚【地域密着型通所介護】千葉県松戸市河原塚35-9", "url2": "https://www.kaigokensaku.mhlw.go.jp/12/index.php?action_kouhyou_detail_004_kani=true&JigyosyoCd=1271206052-00&ServiceCd=780&Type=search" }, "geometry": { "type": "Point", "coordinates": [ 139.939251499999955, 35.784328 ] } },
{ "type": "Feature", "properties": { "内容": "ケアサポートさくら【地域密着型通所介護】千葉県松戸市金ケ作２２－１－１Ｆルミエール松戸", "url2": "https://www.kaigokensaku.mhlw.go.jp/12/index.php?action_kouhyou_detail_004_kani=true&JigyosyoCd=1271204842-00&ServiceCd=780&Type=search" }, "geometry": { "type": "Point", "coordinates": [ 139.939547699999963, 35.7923825 ] } },
{ "type": "Feature", "properties": { "内容": "松戸地域福祉事業所　デイサービスあじさい【地域密着型通所介護】千葉県松戸市金ケ作203", "url2": "https://www.kaigokensaku.mhlw.go.jp/12/index.php?action_kouhyou_detail_004_kani=true&JigyosyoCd=1271202994-00&ServiceCd=780&Type=search" }, "geometry": { "type": "Point", "coordinates": [ 139.9457473, 35.8088508 ] } },
{ "type": "Feature", "properties": { "内容": "リハビリデイサービス波のり【地域密着型通所介護】千葉県松戸市東松戸2-14-2プレミアス東松戸102", "url2": "https://www.kaigokensaku.mhlw.go.jp/12/index.php?action_kouhyou_detail_004_kani=true&JigyosyoCd=1271206326-00&ServiceCd=780&Type=search" }, "geometry": { "type": "Point", "coordinates": [ 139.947255477042148, 35.770384103675298 ] } },
{ "type": "Feature", "properties": { "内容": "一休【地域密着型通所介護】千葉県松戸市南花島3-59-10", "url2": "https://www.kaigokensaku.mhlw.go.jp/12/index.php?action_kouhyou_detail_004_kani=true&JigyosyoCd=1271201996-00&ServiceCd=780&Type=search" }, "geometry": { "type": "Point", "coordinates": [ 139.912245, 35.7894266 ] } },
{ "type": "Feature", "properties": { "内容": "あやめデイサービスセンター【地域密着型通所介護】千葉県松戸市高塚新田115-77", "url2": "https://www.kaigokensaku.mhlw.go.jp/12/index.php?action_kouhyou_detail_004_kani=true&JigyosyoCd=1271201491-00&ServiceCd=780&Type=search" }, "geometry": { "type": "Point", "coordinates": [ 139.941482899999983, 35.75812 ] } },
{ "type": "Feature", "properties": { "内容": "活きトレ三矢小台【地域密着型通所介護】千葉県松戸市三矢小台２丁目６-５西側２番目", "url2": "https://www.kaigokensaku.mhlw.go.jp/12/index.php?action_kouhyou_detail_004_kani=true&JigyosyoCd=1271206581-00&ServiceCd=780&Type=search" }, "geometry": { "type": "Point", "coordinates": [ 139.901376905224311, 35.764035994741569 ] } },
{ "type": "Feature", "properties": { "内容": "デイサービスグリーン【地域密着型通所介護】千葉県松戸市小金原４－２４－１７", "url2": "https://www.kaigokensaku.mhlw.go.jp/12/index.php?action_kouhyou_detail_004_kani=true&JigyosyoCd=1271204792-00&ServiceCd=780&Type=search" }, "geometry": { "type": "Point", "coordinates": [ 139.9403345, 35.8230042 ] } },
{ "type": "Feature", "properties": { "内容": "デイサービス　ふぉるて【地域密着型通所介護】千葉県松戸市大金平4-275-5", "url2": "https://www.kaigokensaku.mhlw.go.jp/12/index.php?action_kouhyou_detail_004_kani=true&JigyosyoCd=1271206136-00&ServiceCd=780&Type=search" }, "geometry": { "type": "Point", "coordinates": [ 139.917550703179927, 35.838631729100882 ] } },
{ "type": "Feature", "properties": { "内容": "デイサービス桜花の郷矢切の家【地域密着型通所介護】千葉県松戸市下矢切277-6", "url2": "https://www.kaigokensaku.mhlw.go.jp/12/index.php?action_kouhyou_detail_004_kani=true&JigyosyoCd=1271206490-00&ServiceCd=780&Type=search" }, "geometry": { "type": "Point", "coordinates": [ 139.8959056, 35.759275 ] } },
{ "type": "Feature", "properties": { "内容": "ルポゼ東松戸デイサービス【地域密着型通所介護】千葉県松戸市東松戸３－１５－１６", "url2": "https://www.kaigokensaku.mhlw.go.jp/12/index.php?action_kouhyou_detail_004_kani=true&JigyosyoCd=1271206870-00&ServiceCd=780&Type=search" }, "geometry": { "type": "Point", "coordinates": [ 139.940029900000013, 35.770024 ] } },
{ "type": "Feature", "properties": { "内容": "親愛の丘デイサービス【地域密着型通所介護】千葉県松戸市和名ケ谷1258-1", "url2": "https://www.kaigokensaku.mhlw.go.jp/12/index.php?action_kouhyou_detail_004_kani=true&JigyosyoCd=1271207050-00&ServiceCd=780&Type=search" }, "geometry": { "type": "Point", "coordinates": [ 139.92265610000004, 35.7751701 ] } },
{ "type": "Feature", "properties": { "内容": "ふらわーはうす【地域密着型通所介護】千葉県松戸市栄町６－４４３－９", "url2": "https://www.kaigokensaku.mhlw.go.jp/12/index.php?action_kouhyou_detail_004_kani=true&JigyosyoCd=1271202820-00&ServiceCd=780&Type=search" }, "geometry": { "type": "Point", "coordinates": [ 139.906269699999939, 35.8071884 ] } },
{ "type": "Feature", "properties": { "内容": "ふらわーはうす西の家【地域密着型通所介護】千葉県松戸市栄町西3-1004-4", "url2": "https://www.kaigokensaku.mhlw.go.jp/12/index.php?action_kouhyou_detail_004_kani=true&JigyosyoCd=1271204487-00&ServiceCd=780&Type=search" }, "geometry": { "type": "Point", "coordinates": [ 139.9003507, 35.8111796 ] } },
{ "type": "Feature", "properties": { "内容": "デイサービスひろ【地域密着型通所介護】千葉県松戸市三矢小台1丁目2番4号多幸ビル1階", "url2": "https://www.kaigokensaku.mhlw.go.jp/12/index.php?action_kouhyou_detail_004_kani=true&JigyosyoCd=1271205641-00&ServiceCd=780&Type=search" }, "geometry": { "type": "Point", "coordinates": [ 139.9001637, 35.7604804 ] } },
{ "type": "Feature", "properties": { "内容": "グリーン　ウィズ【地域密着型通所介護】千葉県松戸市八ヶ崎8-16-1", "url2": "https://www.kaigokensaku.mhlw.go.jp/12/index.php?action_kouhyou_detail_004_kani=true&JigyosyoCd=1271206334-00&ServiceCd=780&Type=search" }, "geometry": { "type": "Point", "coordinates": [ 139.9283022, 35.8131121 ] } },
{ "type": "Feature", "properties": { "内容": "デイサービスにぶんのいち【地域密着型通所介護】千葉県松戸市稔台1－3－17ニブンノイチビル101", "url2": "https://www.kaigokensaku.mhlw.go.jp/12/index.php?action_kouhyou_detail_004_kani=true&JigyosyoCd=1271205211-00&ServiceCd=780&Type=search" }, "geometry": { "type": "Point", "coordinates": [ 139.93194080185242, 35.789853979004235 ] } },
{ "type": "Feature", "properties": { "内容": "デイサービスみらくる八ヶ崎亭【地域密着型通所介護】千葉県松戸市八ヶ崎７－３４－１６", "url2": "https://www.kaigokensaku.mhlw.go.jp/12/index.php?action_kouhyou_detail_004_kani=true&JigyosyoCd=1271205930-00&ServiceCd=780&Type=search" }, "geometry": { "type": "Point", "coordinates": [ 139.930456432707786, 35.81114554505681 ] } },
{ "type": "Feature", "properties": { "内容": "リハビリステーション　いきいき舎　牧の原【地域密着型通所介護】千葉県松戸市牧の原2-5牧の原団地1-21号棟103", "url2": "https://www.kaigokensaku.mhlw.go.jp/12/index.php?action_kouhyou_detail_004_kani=true&JigyosyoCd=1271206102-00&ServiceCd=780&Type=search" }, "geometry": { "type": "Point", "coordinates": [ 139.956999600000017, 35.7919059 ] } },
{ "type": "Feature", "properties": { "内容": "朝凪メディックケアデイサービス【地域密着型通所介護】千葉県松戸市三矢小台2-10-20有限会社メニーケア", "url2": "https://www.kaigokensaku.mhlw.go.jp/12/index.php?action_kouhyou_detail_004_kani=true&JigyosyoCd=1271206391-00&ServiceCd=780&Type=search" }, "geometry": { "type": "Point", "coordinates": [ 139.899589342327886, 35.76443722833416 ] } },
{ "type": "Feature", "properties": { "内容": "デイサービスわたしん家松戸六高台【地域密着型通所介護】千葉県松戸市六高台4-94-5", "url2": "https://www.kaigokensaku.mhlw.go.jp/12/index.php?action_kouhyou_detail_004_kani=true&JigyosyoCd=1271207308-00&ServiceCd=780&Type=search" }, "geometry": { "type": "Point", "coordinates": [ 139.991795700000011, 35.7985895 ] } },
{ "type": "Feature", "properties": { "内容": "デイサービスセンターひまわりの丘【地域密着型通所介護】千葉県松戸市五香西5‐19‐8", "url2": "https://www.kaigokensaku.mhlw.go.jp/12/index.php?action_kouhyou_detail_004_kani=true&JigyosyoCd=1291200614-00&ServiceCd=780&Type=search" }, "geometry": { "type": "Point", "coordinates": [ 139.95199619999994, 35.7866516 ] } },
{ "type": "Feature", "properties": { "内容": "宅老所・デイサービス　ひぐらしのいえ【地域密着型通所介護】千葉県松戸市八ヶ崎3-60-10", "url2": "https://www.kaigokensaku.mhlw.go.jp/12/index.php?action_kouhyou_detail_004_kani=true&JigyosyoCd=1271201913-00&ServiceCd=780&Type=search" }, "geometry": { "type": "Point", "coordinates": [ 139.933854523236079, 35.813204690734885 ] } },
{ "type": "Feature", "properties": { "内容": "宅老所・デイサービス　となりんち【地域密着型通所介護】千葉県松戸市八ヶ崎3-60-11", "url2": "https://www.kaigokensaku.mhlw.go.jp/12/index.php?action_kouhyou_detail_004_kani=true&JigyosyoCd=1271204313-00&ServiceCd=780&Type=search" }, "geometry": { "type": "Point", "coordinates": [ 139.934126899999967, 35.8105907 ] } },
{ "type": "Feature", "properties": { "内容": "デイサービス　夢子【地域密着型通所介護】千葉県松戸市金ケ作360番地の8", "url2": "https://www.kaigokensaku.mhlw.go.jp/12/index.php?action_kouhyou_detail_004_kani=true&JigyosyoCd=1271204966-00&ServiceCd=780&Type=search" }, "geometry": { "type": "Point", "coordinates": [ 139.9528065, 35.8057462 ] } },
{ "type": "Feature", "properties": { "内容": "デイサービスここね【地域密着型通所介護】千葉県松戸市中金杉2-15-1", "url2": "https://www.kaigokensaku.mhlw.go.jp/12/index.php?action_kouhyou_detail_004_kani=true&JigyosyoCd=1271204875-00&ServiceCd=780&Type=search" }, "geometry": { "type": "Point", "coordinates": [ 139.925861400000031, 35.8404318 ] } },
{ "type": "Feature", "properties": { "内容": "トータルリハセンター北松戸【地域密着型通所介護】千葉県松戸市南花島3-41-18ラ・ベルソレイユ101", "url2": "https://www.kaigokensaku.mhlw.go.jp/12/index.php?action_kouhyou_detail_004_kani=true&JigyosyoCd=1271207233-00&ServiceCd=780&Type=search" }, "geometry": { "type": "Point", "coordinates": [ 139.9112311, 35.791057 ] } },
{ "type": "Feature", "properties": { "内容": "リハビリデイホームいきいき舎北小金【地域密着型通所介護】千葉県松戸市小金３４１－３小金店舗１Ｆ", "url2": "https://www.kaigokensaku.mhlw.go.jp/12/index.php?action_kouhyou_detail_004_kani=true&JigyosyoCd=1271207332-00&ServiceCd=780&Type=search" }, "geometry": { "type": "Point", "coordinates": [ 139.931722778959653, 35.829244335915959 ] } },
{ "type": "Feature", "properties": { "内容": "療養デイ思いやりキッズ【地域密着型通所介護】千葉県松戸市六高台3−77サービス付高齢者向け住宅　サボテン六高台１階", "url2": "https://www.kaigokensaku.mhlw.go.jp/12/index.php?action_kouhyou_detail_004_kani=true&JigyosyoCd=1291200739-00&ServiceCd=780&Type=search" }, "geometry": { "type": "Point", "coordinates": [ 139.9892165, 35.7986423 ] } },
{ "type": "Feature", "properties": { "内容": "デイサービス「だんらんの家」松飛台【地域密着型通所介護】千葉県松戸市串崎南町148-3", "url2": "https://www.kaigokensaku.mhlw.go.jp/12/index.php?action_kouhyou_detail_004_kani=true&JigyosyoCd=1271204933-00&ServiceCd=780&Type=search" }, "geometry": { "type": "Point", "coordinates": [ 139.963560899999948, 35.7759547 ] } },
{ "type": "Feature", "properties": { "内容": "デイサービスさぼてんの花【地域密着型通所介護】千葉県松戸市高柳新田201-32", "url2": "https://www.kaigokensaku.mhlw.go.jp/12/index.php?action_kouhyou_detail_004_kani=true&JigyosyoCd=1271205948-00&ServiceCd=780&Type=search" }, "geometry": { "type": "Point", "coordinates": [ 139.9869096, 35.806833 ] } },
{ "type": "Feature", "properties": { "内容": "リハビリデイサービスnagomi松戸上本郷店【地域密着型通所介護】千葉県松戸市上本郷3381", "url2": "https://www.kaigokensaku.mhlw.go.jp/12/index.php?action_kouhyou_detail_004_kani=true&JigyosyoCd=1271207506-00&ServiceCd=780&Type=search" }, "geometry": { "type": "Point", "coordinates": [ 139.915977600000019, 35.7974229 ] } },
{ "type": "Feature", "properties": { "内容": "デイサービス「だんらんの家」二十世紀が丘【地域密着型通所介護】千葉県松戸市二十世紀が丘丸山町136", "url2": "https://www.kaigokensaku.mhlw.go.jp/12/index.php?action_kouhyou_detail_004_kani=true&JigyosyoCd=1271205088-00&ServiceCd=780&Type=search" }, "geometry": { "type": "Point", "coordinates": [ 139.9100267, 35.7684098 ] } },
{ "type": "Feature", "properties": { "内容": "緒隣シエロ小金原【地域密着型通所介護】千葉県松戸市小金原7-8-7", "url2": "https://www.kaigokensaku.mhlw.go.jp/12/index.php?action_kouhyou_detail_004_kani=true&JigyosyoCd=1271207209-00&ServiceCd=780&Type=search" }, "geometry": { "type": "Point", "coordinates": [ 139.9478044, 35.813052300000017 ] } },
{ "type": "Feature", "properties": { "内容": "デイサービス大金平【地域密着型通所介護】千葉県松戸市大金平5-347", "url2": "https://www.kaigokensaku.mhlw.go.jp/12/index.php?action_kouhyou_detail_004_kani=true&JigyosyoCd=1291200556-00&ServiceCd=780&Type=search" }, "geometry": { "type": "Point", "coordinates": [ 139.919604199999981, 35.8376158 ] } },
{ "type": "Feature", "properties": { "内容": "リハぷらざしんまつど【地域密着型通所介護】千葉県松戸市新松戸3-89-4石井ビル1階", "url2": "https://www.kaigokensaku.mhlw.go.jp/12/index.php?action_kouhyou_detail_004_kani=true&JigyosyoCd=1271205286-00&ServiceCd=780&Type=search" }, "geometry": { "type": "Point", "coordinates": [ 139.914327, 35.8248688 ] } },
{ "type": "Feature", "properties": { "内容": "デイサービスひのみ【地域密着型通所介護】千葉県松戸市六実7-2-3", "url2": "https://www.kaigokensaku.mhlw.go.jp/12/index.php?action_kouhyou_detail_004_kani=true&JigyosyoCd=1271204644-00&ServiceCd=780&Type=search" }, "geometry": { "type": "Point", "coordinates": [ 139.9957734, 35.7946272 ] } },
{ "type": "Feature", "properties": { "内容": "リハビリデイサービスnagomi松戸北小金店【地域密着型通所介護】千葉県松戸市小金清志町3-57-1", "url2": "https://www.kaigokensaku.mhlw.go.jp/12/index.php?action_kouhyou_detail_004_kani=true&JigyosyoCd=1291200564-00&ServiceCd=780&Type=search" }, "geometry": { "type": "Point", "coordinates": [ 139.92701169999998, 35.8288278 ] } },
{ "type": "Feature", "properties": { "内容": "リハビリステーションいきいき舎　松戸新田【地域密着型通所介護】千葉県松戸市松戸新田392-2ユーキマンション1階", "url2": "https://www.kaigokensaku.mhlw.go.jp/12/index.php?action_kouhyou_detail_004_kani=true&JigyosyoCd=1271206268-00&ServiceCd=780&Type=search" }, "geometry": { "type": "Point", "coordinates": [ 139.925652200000059, 35.7915294 ] } },
{ "type": "Feature", "properties": { "内容": "早稲田イーライフ小金原【地域密着型通所介護】千葉県松戸市小金原3-4-4", "url2": "https://www.kaigokensaku.mhlw.go.jp/12/index.php?action_kouhyou_detail_004_kani=true&JigyosyoCd=1271206839-00&ServiceCd=780&Type=search" }, "geometry": { "type": "Point", "coordinates": [ 139.94458, 35.8215658 ] } },
{ "type": "Feature", "properties": { "内容": "デイサービスまばし【地域密着型通所介護】千葉県松戸市馬橋1898コーポ馬橋102", "url2": "https://www.kaigokensaku.mhlw.go.jp/12/index.php?action_kouhyou_detail_004_kani=true&JigyosyoCd=1291200788-00&ServiceCd=780&Type=search" }, "geometry": { "type": "Point", "coordinates": [ 139.9196117, 35.8113786 ] } },
{ "type": "Feature", "properties": { "内容": "楽楽館【地域密着型通所介護】千葉県松戸市新松戸7-536-1ほのぼの館１階", "url2": "https://www.kaigokensaku.mhlw.go.jp/12/index.php?action_kouhyou_detail_004_kani=true&JigyosyoCd=1271202986-00&ServiceCd=780&Type=search" }, "geometry": { "type": "Point", "coordinates": [ 139.9076632, 35.8334769 ] } },
{ "type": "Feature", "properties": { "内容": "アシストケアクラブ楽松戸【地域密着型通所介護】千葉県松戸市常盤平2-24-2常盤平団地中央商店街C-3", "url2": "https://www.kaigokensaku.mhlw.go.jp/12/index.php?action_kouhyou_detail_004_kani=true&JigyosyoCd=1271206128-00&ServiceCd=780&Type=search" }, "geometry": { "type": "Point", "coordinates": [ 139.951503195575697, 35.79924683506367 ] } },
{ "type": "Feature", "properties": { "内容": "ケアステーション明星・稔台【地域密着型通所介護】千葉県松戸市稔台1-12-11", "url2": "https://www.kaigokensaku.mhlw.go.jp/12/index.php?action_kouhyou_detail_004_kani=true&JigyosyoCd=1271206029-00&ServiceCd=780&Type=search" }, "geometry": { "type": "Point", "coordinates": [ 139.93070750000004, 35.7883605 ] } },
{ "type": "Feature", "properties": { "内容": "未来サポーターズ倶楽部【地域密着型通所介護】千葉県松戸市二十世紀が丘美野里町66番地", "url2": "https://www.kaigokensaku.mhlw.go.jp/12/index.php?action_kouhyou_detail_004_kani=true&JigyosyoCd=1271204578-00&ServiceCd=780&Type=search" }, "geometry": { "type": "Point", "coordinates": [ 139.90875159999996, 35.7734063 ] } },
{ "type": "Feature", "properties": { "内容": "健康ぷらす小金城趾【地域密着型通所介護】千葉県松戸市大金平4-248-2", "url2": "https://www.kaigokensaku.mhlw.go.jp/12/index.php?action_kouhyou_detail_004_kani=true&JigyosyoCd=1271206573-00&ServiceCd=780&Type=search" }, "geometry": { "type": "Point", "coordinates": [ 139.917220600000064, 35.836146 ] } },
{ "type": "Feature", "properties": { "内容": "リハビリデイサービスnagomi松戸五香店【地域密着型通所介護】千葉県松戸市常盤平6-28-8", "url2": "https://www.kaigokensaku.mhlw.go.jp/12/index.php?action_kouhyou_detail_004_kani=true&JigyosyoCd=1271207498-00&ServiceCd=780&Type=search" }, "geometry": { "type": "Point", "coordinates": [ 139.957885800000014, 35.7937307 ] } },
{ "type": "Feature", "properties": { "内容": "ご長寿くらぶ松戸八ヶ崎デイサービスセンター【地域密着型通所介護】千葉県松戸市八ヶ崎5-3-1ご長寿くらぶ松戸八ヶ崎", "url2": "https://www.kaigokensaku.mhlw.go.jp/12/index.php?action_kouhyou_detail_004_kani=true&JigyosyoCd=1291200457-00&ServiceCd=780&Type=search" }, "geometry": { "type": "Point", "coordinates": [ 139.933215770804395, 35.809915805260474 ] } },
{ "type": "Feature", "properties": { "内容": "はるのトレーニングセンター【地域密着型通所介護】千葉県松戸市栄町3-154齋喜コーポ102号", "url2": "https://www.kaigokensaku.mhlw.go.jp/12/index.php?action_kouhyou_detail_004_kani=true&JigyosyoCd=1271206706-00&ServiceCd=780&Type=search" }, "geometry": { "type": "Point", "coordinates": [ 139.905262895067295, 35.802969221067016 ] } },
{ "type": "Feature", "properties": { "内容": "むつきの家【地域密着型通所介護】千葉県松戸市五香7-54-15", "url2": "https://www.kaigokensaku.mhlw.go.jp/12/index.php?action_kouhyou_detail_004_kani=true&JigyosyoCd=1271205146-00&ServiceCd=780&Type=search" }, "geometry": { "type": "Point", "coordinates": [ 139.973814400000037, 35.798503 ] } },
{ "type": "Feature", "properties": { "内容": "デイサービス太郎【地域密着型通所介護】千葉県松戸市六高台4-84", "url2": "https://www.kaigokensaku.mhlw.go.jp/12/index.php?action_kouhyou_detail_004_kani=true&JigyosyoCd=1271205187-00&ServiceCd=780&Type=search" }, "geometry": { "type": "Point", "coordinates": [ 139.9926438, 35.7994866 ] } },
{ "type": "Feature", "properties": { "内容": "デイサービス次郎【地域密着型通所介護】千葉県松戸市六高台8-53-2", "url2": "https://www.kaigokensaku.mhlw.go.jp/12/index.php?action_kouhyou_detail_004_kani=true&JigyosyoCd=1271206912-00&ServiceCd=780&Type=search" }, "geometry": { "type": "Point", "coordinates": [ 139.983518700000019, 35.800292 ] } },
{ "type": "Feature", "properties": { "内容": "デイサービスセンター風花【地域密着型通所介護】千葉県松戸市根本４１６－１松戸シティハウス", "url2": "https://www.kaigokensaku.mhlw.go.jp/12/index.php?action_kouhyou_detail_004_kani=true&JigyosyoCd=1271203026-00&ServiceCd=780&Type=search" }, "geometry": { "type": "Point", "coordinates": [ 139.90146249999998, 35.7889545 ] } },
{ "type": "Feature", "properties": { "内容": "ファミリア松戸わらっ亭【地域密着型通所介護】千葉県松戸市六高台8-75-33", "url2": "https://www.kaigokensaku.mhlw.go.jp/12/index.php?action_kouhyou_detail_004_kani=true&JigyosyoCd=1291200747-00&ServiceCd=780&Type=search" }, "geometry": { "type": "Point", "coordinates": [ 139.981500899999986, 35.7995713 ] } },
{ "type": "Feature", "properties": { "内容": "サニーデイサービス小金原【地域密着型通所介護】千葉県松戸市小金原9－9－14", "url2": "https://www.kaigokensaku.mhlw.go.jp/12/index.php?action_kouhyou_detail_004_kani=true&JigyosyoCd=1271206144-00&ServiceCd=780&Type=search" }, "geometry": { "type": "Point", "coordinates": [ 139.945069500000045, 35.8093034 ] } },
{ "type": "Feature", "properties": { "内容": "ミントデイサービス【地域密着型通所介護】千葉県松戸市千駄堀１４８４－２３", "url2": "https://www.kaigokensaku.mhlw.go.jp/12/index.php?action_kouhyou_detail_004_kani=true&JigyosyoCd=1271204305-00&ServiceCd=780&Type=search" }, "geometry": { "type": "Point", "coordinates": [ 139.935268, 35.794224 ] } },
{ "type": "Feature", "properties": { "内容": "楽楽館２号館【地域密着型通所介護】千葉県松戸市新松戸５-２００", "url2": "https://www.kaigokensaku.mhlw.go.jp/12/index.php?action_kouhyou_detail_004_kani=true&JigyosyoCd=1271205278-00&ServiceCd=780&Type=search" }, "geometry": { "type": "Point", "coordinates": [ 139.908922699999948, 35.8303836 ] } },
{ "type": "Feature", "properties": { "内容": "デイサービスホームハピネス【地域密着型通所介護】千葉県野田市木野崎1758-51", "url2": "https://www.kaigokensaku.mhlw.go.jp/12/index.php?action_kouhyou_detail_004_kani=true&JigyosyoCd=1271301630-00&ServiceCd=780&Type=search" }, "geometry": { "type": "Point", "coordinates": [ 139.901478600000019, 35.9470489 ] } },
{ "type": "Feature", "properties": { "内容": "養生塾【地域密着型通所介護】千葉県野田市宮崎209-11", "url2": "https://www.kaigokensaku.mhlw.go.jp/12/index.php?action_kouhyou_detail_004_kani=true&JigyosyoCd=1291300216-00&ServiceCd=780&Type=search" }, "geometry": { "type": "Point", "coordinates": [ 139.8825213, 35.9558004 ] } },
{ "type": "Feature", "properties": { "内容": "デイサービスフォルテシモ【地域密着型通所介護】千葉県野田市五木新町16－15", "url2": "https://www.kaigokensaku.mhlw.go.jp/12/index.php?action_kouhyou_detail_004_kani=true&JigyosyoCd=1271301788-00&ServiceCd=780&Type=search" }, "geometry": { "type": "Point", "coordinates": [ 139.843671099999938, 35.9731365 ] } },
{ "type": "Feature", "properties": { "内容": "敬愛【地域密着型通所介護】千葉県野田市岩名４０９－７", "url2": "https://www.kaigokensaku.mhlw.go.jp/12/index.php?action_kouhyou_detail_004_kani=true&JigyosyoCd=1271300889-00&ServiceCd=780&Type=search" }, "geometry": { "type": "Point", "coordinates": [ 139.844324300000039, 35.9569332 ] } },
{ "type": "Feature", "properties": { "内容": "デイサービスけやき【地域密着型通所介護】千葉県野田市山崎1448-7", "url2": "https://www.kaigokensaku.mhlw.go.jp/12/index.php?action_kouhyou_detail_004_kani=true&JigyosyoCd=1271301218-00&ServiceCd=780&Type=search" }, "geometry": { "type": "Point", "coordinates": [ 139.880578300000025, 35.930845 ] } },
{ "type": "Feature", "properties": { "内容": "デイサービスゆめしずく竹の里【地域密着型通所介護】千葉県野田市木野崎７０１番地", "url2": "https://www.kaigokensaku.mhlw.go.jp/12/index.php?action_kouhyou_detail_004_kani=true&JigyosyoCd=1271301382-00&ServiceCd=780&Type=search" }, "geometry": { "type": "Point", "coordinates": [ 139.919801900000039, 35.9567319 ] } },
{ "type": "Feature", "properties": { "内容": "デイサービスなごみ【地域密着型通所介護】千葉県野田市清水171-7番地", "url2": "https://www.kaigokensaku.mhlw.go.jp/12/index.php?action_kouhyou_detail_004_kani=true&JigyosyoCd=1271301507-00&ServiceCd=780&Type=search" }, "geometry": { "type": "Point", "coordinates": [ 139.860787401311597, 35.952936811696958 ] } },
{ "type": "Feature", "properties": { "内容": "デイサービスかたらい【地域密着型通所介護】千葉県野田市清水１５番地", "url2": "https://www.kaigokensaku.mhlw.go.jp/12/index.php?action_kouhyou_detail_004_kani=true&JigyosyoCd=1271301325-00&ServiceCd=780&Type=search" }, "geometry": { "type": "Point", "coordinates": [ 139.859216100000026, 35.9473834 ] } },
{ "type": "Feature", "properties": { "内容": "デイサービス歩恵夢【地域密着型通所介護】千葉県野田市山崎１５１４番地２９号", "url2": "https://www.kaigokensaku.mhlw.go.jp/12/index.php?action_kouhyou_detail_004_kani=true&JigyosyoCd=1271301465-00&ServiceCd=780&Type=search" }, "geometry": { "type": "Point", "coordinates": [ 139.886180700000068, 35.9319585 ] } },
{ "type": "Feature", "properties": { "内容": "樹楽上花輪【地域密着型通所介護】千葉県野田市上花輪1133-9", "url2": "https://www.kaigokensaku.mhlw.go.jp/12/index.php?action_kouhyou_detail_004_kani=true&JigyosyoCd=1271301820-00&ServiceCd=780&Type=search" }, "geometry": { "type": "Point", "coordinates": [ 139.868112200000041, 35.9347892 ] } },
{ "type": "Feature", "properties": { "内容": "欅パワーリハデイサービス【地域密着型通所介護】千葉県野田市山崎新町27-15パステルメロディ101号", "url2": "https://www.kaigokensaku.mhlw.go.jp/12/index.php?action_kouhyou_detail_004_kani=true&JigyosyoCd=1291300315-00&ServiceCd=780&Type=search" }, "geometry": { "type": "Point", "coordinates": [ 139.897387722420348, 35.922481166071314 ] } },
{ "type": "Feature", "properties": { "内容": "アクティブケア柳沢【地域密着型通所介護】千葉県野田市柳沢56-2清水第二ビル1階", "url2": "https://www.kaigokensaku.mhlw.go.jp/12/index.php?action_kouhyou_detail_004_kani=true&JigyosyoCd=1291300307-00&ServiceCd=780&Type=search" }, "geometry": { "type": "Point", "coordinates": [ 139.871203574343866, 35.95667751846112 ] } },
{ "type": "Feature", "properties": { "内容": "ご長寿くらぶ野田清水公園北館デイサービスセンター【地域密着型通所介護】千葉県野田市桜の里1-1-16", "url2": "https://www.kaigokensaku.mhlw.go.jp/12/index.php?action_kouhyou_detail_004_kani=true&JigyosyoCd=1291300265-00&ServiceCd=780&Type=search" }, "geometry": { "type": "Point", "coordinates": [ 139.8495877, 35.9560403 ] } },
{ "type": "Feature", "properties": { "内容": "デイサービスきのさきの家【地域密着型通所介護】千葉県野田市木野崎1647-12", "url2": "https://www.kaigokensaku.mhlw.go.jp/12/index.php?action_kouhyou_detail_004_kani=true&JigyosyoCd=1271301499-00&ServiceCd=780&Type=search" }, "geometry": { "type": "Point", "coordinates": [ 139.909403099999963, 35.948210400000015 ] } },
{ "type": "Feature", "properties": { "内容": "だんらんの家　川間【地域密着型通所介護】千葉県野田市五木新町1-5", "url2": "https://www.kaigokensaku.mhlw.go.jp/12/index.php?action_kouhyou_detail_004_kani=true&JigyosyoCd=1271301564-00&ServiceCd=780&Type=search" }, "geometry": { "type": "Point", "coordinates": [ 139.8428597, 35.9763208 ] } },
{ "type": "Feature", "properties": { "内容": "だんらんの家　木野崎【地域密着型通所介護】千葉県野田市木野崎1758-143", "url2": "https://www.kaigokensaku.mhlw.go.jp/12/index.php?action_kouhyou_detail_004_kani=true&JigyosyoCd=1271301812-00&ServiceCd=780&Type=search" }, "geometry": { "type": "Point", "coordinates": [ 139.904309, 35.9461852 ] } },
{ "type": "Feature", "properties": { "内容": "だんらんの家愛宕【地域密着型通所介護】千葉県野田市柳沢１番地－３４", "url2": "https://www.kaigokensaku.mhlw.go.jp/12/index.php?action_kouhyou_detail_004_kani=true&JigyosyoCd=1271301895-00&ServiceCd=780&Type=search" }, "geometry": { "type": "Point", "coordinates": [ 139.866294899999957, 35.952598 ] } },
{ "type": "Feature", "properties": { "内容": "だんらんの家　桜木【地域密着型通所介護】千葉県野田市桜木22-2", "url2": "https://www.kaigokensaku.mhlw.go.jp/12/index.php?action_kouhyou_detail_004_kani=true&JigyosyoCd=1291300232-00&ServiceCd=780&Type=search" }, "geometry": { "type": "Point", "coordinates": [ 139.878417099999979, 35.9355527 ] } },
{ "type": "Feature", "properties": { "内容": "ゆうゆう【地域密着型通所介護】千葉県野田市山崎貝塚町20―4", "url2": "https://www.kaigokensaku.mhlw.go.jp/12/index.php?action_kouhyou_detail_004_kani=true&JigyosyoCd=1291300281-00&ServiceCd=780&Type=search" }, "geometry": { "type": "Point", "coordinates": [ 139.894873800000028, 35.9207678 ] } },
{ "type": "Feature", "properties": { "内容": "はぁとデイサービス清水【地域密着型通所介護】千葉県野田市清水269", "url2": "https://www.kaigokensaku.mhlw.go.jp/12/index.php?action_kouhyou_detail_004_kani=true&JigyosyoCd=1271301911-00&ServiceCd=780&Type=search" }, "geometry": { "type": "Point", "coordinates": [ 139.861343977770929, 35.951734319846111 ] } },
{ "type": "Feature", "properties": { "内容": "デイサービスセンター咲くら【地域密着型通所介護】千葉県茂原市小林2487番地", "url2": "https://www.kaigokensaku.mhlw.go.jp/12/index.php?action_kouhyou_detail_004_kani=true&JigyosyoCd=1271502005-00&ServiceCd=780&Type=search" }, "geometry": { "type": "Point", "coordinates": [ 140.2960749, 35.4445556 ] } },
{ "type": "Feature", "properties": { "内容": "デイサービス清和の里【地域密着型通所介護】千葉県茂原市法目1303-1", "url2": "https://www.kaigokensaku.mhlw.go.jp/12/index.php?action_kouhyou_detail_004_kani=true&JigyosyoCd=1271501627-00&ServiceCd=780&Type=search" }, "geometry": { "type": "Point", "coordinates": [ 140.3154988, 35.4839285 ] } },
{ "type": "Feature", "properties": { "内容": "自立支援型デイサービス今日まる。【地域密着型通所介護】千葉県茂原市南吉田4224-1", "url2": "https://www.kaigokensaku.mhlw.go.jp/12/index.php?action_kouhyou_detail_004_kani=true&JigyosyoCd=1291500161-00&ServiceCd=780&Type=search" }, "geometry": { "type": "Point", "coordinates": [ 140.341052800000028, 35.468105399999985 ] } },
{ "type": "Feature", "properties": { "内容": "デイサービスセンター長生東【地域密着型通所介護】千葉県茂原市千沢842-1", "url2": "https://www.kaigokensaku.mhlw.go.jp/12/index.php?action_kouhyou_detail_004_kani=true&JigyosyoCd=1271501791-00&ServiceCd=780&Type=search" }, "geometry": { "type": "Point", "coordinates": [ 140.352976, 35.4646801 ] } },
{ "type": "Feature", "properties": { "内容": "デイサービスセンターほほえみ【地域密着型通所介護】千葉県茂原市本小轡４０４番地２", "url2": "https://www.kaigokensaku.mhlw.go.jp/12/index.php?action_kouhyou_detail_004_kani=true&JigyosyoCd=1271500850-00&ServiceCd=780&Type=search" }, "geometry": { "type": "Point", "coordinates": [ 140.3176469, 35.452755 ] } },
{ "type": "Feature", "properties": { "内容": "KENKOウォーク　茂原【地域密着型通所介護】千葉県茂原市法目911-5", "url2": "https://www.kaigokensaku.mhlw.go.jp/12/index.php?action_kouhyou_detail_004_kani=true&JigyosyoCd=1271501981-00&ServiceCd=780&Type=search" }, "geometry": { "type": "Point", "coordinates": [ 140.312502, 35.4814814 ] } },
{ "type": "Feature", "properties": { "内容": "レコードブック茂原駅前【地域密着型通所介護】千葉県茂原市高師585", "url2": "https://www.kaigokensaku.mhlw.go.jp/12/index.php?action_kouhyou_detail_004_kani=true&JigyosyoCd=1291500195-00&ServiceCd=780&Type=search" }, "geometry": { "type": "Point", "coordinates": [ 140.3072702, 35.4257575 ] } },
{ "type": "Feature", "properties": { "内容": "デイサービスなごみ【地域密着型通所介護】千葉県茂原市早野2791−1", "url2": "https://www.kaigokensaku.mhlw.go.jp/12/index.php?action_kouhyou_detail_004_kani=true&JigyosyoCd=1291500187-00&ServiceCd=780&Type=search" }, "geometry": { "type": "Point", "coordinates": [ 140.301239799999962, 35.41687150000002 ] } },
{ "type": "Feature", "properties": { "内容": "だんらんの家　新茂原【地域密着型通所介護】千葉県茂原市小林2872-6", "url2": "https://www.kaigokensaku.mhlw.go.jp/12/index.php?action_kouhyou_detail_004_kani=true&JigyosyoCd=1291500237-00&ServiceCd=780&Type=search" }, "geometry": { "type": "Point", "coordinates": [ 140.2971384, 35.4461367 ] } },
{ "type": "Feature", "properties": { "内容": "デイサービスほのか【地域密着型通所介護】千葉県茂原市千沢１０６２－４", "url2": "https://www.kaigokensaku.mhlw.go.jp/12/index.php?action_kouhyou_detail_004_kani=true&JigyosyoCd=1271501502-00&ServiceCd=780&Type=search" }, "geometry": { "type": "Point", "coordinates": [ 140.351823200000013, 35.47265680000001 ] } },
{ "type": "Feature", "properties": { "内容": "サンイースト早野【地域密着型通所介護】千葉県茂原市早野2957-3", "url2": "https://www.kaigokensaku.mhlw.go.jp/12/index.php?action_kouhyou_detail_004_kani=true&JigyosyoCd=1291500229-00&ServiceCd=780&Type=search" }, "geometry": { "type": "Point", "coordinates": [ 140.302335699999986, 35.4197617 ] } },
{ "type": "Feature", "properties": { "内容": "リハビリ特化型デイサービス　ラッコくらぶ茂原【地域密着型通所介護】千葉県茂原市高師町3-12-6篠崎ビル1F", "url2": "https://www.kaigokensaku.mhlw.go.jp/12/index.php?action_kouhyou_detail_004_kani=true&JigyosyoCd=1291500153-00&ServiceCd=780&Type=search" }, "geometry": { "type": "Point", "coordinates": [ 140.296614699999964, 35.4320152 ] } },
{ "type": "Feature", "properties": { "内容": "リハビリ特化型デイサービス　スターズライト【地域密着型通所介護】千葉県茂原市高師2209-12", "url2": "https://www.kaigokensaku.mhlw.go.jp/12/index.php?action_kouhyou_detail_004_kani=true&JigyosyoCd=1291500179-00&ServiceCd=780&Type=search" }, "geometry": { "type": "Point", "coordinates": [ 140.293549443299867, 35.437163643396865 ] } },
{ "type": "Feature", "properties": { "内容": "デイサービスサードプレイス【地域密着型通所介護】千葉県茂原市下永吉555-3", "url2": "https://www.kaigokensaku.mhlw.go.jp/12/index.php?action_kouhyou_detail_004_kani=true&JigyosyoCd=1271502088-00&ServiceCd=780&Type=search" }, "geometry": { "type": "Point", "coordinates": [ 140.308820769966957, 35.412793197774405 ] } },
{ "type": "Feature", "properties": { "内容": "茶話本舗デイサービス佼和本納亭【地域密着型通所介護】千葉県茂原市下太田177-6", "url2": "https://www.kaigokensaku.mhlw.go.jp/12/index.php?action_kouhyou_detail_004_kani=true&JigyosyoCd=1271502120-00&ServiceCd=780&Type=search" }, "geometry": { "type": "Point", "coordinates": [ 140.2808645, 35.4827478 ] } },
{ "type": "Feature", "properties": { "内容": "リハビリデイさとう【地域密着型通所介護】千葉県茂原市下永吉1052-4", "url2": "https://www.kaigokensaku.mhlw.go.jp/12/index.php?action_kouhyou_detail_004_kani=true&JigyosyoCd=1271502070-00&ServiceCd=780&Type=search" }, "geometry": { "type": "Point", "coordinates": [ 140.3026774, 35.40886110000001 ] } },
{ "type": "Feature", "properties": { "内容": "でいさーびすひだまり茂原【地域密着型通所介護】千葉県茂原市東郷1048-5", "url2": "https://www.kaigokensaku.mhlw.go.jp/12/index.php?action_kouhyou_detail_004_kani=true&JigyosyoCd=1291500088-00&ServiceCd=780&Type=search" }, "geometry": { "type": "Point", "coordinates": [ 140.308696535581959, 35.449829970384783 ] } },
{ "type": "Feature", "properties": { "内容": "デイサービス佼和　下永吉亭【地域密着型通所介護】千葉県茂原市大芝１６５－３", "url2": "https://www.kaigokensaku.mhlw.go.jp/12/index.php?action_kouhyou_detail_004_kani=true&JigyosyoCd=1271501775-00&ServiceCd=780&Type=search" }, "geometry": { "type": "Point", "coordinates": [ 140.317849599999988, 35.4075811 ] } },
{ "type": "Feature", "properties": { "内容": "運動・生活サポート型デイサービスそりあす【地域密着型通所介護】千葉県茂原市高師521-1", "url2": "https://www.kaigokensaku.mhlw.go.jp/12/index.php?action_kouhyou_detail_004_kani=true&JigyosyoCd=1291500245-00&ServiceCd=780&Type=search" }, "geometry": { "type": "Point", "coordinates": [ 140.3062768, 35.4311772 ] } },
{ "type": "Feature", "properties": { "内容": "デイ・ハウスあゆみ【地域密着型通所介護】千葉県成田市並木町２１９－２４", "url2": "https://www.kaigokensaku.mhlw.go.jp/12/index.php?action_kouhyou_detail_004_kani=true&JigyosyoCd=1271600759-00&ServiceCd=780&Type=search" }, "geometry": { "type": "Point", "coordinates": [ 140.304075300000022, 35.7523633 ] } },
{ "type": "Feature", "properties": { "内容": "老人デイサービス事業名木の里【地域密着型通所介護】千葉県成田市名木192番地", "url2": "https://www.kaigokensaku.mhlw.go.jp/12/index.php?action_kouhyou_detail_004_kani=true&JigyosyoCd=12A1600117-00&ServiceCd=780&Type=search" }, "geometry": { "type": "Point", "coordinates": [ 140.3867019, 35.8804921 ] } },
{ "type": "Feature", "properties": { "内容": "かなでの杜美郷台【地域密着型通所介護】千葉県成田市美郷台2-29-6", "url2": "https://www.kaigokensaku.mhlw.go.jp/12/index.php?action_kouhyou_detail_004_kani=true&JigyosyoCd=1271601039-00&ServiceCd=780&Type=search" }, "geometry": { "type": "Point", "coordinates": [ 140.309042299999987, 35.7957939 ] } },
{ "type": "Feature", "properties": { "内容": "スポーツデイサービスぴっぽ【地域密着型通所介護】千葉県成田市橋賀台1-45-3佐野田ビル１階", "url2": "https://www.kaigokensaku.mhlw.go.jp/12/index.php?action_kouhyou_detail_004_kani=true&JigyosyoCd=1291600201-00&ServiceCd=780&Type=search" }, "geometry": { "type": "Point", "coordinates": [ 140.29558069999996, 35.7711694 ] } },
{ "type": "Feature", "properties": { "内容": "成田リハステーション【地域密着型通所介護】千葉県成田市田町７５番地", "url2": "https://www.kaigokensaku.mhlw.go.jp/12/index.php?action_kouhyou_detail_004_kani=true&JigyosyoCd=1271601500-00&ServiceCd=780&Type=search" }, "geometry": { "type": "Point", "coordinates": [ 140.324990293254132, 35.782401085818911 ] } },
{ "type": "Feature", "properties": { "内容": "大栄リハステーション【地域密着型通所介護】千葉県成田市吉岡７０－１", "url2": "https://www.kaigokensaku.mhlw.go.jp/12/index.php?action_kouhyou_detail_004_kani=true&JigyosyoCd=1291600276-00&ServiceCd=780&Type=search" }, "geometry": { "type": "Point", "coordinates": [ 140.4110152, 35.8242713 ] } },
{ "type": "Feature", "properties": { "内容": "あっとリハビリデイサービス【地域密着型通所介護】千葉県成田市宗吾3丁目574番地の1", "url2": "https://www.kaigokensaku.mhlw.go.jp/12/index.php?action_kouhyou_detail_004_kani=true&JigyosyoCd=1271601369-00&ServiceCd=780&Type=search" }, "geometry": { "type": "Point", "coordinates": [ 140.277862212303148, 35.758223049274605 ] } },
{ "type": "Feature", "properties": { "内容": "デイサービスセンター成田苑【地域密着型通所介護】千葉県成田市大室1783-22", "url2": "https://www.kaigokensaku.mhlw.go.jp/12/index.php?action_kouhyou_detail_004_kani=true&JigyosyoCd=1271600288-00&ServiceCd=780&Type=search" }, "geometry": { "type": "Point", "coordinates": [ 140.387024700000012, 35.8167439 ] } },
{ "type": "Feature", "properties": { "内容": "リハプライド成田【地域密着型通所介護】千葉県成田市美郷台3-17-9", "url2": "https://www.kaigokensaku.mhlw.go.jp/12/index.php?action_kouhyou_detail_004_kani=true&JigyosyoCd=1271601393-00&ServiceCd=780&Type=search" }, "geometry": { "type": "Point", "coordinates": [ 140.312081844232381, 35.7955934977469 ] } },
{ "type": "Feature", "properties": { "内容": "健康ぷらす成田【地域密着型通所介護】千葉県成田市中台４－１－９４", "url2": "https://www.kaigokensaku.mhlw.go.jp/12/index.php?action_kouhyou_detail_004_kani=true&JigyosyoCd=1271601286-00&ServiceCd=780&Type=search" }, "geometry": { "type": "Point", "coordinates": [ 140.294825, 35.7808096 ] } },
{ "type": "Feature", "properties": { "内容": "みずほデイサービス【地域密着型通所介護】千葉県成田市郷部1262-2", "url2": "https://www.kaigokensaku.mhlw.go.jp/12/index.php?action_kouhyou_detail_004_kani=true&JigyosyoCd=1291600383-00&ServiceCd=780&Type=search" }, "geometry": { "type": "Point", "coordinates": [ 140.308443976721179, 35.787104293635764 ] } },
{ "type": "Feature", "properties": { "内容": "トータルリハセンター成田【地域密着型通所介護】千葉県成田市囲護台3-1-19小林ビル1F", "url2": "https://www.kaigokensaku.mhlw.go.jp/12/index.php?action_kouhyou_detail_004_kani=true&JigyosyoCd=1271601492-00&ServiceCd=780&Type=search" }, "geometry": { "type": "Point", "coordinates": [ 140.310234525454462, 35.778542667424105 ] } },
{ "type": "Feature", "properties": { "内容": "ウェルネスパーク台方【地域密着型通所介護】千葉県成田市台方字飯塚下465-1", "url2": "https://www.kaigokensaku.mhlw.go.jp/12/index.php?action_kouhyou_detail_004_kani=true&JigyosyoCd=1271601476-00&ServiceCd=780&Type=search" }, "geometry": { "type": "Point", "coordinates": [ 140.281013475701883, 35.771023294102086 ] } },
{ "type": "Feature", "properties": { "内容": "かなでの杜飯田町【地域密着型通所介護】千葉県成田市飯田町143-4クラシオン公津の杜101", "url2": "https://www.kaigokensaku.mhlw.go.jp/12/index.php?action_kouhyou_detail_004_kani=true&JigyosyoCd=1271601211-00&ServiceCd=780&Type=search" }, "geometry": { "type": "Point", "coordinates": [ 140.299121613995737, 35.768314909896638 ] } },
{ "type": "Feature", "properties": { "内容": "デイサービスセンター長寿園【地域密着型通所介護】千葉県成田市長沼字長津１６００", "url2": "https://www.kaigokensaku.mhlw.go.jp/12/index.php?action_kouhyou_detail_004_kani=true&JigyosyoCd=1271600114-00&ServiceCd=780&Type=search" }, "geometry": { "type": "Point", "coordinates": [ 140.300210900000025, 35.830500500000014 ] } },
{ "type": "Feature", "properties": { "内容": "デイサービスセンターエンゼルハート【地域密着型通所介護】千葉県成田市十余三瓜生池59-515", "url2": "https://www.kaigokensaku.mhlw.go.jp/12/index.php?action_kouhyou_detail_004_kani=true&JigyosyoCd=1271600247-00&ServiceCd=780&Type=search" }, "geometry": { "type": "Point", "coordinates": [ 140.363361599999962, 35.8001727 ] } },
{ "type": "Feature", "properties": { "内容": "きたはら【地域密着型通所介護】千葉県成田市南平台1169-21", "url2": "https://www.kaigokensaku.mhlw.go.jp/12/index.php?action_kouhyou_detail_004_kani=true&JigyosyoCd=1271600874-00&ServiceCd=780&Type=search" }, "geometry": { "type": "Point", "coordinates": [ 140.302096600000027, 35.771286 ] } },
{ "type": "Feature", "properties": { "内容": "リハ楽　公津の杜【地域密着型通所介護】千葉県成田市公津の杜2丁目41番地1", "url2": "https://www.kaigokensaku.mhlw.go.jp/12/index.php?action_kouhyou_detail_004_kani=true&JigyosyoCd=1291600268-00&ServiceCd=780&Type=search" }, "geometry": { "type": "Point", "coordinates": [ 140.300544900000034, 35.763316 ] } },
{ "type": "Feature", "properties": { "内容": "リハ楽　美郷台【地域密着型通所介護】千葉県成田市郷部1450番地ファインビル1号室", "url2": "https://www.kaigokensaku.mhlw.go.jp/12/index.php?action_kouhyou_detail_004_kani=true&JigyosyoCd=1291600300-00&ServiceCd=780&Type=search" }, "geometry": { "type": "Point", "coordinates": [ 140.307734900000014, 35.789003400000034 ] } },
{ "type": "Feature", "properties": { "内容": "ワイズリハ下総【地域密着型通所介護】千葉県成田市猿山1354", "url2": "https://www.kaigokensaku.mhlw.go.jp/12/index.php?action_kouhyou_detail_004_kani=true&JigyosyoCd=1271600775-00&ServiceCd=780&Type=search" }, "geometry": { "type": "Point", "coordinates": [ 140.3545401, 35.876248300000029 ] } },
{ "type": "Feature", "properties": { "内容": "デイサービス　アルテロイテ【地域密着型通所介護】千葉県成田市北須賀33カレッサ成田北須賀内", "url2": "https://www.kaigokensaku.mhlw.go.jp/12/index.php?action_kouhyou_detail_004_kani=true&JigyosyoCd=1291600334-00&ServiceCd=780&Type=search" }, "geometry": { "type": "Point", "coordinates": [ 140.259884699999986, 35.7849915 ] } },
{ "type": "Feature", "properties": { "内容": "デイサービス・元気庵志津店Ｂ館【地域密着型通所介護】千葉県佐倉市上志津原３５０－８", "url2": "https://www.kaigokensaku.mhlw.go.jp/12/index.php?action_kouhyou_detail_004_kani=true&JigyosyoCd=1271701581-00&ServiceCd=780&Type=search" }, "geometry": { "type": "Point", "coordinates": [ 140.148624598672541, 35.702487616859557 ] } },
{ "type": "Feature", "properties": { "内容": "デイサロン・元気庵佐倉店【地域密着型通所介護】千葉県佐倉市宮ノ台６－３－４", "url2": "https://www.kaigokensaku.mhlw.go.jp/12/index.php?action_kouhyou_detail_004_kani=true&JigyosyoCd=1271701763-00&ServiceCd=780&Type=search" }, "geometry": { "type": "Point", "coordinates": [ 140.148479400000042, 35.7395208 ] } },
{ "type": "Feature", "properties": { "内容": "デイサービス・元気庵ユーカリが丘店【地域密着型通所介護】千葉県佐倉市ユーカリが丘１－１－６", "url2": "https://www.kaigokensaku.mhlw.go.jp/12/index.php?action_kouhyou_detail_004_kani=true&JigyosyoCd=1271701920-00&ServiceCd=780&Type=search" }, "geometry": { "type": "Point", "coordinates": [ 140.1551763, 35.7346771 ] } },
{ "type": "Feature", "properties": { "内容": "デイサービス・元気庵志津店【地域密着型通所介護】千葉県佐倉市上志津原３５０－６", "url2": "https://www.kaigokensaku.mhlw.go.jp/12/index.php?action_kouhyou_detail_004_kani=true&JigyosyoCd=1271702001-00&ServiceCd=780&Type=search" }, "geometry": { "type": "Point", "coordinates": [ 140.14864369999998, 35.7024909 ] } },
{ "type": "Feature", "properties": { "内容": "デイサービス四季の家【地域密着型通所介護】千葉県佐倉市ユーカリが丘1-38-13", "url2": "https://www.kaigokensaku.mhlw.go.jp/12/index.php?action_kouhyou_detail_004_kani=true&JigyosyoCd=1291700316-00&ServiceCd=780&Type=search" }, "geometry": { "type": "Point", "coordinates": [ 140.1614906, 35.7327769 ] } },
{ "type": "Feature", "properties": { "内容": "リハセンターさくら【地域密着型通所介護】千葉県佐倉市新臼井田24-9", "url2": "https://www.kaigokensaku.mhlw.go.jp/12/index.php?action_kouhyou_detail_004_kani=true&JigyosyoCd=1291700340-00&ServiceCd=780&Type=search" }, "geometry": { "type": "Point", "coordinates": [ 140.1890358, 35.7329792 ] } },
{ "type": "Feature", "properties": { "内容": "e-style佐倉【地域密着型通所介護】千葉県佐倉市本町23-7", "url2": "https://www.kaigokensaku.mhlw.go.jp/12/index.php?action_kouhyou_detail_004_kani=true&JigyosyoCd=1271702282-00&ServiceCd=780&Type=search" }, "geometry": { "type": "Point", "coordinates": [ 140.243252776532984, 35.719102974396137 ] } },
{ "type": "Feature", "properties": { "内容": "ケアスタッフ佐倉【地域密着型通所介護】千葉県佐倉市角来448-6", "url2": "https://www.kaigokensaku.mhlw.go.jp/12/index.php?action_kouhyou_detail_004_kani=true&JigyosyoCd=1271701631-00&ServiceCd=780&Type=search" }, "geometry": { "type": "Point", "coordinates": [ 140.20291385523376, 35.731531946344518 ] } },
{ "type": "Feature", "properties": { "内容": "リハプライド　上志津【地域密着型通所介護】千葉県佐倉市上志津1656-18コーヨービル1階", "url2": "https://www.kaigokensaku.mhlw.go.jp/12/index.php?action_kouhyou_detail_004_kani=true&JigyosyoCd=1291700423-00&ServiceCd=780&Type=search" }, "geometry": { "type": "Point", "coordinates": [ 140.144164549073764, 35.716367644539034 ] } },
{ "type": "Feature", "properties": { "内容": "デイサービスセンター　ちとせ小町【地域密着型通所介護】千葉県佐倉市大蛇町215-7特別養護老人ホーム", "url2": "https://www.kaigokensaku.mhlw.go.jp/12/index.php?action_kouhyou_detail_004_kani=true&JigyosyoCd=1271701706-00&ServiceCd=780&Type=search" }, "geometry": { "type": "Point", "coordinates": [ 140.244990199999961, 35.7150189 ] } },
{ "type": "Feature", "properties": { "内容": "アイズLifeup【地域密着型通所介護】千葉県佐倉市表町2-1-1", "url2": "https://www.kaigokensaku.mhlw.go.jp/12/index.php?action_kouhyou_detail_004_kani=true&JigyosyoCd=1291700324-00&ServiceCd=780&Type=search" }, "geometry": { "type": "Point", "coordinates": [ 140.22563, 35.7114542 ] } },
{ "type": "Feature", "properties": { "内容": "茶の木屋デイサービスユーカリが丘【地域密着型通所介護】千葉県佐倉市上座400-112", "url2": "https://www.kaigokensaku.mhlw.go.jp/12/index.php?action_kouhyou_detail_004_kani=true&JigyosyoCd=1271702407-00&ServiceCd=780&Type=search" }, "geometry": { "type": "Point", "coordinates": [ 140.1597243, 35.7194897 ] } },
{ "type": "Feature", "properties": { "内容": "レコードブック佐倉志津【地域密着型通所介護】千葉県佐倉市上志津1769-44", "url2": "https://www.kaigokensaku.mhlw.go.jp/12/index.php?action_kouhyou_detail_004_kani=true&JigyosyoCd=1291700209-00&ServiceCd=780&Type=search" }, "geometry": { "type": "Point", "coordinates": [ 140.150556100000017, 35.7173257 ] } },
{ "type": "Feature", "properties": { "内容": "デイサービス一生ユーカリ【地域密着型通所介護】千葉県佐倉市上座1241-3", "url2": "https://www.kaigokensaku.mhlw.go.jp/12/index.php?action_kouhyou_detail_004_kani=true&JigyosyoCd=1291700290-00&ServiceCd=780&Type=search" }, "geometry": { "type": "Point", "coordinates": [ 140.1589538, 35.7234042 ] } },
{ "type": "Feature", "properties": { "内容": "デイサロンひまわり【地域密着型通所介護】千葉県佐倉市宮前2-9-6", "url2": "https://www.kaigokensaku.mhlw.go.jp/12/index.php?action_kouhyou_detail_004_kani=true&JigyosyoCd=1291700167-00&ServiceCd=780&Type=search" }, "geometry": { "type": "Point", "coordinates": [ 140.231082600000036, 35.7337573 ] } },
{ "type": "Feature", "properties": { "内容": "アンサンブル染井野【地域密着型通所介護】千葉県佐倉市臼井1236-10", "url2": "https://www.kaigokensaku.mhlw.go.jp/12/index.php?action_kouhyou_detail_004_kani=true&JigyosyoCd=1271701136-00&ServiceCd=780&Type=search" }, "geometry": { "type": "Point", "coordinates": [ 140.186475299999984, 35.7351919 ] } },
{ "type": "Feature", "properties": { "内容": "デイサービス一生【地域密着型通所介護】千葉県佐倉市臼井80", "url2": "https://www.kaigokensaku.mhlw.go.jp/12/index.php?action_kouhyou_detail_004_kani=true&JigyosyoCd=1291700266-00&ServiceCd=780&Type=search" }, "geometry": { "type": "Point", "coordinates": [ 140.1811807, 35.7353355 ] } },
{ "type": "Feature", "properties": { "内容": "デイサービス一生うすい【地域密着型通所介護】千葉県佐倉市臼井田　2385-2", "url2": "https://www.kaigokensaku.mhlw.go.jp/12/index.php?action_kouhyou_detail_004_kani=true&JigyosyoCd=1291700175-00&ServiceCd=780&Type=search" }, "geometry": { "type": "Point", "coordinates": [ 140.1845588, 35.7365 ] } },
{ "type": "Feature", "properties": { "内容": "プライマリキュア接骨院デイサービスユーカリが丘アクティブ【地域密着型通所介護】千葉県佐倉市中志津3-34-11", "url2": "https://www.kaigokensaku.mhlw.go.jp/12/index.php?action_kouhyou_detail_004_kani=true&JigyosyoCd=1271702167-00&ServiceCd=780&Type=search" }, "geometry": { "type": "Point", "coordinates": [ 140.158504729278917, 35.713577928758951 ] } },
{ "type": "Feature", "properties": { "内容": "高峰スマイルケア【地域密着型通所介護】千葉県佐倉市宮小路町13-2", "url2": "https://www.kaigokensaku.mhlw.go.jp/12/index.php?action_kouhyou_detail_004_kani=true&JigyosyoCd=1291700159-00&ServiceCd=780&Type=search" }, "geometry": { "type": "Point", "coordinates": [ 140.2251417, 35.7189672 ] } },
{ "type": "Feature", "properties": { "内容": "さくら苑デイサービスセンター【地域密着型通所介護】千葉県佐倉市鏑木町346番地", "url2": "https://www.kaigokensaku.mhlw.go.jp/12/index.php?action_kouhyou_detail_004_kani=true&JigyosyoCd=1271700203-00&ServiceCd=780&Type=search" }, "geometry": { "type": "Point", "coordinates": [ 140.233971600000018, 35.7154623 ] } },
{ "type": "Feature", "properties": { "内容": "アンサンブル染井野テルセーロ【地域密着型通所介護】千葉県佐倉市臼井1239-1", "url2": "https://www.kaigokensaku.mhlw.go.jp/12/index.php?action_kouhyou_detail_004_kani=true&JigyosyoCd=1271701797-00&ServiceCd=780&Type=search" }, "geometry": { "type": "Point", "coordinates": [ 140.186741899999987, 35.735150200000021 ] } },
{ "type": "Feature", "properties": { "内容": "デイサービスぬくもり日和【地域密着型通所介護】千葉県佐倉市宮ノ台3-10-1", "url2": "https://www.kaigokensaku.mhlw.go.jp/12/index.php?action_kouhyou_detail_004_kani=true&JigyosyoCd=1271701508-00&ServiceCd=780&Type=search" }, "geometry": { "type": "Point", "coordinates": [ 140.146676301956177, 35.739262703602407 ] } },
{ "type": "Feature", "properties": { "内容": "リハビリデイサービス王子台【地域密着型通所介護】千葉県佐倉市王子台１－８－５", "url2": "https://www.kaigokensaku.mhlw.go.jp/12/index.php?action_kouhyou_detail_004_kani=true&JigyosyoCd=1271702183-00&ServiceCd=780&Type=search" }, "geometry": { "type": "Point", "coordinates": [ 140.185053499999981, 35.7314478 ] } },
{ "type": "Feature", "properties": { "内容": "ミック健康の森上志津【地域密着型通所介護】千葉県佐倉市上志津１６５６－９エスペランサ志津１Ｆ", "url2": "https://www.kaigokensaku.mhlw.go.jp/12/index.php?action_kouhyou_detail_004_kani=true&JigyosyoCd=1291700381-00&ServiceCd=780&Type=search" }, "geometry": { "type": "Point", "coordinates": [ 140.1439191, 35.7171806 ] } },
{ "type": "Feature", "properties": { "内容": "ういず・ユー早稲田イーライフ佐倉【地域密着型通所介護】千葉県佐倉市表町1-3-3嘉倉ビル1A", "url2": "https://www.kaigokensaku.mhlw.go.jp/12/index.php?action_kouhyou_detail_004_kani=true&JigyosyoCd=1271701987-00&ServiceCd=780&Type=search" }, "geometry": { "type": "Point", "coordinates": [ 140.224992135581942, 35.710519874871203 ] } },
{ "type": "Feature", "properties": { "内容": "リハクラブさくら【地域密着型通所介護】千葉県佐倉市大崎台1-4-20グローリア佐倉１Ｆ", "url2": "https://www.kaigokensaku.mhlw.go.jp/12/index.php?action_kouhyou_detail_004_kani=true&JigyosyoCd=1271702332-00&ServiceCd=780&Type=search" }, "geometry": { "type": "Point", "coordinates": [ 140.226902900000027, 35.7082019 ] } },
{ "type": "Feature", "properties": { "内容": "スマイルサロンここのわ【地域密着型通所介護】千葉県佐倉市染井野6-11-7", "url2": "https://www.kaigokensaku.mhlw.go.jp/12/index.php?action_kouhyou_detail_004_kani=true&JigyosyoCd=1291700373-00&ServiceCd=780&Type=search" }, "geometry": { "type": "Point", "coordinates": [ 140.1870291, 35.7140203 ] } },
{ "type": "Feature", "properties": { "内容": "デイサービスほのか【地域密着型通所介護】千葉県佐倉市小篠塚1032", "url2": "https://www.kaigokensaku.mhlw.go.jp/12/index.php?action_kouhyou_detail_004_kani=true&JigyosyoCd=1271701193-00&ServiceCd=780&Type=search" }, "geometry": { "type": "Point", "coordinates": [ 140.223103101129084, 35.683290685189242 ] } },
{ "type": "Feature", "properties": { "内容": "デイサービスセンターサロンｄｅＤａｙ【地域密着型通所介護】千葉県佐倉市上志津1599-63", "url2": "https://www.kaigokensaku.mhlw.go.jp/12/index.php?action_kouhyou_detail_004_kani=true&JigyosyoCd=1271701391-00&ServiceCd=780&Type=search" }, "geometry": { "type": "Point", "coordinates": [ 140.144231900000023, 35.7146146 ] } },
{ "type": "Feature", "properties": { "内容": "デイサービスセンター花園【地域密着型通所介護】千葉県佐倉市中志津7-5-13", "url2": "https://www.kaigokensaku.mhlw.go.jp/12/index.php?action_kouhyou_detail_004_kani=true&JigyosyoCd=1271701953-00&ServiceCd=780&Type=search" }, "geometry": { "type": "Point", "coordinates": [ 140.152940400000034, 35.7048463 ] } },
{ "type": "Feature", "properties": { "内容": "デイサービスタイム【地域密着型通所介護】千葉県佐倉市藤治台１３番地１０", "url2": "https://www.kaigokensaku.mhlw.go.jp/12/index.php?action_kouhyou_detail_004_kani=true&JigyosyoCd=1291700274-00&ServiceCd=780&Type=search" }, "geometry": { "type": "Point", "coordinates": [ 140.233960200000013, 35.695832 ] } },
{ "type": "Feature", "properties": { "内容": "ナーシングデイサポートオール【地域密着型通所介護】千葉県佐倉市臼井台1257", "url2": "https://www.kaigokensaku.mhlw.go.jp/12/index.php?action_kouhyou_detail_004_kani=true&JigyosyoCd=1291700233-00&ServiceCd=780&Type=search" }, "geometry": { "type": "Point", "coordinates": [ 140.1779338, 35.7346368 ] } },
{ "type": "Feature", "properties": { "内容": "ヤックスデイサービス佐倉寺崎【地域密着型通所介護】千葉県佐倉市佐倉寺崎2-2-1ヤックスドラッグ佐倉寺崎店内", "url2": "https://www.kaigokensaku.mhlw.go.jp/12/index.php?action_kouhyou_detail_004_kani=true&JigyosyoCd=1271702241-00&ServiceCd=780&Type=search" }, "geometry": { "type": "Point", "coordinates": [ 140.1110129, 35.6026319 ] } },
{ "type": "Feature", "properties": { "内容": "プライマリーキュア接骨院デイサービスユーカリが丘【地域密着型通所介護】千葉県佐倉市南ユーカリが丘12-8", "url2": "https://www.kaigokensaku.mhlw.go.jp/12/index.php?action_kouhyou_detail_004_kani=true&JigyosyoCd=1271702431-00&ServiceCd=780&Type=search" }, "geometry": { "type": "Point", "coordinates": [ 140.157011099999977, 35.7165399 ] } },
{ "type": "Feature", "properties": { "内容": "半日型デイサービス　り楽うすい【地域密着型通所介護】千葉県佐倉市王子台４－１３－１８根本ビル１階", "url2": "https://www.kaigokensaku.mhlw.go.jp/12/index.php?action_kouhyou_detail_004_kani=true&JigyosyoCd=1291700365-00&ServiceCd=780&Type=search" }, "geometry": { "type": "Point", "coordinates": [ 140.1812913, 35.7258875 ] } },
{ "type": "Feature", "properties": { "内容": "東金なごみ館デイサービスセンター【地域密着型通所介護】千葉県東金市田間７５７番地１", "url2": "https://www.kaigokensaku.mhlw.go.jp/12/index.php?action_kouhyou_detail_004_kani=true&JigyosyoCd=1271800730-00&ServiceCd=780&Type=search" }, "geometry": { "type": "Point", "coordinates": [ 140.376493100000062, 35.570948 ] } },
{ "type": "Feature", "properties": { "内容": "マーチン介護サービス東金【地域密着型通所介護】千葉県東金市南上宿４－９", "url2": "https://www.kaigokensaku.mhlw.go.jp/12/index.php?action_kouhyou_detail_004_kani=true&JigyosyoCd=1271800276-00&ServiceCd=780&Type=search" }, "geometry": { "type": "Point", "coordinates": [ 140.360628019049017, 35.554968593440897 ] } },
{ "type": "Feature", "properties": { "内容": "デイサービスくつろぎの家【地域密着型通所介護】千葉県東金市藤下飛地818番地9", "url2": "https://www.kaigokensaku.mhlw.go.jp/12/index.php?action_kouhyou_detail_004_kani=true&JigyosyoCd=1271801241-00&ServiceCd=780&Type=search" }, "geometry": { "type": "Point", "coordinates": [ 140.390982300000019, 35.531523 ] } },
{ "type": "Feature", "properties": { "内容": "ヤックスデイサービス東金田間【地域密着型通所介護】千葉県東金市田間3-24-15", "url2": "https://www.kaigokensaku.mhlw.go.jp/12/index.php?action_kouhyou_detail_004_kani=true&JigyosyoCd=1271800938-00&ServiceCd=780&Type=search" }, "geometry": { "type": "Point", "coordinates": [ 140.373621409235369, 35.568972623454599 ] } },
{ "type": "Feature", "properties": { "内容": "すこやかデイサービスセンター【地域密着型通所介護】千葉県東金市田間765-6", "url2": "https://www.kaigokensaku.mhlw.go.jp/12/index.php?action_kouhyou_detail_004_kani=true&JigyosyoCd=1271800672-00&ServiceCd=780&Type=search" }, "geometry": { "type": "Point", "coordinates": [ 140.3753405, 35.5721312 ] } },
{ "type": "Feature", "properties": { "内容": "リハビリテーションふくろう【地域密着型通所介護】千葉県旭市江ケ崎973-１", "url2": "https://www.kaigokensaku.mhlw.go.jp/12/index.php?action_kouhyou_detail_004_kani=true&JigyosyoCd=1292000104-00&ServiceCd=780&Type=search" }, "geometry": { "type": "Point", "coordinates": [ 140.6601849, 35.7334312 ] } },
{ "type": "Feature", "properties": { "内容": "ハロハロでい【地域密着型通所介護】千葉県旭市西足洗3321-4", "url2": "https://www.kaigokensaku.mhlw.go.jp/12/index.php?action_kouhyou_detail_004_kani=true&JigyosyoCd=1272000629-00&ServiceCd=780&Type=search" }, "geometry": { "type": "Point", "coordinates": [ 140.66400619999996, 35.7112251 ] } },
{ "type": "Feature", "properties": { "内容": "デイサービスふくろう【地域密着型通所介護】千葉県旭市琴田２８２３－２", "url2": "https://www.kaigokensaku.mhlw.go.jp/12/index.php?action_kouhyou_detail_004_kani=true&JigyosyoCd=1272000603-00&ServiceCd=780&Type=search" }, "geometry": { "type": "Point", "coordinates": [ 140.660194300000057, 35.7390037 ] } },
{ "type": "Feature", "properties": { "内容": "特別養護老人ホーム東風荘【地域密着型通所介護】千葉県旭市三川字篠堆６３０１－６", "url2": "https://www.kaigokensaku.mhlw.go.jp/12/index.php?action_kouhyou_detail_004_kani=true&JigyosyoCd=1275500047-00&ServiceCd=780&Type=search" }, "geometry": { "type": "Point", "coordinates": [ 140.6898823, 35.7056085 ] } },
{ "type": "Feature", "properties": { "内容": "デイサービスみなみ風ガーデン【地域密着型通所介護】千葉県旭市蛇園2471", "url2": "https://www.kaigokensaku.mhlw.go.jp/12/index.php?action_kouhyou_detail_004_kani=true&JigyosyoCd=1292000096-00&ServiceCd=780&Type=search" }, "geometry": { "type": "Point", "coordinates": [ 140.7017357, 35.7221959 ] } },
{ "type": "Feature", "properties": { "内容": "リハビリ特化型デイサービスムーブメントプロ旭【地域密着型通所介護】千葉県旭市後草1196-3", "url2": "https://www.kaigokensaku.mhlw.go.jp/12/index.php?action_kouhyou_detail_004_kani=true&JigyosyoCd=1292000054-00&ServiceCd=780&Type=search" }, "geometry": { "type": "Point", "coordinates": [ 140.68318001765212, 35.719628898745086 ] } },
{ "type": "Feature", "properties": { "内容": "デイサービスみなみ風【地域密着型通所介護】千葉県旭市野中４２３０－２６", "url2": "https://www.kaigokensaku.mhlw.go.jp/12/index.php?action_kouhyou_detail_004_kani=true&JigyosyoCd=1272000538-00&ServiceCd=780&Type=search" }, "geometry": { "type": "Point", "coordinates": [ 140.676526, 35.6971288 ] } },
{ "type": "Feature", "properties": { "内容": "デイサービス　サンサンみなみ風【地域密着型通所介護】千葉県旭市椎名内2651番地5", "url2": "https://www.kaigokensaku.mhlw.go.jp/12/index.php?action_kouhyou_detail_004_kani=true&JigyosyoCd=1292000179-00&ServiceCd=780&Type=search" }, "geometry": { "type": "Point", "coordinates": [ 140.671825, 35.697561100000016 ] } },
{ "type": "Feature", "properties": { "内容": "デイサービスみぎわ【地域密着型通所介護】千葉県旭市鎌数1932番地１", "url2": "https://www.kaigokensaku.mhlw.go.jp/12/index.php?action_kouhyou_detail_004_kani=true&JigyosyoCd=1272000454-00&ServiceCd=780&Type=search" }, "geometry": { "type": "Point", "coordinates": [ 140.624953799999957, 35.7371009 ] } },
{ "type": "Feature", "properties": { "内容": "ヤックスデイサービス旭東【地域密着型通所介護】千葉県旭市イ2074-1", "url2": "https://www.kaigokensaku.mhlw.go.jp/12/index.php?action_kouhyou_detail_004_kani=true&JigyosyoCd=1292000153-00&ServiceCd=780&Type=search" }, "geometry": { "type": "Point", "coordinates": [ 140.672811122892767, 35.72399731742528 ] } },
{ "type": "Feature", "properties": { "内容": "ワイズリハ旭【地域密着型通所介護】千葉県旭市入野703-1ヤックスケアタウン旭入野店内", "url2": "https://www.kaigokensaku.mhlw.go.jp/12/index.php?action_kouhyou_detail_004_kani=true&JigyosyoCd=1272000652-00&ServiceCd=780&Type=search" }, "geometry": { "type": "Point", "coordinates": [ 140.626816599999984, 35.7663837 ] } },
{ "type": "Feature", "properties": { "内容": "デイサービスまるっぽ家【地域密着型通所介護】千葉県旭市東足洗２７７８－７３", "url2": "https://www.kaigokensaku.mhlw.go.jp/12/index.php?action_kouhyou_detail_004_kani=true&JigyosyoCd=1272000710-00&ServiceCd=780&Type=search" }, "geometry": { "type": "Point", "coordinates": [ 140.681625700000012, 35.7002525 ] } },
{ "type": "Feature", "properties": { "内容": "園芸デイサービスうなかみ【地域密着型通所介護】千葉県旭市後草2033-4", "url2": "https://www.kaigokensaku.mhlw.go.jp/12/index.php?action_kouhyou_detail_004_kani=true&JigyosyoCd=1292000138-00&ServiceCd=780&Type=search" }, "geometry": { "type": "Point", "coordinates": [ 140.6847067, 35.7278811 ] } },
{ "type": "Feature", "properties": { "内容": "ぱすてるデイサービス秋津【地域密着型通所介護】千葉県習志野市秋津５－１２－８", "url2": "https://www.kaigokensaku.mhlw.go.jp/12/index.php?action_kouhyou_detail_004_kani=true&JigyosyoCd=1272101757-00&ServiceCd=780&Type=search" }, "geometry": { "type": "Point", "coordinates": [ 140.010523, 35.6733483 ] } },
{ "type": "Feature", "properties": { "内容": "ミック健康の森鷺沼【地域密着型通所介護】千葉県習志野市鷺沼2-5-25エルパラシオ3番館１F", "url2": "https://www.kaigokensaku.mhlw.go.jp/12/index.php?action_kouhyou_detail_004_kani=true&JigyosyoCd=1292100342-00&ServiceCd=780&Type=search" }, "geometry": { "type": "Point", "coordinates": [ 140.0294672, 35.6788689 ] } },
{ "type": "Feature", "properties": { "内容": "ライフサポートかたつむり実籾【地域密着型通所介護】千葉県習志野市東習志野5-2-10", "url2": "https://www.kaigokensaku.mhlw.go.jp/12/index.php?action_kouhyou_detail_004_kani=true&JigyosyoCd=1272101112-00&ServiceCd=780&Type=search" }, "geometry": { "type": "Point", "coordinates": [ 140.0768127, 35.6890772 ] } },
{ "type": "Feature", "properties": { "内容": "ネスト実籾【地域密着型通所介護】千葉県習志野市実籾4-23-12", "url2": "https://www.kaigokensaku.mhlw.go.jp/12/index.php?action_kouhyou_detail_004_kani=true&JigyosyoCd=1272100783-00&ServiceCd=780&Type=search" }, "geometry": { "type": "Point", "coordinates": [ 140.071902, 35.690052 ] } },
{ "type": "Feature", "properties": { "内容": "谷津地域福祉事業所デイサービスひだまり【地域密着型通所介護】千葉県習志野市谷津5-27-2", "url2": "https://www.kaigokensaku.mhlw.go.jp/12/index.php?action_kouhyou_detail_004_kani=true&JigyosyoCd=1272100460-00&ServiceCd=780&Type=search" }, "geometry": { "type": "Point", "coordinates": [ 140.0076745, 35.6873871 ] } },
{ "type": "Feature", "properties": { "内容": "オーシャンズ【地域密着型通所介護】千葉県習志野市実籾2-15-1-1階", "url2": "https://www.kaigokensaku.mhlw.go.jp/12/index.php?action_kouhyou_detail_004_kani=true&JigyosyoCd=1292100227-00&ServiceCd=780&Type=search" }, "geometry": { "type": "Point", "coordinates": [ 140.0667278, 35.686421 ] } },
{ "type": "Feature", "properties": { "内容": "リハビリスタジオローラントデイサービスセンター【地域密着型通所介護】千葉県習志野市東習志野２－１０－３", "url2": "https://www.kaigokensaku.mhlw.go.jp/12/index.php?action_kouhyou_detail_004_kani=true&JigyosyoCd=1272101393-00&ServiceCd=780&Type=search" }, "geometry": { "type": "Point", "coordinates": [ 140.06843, 35.6930794 ] } },
{ "type": "Feature", "properties": { "内容": "プライマリーキュア接骨院デイサービス習志野【地域密着型通所介護】千葉県習志野市大久保2-17-17", "url2": "https://www.kaigokensaku.mhlw.go.jp/12/index.php?action_kouhyou_detail_004_kani=true&JigyosyoCd=1272101740-00&ServiceCd=780&Type=search" }, "geometry": { "type": "Point", "coordinates": [ 140.05789870000001, 35.6875582 ] } },
{ "type": "Feature", "properties": { "内容": "ならしの地域福祉事業所ぬくもり【地域密着型通所介護】千葉県習志野市実籾2-10-19新実籾ビル１F", "url2": "https://www.kaigokensaku.mhlw.go.jp/12/index.php?action_kouhyou_detail_004_kani=true&JigyosyoCd=1272100114-00&ServiceCd=780&Type=search" }, "geometry": { "type": "Point", "coordinates": [ 140.0677312, 35.6848767 ] } },
{ "type": "Feature", "properties": { "内容": "デイサービスいっぽ【地域密着型通所介護】千葉県習志野市鷺沼台3-14-14-1Fソリエガーデン", "url2": "https://www.kaigokensaku.mhlw.go.jp/12/index.php?action_kouhyou_detail_004_kani=true&JigyosyoCd=1272101567-00&ServiceCd=780&Type=search" }, "geometry": { "type": "Point", "coordinates": [ 140.0391052, 35.6810717 ] } },
{ "type": "Feature", "properties": { "内容": "ケアステーション輝【地域密着型通所介護】千葉県習志野市谷津3-19-11", "url2": "https://www.kaigokensaku.mhlw.go.jp/12/index.php?action_kouhyou_detail_004_kani=true&JigyosyoCd=1272101187-00&ServiceCd=780&Type=search" }, "geometry": { "type": "Point", "coordinates": [ 140.003570929166898, 35.682683962068189 ] } },
{ "type": "Feature", "properties": { "内容": "だんらんの家　津田沼【地域密着型通所介護】千葉県習志野市大久保4-11-8", "url2": "https://www.kaigokensaku.mhlw.go.jp/12/index.php?action_kouhyou_detail_004_kani=true&JigyosyoCd=1292100185-00&ServiceCd=780&Type=search" }, "geometry": { "type": "Point", "coordinates": [ 140.054783830688507, 35.689566844604485 ] } },
{ "type": "Feature", "properties": { "内容": "デイサービスぽっかぽか【地域密着型通所介護】千葉県習志野市谷津5-21-2", "url2": "https://www.kaigokensaku.mhlw.go.jp/12/index.php?action_kouhyou_detail_004_kani=true&JigyosyoCd=1272100338-00&ServiceCd=780&Type=search" }, "geometry": { "type": "Point", "coordinates": [ 140.009513100000049, 35.6901257 ] } },
{ "type": "Feature", "properties": { "内容": "みもみのいしいさん家【地域密着型通所介護】千葉県習志野市東習志野5-23-1", "url2": "https://www.kaigokensaku.mhlw.go.jp/12/index.php?action_kouhyou_detail_004_kani=true&JigyosyoCd=1272101062-00&ServiceCd=780&Type=search" }, "geometry": { "type": "Point", "coordinates": [ 140.077640299999985, 35.6931268 ] } },
{ "type": "Feature", "properties": { "内容": "だんらんの家　習志野【地域密着型通所介護】千葉県習志野市袖ヶ浦1-2-7", "url2": "https://www.kaigokensaku.mhlw.go.jp/12/index.php?action_kouhyou_detail_004_kani=true&JigyosyoCd=1272101534-00&ServiceCd=780&Type=search" }, "geometry": { "type": "Point", "coordinates": [ 140.016524, 35.6768495 ] } },
{ "type": "Feature", "properties": { "内容": "リハプライド花咲大久保【地域密着型通所介護】千葉県習志野市花咲２－１－２０", "url2": "https://www.kaigokensaku.mhlw.go.jp/12/index.php?action_kouhyou_detail_004_kani=true&JigyosyoCd=1272101856-00&ServiceCd=780&Type=search" }, "geometry": { "type": "Point", "coordinates": [ 140.04546849999997, 35.6827273 ] } },
{ "type": "Feature", "properties": { "内容": "袖ヶ浦デイサービス【地域密着型通所介護】千葉県習志野市袖ケ浦3-5-2-105", "url2": "https://www.kaigokensaku.mhlw.go.jp/12/index.php?action_kouhyou_detail_004_kani=true&JigyosyoCd=1272101351-00&ServiceCd=780&Type=search" }, "geometry": { "type": "Point", "coordinates": [ 140.019667222090078, 35.675918684658861 ] } },
{ "type": "Feature", "properties": { "内容": "コープみらい谷津町デイサービスセンター【地域密着型通所介護】千葉県習志野市谷津町4-557-6", "url2": "https://www.kaigokensaku.mhlw.go.jp/12/index.php?action_kouhyou_detail_004_kani=true&JigyosyoCd=1272101575-00&ServiceCd=780&Type=search" }, "geometry": { "type": "Point", "coordinates": [ 140.0176525, 35.6810096 ] } },
{ "type": "Feature", "properties": { "内容": "デイサービス宝【地域密着型通所介護】千葉県習志野市袖ケ浦1-10-19", "url2": "https://www.kaigokensaku.mhlw.go.jp/12/index.php?action_kouhyou_detail_004_kani=true&JigyosyoCd=1272101849-00&ServiceCd=780&Type=search" }, "geometry": { "type": "Point", "coordinates": [ 140.014021500000013, 35.6766328 ] } },
{ "type": "Feature", "properties": { "内容": "レコードブック津田沼【地域密着型通所介護】千葉県習志野市津田沼4-10-16グランドヴィラアサヒ1F", "url2": "https://www.kaigokensaku.mhlw.go.jp/12/index.php?action_kouhyou_detail_004_kani=true&JigyosyoCd=1272101898-00&ServiceCd=780&Type=search" }, "geometry": { "type": "Point", "coordinates": [ 140.021713, 35.6840519 ] } },
{ "type": "Feature", "properties": { "内容": "レコードブック実籾【地域密着型通所介護】千葉県習志野市東習志野５－５－５ＳＴビル１階", "url2": "https://www.kaigokensaku.mhlw.go.jp/12/index.php?action_kouhyou_detail_004_kani=true&JigyosyoCd=1292100151-00&ServiceCd=780&Type=search" }, "geometry": { "type": "Point", "coordinates": [ 140.0775542, 35.69032150000001 ] } },
{ "type": "Feature", "properties": { "内容": "藤崎デイサービスセンター明かり【地域密着型通所介護】千葉県習志野市藤崎6－18－11", "url2": "https://www.kaigokensaku.mhlw.go.jp/12/index.php?action_kouhyou_detail_004_kani=true&JigyosyoCd=1272101906-00&ServiceCd=780&Type=search" }, "geometry": { "type": "Point", "coordinates": [ 140.041713, 35.6900874 ] } },
{ "type": "Feature", "properties": { "内容": "デイサービスあいすクラブ【地域密着型通所介護】千葉県習志野市香澄６－１５－１８", "url2": "https://www.kaigokensaku.mhlw.go.jp/12/index.php?action_kouhyou_detail_004_kani=true&JigyosyoCd=1292100268-00&ServiceCd=780&Type=search" }, "geometry": { "type": "Point", "coordinates": [ 140.0179833, 35.6670009 ] } },
{ "type": "Feature", "properties": { "内容": "樹楽　秋津【地域密着型通所介護】千葉県習志野市秋津4-17-15", "url2": "https://www.kaigokensaku.mhlw.go.jp/12/index.php?action_kouhyou_detail_004_kani=true&JigyosyoCd=1292100235-00&ServiceCd=780&Type=search" }, "geometry": { "type": "Point", "coordinates": [ 140.01348239999993, 35.6709209 ] } },
{ "type": "Feature", "properties": { "内容": "かすみのいえ【地域密着型通所介護】千葉県習志野市香澄3-14-1かすみのいえ", "url2": "https://www.kaigokensaku.mhlw.go.jp/12/index.php?action_kouhyou_detail_004_kani=true&JigyosyoCd=1272101278-00&ServiceCd=780&Type=search" }, "geometry": { "type": "Point", "coordinates": [ 140.026981699999965, 35.663106900000017 ] } },
{ "type": "Feature", "properties": { "内容": "デイホーム善庵～よしあん～【地域密着型通所介護】千葉県習志野市鷺沼台3-13-26", "url2": "https://www.kaigokensaku.mhlw.go.jp/12/index.php?action_kouhyou_detail_004_kani=true&JigyosyoCd=1292100367-00&ServiceCd=780&Type=search" }, "geometry": { "type": "Point", "coordinates": [ 140.040425, 35.6812168 ] } },
{ "type": "Feature", "properties": { "内容": "デイホーム善庵～みもみ～【地域密着型通所介護】千葉県習志野市東習志野1-7-17", "url2": "https://www.kaigokensaku.mhlw.go.jp/12/index.php?action_kouhyou_detail_004_kani=true&JigyosyoCd=1292100391-00&ServiceCd=780&Type=search" }, "geometry": { "type": "Point", "coordinates": [ 140.06623, 35.6960804 ] } },
{ "type": "Feature", "properties": { "内容": "和みリハビリディサービスセンター【地域密着型通所介護】千葉県習志野市津田沼７－５－１５カーサコモダ１０２", "url2": "https://www.kaigokensaku.mhlw.go.jp/12/index.php?action_kouhyou_detail_004_kani=true&JigyosyoCd=1272101914-00&ServiceCd=780&Type=search" }, "geometry": { "type": "Point", "coordinates": [ 140.020340300000043, 35.6786715 ] } },
{ "type": "Feature", "properties": { "内容": "認知機能訓練特化型デイサービス　にんリハ津田沼【地域密着型通所介護】千葉県習志野市奏の杜1丁目12番地21-101KAON奏の杜101", "url2": "https://www.kaigokensaku.mhlw.go.jp/12/index.php?action_kouhyou_detail_004_kani=true&JigyosyoCd=1292100284-00&ServiceCd=780&Type=search" }, "geometry": { "type": "Point", "coordinates": [ 140.013748453303521, 35.690910369621726 ] } },
{ "type": "Feature", "properties": { "内容": "出かけるデイサービスみなと【地域密着型通所介護】千葉県柏市布施1095-22", "url2": "https://www.kaigokensaku.mhlw.go.jp/12/index.php?action_kouhyou_detail_004_kani=true&JigyosyoCd=1292200746-00&ServiceCd=780&Type=search" }, "geometry": { "type": "Point", "coordinates": [ 140.001022299999988, 35.8863526 ] } },
{ "type": "Feature", "properties": { "内容": "ふくしあの郷デイサービスしょうなん【地域密着型通所介護】千葉県柏市大津ヶ丘１－７－９", "url2": "https://www.kaigokensaku.mhlw.go.jp/12/index.php?action_kouhyou_detail_004_kani=true&JigyosyoCd=1272203835-00&ServiceCd=780&Type=search" }, "geometry": { "type": "Point", "coordinates": [ 140.005592900000011, 35.8439063 ] } },
{ "type": "Feature", "properties": { "内容": "樹楽　柏豊四季【地域密着型通所介護】千葉県柏市豊四季945-263", "url2": "https://www.kaigokensaku.mhlw.go.jp/12/index.php?action_kouhyou_detail_004_kani=true&JigyosyoCd=1292201025-00&ServiceCd=780&Type=search" }, "geometry": { "type": "Point", "coordinates": [ 139.94062, 35.8548088 ] } },
{ "type": "Feature", "properties": { "内容": "FINEDAYSERVICE【地域密着型通所介護】千葉県柏市大津ヶ丘１－４９－６", "url2": "https://www.kaigokensaku.mhlw.go.jp/12/index.php?action_kouhyou_detail_004_kani=true&JigyosyoCd=1292201009-00&ServiceCd=780&Type=search" }, "geometry": { "type": "Point", "coordinates": [ 140.0025081, 35.8417176 ] } },
{ "type": "Feature", "properties": { "内容": "リハビリデイ高柳【地域密着型通所介護】千葉県柏市高柳1429-9", "url2": "https://www.kaigokensaku.mhlw.go.jp/12/index.php?action_kouhyou_detail_004_kani=true&JigyosyoCd=1292200753-00&ServiceCd=780&Type=search" }, "geometry": { "type": "Point", "coordinates": [ 140.0015635, 35.8122453 ] } },
{ "type": "Feature", "properties": { "内容": "イオンスマイル柏塚崎店【地域密着型通所介護】千葉県柏市塚崎2-2-11", "url2": "https://www.kaigokensaku.mhlw.go.jp/12/index.php?action_kouhyou_detail_004_kani=true&JigyosyoCd=1292200886-00&ServiceCd=780&Type=search" }, "geometry": { "type": "Point", "coordinates": [ 140.004486, 35.834022 ] } },
{ "type": "Feature", "properties": { "内容": "デイサービス福寿草【地域密着型通所介護】千葉県柏市逆井4-30-17", "url2": "https://www.kaigokensaku.mhlw.go.jp/12/index.php?action_kouhyou_detail_004_kani=true&JigyosyoCd=1272204429-00&ServiceCd=780&Type=search" }, "geometry": { "type": "Point", "coordinates": [ 139.981473300000061, 35.8201892 ] } },
{ "type": "Feature", "properties": { "内容": "デイサービス柏旭町【地域密着型通所介護】千葉県柏市旭町4-11-8", "url2": "https://www.kaigokensaku.mhlw.go.jp/12/index.php?action_kouhyou_detail_004_kani=true&JigyosyoCd=1272203413-00&ServiceCd=780&Type=search" }, "geometry": { "type": "Point", "coordinates": [ 139.961649099999988, 35.8585396 ] } },
{ "type": "Feature", "properties": { "内容": "まつのいでいさーびす【地域密着型通所介護】千葉県柏市南逆井2-25-4", "url2": "https://www.kaigokensaku.mhlw.go.jp/12/index.php?action_kouhyou_detail_004_kani=true&JigyosyoCd=1272204585-00&ServiceCd=780&Type=search" }, "geometry": { "type": "Point", "coordinates": [ 139.97346570000002, 35.8053963 ] } },
{ "type": "Feature", "properties": { "内容": "デイサービス粋生倶楽部　松葉町【地域密着型通所介護】千葉県柏市松葉町5-18第2田口ビル1Ｆ", "url2": "https://www.kaigokensaku.mhlw.go.jp/12/index.php?action_kouhyou_detail_004_kani=true&JigyosyoCd=1272205558-00&ServiceCd=780&Type=search" }, "geometry": { "type": "Point", "coordinates": [ 139.964400500000011, 35.8897393 ] } },
{ "type": "Feature", "properties": { "内容": "地域密着型松の井リハビリデイサービス一日【地域密着型通所介護】千葉県柏市南逆井4-1-23", "url2": "https://www.kaigokensaku.mhlw.go.jp/12/index.php?action_kouhyou_detail_004_kani=true&JigyosyoCd=1292200555-00&ServiceCd=780&Type=search" }, "geometry": { "type": "Point", "coordinates": [ 139.972093199999989, 35.8044646 ] } },
{ "type": "Feature", "properties": { "内容": "ＧｒｅｅｎＲｏｏｍせかんどはうす【地域密着型通所介護】千葉県柏市根戸467-28", "url2": "https://www.kaigokensaku.mhlw.go.jp/12/index.php?action_kouhyou_detail_004_kani=true&JigyosyoCd=1272205061-00&ServiceCd=780&Type=search" }, "geometry": { "type": "Point", "coordinates": [ 139.988218299999971, 35.885532300000015 ] } },
{ "type": "Feature", "properties": { "内容": "デイサービス　あした音【地域密着型通所介護】千葉県柏市北柏3-14-1鈴木ビル1階", "url2": "https://www.kaigokensaku.mhlw.go.jp/12/index.php?action_kouhyou_detail_004_kani=true&JigyosyoCd=1272204569-00&ServiceCd=780&Type=search" }, "geometry": { "type": "Point", "coordinates": [ 139.987060500000013, 35.8720616 ] } },
{ "type": "Feature", "properties": { "内容": "デイサービスちーちゃん家【地域密着型通所介護】千葉県柏市南逆井５丁目１８－３１", "url2": "https://www.kaigokensaku.mhlw.go.jp/12/index.php?action_kouhyou_detail_004_kani=true&JigyosyoCd=1292200811-00&ServiceCd=780&Type=search" }, "geometry": { "type": "Point", "coordinates": [ 139.9742819, 35.8068215 ] } },
{ "type": "Feature", "properties": { "内容": "リハプライド柏中央【地域密着型通所介護】千葉県柏市緑ヶ丘18-17グリーンハイムイノウエ1F", "url2": "https://www.kaigokensaku.mhlw.go.jp/12/index.php?action_kouhyou_detail_004_kani=true&JigyosyoCd=1272205574-00&ServiceCd=780&Type=search" }, "geometry": { "type": "Point", "coordinates": [ 139.971206700000039, 35.852362 ] } },
{ "type": "Feature", "properties": { "内容": "なないろ【地域密着型通所介護】千葉県柏市大津ヶ丘4-28-11千代田ﾋﾞﾙ１階", "url2": "https://www.kaigokensaku.mhlw.go.jp/12/index.php?action_kouhyou_detail_004_kani=true&JigyosyoCd=1272204759-00&ServiceCd=780&Type=search" }, "geometry": { "type": "Point", "coordinates": [ 140.001142600000037, 35.8378998 ] } },
{ "type": "Feature", "properties": { "内容": "デイサービススマイル北柏【地域密着型通所介護】千葉県柏市根戸471-15", "url2": "https://www.kaigokensaku.mhlw.go.jp/12/index.php?action_kouhyou_detail_004_kani=true&JigyosyoCd=1292200894-00&ServiceCd=780&Type=search" }, "geometry": { "type": "Point", "coordinates": [ 139.9912495, 35.8847997 ] } },
{ "type": "Feature", "properties": { "内容": "リハビリ型デイサービス　フィットネスケア常盤台【地域密着型通所介護】千葉県柏市常盤台25-7", "url2": "https://www.kaigokensaku.mhlw.go.jp/12/index.php?action_kouhyou_detail_004_kani=true&JigyosyoCd=1292200712-00&ServiceCd=780&Type=search" }, "geometry": { "type": "Point", "coordinates": [ 139.9661128, 35.8435642 ] } },
{ "type": "Feature", "properties": { "内容": "レコードブック柏松葉町【地域密着型通所介護】千葉県柏市松葉町4-10北柏ＳＣ　A-17", "url2": "https://www.kaigokensaku.mhlw.go.jp/12/index.php?action_kouhyou_detail_004_kani=true&JigyosyoCd=1292200563-00&ServiceCd=780&Type=search" }, "geometry": { "type": "Point", "coordinates": [ 139.969768348466062, 35.889269086090351 ] } },
{ "type": "Feature", "properties": { "内容": "ミアヘルサデイサービス柏豊四季【地域密着型通所介護】千葉県柏市旭町4丁目11番4号ミアヘルサオアシス柏豊四季", "url2": "https://www.kaigokensaku.mhlw.go.jp/12/index.php?action_kouhyou_detail_004_kani=true&JigyosyoCd=1292200522-00&ServiceCd=780&Type=search" }, "geometry": { "type": "Point", "coordinates": [ 139.962399099999971, 35.8591607 ] } },
{ "type": "Feature", "properties": { "内容": "機能訓練型デイサービス・フィットネスケアお～い【地域密着型通所介護】千葉県柏市大井７６８－１シティーパル１０４", "url2": "https://www.kaigokensaku.mhlw.go.jp/12/index.php?action_kouhyou_detail_004_kani=true&JigyosyoCd=1272204767-00&ServiceCd=780&Type=search" }, "geometry": { "type": "Point", "coordinates": [ 140.003542299999907, 35.8465911 ] } },
{ "type": "Feature", "properties": { "内容": "麗しの杜２号館デイサービスセンター【地域密着型通所介護】千葉県柏市光ケ丘２丁目１番１号麗しの杜２号館デイサービスセンター", "url2": "https://www.kaigokensaku.mhlw.go.jp/12/index.php?action_kouhyou_detail_004_kani=true&JigyosyoCd=1292200860-00&ServiceCd=780&Type=search" }, "geometry": { "type": "Point", "coordinates": [ 139.955211525408941, 35.83013679693893 ] } },
{ "type": "Feature", "properties": { "内容": "グリーン・リティエ【地域密着型通所介護】永楽台2-10-9", "url2": "https://www.kaigokensaku.mhlw.go.jp/12/index.php?action_kouhyou_detail_004_kani=true&JigyosyoCd=1272203926-00&ServiceCd=780&Type=search" }, "geometry": { "type": "Point", "coordinates": [ 139.972153400000025, 35.8430583 ] } },
{ "type": "Feature", "properties": { "内容": "イオンスマイル南柏店【地域密着型通所介護】千葉県柏市豊四季695-19", "url2": "https://www.kaigokensaku.mhlw.go.jp/12/index.php?action_kouhyou_detail_004_kani=true&JigyosyoCd=1292200639-00&ServiceCd=780&Type=search" }, "geometry": { "type": "Point", "coordinates": [ 139.961624499999971, 35.8463629 ] } },
{ "type": "Feature", "properties": { "内容": "スマイルリーフ増尾台【地域密着型通所介護】千葉県柏市増尾台１丁目16-14ＭＳレスコ101", "url2": "https://www.kaigokensaku.mhlw.go.jp/12/index.php?action_kouhyou_detail_004_kani=true&JigyosyoCd=1272203918-00&ServiceCd=780&Type=search" }, "geometry": { "type": "Point", "coordinates": [ 139.977813800000035, 35.8255916 ] } },
{ "type": "Feature", "properties": { "内容": "だんらんの家南柏【地域密着型通所介護】千葉県柏市今谷上町41-31", "url2": "https://www.kaigokensaku.mhlw.go.jp/12/index.php?action_kouhyou_detail_004_kani=true&JigyosyoCd=1292200662-00&ServiceCd=780&Type=search" }, "geometry": { "type": "Point", "coordinates": [ 139.956498621567476, 35.839208266650488 ] } },
{ "type": "Feature", "properties": { "内容": "だんらんの家塚崎【地域密着型通所介護】千葉県柏市塚崎９８６", "url2": "https://www.kaigokensaku.mhlw.go.jp/12/index.php?action_kouhyou_detail_004_kani=true&JigyosyoCd=1292200472-00&ServiceCd=780&Type=search" }, "geometry": { "type": "Point", "coordinates": [ 140.002892800000041, 35.830754399999982 ] } },
{ "type": "Feature", "properties": { "内容": "デイサービスぼくん家【地域密着型通所介護】千葉県柏市高南台2-1-4", "url2": "https://www.kaigokensaku.mhlw.go.jp/12/index.php?action_kouhyou_detail_004_kani=true&JigyosyoCd=1272204486-00&ServiceCd=780&Type=search" }, "geometry": { "type": "Point", "coordinates": [ 139.99226479999993, 35.8034002 ] } },
{ "type": "Feature", "properties": { "内容": "デイサービスわたしん家【地域密着型通所介護】千葉県柏市高南台2-2-11", "url2": "https://www.kaigokensaku.mhlw.go.jp/12/index.php?action_kouhyou_detail_004_kani=true&JigyosyoCd=1272203769-00&ServiceCd=780&Type=search" }, "geometry": { "type": "Point", "coordinates": [ 139.991634400000066, 35.8025031 ] } },
{ "type": "Feature", "properties": { "内容": "りぼんくらぶ大津ヶ丘【地域密着型通所介護】千葉県柏市大津ヶ丘１－3４－３", "url2": "https://www.kaigokensaku.mhlw.go.jp/12/index.php?action_kouhyou_detail_004_kani=true&JigyosyoCd=1292200464-00&ServiceCd=780&Type=search" }, "geometry": { "type": "Point", "coordinates": [ 140.000745384825905, 35.845319607773035 ] } },
{ "type": "Feature", "properties": { "内容": "トータルリハセンター柏【地域密着型通所介護】千葉県柏市柏６－７－１０葉山レジデンス１階", "url2": "https://www.kaigokensaku.mhlw.go.jp/12/index.php?action_kouhyou_detail_004_kani=true&JigyosyoCd=1272205368-00&ServiceCd=780&Type=search" }, "geometry": { "type": "Point", "coordinates": [ 139.978771676686506, 35.864701397480403 ] } },
{ "type": "Feature", "properties": { "内容": "ファミリーハートリハビリデイサービス【地域密着型通所介護】千葉県柏市加賀3-29-12加賀建物1階", "url2": "https://www.kaigokensaku.mhlw.go.jp/12/index.php?action_kouhyou_detail_004_kani=true&JigyosyoCd=1292200845-00&ServiceCd=780&Type=search" }, "geometry": { "type": "Point", "coordinates": [ 139.974710906151614, 35.829252080884309 ] } },
{ "type": "Feature", "properties": { "内容": "高田デイサービス【地域密着型通所介護】千葉県柏市高田1027-3404-7136-7688", "url2": "https://www.kaigokensaku.mhlw.go.jp/12/index.php?action_kouhyou_detail_004_kani=true&JigyosyoCd=1272204502-00&ServiceCd=780&Type=search" }, "geometry": { "type": "Point", "coordinates": [ 139.958055800000011, 35.8770833 ] } },
{ "type": "Feature", "properties": { "内容": "デイサービスホームほがらか【地域密着型通所介護】千葉県柏市豊住1－4－15", "url2": "https://www.kaigokensaku.mhlw.go.jp/12/index.php?action_kouhyou_detail_004_kani=true&JigyosyoCd=1272203934-00&ServiceCd=780&Type=search" }, "geometry": { "type": "Point", "coordinates": [ 139.964149300000031, 35.8411389 ] } },
{ "type": "Feature", "properties": { "内容": "きりやリハビリデイサービス【地域密着型通所介護】千葉県柏市東山２丁目１番１号", "url2": "https://www.kaigokensaku.mhlw.go.jp/12/index.php?action_kouhyou_detail_004_kani=true&JigyosyoCd=1272203264-00&ServiceCd=780&Type=search" }, "geometry": { "type": "Point", "coordinates": [ 139.954179852149537, 35.826778920643783 ] } },
{ "type": "Feature", "properties": { "内容": "デイサービスセンター星の子柏緑ヶ丘【地域密着型通所介護】千葉県柏市緑ヶ丘13-10", "url2": "https://www.kaigokensaku.mhlw.go.jp/12/index.php?action_kouhyou_detail_004_kani=true&JigyosyoCd=1292200514-00&ServiceCd=780&Type=search" }, "geometry": { "type": "Point", "coordinates": [ 139.96924150000001, 35.8503146 ] } },
{ "type": "Feature", "properties": { "内容": "デイサービスはなまる【地域密着型通所介護】千葉県柏市大津ヶ丘３－４９－１", "url2": "https://www.kaigokensaku.mhlw.go.jp/12/index.php?action_kouhyou_detail_004_kani=true&JigyosyoCd=1272203660-00&ServiceCd=780&Type=search" }, "geometry": { "type": "Point", "coordinates": [ 139.994276500000069, 35.8405863 ] } },
{ "type": "Feature", "properties": { "内容": "アースサポート柏【地域密着型通所介護】千葉県柏市若葉町3番3", "url2": "https://www.kaigokensaku.mhlw.go.jp/12/index.php?action_kouhyou_detail_004_kani=true&JigyosyoCd=1292200829-00&ServiceCd=780&Type=search" }, "geometry": { "type": "Point", "coordinates": [ 139.9691985, 35.855066 ] } },
{ "type": "Feature", "properties": { "内容": "デイサービスセンター向日葵の花【地域密着型通所介護】千葉県柏市布施新町3-9-10", "url2": "https://www.kaigokensaku.mhlw.go.jp/12/index.php?action_kouhyou_detail_004_kani=true&JigyosyoCd=1292200530-00&ServiceCd=780&Type=search" }, "geometry": { "type": "Point", "coordinates": [ 140.00599379999997, 35.8875445 ] } },
{ "type": "Feature", "properties": { "内容": "デイサービスひまわり【地域密着型通所介護】千葉県柏市大井1849-14", "url2": "https://www.kaigokensaku.mhlw.go.jp/12/index.php?action_kouhyou_detail_004_kani=true&JigyosyoCd=1272204627-00&ServiceCd=780&Type=search" }, "geometry": { "type": "Point", "coordinates": [ 140.006911400000035, 35.8449996 ] } },
{ "type": "Feature", "properties": { "内容": "だんらんの家　北柏松葉町【地域密着型通所介護】千葉県柏市松葉町1-5-5", "url2": "https://www.kaigokensaku.mhlw.go.jp/12/index.php?action_kouhyou_detail_004_kani=true&JigyosyoCd=1272204510-00&ServiceCd=780&Type=search" }, "geometry": { "type": "Point", "coordinates": [ 139.966834, 35.8900753 ] } },
{ "type": "Feature", "properties": { "内容": "ピースデイサービスセンター【地域密着型通所介護】千葉県柏市西原１丁目５－４", "url2": "https://www.kaigokensaku.mhlw.go.jp/12/index.php?action_kouhyou_detail_004_kani=true&JigyosyoCd=1272204494-00&ServiceCd=780&Type=search" }, "geometry": { "type": "Point", "coordinates": [ 139.916685499999971, 35.8984664 ] } },
{ "type": "Feature", "properties": { "内容": "だんらんの家　北柏【地域密着型通所介護】千葉県柏市松葉町1-6-1", "url2": "https://www.kaigokensaku.mhlw.go.jp/12/index.php?action_kouhyou_detail_004_kani=true&JigyosyoCd=1272203686-00&ServiceCd=780&Type=search" }, "geometry": { "type": "Point", "coordinates": [ 139.98159110000006, 35.8837268 ] } },
{ "type": "Feature", "properties": { "内容": "リハビリデイサービス　結びつ木【地域密着型通所介護】千葉県柏市根戸647-184井原ビル１階2号室", "url2": "https://www.kaigokensaku.mhlw.go.jp/12/index.php?action_kouhyou_detail_004_kani=true&JigyosyoCd=1292200647-00&ServiceCd=780&Type=search" }, "geometry": { "type": "Point", "coordinates": [ 139.992762299999981, 35.8818913 ] } },
{ "type": "Feature", "properties": { "内容": "リハビリ特化型デイサービスねくすと【地域密着型通所介護】千葉県柏市北柏1-7-16", "url2": "https://www.kaigokensaku.mhlw.go.jp/12/index.php?action_kouhyou_detail_004_kani=true&JigyosyoCd=1292201033-00&ServiceCd=780&Type=search" }, "geometry": { "type": "Point", "coordinates": [ 139.985441900000012, 35.8745686 ] } },
{ "type": "Feature", "properties": { "内容": "ケアホーム柏デイサービスセンター【地域密着型通所介護】千葉県柏市豊四季５２０－２１ランドフォレスト南柏１階", "url2": "https://www.kaigokensaku.mhlw.go.jp/12/index.php?action_kouhyou_detail_004_kani=true&JigyosyoCd=1272205509-00&ServiceCd=780&Type=search" }, "geometry": { "type": "Point", "coordinates": [ 139.959083100000043, 35.8469573 ] } },
{ "type": "Feature", "properties": { "内容": "ケアホーム柏豊四季デイサービスセンター【地域密着型通所介護】千葉県柏市豊四季３８８－５９", "url2": "https://www.kaigokensaku.mhlw.go.jp/12/index.php?action_kouhyou_detail_004_kani=true&JigyosyoCd=1292200944-00&ServiceCd=780&Type=search" }, "geometry": { "type": "Point", "coordinates": [ 139.9504814, 35.8522064 ] } },
{ "type": "Feature", "properties": { "内容": "ディサービスゆかりの家【地域密着型通所介護】千葉県柏市大青田1604-1", "url2": "https://www.kaigokensaku.mhlw.go.jp/12/index.php?action_kouhyou_detail_004_kani=true&JigyosyoCd=1272204270-00&ServiceCd=780&Type=search" }, "geometry": { "type": "Point", "coordinates": [ 139.941143099999977, 35.9161068 ] } },
{ "type": "Feature", "properties": { "内容": "生活ホーム和気あいあい【地域密着型通所介護】千葉県柏市松葉町6-25-7", "url2": "https://www.kaigokensaku.mhlw.go.jp/12/index.php?action_kouhyou_detail_004_kani=true&JigyosyoCd=1272201920-00&ServiceCd=780&Type=search" }, "geometry": { "type": "Point", "coordinates": [ 139.968076199999985, 35.891503 ] } },
{ "type": "Feature", "properties": { "内容": "リハビリデイサービスnagomi柏千代田店【地域密着型通所介護】千葉県柏市千代田1-5-35", "url2": "https://www.kaigokensaku.mhlw.go.jp/12/index.php?action_kouhyou_detail_004_kani=true&JigyosyoCd=1292200571-00&ServiceCd=780&Type=search" }, "geometry": { "type": "Point", "coordinates": [ 139.9791305, 35.8559719 ] } },
{ "type": "Feature", "properties": { "内容": "体を動かすデイ「匠」【地域密着型通所介護】千葉県柏市松葉町6-43-2エスポアール柏101", "url2": "https://www.kaigokensaku.mhlw.go.jp/12/index.php?action_kouhyou_detail_004_kani=true&JigyosyoCd=1272203868-00&ServiceCd=780&Type=search" }, "geometry": { "type": "Point", "coordinates": [ 139.961778200000026, 35.8931054 ] } },
{ "type": "Feature", "properties": { "内容": "ルパルクデイサービス【地域密着型通所介護】千葉県柏市小青田1-6-4", "url2": "https://www.kaigokensaku.mhlw.go.jp/12/index.php?action_kouhyou_detail_004_kani=true&JigyosyoCd=1292200969-00&ServiceCd=780&Type=search" }, "geometry": { "type": "Point", "coordinates": [ 139.954866, 35.9088932 ] } },
{ "type": "Feature", "properties": { "内容": "さんわケアサービス通所介護事業所勝浦【地域密着型通所介護】千葉県勝浦市沢倉字三田645-7アンダンテ勝浦", "url2": "https://www.kaigokensaku.mhlw.go.jp/12/index.php?action_kouhyou_detail_004_kani=true&JigyosyoCd=1292300033-00&ServiceCd=780&Type=search" }, "geometry": { "type": "Point", "coordinates": [ 140.320324065544781, 35.146228102572074 ] } },
{ "type": "Feature", "properties": { "内容": "デイサービスセンターりんく【地域密着型通所介護】千葉県市原市東五所17-20", "url2": "https://www.kaigokensaku.mhlw.go.jp/12/index.php?action_kouhyou_detail_004_kani=true&JigyosyoCd=1292400171-00&ServiceCd=780&Type=search" }, "geometry": { "type": "Point", "coordinates": [ 140.113073903632937, 35.527567342991425 ] } },
{ "type": "Feature", "properties": { "内容": "デイサービス楽心ごい【地域密着型通所介護】千葉県市原市東国分寺台1-6-5", "url2": "https://www.kaigokensaku.mhlw.go.jp/12/index.php?action_kouhyou_detail_004_kani=true&JigyosyoCd=1272403153-00&ServiceCd=780&Type=search" }, "geometry": { "type": "Point", "coordinates": [ 140.117117399999984, 35.4954658 ] } },
{ "type": "Feature", "properties": { "内容": "デイサービス楽心【地域密着型通所介護】千葉県市原市姉崎996-1", "url2": "https://www.kaigokensaku.mhlw.go.jp/12/index.php?action_kouhyou_detail_004_kani=true&JigyosyoCd=1272403161-00&ServiceCd=780&Type=search" }, "geometry": { "type": "Point", "coordinates": [ 140.049195300000065, 35.487507 ] } },
{ "type": "Feature", "properties": { "内容": "レコードブック五井【地域密着型通所介護】千葉県市原市平田1157", "url2": "https://www.kaigokensaku.mhlw.go.jp/12/index.php?action_kouhyou_detail_004_kani=true&JigyosyoCd=1292400262-00&ServiceCd=780&Type=search" }, "geometry": { "type": "Point", "coordinates": [ 140.088642, 35.5084578 ] } },
{ "type": "Feature", "properties": { "内容": "デイサービス結【地域密着型通所介護】千葉県市原市山木１１６５－１", "url2": "https://www.kaigokensaku.mhlw.go.jp/12/index.php?action_kouhyou_detail_004_kani=true&JigyosyoCd=1292400353-00&ServiceCd=780&Type=search" }, "geometry": { "type": "Point", "coordinates": [ 140.128005, 35.522585100000022 ] } },
{ "type": "Feature", "properties": { "内容": "デイサービスセンターあじさい苑【地域密着型通所介護】千葉県市原市新堀947-3", "url2": "https://www.kaigokensaku.mhlw.go.jp/12/index.php?action_kouhyou_detail_004_kani=true&JigyosyoCd=1292400536-00&ServiceCd=780&Type=search" }, "geometry": { "type": "Point", "coordinates": [ 140.1375534, 35.4674309 ] } },
{ "type": "Feature", "properties": { "内容": "恵リハビリデイサービス市原【地域密着型通所介護】千葉県市原市君塚5丁目3-14", "url2": "https://www.kaigokensaku.mhlw.go.jp/12/index.php?action_kouhyou_detail_004_kani=true&JigyosyoCd=1292400411-00&ServiceCd=780&Type=search" }, "geometry": { "type": "Point", "coordinates": [ 140.0963251, 35.5222179 ] } },
{ "type": "Feature", "properties": { "内容": "リハビリデイサービスすまいる・姉ヶ崎【地域密着型通所介護】千葉県市原市椎津1035-10", "url2": "https://www.kaigokensaku.mhlw.go.jp/12/index.php?action_kouhyou_detail_004_kani=true&JigyosyoCd=1272402965-00&ServiceCd=780&Type=search" }, "geometry": { "type": "Point", "coordinates": [ 140.036249, 35.467674 ] } },
{ "type": "Feature", "properties": { "内容": "デイサービスセンターるーすと市原【地域密着型通所介護】千葉県市原市国分寺台中央１－７－１２デイサービスセンターるーすと市原", "url2": "https://www.kaigokensaku.mhlw.go.jp/12/index.php?action_kouhyou_detail_004_kani=true&JigyosyoCd=1272401975-00&ServiceCd=780&Type=search" }, "geometry": { "type": "Point", "coordinates": [ 140.1169978, 35.4964212 ] } },
{ "type": "Feature", "properties": { "内容": "デイサービスセンター　るーすと八幡宿【地域密着型通所介護】千葉県市原市東五所6-8第十南場ハイツ1階", "url2": "https://www.kaigokensaku.mhlw.go.jp/12/index.php?action_kouhyou_detail_004_kani=true&JigyosyoCd=1272402536-00&ServiceCd=780&Type=search" }, "geometry": { "type": "Point", "coordinates": [ 140.113500400000021, 35.5252232 ] } },
{ "type": "Feature", "properties": { "内容": "浅井小向デイサービス　えん【地域密着型通所介護】千葉県市原市浅井小向　125番地", "url2": "https://www.kaigokensaku.mhlw.go.jp/12/index.php?action_kouhyou_detail_004_kani=true&JigyosyoCd=1272402601-00&ServiceCd=780&Type=search" }, "geometry": { "type": "Point", "coordinates": [ 140.114514899999989, 35.4674249 ] } },
{ "type": "Feature", "properties": { "内容": "デイサービスセンター三和の里【地域密着型通所介護】千葉県市原市山田798-1", "url2": "https://www.kaigokensaku.mhlw.go.jp/12/index.php?action_kouhyou_detail_004_kani=true&JigyosyoCd=1272402056-00&ServiceCd=780&Type=search" }, "geometry": { "type": "Point", "coordinates": [ 140.122850500000027, 35.46312 ] } },
{ "type": "Feature", "properties": { "内容": "フルール・ガーデン【地域密着型通所介護】千葉県市原市ちはら台東4-11-20", "url2": "https://www.kaigokensaku.mhlw.go.jp/12/index.php?action_kouhyou_detail_004_kani=true&JigyosyoCd=1292400403-00&ServiceCd=780&Type=search" }, "geometry": { "type": "Point", "coordinates": [ 140.1930495, 35.5406082 ] } },
{ "type": "Feature", "properties": { "内容": "デイサービスセンターぬくもり君塚【地域密着型通所介護】千葉県市原市君塚3－22－1", "url2": "https://www.kaigokensaku.mhlw.go.jp/12/index.php?action_kouhyou_detail_004_kani=true&JigyosyoCd=1272401165-00&ServiceCd=780&Type=search" }, "geometry": { "type": "Point", "coordinates": [ 140.10595109999997, 35.5243064 ] } },
{ "type": "Feature", "properties": { "内容": "デイサービスセンターぬくもり五井東【地域密着型通所介護】千葉県市原市平田1428番地", "url2": "https://www.kaigokensaku.mhlw.go.jp/12/index.php?action_kouhyou_detail_004_kani=true&JigyosyoCd=1272401017-00&ServiceCd=780&Type=search" }, "geometry": { "type": "Point", "coordinates": [ 140.0958498, 35.505505600000035 ] } },
{ "type": "Feature", "properties": { "内容": "デイサービスセンターぬくもり今富【地域密着型通所介護】千葉県市原市今富678-4", "url2": "https://www.kaigokensaku.mhlw.go.jp/12/index.php?action_kouhyou_detail_004_kani=true&JigyosyoCd=1272402130-00&ServiceCd=780&Type=search" }, "geometry": { "type": "Point", "coordinates": [ 140.090417, 35.47454050000001 ] } },
{ "type": "Feature", "properties": { "内容": "かとれあ笑会【地域密着型通所介護】千葉県市原市ちはら台南5-29-13", "url2": "https://www.kaigokensaku.mhlw.go.jp/12/index.php?action_kouhyou_detail_004_kani=true&JigyosyoCd=1272402379-00&ServiceCd=780&Type=search" }, "geometry": { "type": "Point", "coordinates": [ 140.189630500000021, 35.5315348 ] } },
{ "type": "Feature", "properties": { "内容": "らいふばでぃ市原店【地域密着型通所介護】千葉県市原市不入斗1463", "url2": "https://www.kaigokensaku.mhlw.go.jp/12/index.php?action_kouhyou_detail_004_kani=true&JigyosyoCd=1292400395-00&ServiceCd=780&Type=search" }, "geometry": { "type": "Point", "coordinates": [ 140.046881955819686, 35.463500807548691 ] } },
{ "type": "Feature", "properties": { "内容": "市原園デイサービスセンター【地域密着型通所介護】千葉県市原市万田野732番地6", "url2": "https://www.kaigokensaku.mhlw.go.jp/12/index.php?action_kouhyou_detail_004_kani=true&JigyosyoCd=1272401231-00&ServiceCd=780&Type=search" }, "geometry": { "type": "Point", "coordinates": [ 140.1238727, 35.3220892 ] } },
{ "type": "Feature", "properties": { "内容": "あい家族和楽の家ちはら台【地域密着型通所介護】千葉県市原市ちはら台南２-１７-２", "url2": "https://www.kaigokensaku.mhlw.go.jp/12/index.php?action_kouhyou_detail_004_kani=true&JigyosyoCd=1272401777-00&ServiceCd=780&Type=search" }, "geometry": { "type": "Point", "coordinates": [ 140.177928699999939, 35.525688 ] } },
{ "type": "Feature", "properties": { "内容": "デイサービスきたえるーむ市原五井【地域密着型通所介護】千葉県市原市五井中央東2-17-18Ｆｉｔビル１Ｆ", "url2": "https://www.kaigokensaku.mhlw.go.jp/12/index.php?action_kouhyou_detail_004_kani=true&JigyosyoCd=1272403294-00&ServiceCd=780&Type=search" }, "geometry": { "type": "Point", "coordinates": [ 140.092455500000028, 35.510954900000016 ] } },
{ "type": "Feature", "properties": { "内容": "春の日デイサービスセンター市原【地域密着型通所介護】千葉県市原市潤井戸1315-1", "url2": "https://www.kaigokensaku.mhlw.go.jp/12/index.php?action_kouhyou_detail_004_kani=true&JigyosyoCd=1292400189-00&ServiceCd=780&Type=search" }, "geometry": { "type": "Point", "coordinates": [ 140.169324, 35.5209661 ] } },
{ "type": "Feature", "properties": { "内容": "デイサービス椿の丘【地域密着型通所介護】千葉県市原市光風台２丁目３８１－５", "url2": "https://www.kaigokensaku.mhlw.go.jp/12/index.php?action_kouhyou_detail_004_kani=true&JigyosyoCd=1292400387-00&ServiceCd=780&Type=search" }, "geometry": { "type": "Point", "coordinates": [ 140.1131402, 35.4474241 ] } },
{ "type": "Feature", "properties": { "内容": "あいず五井デイサービス【地域密着型通所介護】千葉県市原市郡本1丁目213番地", "url2": "https://www.kaigokensaku.mhlw.go.jp/12/index.php?action_kouhyou_detail_004_kani=true&JigyosyoCd=1272402718-00&ServiceCd=780&Type=search" }, "geometry": { "type": "Point", "coordinates": [ 140.118914200000063, 35.5119083 ] } },
{ "type": "Feature", "properties": { "内容": "あいず市原デイサービス【地域密着型通所介護】千葉県市原市椎津657", "url2": "https://www.kaigokensaku.mhlw.go.jp/12/index.php?action_kouhyou_detail_004_kani=true&JigyosyoCd=1272401710-00&ServiceCd=780&Type=search" }, "geometry": { "type": "Point", "coordinates": [ 140.0364502, 35.4688071 ] } },
{ "type": "Feature", "properties": { "内容": "ケアセンターここねッ【地域密着型通所介護】千葉県市原市北国分寺台2-1-18", "url2": "https://www.kaigokensaku.mhlw.go.jp/12/index.php?action_kouhyou_detail_004_kani=true&JigyosyoCd=1292400510-00&ServiceCd=780&Type=search" }, "geometry": { "type": "Point", "coordinates": [ 140.1184356, 35.5070417 ] } },
{ "type": "Feature", "properties": { "内容": "五井リハビリデイサービス【地域密着型通所介護】千葉県市原市玉前338　2号室", "url2": "https://www.kaigokensaku.mhlw.go.jp/12/index.php?action_kouhyou_detail_004_kani=true&JigyosyoCd=1272402411-00&ServiceCd=780&Type=search" }, "geometry": { "type": "Point", "coordinates": [ 140.074685474127591, 35.521674916974099 ] } },
{ "type": "Feature", "properties": { "内容": "らいおんハートリハビリデイサービスSmartGYM【地域密着型通所介護】千葉県市原市大厩　1796－5", "url2": "https://www.kaigokensaku.mhlw.go.jp/12/index.php?action_kouhyou_detail_004_kani=true&JigyosyoCd=1292400288-00&ServiceCd=780&Type=search" }, "geometry": { "type": "Point", "coordinates": [ 140.1450436, 35.5229079 ] } },
{ "type": "Feature", "properties": { "内容": "レコードブック姉崎【地域密着型通所介護】千葉県市原市姉崎1905-3", "url2": "https://www.kaigokensaku.mhlw.go.jp/12/index.php?action_kouhyou_detail_004_kani=true&JigyosyoCd=1292400379-00&ServiceCd=780&Type=search" }, "geometry": { "type": "Point", "coordinates": [ 140.0474912, 35.477195600000023 ] } },
{ "type": "Feature", "properties": { "内容": "ヤックスデイサービスちはら台【地域密着型通所介護】千葉県市原市ちはら台南6-2", "url2": "https://www.kaigokensaku.mhlw.go.jp/12/index.php?action_kouhyou_detail_004_kani=true&JigyosyoCd=1292400544-00&ServiceCd=780&Type=search" }, "geometry": { "type": "Point", "coordinates": [ 140.1851818, 35.5308852 ] } },
{ "type": "Feature", "properties": { "内容": "優瑠里【地域密着型通所介護】千葉県市原市大厩９２９－２", "url2": "https://www.kaigokensaku.mhlw.go.jp/12/index.php?action_kouhyou_detail_004_kani=true&JigyosyoCd=1272401850-00&ServiceCd=780&Type=search" }, "geometry": { "type": "Point", "coordinates": [ 140.153860799999961, 35.5283703 ] } },
{ "type": "Feature", "properties": { "内容": "リハビリデイサービスやぎさんの家【地域密着型通所介護】千葉県流山市平和台3－6－11いとうビル1F", "url2": "https://www.kaigokensaku.mhlw.go.jp/12/index.php?action_kouhyou_detail_004_kani=true&JigyosyoCd=1272502640-00&ServiceCd=780&Type=search" }, "geometry": { "type": "Point", "coordinates": [ 139.90384640000002, 35.851727 ] } },
{ "type": "Feature", "properties": { "内容": "ひれがさきデイサービスリハビリセンター【地域密着型通所介護】千葉県流山市鰭ヶ崎1448第一スズキビル１F", "url2": "https://www.kaigokensaku.mhlw.go.jp/12/index.php?action_kouhyou_detail_004_kani=true&JigyosyoCd=1272502277-00&ServiceCd=780&Type=search" }, "geometry": { "type": "Point", "coordinates": [ 139.91066, 35.8410786 ] } },
{ "type": "Feature", "properties": { "内容": "樹楽流山平和台【地域密着型通所介護】千葉県流山市平和台２－８－８", "url2": "https://www.kaigokensaku.mhlw.go.jp/12/index.php?action_kouhyou_detail_004_kani=true&JigyosyoCd=1272502285-00&ServiceCd=780&Type=search" }, "geometry": { "type": "Point", "coordinates": [ 139.904574, 35.8532907 ] } },
{ "type": "Feature", "properties": { "内容": "りはびり空間スコヤカ・ケア松ヶ丘店【地域密着型通所介護】千葉県流山市松ヶ丘2丁目320-53", "url2": "https://www.kaigokensaku.mhlw.go.jp/12/index.php?action_kouhyou_detail_004_kani=true&JigyosyoCd=1272501873-00&ServiceCd=780&Type=search" }, "geometry": { "type": "Point", "coordinates": [ 139.949722400000013, 35.8471845 ] } },
{ "type": "Feature", "properties": { "内容": "デイサービスきたえるーむ流山初石【地域密着型通所介護】千葉県流山市東初石二丁目91番5", "url2": "https://www.kaigokensaku.mhlw.go.jp/12/index.php?action_kouhyou_detail_004_kani=true&JigyosyoCd=1272502194-00&ServiceCd=780&Type=search" }, "geometry": { "type": "Point", "coordinates": [ 139.917206636787682, 35.885381785915527 ] } },
{ "type": "Feature", "properties": { "内容": "だんらんの家南流山2号館【地域密着型通所介護】千葉県流山市南流山7丁目28-11", "url2": "https://www.kaigokensaku.mhlw.go.jp/12/index.php?action_kouhyou_detail_004_kani=true&JigyosyoCd=1292500327-00&ServiceCd=780&Type=search" }, "geometry": { "type": "Point", "coordinates": [ 139.8934382, 35.8438368 ] } },
{ "type": "Feature", "properties": { "内容": "だんらんの家南流山【地域密着型通所介護】千葉県流山市南流山7丁目10-10", "url2": "https://www.kaigokensaku.mhlw.go.jp/12/index.php?action_kouhyou_detail_004_kani=true&JigyosyoCd=1292500301-00&ServiceCd=780&Type=search" }, "geometry": { "type": "Point", "coordinates": [ 139.895510100000024, 35.8422099 ] } },
{ "type": "Feature", "properties": { "内容": "デイサービス　美晴らしの里おおたかの森【地域密着型通所介護】千葉県流山市おおたかの森西1-2-3アゼリアテラス1F", "url2": "https://www.kaigokensaku.mhlw.go.jp/12/index.php?action_kouhyou_detail_004_kani=true&JigyosyoCd=1292500285-00&ServiceCd=780&Type=search" }, "geometry": { "type": "Point", "coordinates": [ 139.924046534478549, 35.871349852721849 ] } },
{ "type": "Feature", "properties": { "内容": "デイホームきずなの家【地域密着型通所介護】千葉県流山市野々下5-101-11", "url2": "https://www.kaigokensaku.mhlw.go.jp/12/index.php?action_kouhyou_detail_004_kani=true&JigyosyoCd=1292500202-00&ServiceCd=780&Type=search" }, "geometry": { "type": "Point", "coordinates": [ 139.943489799999952, 35.8601072 ] } },
{ "type": "Feature", "properties": { "内容": "デイサービス歩【地域密着型通所介護】千葉県流山市西初石4-475-1", "url2": "https://www.kaigokensaku.mhlw.go.jp/12/index.php?action_kouhyou_detail_004_kani=true&JigyosyoCd=1272502053-00&ServiceCd=780&Type=search" }, "geometry": { "type": "Point", "coordinates": [ 139.916488800000025, 35.8816923 ] } },
{ "type": "Feature", "properties": { "内容": "茶の木屋デイサービス八千代【地域密着型通所介護】千葉県八千代市高津434-9", "url2": "https://www.kaigokensaku.mhlw.go.jp/12/index.php?action_kouhyou_detail_004_kani=true&JigyosyoCd=1272601889-00&ServiceCd=780&Type=search" }, "geometry": { "type": "Point", "coordinates": [ 140.082299899999953, 35.7147412 ] } },
{ "type": "Feature", "properties": { "内容": "デイサービス四季彩【地域密着型通所介護】千葉県八千代市八千代台北１－１０－９松岡ビル１Ｆ", "url2": "https://www.kaigokensaku.mhlw.go.jp/12/index.php?action_kouhyou_detail_004_kani=true&JigyosyoCd=1272602325-00&ServiceCd=780&Type=search" }, "geometry": { "type": "Point", "coordinates": [ 140.094527699999958, 35.7077123 ] } },
{ "type": "Feature", "properties": { "内容": "デイサービス・元気庵大和田店【地域密着型通所介護】千葉県八千代市大和田６６２－３", "url2": "https://www.kaigokensaku.mhlw.go.jp/12/index.php?action_kouhyou_detail_004_kani=true&JigyosyoCd=1272601228-00&ServiceCd=780&Type=search" }, "geometry": { "type": "Point", "coordinates": [ 140.096876, 35.7156997 ] } },
{ "type": "Feature", "properties": { "内容": "デイサービス・元気庵リハビリステーションBルーム【地域密着型通所介護】千葉県八千代市ゆりのき台４－１－１２　Ｎ＆Ｓビル　３０１", "url2": "https://www.kaigokensaku.mhlw.go.jp/12/index.php?action_kouhyou_detail_004_kani=true&JigyosyoCd=1292600390-00&ServiceCd=780&Type=search" }, "geometry": { "type": "Point", "coordinates": [ 140.104967366870937, 35.72855173778224 ] } },
{ "type": "Feature", "properties": { "内容": "デイサービス・元気庵新川店【地域密着型通所介護】千葉県八千代市萱田１７８７", "url2": "https://www.kaigokensaku.mhlw.go.jp/12/index.php?action_kouhyou_detail_004_kani=true&JigyosyoCd=1292600408-00&ServiceCd=780&Type=search" }, "geometry": { "type": "Point", "coordinates": [ 140.110543215731497, 35.727534042471163 ] } },
{ "type": "Feature", "properties": { "内容": "デイサービス・元気庵リハビリステーションアネックス【地域密着型通所介護】千葉県八千代市ゆりのき台3-5-2ユウセイモール　1階Ｃ", "url2": "https://www.kaigokensaku.mhlw.go.jp/12/index.php?action_kouhyou_detail_004_kani=true&JigyosyoCd=1292600523-00&ServiceCd=780&Type=search" }, "geometry": { "type": "Point", "coordinates": [ 140.102227699999986, 35.7285759 ] } },
{ "type": "Feature", "properties": { "内容": "スパリゾートAzzurroLimone【地域密着型通所介護】千葉県八千代市大和田新田375-2", "url2": "https://www.kaigokensaku.mhlw.go.jp/12/index.php?action_kouhyou_detail_004_kani=true&JigyosyoCd=1292600572-00&ServiceCd=780&Type=search" }, "geometry": { "type": "Point", "coordinates": [ 140.095066300000013, 35.7238485 ] } },
{ "type": "Feature", "properties": { "内容": "リハプライド・勝田台【地域密着型通所介護】千葉県八千代市勝田台北1丁目10番9号ＣＲＥＡ勝田台1－Ｂ", "url2": "https://www.kaigokensaku.mhlw.go.jp/12/index.php?action_kouhyou_detail_004_kani=true&JigyosyoCd=1272602614-00&ServiceCd=780&Type=search" }, "geometry": { "type": "Point", "coordinates": [ 140.123173, 35.7155121 ] } },
{ "type": "Feature", "properties": { "内容": "有限会社　ケア・サービス花見川　ほのぼの勝田台【地域密着型通所介護】千葉県八千代市勝田台南2-19-27ほのぼのデイサービス", "url2": "https://www.kaigokensaku.mhlw.go.jp/12/index.php?action_kouhyou_detail_004_kani=true&JigyosyoCd=1272602366-00&ServiceCd=780&Type=search" }, "geometry": { "type": "Point", "coordinates": [ 140.1191513, 35.71108370000001 ] } },
{ "type": "Feature", "properties": { "内容": "あいがある八千代台デイサービスセンター【地域密着型通所介護】千葉県八千代市八千代台西4－3－5", "url2": "https://www.kaigokensaku.mhlw.go.jp/12/index.php?action_kouhyou_detail_004_kani=true&JigyosyoCd=1292600291-00&ServiceCd=780&Type=search" }, "geometry": { "type": "Point", "coordinates": [ 140.085942100000011, 35.6988653 ] } },
{ "type": "Feature", "properties": { "内容": "ともいきデイサービス八千代東【地域密着型通所介護】千葉県八千代市八千代台東2-13-8", "url2": "https://www.kaigokensaku.mhlw.go.jp/12/index.php?action_kouhyou_detail_004_kani=true&JigyosyoCd=1272602796-00&ServiceCd=780&Type=search" }, "geometry": { "type": "Point", "coordinates": [ 140.096627, 35.7008208 ] } },
{ "type": "Feature", "properties": { "内容": "だんらんの家八千代台【地域密着型通所介護】千葉県八千代市八千代台東4-9-9", "url2": "https://www.kaigokensaku.mhlw.go.jp/12/index.php?action_kouhyou_detail_004_kani=true&JigyosyoCd=1272602275-00&ServiceCd=780&Type=search" }, "geometry": { "type": "Point", "coordinates": [ 140.096612818402718, 35.702700004409365 ] } },
{ "type": "Feature", "properties": { "内容": "ときめきデイサービスやちよ【地域密着型通所介護】千葉県八千代市八千代台北１１－５－２", "url2": "https://www.kaigokensaku.mhlw.go.jp/12/index.php?action_kouhyou_detail_004_kani=true&JigyosyoCd=1272600899-00&ServiceCd=780&Type=search" }, "geometry": { "type": "Point", "coordinates": [ 140.092341, 35.7074062 ] } },
{ "type": "Feature", "properties": { "内容": "リハプライド・やちよ台【地域密着型通所介護】千葉県八千代市八千代台東1-17-2司ビル1階", "url2": "https://www.kaigokensaku.mhlw.go.jp/12/index.php?action_kouhyou_detail_004_kani=true&JigyosyoCd=1272602432-00&ServiceCd=780&Type=search" }, "geometry": { "type": "Point", "coordinates": [ 140.092810699999973, 35.7015929 ] } },
{ "type": "Feature", "properties": { "内容": "ミック健康の森　米本【地域密着型通所介護】千葉県八千代市米本1359UR5-28号棟　104号室", "url2": "https://www.kaigokensaku.mhlw.go.jp/12/index.php?action_kouhyou_detail_004_kani=true&JigyosyoCd=1292600580-00&ServiceCd=780&Type=search" }, "geometry": { "type": "Point", "coordinates": [ 140.113948, 35.755622 ] } },
{ "type": "Feature", "properties": { "内容": "八千代城デイサービスセンター【地域密着型通所介護】千葉県八千代市保品2070-5", "url2": "https://www.kaigokensaku.mhlw.go.jp/12/index.php?action_kouhyou_detail_004_kani=true&JigyosyoCd=1272600329-00&ServiceCd=780&Type=search" }, "geometry": { "type": "Point", "coordinates": [ 140.133034299999963, 35.7641762 ] } },
{ "type": "Feature", "properties": { "内容": "レコードブック八千代台【地域密着型通所介護】千葉県八千代市八千代台西1-4-6", "url2": "https://www.kaigokensaku.mhlw.go.jp/12/index.php?action_kouhyou_detail_004_kani=true&JigyosyoCd=1292600374-00&ServiceCd=780&Type=search" }, "geometry": { "type": "Point", "coordinates": [ 140.088622399999963, 35.7005263 ] } },
{ "type": "Feature", "properties": { "内容": "だんらんの家　八千代村上【地域密着型通所介護】千葉県八千代市上高野1238-64", "url2": "https://www.kaigokensaku.mhlw.go.jp/12/index.php?action_kouhyou_detail_004_kani=true&JigyosyoCd=1292600564-00&ServiceCd=780&Type=search" }, "geometry": { "type": "Point", "coordinates": [ 140.133317799999986, 35.7217982 ] } },
{ "type": "Feature", "properties": { "内容": "プライマリデイサービス八千代緑が丘【地域密着型通所介護】千葉県八千代市緑が丘-1-1-1", "url2": "https://www.kaigokensaku.mhlw.go.jp/12/index.php?action_kouhyou_detail_004_kani=true&JigyosyoCd=1272601921-00&ServiceCd=780&Type=search" }, "geometry": { "type": "Point", "coordinates": [ 140.073066, 35.7293386 ] } },
{ "type": "Feature", "properties": { "内容": "米本のいしいさん家【地域密着型通所介護】千葉県八千代市米本1286番地", "url2": "https://www.kaigokensaku.mhlw.go.jp/12/index.php?action_kouhyou_detail_004_kani=true&JigyosyoCd=1292600473-00&ServiceCd=780&Type=search" }, "geometry": { "type": "Point", "coordinates": [ 140.1144271, 35.7621858 ] } },
{ "type": "Feature", "properties": { "内容": "ミック健康の森　ゆりのき台【地域密着型通所介護】千葉県八千代市ゆりのき台7-27-11", "url2": "https://www.kaigokensaku.mhlw.go.jp/12/index.php?action_kouhyou_detail_004_kani=true&JigyosyoCd=1292600598-00&ServiceCd=780&Type=search" }, "geometry": { "type": "Point", "coordinates": [ 135.179867, 34.9144814 ] } },
{ "type": "Feature", "properties": { "内容": "ういず・ユー勝田台デイサロン【地域密着型通所介護】千葉県八千代勝田台4－27－11", "url2": "https://www.kaigokensaku.mhlw.go.jp/12/index.php?action_kouhyou_detail_004_kani=true&JigyosyoCd=1272601525-00&ServiceCd=780&Type=search" }, "geometry": { "type": "Point", "coordinates": [ 140.129536899999948, 35.7051928 ] } },
{ "type": "Feature", "properties": { "内容": "プライマリーデイサービス　八千代中央【地域密着型通所介護】千葉県八千代市大和田新田510-2プログレス花通2-C", "url2": "https://www.kaigokensaku.mhlw.go.jp/12/index.php?action_kouhyou_detail_004_kani=true&JigyosyoCd=1272602093-00&ServiceCd=780&Type=search" }, "geometry": { "type": "Point", "coordinates": [ 140.098249900000042, 35.7293843 ] } },
{ "type": "Feature", "properties": { "内容": "デイサービス　オガール八千代台【地域密着型通所介護】千葉県八千代市八千代台西8-15-7オガール八千代台", "url2": "https://www.kaigokensaku.mhlw.go.jp/12/index.php?action_kouhyou_detail_004_kani=true&JigyosyoCd=1292600283-00&ServiceCd=780&Type=search" }, "geometry": { "type": "Point", "coordinates": [ 140.08210639999993, 35.697782 ] } },
{ "type": "Feature", "properties": { "内容": "グリーンヒル八千代台南デイホーム【地域密着型通所介護】千葉県八千代市八千代台南1-24-22", "url2": "https://www.kaigokensaku.mhlw.go.jp/12/index.php?action_kouhyou_detail_004_kani=true&JigyosyoCd=1292600515-00&ServiceCd=780&Type=search" }, "geometry": { "type": "Point", "coordinates": [ 140.090590547221382, 35.697256465065905 ] } },
{ "type": "Feature", "properties": { "内容": "リハビリ型デイサービス　リカバリーデイ八千代【地域密着型通所介護】千葉県八千代市大和田新田15高津団地1-13-108", "url2": "https://www.kaigokensaku.mhlw.go.jp/12/index.php?action_kouhyou_detail_004_kani=true&JigyosyoCd=1292600531-00&ServiceCd=780&Type=search" }, "geometry": { "type": "Point", "coordinates": [ 140.076863300000042, 35.7202018 ] } },
{ "type": "Feature", "properties": { "内容": "RehaPlus【地域密着型通所介護】千葉県八千代市高津491-1アルプローズ1A", "url2": "https://www.kaigokensaku.mhlw.go.jp/12/index.php?action_kouhyou_detail_004_kani=true&JigyosyoCd=1292600549-00&ServiceCd=780&Type=search" }, "geometry": { "type": "Point", "coordinates": [ 140.086050199999988, 35.7153148 ] } },
{ "type": "Feature", "properties": { "内容": "こひつじ八千代デイサービスセンター【地域密着型通所介護】千葉県八千代市高津東1-5-4", "url2": "https://www.kaigokensaku.mhlw.go.jp/12/index.php?action_kouhyou_detail_004_kani=true&JigyosyoCd=1292600556-00&ServiceCd=780&Type=search" }, "geometry": { "type": "Point", "coordinates": [ 140.0891675, 35.7131225 ] } },
{ "type": "Feature", "properties": { "内容": "コープみらい高津第２デイサービスセンター【地域密着型通所介護】八千代市大和田新田15-1-18　２F", "url2": "https://www.kaigokensaku.mhlw.go.jp/12/index.php?action_kouhyou_detail_004_kani=true&JigyosyoCd=1272602242-00&ServiceCd=780&Type=search" }, "geometry": { "type": "Point", "coordinates": [ 140.077993659568335, 35.720454371309131 ] } },
{ "type": "Feature", "properties": { "内容": "自立支援型デイ・サービスてく歩八千代大和田【地域密着型通所介護】千葉県八千代市大和田新田168-1", "url2": "https://www.kaigokensaku.mhlw.go.jp/12/index.php?action_kouhyou_detail_004_kani=true&JigyosyoCd=1292600648-00&ServiceCd=780&Type=search" }, "geometry": { "type": "Point", "coordinates": [ 140.092883300000011, 35.7222007 ] } },
{ "type": "Feature", "properties": { "内容": "ヤックスデイサービス大和田【地域密着型通所介護】千葉県八千代市大和田新田326-1", "url2": "https://www.kaigokensaku.mhlw.go.jp/12/index.php?action_kouhyou_detail_004_kani=true&JigyosyoCd=1292600325-00&ServiceCd=780&Type=search" }, "geometry": { "type": "Point", "coordinates": [ 140.098473, 35.7214775 ] } },
{ "type": "Feature", "properties": { "内容": "デイサービスセンターほうゆうの里【地域密着型通所介護】千葉県八千代市上高野157", "url2": "https://www.kaigokensaku.mhlw.go.jp/12/index.php?action_kouhyou_detail_004_kani=true&JigyosyoCd=1272601798-00&ServiceCd=780&Type=search" }, "geometry": { "type": "Point", "coordinates": [ 140.127909600000066, 35.7445366 ] } },
{ "type": "Feature", "properties": { "内容": "デイサービス　ルーチェ【地域密着型通所介護】千葉県我孫子市南新木１－２８－３", "url2": "https://www.kaigokensaku.mhlw.go.jp/12/index.php?action_kouhyou_detail_004_kani=true&JigyosyoCd=1272701036-00&ServiceCd=780&Type=search" }, "geometry": { "type": "Point", "coordinates": [ 140.1092423, 35.8588939 ] } },
{ "type": "Feature", "properties": { "内容": "デイサービスれもん【地域密着型通所介護】千葉県我孫子市新木3154-13", "url2": "https://www.kaigokensaku.mhlw.go.jp/12/index.php?action_kouhyou_detail_004_kani=true&JigyosyoCd=1272700525-00&ServiceCd=780&Type=search" }, "geometry": { "type": "Point", "coordinates": [ 140.097920053303596, 35.866375182201594 ] } },
{ "type": "Feature", "properties": { "内容": "デイサービス介護整体らくらく天王台【地域密着型通所介護】千葉県我孫子市天王台2-10-4エーデルハイツ１階", "url2": "https://www.kaigokensaku.mhlw.go.jp/12/index.php?action_kouhyou_detail_004_kani=true&JigyosyoCd=1292700281-00&ServiceCd=780&Type=search" }, "geometry": { "type": "Point", "coordinates": [ 140.043235707873407, 35.871798655178225 ] } },
{ "type": "Feature", "properties": { "内容": "デイサービスすぱいす【地域密着型通所介護】千葉県我孫子市湖北台5-5-3", "url2": "https://www.kaigokensaku.mhlw.go.jp/12/index.php?action_kouhyou_detail_004_kani=true&JigyosyoCd=1272700780-00&ServiceCd=780&Type=search" }, "geometry": { "type": "Point", "coordinates": [ 140.07474579999996, 35.8593853 ] } },
{ "type": "Feature", "properties": { "内容": "デイサービスあっぷる【地域密着型通所介護】千葉県我孫子市中峠1604-40", "url2": "https://www.kaigokensaku.mhlw.go.jp/12/index.php?action_kouhyou_detail_004_kani=true&JigyosyoCd=1292700224-00&ServiceCd=780&Type=search" }, "geometry": { "type": "Point", "coordinates": [ 140.0761675, 35.8731612 ] } },
{ "type": "Feature", "properties": { "内容": "デイサービスすぎな【地域密着型通所介護】千葉県我孫子市つくし野1-16-3", "url2": "https://www.kaigokensaku.mhlw.go.jp/12/index.php?action_kouhyou_detail_004_kani=true&JigyosyoCd=1272700798-00&ServiceCd=780&Type=search" }, "geometry": { "type": "Point", "coordinates": [ 140.0133571, 35.8802447 ] } },
{ "type": "Feature", "properties": { "内容": "けんこうかんソレイユ【地域密着型通所介護】千葉県我孫子市白山1-23-2", "url2": "https://www.kaigokensaku.mhlw.go.jp/12/index.php?action_kouhyou_detail_004_kani=true&JigyosyoCd=1272701085-00&ServiceCd=780&Type=search" }, "geometry": { "type": "Point", "coordinates": [ 140.0095556, 35.8683229 ] } },
{ "type": "Feature", "properties": { "内容": "だんらんの家　我孫子【地域密着型通所介護】千葉県我孫子市並木9-9-14", "url2": "https://www.kaigokensaku.mhlw.go.jp/12/index.php?action_kouhyou_detail_004_kani=true&JigyosyoCd=1272701218-00&ServiceCd=780&Type=search" }, "geometry": { "type": "Point", "coordinates": [ 140.024219899999906, 35.8755847 ] } },
{ "type": "Feature", "properties": { "内容": "リハビリデイ東我孫子【地域密着型通所介護】千葉県我孫子市東我孫子１－１－５フジマンション１Ｆ", "url2": "https://www.kaigokensaku.mhlw.go.jp/12/index.php?action_kouhyou_detail_004_kani=true&JigyosyoCd=1292700232-00&ServiceCd=780&Type=search" }, "geometry": { "type": "Point", "coordinates": [ 140.046751399999948, 35.8687004 ] } },
{ "type": "Feature", "properties": { "内容": "デイサービスママメイト【地域密着型通所介護】千葉県我孫子市柴崎台二丁目9番4号", "url2": "https://www.kaigokensaku.mhlw.go.jp/12/index.php?action_kouhyou_detail_004_kani=true&JigyosyoCd=1272701259-00&ServiceCd=780&Type=search" }, "geometry": { "type": "Point", "coordinates": [ 140.0411183, 35.8746743 ] } },
{ "type": "Feature", "properties": { "内容": "ＧＥＮＫＩＮＥＸＴ我孫子本町【地域密着型通所介護】千葉県我孫子市本町3-9-22セザン・ビョーク1階", "url2": "https://www.kaigokensaku.mhlw.go.jp/12/index.php?action_kouhyou_detail_004_kani=true&JigyosyoCd=1272701275-00&ServiceCd=780&Type=search" }, "geometry": { "type": "Point", "coordinates": [ 140.015297299999986, 35.8711136 ] } },
{ "type": "Feature", "properties": { "内容": "わごころケアセンター【地域密着型通所介護】千葉県我孫子市柴崎台2-8-10坂入ビル1・2Ｆ", "url2": "https://www.kaigokensaku.mhlw.go.jp/12/index.php?action_kouhyou_detail_004_kani=true&JigyosyoCd=1272701226-00&ServiceCd=780&Type=search" }, "geometry": { "type": "Point", "coordinates": [ 140.0412877, 35.8759408 ] } },
{ "type": "Feature", "properties": { "内容": "デイサービスおれんじ【地域密着型通所介護】千葉県我孫子市中峠台39-2", "url2": "https://www.kaigokensaku.mhlw.go.jp/12/index.php?action_kouhyou_detail_004_kani=true&JigyosyoCd=1272700772-00&ServiceCd=780&Type=search" }, "geometry": { "type": "Point", "coordinates": [ 140.071315300000037, 35.872714 ] } },
{ "type": "Feature", "properties": { "内容": "リハビリデイクラモチ【地域密着型通所介護】千葉県我孫子市天王台3-8-11", "url2": "https://www.kaigokensaku.mhlw.go.jp/12/index.php?action_kouhyou_detail_004_kani=true&JigyosyoCd=1272701507-00&ServiceCd=780&Type=search" }, "geometry": { "type": "Point", "coordinates": [ 140.044115499999947, 35.8699641 ] } },
{ "type": "Feature", "properties": { "内容": "リハビリデイサービスわた屋湖北場所【地域密着型通所介護】千葉県我孫子市湖北台１－１４－１グランデレイ1F", "url2": "https://www.kaigokensaku.mhlw.go.jp/12/index.php?action_kouhyou_detail_004_kani=true&JigyosyoCd=1272701341-00&ServiceCd=780&Type=search" }, "geometry": { "type": "Point", "coordinates": [ 140.075423300000011, 35.8663982 ] } },
{ "type": "Feature", "properties": { "内容": "デイサービスたんぽぽ【地域密着型通所介護】千葉県我孫子市新々田78-6", "url2": "https://www.kaigokensaku.mhlw.go.jp/12/index.php?action_kouhyou_detail_004_kani=true&JigyosyoCd=1272701002-00&ServiceCd=780&Type=search" }, "geometry": { "type": "Point", "coordinates": [ 140.132213099999944, 35.84631 ] } },
{ "type": "Feature", "properties": { "内容": "デイサービスかもめ【地域密着型通所介護】千葉県鴨川市太海1869-2", "url2": "https://www.kaigokensaku.mhlw.go.jp/12/index.php?action_kouhyou_detail_004_kani=true&JigyosyoCd=1272800457-00&ServiceCd=780&Type=search" }, "geometry": { "type": "Point", "coordinates": [ 140.096451920237769, 35.083503665117689 ] } },
{ "type": "Feature", "properties": { "内容": "めぐみの里デイサービス【地域密着型通所介護】千葉県鴨川市大幡1222-1", "url2": "https://www.kaigokensaku.mhlw.go.jp/12/index.php?action_kouhyou_detail_004_kani=true&JigyosyoCd=1272800093-00&ServiceCd=780&Type=search" }, "geometry": { "type": "Point", "coordinates": [ 139.98885580000001, 35.1362082 ] } },
{ "type": "Feature", "properties": { "内容": "デイサービスセンターふく笑らい【地域密着型通所介護】千葉県鴨川市太海1832-19", "url2": "https://www.kaigokensaku.mhlw.go.jp/12/index.php?action_kouhyou_detail_004_kani=true&JigyosyoCd=1272800424-00&ServiceCd=780&Type=search" }, "geometry": { "type": "Point", "coordinates": [ 140.094483331531137, 35.08308119495215 ] } },
{ "type": "Feature", "properties": { "内容": "デイサロンさくら【地域密着型通所介護】千葉県鴨川市滑谷46番地", "url2": "https://www.kaigokensaku.mhlw.go.jp/12/index.php?action_kouhyou_detail_004_kani=true&JigyosyoCd=1292800099-00&ServiceCd=780&Type=search" }, "geometry": { "type": "Point", "coordinates": [ 140.091686900000013, 35.1083503 ] } },
{ "type": "Feature", "properties": { "内容": "デイサービスすみれ【地域密着型通所介護】千葉県鴨川市古畑３８６－１", "url2": "https://www.kaigokensaku.mhlw.go.jp/12/index.php?action_kouhyou_detail_004_kani=true&JigyosyoCd=1292800081-00&ServiceCd=780&Type=search" }, "geometry": { "type": "Point", "coordinates": [ 139.974317351234504, 35.141986724814394 ] } },
{ "type": "Feature", "properties": { "内容": "デイサービス優しい時間【地域密着型通所介護】千葉県鎌ケ谷市北中沢2-10-9", "url2": "https://www.kaigokensaku.mhlw.go.jp/12/index.php?action_kouhyou_detail_004_kani=true&JigyosyoCd=1272900588-00&ServiceCd=780&Type=search" }, "geometry": { "type": "Point", "coordinates": [ 139.985582099999988, 35.772047 ] } },
{ "type": "Feature", "properties": { "内容": "自立支援型デイサービスてく歩　鎌ケ谷事業所【地域密着型通所介護】千葉県鎌ケ谷市東初富四丁目３６番１５号京葉ガス鎌ケ谷ビル1階", "url2": "https://www.kaigokensaku.mhlw.go.jp/12/index.php?action_kouhyou_detail_004_kani=true&JigyosyoCd=1292900204-00&ServiceCd=780&Type=search" }, "geometry": { "type": "Point", "coordinates": [ 140.0096819, 35.7633084 ] } },
{ "type": "Feature", "properties": { "内容": "デイサービス・なごみハウス【地域密着型通所介護】千葉県鎌ケ谷市東中沢３-３５-２", "url2": "https://www.kaigokensaku.mhlw.go.jp/12/index.php?action_kouhyou_detail_004_kani=true&JigyosyoCd=1291200689-00&ServiceCd=780&Type=search" }, "geometry": { "type": "Point", "coordinates": [ 139.9924632, 35.7676078 ] } },
{ "type": "Feature", "properties": { "内容": "デイサービス　みつ葉の家【地域密着型通所介護】千葉県鎌ケ谷市南初富１丁目２３－９１", "url2": "https://www.kaigokensaku.mhlw.go.jp/12/index.php?action_kouhyou_detail_004_kani=true&JigyosyoCd=1292900220-00&ServiceCd=780&Type=search" }, "geometry": { "type": "Point", "coordinates": [ 140.0096025, 35.7761847 ] } },
{ "type": "Feature", "properties": { "内容": "リハビリデイサービス　アールズ【地域密着型通所介護】千葉県鎌ケ谷市丸山3-7-7", "url2": "https://www.kaigokensaku.mhlw.go.jp/12/index.php?action_kouhyou_detail_004_kani=true&JigyosyoCd=1272900877-00&ServiceCd=780&Type=search" }, "geometry": { "type": "Point", "coordinates": [ 140.001810500000033, 35.7624626 ] } },
{ "type": "Feature", "properties": { "内容": "デイサービス四つ葉のクローバー【地域密着型通所介護】千葉県鎌ケ谷市道野辺本町2-14-3トゥルースビル1号室", "url2": "https://www.kaigokensaku.mhlw.go.jp/12/index.php?action_kouhyou_detail_004_kani=true&JigyosyoCd=1292900139-00&ServiceCd=780&Type=search" }, "geometry": { "type": "Point", "coordinates": [ 139.998778343413534, 35.761121053349626 ] } },
{ "type": "Feature", "properties": { "内容": "デイサービス　日々草【地域密着型通所介護】千葉県鎌ヶ谷市南初富2-1-16", "url2": "https://www.kaigokensaku.mhlw.go.jp/12/index.php?action_kouhyou_detail_004_kani=true&JigyosyoCd=1292900147-00&ServiceCd=780&Type=search" }, "geometry": { "type": "Point", "coordinates": [ 140.004820600000016, 35.7730978 ] } },
{ "type": "Feature", "properties": { "内容": "プライマリーデイサービス鎌ヶ谷【地域密着型通所介護】千葉県鎌ケ谷市鎌ヶ谷5-9-56", "url2": "https://www.kaigokensaku.mhlw.go.jp/12/index.php?action_kouhyou_detail_004_kani=true&JigyosyoCd=1272901065-00&ServiceCd=780&Type=search" }, "geometry": { "type": "Point", "coordinates": [ 140.014798299999939, 35.7550665 ] } },
{ "type": "Feature", "properties": { "内容": "てごころリハビリデイサービス【地域密着型通所介護】千葉県鎌ケ谷市鎌ケ谷4-10-43コーポほんだ1Ｆ", "url2": "https://www.kaigokensaku.mhlw.go.jp/12/index.php?action_kouhyou_detail_004_kani=true&JigyosyoCd=1272902113-00&ServiceCd=780&Type=search" }, "geometry": { "type": "Point", "coordinates": [ 140.0121988, 35.754078 ] } },
{ "type": "Feature", "properties": { "内容": "やすらぎの家　鎌ヶ谷亭【地域密着型通所介護】千葉県鎌ケ谷市東初富2-2-38", "url2": "https://www.kaigokensaku.mhlw.go.jp/12/index.php?action_kouhyou_detail_004_kani=true&JigyosyoCd=1292900170-00&ServiceCd=780&Type=search" }, "geometry": { "type": "Point", "coordinates": [ 140.011056, 35.7720314 ] } },
{ "type": "Feature", "properties": { "内容": "リハビリデイサービスあかり【地域密着型通所介護】千葉県鎌ケ谷市東道野辺7-22-54", "url2": "https://www.kaigokensaku.mhlw.go.jp/12/index.php?action_kouhyou_detail_004_kani=true&JigyosyoCd=1272901230-00&ServiceCd=780&Type=search" }, "geometry": { "type": "Point", "coordinates": [ 139.9931322, 35.7422281 ] } },
{ "type": "Feature", "properties": { "内容": "だんらんの家　鎌ヶ谷【地域密着型通所介護】千葉県鎌ケ谷市くぬぎ山３－１５－３８", "url2": "https://www.kaigokensaku.mhlw.go.jp/12/index.php?action_kouhyou_detail_004_kani=true&JigyosyoCd=1292900097-00&ServiceCd=780&Type=search" }, "geometry": { "type": "Point", "coordinates": [ 139.970593298147577, 35.778839403970423 ] } },
{ "type": "Feature", "properties": { "内容": "デイサービスあおぞら【地域密着型通所介護】千葉県鎌ケ谷市道野辺中央2-5-20レアハウスK1階", "url2": "https://www.kaigokensaku.mhlw.go.jp/12/index.php?action_kouhyou_detail_004_kani=true&JigyosyoCd=1272901107-00&ServiceCd=780&Type=search" }, "geometry": { "type": "Point", "coordinates": [ 139.99606940000001, 35.7641679 ] } },
{ "type": "Feature", "properties": { "内容": "神子デイサービス事業所【地域密着型通所介護】千葉県君津市外箕輪1-23-14", "url2": "https://www.kaigokensaku.mhlw.go.jp/12/index.php?action_kouhyou_detail_004_kani=true&JigyosyoCd=1273000867-00&ServiceCd=780&Type=search" }, "geometry": { "type": "Point", "coordinates": [ 139.91909864533838, 35.312767938142784 ] } },
{ "type": "Feature", "properties": { "内容": "リハビリ専門デイサービスメディカルLabo君津【地域密着型通所介護】千葉県君津市南子安6‐21‐6", "url2": "https://www.kaigokensaku.mhlw.go.jp/12/index.php?action_kouhyou_detail_004_kani=true&JigyosyoCd=12A3000027-00&ServiceCd=780&Type=search" }, "geometry": { "type": "Point", "coordinates": [ 139.924055900000013, 35.3271886 ] } },
{ "type": "Feature", "properties": { "内容": "デイサービスこいと福寿草の家【地域密着型通所介護】千葉県君津市白駒41番地1", "url2": "https://www.kaigokensaku.mhlw.go.jp/12/index.php?action_kouhyou_detail_004_kani=true&JigyosyoCd=1273001022-00&ServiceCd=780&Type=search" }, "geometry": { "type": "Point", "coordinates": [ 139.951173400000016, 35.2959798 ] } },
{ "type": "Feature", "properties": { "内容": "デイサービス羽々ぱたぱた【地域密着型通所介護】千葉県君津市中島644‐1", "url2": "https://www.kaigokensaku.mhlw.go.jp/12/index.php?action_kouhyou_detail_004_kani=true&JigyosyoCd=1273001253-00&ServiceCd=780&Type=search" }, "geometry": { "type": "Point", "coordinates": [ 139.959565099999963, 35.3052824 ] } },
{ "type": "Feature", "properties": { "内容": "君津デイサービスはるか【地域密着型通所介護】千葉県君津市人見1593-2", "url2": "https://www.kaigokensaku.mhlw.go.jp/12/index.php?action_kouhyou_detail_004_kani=true&JigyosyoCd=1273001139-00&ServiceCd=780&Type=search" }, "geometry": { "type": "Point", "coordinates": [ 139.8607165, 35.344095 ] } },
{ "type": "Feature", "properties": { "内容": "ディサービス　なごみの郷【地域密着型通所介護】千葉県君津市東日笠５２０－５", "url2": "https://www.kaigokensaku.mhlw.go.jp/12/index.php?action_kouhyou_detail_004_kani=true&JigyosyoCd=1273001204-00&ServiceCd=780&Type=search" }, "geometry": { "type": "Point", "coordinates": [ 140.002503899999965, 35.2353817 ] } },
{ "type": "Feature", "properties": { "内容": "デイサービス集い【地域密着型通所介護】千葉県君津市常代5-6-34常代地域交流センター1F102号室", "url2": "https://www.kaigokensaku.mhlw.go.jp/12/index.php?action_kouhyou_detail_004_kani=true&JigyosyoCd=1273001006-00&ServiceCd=780&Type=search" }, "geometry": { "type": "Point", "coordinates": [ 139.924176100000011, 35.3062789 ] } },
{ "type": "Feature", "properties": { "内容": "足湯の里【地域密着型通所介護】千葉県君津市内箕輪1-10-11", "url2": "https://www.kaigokensaku.mhlw.go.jp/12/index.php?action_kouhyou_detail_004_kani=true&JigyosyoCd=1293000160-00&ServiceCd=780&Type=search" }, "geometry": { "type": "Point", "coordinates": [ 139.929830574868788, 35.324183540948937 ] } },
{ "type": "Feature", "properties": { "内容": "リハプライドきみつ【地域密着型通所介護】千葉県君津市中島262-2スズキビル１F", "url2": "https://www.kaigokensaku.mhlw.go.jp/12/index.php?action_kouhyou_detail_004_kani=true&JigyosyoCd=1273001634-00&ServiceCd=780&Type=search" }, "geometry": { "type": "Point", "coordinates": [ 139.955334784026746, 35.305869842314557 ] } },
{ "type": "Feature", "properties": { "内容": "デイサービスふれあい【地域密着型通所介護】千葉県富津市岩瀬739-10", "url2": "https://www.kaigokensaku.mhlw.go.jp/12/index.php?action_kouhyou_detail_004_kani=true&JigyosyoCd=1273100220-00&ServiceCd=780&Type=search" }, "geometry": { "type": "Point", "coordinates": [ 139.862951900000013, 35.2888409 ] } },
{ "type": "Feature", "properties": { "内容": "らいおんハート富津シニアガーデンデイサービス【地域密着型通所介護】千葉県富津市篠部2043", "url2": "https://www.kaigokensaku.mhlw.go.jp/12/index.php?action_kouhyou_detail_004_kani=true&JigyosyoCd=1293100093-00&ServiceCd=780&Type=search" }, "geometry": { "type": "Point", "coordinates": [ 139.8487453, 35.2973516 ] } },
{ "type": "Feature", "properties": { "内容": "玄々堂亀田の郷デイサービスセンター【地域密着型通所介護】千葉県富津市亀田445-1特別養護老人ホーム　玄々堂亀田の郷", "url2": "https://www.kaigokensaku.mhlw.go.jp/12/index.php?action_kouhyou_detail_004_kani=true&JigyosyoCd=1293100077-00&ServiceCd=780&Type=search" }, "geometry": { "type": "Point", "coordinates": [ 139.877892100000054, 35.2612849 ] } },
{ "type": "Feature", "properties": { "内容": "デイサービスセンターあさひ【地域密着型通所介護】千葉県富津市上後２８５－１", "url2": "https://www.kaigokensaku.mhlw.go.jp/12/index.php?action_kouhyou_detail_004_kani=true&JigyosyoCd=1273100683-00&ServiceCd=780&Type=search" }, "geometry": { "type": "Point", "coordinates": [ 139.9336518, 35.2122009 ] } },
{ "type": "Feature", "properties": { "内容": "デイサービス富士見【地域密着型通所介護】千葉県富津市湊６９９", "url2": "https://www.kaigokensaku.mhlw.go.jp/12/index.php?action_kouhyou_detail_004_kani=true&JigyosyoCd=1273100626-00&ServiceCd=780&Type=search" }, "geometry": { "type": "Point", "coordinates": [ 139.8735878, 35.2211329 ] } },
{ "type": "Feature", "properties": { "内容": "大佐和苑デイサービスセンター【地域密着型通所介護】千葉県富津市亀沢227番地1", "url2": "https://www.kaigokensaku.mhlw.go.jp/12/index.php?action_kouhyou_detail_004_kani=true&JigyosyoCd=1273100055-00&ServiceCd=780&Type=search" }, "geometry": { "type": "Point", "coordinates": [ 139.894207599999987, 35.2664274 ] } },
{ "type": "Feature", "properties": { "内容": "デイサービスセンターきんこくの家【地域密着型通所介護】千葉県富津市湊533番地4", "url2": "https://www.kaigokensaku.mhlw.go.jp/12/index.php?action_kouhyou_detail_004_kani=true&JigyosyoCd=1273100956-00&ServiceCd=780&Type=search" }, "geometry": { "type": "Point", "coordinates": [ 139.872671199999985, 35.2200108 ] } },
{ "type": "Feature", "properties": { "内容": "デイサロン燈【地域密着型通所介護】千葉県富津市竹岡1005", "url2": "https://www.kaigokensaku.mhlw.go.jp/12/index.php?action_kouhyou_detail_004_kani=true&JigyosyoCd=1273100675-00&ServiceCd=780&Type=search" }, "geometry": { "type": "Point", "coordinates": [ 139.852006299999971, 35.206568199999985 ] } },
{ "type": "Feature", "properties": { "内容": "かずさ三条の里【地域密着型通所介護】千葉県富津市下飯野９９８", "url2": "https://www.kaigokensaku.mhlw.go.jp/12/index.php?action_kouhyou_detail_004_kani=true&JigyosyoCd=1273100329-00&ServiceCd=780&Type=search" }, "geometry": { "type": "Point", "coordinates": [ 139.861803301852433, 35.322963297738546 ] } },
{ "type": "Feature", "properties": { "内容": "リハビリデイサービスnagomi浦安店【地域密着型通所介護】千葉県浦安市堀江6‐11‐20101", "url2": "https://www.kaigokensaku.mhlw.go.jp/12/index.php?action_kouhyou_detail_004_kani=true&JigyosyoCd=1293200174-00&ServiceCd=780&Type=search" }, "geometry": { "type": "Point", "coordinates": [ 139.893153800000022, 35.65418320000002 ] } },
{ "type": "Feature", "properties": { "内容": "デイサービスきらら新浦安【地域密着型通所介護】千葉県浦安市明海2-12-1", "url2": "https://www.kaigokensaku.mhlw.go.jp/12/index.php?action_kouhyou_detail_004_kani=true&JigyosyoCd=1293200190-00&ServiceCd=780&Type=search" }, "geometry": { "type": "Point", "coordinates": [ 139.9173059, 35.6414986 ] } },
{ "type": "Feature", "properties": { "内容": "だんらんの家　浦安【地域密着型通所介護】千葉県浦安市猫実3-23-2", "url2": "https://www.kaigokensaku.mhlw.go.jp/12/index.php?action_kouhyou_detail_004_kani=true&JigyosyoCd=1293200208-00&ServiceCd=780&Type=search" }, "geometry": { "type": "Point", "coordinates": [ 139.896512300000012, 35.6616743 ] } },
{ "type": "Feature", "properties": { "内容": "レコードブック浦安富士見【地域密着型通所介護】千葉県浦安市富士見1-5-23", "url2": "https://www.kaigokensaku.mhlw.go.jp/12/index.php?action_kouhyou_detail_004_kani=true&JigyosyoCd=1293200166-00&ServiceCd=780&Type=search" }, "geometry": { "type": "Point", "coordinates": [ 139.893826499999932, 35.6513253 ] } },
{ "type": "Feature", "properties": { "内容": "イオンスマイル新浦安店【地域密着型通所介護】千葉県浦安市入船1-4-1イオンスタイル新浦安西棟５階", "url2": "https://www.kaigokensaku.mhlw.go.jp/12/index.php?action_kouhyou_detail_004_kani=true&JigyosyoCd=1290600145-00&ServiceCd=780&Type=search" }, "geometry": { "type": "Point", "coordinates": [ 139.914747299999988, 35.6490534 ] } },
{ "type": "Feature", "properties": { "内容": "あったけーのデイinc.【地域密着型通所介護】千葉県浦安市海楽1－2－6ドリームエイトRoom２", "url2": "https://www.kaigokensaku.mhlw.go.jp/12/index.php?action_kouhyou_detail_004_kani=true&JigyosyoCd=1293200240-00&ServiceCd=780&Type=search" }, "geometry": { "type": "Point", "coordinates": [ 139.9028985, 35.6529526 ] } },
{ "type": "Feature", "properties": { "内容": "Go近処【地域密着型通所介護】千葉県浦安市東野2-9-11", "url2": "https://www.kaigokensaku.mhlw.go.jp/12/index.php?action_kouhyou_detail_004_kani=true&JigyosyoCd=1293200257-00&ServiceCd=780&Type=search" }, "geometry": { "type": "Point", "coordinates": [ 139.896904899999981, 35.6499246 ] } },
{ "type": "Feature", "properties": { "内容": "クローバーケアつくし座デイサービス【地域密着型通所介護】千葉県四街道市つくし座1-3-4", "url2": "https://www.kaigokensaku.mhlw.go.jp/12/index.php?action_kouhyou_detail_004_kani=true&JigyosyoCd=1273301273-00&ServiceCd=780&Type=search" }, "geometry": { "type": "Point", "coordinates": [ 140.175782600000019, 35.6711687 ] } },
{ "type": "Feature", "properties": { "内容": "四街道アクティブデイサービス【地域密着型通所介護】千葉県四街道市栗山1052-161メゾンレオ101", "url2": "https://www.kaigokensaku.mhlw.go.jp/12/index.php?action_kouhyou_detail_004_kani=true&JigyosyoCd=1293300206-00&ServiceCd=780&Type=search" }, "geometry": { "type": "Point", "coordinates": [ 140.169387199999989, 35.6725247 ] } },
{ "type": "Feature", "properties": { "内容": "デイサービスIRODORI【地域密着型通所介護】千葉県四街道市下志津新田2541-3", "url2": "https://www.kaigokensaku.mhlw.go.jp/12/index.php?action_kouhyou_detail_004_kani=true&JigyosyoCd=1273301299-00&ServiceCd=780&Type=search" }, "geometry": { "type": "Point", "coordinates": [ 140.154113100000018, 35.6592201 ] } },
{ "type": "Feature", "properties": { "内容": "デイサービスIRODORI栗山【地域密着型通所介護】千葉県四街道市栗山990-5松戸ビル１F", "url2": "https://www.kaigokensaku.mhlw.go.jp/12/index.php?action_kouhyou_detail_004_kani=true&JigyosyoCd=1293300123-00&ServiceCd=780&Type=search" }, "geometry": { "type": "Point", "coordinates": [ 140.173462214321489, 35.67683894882186 ] } },
{ "type": "Feature", "properties": { "内容": "リハビリデイサービスＧｏｏｄＷａｌｋｅｒ【地域密着型通所介護】千葉県四街道市和田177－1", "url2": "https://www.kaigokensaku.mhlw.go.jp/12/index.php?action_kouhyou_detail_004_kani=true&JigyosyoCd=1273300986-00&ServiceCd=780&Type=search" }, "geometry": { "type": "Point", "coordinates": [ 140.18873659999997, 35.6514113 ] } },
{ "type": "Feature", "properties": { "内容": "リハビリセンター四街道【地域密着型通所介護】千葉県四街道市大日356-5", "url2": "https://www.kaigokensaku.mhlw.go.jp/12/index.php?action_kouhyou_detail_004_kani=true&JigyosyoCd=1293300156-00&ServiceCd=780&Type=search" }, "geometry": { "type": "Point", "coordinates": [ 140.162224400000014, 35.6739343 ] } },
{ "type": "Feature", "properties": { "内容": "とらいはーと【地域密着型通所介護】千葉県四街道市大日５０－１７廣やビル１０１", "url2": "https://www.kaigokensaku.mhlw.go.jp/12/index.php?action_kouhyou_detail_004_kani=true&JigyosyoCd=1273301240-00&ServiceCd=780&Type=search" }, "geometry": { "type": "Point", "coordinates": [ 140.153910099999962, 35.6694488 ] } },
{ "type": "Feature", "properties": { "内容": "ういず・ユー　リハリバイブ四街道【地域密着型通所介護】千葉県四街道市鹿渡933-134", "url2": "https://www.kaigokensaku.mhlw.go.jp/12/index.php?action_kouhyou_detail_004_kani=true&JigyosyoCd=1293300164-00&ServiceCd=780&Type=search" }, "geometry": { "type": "Point", "coordinates": [ 140.1672209, 35.6701827 ] } },
{ "type": "Feature", "properties": { "内容": "ふきのとうみんなの家ぱお【地域密着型通所介護】千葉県四街道市旭ケ丘３－７－３", "url2": "https://www.kaigokensaku.mhlw.go.jp/12/index.php?action_kouhyou_detail_004_kani=true&JigyosyoCd=1273300622-00&ServiceCd=780&Type=search" }, "geometry": { "type": "Point", "coordinates": [ 140.186466699999983, 35.6638181 ] } },
{ "type": "Feature", "properties": { "内容": "ミック健康の森大日【地域密着型通所介護】千葉県四街道市大日459-13", "url2": "https://www.kaigokensaku.mhlw.go.jp/12/index.php?action_kouhyou_detail_004_kani=true&JigyosyoCd=1293300198-00&ServiceCd=780&Type=search" }, "geometry": { "type": "Point", "coordinates": [ 140.162518, 35.6744476 ] } },
{ "type": "Feature", "properties": { "内容": "向南台デイサービス【地域密着型通所介護】千葉県四街道市鹿渡６９８－２２", "url2": "https://www.kaigokensaku.mhlw.go.jp/12/index.php?action_kouhyou_detail_004_kani=true&JigyosyoCd=1273300762-00&ServiceCd=780&Type=search" }, "geometry": { "type": "Point", "coordinates": [ 140.175554199999965, 35.667692 ] } },
{ "type": "Feature", "properties": { "内容": "ゆとりデイサービス【地域密着型通所介護】千葉県四街道市和良比257-32", "url2": "https://www.kaigokensaku.mhlw.go.jp/12/index.php?action_kouhyou_detail_004_kani=true&JigyosyoCd=1293300180-00&ServiceCd=780&Type=search" }, "geometry": { "type": "Point", "coordinates": [ 140.1697217, 35.6612209 ] } },
{ "type": "Feature", "properties": { "内容": "アクティブのどか【地域密着型通所介護】千葉県四街道市千代田5-36-9", "url2": "https://www.kaigokensaku.mhlw.go.jp/12/index.php?action_kouhyou_detail_004_kani=true&JigyosyoCd=1273301109-00&ServiceCd=780&Type=search" }, "geometry": { "type": "Point", "coordinates": [ 140.187273, 35.691866 ] } },
{ "type": "Feature", "properties": { "内容": "百笑【地域密着型通所介護】千葉県袖ケ浦市高谷1365百笑", "url2": "https://www.kaigokensaku.mhlw.go.jp/12/index.php?action_kouhyou_detail_004_kani=true&JigyosyoCd=1273400646-00&ServiceCd=780&Type=search" }, "geometry": { "type": "Point", "coordinates": [ 140.057553800000051, 35.3910706 ] } },
{ "type": "Feature", "properties": { "内容": "ADLサポ－トひだまり【地域密着型通所介護】千葉県袖ケ浦市奈良輪265-1", "url2": "https://www.kaigokensaku.mhlw.go.jp/12/index.php?action_kouhyou_detail_004_kani=true&JigyosyoCd=1273400828-00&ServiceCd=780&Type=search" }, "geometry": { "type": "Point", "coordinates": [ 139.9678795, 35.4348527 ] } },
{ "type": "Feature", "properties": { "内容": "デイサービスみどりの丘【地域密着型通所介護】千葉県袖ケ浦市下泉1424番3", "url2": "https://www.kaigokensaku.mhlw.go.jp/12/index.php?action_kouhyou_detail_004_kani=true&JigyosyoCd=1273400679-00&ServiceCd=780&Type=search" }, "geometry": { "type": "Point", "coordinates": [ 140.034528, 35.4210557 ] } },
{ "type": "Feature", "properties": { "内容": "デイサービス陽氣ぐらし【地域密着型通所介護】千葉県袖ケ浦市久保田１８７２－５", "url2": "https://www.kaigokensaku.mhlw.go.jp/12/index.php?action_kouhyou_detail_004_kani=true&JigyosyoCd=1273400638-00&ServiceCd=780&Type=search" }, "geometry": { "type": "Point", "coordinates": [ 140.014173699999958, 35.4460414 ] } },
{ "type": "Feature", "properties": { "内容": "ちいたの平川【地域密着型通所介護】千葉県袖ケ浦市百目木157-1", "url2": "https://www.kaigokensaku.mhlw.go.jp/12/index.php?action_kouhyou_detail_004_kani=true&JigyosyoCd=1273400463-00&ServiceCd=780&Type=search" }, "geometry": { "type": "Point", "coordinates": [ 140.035450399999945, 35.3819409 ] } },
{ "type": "Feature", "properties": { "内容": "デイサービスみどりの風そでがうら【地域密着型通所介護】千葉県袖ケ浦市下泉1425", "url2": "https://www.kaigokensaku.mhlw.go.jp/12/index.php?action_kouhyou_detail_004_kani=true&JigyosyoCd=1293400063-00&ServiceCd=780&Type=search" }, "geometry": { "type": "Point", "coordinates": [ 140.0347554, 35.4214667 ] } },
{ "type": "Feature", "properties": { "内容": "デイサービスホームルーム【地域密着型通所介護】千葉県袖ケ浦市代宿８８番地５", "url2": "https://www.kaigokensaku.mhlw.go.jp/12/index.php?action_kouhyou_detail_004_kani=true&JigyosyoCd=1293400097-00&ServiceCd=780&Type=search" }, "geometry": { "type": "Point", "coordinates": [ 140.0246113, 35.4584981 ] } },
{ "type": "Feature", "properties": { "内容": "通所介護のんき【地域密着型通所介護】千葉県袖ケ浦市代宿３０３", "url2": "https://www.kaigokensaku.mhlw.go.jp/12/index.php?action_kouhyou_detail_004_kani=true&JigyosyoCd=1273400802-00&ServiceCd=780&Type=search" }, "geometry": { "type": "Point", "coordinates": [ 140.027720400000021, 35.4563229 ] } },
{ "type": "Feature", "properties": { "内容": "レコードブック長浦【地域密着型通所介護】千葉県袖ケ浦市長浦駅前1-5-7", "url2": "https://www.kaigokensaku.mhlw.go.jp/12/index.php?action_kouhyou_detail_004_kani=true&JigyosyoCd=1293400147-00&ServiceCd=780&Type=search" }, "geometry": { "type": "Point", "coordinates": [ 139.9984346, 35.449277500000015 ] } },
{ "type": "Feature", "properties": { "内容": "ちいたの福王台【地域密着型通所介護】千葉県袖ケ浦市坂戸市場66-1", "url2": "https://www.kaigokensaku.mhlw.go.jp/12/index.php?action_kouhyou_detail_004_kani=true&JigyosyoCd=1273400356-00&ServiceCd=780&Type=search" }, "geometry": { "type": "Point", "coordinates": [ 139.952011338623066, 35.428578392811239 ] } },
{ "type": "Feature", "properties": { "内容": "ウエルカムリーブ【地域密着型通所介護】千葉県袖ケ浦市神納4179-14", "url2": "https://www.kaigokensaku.mhlw.go.jp/12/index.php?action_kouhyou_detail_004_kani=true&JigyosyoCd=1293400139-00&ServiceCd=780&Type=search" }, "geometry": { "type": "Point", "coordinates": [ 139.987990599999989, 35.4357474 ] } },
{ "type": "Feature", "properties": { "内容": "よりみちの家【地域密着型通所介護】千葉県八街市用草１４４２－２", "url2": "https://www.kaigokensaku.mhlw.go.jp/12/index.php?action_kouhyou_detail_004_kani=true&JigyosyoCd=1293500102-00&ServiceCd=780&Type=search" }, "geometry": { "type": "Point", "coordinates": [ 140.2697389, 35.631964600000018 ] } },
{ "type": "Feature", "properties": { "内容": "デイサービスセンター　砂の里【地域密着型通所介護】千葉県　八街市　砂５５５－１２０", "url2": "https://www.kaigokensaku.mhlw.go.jp/12/index.php?action_kouhyou_detail_004_kani=true&JigyosyoCd=1273500692-00&ServiceCd=780&Type=search" }, "geometry": { "type": "Point", "coordinates": [ 140.288987300000031, 35.6068788 ] } },
{ "type": "Feature", "properties": { "内容": "デイサービスセンターほおじろ【地域密着型通所介護】千葉県八街市八街は25-35", "url2": "https://www.kaigokensaku.mhlw.go.jp/12/index.php?action_kouhyou_detail_004_kani=true&JigyosyoCd=1273501120-00&ServiceCd=780&Type=search" }, "geometry": { "type": "Point", "coordinates": [ 140.294276299999979, 35.6608253 ] } },
{ "type": "Feature", "properties": { "内容": "デイサービス　笑顔の教室【地域密着型通所介護】千葉県八街市文違７３－２", "url2": "https://www.kaigokensaku.mhlw.go.jp/12/index.php?action_kouhyou_detail_004_kani=true&JigyosyoCd=1273500882-00&ServiceCd=780&Type=search" }, "geometry": { "type": "Point", "coordinates": [ 140.319898100000046, 35.6837348 ] } },
{ "type": "Feature", "properties": { "内容": "デイサービス　tomoリハ　八街【地域密着型通所介護】千葉県八街市富山1314-91", "url2": "https://www.kaigokensaku.mhlw.go.jp/12/index.php?action_kouhyou_detail_004_kani=true&JigyosyoCd=1293500144-00&ServiceCd=780&Type=search" }, "geometry": { "type": "Point", "coordinates": [ 140.302335699999958, 35.6711544 ] } },
{ "type": "Feature", "properties": { "内容": "デイサービスセンター睦【地域密着型通所介護】千葉県八街市大木672-310", "url2": "https://www.kaigokensaku.mhlw.go.jp/12/index.php?action_kouhyou_detail_004_kani=true&JigyosyoCd=1293500094-00&ServiceCd=780&Type=search" }, "geometry": { "type": "Point", "coordinates": [ 140.324506564418044, 35.657693847700095 ] } },
{ "type": "Feature", "properties": { "内容": "デイサービスマーガレットホーム【地域密着型通所介護】千葉県八街市富山１３１４-３１３３", "url2": "https://www.kaigokensaku.mhlw.go.jp/12/index.php?action_kouhyou_detail_004_kani=true&JigyosyoCd=1273500973-00&ServiceCd=780&Type=search" }, "geometry": { "type": "Point", "coordinates": [ 140.299111399999987, 35.6714853 ] } },
{ "type": "Feature", "properties": { "内容": "ういず・ユー　リハビリ・ティ八街【地域密着型通所介護】千葉県八街市八街ほ614-3", "url2": "https://www.kaigokensaku.mhlw.go.jp/12/index.php?action_kouhyou_detail_004_kani=true&JigyosyoCd=1293500169-00&ServiceCd=780&Type=search" }, "geometry": { "type": "Point", "coordinates": [ 140.3116032, 35.6626834 ] } },
{ "type": "Feature", "properties": { "内容": "デイサービス美しの里【地域密着型通所介護】千葉県八街市東吉田635-4", "url2": "https://www.kaigokensaku.mhlw.go.jp/12/index.php?action_kouhyou_detail_004_kani=true&JigyosyoCd=1273501203-00&ServiceCd=780&Type=search" }, "geometry": { "type": "Point", "coordinates": [ 140.312866560049429, 35.642221192677695 ] } },
{ "type": "Feature", "properties": { "内容": "デイサービスゆかり（愉花里）八街【地域密着型通所介護】千葉県八街市八街ほ246-5", "url2": "https://www.kaigokensaku.mhlw.go.jp/12/index.php?action_kouhyou_detail_004_kani=true&JigyosyoCd=1273500676-00&ServiceCd=780&Type=search" }, "geometry": { "type": "Point", "coordinates": [ 140.317806434007224, 35.66085652030732 ] } },
{ "type": "Feature", "properties": { "内容": "生活クラブ風の村デイサ－ビスセンタ－東吉田【地域密着型通所介護】千葉県八街市東吉田519-4", "url2": "https://www.kaigokensaku.mhlw.go.jp/12/index.php?action_kouhyou_detail_004_kani=true&JigyosyoCd=1273500338-00&ServiceCd=780&Type=search" }, "geometry": { "type": "Point", "coordinates": [ 140.311102900000037, 35.6476107 ] } },
{ "type": "Feature", "properties": { "内容": "デイサービスセンターあおぞらケアリハビリ【地域密着型通所介護】千葉県八街市雁丸６９－３", "url2": "https://www.kaigokensaku.mhlw.go.jp/12/index.php?action_kouhyou_detail_004_kani=true&JigyosyoCd=1273500304-00&ServiceCd=780&Type=search" }, "geometry": { "type": "Point", "coordinates": [ 140.31656220000005, 35.686874957569366 ] } },
{ "type": "Feature", "properties": { "内容": "リハビリデイサービスみどり【地域密着型通所介護】千葉県八街市八街ほ３２０番地2", "url2": "https://www.kaigokensaku.mhlw.go.jp/12/index.php?action_kouhyou_detail_004_kani=true&JigyosyoCd=1273501245-00&ServiceCd=780&Type=search" }, "geometry": { "type": "Point", "coordinates": [ 140.3192803, 35.659083500000023 ] } },
{ "type": "Feature", "properties": { "内容": "リハビリ特化型デイサービスハッスルスマイル【地域密着型通所介護】千葉県八街市八街い188-2山田SGビル1F", "url2": "https://www.kaigokensaku.mhlw.go.jp/12/index.php?action_kouhyou_detail_004_kani=true&JigyosyoCd=1273501088-00&ServiceCd=780&Type=search" }, "geometry": { "type": "Point", "coordinates": [ 140.29660709999996, 35.651907 ] } },
{ "type": "Feature", "properties": { "内容": "デイサービス・やまと【地域密着型通所介護】千葉県印西市原山１－１－１渡辺原山ビル１階", "url2": "https://www.kaigokensaku.mhlw.go.jp/12/index.php?action_kouhyou_detail_004_kani=true&JigyosyoCd=1273600476-00&ServiceCd=780&Type=search" }, "geometry": { "type": "Point", "coordinates": [ 140.127844399999958, 35.7979667 ] } },
{ "type": "Feature", "properties": { "内容": "だんらんの家　印西【地域密着型通所介護】千葉県印西市浦幡新田64-7", "url2": "https://www.kaigokensaku.mhlw.go.jp/12/index.php?action_kouhyou_detail_004_kani=true&JigyosyoCd=1293600118-00&ServiceCd=780&Type=search" }, "geometry": { "type": "Point", "coordinates": [ 140.104165400000056, 35.8133391 ] } },
{ "type": "Feature", "properties": { "内容": "デイサービス本舗千葉ニュータウン【地域密着型通所介護】千葉県印西市戸神台２－１６－７", "url2": "https://www.kaigokensaku.mhlw.go.jp/12/index.php?action_kouhyou_detail_004_kani=true&JigyosyoCd=1273600724-00&ServiceCd=780&Type=search" }, "geometry": { "type": "Point", "coordinates": [ 140.1148124, 35.7942088 ] } },
{ "type": "Feature", "properties": { "内容": "リハビリデイ快福庵【地域密着型通所介護】千葉県印西市大森2454-9渡辺店舗1階", "url2": "https://www.kaigokensaku.mhlw.go.jp/12/index.php?action_kouhyou_detail_004_kani=true&JigyosyoCd=1273600807-00&ServiceCd=780&Type=search" }, "geometry": { "type": "Point", "coordinates": [ 140.147568099999944, 35.8340289 ] } },
{ "type": "Feature", "properties": { "内容": "リハビリデイサービス小林【地域密着型通所介護】千葉県印西市小林３３５４－２", "url2": "https://www.kaigokensaku.mhlw.go.jp/12/index.php?action_kouhyou_detail_004_kani=true&JigyosyoCd=1273600799-00&ServiceCd=780&Type=search" }, "geometry": { "type": "Point", "coordinates": [ 140.1920672, 35.8327573 ] } },
{ "type": "Feature", "properties": { "内容": "デイサービスセンターみどり荘【地域密着型通所介護】千葉県印西市大森4476番1", "url2": "https://www.kaigokensaku.mhlw.go.jp/12/index.php?action_kouhyou_detail_004_kani=true&JigyosyoCd=1293600175-00&ServiceCd=780&Type=search" }, "geometry": { "type": "Point", "coordinates": [ 140.1383511, 35.8369899 ] } },
{ "type": "Feature", "properties": { "内容": "デイサービスセンター　ハッピーディ【地域密着型通所介護】千葉県印西市安食卜杭１０００－７デイサービスセンター　ハッピーデイ", "url2": "https://www.kaigokensaku.mhlw.go.jp/12/index.php?action_kouhyou_detail_004_kani=true&JigyosyoCd=1273600369-00&ServiceCd=780&Type=search" }, "geometry": { "type": "Point", "coordinates": [ 140.218861970373013, 35.838326698302645 ] } },
{ "type": "Feature", "properties": { "内容": "ハッピーエブリ印西木下店【地域密着型通所介護】千葉県印西市木下1678-1", "url2": "https://www.kaigokensaku.mhlw.go.jp/12/index.php?action_kouhyou_detail_004_kani=true&JigyosyoCd=1293600142-00&ServiceCd=780&Type=search" }, "geometry": { "type": "Point", "coordinates": [ 140.1470914, 35.8397169 ] } },
{ "type": "Feature", "properties": { "内容": "デイサービスセンターよしきり【地域密着型通所介護】千葉県印西市瀬戸1844番地の2軽費老人ホームよしきり内", "url2": "https://www.kaigokensaku.mhlw.go.jp/12/index.php?action_kouhyou_detail_004_kani=true&JigyosyoCd=1293600126-00&ServiceCd=780&Type=search" }, "geometry": { "type": "Point", "coordinates": [ 140.225318, 35.768804 ] } },
{ "type": "Feature", "properties": { "内容": "デイサービス本舗印西【地域密着型通所介護】千葉県印西市鹿黒南３－２－１１", "url2": "https://www.kaigokensaku.mhlw.go.jp/12/index.php?action_kouhyou_detail_004_kani=true&JigyosyoCd=1293600100-00&ServiceCd=780&Type=search" }, "geometry": { "type": "Point", "coordinates": [ 140.1358088, 35.8182429 ] } },
{ "type": "Feature", "properties": { "内容": "ヤックスデイ印旛日本医大駅前【地域密着型通所介護】千葉県印西市舞姫1-5-1", "url2": "https://www.kaigokensaku.mhlw.go.jp/12/index.php?action_kouhyou_detail_004_kani=true&JigyosyoCd=1273600542-00&ServiceCd=780&Type=search" }, "geometry": { "type": "Point", "coordinates": [ 140.202978299999984, 35.7830308 ] } },
{ "type": "Feature", "properties": { "内容": "リハビリデイアリス【地域密着型通所介護】千葉県印西市原1-2BigHopガーデンモール印西　駅前ﾋﾞﾚｯｼﾞV-109", "url2": "https://www.kaigokensaku.mhlw.go.jp/12/index.php?action_kouhyou_detail_004_kani=true&JigyosyoCd=1293600134-00&ServiceCd=780&Type=search" }, "geometry": { "type": "Point", "coordinates": [ 140.16558292853199, 35.803294694211182 ] } },
{ "type": "Feature", "properties": { "内容": "リハビリデイアリス　草深【地域密着型通所介護】千葉県印西市草深941-21", "url2": "https://www.kaigokensaku.mhlw.go.jp/12/index.php?action_kouhyou_detail_004_kani=true&JigyosyoCd=1293600183-00&ServiceCd=780&Type=search" }, "geometry": { "type": "Point", "coordinates": [ 140.149801599999989, 35.7995528 ] } },
{ "type": "Feature", "properties": { "内容": "デイサービス秋桜【地域密着型通所介護】千葉県印西市小林1645番地1", "url2": "https://www.kaigokensaku.mhlw.go.jp/12/index.php?action_kouhyou_detail_004_kani=true&JigyosyoCd=1273600229-00&ServiceCd=780&Type=search" }, "geometry": { "type": "Point", "coordinates": [ 140.1979308, 35.8265503 ] } },
{ "type": "Feature", "properties": { "内容": "白井デイサービスセンター【地域密着型通所介護】千葉県白井市谷田241", "url2": "https://www.kaigokensaku.mhlw.go.jp/12/index.php?action_kouhyou_detail_004_kani=true&JigyosyoCd=1274200326-00&ServiceCd=780&Type=search" }, "geometry": { "type": "Point", "coordinates": [ 140.0915966, 35.7865425 ] } },
{ "type": "Feature", "properties": { "内容": "デイサービスたんぽぽ２号館【地域密着型通所介護】千葉県白井市神々廻1388-2", "url2": "https://www.kaigokensaku.mhlw.go.jp/12/index.php?action_kouhyou_detail_004_kani=true&JigyosyoCd=1274200458-00&ServiceCd=780&Type=search" }, "geometry": { "type": "Point", "coordinates": [ 140.075444299999958, 35.8031629 ] } },
{ "type": "Feature", "properties": { "内容": "ミニデイサービスあるま【地域密着型通所介護】千葉県白井市七次台1-16-4", "url2": "https://www.kaigokensaku.mhlw.go.jp/12/index.php?action_kouhyou_detail_004_kani=true&JigyosyoCd=1294200165-00&ServiceCd=780&Type=search" }, "geometry": { "type": "Point", "coordinates": [ 140.039532400000013, 35.7939143 ] } },
{ "type": "Feature", "properties": { "内容": "デイサービスたんぽぽ【地域密着型通所介護】千葉県白井市神々廻262", "url2": "https://www.kaigokensaku.mhlw.go.jp/12/index.php?action_kouhyou_detail_004_kani=true&JigyosyoCd=1274200300-00&ServiceCd=780&Type=search" }, "geometry": { "type": "Point", "coordinates": [ 140.07168630000001, 35.8038155 ] } },
{ "type": "Feature", "properties": { "内容": "デイサービスエイム白井【地域密着型通所介護】千葉県白井市西白井３－１２－６", "url2": "https://www.kaigokensaku.mhlw.go.jp/12/index.php?action_kouhyou_detail_004_kani=true&JigyosyoCd=1294200173-00&ServiceCd=780&Type=search" }, "geometry": { "type": "Point", "coordinates": [ 140.0332343, 35.8010348 ] } },
{ "type": "Feature", "properties": { "内容": "デイサービス優楽里【地域密着型通所介護】千葉県白井市根479番地24", "url2": "https://www.kaigokensaku.mhlw.go.jp/12/index.php?action_kouhyou_detail_004_kani=true&JigyosyoCd=1294200124-00&ServiceCd=780&Type=search" }, "geometry": { "type": "Point", "coordinates": [ 140.053148444133313, 35.791508821774968 ] } },
{ "type": "Feature", "properties": { "内容": "デイハウスかめりあ【地域密着型通所介護】千葉県富里市七栄639-6", "url2": "https://www.kaigokensaku.mhlw.go.jp/12/index.php?action_kouhyou_detail_004_kani=true&JigyosyoCd=1274000494-00&ServiceCd=780&Type=search" }, "geometry": { "type": "Point", "coordinates": [ 140.321123, 35.7396652 ] } },
{ "type": "Feature", "properties": { "内容": "デイサービスはぴねす【地域密着型通所介護】千葉県富里市日吉台3丁目34番地10", "url2": "https://www.kaigokensaku.mhlw.go.jp/12/index.php?action_kouhyou_detail_004_kani=true&JigyosyoCd=1294000052-00&ServiceCd=780&Type=search" }, "geometry": { "type": "Point", "coordinates": [ 140.321472500000027, 35.7638147 ] } },
{ "type": "Feature", "properties": { "内容": "デイサービスゆうのわ【地域密着型通所介護】千葉県富里市日吉台4-19-41", "url2": "https://www.kaigokensaku.mhlw.go.jp/12/index.php?action_kouhyou_detail_004_kani=true&JigyosyoCd=1294000060-00&ServiceCd=780&Type=search" }, "geometry": { "type": "Point", "coordinates": [ 140.3193004, 35.7652141 ] } },
{ "type": "Feature", "properties": { "内容": "イルカの家デイサービス【地域密着型通所介護】千葉県富里市日吉倉３０１４番地１１", "url2": "https://www.kaigokensaku.mhlw.go.jp/12/index.php?action_kouhyou_detail_004_kani=true&JigyosyoCd=1274000429-00&ServiceCd=780&Type=search" }, "geometry": { "type": "Point", "coordinates": [ 140.324427300000025, 35.7733914 ] } },
{ "type": "Feature", "properties": { "内容": "デイサービスあきばさん家【地域密着型通所介護】千葉県富里市七栄188番地4", "url2": "https://www.kaigokensaku.mhlw.go.jp/12/index.php?action_kouhyou_detail_004_kani=true&JigyosyoCd=1294000029-00&ServiceCd=780&Type=search" }, "geometry": { "type": "Point", "coordinates": [ 140.322187871896688, 35.735003286332955 ] } },
{ "type": "Feature", "properties": { "内容": "宅老所あきばさん家【地域密着型通所介護】千葉県富里市七栄323番地10", "url2": "https://www.kaigokensaku.mhlw.go.jp/12/index.php?action_kouhyou_detail_004_kani=true&JigyosyoCd=1294000086-00&ServiceCd=780&Type=search" }, "geometry": { "type": "Point", "coordinates": [ 140.31990490000004, 35.745170799999983 ] } },
{ "type": "Feature", "properties": { "内容": "デイサービスみどり【地域密着型通所介護】千葉県南房総市千倉町南朝夷1582-1", "url2": "https://www.kaigokensaku.mhlw.go.jp/12/index.php?action_kouhyou_detail_004_kani=true&JigyosyoCd=1278800253-00&ServiceCd=780&Type=search" }, "geometry": { "type": "Point", "coordinates": [ 139.955932627825177, 34.96043098220786 ] } },
{ "type": "Feature", "properties": { "内容": "千倉デイサービスセンター【地域密着型通所介護】千葉県南房総市千倉町瀬戸2344-26", "url2": "https://www.kaigokensaku.mhlw.go.jp/12/index.php?action_kouhyou_detail_004_kani=true&JigyosyoCd=1298800192-00&ServiceCd=780&Type=search" }, "geometry": { "type": "Point", "coordinates": [ 139.9585198, 34.9746301 ] } },
{ "type": "Feature", "properties": { "内容": "デイサービス　りぼん【地域密着型通所介護】千葉県南房総市上滝田1776", "url2": "https://www.kaigokensaku.mhlw.go.jp/12/index.php?action_kouhyou_detail_004_kani=true&JigyosyoCd=1278800345-00&ServiceCd=780&Type=search" }, "geometry": { "type": "Point", "coordinates": [ 139.89818850000006, 35.0620883 ] } },
{ "type": "Feature", "properties": { "内容": "デイサービスセンター　リブチャペル丸山【地域密着型通所介護】千葉県南房総市安馬谷2119", "url2": "https://www.kaigokensaku.mhlw.go.jp/12/index.php?action_kouhyou_detail_004_kani=true&JigyosyoCd=1278300080-00&ServiceCd=780&Type=search" }, "geometry": { "type": "Point", "coordinates": [ 139.968352, 35.013696400000015 ] } },
{ "type": "Feature", "properties": { "内容": "花の谷クリニック　庄左ヱ門デイセンター【地域密着型通所介護】千葉県南房総市千倉町白子2446", "url2": "https://www.kaigokensaku.mhlw.go.jp/12/index.php?action_kouhyou_detail_004_kani=true&JigyosyoCd=1278800014-00&ServiceCd=780&Type=search" }, "geometry": { "type": "Point", "coordinates": [ 139.9691981, 34.9855089 ] } },
{ "type": "Feature", "properties": { "内容": "デイサービスセンター千倉苑【地域密着型通所介護】千葉県南房総市千倉町瀬戸字浜田２７１２－２４", "url2": "https://www.kaigokensaku.mhlw.go.jp/12/index.php?action_kouhyou_detail_004_kani=true&JigyosyoCd=1278200132-00&ServiceCd=780&Type=search" }, "geometry": { "type": "Point", "coordinates": [ 139.959752, 34.9706424 ] } },
{ "type": "Feature", "properties": { "内容": "ひとはな【地域密着型通所介護】千葉県南房総市川戸258", "url2": "https://www.kaigokensaku.mhlw.go.jp/12/index.php?action_kouhyou_detail_004_kani=true&JigyosyoCd=1278800436-00&ServiceCd=780&Type=search" }, "geometry": { "type": "Point", "coordinates": [ 139.934539125795027, 34.974116082656536 ] } },
{ "type": "Feature", "properties": { "内容": "デイサービスしおのねケアセンター【地域密着型通所介護】千葉県南房総市白子2133しおのね　ケアセンター", "url2": "https://www.kaigokensaku.mhlw.go.jp/12/index.php?action_kouhyou_detail_004_kani=true&JigyosyoCd=1278800386-00&ServiceCd=780&Type=search" }, "geometry": { "type": "Point", "coordinates": [ 139.974120704507385, 35.004419474126003 ] } },
{ "type": "Feature", "properties": { "内容": "中原デイサービスセンター【地域密着型通所介護】千葉県南房総市和田町黒岩９番地1", "url2": "https://www.kaigokensaku.mhlw.go.jp/12/index.php?action_kouhyou_detail_004_kani=true&JigyosyoCd=1278800246-00&ServiceCd=780&Type=search" }, "geometry": { "type": "Point", "coordinates": [ 139.9923431, 35.044702 ] } },
{ "type": "Feature", "properties": { "内容": "リハリハ千倉【地域密着型通所介護】千葉県南房総市千倉町大貫590-1", "url2": "https://www.kaigokensaku.mhlw.go.jp/12/index.php?action_kouhyou_detail_004_kani=true&JigyosyoCd=1298800168-00&ServiceCd=780&Type=search" }, "geometry": { "type": "Point", "coordinates": [ 139.921243525674527, 34.974133485742684 ] } },
{ "type": "Feature", "properties": { "内容": "デイサービス柚庵【地域密着型通所介護】千葉県匝瑳市堀川3985-1", "url2": "https://www.kaigokensaku.mhlw.go.jp/12/index.php?action_kouhyou_detail_004_kani=true&JigyosyoCd=1278700164-00&ServiceCd=780&Type=search" }, "geometry": { "type": "Point", "coordinates": [ 140.541693, 35.6515884 ] } },
{ "type": "Feature", "properties": { "内容": "運動・リハビリ特化型デイサービス・アイフィットネス飯倉台【地域密着型通所介護】千葉県匝瑳市飯倉台49-7", "url2": "https://www.kaigokensaku.mhlw.go.jp/12/index.php?action_kouhyou_detail_004_kani=true&JigyosyoCd=1298700129-00&ServiceCd=780&Type=search" }, "geometry": { "type": "Point", "coordinates": [ 140.520695, 35.6870581 ] } },
{ "type": "Feature", "properties": { "内容": "運動・リハビリ特化型デイサービス　アイフィットネス匝瑳【地域密着型通所介護】千葉県匝瑳市高741-2", "url2": "https://www.kaigokensaku.mhlw.go.jp/12/index.php?action_kouhyou_detail_004_kani=true&JigyosyoCd=1298700095-00&ServiceCd=780&Type=search" }, "geometry": { "type": "Point", "coordinates": [ 140.547431800000027, 35.6810756 ] } },
{ "type": "Feature", "properties": { "内容": "ケアスタッフ匝瑳【地域密着型通所介護】千葉県匝瑳市飯倉1555-1", "url2": "https://www.kaigokensaku.mhlw.go.jp/12/index.php?action_kouhyou_detail_004_kani=true&JigyosyoCd=1271900274-00&ServiceCd=780&Type=search" }, "geometry": { "type": "Point", "coordinates": [ 140.518481982595489, 35.699851168772405 ] } },
{ "type": "Feature", "properties": { "内容": "デイサービス希望の湯【地域密着型通所介護】千葉県匝瑳市栢田7952-277", "url2": "https://www.kaigokensaku.mhlw.go.jp/12/index.php?action_kouhyou_detail_004_kani=true&JigyosyoCd=1278700107-00&ServiceCd=780&Type=search" }, "geometry": { "type": "Point", "coordinates": [ 140.5588818, 35.6326696 ] } },
{ "type": "Feature", "properties": { "内容": "デイサービスのさか【地域密着型通所介護】千葉県匝瑳市今泉7193", "url2": "https://www.kaigokensaku.mhlw.go.jp/12/index.php?action_kouhyou_detail_004_kani=true&JigyosyoCd=1298700087-00&ServiceCd=780&Type=search" }, "geometry": { "type": "Point", "coordinates": [ 140.580977800000028, 35.649757899999983 ] } },
{ "type": "Feature", "properties": { "内容": "デイサービスセンター花園【地域密着型通所介護】千葉県匝瑳市野手１９８６番地１", "url2": "https://www.kaigokensaku.mhlw.go.jp/12/index.php?action_kouhyou_detail_004_kani=true&JigyosyoCd=1275700076-00&ServiceCd=780&Type=search" }, "geometry": { "type": "Point", "coordinates": [ 140.5859954, 35.6628422 ] } },
{ "type": "Feature", "properties": { "内容": "デイサービスセンターあまどころ【地域密着型通所介護】千葉県匝瑳市野手１７１４６－９３７", "url2": "https://www.kaigokensaku.mhlw.go.jp/12/index.php?action_kouhyou_detail_004_kani=true&JigyosyoCd=1278700065-00&ServiceCd=780&Type=search" }, "geometry": { "type": "Point", "coordinates": [ 140.599514938403331, 35.659337561696432 ] } },
{ "type": "Feature", "properties": { "内容": "デイサービスあお葉【地域密着型通所介護】千葉県香取市府馬242-1", "url2": "https://www.kaigokensaku.mhlw.go.jp/12/index.php?action_kouhyou_detail_004_kani=true&JigyosyoCd=1278900525-00&ServiceCd=780&Type=search" }, "geometry": { "type": "Point", "coordinates": [ 140.601691499999987, 35.8089882 ] } },
{ "type": "Feature", "properties": { "内容": "ハッピーエブリ香取佐原店【地域密着型通所介護】千葉県香取市佐原イ3307", "url2": "https://www.kaigokensaku.mhlw.go.jp/12/index.php?action_kouhyou_detail_004_kani=true&JigyosyoCd=1298900158-00&ServiceCd=780&Type=search" }, "geometry": { "type": "Point", "coordinates": [ 140.5039275, 35.888653 ] } },
{ "type": "Feature", "properties": { "内容": "デイサービス赤とんぼ【地域密着型通所介護】千葉県香取市小見川５６１２－１５", "url2": "https://www.kaigokensaku.mhlw.go.jp/12/index.php?action_kouhyou_detail_004_kani=true&JigyosyoCd=1274800166-00&ServiceCd=780&Type=search" }, "geometry": { "type": "Point", "coordinates": [ 140.608422499999961, 35.861381 ] } },
{ "type": "Feature", "properties": { "内容": "デイサービスしえるのお庭【地域密着型通所介護】千葉県香取市沢１２－５ここあんすの家", "url2": "https://www.kaigokensaku.mhlw.go.jp/12/index.php?action_kouhyou_detail_004_kani=true&JigyosyoCd=1278900426-00&ServiceCd=780&Type=search" }, "geometry": { "type": "Point", "coordinates": [ 140.4851711, 35.808329799999974 ] } },
{ "type": "Feature", "properties": { "内容": "デイサービス楽らクラブ【地域密着型通所介護】千葉県香取市森戸２０番地４", "url2": "https://www.kaigokensaku.mhlw.go.jp/12/index.php?action_kouhyou_detail_004_kani=true&JigyosyoCd=1278900467-00&ServiceCd=780&Type=search" }, "geometry": { "type": "Point", "coordinates": [ 140.465105200000039, 35.8962623 ] } },
{ "type": "Feature", "properties": { "内容": "リハビリケアセンター奏【地域密着型通所介護】千葉県香取市香取1762－1", "url2": "https://www.kaigokensaku.mhlw.go.jp/12/index.php?action_kouhyou_detail_004_kani=true&JigyosyoCd=1291400016-00&ServiceCd=780&Type=search" }, "geometry": { "type": "Point", "coordinates": [ 140.527984400000037, 35.8829767 ] } },
{ "type": "Feature", "properties": { "内容": "エクセルシオール佐原デイサービス【地域密着型通所介護】千葉県香取市佐原ハ4491", "url2": "https://www.kaigokensaku.mhlw.go.jp/12/index.php?action_kouhyou_detail_004_kani=true&JigyosyoCd=1278900129-00&ServiceCd=780&Type=search" }, "geometry": { "type": "Point", "coordinates": [ 140.5226202, 35.9294655 ] } },
{ "type": "Feature", "properties": { "内容": "脳トレデイサービスえんがわ【地域密着型通所介護】千葉県香取市佐原イ3214-1", "url2": "https://www.kaigokensaku.mhlw.go.jp/12/index.php?action_kouhyou_detail_004_kani=true&JigyosyoCd=1298900190-00&ServiceCd=780&Type=search" }, "geometry": { "type": "Point", "coordinates": [ 140.506901, 35.8890288 ] } },
{ "type": "Feature", "properties": { "内容": "ハッピーエブリ香取小見川店【地域密着型通所介護】千葉県香取市分郷1-9", "url2": "https://www.kaigokensaku.mhlw.go.jp/12/index.php?action_kouhyou_detail_004_kani=true&JigyosyoCd=1298900174-00&ServiceCd=780&Type=search" }, "geometry": { "type": "Point", "coordinates": [ 140.5990663, 35.8601712 ] } },
{ "type": "Feature", "properties": { "内容": "フレンド88【地域密着型通所介護】千葉県香取市野田８８", "url2": "https://www.kaigokensaku.mhlw.go.jp/12/index.php?action_kouhyou_detail_004_kani=true&JigyosyoCd=1278900269-00&ServiceCd=780&Type=search" }, "geometry": { "type": "Point", "coordinates": [ 140.598626700000068, 35.8541066 ] } },
{ "type": "Feature", "properties": { "内容": "青松苑デイサービスセンター【地域密着型通所介護】千葉県山武市木戸848", "url2": "https://www.kaigokensaku.mhlw.go.jp/12/index.php?action_kouhyou_detail_004_kani=true&JigyosyoCd=1299000099-00&ServiceCd=780&Type=search" }, "geometry": { "type": "Point", "coordinates": [ 140.4888416, 35.581111 ] } },
{ "type": "Feature", "properties": { "内容": "デイサービス福禄寿【地域密着型通所介護】千葉県山武市成東156-1", "url2": "https://www.kaigokensaku.mhlw.go.jp/12/index.php?action_kouhyou_detail_004_kani=true&JigyosyoCd=1279000267-00&ServiceCd=780&Type=search" }, "geometry": { "type": "Point", "coordinates": [ 140.409054400000059, 35.6009364 ] } },
{ "type": "Feature", "properties": { "内容": "すこやかデイサービスセンター松尾【地域密着型通所介護】千葉県山武市松尾町大堤567-1", "url2": "https://www.kaigokensaku.mhlw.go.jp/12/index.php?action_kouhyou_detail_004_kani=true&JigyosyoCd=1279000069-00&ServiceCd=780&Type=search" }, "geometry": { "type": "Point", "coordinates": [ 140.453831700000023, 35.638908600000022 ] } },
{ "type": "Feature", "properties": { "内容": "デイサービス渚【地域密着型通所介護】千葉県山武市本須賀３８４１－５１", "url2": "https://www.kaigokensaku.mhlw.go.jp/12/index.php?action_kouhyou_detail_004_kani=true&JigyosyoCd=1279000127-00&ServiceCd=780&Type=search" }, "geometry": { "type": "Point", "coordinates": [ 140.469266699999906, 35.5541133 ] } },
{ "type": "Feature", "properties": { "内容": "デイサービスセンターこころ【地域密着型通所介護】千葉県山武市松尾町武野里1050", "url2": "https://www.kaigokensaku.mhlw.go.jp/12/index.php?action_kouhyou_detail_004_kani=true&JigyosyoCd=1279000101-00&ServiceCd=780&Type=search" }, "geometry": { "type": "Point", "coordinates": [ 140.495107, 35.6337111 ] } },
{ "type": "Feature", "properties": { "内容": "運動リハビリデイサービスハッスルスマイル山武【地域密着型通所介護】千葉県山武市成東1175-3", "url2": "https://www.kaigokensaku.mhlw.go.jp/12/index.php?action_kouhyou_detail_004_kani=true&JigyosyoCd=1299000065-00&ServiceCd=780&Type=search" }, "geometry": { "type": "Point", "coordinates": [ 140.398792299999968, 35.594045800000025 ] } },
{ "type": "Feature", "properties": { "内容": "デイサービスセンター　花の岡【地域密着型通所介護】千葉県いすみ市高谷　123-1", "url2": "https://www.kaigokensaku.mhlw.go.jp/12/index.php?action_kouhyou_detail_004_kani=true&JigyosyoCd=1277500078-00&ServiceCd=780&Type=search" }, "geometry": { "type": "Point", "coordinates": [ 140.341316099999972, 35.2671622 ] } },
{ "type": "Feature", "properties": { "内容": "共生ホームたけんこデイサービス【地域密着型通所介護】千葉県いすみ市山田5897", "url2": "https://www.kaigokensaku.mhlw.go.jp/12/index.php?action_kouhyou_detail_004_kani=true&JigyosyoCd=1278600273-00&ServiceCd=780&Type=search" }, "geometry": { "type": "Point", "coordinates": [ 140.312066700000059, 35.2423356 ] } },
{ "type": "Feature", "properties": { "内容": "らいふデイサービス【地域密着型通所介護】千葉県いすみ市日在649-10", "url2": "https://www.kaigokensaku.mhlw.go.jp/12/index.php?action_kouhyou_detail_004_kani=true&JigyosyoCd=1298600097-00&ServiceCd=780&Type=search" }, "geometry": { "type": "Point", "coordinates": [ 140.389989499999956, 35.275139 ] } },
{ "type": "Feature", "properties": { "内容": "デイサービスセンターいっぷく【地域密着型通所介護】千葉県いすみ市下布施２２３３番地", "url2": "https://www.kaigokensaku.mhlw.go.jp/12/index.php?action_kouhyou_detail_004_kani=true&JigyosyoCd=1278600364-00&ServiceCd=780&Type=search" }, "geometry": { "type": "Point", "coordinates": [ 140.351183799999944, 35.2317777 ] } },
{ "type": "Feature", "properties": { "内容": "デイサービスセンター茶ノ木台くらぶ【地域密着型通所介護】千葉県いすみ市山田6033番地2", "url2": "https://www.kaigokensaku.mhlw.go.jp/12/index.php?action_kouhyou_detail_004_kani=true&JigyosyoCd=1277500177-00&ServiceCd=780&Type=search" }, "geometry": { "type": "Point", "coordinates": [ 140.315458985319566, 35.247162252295006 ] } },
{ "type": "Feature", "properties": { "内容": "リハビリデイサービスMediFit【地域密着型通所介護】千葉県いすみ市大原9456-1", "url2": "https://www.kaigokensaku.mhlw.go.jp/12/index.php?action_kouhyou_detail_004_kani=true&JigyosyoCd=1278600372-00&ServiceCd=780&Type=search" }, "geometry": { "type": "Point", "coordinates": [ 140.393419732605821, 35.244719389519226 ] } },
{ "type": "Feature", "properties": { "内容": "リハビリデイサービスさとう【地域密着型通所介護】千葉県いすみ市刈谷1083-2", "url2": "https://www.kaigokensaku.mhlw.go.jp/12/index.php?action_kouhyou_detail_004_kani=true&JigyosyoCd=1278600349-00&ServiceCd=780&Type=search" }, "geometry": { "type": "Point", "coordinates": [ 140.30612997881002, 35.282736126597705 ] } },
{ "type": "Feature", "properties": { "内容": "みさきの里デイサービスセンター【地域密着型通所介護】千葉県いすみ市岬町押日16-1", "url2": "https://www.kaigokensaku.mhlw.go.jp/12/index.php?action_kouhyou_detail_004_kani=true&JigyosyoCd=1278600190-00&ServiceCd=780&Type=search" }, "geometry": { "type": "Point", "coordinates": [ 140.37809059999995, 35.3001194 ] } },
{ "type": "Feature", "properties": { "内容": "デイサービスはなばたけ【地域密着型通所介護】千葉県大網白里市九十根409", "url2": "https://www.kaigokensaku.mhlw.go.jp/12/index.php?action_kouhyou_detail_004_kani=true&JigyosyoCd=1279200032-00&ServiceCd=780&Type=search" }, "geometry": { "type": "Point", "coordinates": [ 140.380075913244553, 35.511733636466715 ] } },
{ "type": "Feature", "properties": { "内容": "デイサービスセンター真心【地域密着型通所介護】千葉県大網白里市南横川3106-5", "url2": "https://www.kaigokensaku.mhlw.go.jp/12/index.php?action_kouhyou_detail_004_kani=true&JigyosyoCd=1299200053-00&ServiceCd=780&Type=search" }, "geometry": { "type": "Point", "coordinates": [ 140.344091100000014, 35.4899886 ] } },
{ "type": "Feature", "properties": { "内容": "KENKOウォーク大網白里【地域密着型通所介護】千葉県大網白里市大網891-101階", "url2": "https://www.kaigokensaku.mhlw.go.jp/12/index.php?action_kouhyou_detail_004_kani=true&JigyosyoCd=1299200020-00&ServiceCd=780&Type=search" }, "geometry": { "type": "Point", "coordinates": [ 140.323486, 35.5221087 ] } },
{ "type": "Feature", "properties": { "内容": "サンイーストながた野【地域密着型通所介護】千葉県大網白里市ながた野2丁目9番地８", "url2": "https://www.kaigokensaku.mhlw.go.jp/12/index.php?action_kouhyou_detail_004_kani=true&JigyosyoCd=1299200038-00&ServiceCd=780&Type=search" }, "geometry": { "type": "Point", "coordinates": [ 140.313618099999985, 35.5043094 ] } },
{ "type": "Feature", "properties": { "内容": "デイサービスきずな【地域密着型通所介護】千葉県大網白里市経田70-13", "url2": "https://www.kaigokensaku.mhlw.go.jp/12/index.php?action_kouhyou_detail_004_kani=true&JigyosyoCd=1275800900-00&ServiceCd=780&Type=search" }, "geometry": { "type": "Point", "coordinates": [ 140.322052, 35.514467 ] } },
{ "type": "Feature", "properties": { "内容": "ありあ【地域密着型通所介護】千葉県大網白里市大網２６８ー２", "url2": "https://www.kaigokensaku.mhlw.go.jp/12/index.php?action_kouhyou_detail_004_kani=true&JigyosyoCd=1279200206-00&ServiceCd=780&Type=search" }, "geometry": { "type": "Point", "coordinates": [ 140.3206707, 35.5239813 ] } },
{ "type": "Feature", "properties": { "内容": "イオンスマイル大網白里SC店【地域密着型通所介護】千葉県大網白里市みやこ野1-1-2イオン大網白里店3階", "url2": "https://www.kaigokensaku.mhlw.go.jp/12/index.php?action_kouhyou_detail_004_kani=true&JigyosyoCd=1279200560-00&ServiceCd=780&Type=search" }, "geometry": { "type": "Point", "coordinates": [ 140.3148069, 35.5190621 ] } },
{ "type": "Feature", "properties": { "内容": "デイサービスあさひ【地域密着型通所介護】千葉県大網白里市柿餅１３１－１８", "url2": "https://www.kaigokensaku.mhlw.go.jp/12/index.php?action_kouhyou_detail_004_kani=true&JigyosyoCd=1279200073-00&ServiceCd=780&Type=search" }, "geometry": { "type": "Point", "coordinates": [ 140.347902, 35.5134684 ] } },
{ "type": "Feature", "properties": { "内容": "デイサービスマミイズサロン【地域密着型通所介護】千葉県大網白里市みずほ台２－１８－２０", "url2": "https://www.kaigokensaku.mhlw.go.jp/12/index.php?action_kouhyou_detail_004_kani=true&JigyosyoCd=1275800587-00&ServiceCd=780&Type=search" }, "geometry": { "type": "Point", "coordinates": [ 140.302503399999978, 35.5124999 ] } },
{ "type": "Feature", "properties": { "内容": "デイサービスセンターはちこくの里【地域密着型通所介護】千葉県印旛郡酒々井町墨１４２番地", "url2": "https://www.kaigokensaku.mhlw.go.jp/12/index.php?action_kouhyou_detail_004_kani=true&JigyosyoCd=1273900140-00&ServiceCd=780&Type=search" }, "geometry": { "type": "Point", "coordinates": [ 140.275660099999982, 35.718183 ] } },
{ "type": "Feature", "properties": { "内容": "デイサービスセンタードリーム【地域密着型通所介護】千葉県印旛郡酒々井町酒々井825-6", "url2": "https://www.kaigokensaku.mhlw.go.jp/12/index.php?action_kouhyou_detail_004_kani=true&JigyosyoCd=1273900231-00&ServiceCd=780&Type=search" }, "geometry": { "type": "Point", "coordinates": [ 140.270938099999967, 35.7318008 ] } },
{ "type": "Feature", "properties": { "内容": "介護センター仙寿【地域密着型通所介護】千葉県印旛郡酒々井町上岩橋1340-1", "url2": "https://www.kaigokensaku.mhlw.go.jp/12/index.php?action_kouhyou_detail_004_kani=true&JigyosyoCd=1273900249-00&ServiceCd=780&Type=search" }, "geometry": { "type": "Point", "coordinates": [ 140.279907143105902, 35.733575897205846 ] } },
{ "type": "Feature", "properties": { "内容": "ケア・ファミリーさくら【地域密着型通所介護】千葉県印旛郡酒々井町中央台3-3-2", "url2": "https://www.kaigokensaku.mhlw.go.jp/12/index.php?action_kouhyou_detail_004_kani=true&JigyosyoCd=1273900215-00&ServiceCd=780&Type=search" }, "geometry": { "type": "Point", "coordinates": [ 140.27088260000005, 35.7285956 ] } },
{ "type": "Feature", "properties": { "内容": "ケア・ホームさくらんぼ【地域密着型通所介護】千葉県印旛郡酒々井町中央台3-3-2", "url2": "https://www.kaigokensaku.mhlw.go.jp/12/index.php?action_kouhyou_detail_004_kani=true&JigyosyoCd=1273900199-00&ServiceCd=780&Type=search" }, "geometry": { "type": "Point", "coordinates": [ 140.27088260000005, 35.7285956 ] } },
{ "type": "Feature", "properties": { "内容": "酒々井リハステーション光【地域密着型通所介護】千葉県印旛郡酒々井町上岩橋163-9", "url2": "https://www.kaigokensaku.mhlw.go.jp/12/index.php?action_kouhyou_detail_004_kani=true&JigyosyoCd=1273900280-00&ServiceCd=780&Type=search" }, "geometry": { "type": "Point", "coordinates": [ 140.271264189109473, 35.741371436447665 ] } },
{ "type": "Feature", "properties": { "内容": "介護センターポピー【地域密着型通所介護】千葉県印旛郡酒々井町上岩橋１３０７－３", "url2": "https://www.kaigokensaku.mhlw.go.jp/12/index.php?action_kouhyou_detail_004_kani=true&JigyosyoCd=1273900124-00&ServiceCd=780&Type=search" }, "geometry": { "type": "Point", "coordinates": [ 140.278651200000013, 35.7351981 ] } },
{ "type": "Feature", "properties": { "内容": "ほがらかデイサービス【地域密着型通所介護】千葉県印旛郡栄町安食ト杭新田９０４番地", "url2": "https://www.kaigokensaku.mhlw.go.jp/12/index.php?action_kouhyou_detail_004_kani=true&JigyosyoCd=1274400157-00&ServiceCd=780&Type=search" }, "geometry": { "type": "Point", "coordinates": [ 140.233460140739453, 35.840675265465158 ] } },
{ "type": "Feature", "properties": { "内容": "園芸デイサービス宝の里【地域密着型通所介護】千葉県香取郡神崎町新365-5", "url2": "https://www.kaigokensaku.mhlw.go.jp/12/index.php?action_kouhyou_detail_004_kani=true&JigyosyoCd=1294600034-00&ServiceCd=780&Type=search" }, "geometry": { "type": "Point", "coordinates": [ 140.421195, 35.8776745 ] } },
{ "type": "Feature", "properties": { "内容": "リハビリ特化型デイサービスリハビリセンター神崎【地域密着型通所介護】千葉県香取郡神崎町神崎本宿字上宿2070-2-1", "url2": "https://www.kaigokensaku.mhlw.go.jp/12/index.php?action_kouhyou_detail_004_kani=true&JigyosyoCd=1274600087-00&ServiceCd=780&Type=search" }, "geometry": { "type": "Point", "coordinates": [ 140.401768106116833, 35.904751802604537 ] } },
{ "type": "Feature", "properties": { "内容": "木もれびの家【地域密着型通所介護】千葉県香取郡多古町喜多５７６", "url2": "https://www.kaigokensaku.mhlw.go.jp/12/index.php?action_kouhyou_detail_004_kani=true&JigyosyoCd=1275100103-00&ServiceCd=780&Type=search" }, "geometry": { "type": "Point", "coordinates": [ 140.450112200000035, 35.7409963 ] } },
{ "type": "Feature", "properties": { "内容": "ケアスタッフ多古【地域密着型通所介護】千葉県香取郡多古町染井７６１", "url2": "https://www.kaigokensaku.mhlw.go.jp/12/index.php?action_kouhyou_detail_004_kani=true&JigyosyoCd=1275100079-00&ServiceCd=780&Type=search" }, "geometry": { "type": "Point", "coordinates": [ 140.461032874851441, 35.74580817497764 ] } },
{ "type": "Feature", "properties": { "内容": "デイサービスたちばな【地域密着型通所介護】千葉県香取郡東庄町羽計６８０－２", "url2": "https://www.kaigokensaku.mhlw.go.jp/12/index.php?action_kouhyou_detail_004_kani=true&JigyosyoCd=1295300048-00&ServiceCd=780&Type=search" }, "geometry": { "type": "Point", "coordinates": [ 140.6794552, 35.8246523 ] } },
{ "type": "Feature", "properties": { "内容": "リハビリケアセンター東庄【地域密着型通所介護】千葉県香取郡東庄町笹川い757", "url2": "https://www.kaigokensaku.mhlw.go.jp/12/index.php?action_kouhyou_detail_004_kani=true&JigyosyoCd=1295300089-00&ServiceCd=780&Type=search" }, "geometry": { "type": "Point", "coordinates": [ 140.6565378, 35.8377769 ] } },
{ "type": "Feature", "properties": { "内容": "リハビリデイサービスＮＥＸＴ東庄【地域密着型通所介護】千葉県香取郡東庄町笹川い757", "url2": "https://www.kaigokensaku.mhlw.go.jp/12/index.php?action_kouhyou_detail_004_kani=true&JigyosyoCd=1275300174-00&ServiceCd=780&Type=search" }, "geometry": { "type": "Point", "coordinates": [ 140.656536692676383, 35.83781073358827 ] } },
{ "type": "Feature", "properties": { "内容": "デイサービス遊ＹＯＵ【地域密着型通所介護】千葉県香取郡東庄町笹川い６６６", "url2": "https://www.kaigokensaku.mhlw.go.jp/12/index.php?action_kouhyou_detail_004_kani=true&JigyosyoCd=1295300055-00&ServiceCd=780&Type=search" }, "geometry": { "type": "Point", "coordinates": [ 140.6608434, 35.8410856 ] } },
{ "type": "Feature", "properties": { "内容": "お泊りデイ遊ＹＯＵアクティブ【地域密着型通所介護】千葉県香取郡東庄町笹川い573-4", "url2": "https://www.kaigokensaku.mhlw.go.jp/12/index.php?action_kouhyou_detail_004_kani=true&JigyosyoCd=1295300097-00&ServiceCd=780&Type=search" }, "geometry": { "type": "Point", "coordinates": [ 140.6593493, 35.8406655 ] } },
{ "type": "Feature", "properties": { "内容": "神代の森デイサービス【地域密着型通所介護】千葉県香取郡東庄町窪野谷1661", "url2": "https://www.kaigokensaku.mhlw.go.jp/12/index.php?action_kouhyou_detail_004_kani=true&JigyosyoCd=1295300063-00&ServiceCd=780&Type=search" }, "geometry": { "type": "Point", "coordinates": [ 140.6459423, 35.805294500000045 ] } },
{ "type": "Feature", "properties": { "内容": "デイサービス九十九里【地域密着型通所介護】千葉県山武郡九十九里町小関2347-19", "url2": "https://www.kaigokensaku.mhlw.go.jp/12/index.php?action_kouhyou_detail_004_kani=true&JigyosyoCd=1295900011-00&ServiceCd=780&Type=search" }, "geometry": { "type": "Point", "coordinates": [ 140.456162400000039, 35.5381234 ] } },
{ "type": "Feature", "properties": { "内容": "デイサービス結【地域密着型通所介護】千葉県山武郡九十九里町小関2326", "url2": "https://www.kaigokensaku.mhlw.go.jp/12/index.php?action_kouhyou_detail_004_kani=true&JigyosyoCd=1275900437-00&ServiceCd=780&Type=search" }, "geometry": { "type": "Point", "coordinates": [ 140.454731600000059, 35.538604 ] } },
{ "type": "Feature", "properties": { "内容": "九十九里デイサービスセンター【地域密着型通所介護】千葉県山武郡九十九里町片貝2905", "url2": "https://www.kaigokensaku.mhlw.go.jp/12/index.php?action_kouhyou_detail_004_kani=true&JigyosyoCd=1275900197-00&ServiceCd=780&Type=search" }, "geometry": { "type": "Point", "coordinates": [ 140.440747200000033, 35.5344345 ] } },
{ "type": "Feature", "properties": { "内容": "デイサービスセンター芝山苑【地域密着型通所介護】千葉県山武郡芝山町山中字池ノ谷１３３７番１", "url2": "https://www.kaigokensaku.mhlw.go.jp/12/index.php?action_kouhyou_detail_004_kani=true&JigyosyoCd=1276500020-00&ServiceCd=780&Type=search" }, "geometry": { "type": "Point", "coordinates": [ 140.434327199999984, 35.6960811 ] } },
{ "type": "Feature", "properties": { "内容": "デイサービスセンター三愛【地域密着型通所介護】千葉県山武郡横芝光町栗山2700", "url2": "https://www.kaigokensaku.mhlw.go.jp/12/index.php?action_kouhyou_detail_004_kani=true&JigyosyoCd=1276400155-00&ServiceCd=780&Type=search" }, "geometry": { "type": "Point", "coordinates": [ 140.495202699999936, 35.6581924 ] } },
{ "type": "Feature", "properties": { "内容": "リハビリデイサービスアクティブ【地域密着型通所介護】千葉県山武郡横芝光町栗山2955-41", "url2": "https://www.kaigokensaku.mhlw.go.jp/12/index.php?action_kouhyou_detail_004_kani=true&JigyosyoCd=1299100071-00&ServiceCd=780&Type=search" }, "geometry": { "type": "Point", "coordinates": [ 140.497624193147288, 35.658150053427633 ] } },
{ "type": "Feature", "properties": { "内容": "第一光楽園デイサービスセンター【地域密着型通所介護】千葉県山武郡横芝光町木戸9628番地9", "url2": "https://www.kaigokensaku.mhlw.go.jp/12/index.php?action_kouhyou_detail_004_kani=true&JigyosyoCd=1279100208-00&ServiceCd=780&Type=search" }, "geometry": { "type": "Point", "coordinates": [ 140.543035915960672, 35.620787222976759 ] } },
{ "type": "Feature", "properties": { "内容": "茶話処一休【地域密着型通所介護】千葉県山武郡横芝光町木戸１００８７－１", "url2": "https://www.kaigokensaku.mhlw.go.jp/12/index.php?action_kouhyou_detail_004_kani=true&JigyosyoCd=1279100158-00&ServiceCd=780&Type=search" }, "geometry": { "type": "Point", "coordinates": [ 140.531250312489306, 35.630060966450706 ] } },
{ "type": "Feature", "properties": { "内容": "介護ステーションよつば【地域密着型通所介護】千葉県長生郡一宮町一宮8667-8", "url2": "https://www.kaigokensaku.mhlw.go.jp/12/index.php?action_kouhyou_detail_004_kani=true&JigyosyoCd=1276600150-00&ServiceCd=780&Type=search" }, "geometry": { "type": "Point", "coordinates": [ 140.346801100000022, 35.3723264 ] } },
{ "type": "Feature", "properties": { "内容": "通所介護ハートライフ【地域密着型通所介護】千葉県長生郡一宮町船頭給230-2", "url2": "https://www.kaigokensaku.mhlw.go.jp/12/index.php?action_kouhyou_detail_004_kani=true&JigyosyoCd=1276600184-00&ServiceCd=780&Type=search" }, "geometry": { "type": "Point", "coordinates": [ 140.367462, 35.3826192 ] } },
{ "type": "Feature", "properties": { "内容": "デイサービスこだま【地域密着型通所介護】千葉県長生郡睦沢町北山田172", "url2": "https://www.kaigokensaku.mhlw.go.jp/12/index.php?action_kouhyou_detail_004_kani=true&JigyosyoCd=1276700083-00&ServiceCd=780&Type=search" }, "geometry": { "type": "Point", "coordinates": [ 140.324537752114907, 35.374482100201696 ] } },
{ "type": "Feature", "properties": { "内容": "介護サービスいちご【地域密着型通所介護】千葉県長生郡白子町浜宿４１-38", "url2": "https://www.kaigokensaku.mhlw.go.jp/12/index.php?action_kouhyou_detail_004_kani=true&JigyosyoCd=1276900287-00&ServiceCd=780&Type=search" }, "geometry": { "type": "Point", "coordinates": [ 140.364632600000022, 35.451129299999984 ] } },
{ "type": "Feature", "properties": { "内容": "デイサービスたけの子【地域密着型通所介護】千葉県長生郡長南町長南1320", "url2": "https://www.kaigokensaku.mhlw.go.jp/12/index.php?action_kouhyou_detail_004_kani=true&JigyosyoCd=1277100226-00&ServiceCd=780&Type=search" }, "geometry": { "type": "Point", "coordinates": [ 140.233290099999977, 35.4019406 ] } },
{ "type": "Feature", "properties": { "内容": "デイホーム和らぎ【地域密着型通所介護】千葉県長生郡長南町千手堂４５０－２", "url2": "https://www.kaigokensaku.mhlw.go.jp/12/index.php?action_kouhyou_detail_004_kani=true&JigyosyoCd=1277100135-00&ServiceCd=780&Type=search" }, "geometry": { "type": "Point", "coordinates": [ 140.246888623076956, 35.41029933786826 ] } },
{ "type": "Feature", "properties": { "内容": "デイサービスにじいろ【地域密着型通所介護】千葉県安房郡鋸南町大六52-11", "url2": "https://www.kaigokensaku.mhlw.go.jp/12/index.php?action_kouhyou_detail_004_kani=true&JigyosyoCd=1297900035-00&ServiceCd=780&Type=search" }, "geometry": { "type": "Point", "coordinates": [ 139.835286799999949, 35.1210327 ] } },
{ "type": "Feature", "properties": { "内容": "デイホームのこのこ【地域密着型通所介護】千葉県安房郡鋸南町下佐久間3509-3", "url2": "https://www.kaigokensaku.mhlw.go.jp/12/index.php?action_kouhyou_detail_004_kani=true&JigyosyoCd=1277900153-00&ServiceCd=780&Type=search" }, "geometry": { "type": "Point", "coordinates": [ 139.838748, 35.1130283 ] } },
{ "type": "Feature", "properties": { "内容": "ケアセンターさざなみ【地域密着型通所介護】千葉県安房郡鋸南町勝山413-8", "url2": "https://www.kaigokensaku.mhlw.go.jp/12/index.php?action_kouhyou_detail_004_kani=true&JigyosyoCd=1277900138-00&ServiceCd=780&Type=search" }, "geometry": { "type": "Point", "coordinates": [ 139.826985, 35.1140529 ] } },
{ "type": "Feature", "properties": { "内容": "デイサービスセンターすけっと【地域密着型通所介護】千葉県安房郡鋸南町保田591-68", "url2": "https://www.kaigokensaku.mhlw.go.jp/12/index.php?action_kouhyou_detail_004_kani=true&JigyosyoCd=1277900252-00&ServiceCd=780&Type=search" }, "geometry": { "type": "Point", "coordinates": [ 139.8407905, 35.1426942 ] } }
]
}
